book_id,title,avg_rating,pages,genres,url
20412869.0,Study Guide: The Perks of Being a Wallflower by Stephen Chbosky,3.98,38,Fiction,https://www.goodreads.com/book/show/20412869.0
49676332.0,Study Guide: Nineteen Minutes by Jodi Picoult,4.00,80,,https://www.goodreads.com/book/show/49676332.0
6149.0,Beloved,3.98,325,"Magical Realism, Classics, School",https://www.goodreads.com/book/show/6149.0
19365546.0,Summary & Study Guide Fallout by Ellen Hopkins,4.67,31,,https://www.goodreads.com/book/show/19365546.0
12437190.0,Crank by Ellen Hopkins l Summary & Study Guide,4.60,N/A,,https://www.goodreads.com/book/show/12437190.0
270804.0,Glass,4.29,681,"Young Adult, Realistic Fiction, Addiction",https://www.goodreads.com/book/show/270804.0
37542448.0,Summary & Study Guide Identical by Ellen Hopkins,5.00,63,,https://www.goodreads.com/book/show/37542448.0
894640.0,"It's Your World--If You Don't Like It, Change It: Activism for Teenagers",3.41,304,"Nonfiction, Self Help, Social Issues",https://www.goodreads.com/book/show/894640.0
49676332.0,Study Guide: Nineteen Minutes by Jodi Picoult,4.00,80,,https://www.goodreads.com/book/show/49676332.0
24612624.0,Melissa,4.09,208,"Middle Grade, Realistic Fiction, LGBT",https://www.goodreads.com/book/show/24612624.0
160146150.0,Smoke by Ellen Hopkins (10-Sep-2013) Hardcover,4.33,N/A,"Young Adult, Realistic Fiction, Romance",https://www.goodreads.com/book/show/160146150.0
38326884.0,Redwood and Ponytail,4.17,424,"Middle Grade, Realistic Fiction, LGBT",https://www.goodreads.com/book/show/38326884.0
44805980.0,"The Hate U Give by Angie Thomas (Book Analysis): Detailed Summary, Analysis and Reading Guide",4.44,25,,https://www.goodreads.com/book/show/44805980.0
21060082.0,Summary & Study Guide The Kite Runner by Khaled Hosseini,4.00,64,"Fiction, Contemporary",https://www.goodreads.com/book/show/21060082.0
24795284.0,Summary & Study Guide Thirteen Reasons Why by Jay Asher,3.88,52,,https://www.goodreads.com/book/show/24795284.0
45294414.0,Study Guide: The Bluest Eye by Toni Morrison,3.50,56,,https://www.goodreads.com/book/show/45294414.0
75613675.0,Study Guide: You Should See Me in a Crown by Leah Johnson,0.00,N/A,,https://www.goodreads.com/book/show/75613675.0
50998103.0,Ana on the Edge,4.36,380,"Middle Grade, Realistic Fiction, LGBT",https://www.goodreads.com/book/show/50998103.0
99561.0,Looking for Alaska,3.96,221,"Young Adult, Realistic Fiction, Romance",https://www.goodreads.com/book/show/99561.0
4421244.0,"Bookclub-in-a-Box Discusses the Novel A Thousand Splendid Suns, by Khaled Hosseini",4.36,89,Fiction,https://www.goodreads.com/book/show/4421244.0
20412869.0,Study Guide: The Perks of Being a Wallflower by Stephen Chbosky,3.98,38,Fiction,https://www.goodreads.com/book/show/20412869.0
140241158.0,Blood Of My Blood by Barry Lyga (7-May-2015) Paperback,0.00,N/A,,https://www.goodreads.com/book/show/140241158.0
42393479.0,The Ship We Built,4.22,287,"Middle Grade, LGBT, Transgender",https://www.goodreads.com/book/show/42393479.0
639750.0,Into the Garden,3.85,384,"Mystery, Horror, Romance",https://www.goodreads.com/book/show/639750.0
37822657.0,"You Don't Know Everything, Jilly P!",4.02,256,"Middle Grade, Realistic Fiction, LGBT",https://www.goodreads.com/book/show/37822657.0
11734.0,The Human Stain,3.92,361,"Literary Fiction, Classics, Literature",https://www.goodreads.com/book/show/11734.0
44280883.0,All Boys Aren’t Blue,4.18,304,"Banned Books, LGBT, Biography",https://www.goodreads.com/book/show/44280883.0
36260155.0,Damsel,3.30,320,"Fantasy, Retellings, Dragons",https://www.goodreads.com/book/show/36260155.0
199014264.0,Heartstopper Vol 1 - Collector's Edition,4.42,N/A,"Graphic Novels, LGBT, Romance",https://www.goodreads.com/book/show/199014264.0
200033939.0,Heartstopper Vol 3 - Collector's Edition,4.54,N/A,"Graphic Novels, LGBT, Romance",https://www.goodreads.com/book/show/200033939.0
199339487.0,Heartstopper Vol 2 - Collector's Edition,4.51,N/A,"Graphic Novels, LGBT, Romance",https://www.goodreads.com/book/show/199339487.0
200626696.0,Heartstopper Vol 4 - Collector's Edition,4.57,N/A,"Graphic Novels, LGBT, Romance",https://www.goodreads.com/book/show/200626696.0
125704697.0,"Heartstopper, Vol. 5",4.46,N/A,"Graphic Novels, LGBT, Romance",https://www.goodreads.com/book/show/125704697.0
29010395.0,I Am Not Your Perfect Mexican Daughter,4.00,344,"Young Adult, Realistic Fiction, Latinx",https://www.goodreads.com/book/show/29010395.0
25576654.0,Summary & Study Guide The Brief Wondrous Life of Oscar Wao by Junot Díaz,4.11,79,,https://www.goodreads.com/book/show/25576654.0
81071294.0,Study Guide: Last Night at the Telegraph Club by Malinda Lo,3.25,N/A,,https://www.goodreads.com/book/show/81071294.0
38355061.0,People Kill People,3.87,431,"Banned Books, Young Adult, Realistic Fiction",https://www.goodreads.com/book/show/38355061.0
26095121.0,The Haters,3.41,352,"Banned Books, Humor, Young Adult",https://www.goodreads.com/book/show/26095121.0
50846677.0,Study Guide: The Poet X by Elizabeth Acevedo,4.75,47,,https://www.goodreads.com/book/show/50846677.0
38448.0,The Handmaid's Tale By Margaret Atwood: A Post 16 Study Guide,3.79,40,"Classics, Audiobook",https://www.goodreads.com/book/show/38448.0
50659471.0,A Court of Frost and Starlight,3.71,272,"Fantasy, EROTICA GENRE DEFINITION ACCORDING TO GOODREADS, Romance",https://www.goodreads.com/book/show/50659471.0
156740461.0,Wander in the Dark,4.05,400,"Mystery, Thriller, Fiction",https://www.goodreads.com/book/show/156740461.0
10572.0,A Clash of Kings,4.42,1009,"Fantasy, Adult, Fiction",https://www.goodreads.com/book/show/10572.0
50659472.0,A Court of Wings and Ruin,4.46,699,"Fantasy, Romance, Fiction",https://www.goodreads.com/book/show/50659472.0
121193861.0,Summary of All Your Perfects: Colleen Hoover,4.00,38,,https://www.goodreads.com/book/show/121193861.0
27276424.0,A Sin Such as This,3.86,384,"Adult, Mystery, Romance",https://www.goodreads.com/book/show/27276424.0
31368108.0,Summary of A Stolen Life: by Jaycee Dugard | Includes Analysis,3.25,23,,https://www.goodreads.com/book/show/31368108.0
53138095.0,A ​Court of Silver Flames,4.45,757,"Fantasy, Romance, Fiction",https://www.goodreads.com/book/show/53138095.0
37780.0,Anatomy of a Boyfriend,3.39,272,"Young Adult, Realistic Fiction, Chick Lit",https://www.goodreads.com/book/show/37780.0
37924244.0,Call Me By Your Name: by Andre Aciman | Conversation Starters,3.40,59,,https://www.goodreads.com/book/show/37924244.0
6323474.0,Beautiful,3.66,232,"Young Adult, Realistic Fiction, Romance",https://www.goodreads.com/book/show/6323474.0
28676.0,American Psycho,3.80,399,"Classics, Horror, Fiction",https://www.goodreads.com/book/show/28676.0
11505797.0,Beautiful Disaster,4.00,432,"Romance, Fiction, Contemporary",https://www.goodreads.com/book/show/11505797.0
57552438.0,And They Lived . . .,3.94,384,"Young Adult, LGBT, Romance",https://www.goodreads.com/book/show/57552438.0
49909479.0,"A Clockwork Orange by Anthony Burgess (Book Analysis): Detailed Summary, Analysis and Reading Guide",4.50,27,,https://www.goodreads.com/book/show/49909479.0
12437190.0,Crank by Ellen Hopkins l Summary & Study Guide,4.60,N/A,,https://www.goodreads.com/book/show/12437190.0
36260155.0,Damsel,3.30,320,"Fantasy, Retellings, Dragons",https://www.goodreads.com/book/show/36260155.0
7600924.0,Forbidden,3.95,418,"Young Adult, Realistic Fiction, Romance",https://www.goodreads.com/book/show/7600924.0
22288.0,Haunted,3.59,419,"Adult, Dark, Horror",https://www.goodreads.com/book/show/22288.0
12651912.0,Collateral,3.90,496,"Adult, Young Adult, Realistic Fiction",https://www.goodreads.com/book/show/12651912.0
30896134.0,Summary of Homegoing: By Yaa Gyasi - Includes Analysis,4.19,28,,https://www.goodreads.com/book/show/30896134.0
147379248.0,Forever for a Year by B. T. Gottfred,3.08,N/A,"Banned Books, Young Adult, Realistic Fiction",https://www.goodreads.com/book/show/147379248.0
1240370.0,Exit Here.,3.89,464,"Young Adult, Realistic Fiction, Addiction",https://www.goodreads.com/book/show/1240370.0
44778083.0,House of Earth and Blood,4.45,803,"Fantasy, Urban Fantasy, Romance",https://www.goodreads.com/book/show/44778083.0
81071294.0,Study Guide: Last Night at the Telegraph Club by Malinda Lo,3.25,N/A,,https://www.goodreads.com/book/show/81071294.0
18763344.0,I Am Jazz,4.12,32,"Banned Books, Picture Books, LGBT",https://www.goodreads.com/book/show/18763344.0
2954411.0,Living Dead Girl,3.78,170,"Young Adult, Realistic Fiction, Horror",https://www.goodreads.com/book/show/2954411.0
40132775.0,House of Sky and Breath,4.42,805,"Fantasy, Romance, Fiction",https://www.goodreads.com/book/show/40132775.0
12882265.0,Lullaby by Chuck Palahniuk l Summary & Study Guide,3.75,N/A,,https://www.goodreads.com/book/show/12882265.0
59112062.0,Summary of It Ends With Us by Colleen Hoover,4.00,40,,https://www.goodreads.com/book/show/59112062.0
59029659.0,Man o' War,4.36,336,"Young Adult, LGBT, Transgender",https://www.goodreads.com/book/show/59029659.0
62584266.0,Margo Zimmerman Gets the Girl,4.00,304,"Lesbian, LGBT, Romance",https://www.goodreads.com/book/show/62584266.0
150093902.0,Rant: The Oral Biography of Buster Casey by Palahniuk Chuck (2008-05-06) Paperback,3.00,N/A,,https://www.goodreads.com/book/show/150093902.0
43721070.0,Red Hood,3.44,361,"Fantasy, Retellings, Fairy Tales",https://www.goodreads.com/book/show/43721070.0
63290582.0,Study Guide: One Last Stop by Casey McQuiston,1.00,N/A,,https://www.goodreads.com/book/show/63290582.0
57094999.0,"My Sister, Daisy",4.32,34,"Picture Books, LGBT, Childrens",https://www.goodreads.com/book/show/57094999.0
7810126.0,"Precious: Based on the Novel ""Push"" by Sapphire",3.92,126,"Fiction, Audiobook",https://www.goodreads.com/book/show/7810126.0
187957173.0,"Blood and Ash Complete Series Collection Set, Books 1-5. From Blood and Ash, A Kingdom of Flesh and Fire, The Crown of Gilded Bones, The War of Two Queens, A Soul of Ash and Blood",4.53,N/A,"Fantasy, Smut, Romance",https://www.goodreads.com/book/show/187957173.0
245889487.0,Skin and Bones by Sherry Shahan,0.00,N/A,,https://www.goodreads.com/book/show/245889487.0
44660928.0,Rick,4.06,240,"Middle Grade, Realistic Fiction, LGBT",https://www.goodreads.com/book/show/44660928.0
40291564.0,Storm and Fury,4.03,512,"Fantasy, Urban Fantasy, Romance",https://www.goodreads.com/book/show/40291564.0
36203673.0,This Is Kind of an Epic Love Story,3.37,304,"Young Adult, LGBT, Romance",https://www.goodreads.com/book/show/36203673.0
11019128.0,Summary & Study Guide The Wind-up Bird Chronicle by Haruki Murakami,3.82,184,,https://www.goodreads.com/book/show/11019128.0
142425642.0,Study Guide: This Book is Gay by Juno Dawson,0.00,55,,https://www.goodreads.com/book/show/142425642.0
10858119.0,Water for Elephants by Sara Gruen Summary & Study Guide,3.88,N/A,Fiction,https://www.goodreads.com/book/show/10858119.0
21223879.0,Summary & Study Guide Wicked: The Life and Times of the Wicked Witch of the West by Gregory Maguire,5.00,69,,https://www.goodreads.com/book/show/21223879.0
24976555.0,Sidekick - The DUFF: (Designated Ugly Fat Friend) by Kody Keplinger,3.43,56,,https://www.goodreads.com/book/show/24976555.0
20701994.0,yolo,3.69,208,"Young Adult, Realistic Fiction, Chick Lit",https://www.goodreads.com/book/show/20701994.0
29401474.0,What Girls Are Made Of,3.78,200,"Banned Books, Young Adult, Realistic Fiction",https://www.goodreads.com/book/show/29401474.0
50999821.0,A Lesson in Vengeance,3.52,369,"Fantasy, Lesbian, Mystery",https://www.goodreads.com/book/show/50999821.0
49552592.0,A Complicated Love Story Set in Space,3.91,464,"Science Fiction, LGBT, Mystery",https://www.goodreads.com/book/show/49552592.0
131061.0,A Bad Boy Can Be Good for a Girl,3.50,228,"Banned Books, Realistic Fiction, Romance",https://www.goodreads.com/book/show/131061.0
50659468.0,A Court of Mist and Fury,4.63,626,"Fantasy, Romance, Fiction",https://www.goodreads.com/book/show/50659468.0
38823528.0,Summary of All the Bright Places by Jennifer Niven: Conversation Starters,4.33,70,,https://www.goodreads.com/book/show/38823528.0
25657130.0,All American Boys,4.29,316,"Banned Books, Young Adult, Realistic Fiction",https://www.goodreads.com/book/show/25657130.0
43887961.0,A Phoenix First Must Burn,3.95,368,"Science Fiction, Fantasy, LGBT",https://www.goodreads.com/book/show/43887961.0
43801602.0,All the Things We Do in the Dark: A Dark YA Thriller of Secrets and Scars,3.51,296,"Young Adult, Mystery, LGBT",https://www.goodreads.com/book/show/43801602.0
201907591.0,"(Almost Perfect) [By: Katcher, Brian] [Nov, 2010]",0.00,N/A,,https://www.goodreads.com/book/show/201907591.0
18459855.0,Another Day,3.58,327,"Fantasy, Young Adult, LGBT",https://www.goodreads.com/book/show/18459855.0
1155134.0,Bad Boy,3.26,191,"LGBT, Fiction, Gay",https://www.goodreads.com/book/show/1155134.0
44280883.0,All Boys Aren’t Blue,4.18,304,"Banned Books, LGBT, Biography",https://www.goodreads.com/book/show/44280883.0
28763838.0,Beyond Dreams,4.05,206,"Young Adult, Realistic Fiction",https://www.goodreads.com/book/show/28763838.0
28587986.0,Being Jazz: My Life as a (Transgender) Teen,3.87,272,"LGBT, Biography, Memoir",https://www.goodreads.com/book/show/28587986.0
12000020.0,Aristotle and Dante Discover the Secrets of the Universe,4.29,390,"Young Adult, LGBT, Romance",https://www.goodreads.com/book/show/12000020.0
234334392.0,Novel Unit: Clap When You Land by Elizabeth Acevedo,5.00,53,,https://www.goodreads.com/book/show/234334392.0
12437190.0,Crank by Ellen Hopkins l Summary & Study Guide,4.60,N/A,,https://www.goodreads.com/book/show/12437190.0
496102.0,Between Mom and Jo,3.91,240,"Lesbian, Young Adult, Realistic Fiction",https://www.goodreads.com/book/show/496102.0
18166920.0,Beyond Magenta: Transgender and Nonbinary Teens Speak Out,3.80,182,"Banned Books, LGBT, Transgender",https://www.goodreads.com/book/show/18166920.0
2790866.0,Fancy White Trash,3.81,257,"Young Adult, Realistic Fiction, Chick Lit",https://www.goodreads.com/book/show/2790866.0
6323474.0,Beautiful,3.66,232,"Young Adult, Realistic Fiction, Romance",https://www.goodreads.com/book/show/6323474.0
161679870.0,Entice (Embrace) by Jessica Shirvington,4.26,N/A,"Fantasy, Supernatural, Romance",https://www.goodreads.com/book/show/161679870.0
143690501.0,Gingerbread by Rachel Cohn,3.64,N/A,"Young Adult, Realistic Fiction, Chick Lit",https://www.goodreads.com/book/show/143690501.0
243802574.0,"[Graceling] (By: Kristin Cashore) [published: September, 2009]",0.00,N/A,,https://www.goodreads.com/book/show/243802574.0
35721231.0,Girl Made of Stars,4.18,295,"Lesbian, Young Adult, LGBT",https://www.goodreads.com/book/show/35721231.0
137479177.0,Grasshopper Jungle by Andrew Smith,3.67,N/A,,https://www.goodreads.com/book/show/137479177.0
6149.0,Beloved,3.98,325,"Magical Realism, Classics, School",https://www.goodreads.com/book/show/6149.0
51165961.0,Echo After Echo,3.86,432,"Lesbian, LGBT, Mystery",https://www.goodreads.com/book/show/51165961.0
45046086.0,"I Know Why the Caged Bird Sings by Maya Angelou (Book Analysis): Detailed Summary, Analysis and Reading Guide",3.80,26,,https://www.goodreads.com/book/show/45046086.0
26109391.0,Highly Illogical Behavior,3.90,256,"Mental Illness, Young Adult, Realistic Fiction",https://www.goodreads.com/book/show/26109391.0
37542448.0,Summary & Study Guide Identical by Ellen Hopkins,5.00,63,,https://www.goodreads.com/book/show/37542448.0
194610770.0,Study Guide: History is All You Left Me by Adam Silvera,0.00,71,,https://www.goodreads.com/book/show/194610770.0
20820994.0,I'll Give You the Sun,4.15,371,"Young Adult, Realistic Fiction, LGBT",https://www.goodreads.com/book/show/20820994.0
32991569.0,"Jane, Unlimited",3.37,464,"Science Fiction, Fantasy, Mystery",https://www.goodreads.com/book/show/32991569.0
152291177.0,Lizard Radio by Pat Schmatz,0.00,N/A,,https://www.goodreads.com/book/show/152291177.0
563321.0,"l8r, g8r",3.74,288,"Banned Books, Young Adult, Realistic Fiction",https://www.goodreads.com/book/show/563321.0
29073707.0,It's Not Like It's a Secret,3.54,400,"Lesbian, Young Adult, LGBT",https://www.goodreads.com/book/show/29073707.0
35068534.0,Monday's Not Coming,4.26,448,"Young Adult, Mystery, Fiction",https://www.goodreads.com/book/show/35068534.0
94078.0,M or F?,3.70,320,"Young Adult, LGBT, Romance",https://www.goodreads.com/book/show/94078.0
36233085.0,Once & Future,3.55,336,"Science Fiction, Fantasy, Retellings",https://www.goodreads.com/book/show/36233085.0
25256386.0,Out of Darkness,4.14,402,"Banned Books, Romance, Fiction",https://www.goodreads.com/book/show/25256386.0
88744212.0,Study Guide: Pet by Akwaeke Emezi,1.00,40,,https://www.goodreads.com/book/show/88744212.0
211297473.0,[(Say the Word )] [Author: Jeannine Garsee] [Mar-2009],0.00,N/A,,https://www.goodreads.com/book/show/211297473.0
40519259.0,Shout,4.24,304,"Mental Health, Contemporary, Feminism",https://www.goodreads.com/book/show/40519259.0
21399572.0,Summary & Study Guide Rabbit is Rich by John Updike,0.00,39,,https://www.goodreads.com/book/show/21399572.0
40551242.0,Summary of Simon vs. the Homo Sapiens Agenda by Becky Albertalli | Summary & Analysis,4.14,N/A,,https://www.goodreads.com/book/show/40551242.0
136328733.0,Lush by Natasha Friend,0.00,N/A,,https://www.goodreads.com/book/show/136328733.0
45294414.0,Study Guide: The Bluest Eye by Toni Morrison,3.50,56,,https://www.goodreads.com/book/show/45294414.0
138202.0,Sloppy Firsts,3.95,298,"Young Adult, Chick Lit, Realistic Fiction",https://www.goodreads.com/book/show/138202.0
23058402.0,The Art of Being Normal,3.90,353,"Young Adult, LGBT, Transgender",https://www.goodreads.com/book/show/23058402.0
28783749.0,The ABC's of LGBT+,4.23,190,"LGBT, Sexuality, Transgender",https://www.goodreads.com/book/show/28783749.0
185436202.0,Study Guide: The Downstairs Girl by Stacey Lee,0.00,58,,https://www.goodreads.com/book/show/185436202.0
25528854.0,The Breakaways,3.32,224,"Middle Grade, Graphic Novels, LGBT",https://www.goodreads.com/book/show/25528854.0
44805980.0,"The Hate U Give by Angie Thomas (Book Analysis): Detailed Summary, Analysis and Reading Guide",4.44,25,,https://www.goodreads.com/book/show/44805980.0
151118075.0,The Test by Peggy Kern,0.00,N/A,,https://www.goodreads.com/book/show/151118075.0
26095121.0,The Haters,3.41,352,"Banned Books, Humor, Young Adult",https://www.goodreads.com/book/show/26095121.0
40801157.0,The Miseducation of Cameron Post,4.06,485,"Lesbian, Young Adult, LGBT",https://www.goodreads.com/book/show/40801157.0
17290266.0,The Infinite Moment of Us,3.17,316,"Banned Books, Young Adult, Realistic Fiction",https://www.goodreads.com/book/show/17290266.0
20414849.0,Summary & Study Guide The Glass Castle by Jeannette Walls,4.03,46,,https://www.goodreads.com/book/show/20414849.0
21060082.0,Summary & Study Guide The Kite Runner by Khaled Hosseini,4.00,64,"Fiction, Contemporary",https://www.goodreads.com/book/show/21060082.0
240012864.0,"(The Vincent Boys) [By: Abbi Glines] [Jan, 2013]",0.00,N/A,,https://www.goodreads.com/book/show/240012864.0
60900548.0,Study Guide: They Both Die at the End by Adam Silvera,5.00,86,,https://www.goodreads.com/book/show/60900548.0
30653853.0,The Upside of Unrequited,3.88,336,"Young Adult, LGBT, Romance",https://www.goodreads.com/book/show/30653853.0
23015872.0,Traffick,4.27,505,"Young Adult, Realistic Fiction, LGBT",https://www.goodreads.com/book/show/23015872.0
30312837.0,The You I've Never Known,3.94,608,"Young Adult, Realistic Fiction, LGBT",https://www.goodreads.com/book/show/30312837.0
18465566.0,This One Summer,3.69,324,"Graphic Novels, Realistic Fiction, Fiction",https://www.goodreads.com/book/show/18465566.0
10843755.0,Triangles,3.95,529,"Adult, Young Adult, Romance",https://www.goodreads.com/book/show/10843755.0
5510384.0,Tricks,4.27,627,"Banned Books, Young Adult, Realistic Fiction",https://www.goodreads.com/book/show/5510384.0
19370974.0,Wonders of the Invisible World,3.78,352,"Fantasy, Magical Realism, LGBT",https://www.goodreads.com/book/show/19370974.0
22836575.0,99 Days,3.30,384,"Summer Reads, Young Adult, Romance",https://www.goodreads.com/book/show/22836575.0
622717.0,2024: A Graphic Novel,3.03,96,"Science Fiction, Satire, Graphic Novels",https://www.goodreads.com/book/show/622717.0
35068736.0,9 Days and 9 Nights,3.64,263,"Romance, Fiction, Contemporary",https://www.goodreads.com/book/show/35068736.0
63848532.0,Study Guide: A Heart in a Body in the World by Deb Caletti,0.00,N/A,,https://www.goodreads.com/book/show/63848532.0
21520472.0,Summary & Study Guide A Bend in the Road by Nicholas Sparks,4.04,31,,https://www.goodreads.com/book/show/21520472.0
214006343.0,Study Guide: A Spark of Light by Jodi Picoult,0.00,73,,https://www.goodreads.com/book/show/214006343.0
38251245.0,A Question of Holmes,3.96,320,"Young Adult, Mystery, Romance",https://www.goodreads.com/book/show/38251245.0
3682.0,A Great and Terrible Beauty,3.80,403,"Fantasy, Romance, Fiction",https://www.goodreads.com/book/show/3682.0
17234658.0,A Thousand Pieces of You,3.89,368,"Science Fiction, Fantasy, Romance",https://www.goodreads.com/book/show/17234658.0
204880803.0,Study Guide: A Study in Charlotte by Brittany Cavallaro,0.00,63,,https://www.goodreads.com/book/show/204880803.0
13061500.0,Awaken,3.91,343,"Fantasy, Supernatural, Mythology",https://www.goodreads.com/book/show/13061500.0
128733337.0,A Swift Pure Cry,3.79,N/A,"Young Adult, Realistic Fiction, Fiction",https://www.goodreads.com/book/show/128733337.0
18114583.0,Against the Tide,4.23,180,"Fantasy, Adventure, Middle Grade",https://www.goodreads.com/book/show/18114583.0
5135798.0,Being Nikki,3.85,336,"Science Fiction, Young Adult, Chick Lit",https://www.goodreads.com/book/show/5135798.0
30312700.0,"Alex, Approximately",3.93,391,"Summer Reads, Young Adult, Romance",https://www.goodreads.com/book/show/30312700.0
40919176.0,Summary & Study Guide Across the Universe by Beth Revis,3.00,52,,https://www.goodreads.com/book/show/40919176.0
128583722.0,"Study Guide: All This Time by Mikki Daughtry, Rachael Lippincott",0.00,50,,https://www.goodreads.com/book/show/128583722.0
40614146.0,All For One,3.56,391,"Romance, Historical Romance, Fiction",https://www.goodreads.com/book/show/40614146.0
17297487.0,All the Truth That's in Me,3.91,274,"Mystery, Romance, Fiction",https://www.goodreads.com/book/show/17297487.0
51960675.0,All the Pretty Things,3.02,352,"Mystery, Fiction, Contemporary",https://www.goodreads.com/book/show/51960675.0
20748933.0,Summary & Study Guide All The Pretty Horses by Cormac McCarthy,4.00,57,,https://www.goodreads.com/book/show/20748933.0
49202861.0,Alone,4.13,404,"Adventure, Middle Grade, Fiction",https://www.goodreads.com/book/show/49202861.0
13414841.0,All You Never Wanted,3.00,240,"Young Adult, Realistic Fiction, Fiction",https://www.goodreads.com/book/show/13414841.0
37678396.0,An Assassin's Guide to Love and Treason,3.64,374,"LGBT, Romance, Fiction",https://www.goodreads.com/book/show/37678396.0
29905900.0,Antisocial,3.39,256,"Young Adult, Realistic Fiction, Mystery",https://www.goodreads.com/book/show/29905900.0
139529417.0,Annexed by Sharon Dogar,3.67,N/A,,https://www.goodreads.com/book/show/139529417.0
28763240.0,At the Edge of the Universe,4.14,304,"Science Fiction, Young Adult, LGBT",https://www.goodreads.com/book/show/28763240.0
139862143.0,An Abundance of Katherines by John Green (10-May-2012) Paperback,3.51,N/A,"Young Adult, Realistic Fiction, Romance",https://www.goodreads.com/book/show/139862143.0
1627267.0,"Audrey, Wait!",3.77,313,"Young Adult, Realistic Fiction, Romance",https://www.goodreads.com/book/show/1627267.0
196575083.0,Study Guide: Be Not Far from Me by Mindy McGinnis,0.00,66,,https://www.goodreads.com/book/show/196575083.0
16140922.0,Altered,3.66,401,"Science Fiction, Fantasy, Romance",https://www.goodreads.com/book/show/16140922.0
10662433.0,Ashes to Ashes,3.64,387,"Fantasy, Young Adult, Mystery",https://www.goodreads.com/book/show/10662433.0
187812.0,Avalon High,3.81,304,"Fantasy, Retellings, Chick Lit",https://www.goodreads.com/book/show/187812.0
96363439.0,Study Guide: Before I Fall by Lauren Oliver,0.00,40,,https://www.goodreads.com/book/show/96363439.0
8652190.0,Awakened,4.00,290,"Fantasy, Supernatural, Romance",https://www.goodreads.com/book/show/8652190.0
544891.0,Beastly,3.82,336,"Fantasy, Retellings, Fairy Tales",https://www.goodreads.com/book/show/544891.0
25985241.0,Before the Devil Breaks You,4.25,552,"Fantasy, Horror, Historical",https://www.goodreads.com/book/show/25985241.0
5135798.0,Being Nikki,3.85,336,"Science Fiction, Young Adult, Chick Lit",https://www.goodreads.com/book/show/5135798.0
19510835.0,Summary & Study Guide Betrayed by P. C. Cast,3.43,37,,https://www.goodreads.com/book/show/19510835.0
121402298.0,Study Guide: Blacktop Wasteland by S. A. Cosby,0.00,65,,https://www.goodreads.com/book/show/121402298.0
11859244.0,Bewitching,3.94,336,"Fantasy, Retellings, Fairy Tales",https://www.goodreads.com/book/show/11859244.0
8939770.0,Big Nate: From the Top,4.22,224,"Humor, Middle Grade, Graphic Novels",https://www.goodreads.com/book/show/8939770.0
31450752.0,Because You Love to Hate Me: 13 Tales of Villainy,3.49,368,"Fantasy, Retellings, Romance",https://www.goodreads.com/book/show/31450752.0
31371486.0,Blight: A Standalone YA Environmental Thriller of Dystopian Survival and Conspiracy,3.78,400,"Science Fiction, Young Adult Science Fiction, Fiction",https://www.goodreads.com/book/show/31371486.0
208648251.0,Bloodline: A Novel,0.00,N/A,,https://www.goodreads.com/book/show/208648251.0
872333.0,Blue Bloods,3.70,302,"Fantasy, Urban Fantasy, Romance",https://www.goodreads.com/book/show/872333.0
211314490.0,Bog Child,3.81,N/A,"Young Adult, Mystery, Fiction",https://www.goodreads.com/book/show/211314490.0
8494485.0,Bronxwood,4.39,336,"Urban, Realistic Fiction, Fiction",https://www.goodreads.com/book/show/8494485.0
25232680.0,Summary & Study Guide Chain Letter by Christopher Pike,3.00,53,,https://www.goodreads.com/book/show/25232680.0
44002050.0,Broken Throne: A Red Queen Collection,3.80,N/A,"Fantasy, Romance, Fiction",https://www.goodreads.com/book/show/44002050.0
29239591.0,Gone and BZRK Series Michael Grant Collection 9 Books Set,4.50,N/A,,https://www.goodreads.com/book/show/29239591.0
126008837.0,BZRK APOCALYPSE by Michael Grant,0.00,N/A,,https://www.goodreads.com/book/show/126008837.0
1609451.0,Change of Heart,3.95,448,"Adult, Chick Lit, Fiction",https://www.goodreads.com/book/show/1609451.0
208251796.0,The Mortal Instruments 2: City of Ashes by Cassandra Clare,3.50,N/A,,https://www.goodreads.com/book/show/208251796.0
3777732.0,City of Glass,4.27,541,"Fantasy, Urban Fantasy, Romance",https://www.goodreads.com/book/show/3777732.0
14367051.0,City of Bones / City of Ashes / City of Glass / City of Fallen Angels / City of Lost Souls,4.56,2496,"Fantasy, Urban Fantasy, Romance",https://www.goodreads.com/book/show/14367051.0
7171637.0,Clockwork Angel,4.31,479,"Fantasy, Romance, Fiction",https://www.goodreads.com/book/show/7171637.0
211402123.0,City of Fallen Angels by Cassandra Clare,5.00,N/A,,https://www.goodreads.com/book/show/211402123.0
136206610.0,[(Chasing Shadows )] [Author: Swati Avasthi] [Sep-2013],3.00,N/A,,https://www.goodreads.com/book/show/136206610.0
10025305.0,Clockwork Prince,4.42,498,"Fantasy, Urban Fantasy, Romance",https://www.goodreads.com/book/show/10025305.0
42506018.0,"Cold Day in the Sun: Life Is Short, Take the Shot",3.94,324,"Hockey, Young Adult, Realistic Fiction",https://www.goodreads.com/book/show/42506018.0
18667792.0,Conversion,3.30,402,"Fantasy, Young Adult, Mystery",https://www.goodreads.com/book/show/18667792.0
21361896.0,A Brief Critical Introduction to 'Cold Mountain' Charles Frazier,4.00,3,,https://www.goodreads.com/book/show/21361896.0
129860356.0,"Vanished Books One & Two When Lightning Strikes; Code Name Cassandra by Cabot, Meg [Simon Pulse,2010] (Paperback) Reprint Edition",4.19,N/A,"Fantasy, Supernatural, Mystery",https://www.goodreads.com/book/show/129860356.0
90420.0,Copper Sun,4.36,302,"School, Fiction, Historical",https://www.goodreads.com/book/show/90420.0
29220723.0,Confessions of a High School Disaster,3.47,352,"High School, Humor, Young Adult",https://www.goodreads.com/book/show/29220723.0
13493441.0,Crazy Love,4.18,325,"Young Adult, Romance, Fiction",https://www.goodreads.com/book/show/13493441.0
124931554.0,Study Guide: Crooked Kingdom by Leigh Bardugo,0.00,90,,https://www.goodreads.com/book/show/124931554.0
20909906.0,Dangerous Lies,3.81,400,"Young Adult, Mystery, Romance",https://www.goodreads.com/book/show/20909906.0
25573751.0,Summary & Study Guide Daughter of Smoke And Bone by Laini Taylor,4.00,57,,https://www.goodreads.com/book/show/25573751.0
23224.0,Darkest Hour,4.16,316,"Fantasy, Supernatural, Romance",https://www.goodreads.com/book/show/23224.0
9943270.0,Dark Triumph,4.13,387,"Fantasy, Romance, Fiction",https://www.goodreads.com/book/show/9943270.0
256683.0,City of Bones,4.07,485,"Fantasy, Urban Fantasy, Romance",https://www.goodreads.com/book/show/256683.0
201727772.0,Dear Evan Hansen by Val Emmich,0.00,N/A,,https://www.goodreads.com/book/show/201727772.0
12475755.0,Deadline by Chris Crutcher l Summary & Study Guide,4.33,N/A,,https://www.goodreads.com/book/show/12475755.0
33643994.0,Daughter of the Pirate King,3.93,308,"Fantasy, Adventure, Romance",https://www.goodreads.com/book/show/33643994.0
19209733.0,"David and Goliath: Underdogs, Misfits, And The Art of Battling Giants by Malcolm Gladwell -- Summary, Review & Analysis",4.39,36,Nonfiction,https://www.goodreads.com/book/show/19209733.0
132627651.0,"Tricia Levenseller 2 Books set Daughter of the Pirate King & Daughter of the Siren Queen Paperback – February 26, 2022",4.23,699,"Romance, Fantasy, Enemies To Lovers",https://www.goodreads.com/book/show/132627651.0
906749.0,"Dear John, Nicholas Sparks, Paperback",4.04,338,"Adult, Young Adult, Chick Lit",https://www.goodreads.com/book/show/906749.0
244530793.0,Disclosure By Michael Crichton Translated By Madhav Karve,0.00,N/A,,https://www.goodreads.com/book/show/244530793.0
31423196.0,Defy the Stars,4.02,528,"Science Fiction, Fantasy, Romance",https://www.goodreads.com/book/show/31423196.0
7933617.0,Destined,4.03,325,"Fantasy, Supernatural, Romance",https://www.goodreads.com/book/show/7933617.0
148001269.0,"Diamonds in the Shadow by Cooney, Caroline B. (2007) Hardcover",0.00,N/A,,https://www.goodreads.com/book/show/148001269.0
43131603.0,Dough Boys,3.89,336,"Middle Grade, Realistic Fiction, Fiction",https://www.goodreads.com/book/show/43131603.0
32173182.0,Dive Smack,3.91,336,"Young Adult, Mystery, Fiction",https://www.goodreads.com/book/show/32173182.0
52766921.0,Don't Ask Me Where I'm From,4.02,336,"Young Adult, Realistic Fiction, Latinx",https://www.goodreads.com/book/show/52766921.0
10324808.0,Dragon's Oath,4.07,149,"Fantasy, Supernatural, Romance",https://www.goodreads.com/book/show/10324808.0
14566.0,Echo,3.88,215,"Fantasy, Magical Realism, Urban Fantasy",https://www.goodreads.com/book/show/14566.0
8533731.0,Ellen Foster: Kaye Gibbons,2.00,N/A,,https://www.goodreads.com/book/show/8533731.0
51165961.0,Echo After Echo,3.86,432,"Lesbian, LGBT, Mystery",https://www.goodreads.com/book/show/51165961.0
23341894.0,Every Last Word,4.20,358,"Mental Illness, Young Adult, Realistic Fiction",https://www.goodreads.com/book/show/23341894.0
23223.0,Every Boy's Got One,3.76,328,"Humor, Young Adult, Chick Lit",https://www.goodreads.com/book/show/23223.0
157532565.0,Eon: Dragoneye Reborn,3.96,N/A,"Fantasy, Dragons, Fiction",https://www.goodreads.com/book/show/157532565.0
38212843.0,Every Breath,4.07,321,"Adult, Chick Lit, Romance",https://www.goodreads.com/book/show/38212843.0
233812817.0,"[Fake ID] [By: Giles, Lamar] [January, 2014]",5.00,N/A,,https://www.goodreads.com/book/show/233812817.0
36373413.0,Dear Mrs. Bird,3.80,288,"Fiction, Historical, War",https://www.goodreads.com/book/show/36373413.0
26076336.0,Summary & Study Guide Fat Kid Rules the World by K.L. Going,5.00,50,,https://www.goodreads.com/book/show/26076336.0
122065241.0,Study Guide: Far From the Tree by Robin Benway,0.00,61,,https://www.goodreads.com/book/show/122065241.0
24663677.0,A 15-minute Summary & Analysis Everything I Never Told You by Celeste Ng,3.69,23,Fiction,https://www.goodreads.com/book/show/24663677.0
48945757.0,Fighting Words,4.63,272,"Middle Grade, Realistic Fiction, Fiction",https://www.goodreads.com/book/show/48945757.0
6137154.0,Fire,4.09,480,"Fantasy, Adventure, Romance",https://www.goodreads.com/book/show/6137154.0
23308087.0,Flame in the Mist,3.85,402,"Fantasy, Retellings, Romance",https://www.goodreads.com/book/show/23308087.0
169756.0,Feed,3.55,308,"Science Fiction, Fantasy, Fiction",https://www.goodreads.com/book/show/169756.0
35391237.0,Five ​Dark Fates,3.92,452,"Fantasy, Romance, Fiction",https://www.goodreads.com/book/show/35391237.0
30531524.0,"Forever, or a Long, Long Time: A Moving Middle Grade Novel About Adoption, Trust, and Love That Multiplies for Children",4.38,320,"Middle Grade, Realistic Fiction, Adoption",https://www.goodreads.com/book/show/30531524.0
119832.0,Forged by Fire,4.36,156,"Realistic Fiction, School, Fiction",https://www.goodreads.com/book/show/119832.0
5453.0,Forever in Blue: The Fourth Summer of the Sisterhood,3.82,384,"Young Adult, Chick Lit, Romance",https://www.goodreads.com/book/show/5453.0
161850304.0,"[Flip] [By: Martyn Bedford] [March, 2013]",3.67,N/A,,https://www.goodreads.com/book/show/161850304.0
15850937.0,Frozen,3.56,320,"Science Fiction, Fantasy, Romance",https://www.goodreads.com/book/show/15850937.0
179869752.0,Study Guide: Frankly in Love by David Yoon,4.00,73,,https://www.goodreads.com/book/show/179869752.0
10959277.0,The Future of Us,3.56,356,"Science Fiction, Fantasy, Young Adult",https://www.goodreads.com/book/show/10959277.0
43663311.0,"Girl, Unframed",3.58,357,"Young Adult, Realistic Fiction, Mystery",https://www.goodreads.com/book/show/43663311.0
161159605.0,[(Gather Together in My Name )] [Author: Maya Angelou] [May-1985],4.32,N/A,"Autobiography, Classics, Biography",https://www.goodreads.com/book/show/161159605.0
41485133.0,Girl Gone Viral,3.29,402,"Science Fiction, Fantasy, Young Adult",https://www.goodreads.com/book/show/41485133.0
24983505.0,Summary & Study Guide Girls in Pants: The Third Summer of the Sisterhood by Ann Brashares,4.00,70,,https://www.goodreads.com/book/show/24983505.0
210984922.0,Gym Candy by Carl Deuker,0.00,N/A,,https://www.goodreads.com/book/show/210984922.0
17934520.0,Going Rogue,3.93,320,"Adventure, Espionage, Young Adult",https://www.goodreads.com/book/show/17934520.0
28114492.0,Gutless,4.07,329,"Realistic Fiction, Fiction, Contemporary",https://www.goodreads.com/book/show/28114492.0
44228579.0,Golden Arm,4.03,368,"Young Adult, Realistic Fiction, Fiction",https://www.goodreads.com/book/show/44228579.0
49183687.0,Harrow Lake,3.52,304,"Mystery, Horror, Fiction",https://www.goodreads.com/book/show/49183687.0
149293555.0,"Heaven by Adornetto, Alexandra [Feiwel & Friends, 2012] Hardcover [Hardcover]",0.00,N/A,,https://www.goodreads.com/book/show/149293555.0
6425.0,Hard Eight,4.17,326,"Humor, Comedy, Chick Lit",https://www.goodreads.com/book/show/6425.0
212611654.0,Heart of a Champion by Carl Deuker,0.00,N/A,,https://www.goodreads.com/book/show/212611654.0
9666812.0,Hades,3.94,425,"Fantasy, Romance, Paranormal",https://www.goodreads.com/book/show/9666812.0
7933615.0,Hidden,4.00,302,"Fantasy, Supernatural, Romance",https://www.goodreads.com/book/show/7933615.0
10114.0,Helen of Troy,3.95,611,"Fantasy, Romance, Fiction",https://www.goodreads.com/book/show/10114.0
102083641.0,Study Guide: Holding Up The Universe by Jennifer Niven,0.00,80,,https://www.goodreads.com/book/show/102083641.0
23264825.0,Homecoming,3.68,345,"Science Fiction, Fantasy, Romance",https://www.goodreads.com/book/show/23264825.0
124060248.0,High Heat by Carl Deuker,0.00,N/A,,https://www.goodreads.com/book/show/124060248.0
51828348.0,Hold Back the Tide,3.94,300,"Fantasy, Mystery, Horror",https://www.goodreads.com/book/show/51828348.0
53123309.0,His Hideous Heart: 13 of Edgar Allan Poe's Most Unsettling Tales Reimagined,3.57,N/A,"Fantasy, Retellings, Horror",https://www.goodreads.com/book/show/53123309.0
23310686.0,Human Body Theater: A Non-Fiction Revue,4.42,240,"Humor, Middle Grade, Graphic Novels",https://www.goodreads.com/book/show/23310686.0
17332564.0,How to Love,3.67,389,"Young Adult, Realistic Fiction, Romance",https://www.goodreads.com/book/show/17332564.0
245779371.0,House Rules by Jodi Picoult,5.00,N/A,,https://www.goodreads.com/book/show/245779371.0
4134071.0,Hunted,3.93,336,"Fantasy, Supernatural, Romance",https://www.goodreads.com/book/show/4134071.0
24035736.0,Summary & Study Guide I Am Number Four by Pittacus Lore,4.38,55,,https://www.goodreads.com/book/show/24035736.0
19057.0,I Am the Messenger,4.03,357,"Young Adult, Realistic Fiction, Mystery",https://www.goodreads.com/book/show/19057.0
30734222.0,"I, Claudia",4.11,424,"Retellings, Young Adult, Realistic Fiction",https://www.goodreads.com/book/show/30734222.0
161493233.0,If I Stay by Gayle Forman,3.91,N/A,"Young Adult, Realistic Fiction, Romance",https://www.goodreads.com/book/show/161493233.0
35068585.0,Ice Wolves,3.99,348,"Fantasy, Adventure, Middle Grade",https://www.goodreads.com/book/show/35068585.0
3188580.0,Impossible,3.64,384,"Fantasy, Romance, Fiction",https://www.goodreads.com/book/show/3188580.0
12612089.0,In the Time of the Butterflies by Julia Álvarez l Summary Study Guide,4.14,N/A,,https://www.goodreads.com/book/show/12612089.0
11788433.0,In Too Deep,3.50,228,"Young Adult, Realistic Fiction, Romance",https://www.goodreads.com/book/show/11788433.0
17165932.0,Independent Study,3.94,320,"Science Fiction, Fantasy, Romance",https://www.goodreads.com/book/show/17165932.0
31944679.0,In Other Lands,4.35,441,"Fantasy, LGBT, Romance",https://www.goodreads.com/book/show/31944679.0
6377326.0,Jekel Loves Hyde,3.64,282,"Fantasy, Supernatural, Retellings",https://www.goodreads.com/book/show/6377326.0
2321296.0,Ink Exchange,3.70,325,"Fantasy, Urban Fantasy, Romance",https://www.goodreads.com/book/show/2321296.0
51738.0,Just Listen,4.05,371,"Young Adult, Realistic Fiction, Chick Lit",https://www.goodreads.com/book/show/51738.0
14288998.0,Into the Still Blue,4.14,389,"Science Fiction, Fantasy, Romance",https://www.goodreads.com/book/show/14288998.0
219363634.0,jinx-meg-cabot,0.00,N/A,,https://www.goodreads.com/book/show/219363634.0
20518842.0,Laughing at My Nightmare,4.08,256,"Humor, Biography, Teen",https://www.goodreads.com/book/show/20518842.0
3112839.0,Kendra,4.14,292,"Realistic Fiction, Romance, Fiction",https://www.goodreads.com/book/show/3112839.0
27395590.0,Summary & Study Guide King of the Screwups by KL Going,0.00,48,,https://www.goodreads.com/book/show/27395590.0
10570.0,King Dork,3.55,352,"Humor, Mystery, Fiction",https://www.goodreads.com/book/show/10570.0
16741592.0,Little Brother,4.33,182,Near Future,https://www.goodreads.com/book/show/16741592.0
36329818.0,Legendary,4.10,451,"Fantasy, Romance, Fiction",https://www.goodreads.com/book/show/36329818.0
26032887.0,The Wicked King,4.27,336,"Fantasy, Romance, Fiction",https://www.goodreads.com/book/show/26032887.0
29625621.0,LIFE OF PI [MALAYALAM] - YANN MARTEL,3.94,388,"Fantasy, Adventure, Magical Realism",https://www.goodreads.com/book/show/29625621.0
30312891.0,Lord of Shadows,4.40,699,"Fantasy, Urban Fantasy, Romance",https://www.goodreads.com/book/show/30312891.0
9712.0,Love in the Time of Cholera,3.94,348,"Magical Realism, Classics, Romance",https://www.goodreads.com/book/show/9712.0
136159138.0,Lock and Key by Sarah Dessen (2-Apr-2009) Paperback,3.99,N/A,"Young Adult, Realistic Fiction, Chick Lit",https://www.goodreads.com/book/show/136159138.0
39993898.0,Let's Go Swimming on Doomsday,4.26,464,"Young Adult, Realistic Fiction, Fiction",https://www.goodreads.com/book/show/39993898.0
36989476.0,Conversation Starters Little Fires Everywhere by Celeste Ng,3.83,N/A,"Fiction, Audiobook",https://www.goodreads.com/book/show/36989476.0
354518.0,Major Crush,3.80,288,"Young Adult, Chick Lit, Young Adult Romance",https://www.goodreads.com/book/show/354518.0
294817.0,Lucas,3.98,359,"Young Adult, Realistic Fiction, Mystery",https://www.goodreads.com/book/show/294817.0
23559994.0,"Loveboat, Taipei",3.67,432,"Young Adult, Romance, Fiction",https://www.goodreads.com/book/show/23559994.0
3700085.0,Marcelo in the Real World,3.93,312,"Young Adult, Realistic Fiction, Fiction",https://www.goodreads.com/book/show/3700085.0
12820471.0,Message in a Bottle by Nicholas Sparks l Summary & Study Guide,4.13,N/A,,https://www.goodreads.com/book/show/12820471.0
22446093.0,Summary & Study Guide Midnight in the Garden of Good and Evil by John Berendt,3.89,46,"Audiobook, True Crime",https://www.goodreads.com/book/show/22446093.0
26114409.0,Nightstalkers,3.92,368,"Science Fiction, Adventure, Monsters",https://www.goodreads.com/book/show/26114409.0
12341309.0,Mister Death's Blue-Eyed Girls,3.80,330,"Realistic Fiction, Mystery, Fiction",https://www.goodreads.com/book/show/12341309.0
82424923.0,Study Guide: Mosquitoland by David Arnold,0.00,55,,https://www.goodreads.com/book/show/82424923.0
30183.0,Marked,3.82,306,"Fantasy, Supernatural, Romance",https://www.goodreads.com/book/show/30183.0
15858.0,Mirror Mirror,3.29,280,"Fantasy, Adult, Retellings",https://www.goodreads.com/book/show/15858.0
13409664.0,Nearly Gone,3.99,386,"Mystery, Romance, Contemporary",https://www.goodreads.com/book/show/13409664.0
10917.0,My Sister's Keeper,4.11,423,"Adult, Chick Lit, Fiction",https://www.goodreads.com/book/show/10917.0
22663515.0,Nearly Found,4.08,384,"Mystery, Romance, Fiction",https://www.goodreads.com/book/show/22663515.0
15947841.0,Monsters,3.73,N/A,"Science Fiction, Horror, Fiction",https://www.goodreads.com/book/show/15947841.0
57796227.0,Study Guide: Never Fall Down by Patricia McCormick,0.00,55,,https://www.goodreads.com/book/show/57796227.0
147040751.0,"[Newjack: Guarding Sing Sing] [Author: Conover, Ted] [June, 2001]",0.00,N/A,,https://www.goodreads.com/book/show/147040751.0
24338298.0,Never Always Sometimes,3.24,320,"Young Adult, Realistic Fiction, Young Adult Romance",https://www.goodreads.com/book/show/24338298.0
17704441.0,Hornet Flight - Ken Follet/ Gone for Good - Harlan Coben/ Year of Wonders - Geraldine Brooks/ Nights in Rodanthe - Nicholas Sparks,4.14,N/A,Ebooks,https://www.goodreads.com/book/show/17704441.0
27941826.0,Lesson Plans Next by Michael Crichton,4.10,353,,https://www.goodreads.com/book/show/27941826.0
62823770.0,Summary: Ninth House: by Leigh Bardugo,0.00,N/A,,https://www.goodreads.com/book/show/62823770.0
52412619.0,No Judgements,3.36,384,"Adult, Chick Lit, Romance",https://www.goodreads.com/book/show/52412619.0
203584230.0,"[Noggin] [Author: Whaley, John Corey] [April, 2014]",0.00,N/A,,https://www.goodreads.com/book/show/203584230.0
18052934.0,No One Else Can Have You,3.13,380,"Young Adult, Mystery, Fiction",https://www.goodreads.com/book/show/18052934.0
18520658.0,Not After Everything,3.87,245,"Young Adult, Realistic Fiction, Romance",https://www.goodreads.com/book/show/18520658.0
266666.0,November Blues,4.32,316,"Young Adult, Realistic Fiction, School",https://www.goodreads.com/book/show/266666.0
35553614.0,Nothing Left to Burn,3.66,320,"Young Adult, Realistic Fiction, Mystery",https://www.goodreads.com/book/show/35553614.0
32078787.0,Once and for All,3.75,358,"Young Adult, Realistic Fiction, Romance",https://www.goodreads.com/book/show/32078787.0
51238708.0,One for All,3.84,389,"Fantasy, Retellings, Fiction",https://www.goodreads.com/book/show/51238708.0
28087.0,Gabriel García Márquez: One Hundred Years of Solitude,4.54,132,"Magical Realism, Fantasy, Classics",https://www.goodreads.com/book/show/28087.0
19081402.0,Consequences: Opal & Origin,4.60,807,"Science Fiction, Fantasy, Romance",https://www.goodreads.com/book/show/19081402.0
16074995.0,Over You,3.66,320,"Young Adult, Realistic Fiction, LGBT",https://www.goodreads.com/book/show/16074995.0
141708115.0,Out of the Easy by Ruta Sepetys (7-Mar-2013) Paperback,4.03,N/A,"Mystery, Romance, Fiction",https://www.goodreads.com/book/show/141708115.0
85993.0,Party Princess,3.69,306,"Humor, Young Adult, Chick Lit",https://www.goodreads.com/book/show/85993.0
15818107.0,Orphan Train,4.20,278,"Adult, Fiction, Historical",https://www.goodreads.com/book/show/15818107.0
130743826.0,Painting the Black by Carl Deuker,4.01,N/A,"Realistic Fiction, Baseball, Fiction",https://www.goodreads.com/book/show/130743826.0
5711749.0,"Peace, Love, and Baby Ducks",3.74,289,"Young Adult, Realistic Fiction, Chick Lit",https://www.goodreads.com/book/show/5711749.0
60510.0,Poison Study,4.09,427,"Fantasy, Romance, Fiction",https://www.goodreads.com/book/show/60510.0
6428887.0,Pirate Latitudes,3.52,312,"Adventure, Fantasy, Fiction",https://www.goodreads.com/book/show/6428887.0
43562239.0,Permanent Record,3.39,400,"Young Adult, Romance, Fiction",https://www.goodreads.com/book/show/43562239.0
6249838.0,Pretty Dead,3.30,208,"Fantasy, Supernatural, Romance",https://www.goodreads.com/book/show/6249838.0
19415876.0,Pride and Prejudice and Zombies: The Classic Regency Romance - Now with Ultraviolent Zombie Mayhem!,3.32,320,"Fantasy, Humor, Classics",https://www.goodreads.com/book/show/19415876.0
163460.0,Peaches,3.64,368,"Young Adult, Chick Lit, Realistic Fiction",https://www.goodreads.com/book/show/163460.0
93728.0,Princess in Love,3.80,260,"Young Adult, Chick Lit, Childrens",https://www.goodreads.com/book/show/93728.0
123779795.0,Portrait of a Killer: Jack the Ripper - Case Closed,3.48,N/A,"Mystery, Biography, Historical",https://www.goodreads.com/book/show/123779795.0
141404614.0,"The Princess Diaries, Volume V: Princess in Pink by Meg Cabot",4.00,N/A,,https://www.goodreads.com/book/show/141404614.0
439275.0,Princess in the Spotlight,3.72,257,"Young Adult, Chick Lit, Childrens",https://www.goodreads.com/book/show/439275.0
93743.0,Princess Lessons,3.54,128,"Young Adult, Chick Lit, Childrens",https://www.goodreads.com/book/show/93743.0
85989.0,Princess on the Brink,3.69,256,"Young Adult, Chick Lit, Childrens",https://www.goodreads.com/book/show/85989.0
25730521.0,The Princess Diaries Collection Meg Cabot 10 Books Set,4.24,N/A,"High School, Young Adult, Chick Lit",https://www.goodreads.com/book/show/25730521.0
13541056.0,Queen of Air and Darkness,4.32,893,"Fantasy, Urban Fantasy, Romance",https://www.goodreads.com/book/show/13541056.0
12586034.0,"Articles on Novels by Libba Bray, Including: A Great and Terrible Beauty, Rebel Angels (Libba Bray Novel), the Sweet Far Thing, Gemma Doyle Trilogy, List of Gemma Doyle Trilogy Characters",3.76,36,,https://www.goodreads.com/book/show/12586034.0
93727.0,Project Princess,3.54,50,"Young Adult, Chick Lit, Childrens",https://www.goodreads.com/book/show/93727.0
181545370.0,Red Kayak by Priscilla Cummings,0.00,N/A,,https://www.goodreads.com/book/show/181545370.0
199785.0,Reunion,4.08,289,"Fantasy, Supernatural, Romance",https://www.goodreads.com/book/show/199785.0
122826702.0,"PROM By Anderson, Laurie Halse (Author) Paperback on 02-Feb-2006",3.00,N/A,,https://www.goodreads.com/book/show/122826702.0
231663912.0,Study Guide: Rooftoppers by Katherine Rundell,0.00,82,,https://www.goodreads.com/book/show/231663912.0
31685789.0,Room,4.08,321,"Adult, Fiction, Adult Fiction",https://www.goodreads.com/book/show/31685789.0
2753843.0,Revelations,3.90,264,"Fantasy, Romance, Fiction",https://www.goodreads.com/book/show/2753843.0
62629688.0,Study Guide: Ruin and Rising by Leigh Bardugo,1.00,58,,https://www.goodreads.com/book/show/62629688.0
51798382.0,Rules for Being a Girl,3.96,304,"Young Adult, Realistic Fiction, Romance",https://www.goodreads.com/book/show/51798382.0
23215471.0,Royal Wedding,3.90,448,"Adult, Young Adult, Chick Lit",https://www.goodreads.com/book/show/23215471.0
167482904.0,Emerald Green (Ruby Red Trilogy) by Gier. Kerstin ( 2013 ) Hardcover,4.21,N/A,"Science Fiction, Fantasy, Romance",https://www.goodreads.com/book/show/167482904.0
133034581.0,"Running Loose by Crutcher, Chris. (Greenwillow Books,2003) [Paperback]",0.00,N/A,,https://www.goodreads.com/book/show/133034581.0
6460331.0,Runaway,3.90,310,"Science Fiction, Young Adult, Chick Lit",https://www.goodreads.com/book/show/6460331.0
27280362.0,The Grisha Trilogy,4.27,1248,"Fantasy, Romance, Fiction",https://www.goodreads.com/book/show/27280362.0
17236366.0,Sea of Shadows,3.77,406,"Fantasy, Romance, Fiction",https://www.goodreads.com/book/show/17236366.0
24625312.0,Summary & Study Guide Safe Haven by Nicholas Sparks,4.42,52,,https://www.goodreads.com/book/show/24625312.0
5960325.0,Shanghai Girls,3.92,309,"Asia, Fiction, Historical",https://www.goodreads.com/book/show/5960325.0
134615657.0,Say What You Will by Cammie McGovern (3-Jun-2014) Hardcover,3.64,N/A,"Young Adult, Realistic Fiction, Romance",https://www.goodreads.com/book/show/134615657.0
27886923.0,See Me: By Nicholas Sparks -- A Full Summary & More!,4.32,680,,https://www.goodreads.com/book/show/27886923.0
167117849.0,[(Shelter )] [Author: Harlan Coben] [Jun-2012],3.95,N/A,"Mystery, Fiction, Mystery Thriller",https://www.goodreads.com/book/show/167117849.0
209362575.0,Slob by Ellen Potter,0.00,N/A,,https://www.goodreads.com/book/show/209362575.0
221116515.0,Study Guide: Silent To The Bone by E. L. Konigsburg,0.00,61,,https://www.goodreads.com/book/show/221116515.0
8554005.0,Sing You Home,3.82,466,"Adult, Chick Lit, LGBT",https://www.goodreads.com/book/show/8554005.0
27246856.0,Shiny Broken Pieces,3.79,374,"Young Adult, Mystery, Romance",https://www.goodreads.com/book/show/27246856.0
3054684.0,Stargazer,3.79,329,"Fantasy, Supernatural, Romance",https://www.goodreads.com/book/show/3054684.0
6609851.0,Solace of the Road,3.61,272,"Young Adult, Realistic Fiction, Fiction",https://www.goodreads.com/book/show/6609851.0
27398480.0,Summary & Study Guide Someday This Pain Will Be Useful to You by Peter Cameron,5.00,26,,https://www.goodreads.com/book/show/27398480.0
31179074.0,"Sucktown, Alaska",3.03,350,"Adventure, Young Adult, Realistic Fiction",https://www.goodreads.com/book/show/31179074.0
159925363.0,Sula: Toni Morrison (Modern Critical Interpretations),4.00,N/A,,https://www.goodreads.com/book/show/159925363.0
9266769.0,Summer and the City,3.61,409,"Young Adult, Chick Lit, Romance",https://www.goodreads.com/book/show/9266769.0
36511792.0,Symptoms of a Heartbreak,3.47,304,"Young Adult, Realistic Fiction, Romance",https://www.goodreads.com/book/show/36511792.0
41885688.0,Strange Grace,3.55,417,"Fantasy, LGBT, Romance",https://www.goodreads.com/book/show/41885688.0
135512872.0,"Woman's Hardcover Novel Collection: Another City, Not My Own By Dominick Dunne; Blessings By Anna Quindlen; Hey Good Looking By Fern Michaels and Summer Sisters By Judy Blume",0.00,N/A,,https://www.goodreads.com/book/show/135512872.0
17165938.0,Swagger,4.16,304,"High School, Realistic Fiction, Fiction",https://www.goodreads.com/book/show/17165938.0
63875463.0,Atlas Six,3.54,N/A,"Fantasy, Adult, Mystery",https://www.goodreads.com/book/show/63875463.0
11455096.0,Tempest,3.70,413,"Science Fiction, Fantasy, Romance",https://www.goodreads.com/book/show/11455096.0
25893582.0,Tell Me Three Things,4.00,328,"Young Adult, Realistic Fiction, Romance",https://www.goodreads.com/book/show/25893582.0
9535352.0,Texas Gothic,3.82,416,"Fantasy, Mystery, Romance",https://www.goodreads.com/book/show/9535352.0
25548744.0,The Becoming of Noah Shaw,3.64,384,"Fantasy, Mystery, Romance",https://www.goodreads.com/book/show/25548744.0
42265183.0,The Beautiful,3.65,448,"Fantasy, Romance, Historical",https://www.goodreads.com/book/show/42265183.0
206728659.0,"[ THE BATTLE OF JERICHO ] By Draper, Sharon M ( Author) 2003 [ Hardcover ]",0.00,N/A,,https://www.goodreads.com/book/show/206728659.0
182332.0,The Blue Girl,3.95,368,"Fantasy, Urban Fantasy, Fiction",https://www.goodreads.com/book/show/182332.0
25576654.0,Summary & Study Guide The Brief Wondrous Life of Oscar Wao by Junot Díaz,4.11,79,,https://www.goodreads.com/book/show/25576654.0
49632708.0,The Burning,3.75,352,"Fantasy, Young Adult, Fiction",https://www.goodreads.com/book/show/49632708.0
10813410.0,The Big Bad Wolf by James Patterson | Summary & Study Guide,4.18,55,Fiction,https://www.goodreads.com/book/show/10813410.0
7091370.0,The Carrie Diaries,3.56,389,"High School, Young Adult, Chick Lit",https://www.goodreads.com/book/show/7091370.0
69136.0,The Book of Lost Things,3.96,339,"Fantasy, Books About Books, Fairy Tales",https://www.goodreads.com/book/show/69136.0
35822313.0,Summary & Study Guide The Christopher Killer by Alane Ferguson,0.00,51,,https://www.goodreads.com/book/show/35822313.0
668506.0,"The chocolate war, by Robert Cormier: Teacher Guide",3.50,32,,https://www.goodreads.com/book/show/668506.0
33810737.0,The Case for Jamie,3.98,349,"Young Adult, Mystery, Romance",https://www.goodreads.com/book/show/33810737.0
25402194.0,The Choice,4.01,325,"Adult, Chick Lit, Romance",https://www.goodreads.com/book/show/25402194.0
1335107.0,The Circle of Blood,4.17,236,"Mystery, Fiction, Contemporary",https://www.goodreads.com/book/show/1335107.0
33914005.0,"The Closest I've Come: An Inspiring YA Novel About a Latino Teen, Bravery, and Being True to Yourself",3.88,320,"Young Adult, Realistic Fiction, Latinx",https://www.goodreads.com/book/show/33914005.0
53131137.0,The Damned,3.75,401,"Fantasy, Romance, Paranormal",https://www.goodreads.com/book/show/53131137.0
22929537.0,The Devil You Know,3.57,256,"Young Adult, Mystery, Romance",https://www.goodreads.com/book/show/22929537.0
15993203.0,The Dark Days Club,3.79,485,"Fantasy, Romance, Fiction",https://www.goodreads.com/book/show/15993203.0
6435578.0,The Dark Days of Hamburger Halpin,3.60,248,"Humor, Realistic Fiction, Mystery",https://www.goodreads.com/book/show/6435578.0
6392760.0,The Dying Breath,4.28,232,"Mystery, Fiction, Teen",https://www.goodreads.com/book/show/6392760.0
53435901.0,The Electric Kingdom,3.86,432,"Science Fiction, Fantasy, Fiction",https://www.goodreads.com/book/show/53435901.0
7728889.0,The Diviners,3.94,578,"Fantasy, Mystery, Horror",https://www.goodreads.com/book/show/7728889.0
28691932.0,The Forgetting,3.96,403,"Science Fiction, Fantasy, Romance",https://www.goodreads.com/book/show/28691932.0
19471.0,The Face On The Milk Carton By Caroline B. Cooney: Teacher Guide,3.87,32,,https://www.goodreads.com/book/show/19471.0
123433995.0,"THE FOUR WINDS BY KRISTIN HANNAH: Compelling Story of Family, Sacrifice, and Redemption in a Time of Turmoil",4.21,27,,https://www.goodreads.com/book/show/123433995.0
23846040.0,The Distance from Me to You,3.77,352,"Adventure, Young Adult, Travel",https://www.goodreads.com/book/show/23846040.0
168295410.0,The Guardian by Nicholas Sparks,4.16,N/A,"Adult, Chick Lit, Romance",https://www.goodreads.com/book/show/168295410.0
33413895.0,The Girl Who Drew Butterflies: How Maria Merian's Art Changed Science,4.32,120,"Middle Grade, Nature, Biography",https://www.goodreads.com/book/show/33413895.0
208258883.0,The Here and Now by Ann Brashares (1-Jan-2015) Paperback,0.00,N/A,,https://www.goodreads.com/book/show/208258883.0
12732967.0,The Help by Kathryn Stockett Summary & Study Guide,4.42,N/A,,https://www.goodreads.com/book/show/12732967.0
40524975.0,Summary: The Great Alone Kristin Hannah,4.17,51,"Fiction, Audiobook",https://www.goodreads.com/book/show/40524975.0
7242735.0,The Julian Game,3.13,200,"High School, Young Adult, Realistic Fiction",https://www.goodreads.com/book/show/7242735.0
12767125.0,The House of the Scorpion by Nancy Farmer Summary & Study Guide,4.00,N/A,Dystopia,https://www.goodreads.com/book/show/12767125.0
18079527.0,The Impossible Knife of Memory,3.91,391,"Mental Illness, Young Adult, Realistic Fiction",https://www.goodreads.com/book/show/18079527.0
30256105.0,The Last of August,3.60,317,"Young Adult, Mystery, Romance",https://www.goodreads.com/book/show/30256105.0
211993471.0,Study Guide: The Line Tender by Kate Allen,0.00,63,,https://www.goodreads.com/book/show/211993471.0
196940682.0,"[The Living (The Living Series)] [By: de la Peña, Matt] [January, 2015]",3.00,N/A,,https://www.goodreads.com/book/show/196940682.0
18079776.0,The Invention of Wings,4.26,384,"Adult, Fiction, Historical",https://www.goodreads.com/book/show/18079776.0
6411961.0,The Lost Symbol,3.76,509,"Adventure, Mystery, Fiction",https://www.goodreads.com/book/show/6411961.0
24733600.0,The Masked Truth,3.88,340,"Young Adult, Mystery, Romance",https://www.goodreads.com/book/show/24733600.0
16101126.0,The Moon and More,3.62,435,"Young Adult, Realistic Fiction, Chick Lit",https://www.goodreads.com/book/show/16101126.0
235206324.0,"Name of the Star, The",5.00,3,,https://www.goodreads.com/book/show/235206324.0
13597723.0,The Naturals,4.22,308,"Mystery, Romance, Fiction",https://www.goodreads.com/book/show/13597723.0
339339.0,The Nature of Jade,3.84,304,"Mental Illness, Young Adult, Realistic Fiction",https://www.goodreads.com/book/show/339339.0
33648131.0,The Notebook,4.16,227,"Adult, Chick Lit, Classics",https://www.goodreads.com/book/show/33648131.0
252915.0,The O'Reilly Factor for Kids: A Survival Guide for America's Families – An Ethics Code with Candid Wisdom for Youth and Parents,3.06,224,"Self Help, Comedy, Childrens",https://www.goodreads.com/book/show/252915.0
7005786.0,The Pact: A Love Story,4.03,416,"Chick Lit, Mystery, Romance",https://www.goodreads.com/book/show/7005786.0
212485256.0,The Porcupine of Truth by Bill Konigsberg (26-May-2015) Hardcover,4.00,N/A,,https://www.goodreads.com/book/show/212485256.0
231962.0,The Queen of Everything,3.52,384,"Young Adult, Chick Lit, Realistic Fiction",https://www.goodreads.com/book/show/231962.0
88165876.0,Study Guide: The Queen of Nothing by Holly Black,4.67,66,,https://www.goodreads.com/book/show/88165876.0
10798428.0,The Queen of Kentucky,3.75,375,"Young Adult, Realistic Fiction, Chick Lit",https://www.goodreads.com/book/show/10798428.0
62022.0,The Queen's Gambit,4.18,258,"Classics, Fiction, Historical",https://www.goodreads.com/book/show/62022.0
168931132.0,The Princess Diaries Collection: All the first 8 Books in a Presentation Box Set - RRP: 47.92 (Princess Diaries) by Meg Cabot (2007) Paperback,4.11,N/A,"Humor, Romance, Fiction",https://www.goodreads.com/book/show/168931132.0
26165821.0,Summary & Study Guide The Rag and Bone Shop by Robert Cormier,0.00,26,,https://www.goodreads.com/book/show/26165821.0
3462.0,The Rescue,4.13,339,"Adult, Chick Lit, Romance",https://www.goodreads.com/book/show/3462.0
18296016.0,The Ring and the Crown,3.43,384,"Fantasy, Romance, Fiction",https://www.goodreads.com/book/show/18296016.0
55928775.0,Summary & Discussions of The Return By Nicholas Sparks,4.56,N/A,,https://www.goodreads.com/book/show/55928775.0
8354134.0,The Running Dream,4.29,339,"Young Adult, Realistic Fiction, Fiction",https://www.goodreads.com/book/show/8354134.0
38097294.0,The Revolution of Birdie Randolph,4.00,336,"Young Adult, Realistic Fiction, LGBT",https://www.goodreads.com/book/show/38097294.0
5454.0,The Second Summer of the Sisterhood,3.81,373,"Young Adult, Chick Lit, Realistic Fiction",https://www.goodreads.com/book/show/5454.0
6598461.0,The Six Rules of Maybe,3.66,336,"Young Adult, Realistic Fiction, Chick Lit",https://www.goodreads.com/book/show/6598461.0
207092098.0,"[The Shadow in the North] (By: Philip Pullman) [published: November, 2009]",0.00,N/A,,https://www.goodreads.com/book/show/207092098.0
45044785.0,The Silvered Serpents,4.07,406,"Fantasy, Romance, Fiction",https://www.goodreads.com/book/show/45044785.0
28105.0,The Steps,3.54,144,"Middle Grade, Young Adult, Realistic Fiction",https://www.goodreads.com/book/show/28105.0
33566871.0,The Speaker,4.09,487,"Fantasy, Adventure, Romance",https://www.goodreads.com/book/show/33566871.0
127459.0,The Sweet Far Thing,3.97,819,"Fantasy, Romance, Fiction",https://www.goodreads.com/book/show/127459.0
199360634.0,Study Guide: The Stolen Heir by Holly Black,0.00,44,,https://www.goodreads.com/book/show/199360634.0
24960557.0,Summary & Study Guide The Tenth Circle by Jodi Picoult,3.50,36,,https://www.goodreads.com/book/show/24960557.0
133384056.0,"The Story of Us by Caletti, Deb (2013) Paperback",3.70,N/A,"Young Adult, Realistic Fiction, Chick Lit",https://www.goodreads.com/book/show/133384056.0
132762235.0,The Truth About Forever by Sarah Dessen (1-May-2008) Paperback,4.12,N/A,"Young Adult, Chick Lit, Realistic Fiction",https://www.goodreads.com/book/show/132762235.0
35608668.0,The Truth and Lies of Ella Black,3.04,344,"Young Adult, Mystery, Romance",https://www.goodreads.com/book/show/35608668.0
13326831.0,The Testing,4.05,325,"Science Fiction, Fantasy, Romance",https://www.goodreads.com/book/show/13326831.0
231016424.0,"[The Walls Around Us] [By: Suma, Nova Ren] [March, 2015]",3.68,N/A,"Fantasy, Magical Realism, Mystery",https://www.goodreads.com/book/show/231016424.0
48717633.0,The Voting Booth,3.85,293,"Young Adult, Realistic Fiction, Romance",https://www.goodreads.com/book/show/48717633.0
213647.0,The Warrior Heir,3.94,426,"Fantasy, Adventure, Urban Fantasy",https://www.goodreads.com/book/show/213647.0
59924416.0,Summary of The Wish By Nicholas Sparks,4.30,39,,https://www.goodreads.com/book/show/59924416.0
35297438.0,The Year of Living Awkwardly: Sophomore Year,3.96,384,"Young Adult, Chick Lit, Realistic Fiction",https://www.goodreads.com/book/show/35297438.0
212578358.0,Thirsty by M.T. Anderson,3.24,N/A,"Fantasy, Horror, Fiction",https://www.goodreads.com/book/show/212578358.0
55977932.0,Things We Couldn't Say,3.75,312,"Young Adult, LGBT, Romance",https://www.goodreads.com/book/show/55977932.0
60196394.0,Study Guide: This Is Our Story by Ashley Elston,0.00,75,,https://www.goodreads.com/book/show/60196394.0
7092449.0,Thirteen Plus One,4.11,304,"Middle Grade, Realistic Fiction, Childrens",https://www.goodreads.com/book/show/7092449.0
15790870.0,Thousand Words,3.77,284,"High School, Young Adult, Realistic Fiction",https://www.goodreads.com/book/show/15790870.0
46777.0,Tithe,3.69,272,"Fantasy, Urban Fantasy, Romance",https://www.goodreads.com/book/show/46777.0
22205.0,This Lullaby,4.01,345,"Young Adult, Chick Lit, Realistic Fiction",https://www.goodreads.com/book/show/22205.0
33799302.0,Top Ten,3.28,320,"Young Adult, Realistic Fiction, LGBT",https://www.goodreads.com/book/show/33799302.0
52766407.0,Today Tonight Tomorrow,4.02,364,"Young Adult, Romance, Fiction",https://www.goodreads.com/book/show/52766407.0
428263.0,Eclipse,3.74,629,"Fantasy, Romance, Fiction",https://www.goodreads.com/book/show/428263.0
18710209.0,Tiny Pretty Things,3.67,448,"Young Adult, Mystery, Romance",https://www.goodreads.com/book/show/18710209.0
40669990.0,Two by Two,3.97,486,"Adult, Chick Lit, Romance",https://www.goodreads.com/book/show/40669990.0
10799881.0,Underworld,3.86,336,"Fantasy, Mythology, Romance",https://www.goodreads.com/book/show/10799881.0
28101540.0,Under Rose-Tainted Skies,3.97,330,"Mental Illness, Romance, Mental Health",https://www.goodreads.com/book/show/28101540.0
124039465.0,Tyrell by Coe Booth,5.00,N/A,,https://www.goodreads.com/book/show/124039465.0
22749788.0,Undertow,3.86,376,"Science Fiction, Fantasy, Romance",https://www.goodreads.com/book/show/22749788.0
48929807.0,Vicious Spirits,4.04,429,"Fantasy, Urban Fantasy, Romance",https://www.goodreads.com/book/show/48929807.0
23222.0,Valentine Princess,3.67,96,"Humor, Young Adult, Chick Lit",https://www.goodreads.com/book/show/23222.0
23341259.0,Violent Ends,3.98,384,"Young Adult, Realistic Fiction, Fiction",https://www.goodreads.com/book/show/23341259.0
202729066.0,Vanishing Ranch: Books 1-3,4.78,699,Mystery Thriller,https://www.goodreads.com/book/show/202729066.0
44286277.0,Under Shifting Stars,3.95,272,"Young Adult, Realistic Fiction, LGBT",https://www.goodreads.com/book/show/44286277.0
232213197.0,"When Mr Dog Bites by Conaghan, Brian (2014) Hardcover",0.00,N/A,,https://www.goodreads.com/book/show/232213197.0
12447718.0,Summary & Study Guide What Happened to Goodbye by Sarah Dessen,4.16,56,,https://www.goodreads.com/book/show/12447718.0
21424993.0,Summary & Study Guide What I Saw and How I Lied by Judy Blundell,3.75,62,,https://www.goodreads.com/book/show/21424993.0
18006657.0,Walk two moons by Sharon Creech: Student packet,4.24,N/A,,https://www.goodreads.com/book/show/18006657.0
42133479.0,Wicked Fox,3.75,429,"Fantasy, Mythology, Romance",https://www.goodreads.com/book/show/42133479.0
38199094.0,Summary & Study Guide Why We Broke Up by Daniel Handler,0.00,34,,https://www.goodreads.com/book/show/38199094.0
13449631.0,White Space,3.28,560,"Science Fiction, Fantasy, Mystery",https://www.goodreads.com/book/show/13449631.0
4570768.0,Willow,3.90,329,"Mental Illness, Young Adult, Realistic Fiction",https://www.goodreads.com/book/show/4570768.0
19370974.0,Wonders of the Invisible World,3.78,352,"Fantasy, Magical Realism, LGBT",https://www.goodreads.com/book/show/19370974.0
200627079.0,When We Make It: A Nuyorican Novel,4.39,539,"Latinx, Mental Health, Fiction",https://www.goodreads.com/book/show/200627079.0
34991098.0,Wolf Hollow by Lauren Wolk Student Workbook: Quick Student Workbooks,4.57,72,,https://www.goodreads.com/book/show/34991098.0
420062.0,Wrecked,3.59,256,"Grief, Realistic Fiction, Fiction",https://www.goodreads.com/book/show/420062.0
31423684.0,Zenn Diagram,3.78,328,"Fantasy, Magical Realism, Young Adult",https://www.goodreads.com/book/show/31423684.0
51822300.0,You Say It First,3.37,368,"Young Adult, Young Adult Romance, Romance",https://www.goodreads.com/book/show/51822300.0
58678530.0,Zia Erases the World,4.13,256,"Fantasy, Magical Realism, Middle Grade",https://www.goodreads.com/book/show/58678530.0
66900.0,Alice on the Outside,3.95,176,"Banned Books, Middle Grade, Young Adult",https://www.goodreads.com/book/show/66900.0
36608320.0,Zorro Isabel Allende - O Começo da Lenda,3.80,404,"Adventure, Spanish Literature, Classics",https://www.goodreads.com/book/show/36608320.0
201114.0,Sold,4.24,268,"Banned Books, Realistic Fiction, Fiction",https://www.goodreads.com/book/show/201114.0
50659468.0,A Court of Mist and Fury,4.63,626,"Fantasy, Romance, Fiction",https://www.goodreads.com/book/show/50659468.0
24707533.0,Summary & Study Guide Forever…by Judy Blume,2.75,39,,https://www.goodreads.com/book/show/24707533.0
7939024.0,I'll Get There. It Better Be Worth the Trip.,3.80,228,"Classics, LGBT, Romance",https://www.goodreads.com/book/show/7939024.0
21223879.0,Summary & Study Guide Wicked: The Life and Times of the Wicked Witch of the West by Gregory Maguire,5.00,69,,https://www.goodreads.com/book/show/21223879.0
953412.0,Halloween ABC,3.72,32,"Banned Books, Halloween, Picture Books",https://www.goodreads.com/book/show/953412.0
205957322.0,Revolting Rhymes,4.15,80,"Fantasy, Humor, Classics",https://www.goodreads.com/book/show/205957322.0
92516.0,Sideways Stories From Wayside School By Louis Sachar: A Novel Study,4.11,86,,https://www.goodreads.com/book/show/92516.0
13497.0,A Feast for Crows,4.17,1060,"Fantasy, Adult, Fiction",https://www.goodreads.com/book/show/13497.0
28114545.0,"A Haunting Collection by Mary Downing Hahn: Deep and Dark and Dangerous, All the Lovely Bad Ones, and Wait Till Helen Comes",4.39,576,"Horror, Ghosts",https://www.goodreads.com/book/show/28114545.0
29905900.0,Antisocial,3.39,256,"Young Adult, Realistic Fiction, Mystery",https://www.goodreads.com/book/show/29905900.0
139529417.0,Annexed by Sharon Dogar,3.67,N/A,,https://www.goodreads.com/book/show/139529417.0
28763240.0,At the Edge of the Universe,4.14,304,"Science Fiction, Young Adult, LGBT",https://www.goodreads.com/book/show/28763240.0
196575083.0,Study Guide: Be Not Far from Me by Mindy McGinnis,0.00,66,,https://www.goodreads.com/book/show/196575083.0
29451548.0,A Girl Like That,3.67,378,"Young Adult, Realistic Fiction, Romance",https://www.goodreads.com/book/show/29451548.0
12000020.0,Aristotle and Dante Discover the Secrets of the Universe,4.29,390,"Young Adult, LGBT, Romance",https://www.goodreads.com/book/show/12000020.0
6323474.0,Beautiful,3.66,232,"Young Adult, Realistic Fiction, Romance",https://www.goodreads.com/book/show/6323474.0
12651912.0,Collateral,3.90,496,"Adult, Young Adult, Realistic Fiction",https://www.goodreads.com/book/show/12651912.0
43726550.0,Home After Dark,3.65,416,"Adult, Graphic Novels, Fiction",https://www.goodreads.com/book/show/43726550.0
44778083.0,House of Earth and Blood,4.45,803,"Fantasy, Urban Fantasy, Romance",https://www.goodreads.com/book/show/44778083.0
36259780.0,Batman: White Knight #1,4.27,32,"Superheroes, Graphic Novels, Graphic Novels Comics",https://www.goodreads.com/book/show/36259780.0
49656780.0,Home Body,4.06,192,"Adult, Self Help, Mental Health",https://www.goodreads.com/book/show/49656780.0
16158596.0,Lexicon,3.90,390,"Science Fiction, Fantasy, Mystery",https://www.goodreads.com/book/show/16158596.0
202359965.0,Study Guide: Loveless by Alice Oseman,4.00,62,,https://www.goodreads.com/book/show/202359965.0
10640535.0,Mercy by Jodi Picoult Summary & Study Guide,3.62,N/A,,https://www.goodreads.com/book/show/10640535.0
52148580.0,Love Is for Losers,3.80,352,"Lesbian, Young Adult, LGBT",https://www.goodreads.com/book/show/52148580.0
44890081.0,My Dark Vanessa,4.10,373,"Literary Fiction, Adult, Fiction",https://www.goodreads.com/book/show/44890081.0
24625312.0,Summary & Study Guide Safe Haven by Nicholas Sparks,4.42,52,,https://www.goodreads.com/book/show/24625312.0
37491874.0,Maestros,3.71,192,"Fantasy, Adult, Graphic Novels",https://www.goodreads.com/book/show/37491874.0
28926586.0,Study Guide: Oryx and Crake by Margaret Atwood,3.83,70,Audiobook,https://www.goodreads.com/book/show/28926586.0
156634251.0,Study Guide: The First to Die at the End by Adam Silvera,0.00,100,,https://www.goodreads.com/book/show/156634251.0
88165876.0,Study Guide: The Queen of Nothing by Holly Black,4.67,66,,https://www.goodreads.com/book/show/88165876.0
33566336.0,Milk and Honey by Rupi Kaur | Conversation Starters,3.84,67,,https://www.goodreads.com/book/show/33566336.0
38116996.0,The Past and Other Things That Should Stay Buried,3.59,296,"Fantasy, Young Adult, LGBT",https://www.goodreads.com/book/show/38116996.0
25576732.0,Summary & Study Guide The God of Small Things by Arundhati Roy,3.70,93,,https://www.goodreads.com/book/show/25576732.0
38097294.0,The Revolution of Birdie Randolph,4.00,336,"Young Adult, Realistic Fiction, LGBT",https://www.goodreads.com/book/show/38097294.0
36412998.0,The Stars and the Blackness Between Them,4.25,312,"Lesbian, Young Adult, LGBT",https://www.goodreads.com/book/show/36412998.0
55977932.0,Things We Couldn't Say,3.75,312,"Young Adult, LGBT, Romance",https://www.goodreads.com/book/show/55977932.0
35606560.0,The Sun and Her Flowers,4.08,256,"Adult, Romance, Mental Health",https://www.goodreads.com/book/show/35606560.0
10843755.0,Triangles,3.95,529,"Adult, Young Adult, Romance",https://www.goodreads.com/book/show/10843755.0
52766407.0,Today Tonight Tomorrow,4.02,364,"Young Adult, Romance, Fiction",https://www.goodreads.com/book/show/52766407.0
16151178.0,The Sea of Tranquility,4.29,449,"High School, Young Adult, Romance",https://www.goodreads.com/book/show/16151178.0
35604682.0,Tyler Johnson Was Here,3.87,304,"Young Adult, Realistic Fiction, Fiction",https://www.goodreads.com/book/show/35604682.0
2954411.0,Living Dead Girl,3.78,170,"Young Adult, Realistic Fiction, Horror",https://www.goodreads.com/book/show/2954411.0
193382407.0,Die Graphic Novel als Medium des Widerstandes. M. Satrapis Persepolis im Vergleich zu Zahra's Paradise von Amir u. Khalil by Ludwig Lohmann,0.00,N/A,,https://www.goodreads.com/book/show/193382407.0
73068653.0,Woodcuts of Women: Stories,3.60,192,"Banned Books, Latino, Graphic Novels",https://www.goodreads.com/book/show/73068653.0
12882265.0,Lullaby by Chuck Palahniuk l Summary & Study Guide,3.75,N/A,,https://www.goodreads.com/book/show/12882265.0
29401474.0,What Girls Are Made Of,3.78,200,"Banned Books, Young Adult, Realistic Fiction",https://www.goodreads.com/book/show/29401474.0
49909479.0,"A Clockwork Orange by Anthony Burgess (Book Analysis): Detailed Summary, Analysis and Reading Guide",4.50,27,,https://www.goodreads.com/book/show/49909479.0
76713323.0,Empire of Storms,4.63,733,"Fantasy, Romance, Fiction",https://www.goodreads.com/book/show/76713323.0
243802574.0,"[Graceling] (By: Kristin Cashore) [published: September, 2009]",0.00,N/A,,https://www.goodreads.com/book/show/243802574.0
28783749.0,The ABC's of LGBT+,4.23,190,"LGBT, Sexuality, Transgender",https://www.goodreads.com/book/show/28783749.0
157713404.0,"By E. Lockhart Real Live Boyfriends: Yes. Boyfriends, plural. If my life weren't complicated, I wouldn't be Ruby Ol",3.96,N/A,"Young Adult, Chick Lit, Realistic Fiction",https://www.goodreads.com/book/show/157713404.0
10858119.0,Water for Elephants by Sara Gruen Summary & Study Guide,3.88,N/A,Fiction,https://www.goodreads.com/book/show/10858119.0
40291564.0,Storm and Fury,4.03,512,"Fantasy, Urban Fantasy, Romance",https://www.goodreads.com/book/show/40291564.0
200925440.0,11/22/63: A Novel by Stephen King,4.35,3,"Science Fiction, Fantasy, Horror",https://www.goodreads.com/book/show/200925440.0
22844166.0,1922,3.89,132,"Novella, Horror, Fiction",https://www.goodreads.com/book/show/22844166.0
57753973.0,1984: The Graphic Novel,4.19,284,"Science Fiction, Adult, Graphic Novels",https://www.goodreads.com/book/show/57753973.0
90985.0,33 Snowfish,3.79,192,"Banned Books, Realistic Fiction, Fiction",https://www.goodreads.com/book/show/90985.0
31019571.0,10 Things I Can See From Here,3.57,312,"Young Adult, LGBT, Romance",https://www.goodreads.com/book/show/31019571.0
23013665.0,21 Proms,3.23,298,"Young Adult, Realistic Fiction, Romance",https://www.goodreads.com/book/show/23013665.0
131061.0,A Bad Boy Can Be Good for a Girl,3.50,228,"Banned Books, Realistic Fiction, Romance",https://www.goodreads.com/book/show/131061.0
12355880.0,37 Things I Love,3.56,224,"Grief, Young Adult, Realistic Fiction",https://www.goodreads.com/book/show/12355880.0
21807239.0,House on Mango Street Teacher Guide - Literature Teaching Unit for The House on Mango Street by Sandra Cisneros,3.50,122,,https://www.goodreads.com/book/show/21807239.0
49552592.0,A Complicated Love Story Set in Space,3.91,464,"Science Fiction, LGBT, Mystery",https://www.goodreads.com/book/show/49552592.0
50659471.0,A Court of Frost and Starlight,3.71,272,"Fantasy, EROTICA GENRE DEFINITION ACCORDING TO GOODREADS, Romance",https://www.goodreads.com/book/show/50659471.0
289601.0,A Certain Slant of Light,3.84,282,"Fantasy, Supernatural, Romance",https://www.goodreads.com/book/show/289601.0
10572.0,A Clash of Kings,4.42,1009,"Fantasy, Adult, Fiction",https://www.goodreads.com/book/show/10572.0
49247031.0,A Curse of Roses,3.75,352,"Fantasy, Lesbian, LGBT",https://www.goodreads.com/book/show/49247031.0
50659468.0,A Court of Mist and Fury,4.63,626,"Fantasy, Romance, Fiction",https://www.goodreads.com/book/show/50659468.0
50659467.0,A Court of Thorns and Roses,4.16,419,"Fantasy, Romance, Fiction",https://www.goodreads.com/book/show/50659467.0
53138095.0,A ​Court of Silver Flames,4.45,757,"Fantasy, Romance, Fiction",https://www.goodreads.com/book/show/53138095.0
29451548.0,A Girl Like That,3.67,378,"Young Adult, Realistic Fiction, Romance",https://www.goodreads.com/book/show/29451548.0
29960804.0,A Good Idea,3.26,384,"LGBT, Mystery, Fiction",https://www.goodreads.com/book/show/29960804.0
50659472.0,A Court of Wings and Ruin,4.46,699,"Fantasy, Romance, Fiction",https://www.goodreads.com/book/show/50659472.0
161168.0,A Day No Pigs Would Die: A Unit Plan Based On The Book By Robert Newton Peck,3.95,143,,https://www.goodreads.com/book/show/161168.0
27276424.0,A Sin Such as This,3.86,384,"Adult, Mystery, Romance",https://www.goodreads.com/book/show/27276424.0
13497.0,A Feast for Crows,4.17,1060,"Fantasy, Adult, Fiction",https://www.goodreads.com/book/show/13497.0
55099459.0,"A Sitting in St. James: An Epic YA Historical Novel of Slavery, Secrets, and Brutal Truths in Antebellum Louisiana",4.05,480,"Adult, LGBT, Fiction",https://www.goodreads.com/book/show/55099459.0
48464.0,A Good Man Is Hard to Find and Other Stories,4.16,252,"Southern Gothic, Classics, Fiction",https://www.goodreads.com/book/show/48464.0
31368108.0,Summary of A Stolen Life: by Jaycee Dugard | Includes Analysis,3.25,23,,https://www.goodreads.com/book/show/31368108.0
38568.0,A Quick Bite,3.91,360,"Fantasy, Adult, Urban Fantasy",https://www.goodreads.com/book/show/38568.0
40778117.0,After Series Anna Todd Collection 4 Books Set: After / After We Collided / After We Fell / After Ever Happy,4.29,2656,"Adult, M F Romance, Romance",https://www.goodreads.com/book/show/40778117.0
946610.0,A Yellow Raft in Blue Water: Michael Dorris,2.20,72,,https://www.goodreads.com/book/show/946610.0
66900.0,Alice on the Outside,3.95,176,"Banned Books, Middle Grade, Young Adult",https://www.goodreads.com/book/show/66900.0
32333318.0,After the Game,3.90,352,"High School, Young Adult, Romance",https://www.goodreads.com/book/show/32333318.0
44280883.0,All Boys Aren’t Blue,4.18,304,"Banned Books, LGBT, Biography",https://www.goodreads.com/book/show/44280883.0
43801602.0,All the Things We Do in the Dark: A Dark YA Thriller of Secrets and Scars,3.51,296,"Young Adult, Mystery, LGBT",https://www.goodreads.com/book/show/43801602.0
38823528.0,Summary of All the Bright Places by Jennifer Niven: Conversation Starters,4.33,70,,https://www.goodreads.com/book/show/38823528.0
42603984.0,Ace of Spades,4.13,470,"LGBT, Mystery, Fiction",https://www.goodreads.com/book/show/42603984.0
25657130.0,All American Boys,4.29,316,"Banned Books, Young Adult, Realistic Fiction",https://www.goodreads.com/book/show/25657130.0
121193861.0,Summary of All Your Perfects: Colleen Hoover,4.00,38,,https://www.goodreads.com/book/show/121193861.0
30037870.0,Allegedly,4.02,390,"Young Adult, Mystery, Fiction",https://www.goodreads.com/book/show/30037870.0
201907591.0,"(Almost Perfect) [By: Katcher, Brian] [Nov, 2010]",0.00,N/A,,https://www.goodreads.com/book/show/201907591.0
55583439.0,Study Guide: American Street by Ibi Zoboi,5.00,60,,https://www.goodreads.com/book/show/55583439.0
28676.0,American Psycho,3.80,399,"Classics, Horror, Fiction",https://www.goodreads.com/book/show/28676.0
37780.0,Anatomy of a Boyfriend,3.39,272,"Young Adult, Realistic Fiction, Chick Lit",https://www.goodreads.com/book/show/37780.0
15796700.0,Americanah,4.31,477,"Literary Fiction, Fiction, Feminism",https://www.goodreads.com/book/show/15796700.0
33296246.0,Almost Adulting: All You Need to Know to Get It Together,3.28,208,"Adult, Humor, Self Help",https://www.goodreads.com/book/show/33296246.0
346756.0,America,3.95,256,"Mental Illness, Banned Books, Realistic Fiction",https://www.goodreads.com/book/show/346756.0
117997.0,And Tango Makes Three,4.36,32,"Banned Books, Picture Books, LGBT",https://www.goodreads.com/book/show/117997.0
57552438.0,And They Lived . . .,3.94,384,"Young Adult, LGBT, Romance",https://www.goodreads.com/book/show/57552438.0
35794821.0,Anne Frank's Diary: The Graphic Adaptation,4.37,151,"Graphic Novels, Classics, Biography",https://www.goodreads.com/book/show/35794821.0
13628184.0,Anatomy of a Single Girl,3.34,227,"Young Adult, Realistic Fiction, Romance",https://www.goodreads.com/book/show/13628184.0
135144655.0,"Fabbity-Fab! A Big Box of Georgia (Confessions of Georgia Nicolson)- On the Bright Side, I'm Now the Girlfriend of a Sex God / Knocked Out by My Nunga-Nungas / Angus, Thongs and Full-Frontal Snogging by Louise Rennison",4.27,N/A,"Humor, Young Adult",https://www.goodreads.com/book/show/135144655.0
18459855.0,Another Day,3.58,327,"Fantasy, Young Adult, LGBT",https://www.goodreads.com/book/show/18459855.0
52535437.0,Antiracist Baby,4.05,24,"Picture Books, Childrens, Anti Racist",https://www.goodreads.com/book/show/52535437.0
151553325.0,Ask the Passengers by A.S. King,0.00,N/A,,https://www.goodreads.com/book/show/151553325.0
58667398.0,Arden Grey,4.01,288,"Young Adult, LGBT, Romance",https://www.goodreads.com/book/show/58667398.0
10618.0,Apt Pupil,3.93,179,"Novella, Mystery, Horror",https://www.goodreads.com/book/show/10618.0
57308955.0,Assassination Classroom Series Volume 6 7 8 10 Collection 4 Books Set By Yusei Matsui,4.20,N/A,,https://www.goodreads.com/book/show/57308955.0
133134201.0,"[Assassination Classroom, Vol. 1 (1)] [By: Matsui, Yusei] [December, 2014]",4.00,N/A,,https://www.goodreads.com/book/show/133134201.0
58838445.0,Assassination Classroom Series Vol 11 12 13 14 Collection 4 Books Set By Yusei Matsui,4.00,N/A,,https://www.goodreads.com/book/show/58838445.0
25255576.0,Asking For It,4.00,346,"Young Adult, Realistic Fiction, Mental Health",https://www.goodreads.com/book/show/25255576.0
58838445.0,Assassination Classroom Series Vol 11 12 13 14 Collection 4 Books Set By Yusei Matsui,4.00,N/A,,https://www.goodreads.com/book/show/58838445.0
58838445.0,Assassination Classroom Series Vol 11 12 13 14 Collection 4 Books Set By Yusei Matsui,4.00,N/A,,https://www.goodreads.com/book/show/58838445.0
52190991.0,Any Way the Wind Blows,4.11,579,"Fantasy, LGBT, Romance",https://www.goodreads.com/book/show/52190991.0
58838445.0,Assassination Classroom Series Vol 11 12 13 14 Collection 4 Books Set By Yusei Matsui,4.00,N/A,,https://www.goodreads.com/book/show/58838445.0
58102410.0,Assassination Classroom Series Vol 11 12 14 15 Collection 4 Books Set By Yusei Matsui,4.00,N/A,,https://www.goodreads.com/book/show/58102410.0
58315469.0,Assassination Classroom Series Vol 16 17 18 19 20 Collection 5 Books Set By Yusei Matsui,4.00,N/A,,https://www.goodreads.com/book/show/58315469.0
58315469.0,Assassination Classroom Series Vol 16 17 18 19 20 Collection 5 Books Set By Yusei Matsui,4.00,N/A,,https://www.goodreads.com/book/show/58315469.0
58315469.0,Assassination Classroom Series Vol 16 17 18 19 20 Collection 5 Books Set By Yusei Matsui,4.00,N/A,,https://www.goodreads.com/book/show/58315469.0
58315469.0,Assassination Classroom Series Vol 16 17 18 19 20 Collection 5 Books Set By Yusei Matsui,4.00,N/A,,https://www.goodreads.com/book/show/58315469.0
141913055.0,Assassination Classroom Series Vol 16 17 18 19 20 21 Collection 6 Books Set By Yusei Matsui,4.00,1208,,https://www.goodreads.com/book/show/141913055.0
57566089.0,Assassination Classroom Series Vol 2 3 4 5 Collection 4 Books Set By Yusei Matsui,4.25,N/A,,https://www.goodreads.com/book/show/57566089.0
164828170.0,"[Assassination Classroom, Vol. 2 (2)] [By: Matsui, Yusei] [February, 2015]",4.26,N/A,"Science Fiction, Humor, Manga",https://www.goodreads.com/book/show/164828170.0
58315469.0,Assassination Classroom Series Vol 16 17 18 19 20 Collection 5 Books Set By Yusei Matsui,4.00,N/A,,https://www.goodreads.com/book/show/58315469.0
57308955.0,Assassination Classroom Series Volume 6 7 8 10 Collection 4 Books Set By Yusei Matsui,4.20,N/A,,https://www.goodreads.com/book/show/57308955.0
57308955.0,Assassination Classroom Series Volume 6 7 8 10 Collection 4 Books Set By Yusei Matsui,4.20,N/A,,https://www.goodreads.com/book/show/57308955.0
57566089.0,Assassination Classroom Series Vol 2 3 4 5 Collection 4 Books Set By Yusei Matsui,4.25,N/A,,https://www.goodreads.com/book/show/57566089.0
57308955.0,Assassination Classroom Series Volume 6 7 8 10 Collection 4 Books Set By Yusei Matsui,4.20,N/A,,https://www.goodreads.com/book/show/57308955.0
57566089.0,Assassination Classroom Series Vol 2 3 4 5 Collection 4 Books Set By Yusei Matsui,4.25,N/A,,https://www.goodreads.com/book/show/57566089.0
29363921.0,"Assassination Classroom, Vol. 9",4.33,194,"Science Fiction, Humor, Manga",https://www.goodreads.com/book/show/29363921.0
239379453.0,Novel Unit: Ban This Book by Alan Gratz,0.00,46,,https://www.goodreads.com/book/show/239379453.0
27919232.0,Autonomous,2.69,368,"Science Fiction, Adventure, Teen",https://www.goodreads.com/book/show/27919232.0
36259780.0,Batman: White Knight #1,4.27,32,"Superheroes, Graphic Novels, Graphic Novels Comics",https://www.goodreads.com/book/show/36259780.0
5543684.0,Bait,3.95,239,"Young Adult, Realistic Fiction, LGBT",https://www.goodreads.com/book/show/5543684.0
132169640.0,Bag of Bones by Stephen King 1998,3.92,N/A,"Fantasy, Mystery, Horror",https://www.goodreads.com/book/show/132169640.0
6323474.0,Beautiful,3.66,232,"Young Adult, Realistic Fiction, Romance",https://www.goodreads.com/book/show/6323474.0
9464733.0,Beauty Queens,3.62,396,"Adventure, Humor, Young Adult",https://www.goodreads.com/book/show/9464733.0
28587986.0,Being Jazz: My Life as a (Transgender) Teen,3.87,272,"LGBT, Biography, Memoir",https://www.goodreads.com/book/show/28587986.0
30082672.0,Being Transgender,3.27,63,Banned Books,https://www.goodreads.com/book/show/30082672.0
6070950.0,Bed of Roses,4.13,335,"Adult, Chick Lit, Romance",https://www.goodreads.com/book/show/6070950.0
6149.0,Beloved,3.98,325,"Magical Realism, Classics, School",https://www.goodreads.com/book/show/6149.0
18166920.0,Beyond Magenta: Transgender and Nonbinary Teens Speak Out,3.80,182,"Banned Books, LGBT, Transgender",https://www.goodreads.com/book/show/18166920.0
19510835.0,Summary & Study Guide Betrayed by P. C. Cast,3.43,37,,https://www.goodreads.com/book/show/19510835.0
11505797.0,Beautiful Disaster,4.00,432,"Romance, Fiction, Contemporary",https://www.goodreads.com/book/show/11505797.0
137068994.0,[(Before I Die )] [Author: Jenny Downham] [May-2009],3.81,N/A,"Young Adult, Realistic Fiction, Romance",https://www.goodreads.com/book/show/137068994.0
58754006.0,Summary Billy Summers by Stephen King,4.18,N/A,,https://www.goodreads.com/book/show/58754006.0
200090747.0,Black Girl Unlimited: The Remarkable Story of a Teenage Wizard,4.31,N/A,"Fantasy, Magical Realism, Young Adult",https://www.goodreads.com/book/show/200090747.0
10607.0,Black House,4.04,659,"Fantasy, Supernatural, Mystery",https://www.goodreads.com/book/show/10607.0
18806240.0,Bone Gap,3.80,373,"Fantasy, Magical Realism, Mystery",https://www.goodreads.com/book/show/18806240.0
349473.0,Blaze,3.77,285,"Mystery, Horror, Fiction",https://www.goodreads.com/book/show/349473.0
8601666.0,Blessed,3.94,480,"Fantasy, Romance, Paranormal",https://www.goodreads.com/book/show/8601666.0
588723.0,Beyond the Chocolate War,3.61,288,"Banned Books, Realistic Fiction, Classics",https://www.goodreads.com/book/show/588723.0
7940591.0,Blockade Billy,3.48,112,"Baseball, Horror, Fiction",https://www.goodreads.com/book/show/7940591.0
43330704.0,Summary & Study Guide Born At Midnight by C. C. Hunter,0.00,40,,https://www.goodreads.com/book/show/43330704.0
55276659.0,Both Can Be True,4.03,368,"Middle Grade, Young Adult, LGBT",https://www.goodreads.com/book/show/55276659.0
49151016.0,Body Talk: 37 Voices Explore Our Radical Anatomy,4.03,256,"Essays, Mental Health, Feminism",https://www.goodreads.com/book/show/49151016.0
156758105.0,[(Boy Toy )] [Author: Barry Lyga] [Jan-2009],0.00,N/A,,https://www.goodreads.com/book/show/156758105.0
589817.0,Boy Girl Boy: A Wry and Insightful YA Novel of LGBTQ Teens and Self-Discovery,3.07,180,"Banned Books, LGBT, Romance",https://www.goodreads.com/book/show/589817.0
42202041.0,Brave Face: A Memoir,4.41,368,"LGBT, Biography, Mental Health",https://www.goodreads.com/book/show/42202041.0
35540804.0,Blood Water Paint,4.15,298,"Art, Fiction, Historical",https://www.goodreads.com/book/show/35540804.0
167923004.0,"P.C.Cast & Kristien Cast Three Book Set; Burned, Awakened, Hunted. 3 House of Night Novels",4.43,N/A,,https://www.goodreads.com/book/show/167923004.0
34506937.0,Brazen: Rebel Ladies Who Rocked the World,4.51,296,"Graphic Novels, Biography, Comics",https://www.goodreads.com/book/show/34506937.0
37924244.0,Call Me By Your Name: by Andre Aciman | Conversation Starters,3.40,59,,https://www.goodreads.com/book/show/37924244.0
114551467.0,Study Guide: Cemetery Boys by Aiden Thomas,0.00,68,,https://www.goodreads.com/book/show/114551467.0
10567.0,Cell,3.65,449,"Science Fiction, Fantasy, Horror",https://www.goodreads.com/book/show/10567.0
1609451.0,Change of Heart,3.95,448,"Adult, Chick Lit, Fiction",https://www.goodreads.com/book/show/1609451.0
131769156.0,"Christian, the Hugging Lion by Justin Richardson",3.00,N/A,,https://www.goodreads.com/book/show/131769156.0
8755785.0,City of Heavenly Fire,4.38,725,"Fantasy, Urban Fantasy, Romance",https://www.goodreads.com/book/show/8755785.0
8662836.0,Chain Reaction,4.09,310,"High School, Young Adult, Realistic Fiction",https://www.goodreads.com/book/show/8662836.0
17262254.0,Cherry Money Baby,3.44,400,"Young Adult, Realistic Fiction, Romance",https://www.goodreads.com/book/show/17262254.0
10592.0,Carrie,3.99,272,"Fantasy, Supernatural, Classics",https://www.goodreads.com/book/show/10592.0
49909479.0,"A Clockwork Orange by Anthony Burgess (Book Analysis): Detailed Summary, Analysis and Reading Guide",4.50,27,,https://www.goodreads.com/book/show/49909479.0
18335634.0,Clockwork Princess,4.55,567,"Fantasy, Urban Fantasy, Romance",https://www.goodreads.com/book/show/18335634.0
12651912.0,Collateral,3.90,496,"Adult, Young Adult, Realistic Fiction",https://www.goodreads.com/book/show/12651912.0
10629.0,Christine,3.86,360,"Fantasy, Supernatural, Mystery",https://www.goodreads.com/book/show/10629.0
140082.0,Club Dead,4.02,274,"Fantasy, Mystery, Urban Fantasy",https://www.goodreads.com/book/show/140082.0
52822210.0,Concrete Rose,4.37,368,"Young Adult, Realistic Fiction, Fiction",https://www.goodreads.com/book/show/52822210.0
56978106.0,Cold,3.45,230,"LGBT, Mystery, Fiction",https://www.goodreads.com/book/show/56978106.0
12437190.0,Crank by Ellen Hopkins l Summary & Study Guide,4.60,N/A,,https://www.goodreads.com/book/show/12437190.0
36260155.0,Damsel,3.30,320,"Fantasy, Retellings, Dragons",https://www.goodreads.com/book/show/36260155.0
171543011.0,Cujo (1981) Stephen King 1st Print Hardback,4.19,N/A,Horror,https://www.goodreads.com/book/show/171543011.0
29394.0,Cursor's Fury,4.37,442,"Fantasy, Adventure, Fiction",https://www.goodreads.com/book/show/29394.0
123447996.0,Danse Macabre by Stephen King,3.67,N/A,"Books About Books, Biography, Horror",https://www.goodreads.com/book/show/123447996.0
76705490.0,Crown of Midnight,4.36,420,"Fantasy, Romance, Fiction",https://www.goodreads.com/book/show/76705490.0
25534684.0,Summary of Dark Places: by Gillian Flynn | Includes Analysis,3.69,62,,https://www.goodreads.com/book/show/25534684.0
49025767.0,Darius the Great Deserves Better,4.24,342,"Young Adult, LGBT, Romance",https://www.goodreads.com/book/show/49025767.0
130228293.0,"Dancing in My Nuddy-Pants: Even Further Confessions of Georgia Nicolson by Rennison, Louise [HarperTeen, 2006] Paperback [Paperback]",4.01,N/A,"Humor, Chick Lit, Romance",https://www.goodreads.com/book/show/130228293.0
10480652.0,Summary & Study Guide Dead Until Dark by Charlaine Harris,4.27,51,,https://www.goodreads.com/book/show/10480652.0
131442291.0,True Blood 4 Dead to the World by Charlaine Harris (3-Jul-1905) Paperback,4.12,N/A,"Fantasy, Mystery, Urban Fantasy",https://www.goodreads.com/book/show/131442291.0
140079.0,Definitely Dead,4.02,324,"Fantasy, Mystery, Urban Fantasy",https://www.goodreads.com/book/show/140079.0
58768920.0,Study Guide: Dear Martin by Nic Stone,0.00,65,,https://www.goodreads.com/book/show/58768920.0
34992959.0,Defy Me,4.27,357,"Science Fiction, Fantasy, Romance",https://www.goodreads.com/book/show/34992959.0
16130549.0,Doctor Sleep,4.13,531,"Fantasy, Supernatural, Horror",https://www.goodreads.com/book/show/16130549.0
150418259.0,Drama: A Graphic Novel,4.18,1,"Middle Grade, Graphic Novels, LGBT",https://www.goodreads.com/book/show/150418259.0
3271570.0,Dishes,3.08,160,"Realistic Fiction, LGBT, Romance",https://www.goodreads.com/book/show/3271570.0
28094689.0,Different Seasons: Four Novellas,4.36,687,"Fantasy, Mystery, Horror",https://www.goodreads.com/book/show/28094689.0
216879764.0,Dime by E. R. Frank,0.00,N/A,,https://www.goodreads.com/book/show/216879764.0
25269113.0,Summary & Study Guide Eleanor & Park by Rainbow Rowell,4.10,68,,https://www.goodreads.com/book/show/25269113.0
158817396.0,Study Guide: Empire of Wild by Cherie Dimaline,0.00,76,,https://www.goodreads.com/book/show/158817396.0
11570.0,Dreamcatcher,3.66,688,"Science Fiction, Fantasy, Supernatural",https://www.goodreads.com/book/show/11570.0
76713323.0,Empire of Storms,4.63,733,"Fantasy, Romance, Fiction",https://www.goodreads.com/book/show/76713323.0
33837159.0,Summary: End of Watch by Stephen King,3.40,35,,https://www.goodreads.com/book/show/33837159.0
35297272.0,Emergency Contact,3.62,394,"Young Adult, Realistic Fiction, Romance",https://www.goodreads.com/book/show/35297272.0
17455817.0,Every Last Breath,4.19,378,"Fantasy, Urban Fantasy, Romance",https://www.goodreads.com/book/show/17455817.0
1240370.0,Exit Here.,3.89,464,"Young Adult, Realistic Fiction, Addiction",https://www.goodreads.com/book/show/1240370.0
228611711.0,Study Guide: Every Heart A Doorway by Seanan McGuire,0.00,68,,https://www.goodreads.com/book/show/228611711.0
44012880.0,Fable,4.00,357,"Fantasy, Romance, Fiction",https://www.goodreads.com/book/show/44012880.0
203487403.0,livro extremely loud and incredibly close foer jonathan safran 2005,0.00,N/A,,https://www.goodreads.com/book/show/203487403.0
129753906.0,Everything's Eventual: 14 Dark Tales by Stephen King [Hardcover Book in Russian],3.97,N/A,"Fantasy, Horror, Fiction",https://www.goodreads.com/book/show/129753906.0
19365546.0,Summary & Study Guide Fallout by Ellen Hopkins,4.67,31,,https://www.goodreads.com/book/show/19365546.0
2454990.0,"Fairy Tail, Vol. 02",4.36,208,"Fantasy, Adventure, Manga",https://www.goodreads.com/book/show/2454990.0
128892076.0,"[Fairy Tail, Vol. 5] [By: Hiro Mashima] [June, 2011]",0.00,N/A,,https://www.goodreads.com/book/show/128892076.0
25402261.0,Summary & Study Guide Fangirl by Rainbow Rowell,4.17,84,New Adult,https://www.goodreads.com/book/show/25402261.0
170817313.0,"[Fairy Tail: Vol. 1] (By: Hiro Mashima) [published: August, 2012]",4.32,N/A,"Fantasy, Adventure, Manga",https://www.goodreads.com/book/show/170817313.0
93602405.0,Study Guide: Felix Ever After by Kacen Callender,1.00,56,,https://www.goodreads.com/book/show/93602405.0
58709417.0,"Fight Club by Chuck Palahniuk (Book Analysis): Detailed Summary, Analysis and Reading Guide",1.00,23,,https://www.goodreads.com/book/show/58709417.0
193578065.0,Study Guide: Flamer by Mike Curato,0.00,59,,https://www.goodreads.com/book/show/193578065.0
25794364.0,Summary of Finders Keepers: by Stephen King | Includes Analysis,4.09,35,Fiction,https://www.goodreads.com/book/show/25794364.0
42037023.0,Summary of Flowers for Algernon by Daniel Keyes | Trivia/Quiz for Fans,3.60,N/A,,https://www.goodreads.com/book/show/42037023.0
139527480.0,"Families, Families, Families! by Lang, Suzanne (2015) Hardcover",4.22,N/A,"Humor, Picture Books, Childrens",https://www.goodreads.com/book/show/139527480.0
4736504.0,Flirtin' with the Monster: Your Favorite Authors on Ellen Hopkins' Crank and Glass,4.18,180,"Realistic Fiction, Addiction, Teen",https://www.goodreads.com/book/show/4736504.0
7600924.0,Forbidden,3.95,418,"Young Adult, Realistic Fiction, Romance",https://www.goodreads.com/book/show/7600924.0
10807667.0,Flowers in the Attic by V.C. Andrews: Summary & Study Guide,4.50,43,,https://www.goodreads.com/book/show/10807667.0
147379248.0,Forever for a Year by B. T. Gottfred,3.08,N/A,"Banned Books, Young Adult, Realistic Fiction",https://www.goodreads.com/book/show/147379248.0
42595554.0,Foul Is Fair,3.70,336,"Retellings, Young Adult, Mystery",https://www.goodreads.com/book/show/42595554.0
24707533.0,Summary & Study Guide Forever…by Judy Blume,2.75,39,,https://www.goodreads.com/book/show/24707533.0
124141633.0,Secret Window/Four Past Midnight by Stephen King,3.94,N/A,"Novella, Mystery, Horror",https://www.goodreads.com/book/show/124141633.0
317929.0,Friction,3.50,208,"High School, Young Adult, Realistic Fiction",https://www.goodreads.com/book/show/317929.0
38897636.0,Full Disclosure,3.90,320,"Young Adult, LGBT, Romance",https://www.goodreads.com/book/show/38897636.0
22076.0,From a Buick 8,3.49,356,"Science Fiction, Fantasy, Supernatural",https://www.goodreads.com/book/show/22076.0
61803540.0,Summary Of Gender Queer: A Memoir By Maia Kobabe,4.00,N/A,,https://www.goodreads.com/book/show/61803540.0
20702546.0,"Gabi, a Girl in Pieces",3.95,284,"Young Adult, Realistic Fiction, LGBT",https://www.goodreads.com/book/show/20702546.0
46120865.0,Summary & Study Guide Frostbite by Richelle Mead,0.00,33,,https://www.goodreads.com/book/show/46120865.0
222535465.0,"Best Friends Series, 3 Books Set, Real Friends, Best Friends, Friends Forever, by Shannon Hale",4.71,784,,https://www.goodreads.com/book/show/222535465.0
34323570.0,Furyborn,3.78,497,"Fantasy, Romance, Fiction",https://www.goodreads.com/book/show/34323570.0
12464693.0,Ghost World by Daniel Clowes l Summary & Study Guide,4.50,N/A,,https://www.goodreads.com/book/show/12464693.0
228784237.0,"(Girl in Translation) [By: Kwok, Jean] [Jun, 2011]",3.99,N/A,"Young Adult, Fiction, China",https://www.goodreads.com/book/show/228784237.0
56614597.0,Gilded,3.86,502,"Fantasy, Retellings, Romance",https://www.goodreads.com/book/show/56614597.0
35721231.0,Girl Made of Stars,4.18,295,"Lesbian, Young Adult, LGBT",https://www.goodreads.com/book/show/35721231.0
34647324.0,Ghost Boys,4.33,214,"Middle Grade, Realistic Fiction, Fiction",https://www.goodreads.com/book/show/34647324.0
7422080.0,Girl Parts,3.04,218,"Science Fiction, Fantasy, Romance",https://www.goodreads.com/book/show/7422080.0
12505294.0,Girl with a Pearl Earring by Tracy Chevalier l Summary & Study Guide,4.00,N/A,,https://www.goodreads.com/book/show/12505294.0
241376602.0,Girls of Paper and Fire by Natasha Ngan,0.00,N/A,,https://www.goodreads.com/book/show/241376602.0
28003097.0,Georgia Peaches and Other Forbidden Fruit,3.75,437,"Lesbian, Young Adult, LGBT",https://www.goodreads.com/book/show/28003097.0
142620186.0,Goth Girl Rising by Barry Lyga,0.00,N/A,,https://www.goodreads.com/book/show/142620186.0
270804.0,Glass,4.29,681,"Young Adult, Realistic Fiction, Addiction",https://www.goodreads.com/book/show/270804.0
137479177.0,Grasshopper Jungle by Andrew Smith,3.67,N/A,,https://www.goodreads.com/book/show/137479177.0
54823478.0,Grace and Glory,4.00,512,"Fantasy, Urban Fantasy, Romance",https://www.goodreads.com/book/show/54823478.0
211398170.0,Study Guide: Go Ask Alice by Beatrice Sparks,0.00,78,,https://www.goodreads.com/book/show/211398170.0
49875140.0,GOSSIP GIRL: A Novel by Cecily von Ziegesar,3.50,N/A,"Young Adult, Chick Lit, Romance",https://www.goodreads.com/book/show/49875140.0
243802574.0,"[Graceling] (By: Kristin Cashore) [published: September, 2009]",0.00,N/A,,https://www.goodreads.com/book/show/243802574.0
37264.0,"Good-Bye, Chunky Rice",3.78,128,"Graphic Novels, Graphic Novels Comics, Fiction",https://www.goodreads.com/book/show/37264.0
31706530.0,Grit,3.57,304,"Young Adult, Realistic Fiction, Mystery",https://www.goodreads.com/book/show/31706530.0
34430839.0,Gwendy's Button Box,3.92,171,"Fantasy, Novella, Mystery",https://www.goodreads.com/book/show/34430839.0
59366265.0,Gwendy's Final Task,4.05,288,"Science Fiction, Fantasy, Mystery",https://www.goodreads.com/book/show/59366265.0
49397758.0,Grown,4.24,384,"Young Adult, Mystery, Fiction",https://www.goodreads.com/book/show/49397758.0
22288.0,Haunted,3.59,419,"Adult, Dark, Horror",https://www.goodreads.com/book/show/22288.0
3720975.0,Handle with Care,4.01,477,"Adult, Chick Lit, Fiction",https://www.goodreads.com/book/show/3720975.0
18749.0,Half of a Yellow Sun,4.34,435,"Fiction, Historical, War",https://www.goodreads.com/book/show/18749.0
43197389.0,High School,4.28,384,"LGBT, Biography, Memoir",https://www.goodreads.com/book/show/43197389.0
40536342.0,Heroine,4.28,419,"Young Adult, Realistic Fiction, Fiction",https://www.goodreads.com/book/show/40536342.0
123931239.0,Hearts in Atlantis by Stephen King,3.86,N/A,"Fantasy, Mystery, Horror",https://www.goodreads.com/book/show/123931239.0
194610770.0,Study Guide: History is All You Left Me by Adam Silvera,0.00,71,,https://www.goodreads.com/book/show/194610770.0
6373717.0,Hold Still,3.99,230,"Young Adult, Realistic Fiction, LGBT",https://www.goodreads.com/book/show/6373717.0
30896134.0,Summary of Homegoing: By Yaa Gyasi - Includes Analysis,4.19,28,,https://www.goodreads.com/book/show/30896134.0
22736613.0,Hold Me Closer: The Tiny Cooper Story,3.53,208,"Humor, Plays, Young Adult",https://www.goodreads.com/book/show/22736613.0
49656780.0,Home Body,4.06,192,"Adult, Self Help, Mental Health",https://www.goodreads.com/book/show/49656780.0
44778083.0,House of Earth and Blood,4.45,803,"Fantasy, Urban Fantasy, Romance",https://www.goodreads.com/book/show/44778083.0
58437738.0,Howl,3.86,432,"Fantasy, LGBT, Horror",https://www.goodreads.com/book/show/58437738.0
43726550.0,Home After Dark,3.65,416,"Adult, Graphic Novels, Fiction",https://www.goodreads.com/book/show/43726550.0
38926487.0,All Your Perfects,3.99,305,"Romance, Fiction, Colleen Hoover",https://www.goodreads.com/book/show/38926487.0
245779371.0,House Rules by Jodi Picoult,5.00,N/A,,https://www.goodreads.com/book/show/245779371.0
40132775.0,House of Sky and Breath,4.42,805,"Fantasy, Romance, Fiction",https://www.goodreads.com/book/show/40132775.0
9378292.0,"How The García Girls Lost Their Accents, By Julia Alvarez: Teacher Guide",4.21,40,,https://www.goodreads.com/book/show/9378292.0
18763344.0,I Am Jazz,4.12,32,"Banned Books, Picture Books, LGBT",https://www.goodreads.com/book/show/18763344.0
102090802.0,Summary and Analysis of Hunger: A Memoir of (My) Body By Roxane Gay,0.00,24,,https://www.goodreads.com/book/show/102090802.0
45046086.0,"I Know Why the Caged Bird Sings by Maya Angelou (Book Analysis): Detailed Summary, Analysis and Reading Guide",3.80,26,,https://www.goodreads.com/book/show/45046086.0
20820994.0,I'll Give You the Sun,4.15,371,"Young Adult, Realistic Fiction, LGBT",https://www.goodreads.com/book/show/20820994.0
33098361.0,I Never,3.25,288,"Banned Books, Young Adult, Realistic Fiction",https://www.goodreads.com/book/show/33098361.0
29010395.0,I Am Not Your Perfect Mexican Daughter,4.00,344,"Young Adult, Realistic Fiction, Latinx",https://www.goodreads.com/book/show/29010395.0
244838046.0,Imaginary Friend - Stephen Chbosky,0.00,N/A,,https://www.goodreads.com/book/show/244838046.0
53705104.0,Summary of If It Bleeds by Stephen King,3.67,31,,https://www.goodreads.com/book/show/53705104.0
211395715.0,If You Find This by Matthew Baker,0.00,N/A,,https://www.goodreads.com/book/show/211395715.0
34225450.0,If There's No Tomorrow,4.02,384,"Young Adult, Realistic Fiction, Romance",https://www.goodreads.com/book/show/34225450.0
209364876.0,Study Guide: Ignite Me by Tahereh Mafi,4.00,73,,https://www.goodreads.com/book/show/209364876.0
40218122.0,Summary & Study Guide Impulse by Ellen Hopkins,0.00,52,,https://www.goodreads.com/book/show/40218122.0
20359647.0,In a Handful of Dust,3.93,384,"Science Fiction, Fiction, Post Apocalyptic",https://www.goodreads.com/book/show/20359647.0
18369851.0,Infandous,3.46,N/A,"Banned Books, Fantasy, Young Adult",https://www.goodreads.com/book/show/18369851.0
6330332.0,In Our Mothers' House,4.31,48,"Banned Books, Picture Books, LGBT",https://www.goodreads.com/book/show/6330332.0
10585.0,Insomnia,3.84,896,"Fantasy, Supernatural, Mystery",https://www.goodreads.com/book/show/10585.0
900499.0,Is He a Girl?,3.67,78,"Banned Books, Humor, Juvenile",https://www.goodreads.com/book/show/900499.0
130696223.0,"[Intensity] (By: Dean R Koontz) [published: January, 2012]",4.03,N/A,"Mystery, Horror, Fiction",https://www.goodreads.com/book/show/130696223.0
59112062.0,Summary of It Ends With Us by Colleen Hoover,4.00,40,,https://www.goodreads.com/book/show/59112062.0
126232.0,Jaws,3.94,368,"Adventure, Classics, Horror",https://www.goodreads.com/book/show/126232.0
830502.0,It,4.24,1184,"Fantasy, Classics, Mystery",https://www.goodreads.com/book/show/830502.0
150110186.0,Jarhead: a Marine's Chronicle of the Gulf War and Other Battles by Anthony Swofford,0.00,N/A,,https://www.goodreads.com/book/show/150110186.0
35552871.0,Summary & Study Guide Joyland by Stephen King,0.00,45,,https://www.goodreads.com/book/show/35552871.0
816473.0,"It's So Amazing!: A Book about Eggs, Sperm, Birth, Babies, and Families",4.39,88,"Banned Books, Picture Books, Childrens",https://www.goodreads.com/book/show/816473.0
232622450.0,"[Invisible Monsters Remix] [By: Palahniuk, Chuck] [January, 2012]",4.15,N/A,"Adult, LGBT, Horror",https://www.goodreads.com/book/show/232622450.0
26532714.0,Julián Is a Mermaid,4.50,80,"Realistic Fiction, Picture Books, LGBT",https://www.goodreads.com/book/show/26532714.0
146064.0,Jesus Land: A Memoir,3.97,384,"Religion, Biography, Memoir",https://www.goodreads.com/book/show/146064.0
88894169.0,Study Guide: Juliet Takes a Breath by Gabby Rivera,3.00,44,,https://www.goodreads.com/book/show/88894169.0
2906039.0,Just After Sunset,3.88,367,"Fantasy, Horror, Fiction",https://www.goodreads.com/book/show/2906039.0
48579405.0,Kate in Waiting,3.79,387,"Young Adult, LGBT, Romance",https://www.goodreads.com/book/show/48579405.0
11569509.0,Keeping Faith by Jodi Picoult Summary & Study Guide,4.08,N/A,Fiction,https://www.goodreads.com/book/show/11569509.0
12565477.0,Kafka on the Shore by Haruki Murakami l Summary & Study Guide,4.19,N/A,"Fiction, Ebooks",https://www.goodreads.com/book/show/12565477.0
510632.0,Killing Mr. Griffin,3.61,223,"Banned Books, Mystery, Horror",https://www.goodreads.com/book/show/510632.0
76715522.0,Kingdom of Ash,4.71,984,"Fantasy, Romance, Fiction",https://www.goodreads.com/book/show/76715522.0
272315.0,Keeping You a Secret,3.93,250,"Lesbian, LGBT, Romance",https://www.goodreads.com/book/show/272315.0
563321.0,"l8r, g8r",3.74,288,"Banned Books, Young Adult, Realistic Fiction",https://www.goodreads.com/book/show/563321.0
40523458.0,Kingsbane,3.88,608,"Fantasy, Romance, Fiction",https://www.goodreads.com/book/show/40523458.0
81071294.0,Study Guide: Last Night at the Telegraph Club by Malinda Lo,3.25,N/A,,https://www.goodreads.com/book/show/81071294.0
17158532.0,Kings Rising,4.43,385,"Fantasy, LGBT, Romance",https://www.goodreads.com/book/show/17158532.0
213285919.0,Study Guide: Laura Dean Keeps Breaking Up with Me by Mariko Tamaki,2.00,70,,https://www.goodreads.com/book/show/213285919.0
218857111.0,Kissing Kate by Lauren Myracle,0.00,N/A,,https://www.goodreads.com/book/show/218857111.0
6527740.0,Last Sacrifice,4.36,594,"Fantasy, Urban Fantasy, Romance",https://www.goodreads.com/book/show/6527740.0
24247624.0,Study guide to Leaving Time by Jodi Picoult,3.68,111,,https://www.goodreads.com/book/show/24247624.0
451220.0,Lessons from a Dead Girl,3.84,215,"Young Adult, Realistic Fiction, LGBT",https://www.goodreads.com/book/show/451220.0
31180248.0,Leah on the Offbeat,3.78,352,"Young Adult, LGBT, Romance",https://www.goodreads.com/book/show/31180248.0
25494343.0,Lady Midnight,4.35,688,"Fantasy, Urban Fantasy, Romance",https://www.goodreads.com/book/show/25494343.0
98024.0,Life Is Funny,3.83,272,"Banned Books, Realistic Fiction, Fiction",https://www.goodreads.com/book/show/98024.0
52089753.0,Layla,3.63,305,"Mystery, Romance, Fiction",https://www.goodreads.com/book/show/52089753.0
8855321.0,Leviathan Wakes,4.31,561,"Science Fiction, Fantasy, Fiction",https://www.goodreads.com/book/show/8855321.0
40190305.0,Like a Love Story,4.26,432,"LGBT, Romance, Fiction",https://www.goodreads.com/book/show/40190305.0
36253143.0,Lightbringer,3.96,592,"Fantasy, Romance, Fiction",https://www.goodreads.com/book/show/36253143.0
122040549.0,Study Guide: Lily and Dunkin by Donna Gephart,0.00,95,,https://www.goodreads.com/book/show/122040549.0
171615331.0,"Stephen King Box Set: Mr. Mercedes, Everything's Eventual, Lisey's Story by Stephen King",4.39,N/A,"Horror, Supernatural, Thriller",https://www.goodreads.com/book/show/171615331.0
136328733.0,Lush by Natasha Friend,0.00,N/A,,https://www.goodreads.com/book/show/136328733.0
17456953.0,Lighter than My Shadow,4.40,509,"Mental Illness, Graphic Novels, Graphic Novels Comics",https://www.goodreads.com/book/show/17456953.0
2954411.0,Living Dead Girl,3.78,170,"Young Adult, Realistic Fiction, Horror",https://www.goodreads.com/book/show/2954411.0
25062038.0,Little & Lion,3.80,327,"Young Adult, LGBT, Romance",https://www.goodreads.com/book/show/25062038.0
3953128.0,Little Rock Nine,3.64,128,"Graphic Novels, Childrens, Graphic Novels Comics",https://www.goodreads.com/book/show/3953128.0
62584266.0,Margo Zimmerman Gets the Girl,4.00,304,"Lesbian, LGBT, Romance",https://www.goodreads.com/book/show/62584266.0
59029659.0,Man o' War,4.36,336,"Young Adult, LGBT, Transgender",https://www.goodreads.com/book/show/59029659.0
39670893.0,ME and EARL and the Dying GIRL by Jesse Andrews: A Study Guide,2.67,37,,https://www.goodreads.com/book/show/39670893.0
24612624.0,Melissa,4.09,208,"Middle Grade, Realistic Fiction, LGBT",https://www.goodreads.com/book/show/24612624.0
12882265.0,Lullaby by Chuck Palahniuk l Summary & Study Guide,3.75,N/A,,https://www.goodreads.com/book/show/12882265.0
52664824.0,Meow or Never,4.06,256,"Lesbian, Middle Grade, LGBT",https://www.goodreads.com/book/show/52664824.0
10640535.0,Mercy by Jodi Picoult Summary & Study Guide,3.62,N/A,,https://www.goodreads.com/book/show/10640535.0
28365278.0,Summary & Study Guide Memnoch the Devil by Anne Rice,4.27,44,,https://www.goodreads.com/book/show/28365278.0
29935867.0,Midnight Jewel,3.92,416,"Fantasy, Romance, Fiction",https://www.goodreads.com/book/show/29935867.0
33566336.0,Milk and Honey by Rupi Kaur | Conversation Starters,3.84,67,,https://www.goodreads.com/book/show/33566336.0
35068534.0,Monday's Not Coming,4.26,448,"Young Adult, Mystery, Fiction",https://www.goodreads.com/book/show/35068534.0
10614.0,Misery,4.23,370,"Mystery, Horror, Fiction",https://www.goodreads.com/book/show/10614.0
12439950.0,"Me, Him, Them, and It",3.79,310,"High School, Young Adult, Realistic Fiction",https://www.goodreads.com/book/show/12439950.0
44900349.0,Music from Another World,4.16,384,"Lesbian, LGBT, Romance",https://www.goodreads.com/book/show/44900349.0
30653001.0,"My Hero Academia, Vol. 5: Shoto Todoroki: Origin",4.59,192,"Superheroes, Fantasy, Manga",https://www.goodreads.com/book/show/30653001.0
77175686.0,Study Guide: My Friend Dahmer by Derf Backderf,0.00,N/A,,https://www.goodreads.com/book/show/77175686.0
22631479.0,Mr. Mercedes by Stephen King - A 30-Minute Summary,4.34,74,"Horror, Fiction",https://www.goodreads.com/book/show/22631479.0
26465507.0,My Sister Rosa,3.78,405,"Young Adult, Mystery, Horror",https://www.goodreads.com/book/show/26465507.0
23230.0,Naomi and Ely's No Kiss List,3.38,230,"Young Adult, Realistic Fiction, LGBT",https://www.goodreads.com/book/show/23230.0
10917.0,My Sister's Keeper,4.11,423,"Adult, Chick Lit, Fiction",https://www.goodreads.com/book/show/10917.0
37004950.0,Nightingale,3.23,347,"Science Fiction, LGBT, Horror",https://www.goodreads.com/book/show/37004950.0
36105772.0,Neanderthal Opens the Door to the Universe,4.23,410,"Humor, Young Adult, Realistic Fiction",https://www.goodreads.com/book/show/36105772.0
142538341.0,"[Nick and Norah's Infinite Playlist] [By: Rachel Cohn] [January, 2007]",3.69,N/A,"Young Adult, Realistic Fiction, Romance",https://www.goodreads.com/book/show/142538341.0
227973958.0,Study Guide: Needful Things by Stephen King,0.00,84,,https://www.goodreads.com/book/show/227973958.0
200444067.0,"Von Ziegesar, Cecily. Nobody does it better; a Gossip Girl novel.(Young Adult Review)(Book Review): An article from: Kliatt",0.00,2,,https://www.goodreads.com/book/show/200444067.0
49676332.0,Study Guide: Nineteen Minutes by Jodi Picoult,4.00,80,,https://www.goodreads.com/book/show/49676332.0
1207348.0,Dolores Claiborne / Nightmares and Dreamscapes,4.27,1,Horror,https://www.goodreads.com/book/show/1207348.0
8976759.0,Num8ers,3.48,352,"Science Fiction, Fantasy, Romance",https://www.goodreads.com/book/show/8976759.0
39848512.0,Odd One Out,3.67,320,"Young Adult, Realistic Fiction, LGBT",https://www.goodreads.com/book/show/39848512.0
13112869.0,Not a Drop to Drink,3.82,309,"Science Fiction, Romance, Fiction",https://www.goodreads.com/book/show/13112869.0
133383678.0,"Native Son by Wright, Richard (2008) Paperback",4.04,N/A,"Banned Books, Classics, Fiction",https://www.goodreads.com/book/show/133383678.0
36233085.0,Once & Future,3.55,336,"Science Fiction, Fantasy, Retellings",https://www.goodreads.com/book/show/36233085.0
63290582.0,Study Guide: One Last Stop by Casey McQuiston,1.00,N/A,,https://www.goodreads.com/book/show/63290582.0
402014.0,"On the Bright Side, I'm Now the Girlfriend of a Sex God",3.95,243,"Humor, Chick Lit, Romance",https://www.goodreads.com/book/show/402014.0
9855742.0,Summary & Study Guide On Writing: A Memoir of the Craft by Stephen King,4.41,33,"Writing, Reference, Memoir",https://www.goodreads.com/book/show/9855742.0
28926586.0,Study Guide: Oryx and Crake by Margaret Atwood,3.83,70,Audiobook,https://www.goodreads.com/book/show/28926586.0
34324484.0,Not Even Bones,4.13,368,"Fantasy, Urban Fantasy, Horror",https://www.goodreads.com/book/show/34324484.0
25256386.0,Out of Darkness,4.14,402,"Banned Books, Romance, Fiction",https://www.goodreads.com/book/show/25256386.0
18465591.0,One Man Guy,3.85,255,"M M Romance, Young Adult, LGBT",https://www.goodreads.com/book/show/18465591.0
38355061.0,People Kill People,3.87,431,"Banned Books, Young Adult, Realistic Fiction",https://www.goodreads.com/book/show/38355061.0
21195638.0,Lesson Plan Outlander by Diana Gabaldon,4.32,355,,https://www.goodreads.com/book/show/21195638.0
25525380.0,Sidekick - Paper Towns: by John Green,3.72,50,,https://www.goodreads.com/book/show/25525380.0
4268157.0,Perfect Chemistry,4.04,368,"High School, Young Adult, Romance",https://www.goodreads.com/book/show/4268157.0
111180.0,Perfect Match,3.97,368,"Adult, Chick Lit, Mystery",https://www.goodreads.com/book/show/111180.0
19432656.0,Persepolis: the Story of a Childhood by Marjane Satrapi l Summary & Study Guide,4.33,32,,https://www.goodreads.com/book/show/19432656.0
45046743.0,Only Mostly Devastated,3.93,281,"Young Adult, LGBT, Romance",https://www.goodreads.com/book/show/45046743.0
161613980.0,"Persepolis 2: The Story of a Return by Satrapi, Marjane First Americaniti edition",4.22,N/A,"Graphic Novels, Biography, Iran",https://www.goodreads.com/book/show/161613980.0
28577279.0,Lesson Plan Plain Truth by Jodi Picoult,3.80,314,,https://www.goodreads.com/book/show/28577279.0
12941751.0,Pet Sematary by Stephen King Summary & Study Guide,4.33,N/A,,https://www.goodreads.com/book/show/12941751.0
85989.0,Princess on the Brink,3.69,256,"Young Adult, Chick Lit, Childrens",https://www.goodreads.com/book/show/85989.0
125853629.0,"[Pride of Baghdad] [By: Vaughan, Brian K.] [January, 2008]",0.00,N/A,,https://www.goodreads.com/book/show/125853629.0
55099955.0,Pumpkin,4.15,336,"Young Adult, LGBT, Romance",https://www.goodreads.com/book/show/55099955.0
218929546.0,Punkzilla by Adam Rapp,0.00,N/A,,https://www.goodreads.com/book/show/218929546.0
51852191.0,Rage and Ruin,4.12,540,"Fantasy, Urban Fantasy, Romance",https://www.goodreads.com/book/show/51852191.0
7810126.0,"Precious: Based on the Novel ""Push"" by Sapphire",3.92,126,"Fiction, Audiobook",https://www.goodreads.com/book/show/7810126.0
94063.0,Rainbow High,3.98,247,"M M Romance, LGBT, Romance",https://www.goodreads.com/book/show/94063.0
123004944.0,Queen of Shadows,4.62,689,"Fantasy, Romance, Fiction",https://www.goodreads.com/book/show/123004944.0
206159051.0,"Rainbow Boys by Sanchez, Alex [Simon & Schuster Books for Young Readers, 2003] Paperback [Paperback]",0.00,N/A,,https://www.goodreads.com/book/show/206159051.0
150093902.0,Rant: The Oral Biography of Buster Casey by Palahniuk Chuck (2008-05-06) Paperback,3.00,N/A,,https://www.goodreads.com/book/show/150093902.0
157713404.0,"By E. Lockhart Real Live Boyfriends: Yes. Boyfriends, plural. If my life weren't complicated, I wouldn't be Ruby Ol",3.96,N/A,"Young Adult, Chick Lit, Realistic Fiction",https://www.goodreads.com/book/show/157713404.0
230255923.0,"[Rainbow Road] [By: Sanchez, Alex] [April, 2007]",0.00,N/A,,https://www.goodreads.com/book/show/230255923.0
31449227.0,Ramona Blue,3.90,408,"Young Adult, LGBT, Romance",https://www.goodreads.com/book/show/31449227.0
131380032.0,Ready Or Not by Meg Cabot,3.44,N/A,"Humor, Chick Lit, Romance",https://www.goodreads.com/book/show/131380032.0
43721070.0,Red Hood,3.44,361,"Fantasy, Retellings, Fairy Tales",https://www.goodreads.com/book/show/43721070.0
26107311.0,Summary of Ready Player One: by Ernest Cline | Summary & Analysis,4.26,116,,https://www.goodreads.com/book/show/26107311.0
31194576.0,Release,3.64,287,"Fantasy, Magical Realism, Young Adult",https://www.goodreads.com/book/show/31194576.0
51707825.0,"Study Guide: Red, White, and Royal Blue by Casey McQuiston",3.40,46,,https://www.goodreads.com/book/show/51707825.0
83175353.0,Rise and Fall,0.00,136,,https://www.goodreads.com/book/show/83175353.0
369778.0,Remember When,4.27,440,"Romantic Suspense, Mystery, Romance",https://www.goodreads.com/book/show/369778.0
20759533.0,Rethinking Normal: A Memoir in Transition,3.80,272,"LGBT, Biography, Transgender",https://www.goodreads.com/book/show/20759533.0
228803251.0,Relish: My Life in the Kitchen by Lucy Knisley,3.95,N/A,"Graphic Novels, Cooking, Biography",https://www.goodreads.com/book/show/228803251.0
527055.0,Rhymes with Witches,3.12,237,"Fantasy, Chick Lit, Horror",https://www.goodreads.com/book/show/527055.0
20926278.0,Revival,3.81,405,"Science Fiction, Fantasy, Mystery",https://www.goodreads.com/book/show/20926278.0
137289340.0,Rules of Attraction (A Perfect Chemistry Novel) by Simone Elkeles,4.17,N/A,"High School, Young Adult, Realistic Fiction",https://www.goodreads.com/book/show/137289340.0
10619.0,Rose Madder,3.76,595,"Fantasy, Supernatural, Horror",https://www.goodreads.com/book/show/10619.0
9994787.0,Summary & Study Guide Salem's Lot by Stephen King,3.90,74,,https://www.goodreads.com/book/show/9994787.0
136990452.0,"Rumble by Hopkins, Ellen (August 26, 2014) Hardcover",4.05,N/A,"Young Adult, Realistic Fiction, LGBT",https://www.goodreads.com/book/show/136990452.0
7531478.0,Scars,4.15,248,"Mental Illness, Young Adult, LGBT",https://www.goodreads.com/book/show/7531478.0
6781956.0,Savor the Moment,4.15,9,"Adult, Chick Lit, Romance",https://www.goodreads.com/book/show/6781956.0
12451175.0,Savage Inequalities: Children in America's Schools by Jonathan Kozol summary & Study Guide,4.40,N/A,,https://www.goodreads.com/book/show/12451175.0
11569510.0,Salem Falls by Jodi Picoult Summary & Study Guide,3.94,N/A,Audiobook,https://www.goodreads.com/book/show/11569510.0
86493720.0,"Rare Dean Koontz / SEIZE THE NIGHT Signed 1st Edition 1999 [Hardcover] Koontz, Dean",4.09,N/A,"Science Fiction, Mystery, Horror",https://www.goodreads.com/book/show/86493720.0
133186623.0,Running with Scissors: A Memoir by Augusten Burroughs (12-Feb-2004) Paperback,3.77,N/A,"Humor, Autobiography, Biography",https://www.goodreads.com/book/show/133186623.0
12384984.0,See You at Harry's,4.13,310,"Middle Grade, Young Adult, Realistic Fiction",https://www.goodreads.com/book/show/12384984.0
12420142.0,Second Glance by Jodi Picoult Summary & Study Guide,3.92,N/A,,https://www.goodreads.com/book/show/12420142.0
36204669.0,Ship It,3.17,384,"Young Adult, LGBT, Romance",https://www.goodreads.com/book/show/36204669.0
58097968.0,"Serendipity: Ten Romantic Tropes, Transformed",3.21,302,"Young Adult, LGBT, Romance",https://www.goodreads.com/book/show/58097968.0
40519259.0,Shout,4.24,304,"Mental Health, Contemporary, Feminism",https://www.goodreads.com/book/show/40519259.0
8928054.0,Shine,3.82,350,"Young Adult, Realistic Fiction, Mystery",https://www.goodreads.com/book/show/8928054.0
8554005.0,Sing You Home,3.82,466,"Adult, Chick Lit, LGBT",https://www.goodreads.com/book/show/8554005.0
2418888.0,Skim,3.76,143,"Graphic Novels, LGBT, Graphic Novels Comics",https://www.goodreads.com/book/show/2418888.0
10757771.0,Shut Out,3.73,273,"High School, Young Adult, Chick Lit",https://www.goodreads.com/book/show/10757771.0
6068551.0,Shiver,3.76,392,"Fantasy, Romance, Fiction",https://www.goodreads.com/book/show/6068551.0
28763840.0,Shut Up,4.20,248,"Realistic Fiction, Young Adult, Abuse",https://www.goodreads.com/book/show/28763840.0
245889487.0,Skin and Bones by Sherry Shahan,0.00,N/A,,https://www.goodreads.com/book/show/245889487.0
51323334.0,"Slaughterhouse-Five, or the Children's Crusade: A Graphic Novel Adaptation",4.38,192,"Science Fiction, Graphic Novels, Classics",https://www.goodreads.com/book/show/51323334.0
4981.0,Slaughterhouse-Five,4.10,275,"Science Fiction, Classics, Fiction",https://www.goodreads.com/book/show/4981.0
203836131.0,Study Guide: Snapdragon by Kat Leyh,0.00,N/A,,https://www.goodreads.com/book/show/203836131.0
36010223.0,Smoke in the Sun,3.80,408,"Fantasy, Romance, Fiction",https://www.goodreads.com/book/show/36010223.0
132750267.0,"Skeleton Crew by King, Stephen (1985) Hardcover",3.97,512,"Fantasy, Horror, Fiction",https://www.goodreads.com/book/show/132750267.0
34466922.0,Sleeping Beauties,3.73,702,"Science Fiction, Fantasy, Mystery",https://www.goodreads.com/book/show/34466922.0
160146150.0,Smoke by Ellen Hopkins (10-Sep-2013) Hardcover,4.33,N/A,"Young Adult, Realistic Fiction, Romance",https://www.goodreads.com/book/show/160146150.0
209226901.0,[The Song of Susannah] [by: Stephen King],0.00,N/A,,https://www.goodreads.com/book/show/209226901.0
26941.0,Song Of Solomon (Toni Morrison): Curriculum Unit,3.70,60,,https://www.goodreads.com/book/show/26941.0
36532172.0,Someone I Used to Know,4.23,384,"Young Adult, Realistic Fiction, Romance",https://www.goodreads.com/book/show/36532172.0
201114.0,Sold,4.24,268,"Banned Books, Realistic Fiction, Fiction",https://www.goodreads.com/book/show/201114.0
39662380.0,Solo quedó nuestra historia,3.91,316,"Young Adult, LGBT, Romance",https://www.goodreads.com/book/show/39662380.0
11749151.0,Songs of the Humpback Whale by Jodi Picoult Summary & Study Guide,3.38,N/A,Fiction,https://www.goodreads.com/book/show/11749151.0
1969856.0,Sophie's Choice - William Styron: William Styron,4.34,128,,https://www.goodreads.com/book/show/1969856.0
10755314.0,"Sparks: The Epic, Completely True Blue, (Almost) Holy Quest of Debbie",3.61,264,"Lesbian, Realistic Fiction, LGBT",https://www.goodreads.com/book/show/10755314.0
39280444.0,Speak,4.05,224,"Banned Books, Young Adult, Realistic Fiction",https://www.goodreads.com/book/show/39280444.0
59839.0,Special Delivery,3.91,229,"Chick Lit, Romance, Fiction",https://www.goodreads.com/book/show/59839.0
34495927.0,Speak: The Graphic Novel,4.38,372,"Graphic Novels, Realistic Fiction, Fiction",https://www.goodreads.com/book/show/34495927.0
33163388.0,Spinning,3.89,400,"Graphic Novels, LGBT, Sports",https://www.goodreads.com/book/show/33163388.0
6479259.0,Spirit Bound,4.32,489,"Fantasy, Urban Fantasy, Romance",https://www.goodreads.com/book/show/6479259.0
500827.0,Stained,3.23,208,"Banned Books, Realistic Fiction, Mystery",https://www.goodreads.com/book/show/500827.0
55308565.0,"Study Guide: Stamped: Racism, Antiracism, and You by Jason Reynolds and Ibram X. Kendi",3.00,93,,https://www.goodreads.com/book/show/55308565.0
217710543.0,Stealing Heaven by Elizabeth Scott,4.00,N/A,,https://www.goodreads.com/book/show/217710543.0
40291564.0,Storm and Fury,4.03,512,"Fantasy, Urban Fantasy, Romance",https://www.goodreads.com/book/show/40291564.0
162921145.0,"Larry McMurty 7 volume hardcover set: Dead Man's Walk, The Late Child, Streets of Laredo, Some Can Whistle, Loop Group, When the Light Goes, Commanche Moon",4.00,N/A,,https://www.goodreads.com/book/show/162921145.0
25485029.0,We Know It Was You,2.90,352,"High School, Young Adult, Mystery",https://www.goodreads.com/book/show/25485029.0
353016.0,Tantalize,3.31,336,"Fantasy, Romance, Fiction",https://www.goodreads.com/book/show/353016.0
28763841.0,Telling,4.18,156,,https://www.goodreads.com/book/show/28763841.0
74978440.0,"Tar Baby by Morrison, Toni",3.99,264,"Literary Fiction, Classics, Fiction",https://www.goodreads.com/book/show/74978440.0
39402961.0,"Stronger, Faster, and More Beautiful",3.68,384,"Science Fiction, Fantasy, Fiction",https://www.goodreads.com/book/show/39402961.0
126062562.0,The Assassin's Blade,4.20,451,"Fantasy, Romance, Fiction",https://www.goodreads.com/book/show/126062562.0
35656180.0,The 57 Bus: A True Story of Two Teenagers and the Crime That Changed Their Lives,4.09,317,"True Crime, LGBT, Queer",https://www.goodreads.com/book/show/35656180.0
19148801.0,Study Guide to The Absolutely True Diary of a Part-Time Indian by Sherman Alexie,3.82,24,,https://www.goodreads.com/book/show/19148801.0
25978892.0,The Art of Starving,3.72,372,"Fantasy, Young Adult, LGBT",https://www.goodreads.com/book/show/25978892.0
22390639.0,Summary & Study Guide The Art of Racing in the Rain by Garth Stein,4.20,53,Audiobook,https://www.goodreads.com/book/show/22390639.0
49366204.0,The Best Laid Plans,3.58,368,"Young Adult, Young Adult Romance, Romance",https://www.goodreads.com/book/show/49366204.0
10617.0,The Bachman Books,4.15,704,"Science Fiction, Fantasy, Horror",https://www.goodreads.com/book/show/10617.0
23512999.0,The Bazaar of Bad Dreams,3.91,495,"Fantasy, Horror, Fiction",https://www.goodreads.com/book/show/23512999.0
23197837.0,The Belles,3.82,448,"Fantasy, Romance, Fiction",https://www.goodreads.com/book/show/23197837.0
45294414.0,Study Guide: The Bluest Eye by Toni Morrison,3.50,56,,https://www.goodreads.com/book/show/45294414.0
41020406.0,The Black Flamingo,4.33,360,"Young Adult, LGBT, Fiction",https://www.goodreads.com/book/show/41020406.0
28319362.0,Summary & Study Guide The Berlin Boxing Club by Robert Sharenow,3.80,94,,https://www.goodreads.com/book/show/28319362.0
22571247.0,The Carnival at Bray,3.90,235,"Realistic Fiction, Romance, Fiction",https://www.goodreads.com/book/show/22571247.0
40611463.0,The Clan of the Cave Bear,4.10,516,"Fantasy, Adventure, Classics",https://www.goodreads.com/book/show/40611463.0
187957173.0,"Blood and Ash Complete Series Collection Set, Books 1-5. From Blood and Ash, A Kingdom of Flesh and Fire, The Crown of Gilded Bones, The War of Two Queens, A Soul of Ash and Blood",4.53,N/A,"Fantasy, Smut, Romance",https://www.goodreads.com/book/show/187957173.0
10148528.0,Summary & Study Guide The Dark Tower VII: The Dark Tower by Stephen King,4.29,50,,https://www.goodreads.com/book/show/10148528.0
139031.0,"York Notes Advanced on ""The Color Purple"" by Alice Walker",4.67,N/A,"Adult, Classics, Fiction",https://www.goodreads.com/book/show/139031.0
48589165.0,The Black Friend: On Being a Better White Person,4.46,272,"Self Help, Anti Racist, Social Justice",https://www.goodreads.com/book/show/48589165.0
148133480.0,The Dead Zone by Stephen King,3.97,N/A,"Science Fiction, Fantasy, Horror",https://www.goodreads.com/book/show/148133480.0
11597.0,The Dark Half,3.81,460,"Fantasy, Supernatural, Mystery",https://www.goodreads.com/book/show/11597.0
23310734.0,The Detour,3.53,215,"Realistic Fiction, Mystery, Horror",https://www.goodreads.com/book/show/23310734.0
24976555.0,Sidekick - The DUFF: (Designated Ugly Fat Friend) by Kody Keplinger,3.43,56,,https://www.goodreads.com/book/show/24976555.0
540020.0,The Day of the Jackal,4.27,358,"Espionage, Mystery, Fiction",https://www.goodreads.com/book/show/540020.0
25812109.0,The Female of the Species,4.14,368,"Young Adult, Mystery, Fiction",https://www.goodreads.com/book/show/25812109.0
25519786.0,Summary & Study Guide The Fire Next Time by James Baldwin,0.00,23,,https://www.goodreads.com/book/show/25519786.0
123767356.0,The Family Book by Todd Parr,5.00,N/A,,https://www.goodreads.com/book/show/123767356.0
39897058.0,The Fever King,3.90,375,"Science Fiction, Fantasy, LGBT",https://www.goodreads.com/book/show/39897058.0
57678822.0,The Gentleman's Guide to Vice and Virtue & The Lady's Guide to Petticoats and Piracy By Mackenzi Lee 2 Books Collection Set,3.88,N/A,"Young Adult, LGBT, Historical Fiction",https://www.goodreads.com/book/show/57678822.0
10366941.0,The Dark Tower II: The Drawing of the Three by Stephen King - Summary & Study Guide,4.50,N/A,"Horror, Fantasy",https://www.goodreads.com/book/show/10366941.0
214560639.0,"Study Guide: The Freedom Writers Diary by Erin Gruwell, The Freedom Writers",0.00,56,,https://www.goodreads.com/book/show/214560639.0
20735140.0,Summary & Study Guide The Fountainhead by Ayn Rand,3.70,56,,https://www.goodreads.com/book/show/20735140.0
6449290.0,The Girl Who Fell from the Sky,3.61,264,"Fiction, African American, Historical Fiction",https://www.goodreads.com/book/show/6449290.0
20414849.0,Summary & Study Guide The Glass Castle by Jeannette Walls,4.03,46,,https://www.goodreads.com/book/show/20414849.0
25576732.0,Summary & Study Guide The God of Small Things by Arundhati Roy,3.70,93,,https://www.goodreads.com/book/show/25576732.0
144300140.0,The God Box by Alex Sanchez,5.00,N/A,,https://www.goodreads.com/book/show/144300140.0
11564.0,The Girl Who Loved Tom Gordon,3.64,264,"Fantasy, Mystery, Horror",https://www.goodreads.com/book/show/11564.0
167763178.0,"[The Girl with the Dragon Tattoo (Millennium)] [Author: Larsson, Stieg] [November, 2011]",4.18,N/A,"Mystery, Fiction, Mystery Thriller",https://www.goodreads.com/book/show/167763178.0
11566.0,The Green Mile,4.49,592,"Fantasy, Classics, Mystery",https://www.goodreads.com/book/show/11566.0
34593573.0,The Handsome Girl & Her Beautiful Boy,3.59,420,"Young Adult, Realistic Fiction, LGBT",https://www.goodreads.com/book/show/34593573.0
10295681.0,Summary & Study Guide The Dark Tower: The Gunslinger by Stephen King,4.27,40,,https://www.goodreads.com/book/show/10295681.0
40766383.0,The Handmaid's Tale: The Graphic Novel,4.22,240,"Science Fiction, Graphic Novels, Classics",https://www.goodreads.com/book/show/40766383.0
38448.0,The Handmaid's Tale By Margaret Atwood: A Post 16 Study Guide,3.79,40,"Classics, Audiobook",https://www.goodreads.com/book/show/38448.0
44805980.0,"The Hate U Give by Angie Thomas (Book Analysis): Detailed Summary, Analysis and Reading Guide",4.44,25,,https://www.goodreads.com/book/show/44805980.0
26095121.0,The Haters,3.41,352,"Banned Books, Humor, Young Adult",https://www.goodreads.com/book/show/26095121.0
40368755.0,"The House of the Spirits by Isabel Allende (Book Analysis): Detailed Summary, Analysis and Reading Guide",4.11,39,,https://www.goodreads.com/book/show/40368755.0
17290266.0,The Infinite Moment of Us,3.17,316,"Banned Books, Young Adult, Realistic Fiction",https://www.goodreads.com/book/show/17290266.0
43798285.0,The Institute,4.19,561,"Science Fiction, Fantasy, Mystery",https://www.goodreads.com/book/show/43798285.0
6437061.0,The Hundred Thousand Kingdoms,3.89,427,"Fantasy, Adult, Romance",https://www.goodreads.com/book/show/6437061.0
17316589.0,The Kingdom of Little Wounds,3.25,563,"Fantasy, Banned Books, Fairy Tales",https://www.goodreads.com/book/show/17316589.0
17185379.0,The Hit,3.05,303,"Science Fiction, Romance, Fiction",https://www.goodreads.com/book/show/17185379.0
21060082.0,Summary & Study Guide The Kite Runner by Khaled Hosseini,4.00,64,"Fiction, Contemporary",https://www.goodreads.com/book/show/21060082.0
11296523.0,The Kite Runner: Graphic Novel,4.45,132,"Adult, Graphic Novels, Graphic Novels Comics",https://www.goodreads.com/book/show/11296523.0
41783734.0,The Last True Poets of the Sea,3.90,400,"Lesbian, Young Adult, LGBT",https://www.goodreads.com/book/show/41783734.0
12197190.0,The Long Walk by Stephen King Summary & Study Guide,3.64,N/A,Audiobook,https://www.goodreads.com/book/show/12197190.0
1934870.0,The Little Black Book for Girlz: A Book on Healthy Sexuality,3.76,200,"Banned Books, Self Help, Sexuality",https://www.goodreads.com/book/show/1934870.0
12843717.0,The Letter Q: Queer Writers' Notes to their Younger Selves,3.92,281,"LGBT, Essays, Memoir",https://www.goodreads.com/book/show/12843717.0
55751553.0,SUMMARY Of The Invisible Life of Addie LaRue By V. E. Schwab,4.14,N/A,"Fantasy, Audiobook",https://www.goodreads.com/book/show/55751553.0
45011496.0,"The Lovely Bones by Alice Sebold (Book Analysis): Detailed Summary, Analysis and Reading Guide",4.00,24,,https://www.goodreads.com/book/show/45011496.0
60209258.0,Summary Of The Love Hypothesis by Ali Hazelwood: Chapter-by-Chapter Study Guide & Analysis,3.95,N/A,,https://www.goodreads.com/book/show/60209258.0
218985795.0,The Lover's Dictionary,3.86,N/A,"Adult, Young Adult, Romance",https://www.goodreads.com/book/show/218985795.0
31145148.0,The Love Interest,3.20,377,"Science Fiction, Young Adult, LGBT",https://www.goodreads.com/book/show/31145148.0
55329256.0,Summary Of The Marrow Thieves: By Cherie Dimaline,3.00,46,,https://www.goodreads.com/book/show/55329256.0
10079321.0,The Magician King,3.93,432,"Fantasy, Urban Fantasy, Fiction",https://www.goodreads.com/book/show/10079321.0
6101718.0,The Magicians,3.53,402,"Fantasy, Adult, Urban Fantasy",https://www.goodreads.com/book/show/6101718.0
40801157.0,The Miseducation of Cameron Post,4.06,485,"Lesbian, Young Adult, LGBT",https://www.goodreads.com/book/show/40801157.0
241199018.0,The Midnight Lie by Marie Rutkoski,0.00,N/A,,https://www.goodreads.com/book/show/241199018.0
161862450.0,"(The Lucky One) By Sparks, Nicholas (Author) Hardcover on 30-Sep-2008",4.13,N/A,"Adult, Chick Lit, Romance",https://www.goodreads.com/book/show/161862450.0
51260845.0,The Obsession,3.69,309,"Mystery, Romance, Fiction",https://www.goodreads.com/book/show/51260845.0
813214.0,The Mist,3.93,176,"Science Fiction, Fantasy, Mystery",https://www.goodreads.com/book/show/813214.0
28096541.0,The Nowhere Girls,4.26,408,"Young Adult, Realistic Fiction, LGBT",https://www.goodreads.com/book/show/28096541.0
27779274.0,The Nerdy and the Dirty,3.60,304,"Humor, Young Adult, Realistic Fiction",https://www.goodreads.com/book/show/27779274.0
36099120.0,The Opposite of Innocent,3.72,272,"Young Adult, Realistic Fiction, Abuse",https://www.goodreads.com/book/show/36099120.0
36124936.0,The Outsider,4.01,561,"Mystery, Horror, Fiction",https://www.goodreads.com/book/show/36124936.0
20412869.0,Study Guide: The Perks of Being a Wallflower by Stephen Chbosky,3.98,38,Fiction,https://www.goodreads.com/book/show/20412869.0
7005786.0,The Pact: A Love Story,4.03,416,"Chick Lit, Mystery, Romance",https://www.goodreads.com/book/show/7005786.0
50846677.0,Study Guide: The Poet X by Elizabeth Acevedo,4.75,47,,https://www.goodreads.com/book/show/50846677.0
38116996.0,The Past and Other Things That Should Stay Buried,3.59,296,"Fantasy, Young Adult, LGBT",https://www.goodreads.com/book/show/38116996.0
28111709.0,The Regulators,3.72,442,"Fantasy, Supernatural, Horror",https://www.goodreads.com/book/show/28111709.0
27409885.0,Summary & Study Guide The Sky is Everywhere by Jandy Nelson,4.00,30,,https://www.goodreads.com/book/show/27409885.0
16151178.0,The Sea of Tranquility,4.29,449,"High School, Young Adult, Romance",https://www.goodreads.com/book/show/16151178.0
20580909.0,Doctor Sleep: (The Shining) by Stephen King -- Sidekick,4.14,43,,https://www.goodreads.com/book/show/20580909.0
36412998.0,The Stars and the Blackness Between Them,4.25,312,"Lesbian, Young Adult, LGBT",https://www.goodreads.com/book/show/36412998.0
35606560.0,The Sun and Her Flowers,4.08,256,"Adult, Romance, Mental Health",https://www.goodreads.com/book/show/35606560.0
87591651.0,The Stand,4.35,N/A,"Science Fiction, Fantasy, Horror",https://www.goodreads.com/book/show/87591651.0
39085455.0,The Taking of Jake Livingston,3.42,246,"Fantasy, LGBT, Horror",https://www.goodreads.com/book/show/39085455.0
51457308.0,"The Talk: Conversations about Race, Love & Truth",4.47,148,"Middle Grade, Anti Racist, Race",https://www.goodreads.com/book/show/51457308.0
59219.0,The Talisman,4.11,656,"Fantasy, Adventure, Mystery",https://www.goodreads.com/book/show/59219.0
43818.0,Anne Rice's The Tale of the Body Thief,4.13,178,"Fantasy, Supernatural, Graphic Novels",https://www.goodreads.com/book/show/43818.0
124988166.0,The Tommyknockers by King. Stephen ( 2012 ) Paperback,5.00,N/A,,https://www.goodreads.com/book/show/124988166.0
24921954.0,The Thousandth Floor,3.65,448,"Science Fiction, Fantasy, Mystery",https://www.goodreads.com/book/show/24921954.0
43744294.0,The Swallows,3.65,399,"Mystery, Fiction, Thriller",https://www.goodreads.com/book/show/43744294.0
42975172.0,The Testaments,4.20,422,"Science Fiction, Classics, Fiction",https://www.goodreads.com/book/show/42975172.0
30653853.0,The Upside of Unrequited,3.88,336,"Young Adult, LGBT, Romance",https://www.goodreads.com/book/show/30653853.0
127356884.0,"[THE VOICE OF THE NIGHT] BY Koontz, Dean R. (Author) Berkley (publisher) Massmarketpaperback",3.96,N/A,"Mystery, Horror, Fiction",https://www.goodreads.com/book/show/127356884.0
34084.0,The Waste Lands,4.25,422,"Science Fiction, Fantasy, Adventure",https://www.goodreads.com/book/show/34084.0
69438589.0,The Truth About Alice: A Novel,3.63,1,"High School, Banned Books, Young Adult",https://www.goodreads.com/book/show/69438589.0
51002436.0,The Vampire Armand,4.18,32,Fantasy,https://www.goodreads.com/book/show/51002436.0
11019128.0,Summary & Study Guide The Wind-up Bird Chronicle by Haruki Murakami,3.82,184,,https://www.goodreads.com/book/show/11019128.0
15797848.0,There's Someone Inside Your House,3.39,287,"Young Adult, Mystery, Horror",https://www.goodreads.com/book/show/15797848.0
24795284.0,Summary & Study Guide Thirteen Reasons Why by Jay Asher,3.88,52,,https://www.goodreads.com/book/show/24795284.0
18615267.0,This Day in June,4.17,40,"Banned Books, Picture Books, LGBT",https://www.goodreads.com/book/show/18615267.0
63281649.0,Study Guide: This Is Where It Ends by Marieke Nijkamp,3.00,53,,https://www.goodreads.com/book/show/63281649.0
30312837.0,The You I've Never Known,3.94,608,"Young Adult, Realistic Fiction, LGBT",https://www.goodreads.com/book/show/30312837.0
36203673.0,This Is Kind of an Epic Love Story,3.37,304,"Young Adult, LGBT, Romance",https://www.goodreads.com/book/show/36203673.0
10605.0,Thinner,3.78,320,"Fantasy, Supernatural, Horror",https://www.goodreads.com/book/show/10605.0
163214105.0,"Touch by Prose, Francine [HarperTeen, 2010] Paperback [Paperback]",2.00,N/A,,https://www.goodreads.com/book/show/163214105.0
18465566.0,This One Summer,3.69,324,"Graphic Novels, Realistic Fiction, Fiction",https://www.goodreads.com/book/show/18465566.0
76714487.0,Tower of Dawn,4.28,688,"Fantasy, Romance, Fiction",https://www.goodreads.com/book/show/76714487.0
38175922.0,Turtles All the Way Down: by John Green | Conversation Starters,3.96,59,,https://www.goodreads.com/book/show/38175922.0
23015872.0,Traffick,4.27,505,"Young Adult, Realistic Fiction, LGBT",https://www.goodreads.com/book/show/23015872.0
5510384.0,Tricks,4.27,627,"Banned Books, Young Adult, Realistic Fiction",https://www.goodreads.com/book/show/5510384.0
141405339.0,ttyl (Talk to You Later) by Lauren Myracle,3.45,N/A,"Banned Books, Young Adult, Chick Lit",https://www.goodreads.com/book/show/141405339.0
142321989.0,ttfn,3.69,N/A,"Young Adult, Realistic Fiction, Childrens",https://www.goodreads.com/book/show/142321989.0
213288843.0,"(Twenty Boy Summer) By Ockler, Sarah (Author) Paperback on 01-May-2010",0.00,N/A,,https://www.goodreads.com/book/show/213288843.0
238522425.0,"[Two-way Street] [By: Barnholdt, Lauren] [June, 2007]",0.00,N/A,,https://www.goodreads.com/book/show/238522425.0
35604682.0,Tyler Johnson Was Here,3.87,304,"Young Adult, Realistic Fiction, Fiction",https://www.goodreads.com/book/show/35604682.0
138843202.0,Two Boys Kissing by David Levithan,4.07,N/A,"Banned Books, Young Adult, LGBT",https://www.goodreads.com/book/show/138843202.0
138547698.0,"Under the Dome by King, Stephen (2010) Paperback",3.93,N/A,"Science Fiction, Fantasy, Mystery",https://www.goodreads.com/book/show/138547698.0
657371.0,Tweak: Growing Up On Methamphetamines,3.99,336,"Addiction, Biography, Mental Health",https://www.goodreads.com/book/show/657371.0
26135139.0,Under the Lights,3.80,320,"High School, Young Adult, Romance",https://www.goodreads.com/book/show/26135139.0
191857789.0,Study Guide: Unravel Me by Tahereh Mafi,0.00,69,,https://www.goodreads.com/book/show/191857789.0
40599820.0,Unpregnant,3.76,310,"Young Adult, Realistic Fiction, Fiction",https://www.goodreads.com/book/show/40599820.0
30082682.0,Understanding Sexual Orientation and Gender Identity,3.14,63,Nonfiction,https://www.goodreads.com/book/show/30082682.0
211002023.0,Study Guide: Until Friday Night by Abbi Glines,0.00,50,,https://www.goodreads.com/book/show/211002023.0
209395118.0,Vegan Virgin Valentine by Carolyn Mackler,0.00,N/A,,https://www.goodreads.com/book/show/209395118.0
198810327.0,Study Guide: Vanishing Acts by Jodi Picoult,0.00,N/A,,https://www.goodreads.com/book/show/198810327.0
171694050.0,[(Vampire Academy )] [Author: Richelle Mead] [Aug-2008],4.10,N/A,"Fantasy, Urban Fantasy, Romance",https://www.goodreads.com/book/show/171694050.0
11958608.0,Uses for Boys,3.30,240,"Young Adult, Realistic Fiction, Romance",https://www.goodreads.com/book/show/11958608.0
30649742.0,Vigilante,3.84,288,"Young Adult, Realistic Fiction, Mystery",https://www.goodreads.com/book/show/30649742.0
10858119.0,Water for Elephants by Sara Gruen Summary & Study Guide,3.88,N/A,Fiction,https://www.goodreads.com/book/show/10858119.0
23677341.0,We Are the Ants,4.10,455,"Science Fiction, Young Adult, LGBT",https://www.goodreads.com/book/show/23677341.0
1661957.0,Wake,3.75,210,"Fantasy, Supernatural, Mystery",https://www.goodreads.com/book/show/1661957.0
29401474.0,What Girls Are Made Of,3.78,200,"Banned Books, Young Adult, Realistic Fiction",https://www.goodreads.com/book/show/29401474.0
472331.0,Watchmen,4.39,416,"Science Fiction, Fantasy, Graphic Novels",https://www.goodreads.com/book/show/472331.0
144249760.0,"[What We Saw] [By: Hartzler, Aaron] [September, 2015]",0.00,N/A,,https://www.goodreads.com/book/show/144249760.0
147354251.0,By Edward R. Ricciuti What on Earth Is A... - Pangolin (1st Frist Edition) [Hardcover],2.50,N/A,,https://www.goodreads.com/book/show/147354251.0
244326384.0,We Contain Multitudes - Sarah Henstra,0.00,N/A,,https://www.goodreads.com/book/show/244326384.0
170529.0,What My Mother Doesn't Know,3.83,261,"Banned Books, Realistic Fiction, Romance",https://www.goodreads.com/book/show/170529.0
42246377.0,White Hot Kiss,4.16,377,"Fantasy, Urban Fantasy, Romance",https://www.goodreads.com/book/show/42246377.0
140398618.0,[(When It Happens )] [Author: Susane Colasanti] [May-2008],4.00,N/A,,https://www.goodreads.com/book/show/140398618.0
21223879.0,Summary & Study Guide Wicked: The Life and Times of the Wicked Witch of the West by Gregory Maguire,5.00,69,,https://www.goodreads.com/book/show/21223879.0
39987021.0,When Aidan Became A Brother,4.52,32,"Realistic Fiction, Picture Books, LGBT",https://www.goodreads.com/book/show/39987021.0
41736961.0,Where I End and You Begin,3.92,304,"Fantasy, Young Adult, LGBT",https://www.goodreads.com/book/show/41736961.0
45447218.0,Summary of Where the Crawdads Sing by Delia Owens,4.11,46,"Fiction, Audiobook",https://www.goodreads.com/book/show/45447218.0
94033326.0,Study Guide: Winter’s Bone by Daniel Woodrell,0.00,53,,https://www.goodreads.com/book/show/94033326.0
6567017.0,"Will Grayson, Will Grayson",3.69,320,"Young Adult, Realistic Fiction, LGBT",https://www.goodreads.com/book/show/6567017.0
57658502.0,Summary And Study Guide Of With the Fire on High : by Elizabeth Acevedo,4.00,N/A,,https://www.goodreads.com/book/show/57658502.0
11443257.0,Summary & Study Guide Wizard and Glass by Stephen King,4.17,44,,https://www.goodreads.com/book/show/11443257.0
204346880.0,"[Wintergirls] [By: Anderson, Laurie Halse] [February, 2010]",0.00,N/A,,https://www.goodreads.com/book/show/204346880.0
53624358.0,Winterkeep,4.00,528,"Fantasy, Romance, Fiction",https://www.goodreads.com/book/show/53624358.0
26309801.0,Without Annette,3.28,336,"Young Adult, Boarding School, LGBT",https://www.goodreads.com/book/show/26309801.0
11085327.0,Summary & Study Guide Wolves of the Calla by Stephen King,4.17,58,,https://www.goodreads.com/book/show/11085327.0
27867083.0,Summary & Study Guide Wizard's First Rule by Terry Goodkind,4.14,61,,https://www.goodreads.com/book/show/27867083.0
228162063.0,Study Guide: Yaqui Delgado Wants to Kick Your Ass by Meg Medina,0.00,52,,https://www.goodreads.com/book/show/228162063.0
22186.0,Would I Lie to You,3.56,192,"Young Adult, Chick Lit, Childrens",https://www.goodreads.com/book/show/22186.0
20701994.0,yolo,3.69,208,"Young Adult, Realistic Fiction, Chick Lit",https://www.goodreads.com/book/show/20701994.0
11703541.0,Wolfsbane,4.10,391,"Fantasy, Supernatural, Romance",https://www.goodreads.com/book/show/11703541.0
138138715.0,Yes Please by Amy Poehler,3.85,N/A,"Humor, Comedy, Autobiography",https://www.goodreads.com/book/show/138138715.0
43562313.0,Yolk,3.94,400,"Romance, Fiction, Mental Health",https://www.goodreads.com/book/show/43562313.0
193382407.0,Die Graphic Novel als Medium des Widerstandes. M. Satrapis Persepolis im Vergleich zu Zahra's Paradise von Amir u. Khalil by Ludwig Lohmann,0.00,N/A,,https://www.goodreads.com/book/show/193382407.0
37780.0,Anatomy of a Boyfriend,3.39,272,"Young Adult, Realistic Fiction, Chick Lit",https://www.goodreads.com/book/show/37780.0
37451.0,You Know You Love Me,3.50,240,"Young Adult, Chick Lit, Romance",https://www.goodreads.com/book/show/37451.0
54110574.0,You Don't Have to Be Everything: Poems for Girls Becoming Themselves,3.68,176,"LGBT, Teen, Feminism",https://www.goodreads.com/book/show/54110574.0
10572.0,A Clash of Kings,4.42,1009,"Fantasy, Adult, Fiction",https://www.goodreads.com/book/show/10572.0
44674908.0,You Too?: 25 Voices Share Their #MeToo Stories,4.37,320,"Essays, Feminism, Memoir",https://www.goodreads.com/book/show/44674908.0
50659471.0,A Court of Frost and Starlight,3.71,272,"Fantasy, EROTICA GENRE DEFINITION ACCORDING TO GOODREADS, Romance",https://www.goodreads.com/book/show/50659471.0
50659467.0,A Court of Thorns and Roses,4.16,419,"Fantasy, Romance, Fiction",https://www.goodreads.com/book/show/50659467.0
50659468.0,A Court of Mist and Fury,4.63,626,"Fantasy, Romance, Fiction",https://www.goodreads.com/book/show/50659468.0
96493089.0,Choque de Reyes: George R. R. Martin,4.59,430,,https://www.goodreads.com/book/show/96493089.0
76713323.0,Empire of Storms,4.63,733,"Fantasy, Romance, Fiction",https://www.goodreads.com/book/show/76713323.0
49909479.0,"A Clockwork Orange by Anthony Burgess (Book Analysis): Detailed Summary, Analysis and Reading Guide",4.50,27,,https://www.goodreads.com/book/show/49909479.0
150093902.0,Rant: The Oral Biography of Buster Casey by Palahniuk Chuck (2008-05-06) Paperback,3.00,N/A,,https://www.goodreads.com/book/show/150093902.0
11505797.0,Beautiful Disaster,4.00,432,"Romance, Fiction, Contemporary",https://www.goodreads.com/book/show/11505797.0
7600924.0,Forbidden,3.95,418,"Young Adult, Realistic Fiction, Romance",https://www.goodreads.com/book/show/7600924.0
40291564.0,Storm and Fury,4.03,512,"Fantasy, Urban Fantasy, Romance",https://www.goodreads.com/book/show/40291564.0
2954411.0,Living Dead Girl,3.78,170,"Young Adult, Realistic Fiction, Horror",https://www.goodreads.com/book/show/2954411.0
10858119.0,Water for Elephants by Sara Gruen Summary & Study Guide,3.88,N/A,Fiction,https://www.goodreads.com/book/show/10858119.0
24976555.0,Sidekick - The DUFF: (Designated Ugly Fat Friend) by Kody Keplinger,3.43,56,,https://www.goodreads.com/book/show/24976555.0
201114.0,Sold,4.24,268,"Banned Books, Realistic Fiction, Fiction",https://www.goodreads.com/book/show/201114.0
244655008.0,REVIEW: California by Edan Lepucki,0.00,N/A,,https://www.goodreads.com/book/show/244655008.0
20701994.0,yolo,3.69,208,"Young Adult, Realistic Fiction, Chick Lit",https://www.goodreads.com/book/show/20701994.0
21223879.0,Summary & Study Guide Wicked: The Life and Times of the Wicked Witch of the West by Gregory Maguire,5.00,69,,https://www.goodreads.com/book/show/21223879.0
7044204.0,Black as He's Painted / Last Ditch / Grave Mistake,4.29,752,"Crime, Murder Mystery, Golden Age Mystery",https://www.goodreads.com/book/show/7044204.0
201907591.0,"(Almost Perfect) [By: Katcher, Brian] [Nov, 2010]",0.00,N/A,,https://www.goodreads.com/book/show/201907591.0
18763344.0,I Am Jazz,4.12,32,"Banned Books, Picture Books, LGBT",https://www.goodreads.com/book/show/18763344.0
157713404.0,"By E. Lockhart Real Live Boyfriends: Yes. Boyfriends, plural. If my life weren't complicated, I wouldn't be Ruby Ol",3.96,N/A,"Young Adult, Chick Lit, Realistic Fiction",https://www.goodreads.com/book/show/157713404.0
24612624.0,Melissa,4.09,208,"Middle Grade, Realistic Fiction, LGBT",https://www.goodreads.com/book/show/24612624.0
6149.0,Beloved,3.98,325,"Magical Realism, Classics, School",https://www.goodreads.com/book/show/6149.0
19148801.0,Study Guide to The Absolutely True Diary of a Part-Time Indian by Sherman Alexie,3.82,24,,https://www.goodreads.com/book/show/19148801.0
35068534.0,Monday's Not Coming,4.26,448,"Young Adult, Mystery, Fiction",https://www.goodreads.com/book/show/35068534.0
90985.0,33 Snowfish,3.79,192,"Banned Books, Realistic Fiction, Fiction",https://www.goodreads.com/book/show/90985.0
18465566.0,This One Summer,3.69,324,"Graphic Novels, Realistic Fiction, Fiction",https://www.goodreads.com/book/show/18465566.0
44805980.0,"The Hate U Give by Angie Thomas (Book Analysis): Detailed Summary, Analysis and Reading Guide",4.44,25,,https://www.goodreads.com/book/show/44805980.0
38823528.0,Summary of All the Bright Places by Jennifer Niven: Conversation Starters,4.33,70,,https://www.goodreads.com/book/show/38823528.0
50659471.0,A Court of Frost and Starlight,3.71,272,"Fantasy, EROTICA GENRE DEFINITION ACCORDING TO GOODREADS, Romance",https://www.goodreads.com/book/show/50659471.0
43801602.0,All the Things We Do in the Dark: A Dark YA Thriller of Secrets and Scars,3.51,296,"Young Adult, Mystery, LGBT",https://www.goodreads.com/book/show/43801602.0
138843202.0,Two Boys Kissing by David Levithan,4.07,N/A,"Banned Books, Young Adult, LGBT",https://www.goodreads.com/book/show/138843202.0
151553325.0,Ask the Passengers by A.S. King,0.00,N/A,,https://www.goodreads.com/book/show/151553325.0
156758105.0,[(Boy Toy )] [Author: Barry Lyga] [Jan-2009],0.00,N/A,,https://www.goodreads.com/book/show/156758105.0
49909479.0,"A Clockwork Orange by Anthony Burgess (Book Analysis): Detailed Summary, Analysis and Reading Guide",4.50,27,,https://www.goodreads.com/book/show/49909479.0
50659472.0,A Court of Wings and Ruin,4.46,699,"Fantasy, Romance, Fiction",https://www.goodreads.com/book/show/50659472.0
66900.0,Alice on the Outside,3.95,176,"Banned Books, Middle Grade, Young Adult",https://www.goodreads.com/book/show/66900.0
201727772.0,Dear Evan Hansen by Val Emmich,0.00,N/A,,https://www.goodreads.com/book/show/201727772.0
76705490.0,Crown of Midnight,4.36,420,"Fantasy, Romance, Fiction",https://www.goodreads.com/book/show/76705490.0
52822210.0,Concrete Rose,4.37,368,"Young Adult, Realistic Fiction, Fiction",https://www.goodreads.com/book/show/52822210.0
19365546.0,Summary & Study Guide Fallout by Ellen Hopkins,4.67,31,,https://www.goodreads.com/book/show/19365546.0
9683865.0,Dead End,3.74,388,"Young Adult, Realistic Fiction, Mystery",https://www.goodreads.com/book/show/9683865.0
662597.0,Cut,3.76,151,"Mental Illness, Psychology, Realistic Fiction",https://www.goodreads.com/book/show/662597.0
228784237.0,"(Girl in Translation) [By: Kwok, Jean] [Jun, 2011]",3.99,N/A,"Young Adult, Fiction, China",https://www.goodreads.com/book/show/228784237.0
3657138.0,Fade,3.91,248,"Fantasy, Supernatural, Mystery",https://www.goodreads.com/book/show/3657138.0
24707533.0,Summary & Study Guide Forever…by Judy Blume,2.75,39,,https://www.goodreads.com/book/show/24707533.0
270804.0,Glass,4.29,681,"Young Adult, Realistic Fiction, Addiction",https://www.goodreads.com/book/show/270804.0
161244615.0,[(Guyaholic )] [Author: Carolyn Mackler] [Aug-2007],2.50,N/A,,https://www.goodreads.com/book/show/161244615.0
40218122.0,Summary & Study Guide Impulse by Ellen Hopkins,0.00,52,,https://www.goodreads.com/book/show/40218122.0
76706470.0,Heir of Fire,4.45,576,"Fantasy, Romance, Fiction",https://www.goodreads.com/book/show/76706470.0
160146150.0,Smoke by Ellen Hopkins (10-Sep-2013) Hardcover,4.33,N/A,"Young Adult, Realistic Fiction, Romance",https://www.goodreads.com/book/show/160146150.0
76715522.0,Kingdom of Ash,4.71,984,"Fantasy, Romance, Fiction",https://www.goodreads.com/book/show/76715522.0
563321.0,"l8r, g8r",3.74,288,"Banned Books, Young Adult, Realistic Fiction",https://www.goodreads.com/book/show/563321.0
201114.0,Sold,4.24,268,"Banned Books, Realistic Fiction, Fiction",https://www.goodreads.com/book/show/201114.0
24976555.0,Sidekick - The DUFF: (Designated Ugly Fat Friend) by Kody Keplinger,3.43,56,,https://www.goodreads.com/book/show/24976555.0
45011496.0,"The Lovely Bones by Alice Sebold (Book Analysis): Detailed Summary, Analysis and Reading Guide",4.00,24,,https://www.goodreads.com/book/show/45011496.0
28096541.0,The Nowhere Girls,4.26,408,"Young Adult, Realistic Fiction, LGBT",https://www.goodreads.com/book/show/28096541.0
76703559.0,Throne of Glass,4.19,406,"Fantasy, Romance, Fiction",https://www.goodreads.com/book/show/76703559.0
33906.0,Story of a Girl,3.65,192,"Young Adult, Realistic Fiction, Romance",https://www.goodreads.com/book/show/33906.0
36203673.0,This Is Kind of an Epic Love Story,3.37,304,"Young Adult, LGBT, Romance",https://www.goodreads.com/book/show/36203673.0
23015872.0,Traffick,4.27,505,"Young Adult, Realistic Fiction, LGBT",https://www.goodreads.com/book/show/23015872.0
21223879.0,Summary & Study Guide Wicked: The Life and Times of the Wicked Witch of the West by Gregory Maguire,5.00,69,,https://www.goodreads.com/book/show/21223879.0
49909479.0,"A Clockwork Orange by Anthony Burgess (Book Analysis): Detailed Summary, Analysis and Reading Guide",4.50,27,,https://www.goodreads.com/book/show/49909479.0
21223879.0,Summary & Study Guide Wicked: The Life and Times of the Wicked Witch of the West by Gregory Maguire,5.00,69,,https://www.goodreads.com/book/show/21223879.0
10572.0,A Clash of Kings,4.42,1009,"Fantasy, Adult, Fiction",https://www.goodreads.com/book/show/10572.0
50659468.0,A Court of Mist and Fury,4.63,626,"Fantasy, Romance, Fiction",https://www.goodreads.com/book/show/50659468.0
10572.0,A Clash of Kings,4.42,1009,"Fantasy, Adult, Fiction",https://www.goodreads.com/book/show/10572.0
31368108.0,Summary of A Stolen Life: by Jaycee Dugard | Includes Analysis,3.25,23,,https://www.goodreads.com/book/show/31368108.0
50659467.0,A Court of Thorns and Roses,4.16,419,"Fantasy, Romance, Fiction",https://www.goodreads.com/book/show/50659467.0
57552438.0,And They Lived . . .,3.94,384,"Young Adult, LGBT, Romance",https://www.goodreads.com/book/show/57552438.0
49909479.0,"A Clockwork Orange by Anthony Burgess (Book Analysis): Detailed Summary, Analysis and Reading Guide",4.50,27,,https://www.goodreads.com/book/show/49909479.0
36260155.0,Damsel,3.30,320,"Fantasy, Retellings, Dragons",https://www.goodreads.com/book/show/36260155.0
37780.0,Anatomy of a Boyfriend,3.39,272,"Young Adult, Realistic Fiction, Chick Lit",https://www.goodreads.com/book/show/37780.0
7600924.0,Forbidden,3.95,418,"Young Adult, Realistic Fiction, Romance",https://www.goodreads.com/book/show/7600924.0
37542448.0,Summary & Study Guide Identical by Ellen Hopkins,5.00,63,,https://www.goodreads.com/book/show/37542448.0
147379248.0,Forever for a Year by B. T. Gottfred,3.08,N/A,"Banned Books, Young Adult, Realistic Fiction",https://www.goodreads.com/book/show/147379248.0
76713323.0,Empire of Storms,4.63,733,"Fantasy, Romance, Fiction",https://www.goodreads.com/book/show/76713323.0
30896134.0,Summary of Homegoing: By Yaa Gyasi - Includes Analysis,4.19,28,,https://www.goodreads.com/book/show/30896134.0
24707533.0,Summary & Study Guide Forever…by Judy Blume,2.75,39,,https://www.goodreads.com/book/show/24707533.0
81071294.0,Study Guide: Last Night at the Telegraph Club by Malinda Lo,3.25,N/A,,https://www.goodreads.com/book/show/81071294.0
43721070.0,Red Hood,3.44,361,"Fantasy, Retellings, Fairy Tales",https://www.goodreads.com/book/show/43721070.0
59029659.0,Man o' War,4.36,336,"Young Adult, LGBT, Transgender",https://www.goodreads.com/book/show/59029659.0
40864913.0,It Feels Good to Be Yourself: A Book About Gender Identity,4.26,40,"Picture Books, LGBT, Childrens",https://www.goodreads.com/book/show/40864913.0
40291564.0,Storm and Fury,4.03,512,"Fantasy, Urban Fantasy, Romance",https://www.goodreads.com/book/show/40291564.0
76715522.0,Kingdom of Ash,4.71,984,"Fantasy, Romance, Fiction",https://www.goodreads.com/book/show/76715522.0
24976555.0,Sidekick - The DUFF: (Designated Ugly Fat Friend) by Kody Keplinger,3.43,56,,https://www.goodreads.com/book/show/24976555.0
26095121.0,The Haters,3.41,352,"Banned Books, Humor, Young Adult",https://www.goodreads.com/book/show/26095121.0
17290266.0,The Infinite Moment of Us,3.17,316,"Banned Books, Young Adult, Realistic Fiction",https://www.goodreads.com/book/show/17290266.0
22571247.0,The Carnival at Bray,3.90,235,"Realistic Fiction, Romance, Fiction",https://www.goodreads.com/book/show/22571247.0
20412869.0,Study Guide: The Perks of Being a Wallflower by Stephen Chbosky,3.98,38,Fiction,https://www.goodreads.com/book/show/20412869.0
36203673.0,This Is Kind of an Epic Love Story,3.37,304,"Young Adult, LGBT, Romance",https://www.goodreads.com/book/show/36203673.0
10843755.0,Triangles,3.95,529,"Adult, Young Adult, Romance",https://www.goodreads.com/book/show/10843755.0
29401474.0,What Girls Are Made Of,3.78,200,"Banned Books, Young Adult, Realistic Fiction",https://www.goodreads.com/book/show/29401474.0
50659471.0,A Court of Frost and Starlight,3.71,272,"Fantasy, EROTICA GENRE DEFINITION ACCORDING TO GOODREADS, Romance",https://www.goodreads.com/book/show/50659471.0
10572.0,A Clash of Kings,4.42,1009,"Fantasy, Adult, Fiction",https://www.goodreads.com/book/show/10572.0
50659467.0,A Court of Thorns and Roses,4.16,419,"Fantasy, Romance, Fiction",https://www.goodreads.com/book/show/50659467.0
57815107.0,The War of Two Queens,4.09,628,"Fantasy, Romance, Fiction",https://www.goodreads.com/book/show/57815107.0
27276424.0,A Sin Such as This,3.86,384,"Adult, Mystery, Romance",https://www.goodreads.com/book/show/27276424.0
31368108.0,Summary of A Stolen Life: by Jaycee Dugard | Includes Analysis,3.25,23,,https://www.goodreads.com/book/show/31368108.0
53138095.0,A ​Court of Silver Flames,4.45,757,"Fantasy, Romance, Fiction",https://www.goodreads.com/book/show/53138095.0
50659472.0,A Court of Wings and Ruin,4.46,699,"Fantasy, Romance, Fiction",https://www.goodreads.com/book/show/50659472.0
121193861.0,Summary of All Your Perfects: Colleen Hoover,4.00,38,,https://www.goodreads.com/book/show/121193861.0
50659468.0,A Court of Mist and Fury,4.63,626,"Fantasy, Romance, Fiction",https://www.goodreads.com/book/show/50659468.0
37780.0,Anatomy of a Boyfriend,3.39,272,"Young Adult, Realistic Fiction, Chick Lit",https://www.goodreads.com/book/show/37780.0
28676.0,American Psycho,3.80,399,"Classics, Horror, Fiction",https://www.goodreads.com/book/show/28676.0
11505797.0,Beautiful Disaster,4.00,432,"Romance, Fiction, Contemporary",https://www.goodreads.com/book/show/11505797.0
6323474.0,Beautiful,3.66,232,"Young Adult, Realistic Fiction, Romance",https://www.goodreads.com/book/show/6323474.0
13628184.0,Anatomy of a Single Girl,3.34,227,"Young Adult, Realistic Fiction, Romance",https://www.goodreads.com/book/show/13628184.0
44280883.0,All Boys Aren’t Blue,4.18,304,"Banned Books, LGBT, Biography",https://www.goodreads.com/book/show/44280883.0
36260155.0,Damsel,3.30,320,"Fantasy, Retellings, Dragons",https://www.goodreads.com/book/show/36260155.0
37924244.0,Call Me By Your Name: by Andre Aciman | Conversation Starters,3.40,59,,https://www.goodreads.com/book/show/37924244.0
76713323.0,Empire of Storms,4.63,733,"Fantasy, Romance, Fiction",https://www.goodreads.com/book/show/76713323.0
1240370.0,Exit Here.,3.89,464,"Young Adult, Realistic Fiction, Addiction",https://www.goodreads.com/book/show/1240370.0
57552438.0,And They Lived . . .,3.94,384,"Young Adult, LGBT, Romance",https://www.goodreads.com/book/show/57552438.0
49909479.0,"A Clockwork Orange by Anthony Burgess (Book Analysis): Detailed Summary, Analysis and Reading Guide",4.50,27,,https://www.goodreads.com/book/show/49909479.0
24707533.0,Summary & Study Guide Forever…by Judy Blume,2.75,39,,https://www.goodreads.com/book/show/24707533.0
44778083.0,House of Earth and Blood,4.45,803,"Fantasy, Urban Fantasy, Romance",https://www.goodreads.com/book/show/44778083.0
7600924.0,Forbidden,3.95,418,"Young Adult, Realistic Fiction, Romance",https://www.goodreads.com/book/show/7600924.0
22288.0,Haunted,3.59,419,"Adult, Dark, Horror",https://www.goodreads.com/book/show/22288.0
59112062.0,Summary of It Ends With Us by Colleen Hoover,4.00,40,,https://www.goodreads.com/book/show/59112062.0
81071294.0,Study Guide: Last Night at the Telegraph Club by Malinda Lo,3.25,N/A,,https://www.goodreads.com/book/show/81071294.0
147379248.0,Forever for a Year by B. T. Gottfred,3.08,N/A,"Banned Books, Young Adult, Realistic Fiction",https://www.goodreads.com/book/show/147379248.0
40132775.0,House of Sky and Breath,4.42,805,"Fantasy, Romance, Fiction",https://www.goodreads.com/book/show/40132775.0
150093902.0,Rant: The Oral Biography of Buster Casey by Palahniuk Chuck (2008-05-06) Paperback,3.00,N/A,,https://www.goodreads.com/book/show/150093902.0
62584266.0,Margo Zimmerman Gets the Girl,4.00,304,"Lesbian, LGBT, Romance",https://www.goodreads.com/book/show/62584266.0
63290582.0,Study Guide: One Last Stop by Casey McQuiston,1.00,N/A,,https://www.goodreads.com/book/show/63290582.0
12882265.0,Lullaby by Chuck Palahniuk l Summary & Study Guide,3.75,N/A,,https://www.goodreads.com/book/show/12882265.0
43721070.0,Red Hood,3.44,361,"Fantasy, Retellings, Fairy Tales",https://www.goodreads.com/book/show/43721070.0
245889487.0,Skin and Bones by Sherry Shahan,0.00,N/A,,https://www.goodreads.com/book/show/245889487.0
59029659.0,Man o' War,4.36,336,"Young Adult, LGBT, Transgender",https://www.goodreads.com/book/show/59029659.0
7810126.0,"Precious: Based on the Novel ""Push"" by Sapphire",3.92,126,"Fiction, Audiobook",https://www.goodreads.com/book/show/7810126.0
2954411.0,Living Dead Girl,3.78,170,"Young Adult, Realistic Fiction, Horror",https://www.goodreads.com/book/show/2954411.0
201114.0,Sold,4.24,268,"Banned Books, Realistic Fiction, Fiction",https://www.goodreads.com/book/show/201114.0
187957173.0,"Blood and Ash Complete Series Collection Set, Books 1-5. From Blood and Ash, A Kingdom of Flesh and Fire, The Crown of Gilded Bones, The War of Two Queens, A Soul of Ash and Blood",4.53,N/A,"Fantasy, Smut, Romance",https://www.goodreads.com/book/show/187957173.0
20735140.0,Summary & Study Guide The Fountainhead by Ayn Rand,3.70,56,,https://www.goodreads.com/book/show/20735140.0
24976555.0,Sidekick - The DUFF: (Designated Ugly Fat Friend) by Kody Keplinger,3.43,56,,https://www.goodreads.com/book/show/24976555.0
40291564.0,Storm and Fury,4.03,512,"Fantasy, Urban Fantasy, Romance",https://www.goodreads.com/book/show/40291564.0
36203673.0,This Is Kind of an Epic Love Story,3.37,304,"Young Adult, LGBT, Romance",https://www.goodreads.com/book/show/36203673.0
11019128.0,Summary & Study Guide The Wind-up Bird Chronicle by Haruki Murakami,3.82,184,,https://www.goodreads.com/book/show/11019128.0
252915.0,The O'Reilly Factor for Kids: A Survival Guide for America's Families – An Ethics Code with Candid Wisdom for Youth and Parents,3.06,224,"Self Help, Comedy, Childrens",https://www.goodreads.com/book/show/252915.0
21223879.0,Summary & Study Guide Wicked: The Life and Times of the Wicked Witch of the West by Gregory Maguire,5.00,69,,https://www.goodreads.com/book/show/21223879.0
29401474.0,What Girls Are Made Of,3.78,200,"Banned Books, Young Adult, Realistic Fiction",https://www.goodreads.com/book/show/29401474.0
10858119.0,Water for Elephants by Sara Gruen Summary & Study Guide,3.88,N/A,Fiction,https://www.goodreads.com/book/show/10858119.0
20701994.0,yolo,3.69,208,"Young Adult, Realistic Fiction, Chick Lit",https://www.goodreads.com/book/show/20701994.0
5510384.0,Tricks,4.27,627,"Banned Books, Young Adult, Realistic Fiction",https://www.goodreads.com/book/show/5510384.0
31368108.0,Summary of A Stolen Life: by Jaycee Dugard | Includes Analysis,3.25,23,,https://www.goodreads.com/book/show/31368108.0
127391549.0,By Dean R. Koontz The Taking (English Language) [Mass Market Paperback],3.79,N/A,"Science Fiction, Fantasy, Mystery",https://www.goodreads.com/book/show/127391549.0
37780.0,Anatomy of a Boyfriend,3.39,272,"Young Adult, Realistic Fiction, Chick Lit",https://www.goodreads.com/book/show/37780.0
49909479.0,"A Clockwork Orange by Anthony Burgess (Book Analysis): Detailed Summary, Analysis and Reading Guide",4.50,27,,https://www.goodreads.com/book/show/49909479.0
36260155.0,Damsel,3.30,320,"Fantasy, Retellings, Dragons",https://www.goodreads.com/book/show/36260155.0
7600924.0,Forbidden,3.95,418,"Young Adult, Realistic Fiction, Romance",https://www.goodreads.com/book/show/7600924.0
2954411.0,Living Dead Girl,3.78,170,"Young Adult, Realistic Fiction, Horror",https://www.goodreads.com/book/show/2954411.0
81071294.0,Study Guide: Last Night at the Telegraph Club by Malinda Lo,3.25,N/A,,https://www.goodreads.com/book/show/81071294.0
12882265.0,Lullaby by Chuck Palahniuk l Summary & Study Guide,3.75,N/A,,https://www.goodreads.com/book/show/12882265.0
142425642.0,Study Guide: This Book is Gay by Juno Dawson,0.00,55,,https://www.goodreads.com/book/show/142425642.0
7810126.0,"Precious: Based on the Novel ""Push"" by Sapphire",3.92,126,"Fiction, Audiobook",https://www.goodreads.com/book/show/7810126.0
10572.0,A Clash of Kings,4.42,1009,"Fantasy, Adult, Fiction",https://www.goodreads.com/book/show/10572.0
24707533.0,Summary & Study Guide Forever…by Judy Blume,2.75,39,,https://www.goodreads.com/book/show/24707533.0
43721070.0,Red Hood,3.44,361,"Fantasy, Retellings, Fairy Tales",https://www.goodreads.com/book/show/43721070.0
40291564.0,Storm and Fury,4.03,512,"Fantasy, Urban Fantasy, Romance",https://www.goodreads.com/book/show/40291564.0
11019128.0,Summary & Study Guide The Wind-up Bird Chronicle by Haruki Murakami,3.82,184,,https://www.goodreads.com/book/show/11019128.0
24976555.0,Sidekick - The DUFF: (Designated Ugly Fat Friend) by Kody Keplinger,3.43,56,,https://www.goodreads.com/book/show/24976555.0
5510384.0,Tricks,4.27,627,"Banned Books, Young Adult, Realistic Fiction",https://www.goodreads.com/book/show/5510384.0
10858119.0,Water for Elephants by Sara Gruen Summary & Study Guide,3.88,N/A,Fiction,https://www.goodreads.com/book/show/10858119.0
201114.0,Sold,4.24,268,"Banned Books, Realistic Fiction, Fiction",https://www.goodreads.com/book/show/201114.0
21223879.0,Summary & Study Guide Wicked: The Life and Times of the Wicked Witch of the West by Gregory Maguire,5.00,69,,https://www.goodreads.com/book/show/21223879.0
50659471.0,A Court of Frost and Starlight,3.71,272,"Fantasy, EROTICA GENRE DEFINITION ACCORDING TO GOODREADS, Romance",https://www.goodreads.com/book/show/50659471.0
10572.0,A Clash of Kings,4.42,1009,"Fantasy, Adult, Fiction",https://www.goodreads.com/book/show/10572.0
31368108.0,Summary of A Stolen Life: by Jaycee Dugard | Includes Analysis,3.25,23,,https://www.goodreads.com/book/show/31368108.0
53138095.0,A ​Court of Silver Flames,4.45,757,"Fantasy, Romance, Fiction",https://www.goodreads.com/book/show/53138095.0
50659467.0,A Court of Thorns and Roses,4.16,419,"Fantasy, Romance, Fiction",https://www.goodreads.com/book/show/50659467.0
121193861.0,Summary of All Your Perfects: Colleen Hoover,4.00,38,,https://www.goodreads.com/book/show/121193861.0
50659472.0,A Court of Wings and Ruin,4.46,699,"Fantasy, Romance, Fiction",https://www.goodreads.com/book/show/50659472.0
61418402.0,Accountable: The True Story of a Racist Social Media Account and the Teenagers Whose Lives It Changed,4.23,480,"True Crime, Social Media, Race",https://www.goodreads.com/book/show/61418402.0
58615563.0,Adrift,3.92,352,"Adventure, Middle Grade, Realistic Fiction",https://www.goodreads.com/book/show/58615563.0
50659468.0,A Court of Mist and Fury,4.63,626,"Fantasy, Romance, Fiction",https://www.goodreads.com/book/show/50659468.0
37780.0,Anatomy of a Boyfriend,3.39,272,"Young Adult, Realistic Fiction, Chick Lit",https://www.goodreads.com/book/show/37780.0
57552438.0,And They Lived . . .,3.94,384,"Young Adult, LGBT, Romance",https://www.goodreads.com/book/show/57552438.0
13628184.0,Anatomy of a Single Girl,3.34,227,"Young Adult, Realistic Fiction, Romance",https://www.goodreads.com/book/show/13628184.0
241487392.0,"Study Guide: And Then, Boom! by Lisa Fipps",0.00,80,,https://www.goodreads.com/book/show/241487392.0
28676.0,American Psycho,3.80,399,"Classics, Horror, Fiction",https://www.goodreads.com/book/show/28676.0
6323474.0,Beautiful,3.66,232,"Young Adult, Realistic Fiction, Romance",https://www.goodreads.com/book/show/6323474.0
11505797.0,Beautiful Disaster,4.00,432,"Romance, Fiction, Contemporary",https://www.goodreads.com/book/show/11505797.0
136351057.0,Barracoon: Adapted for Young Readers: The Story of the Last Black Cargo,4.25,208,"Middle Grade, Biography, Historical",https://www.goodreads.com/book/show/136351057.0
20423219.0,Summary & Study Guide Blankets by Craig Thompson,4.00,49,,https://www.goodreads.com/book/show/20423219.0
1240370.0,Exit Here.,3.89,464,"Young Adult, Realistic Fiction, Addiction",https://www.goodreads.com/book/show/1240370.0
49909479.0,"A Clockwork Orange by Anthony Burgess (Book Analysis): Detailed Summary, Analysis and Reading Guide",4.50,27,,https://www.goodreads.com/book/show/49909479.0
76713323.0,Empire of Storms,4.63,733,"Fantasy, Romance, Fiction",https://www.goodreads.com/book/show/76713323.0
176443368.0,Deep Water,4.11,224,"Adventure, Middle Grade, Realistic Fiction",https://www.goodreads.com/book/show/176443368.0
10312114.0,Fight Club by Chuck Palahniuk | Summary & Study Guide,4.07,40,,https://www.goodreads.com/book/show/10312114.0
22284.0,Diary,3.65,262,"Mystery, Horror, Fiction",https://www.goodreads.com/book/show/22284.0
22288.0,Haunted,3.59,419,"Adult, Dark, Horror",https://www.goodreads.com/book/show/22288.0
7600924.0,Forbidden,3.95,418,"Young Adult, Realistic Fiction, Romance",https://www.goodreads.com/book/show/7600924.0
147379248.0,Forever for a Year by B. T. Gottfred,3.08,N/A,"Banned Books, Young Adult, Realistic Fiction",https://www.goodreads.com/book/show/147379248.0
30896134.0,Summary of Homegoing: By Yaa Gyasi - Includes Analysis,4.19,28,,https://www.goodreads.com/book/show/30896134.0
44778083.0,House of Earth and Blood,4.45,803,"Fantasy, Urban Fantasy, Romance",https://www.goodreads.com/book/show/44778083.0
40132775.0,House of Sky and Breath,4.42,805,"Fantasy, Romance, Fiction",https://www.goodreads.com/book/show/40132775.0
24707533.0,Summary & Study Guide Forever…by Judy Blume,2.75,39,,https://www.goodreads.com/book/show/24707533.0
59112062.0,Summary of It Ends With Us by Colleen Hoover,4.00,40,,https://www.goodreads.com/book/show/59112062.0
194803808.0,Kill Her Twice,3.75,390,"Mystery, Fiction, Historical",https://www.goodreads.com/book/show/194803808.0
57693426.0,Kelcie Murphy and the Academy for the Unbreakable Arts,4.02,326,"Fantasy, Adventure, Middle Grade",https://www.goodreads.com/book/show/57693426.0
55541407.0,Hear Me,4.25,N/A,"Middle Grade, Realistic Fiction, Young Adult",https://www.goodreads.com/book/show/55541407.0
81071294.0,Study Guide: Last Night at the Telegraph Club by Malinda Lo,3.25,N/A,,https://www.goodreads.com/book/show/81071294.0
58163724.0,In Nightfall,3.65,384,"Fantasy, Supernatural, Mystery",https://www.goodreads.com/book/show/58163724.0
12882265.0,Lullaby by Chuck Palahniuk l Summary & Study Guide,3.75,N/A,,https://www.goodreads.com/book/show/12882265.0
59029659.0,Man o' War,4.36,336,"Young Adult, LGBT, Transgender",https://www.goodreads.com/book/show/59029659.0
58424385.0,Midnight at the Houdini,3.60,368,"Fantasy, Mystery, Romance",https://www.goodreads.com/book/show/58424385.0
176443490.0,Maple's Theory of Fun,4.16,320,"Humor, Middle Grade, Realistic Fiction",https://www.goodreads.com/book/show/176443490.0
198222486.0,Max in the House of Spies: A Tale of World War II,4.14,320,"Fantasy, Adventure, Middle Grade",https://www.goodreads.com/book/show/198222486.0
63290582.0,Study Guide: One Last Stop by Casey McQuiston,1.00,N/A,,https://www.goodreads.com/book/show/63290582.0
2954411.0,Living Dead Girl,3.78,170,"Young Adult, Realistic Fiction, Horror",https://www.goodreads.com/book/show/2954411.0
201114.0,Sold,4.24,268,"Banned Books, Realistic Fiction, Fiction",https://www.goodreads.com/book/show/201114.0
102188892.0,Remember Us,4.25,178,"Middle Grade, Realistic Fiction, Fiction",https://www.goodreads.com/book/show/102188892.0
57468755.0,Over and Out,4.23,352,"Adventure, Middle Grade, Fiction",https://www.goodreads.com/book/show/57468755.0
55811111.0,Ride On,4.02,224,"Middle Grade, Realistic Fiction, Graphic Novels",https://www.goodreads.com/book/show/55811111.0
58446229.0,Remember Me Gone,3.80,368,"Science Fiction, Fantasy, Young Adult",https://www.goodreads.com/book/show/58446229.0
24976555.0,Sidekick - The DUFF: (Designated Ugly Fat Friend) by Kody Keplinger,3.43,56,,https://www.goodreads.com/book/show/24976555.0
40291564.0,Storm and Fury,4.03,512,"Fantasy, Urban Fantasy, Romance",https://www.goodreads.com/book/show/40291564.0
182506429.0,"Shackled: A Tale of Wronged Kids, Rogue Judges, and a Town that Looked Away",3.93,192,"Audiobook, Teen, True Crime",https://www.goodreads.com/book/show/182506429.0
142425642.0,Study Guide: This Book is Gay by Juno Dawson,0.00,55,,https://www.goodreads.com/book/show/142425642.0
61304987.0,The Girl in White,3.78,304,"Fantasy, Halloween, Middle Grade",https://www.goodreads.com/book/show/61304987.0
21223879.0,Summary & Study Guide Wicked: The Life and Times of the Wicked Witch of the West by Gregory Maguire,5.00,69,,https://www.goodreads.com/book/show/21223879.0
101140526.0,The Nighthouse Keeper,4.20,320,"Fantasy, Middle Grade, Mystery",https://www.goodreads.com/book/show/101140526.0
216879764.0,Dime by E. R. Frank,0.00,N/A,,https://www.goodreads.com/book/show/216879764.0
29401474.0,What Girls Are Made Of,3.78,200,"Banned Books, Young Adult, Realistic Fiction",https://www.goodreads.com/book/show/29401474.0
90590111.0,We Are Big Time,4.23,240,"Middle Grade, Realistic Fiction, Graphic Novels",https://www.goodreads.com/book/show/90590111.0
61780027.0,The Ruby Code,4.12,304,"Science Fiction, Fantasy, Adventure",https://www.goodreads.com/book/show/61780027.0
13496.0,A Game of Thrones,4.45,835,"Fantasy, Adult, Fiction",https://www.goodreads.com/book/show/13496.0
55277082.0,Camp,3.95,416,"Young Adult, LGBT, Romance",https://www.goodreads.com/book/show/55277082.0
30312837.0,The You I've Never Known,3.94,608,"Young Adult, Realistic Fiction, LGBT",https://www.goodreads.com/book/show/30312837.0
36099120.0,The Opposite of Innocent,3.72,272,"Young Adult, Realistic Fiction, Abuse",https://www.goodreads.com/book/show/36099120.0
23015872.0,Traffick,4.27,505,"Young Adult, Realistic Fiction, LGBT",https://www.goodreads.com/book/show/23015872.0
622717.0,2024: A Graphic Novel,3.03,96,"Science Fiction, Satire, Graphic Novels",https://www.goodreads.com/book/show/622717.0
50659471.0,A Court of Frost and Starlight,3.71,272,"Fantasy, EROTICA GENRE DEFINITION ACCORDING TO GOODREADS, Romance",https://www.goodreads.com/book/show/50659471.0
346756.0,America,3.95,256,"Mental Illness, Banned Books, Realistic Fiction",https://www.goodreads.com/book/show/346756.0
44130829.0,"Trans+: Love, Sex, Romance, and Being You",4.19,304,"Psychology, LGBT, Sexuality",https://www.goodreads.com/book/show/44130829.0
50659468.0,A Court of Mist and Fury,4.63,626,"Fantasy, Romance, Fiction",https://www.goodreads.com/book/show/50659468.0
50659467.0,A Court of Thorns and Roses,4.16,419,"Fantasy, Romance, Fiction",https://www.goodreads.com/book/show/50659467.0
53138095.0,A ​Court of Silver Flames,4.45,757,"Fantasy, Romance, Fiction",https://www.goodreads.com/book/show/53138095.0
139529417.0,Annexed by Sharon Dogar,3.67,N/A,,https://www.goodreads.com/book/show/139529417.0
50659472.0,A Court of Wings and Ruin,4.46,699,"Fantasy, Romance, Fiction",https://www.goodreads.com/book/show/50659472.0
196575083.0,Study Guide: Be Not Far from Me by Mindy McGinnis,0.00,66,,https://www.goodreads.com/book/show/196575083.0
29905900.0,Antisocial,3.39,256,"Young Adult, Realistic Fiction, Mystery",https://www.goodreads.com/book/show/29905900.0
6323474.0,Beautiful,3.66,232,"Young Adult, Realistic Fiction, Romance",https://www.goodreads.com/book/show/6323474.0
245725569.0,"Beach Read by Henry, Emily",3.97,N/A,"Adult, Romance, Fiction",https://www.goodreads.com/book/show/245725569.0
40550366.0,Blood & Honey,3.51,536,"Fantasy, Romance, Romantasy",https://www.goodreads.com/book/show/40550366.0
7940591.0,Blockade Billy,3.48,112,"Baseball, Horror, Fiction",https://www.goodreads.com/book/show/7940591.0
25985241.0,Before the Devil Breaks You,4.25,552,"Fantasy, Horror, Historical",https://www.goodreads.com/book/show/25985241.0
8494485.0,Bronxwood,4.39,336,"Urban, Realistic Fiction, Fiction",https://www.goodreads.com/book/show/8494485.0
36260155.0,Damsel,3.30,320,"Fantasy, Retellings, Dragons",https://www.goodreads.com/book/show/36260155.0
49909479.0,"A Clockwork Orange by Anthony Burgess (Book Analysis): Detailed Summary, Analysis and Reading Guide",4.50,27,,https://www.goodreads.com/book/show/49909479.0
50748473.0,Cool for the Summer,3.75,272,"Lesbian, Young Adult, LGBT",https://www.goodreads.com/book/show/50748473.0
48715063.0,Diary of a Confused Feminist,3.79,384,"Young Adult, Realistic Fiction, Romance",https://www.goodreads.com/book/show/48715063.0
111673723.0,Cupid's Revenge,3.46,400,"Lesbian, LGBT, Romance",https://www.goodreads.com/book/show/111673723.0
24707533.0,Summary & Study Guide Forever…by Judy Blume,2.75,39,,https://www.goodreads.com/book/show/24707533.0
46059211.0,Face It,3.62,369,"Autobiography, Biography, Memoir",https://www.goodreads.com/book/show/46059211.0
76715522.0,Kingdom of Ash,4.71,984,"Fantasy, Romance, Fiction",https://www.goodreads.com/book/show/76715522.0
44778083.0,House of Earth and Blood,4.45,803,"Fantasy, Urban Fantasy, Romance",https://www.goodreads.com/book/show/44778083.0
81071294.0,Study Guide: Last Night at the Telegraph Club by Malinda Lo,3.25,N/A,,https://www.goodreads.com/book/show/81071294.0
40132775.0,House of Sky and Breath,4.42,805,"Fantasy, Romance, Fiction",https://www.goodreads.com/book/show/40132775.0
24625312.0,Summary & Study Guide Safe Haven by Nicholas Sparks,4.42,52,,https://www.goodreads.com/book/show/24625312.0
24976555.0,Sidekick - The DUFF: (Designated Ugly Fat Friend) by Kody Keplinger,3.43,56,,https://www.goodreads.com/book/show/24976555.0
52148580.0,Love Is for Losers,3.80,352,"Lesbian, Young Adult, LGBT",https://www.goodreads.com/book/show/52148580.0
201114.0,Sold,4.24,268,"Banned Books, Realistic Fiction, Fiction",https://www.goodreads.com/book/show/201114.0
43721070.0,Red Hood,3.44,361,"Fantasy, Retellings, Fairy Tales",https://www.goodreads.com/book/show/43721070.0
156634251.0,Study Guide: The First to Die at the End by Adam Silvera,0.00,100,,https://www.goodreads.com/book/show/156634251.0
88165876.0,Study Guide: The Queen of Nothing by Holly Black,4.67,66,,https://www.goodreads.com/book/show/88165876.0
38097294.0,The Revolution of Birdie Randolph,4.00,336,"Young Adult, Realistic Fiction, LGBT",https://www.goodreads.com/book/show/38097294.0
124039465.0,Tyrell by Coe Booth,5.00,N/A,,https://www.goodreads.com/book/show/124039465.0
55977932.0,Things We Couldn't Say,3.75,312,"Young Adult, LGBT, Romance",https://www.goodreads.com/book/show/55977932.0
142425642.0,Study Guide: This Book is Gay by Juno Dawson,0.00,55,,https://www.goodreads.com/book/show/142425642.0
29401474.0,What Girls Are Made Of,3.78,200,"Banned Books, Young Adult, Realistic Fiction",https://www.goodreads.com/book/show/29401474.0
40291564.0,Storm and Fury,4.03,512,"Fantasy, Urban Fantasy, Romance",https://www.goodreads.com/book/show/40291564.0
60383239.0,What's the T? The Guide to All Things Trans and/or Nonbinary,4.32,226,"Self Help, LGBT, Transgender",https://www.goodreads.com/book/show/60383239.0
5718066.0,Attila The Hun: Leader of the Barbarian Hordes,3.66,128,"Middle Grade, Juvenile, Childrens",https://www.goodreads.com/book/show/5718066.0
237109090.0,Behind the Mask / by Edith Hall 1902 [Leather Bound],0.00,106,,https://www.goodreads.com/book/show/237109090.0
197920035.0,"Blood on the River: James Town 1607 by Carbone, Elisa [Viking Juvenile, 2006] Hardcover [Hardcover]",3.99,N/A,"Middle Grade, Childrens, School",https://www.goodreads.com/book/show/197920035.0
12146667.0,Al Capone Does My Shirts by Gennifer Choldenko l Summary & Study Guide,4.38,N/A,,https://www.goodreads.com/book/show/12146667.0
809372.0,Black Duck,3.74,240,"Adventure, Mystery, School",https://www.goodreads.com/book/show/809372.0
234334392.0,Novel Unit: Clap When You Land by Elizabeth Acevedo,5.00,53,,https://www.goodreads.com/book/show/234334392.0
29997324.0,Business Ethics in Islam,4.22,232,,https://www.goodreads.com/book/show/29997324.0
54492663.0,The Family Book / El libro de la familia,4.34,22,"Banned Books, Picture Books, Childrens",https://www.goodreads.com/book/show/54492663.0
24138.0,"Catherine, Called Birdy by Karen Cushman: L-I-T Guide (A Study Guide for Grades 6-12) (Literature in Teaching",3.90,48,,https://www.goodreads.com/book/show/24138.0
46002625.0,"A Study Guide for Randa Abdel-Fattah's ""Does My Head Look Big in This? """,4.00,40,,https://www.goodreads.com/book/show/46002625.0
49399658.0,Counting Down with You,4.01,464,"Romance, Fiction, Contemporary",https://www.goodreads.com/book/show/49399658.0
36900021.0,"Everything, Everything / The Sun Is Also a Star",4.26,572,"Romance, Fiction, Young Adult",https://www.goodreads.com/book/show/36900021.0
89751.0,Freak The Mighty By Rodman Philbrick: Literature Guide,4.27,88,,https://www.goodreads.com/book/show/89751.0
134436260.0,"Enrique's Journey: The Story of a Boy's Dangerous Odyssey to Reunite with His Mother by Nazario, Sonia (February 21, 2006) Hardcover",3.88,N/A,"School, Biography, Social Justice",https://www.goodreads.com/book/show/134436260.0
841053.0,Gentle Annie: The True Story of a Civil War Nurse,3.93,192,"Childrens, Civil War, Fiction",https://www.goodreads.com/book/show/841053.0
123167736.0,The Great Alone & Firefly Lane - Kristin Hannah Two Book Set,4.21,N/A,,https://www.goodreads.com/book/show/123167736.0
26532714.0,Julián Is a Mermaid,4.50,80,"Realistic Fiction, Picture Books, LGBT",https://www.goodreads.com/book/show/26532714.0
603511.0,Lionclaw,3.74,122,"Fantasy, Adventure, Middle Grade",https://www.goodreads.com/book/show/603511.0
8103107.0,"I, Emma Freke",3.79,234,"Middle Grade, Realistic Fiction, Juvenile",https://www.goodreads.com/book/show/8103107.0
95144.0,In the Night Kitchen,3.99,40,"Fantasy, Banned Books, Picture Books",https://www.goodreads.com/book/show/95144.0
57535904.0,Summary Of Long Way Down: By Jason Reynolds,4.00,27,,https://www.goodreads.com/book/show/57535904.0
22348103.0,"Eloise and the Strange Museum Visit: Learning to Make Reasoned, Ethical Decisions",0.00,24,,https://www.goodreads.com/book/show/22348103.0
228580542.0,Lost on a Mountain in Maine by Donn Fendler,4.00,N/A,,https://www.goodreads.com/book/show/228580542.0
24054.0,Losing Joe's Place,4.11,240,"Humor, Middle Grade, Realistic Fiction",https://www.goodreads.com/book/show/24054.0
238545664.0,Lying Out Loud: A Companion to The DUFF by Kody Keplinger,0.00,N/A,,https://www.goodreads.com/book/show/238545664.0
229117503.0,Minerva Clark Gets a Clue by Karen Karbo,0.00,N/A,,https://www.goodreads.com/book/show/229117503.0
22466679.0,Miss Peregrines Home For Peculiar Children by Ransom Riggs l Summary & Study Guide,3.82,65,Fantasy,https://www.goodreads.com/book/show/22466679.0
23080218.0,"My Family, Your Family",4.10,24,"Adoption, Picture Books, Childrens",https://www.goodreads.com/book/show/23080218.0
212607879.0,"My Last Skirt: The Story of Jennie Hodgers, Union Soldier by Lynda Durrant",0.00,N/A,,https://www.goodreads.com/book/show/212607879.0
41453583.0,My Footprints,3.90,32,"Cultural, Picture Books, LGBT",https://www.goodreads.com/book/show/41453583.0
157140098.0,Odds Are Good: An Oddly Enough and Odder Than Ever Omnibus by Bruce Coville,0.00,N/A,,https://www.goodreads.com/book/show/157140098.0
49676332.0,Study Guide: Nineteen Minutes by Jodi Picoult,4.00,80,,https://www.goodreads.com/book/show/49676332.0
451137.0,Outlaw Princess of Sherwood,3.86,128,"Fantasy, Adventure, Middle Grade",https://www.goodreads.com/book/show/451137.0
9544248.0,Recruited,3.78,104,"High School, Middle Grade, Realistic Fiction",https://www.goodreads.com/book/show/9544248.0
210796505.0,Pay It Forward: Young Readers Edition,4.03,N/A,"Middle Grade, Realistic Fiction, Childrens",https://www.goodreads.com/book/show/210796505.0
204397135.0,"Study Guide: Real Friends by Shannon Hale, Illustr. LeUyen Pham",0.00,59,,https://www.goodreads.com/book/show/204397135.0
649370.0,Restless Spirit: The Life and Work of Dorothea Lange,4.11,128,"Photography, Biography, Art",https://www.goodreads.com/book/show/649370.0
777049.0,Sarah Bishop,3.51,240,"Middle Grade, Classics, Childrens",https://www.goodreads.com/book/show/777049.0
3119006.0,Rogue Wave: And Other Red-Blooded Sea Stories,3.55,195,Short Stories,https://www.goodreads.com/book/show/3119006.0
327945.0,Rowan Hood: Outlaw Girl of Sherwood Forest,3.78,170,"Adventure, Fantasy, Retellings",https://www.goodreads.com/book/show/327945.0
124987126.0,[(Secrets of the Mummies )] [Author: Harriet Griffey] [Jun-2013],0.00,N/A,,https://www.goodreads.com/book/show/124987126.0
59806058.0,Some Kind of Hate,3.88,336,"Young Adult, Realistic Fiction, Fiction",https://www.goodreads.com/book/show/59806058.0
166908672.0,Rowan Hood Returns: The Final Chapter by Springer Nancy (2006-11-02) Paperback,3.89,N/A,"Fantasy, Adventure, Middle Grade",https://www.goodreads.com/book/show/166908672.0
556602.0,Sarah's Key,4.18,294,"Fiction, Historical, France",https://www.goodreads.com/book/show/556602.0
43386048.0,"TBH, I Feel The Same",4.06,254,"Fiction, Middle Grade, Realistic Fiction",https://www.goodreads.com/book/show/43386048.0
55308565.0,"Study Guide: Stamped: Racism, Antiracism, and You by Jason Reynolds and Ibram X. Kendi",3.00,93,,https://www.goodreads.com/book/show/55308565.0
261929.0,Summer of Secrets,4.42,142,"High School, Realistic Fiction, Childrens",https://www.goodreads.com/book/show/261929.0
55922188.0,"Stamped (For Kids): Racism, Antiracism, and You",4.40,N/A,"Banned Books, Middle Grade, Childrens",https://www.goodreads.com/book/show/55922188.0
41121209.0,"TBH, IDK What's Next",4.08,254,"Juvenile, Middle Grade, Realistic Fiction",https://www.goodreads.com/book/show/41121209.0
36101703.0,"TBH, This Is So Awkward",3.63,224,"Middle Grade, Realistic Fiction, Childrens",https://www.goodreads.com/book/show/36101703.0
28251377.0,The Best Man,3.94,240,"Humor, Middle Grade, Realistic Fiction",https://www.goodreads.com/book/show/28251377.0
296477.0,Tell No One Who You Are: The Hidden Childhood of Regine Miller,4.10,192,"Biography, Holocaust, Memoir",https://www.goodreads.com/book/show/296477.0
49965941.0,"TBH, You Know What I Mean",4.08,240,"Middle Grade, Realistic Fiction, Childrens",https://www.goodreads.com/book/show/49965941.0
85247.0,The Da Vinci Code: From Dan Brown’s Fiction to Mary Magdalene’s Faith,3.81,64,Nonfiction,https://www.goodreads.com/book/show/85247.0
118448211.0,Study Guide: The Crossing by Gary Paulsen,0.00,41,,https://www.goodreads.com/book/show/118448211.0
233666430.0,"The Eyes of the Amaryllis by Babbitt, Natalie (January 1, 1979) Mass Market Paperback",3.91,N/A,"Fantasy, Middle Grade, Childrens",https://www.goodreads.com/book/show/233666430.0
31146957.0,The Lotterys Plus One,3.42,303,"Middle Grade, Realistic Fiction, LGBT",https://www.goodreads.com/book/show/31146957.0
78234.0,"The Journal of James Edmond Pease: A Civil War Union Soldier, Virginia, 1863",3.72,173,"Middle Grade, Childrens, Civil War",https://www.goodreads.com/book/show/78234.0
167763178.0,"[The Girl with the Dragon Tattoo (Millennium)] [Author: Larsson, Stieg] [November, 2011]",4.18,N/A,"Mystery, Fiction, Mystery Thriller",https://www.goodreads.com/book/show/167763178.0
45011496.0,"The Lovely Bones by Alice Sebold (Book Analysis): Detailed Summary, Analysis and Reading Guide",4.00,24,,https://www.goodreads.com/book/show/45011496.0
903.0,The Egypt Game,3.83,240,"Fantasy, Egypt, Middle Grade",https://www.goodreads.com/book/show/903.0
12767125.0,The House of the Scorpion by Nancy Farmer Summary & Study Guide,4.00,N/A,Dystopia,https://www.goodreads.com/book/show/12767125.0
39834151.0,"TBH, Too Much Drama",4.00,224,"Middle Grade, Graphic Novels, Realistic Fiction",https://www.goodreads.com/book/show/39834151.0
246644192.0,"BY Boie, Kirsten ( Author ) [{ The Princess Trap By Boie, Kirsten ( Author ) Jun - 01- 2012 ( Paperback ) } ]",0.00,N/A,,https://www.goodreads.com/book/show/246644192.0
63049183.0,Study Guide: The Remarkable Journey of Coyote Sunrise by Dan Gemeinhart,0.00,78,,https://www.goodreads.com/book/show/63049183.0
37435.0,The Secret Life of Bees,4.10,352,"Classics, Fiction, Historical",https://www.goodreads.com/book/show/37435.0
2674122.0,The Squared Circle,3.46,256,"Basketball, Sports, Young Adult",https://www.goodreads.com/book/show/2674122.0
60900548.0,Study Guide: They Both Die at the End by Adam Silvera,5.00,86,,https://www.goodreads.com/book/show/60900548.0
35606560.0,The Sun and Her Flowers,4.08,256,"Adult, Romance, Mental Health",https://www.goodreads.com/book/show/35606560.0
50992748.0,These Unlucky Stars,4.21,N/A,"Middle Grade, Realistic Fiction, Juvenile",https://www.goodreads.com/book/show/50992748.0
39102686.0,There's Only One You,4.16,32,"Realistic Fiction, Picture Books, Childrens",https://www.goodreads.com/book/show/39102686.0
12863675.0,To Be A Slave by Julius Lester Summary & Study Guide,4.50,N/A,,https://www.goodreads.com/book/show/12863675.0
6323474.0,Beautiful,3.66,232,"Young Adult, Realistic Fiction, Romance",https://www.goodreads.com/book/show/6323474.0
25485029.0,We Know It Was You,2.90,352,"High School, Young Adult, Mystery",https://www.goodreads.com/book/show/25485029.0
238052437.0,"[The Lost (Witch & Wizard)] [By: Patterson, James] [November, 2015]",0.00,N/A,,https://www.goodreads.com/book/show/238052437.0
32623538.0,This Would Make a Good Story Someday,3.93,320,"Humor, Middle Grade, Realistic Fiction",https://www.goodreads.com/book/show/32623538.0
121193861.0,Summary of All Your Perfects: Colleen Hoover,4.00,38,,https://www.goodreads.com/book/show/121193861.0
36260155.0,Damsel,3.30,320,"Fantasy, Retellings, Dragons",https://www.goodreads.com/book/show/36260155.0
81071294.0,Study Guide: Last Night at the Telegraph Club by Malinda Lo,3.25,N/A,,https://www.goodreads.com/book/show/81071294.0
76713323.0,Empire of Storms,4.63,733,"Fantasy, Romance, Fiction",https://www.goodreads.com/book/show/76713323.0
24707533.0,Summary & Study Guide Forever…by Judy Blume,2.75,39,,https://www.goodreads.com/book/show/24707533.0
2954411.0,Living Dead Girl,3.78,170,"Young Adult, Realistic Fiction, Horror",https://www.goodreads.com/book/show/2954411.0
59029659.0,Man o' War,4.36,336,"Young Adult, LGBT, Transgender",https://www.goodreads.com/book/show/59029659.0
40291564.0,Storm and Fury,4.03,512,"Fantasy, Urban Fantasy, Romance",https://www.goodreads.com/book/show/40291564.0
20701994.0,yolo,3.69,208,"Young Adult, Realistic Fiction, Chick Lit",https://www.goodreads.com/book/show/20701994.0
62611032.0,Galatea: A Short Story,3.93,64,"Fantasy, Retellings, Fiction",https://www.goodreads.com/book/show/62611032.0
49909479.0,"A Clockwork Orange by Anthony Burgess (Book Analysis): Detailed Summary, Analysis and Reading Guide",4.50,27,,https://www.goodreads.com/book/show/49909479.0
245889487.0,Skin and Bones by Sherry Shahan,0.00,N/A,,https://www.goodreads.com/book/show/245889487.0
52772417.0,Kingdom of the Cursed,4.08,437,"Fantasy, Romance, Romantasy",https://www.goodreads.com/book/show/52772417.0
24976555.0,Sidekick - The DUFF: (Designated Ugly Fat Friend) by Kody Keplinger,3.43,56,,https://www.goodreads.com/book/show/24976555.0
60683957.0,Check & Mate,3.94,353,"Young Adult, Romance, Fiction",https://www.goodreads.com/book/show/60683957.0
51002436.0,The Vampire Armand,4.18,32,Fantasy,https://www.goodreads.com/book/show/51002436.0
32719057.0,Nothing,2.89,212,"Young Adult, Realistic Fiction, Fiction",https://www.goodreads.com/book/show/32719057.0
76714487.0,Tower of Dawn,4.28,688,"Fantasy, Romance, Fiction",https://www.goodreads.com/book/show/76714487.0
15797848.0,There's Someone Inside Your House,3.39,287,"Young Adult, Mystery, Horror",https://www.goodreads.com/book/show/15797848.0
90985.0,33 Snowfish,3.79,192,"Banned Books, Realistic Fiction, Fiction",https://www.goodreads.com/book/show/90985.0
57753973.0,1984: The Graphic Novel,4.19,284,"Science Fiction, Adult, Graphic Novels",https://www.goodreads.com/book/show/57753973.0
23013665.0,21 Proms,3.23,298,"Young Adult, Realistic Fiction, Romance",https://www.goodreads.com/book/show/23013665.0
131061.0,A Bad Boy Can Be Good for a Girl,3.50,228,"Banned Books, Realistic Fiction, Romance",https://www.goodreads.com/book/show/131061.0
12355880.0,37 Things I Love,3.56,224,"Grief, Young Adult, Realistic Fiction",https://www.goodreads.com/book/show/12355880.0
200925440.0,11/22/63: A Novel by Stephen King,4.35,3,"Science Fiction, Fantasy, Horror",https://www.goodreads.com/book/show/200925440.0
22844166.0,1922,3.89,132,"Novella, Horror, Fiction",https://www.goodreads.com/book/show/22844166.0
201120643.0,"[34 Pieces of You] [By: Rodrigues, Carmen] [June, 2013]",0.00,N/A,,https://www.goodreads.com/book/show/201120643.0
289601.0,A Certain Slant of Light,3.84,282,"Fantasy, Supernatural, Romance",https://www.goodreads.com/book/show/289601.0
10572.0,A Clash of Kings,4.42,1009,"Fantasy, Adult, Fiction",https://www.goodreads.com/book/show/10572.0
50659471.0,A Court of Frost and Starlight,3.71,272,"Fantasy, EROTICA GENRE DEFINITION ACCORDING TO GOODREADS, Romance",https://www.goodreads.com/book/show/50659471.0
53138095.0,A ​Court of Silver Flames,4.45,757,"Fantasy, Romance, Fiction",https://www.goodreads.com/book/show/53138095.0
50659468.0,A Court of Mist and Fury,4.63,626,"Fantasy, Romance, Fiction",https://www.goodreads.com/book/show/50659468.0
50659472.0,A Court of Wings and Ruin,4.46,699,"Fantasy, Romance, Fiction",https://www.goodreads.com/book/show/50659472.0
161168.0,A Day No Pigs Would Die: A Unit Plan Based On The Book By Robert Newton Peck,3.95,143,,https://www.goodreads.com/book/show/161168.0
223963177.0,"(A Game of Thrones: The Graphic Novel: Volume Two: 2) [By: Martin, George R.R.] [Jul, 2013]",5.00,N/A,,https://www.goodreads.com/book/show/223963177.0
49247031.0,A Curse of Roses,3.75,352,"Fantasy, Lesbian, LGBT",https://www.goodreads.com/book/show/49247031.0
13497.0,A Feast for Crows,4.17,1060,"Fantasy, Adult, Fiction",https://www.goodreads.com/book/show/13497.0
200078457.0,A Game of Thrones: The Graphic Novel: in 3 hardback volumes,0.00,N/A,,https://www.goodreads.com/book/show/200078457.0
29451548.0,A Girl Like That,3.67,378,"Young Adult, Realistic Fiction, Romance",https://www.goodreads.com/book/show/29451548.0
13496.0,A Game of Thrones,4.45,835,"Fantasy, Adult, Fiction",https://www.goodreads.com/book/show/13496.0
29960804.0,A Good Idea,3.26,384,"LGBT, Mystery, Fiction",https://www.goodreads.com/book/show/29960804.0
48464.0,A Good Man Is Hard to Find and Other Stories,4.16,252,"Southern Gothic, Classics, Fiction",https://www.goodreads.com/book/show/48464.0
31368108.0,Summary of A Stolen Life: by Jaycee Dugard | Includes Analysis,3.25,23,,https://www.goodreads.com/book/show/31368108.0
161800216.0,A Game of Thrones (The Graphic Novels Volume 1-4) by George R.R. Martin,4.23,N/A,"Fantasy, Comics, Graphic Novels",https://www.goodreads.com/book/show/161800216.0
38568.0,A Quick Bite,3.91,360,"Fantasy, Adult, Urban Fantasy",https://www.goodreads.com/book/show/38568.0
41817499.0,Adjustment Day,3.20,336,"Science Fiction, Satire, Horror",https://www.goodreads.com/book/show/41817499.0
32333318.0,After the Game,3.90,352,"High School, Young Adult, Romance",https://www.goodreads.com/book/show/32333318.0
914120.0,Alice the Brave,3.93,144,"Banned Books, Middle Grade, Young Adult",https://www.goodreads.com/book/show/914120.0
66900.0,Alice on the Outside,3.95,176,"Banned Books, Middle Grade, Young Adult",https://www.goodreads.com/book/show/66900.0
38823528.0,Summary of All the Bright Places by Jennifer Niven: Conversation Starters,4.33,70,,https://www.goodreads.com/book/show/38823528.0
43801602.0,All the Things We Do in the Dark: A Dark YA Thriller of Secrets and Scars,3.51,296,"Young Adult, Mystery, LGBT",https://www.goodreads.com/book/show/43801602.0
44280883.0,All Boys Aren’t Blue,4.18,304,"Banned Books, LGBT, Biography",https://www.goodreads.com/book/show/44280883.0
946610.0,A Yellow Raft in Blue Water: Michael Dorris,2.20,72,,https://www.goodreads.com/book/show/946610.0
30037870.0,Allegedly,4.02,390,"Young Adult, Mystery, Fiction",https://www.goodreads.com/book/show/30037870.0
121193861.0,Summary of All Your Perfects: Colleen Hoover,4.00,38,,https://www.goodreads.com/book/show/121193861.0
25657130.0,All American Boys,4.29,316,"Banned Books, Young Adult, Realistic Fiction",https://www.goodreads.com/book/show/25657130.0
55583439.0,Study Guide: American Street by Ibi Zoboi,5.00,60,,https://www.goodreads.com/book/show/55583439.0
33296246.0,Almost Adulting: All You Need to Know to Get It Together,3.28,208,"Adult, Humor, Self Help",https://www.goodreads.com/book/show/33296246.0
28676.0,American Psycho,3.80,399,"Classics, Horror, Fiction",https://www.goodreads.com/book/show/28676.0
346756.0,America,3.95,256,"Mental Illness, Banned Books, Realistic Fiction",https://www.goodreads.com/book/show/346756.0
135144655.0,"Fabbity-Fab! A Big Box of Georgia (Confessions of Georgia Nicolson)- On the Bright Side, I'm Now the Girlfriend of a Sex God / Knocked Out by My Nunga-Nungas / Angus, Thongs and Full-Frontal Snogging by Louise Rennison",4.27,N/A,"Humor, Young Adult",https://www.goodreads.com/book/show/135144655.0
35794821.0,Anne Frank's Diary: The Graphic Adaptation,4.37,151,"Graphic Novels, Classics, Biography",https://www.goodreads.com/book/show/35794821.0
58667398.0,Arden Grey,4.01,288,"Young Adult, LGBT, Romance",https://www.goodreads.com/book/show/58667398.0
10618.0,Apt Pupil,3.93,179,"Novella, Mystery, Horror",https://www.goodreads.com/book/show/10618.0
151553325.0,Ask the Passengers by A.S. King,0.00,N/A,,https://www.goodreads.com/book/show/151553325.0
239379453.0,Novel Unit: Ban This Book by Alan Gratz,0.00,46,,https://www.goodreads.com/book/show/239379453.0
27919232.0,Autonomous,2.69,368,"Science Fiction, Adventure, Teen",https://www.goodreads.com/book/show/27919232.0
132169640.0,Bag of Bones by Stephen King 1998,3.92,N/A,"Fantasy, Mystery, Horror",https://www.goodreads.com/book/show/132169640.0
30082672.0,Being Transgender,3.27,63,Banned Books,https://www.goodreads.com/book/show/30082672.0
36259780.0,Batman: White Knight #1,4.27,32,"Superheroes, Graphic Novels, Graphic Novels Comics",https://www.goodreads.com/book/show/36259780.0
6323474.0,Beautiful,3.66,232,"Young Adult, Realistic Fiction, Romance",https://www.goodreads.com/book/show/6323474.0
5543684.0,Bait,3.95,239,"Young Adult, Realistic Fiction, LGBT",https://www.goodreads.com/book/show/5543684.0
19510835.0,Summary & Study Guide Betrayed by P. C. Cast,3.43,37,,https://www.goodreads.com/book/show/19510835.0
588723.0,Beyond the Chocolate War,3.61,288,"Banned Books, Realistic Fiction, Classics",https://www.goodreads.com/book/show/588723.0
200090747.0,Black Girl Unlimited: The Remarkable Story of a Teenage Wizard,4.31,N/A,"Fantasy, Magical Realism, Young Adult",https://www.goodreads.com/book/show/200090747.0
18166920.0,Beyond Magenta: Transgender and Nonbinary Teens Speak Out,3.80,182,"Banned Books, LGBT, Transgender",https://www.goodreads.com/book/show/18166920.0
137068994.0,[(Before I Die )] [Author: Jenny Downham] [May-2009],3.81,N/A,"Young Adult, Realistic Fiction, Romance",https://www.goodreads.com/book/show/137068994.0
20423219.0,Summary & Study Guide Blankets by Craig Thompson,4.00,49,,https://www.goodreads.com/book/show/20423219.0
58754006.0,Summary Billy Summers by Stephen King,4.18,N/A,,https://www.goodreads.com/book/show/58754006.0
35540804.0,Blood Water Paint,4.15,298,"Art, Fiction, Historical",https://www.goodreads.com/book/show/35540804.0
10607.0,Black House,4.04,659,"Fantasy, Supernatural, Mystery",https://www.goodreads.com/book/show/10607.0
8601666.0,Blessed,3.94,480,"Fantasy, Romance, Paranormal",https://www.goodreads.com/book/show/8601666.0
49151016.0,Body Talk: 37 Voices Explore Our Radical Anatomy,4.03,256,"Essays, Mental Health, Feminism",https://www.goodreads.com/book/show/49151016.0
85687190.0,Study Guide: Bone Gap by Laura Ruby,0.00,49,,https://www.goodreads.com/book/show/85687190.0
7940591.0,Blockade Billy,3.48,112,"Baseball, Horror, Fiction",https://www.goodreads.com/book/show/7940591.0
43330704.0,Summary & Study Guide Born At Midnight by C. C. Hunter,0.00,40,,https://www.goodreads.com/book/show/43330704.0
349473.0,Blaze,3.77,285,"Mystery, Horror, Fiction",https://www.goodreads.com/book/show/349473.0
589817.0,Boy Girl Boy: A Wry and Insightful YA Novel of LGBTQ Teens and Self-Discovery,3.07,180,"Banned Books, LGBT, Romance",https://www.goodreads.com/book/show/589817.0
156758105.0,[(Boy Toy )] [Author: Barry Lyga] [Jan-2009],0.00,N/A,,https://www.goodreads.com/book/show/156758105.0
167923004.0,"P.C.Cast & Kristien Cast Three Book Set; Burned, Awakened, Hunted. 3 House of Night Novels",4.43,N/A,,https://www.goodreads.com/book/show/167923004.0
37924244.0,Call Me By Your Name: by Andre Aciman | Conversation Starters,3.40,59,,https://www.goodreads.com/book/show/37924244.0
34506937.0,Brazen: Rebel Ladies Who Rocked the World,4.51,296,"Graphic Novels, Biography, Comics",https://www.goodreads.com/book/show/34506937.0
42202041.0,Brave Face: A Memoir,4.41,368,"LGBT, Biography, Mental Health",https://www.goodreads.com/book/show/42202041.0
114551467.0,Study Guide: Cemetery Boys by Aiden Thomas,0.00,68,,https://www.goodreads.com/book/show/114551467.0
10592.0,Carrie,3.99,272,"Fantasy, Supernatural, Classics",https://www.goodreads.com/book/show/10592.0
10567.0,Cell,3.65,449,"Science Fiction, Fantasy, Horror",https://www.goodreads.com/book/show/10567.0
8517207.0,Bumped,3.12,326,"Science Fiction, Fantasy, Romance",https://www.goodreads.com/book/show/8517207.0
8662836.0,Chain Reaction,4.09,310,"High School, Young Adult, Realistic Fiction",https://www.goodreads.com/book/show/8662836.0
1609451.0,Change of Heart,3.95,448,"Adult, Chick Lit, Fiction",https://www.goodreads.com/book/show/1609451.0
10629.0,Christine,3.86,360,"Fantasy, Supernatural, Mystery",https://www.goodreads.com/book/show/10629.0
1326258.0,Chosen,3.91,307,"Fantasy, Supernatural, Romance",https://www.goodreads.com/book/show/1326258.0
17262254.0,Cherry Money Baby,3.44,400,"Young Adult, Realistic Fiction, Romance",https://www.goodreads.com/book/show/17262254.0
49909479.0,"A Clockwork Orange by Anthony Burgess (Book Analysis): Detailed Summary, Analysis and Reading Guide",4.50,27,,https://www.goodreads.com/book/show/49909479.0
56978106.0,Cold,3.45,230,"LGBT, Mystery, Fiction",https://www.goodreads.com/book/show/56978106.0
12651912.0,Collateral,3.90,496,"Adult, Young Adult, Realistic Fiction",https://www.goodreads.com/book/show/12651912.0
52822210.0,Concrete Rose,4.37,368,"Young Adult, Realistic Fiction, Fiction",https://www.goodreads.com/book/show/52822210.0
140082.0,Club Dead,4.02,274,"Fantasy, Mystery, Urban Fantasy",https://www.goodreads.com/book/show/140082.0
76705490.0,Crown of Midnight,4.36,420,"Fantasy, Romance, Fiction",https://www.goodreads.com/book/show/76705490.0
29394.0,Cursor's Fury,4.37,442,"Fantasy, Adventure, Fiction",https://www.goodreads.com/book/show/29394.0
563782.0,"Collected Poems, 1947-1980",4.18,864,"Classics, Literature, Fiction",https://www.goodreads.com/book/show/563782.0
8755785.0,City of Heavenly Fire,4.38,725,"Fantasy, Urban Fantasy, Romance",https://www.goodreads.com/book/show/8755785.0
12437190.0,Crank by Ellen Hopkins l Summary & Study Guide,4.60,N/A,,https://www.goodreads.com/book/show/12437190.0
18335634.0,Clockwork Princess,4.55,567,"Fantasy, Urban Fantasy, Romance",https://www.goodreads.com/book/show/18335634.0
36260155.0,Damsel,3.30,320,"Fantasy, Retellings, Dragons",https://www.goodreads.com/book/show/36260155.0
171543011.0,Cujo (1981) Stephen King 1st Print Hardback,4.19,N/A,Horror,https://www.goodreads.com/book/show/171543011.0
9683865.0,Dead End,3.74,388,"Young Adult, Realistic Fiction, Mystery",https://www.goodreads.com/book/show/9683865.0
49025767.0,Darius the Great Deserves Better,4.24,342,"Young Adult, LGBT, Romance",https://www.goodreads.com/book/show/49025767.0
25534684.0,Summary of Dark Places: by Gillian Flynn | Includes Analysis,3.69,62,,https://www.goodreads.com/book/show/25534684.0
10480652.0,Summary & Study Guide Dead Until Dark by Charlaine Harris,4.27,51,,https://www.goodreads.com/book/show/10480652.0
123447996.0,Danse Macabre by Stephen King,3.67,N/A,"Books About Books, Biography, Horror",https://www.goodreads.com/book/show/123447996.0
58768920.0,Study Guide: Dear Martin by Nic Stone,0.00,65,,https://www.goodreads.com/book/show/58768920.0
131442291.0,True Blood 4 Dead to the World by Charlaine Harris (3-Jul-1905) Paperback,4.12,N/A,"Fantasy, Mystery, Urban Fantasy",https://www.goodreads.com/book/show/131442291.0
140079.0,Definitely Dead,4.02,324,"Fantasy, Mystery, Urban Fantasy",https://www.goodreads.com/book/show/140079.0
28094689.0,Different Seasons: Four Novellas,4.36,687,"Fantasy, Mystery, Horror",https://www.goodreads.com/book/show/28094689.0
34992959.0,Defy Me,4.27,357,"Science Fiction, Fantasy, Romance",https://www.goodreads.com/book/show/34992959.0
3271570.0,Dishes,3.08,160,"Realistic Fiction, LGBT, Romance",https://www.goodreads.com/book/show/3271570.0
216879764.0,Dime by E. R. Frank,0.00,N/A,,https://www.goodreads.com/book/show/216879764.0
11570.0,Dreamcatcher,3.66,688,"Science Fiction, Fantasy, Supernatural",https://www.goodreads.com/book/show/11570.0
25269113.0,Summary & Study Guide Eleanor & Park by Rainbow Rowell,4.10,68,,https://www.goodreads.com/book/show/25269113.0
16130549.0,Doctor Sleep,4.13,531,"Fantasy, Supernatural, Horror",https://www.goodreads.com/book/show/16130549.0
158817396.0,Study Guide: Empire of Wild by Cherie Dimaline,0.00,76,,https://www.goodreads.com/book/show/158817396.0
35297272.0,Emergency Contact,3.62,394,"Young Adult, Realistic Fiction, Romance",https://www.goodreads.com/book/show/35297272.0
228611711.0,Study Guide: Every Heart A Doorway by Seanan McGuire,0.00,68,,https://www.goodreads.com/book/show/228611711.0
150418259.0,Drama: A Graphic Novel,4.18,1,"Middle Grade, Graphic Novels, LGBT",https://www.goodreads.com/book/show/150418259.0
33837159.0,Summary: End of Watch by Stephen King,3.40,35,,https://www.goodreads.com/book/show/33837159.0
76713323.0,Empire of Storms,4.63,733,"Fantasy, Romance, Fiction",https://www.goodreads.com/book/show/76713323.0
129753906.0,Everything's Eventual: 14 Dark Tales by Stephen King [Hardcover Book in Russian],3.97,N/A,"Fantasy, Horror, Fiction",https://www.goodreads.com/book/show/129753906.0
203487403.0,livro extremely loud and incredibly close foer jonathan safran 2005,0.00,N/A,,https://www.goodreads.com/book/show/203487403.0
1240370.0,Exit Here.,3.89,464,"Young Adult, Realistic Fiction, Addiction",https://www.goodreads.com/book/show/1240370.0
44012880.0,Fable,4.00,357,"Fantasy, Romance, Fiction",https://www.goodreads.com/book/show/44012880.0
2454990.0,"Fairy Tail, Vol. 02",4.36,208,"Fantasy, Adventure, Manga",https://www.goodreads.com/book/show/2454990.0
170817313.0,"[Fairy Tail: Vol. 1] (By: Hiro Mashima) [published: August, 2012]",4.32,N/A,"Fantasy, Adventure, Manga",https://www.goodreads.com/book/show/170817313.0
128892076.0,"[Fairy Tail, Vol. 5] [By: Hiro Mashima] [June, 2011]",0.00,N/A,,https://www.goodreads.com/book/show/128892076.0
3657138.0,Fade,3.91,248,"Fantasy, Supernatural, Mystery",https://www.goodreads.com/book/show/3657138.0
19365546.0,Summary & Study Guide Fallout by Ellen Hopkins,4.67,31,,https://www.goodreads.com/book/show/19365546.0
58709417.0,"Fight Club by Chuck Palahniuk (Book Analysis): Detailed Summary, Analysis and Reading Guide",1.00,23,,https://www.goodreads.com/book/show/58709417.0
25794364.0,Summary of Finders Keepers: by Stephen King | Includes Analysis,4.09,35,Fiction,https://www.goodreads.com/book/show/25794364.0
93602405.0,Study Guide: Felix Ever After by Kacen Callender,1.00,56,,https://www.goodreads.com/book/show/93602405.0
193578065.0,Study Guide: Flamer by Mike Curato,0.00,59,,https://www.goodreads.com/book/show/193578065.0
10807667.0,Flowers in the Attic by V.C. Andrews: Summary & Study Guide,4.50,43,,https://www.goodreads.com/book/show/10807667.0
24707533.0,Summary & Study Guide Forever…by Judy Blume,2.75,39,,https://www.goodreads.com/book/show/24707533.0
147379248.0,Forever for a Year by B. T. Gottfred,3.08,N/A,"Banned Books, Young Adult, Realistic Fiction",https://www.goodreads.com/book/show/147379248.0
317929.0,Friction,3.50,208,"High School, Young Adult, Realistic Fiction",https://www.goodreads.com/book/show/317929.0
46120865.0,Summary & Study Guide Frostbite by Richelle Mead,0.00,33,,https://www.goodreads.com/book/show/46120865.0
124141633.0,Secret Window/Four Past Midnight by Stephen King,3.94,N/A,"Novella, Mystery, Horror",https://www.goodreads.com/book/show/124141633.0
22076.0,From a Buick 8,3.49,356,"Science Fiction, Fantasy, Supernatural",https://www.goodreads.com/book/show/22076.0
204460256.0,"[Full Dark, No Stars] [By: King, Stephen] [May, 2011]",0.00,N/A,,https://www.goodreads.com/book/show/204460256.0
61803540.0,Summary Of Gender Queer: A Memoir By Maia Kobabe,4.00,N/A,,https://www.goodreads.com/book/show/61803540.0
38897636.0,Full Disclosure,3.90,320,"Young Adult, LGBT, Romance",https://www.goodreads.com/book/show/38897636.0
12464693.0,Ghost World by Daniel Clowes l Summary & Study Guide,4.50,N/A,,https://www.goodreads.com/book/show/12464693.0
28003097.0,Georgia Peaches and Other Forbidden Fruit,3.75,437,"Lesbian, Young Adult, LGBT",https://www.goodreads.com/book/show/28003097.0
56614597.0,Gilded,3.86,502,"Fantasy, Retellings, Romance",https://www.goodreads.com/book/show/56614597.0
26135825.0,Fun Home: A Family Tragicomic,4.07,232,"Graphic Novels, LGBT, Biography",https://www.goodreads.com/book/show/26135825.0
228784237.0,"(Girl in Translation) [By: Kwok, Jean] [Jun, 2011]",3.99,N/A,"Young Adult, Fiction, China",https://www.goodreads.com/book/show/228784237.0
241376602.0,Girls of Paper and Fire by Natasha Ngan,0.00,N/A,,https://www.goodreads.com/book/show/241376602.0
7422080.0,Girl Parts,3.04,218,"Science Fiction, Fantasy, Romance",https://www.goodreads.com/book/show/7422080.0
12505294.0,Girl with a Pearl Earring by Tracy Chevalier l Summary & Study Guide,4.00,N/A,,https://www.goodreads.com/book/show/12505294.0
270804.0,Glass,4.29,681,"Young Adult, Realistic Fiction, Addiction",https://www.goodreads.com/book/show/270804.0
211398170.0,Study Guide: Go Ask Alice by Beatrice Sparks,0.00,78,,https://www.goodreads.com/book/show/211398170.0
35721231.0,Girl Made of Stars,4.18,295,"Lesbian, Young Adult, LGBT",https://www.goodreads.com/book/show/35721231.0
37264.0,"Good-Bye, Chunky Rice",3.78,128,"Graphic Novels, Graphic Novels Comics, Fiction",https://www.goodreads.com/book/show/37264.0
137479177.0,Grasshopper Jungle by Andrew Smith,3.67,N/A,,https://www.goodreads.com/book/show/137479177.0
49875140.0,GOSSIP GIRL: A Novel by Cecily von Ziegesar,3.50,N/A,"Young Adult, Chick Lit, Romance",https://www.goodreads.com/book/show/49875140.0
31706530.0,Grit,3.57,304,"Young Adult, Realistic Fiction, Mystery",https://www.goodreads.com/book/show/31706530.0
59366265.0,Gwendy's Final Task,4.05,288,"Science Fiction, Fantasy, Mystery",https://www.goodreads.com/book/show/59366265.0
34430839.0,Gwendy's Button Box,3.92,171,"Fantasy, Novella, Mystery",https://www.goodreads.com/book/show/34430839.0
3720975.0,Handle with Care,4.01,477,"Adult, Chick Lit, Fiction",https://www.goodreads.com/book/show/3720975.0
49397758.0,Grown,4.24,384,"Young Adult, Mystery, Fiction",https://www.goodreads.com/book/show/49397758.0
22288.0,Haunted,3.59,419,"Adult, Dark, Horror",https://www.goodreads.com/book/show/22288.0
123931239.0,Hearts in Atlantis by Stephen King,3.86,N/A,"Fantasy, Mystery, Horror",https://www.goodreads.com/book/show/123931239.0
18749.0,Half of a Yellow Sun,4.34,435,"Fiction, Historical, War",https://www.goodreads.com/book/show/18749.0
55424906.0,Here's to Us,4.01,448,"Young Adult, LGBT, Romance",https://www.goodreads.com/book/show/55424906.0
40536342.0,Heroine,4.28,419,"Young Adult, Realistic Fiction, Fiction",https://www.goodreads.com/book/show/40536342.0
30896134.0,Summary of Homegoing: By Yaa Gyasi - Includes Analysis,4.19,28,,https://www.goodreads.com/book/show/30896134.0
245779371.0,House Rules by Jodi Picoult,5.00,N/A,,https://www.goodreads.com/book/show/245779371.0
6373717.0,Hold Still,3.99,230,"Young Adult, Realistic Fiction, LGBT",https://www.goodreads.com/book/show/6373717.0
43197389.0,High School,4.28,384,"LGBT, Biography, Memoir",https://www.goodreads.com/book/show/43197389.0
123448.0,"How I Paid for College: A Novel of Sex, Theft, Friendship & Musical Theater",3.84,288,"Humor, LGBT, Fiction",https://www.goodreads.com/book/show/123448.0
58437738.0,Howl,3.86,432,"Fantasy, LGBT, Horror",https://www.goodreads.com/book/show/58437738.0
29010395.0,I Am Not Your Perfect Mexican Daughter,4.00,344,"Young Adult, Realistic Fiction, Latinx",https://www.goodreads.com/book/show/29010395.0
9378292.0,"How The García Girls Lost Their Accents, By Julia Alvarez: Teacher Guide",4.21,40,,https://www.goodreads.com/book/show/9378292.0
40132775.0,House of Sky and Breath,4.42,805,"Fantasy, Romance, Fiction",https://www.goodreads.com/book/show/40132775.0
33098361.0,I Never,3.25,288,"Banned Books, Young Adult, Realistic Fiction",https://www.goodreads.com/book/show/33098361.0
37542448.0,Summary & Study Guide Identical by Ellen Hopkins,5.00,63,,https://www.goodreads.com/book/show/37542448.0
36470842.0,I Have Lost My Way,3.66,368,"Young Adult, Realistic Fiction, LGBT",https://www.goodreads.com/book/show/36470842.0
44778083.0,House of Earth and Blood,4.45,803,"Fantasy, Urban Fantasy, Romance",https://www.goodreads.com/book/show/44778083.0
244838046.0,Imaginary Friend - Stephen Chbosky,0.00,N/A,,https://www.goodreads.com/book/show/244838046.0
181865350.0,Friends to Lovers Series Volume 1 and 2 If He Had Been with Me + If Only I had Told Her,3.86,752,"Romance, Fiction, Contemporary",https://www.goodreads.com/book/show/181865350.0
53705104.0,Summary of If It Bleeds by Stephen King,3.67,31,,https://www.goodreads.com/book/show/53705104.0
209364876.0,Study Guide: Ignite Me by Tahereh Mafi,4.00,73,,https://www.goodreads.com/book/show/209364876.0
211395715.0,If You Find This by Matthew Baker,0.00,N/A,,https://www.goodreads.com/book/show/211395715.0
130696223.0,"[Intensity] (By: Dean R Koontz) [published: January, 2012]",4.03,N/A,"Mystery, Horror, Fiction",https://www.goodreads.com/book/show/130696223.0
40218122.0,Summary & Study Guide Impulse by Ellen Hopkins,0.00,52,,https://www.goodreads.com/book/show/40218122.0
20820994.0,I'll Give You the Sun,4.15,371,"Young Adult, Realistic Fiction, LGBT",https://www.goodreads.com/book/show/20820994.0
20359647.0,In a Handful of Dust,3.93,384,"Science Fiction, Fiction, Post Apocalyptic",https://www.goodreads.com/book/show/20359647.0
18369851.0,Infandous,3.46,N/A,"Banned Books, Fantasy, Young Adult",https://www.goodreads.com/book/show/18369851.0
10585.0,Insomnia,3.84,896,"Fantasy, Supernatural, Mystery",https://www.goodreads.com/book/show/10585.0
59112062.0,Summary of It Ends With Us by Colleen Hoover,4.00,40,,https://www.goodreads.com/book/show/59112062.0
830502.0,It,4.24,1184,"Fantasy, Classics, Mystery",https://www.goodreads.com/book/show/830502.0
146064.0,Jesus Land: A Memoir,3.97,384,"Religion, Biography, Memoir",https://www.goodreads.com/book/show/146064.0
816473.0,"It's So Amazing!: A Book about Eggs, Sperm, Birth, Babies, and Families",4.39,88,"Banned Books, Picture Books, Childrens",https://www.goodreads.com/book/show/816473.0
16241162.0,Invisible Monsters Remix,4.15,301,"Adult, LGBT, Horror",https://www.goodreads.com/book/show/16241162.0
35552871.0,Summary & Study Guide Joyland by Stephen King,0.00,45,,https://www.goodreads.com/book/show/35552871.0
88894169.0,Study Guide: Juliet Takes a Breath by Gabby Rivera,3.00,44,,https://www.goodreads.com/book/show/88894169.0
126232.0,Jaws,3.94,368,"Adventure, Classics, Horror",https://www.goodreads.com/book/show/126232.0
150110186.0,Jarhead: a Marine's Chronicle of the Gulf War and Other Battles by Anthony Swofford,0.00,N/A,,https://www.goodreads.com/book/show/150110186.0
11569509.0,Keeping Faith by Jodi Picoult Summary & Study Guide,4.08,N/A,Fiction,https://www.goodreads.com/book/show/11569509.0
2906039.0,Just After Sunset,3.88,367,"Fantasy, Horror, Fiction",https://www.goodreads.com/book/show/2906039.0
206318521.0,Just Kids,4.21,262,"Biography, Art, Memoir",https://www.goodreads.com/book/show/206318521.0
272315.0,Keeping You a Secret,3.93,250,"Lesbian, LGBT, Romance",https://www.goodreads.com/book/show/272315.0
12565477.0,Kafka on the Shore by Haruki Murakami l Summary & Study Guide,4.19,N/A,"Fiction, Ebooks",https://www.goodreads.com/book/show/12565477.0
48579405.0,Kate in Waiting,3.79,387,"Young Adult, LGBT, Romance",https://www.goodreads.com/book/show/48579405.0
218857111.0,Kissing Kate by Lauren Myracle,0.00,N/A,,https://www.goodreads.com/book/show/218857111.0
510632.0,Killing Mr. Griffin,3.61,223,"Banned Books, Mystery, Horror",https://www.goodreads.com/book/show/510632.0
76715522.0,Kingdom of Ash,4.71,984,"Fantasy, Romance, Fiction",https://www.goodreads.com/book/show/76715522.0
40523458.0,Kingsbane,3.88,608,"Fantasy, Romance, Fiction",https://www.goodreads.com/book/show/40523458.0
563321.0,"l8r, g8r",3.74,288,"Banned Books, Young Adult, Realistic Fiction",https://www.goodreads.com/book/show/563321.0
213285919.0,Study Guide: Laura Dean Keeps Breaking Up with Me by Mariko Tamaki,2.00,70,,https://www.goodreads.com/book/show/213285919.0
81071294.0,Study Guide: Last Night at the Telegraph Club by Malinda Lo,3.25,N/A,,https://www.goodreads.com/book/show/81071294.0
17158532.0,Kings Rising,4.43,385,"Fantasy, LGBT, Romance",https://www.goodreads.com/book/show/17158532.0
52089753.0,Layla,3.63,305,"Mystery, Romance, Fiction",https://www.goodreads.com/book/show/52089753.0
25494343.0,Lady Midnight,4.35,688,"Fantasy, Urban Fantasy, Romance",https://www.goodreads.com/book/show/25494343.0
8855321.0,Leviathan Wakes,4.31,561,"Science Fiction, Fantasy, Fiction",https://www.goodreads.com/book/show/8855321.0
98024.0,Life Is Funny,3.83,272,"Banned Books, Realistic Fiction, Fiction",https://www.goodreads.com/book/show/98024.0
36253143.0,Lightbringer,3.96,592,"Fantasy, Romance, Fiction",https://www.goodreads.com/book/show/36253143.0
31180248.0,Leah on the Offbeat,3.78,352,"Young Adult, LGBT, Romance",https://www.goodreads.com/book/show/31180248.0
6527740.0,Last Sacrifice,4.36,594,"Fantasy, Urban Fantasy, Romance",https://www.goodreads.com/book/show/6527740.0
171615331.0,"Stephen King Box Set: Mr. Mercedes, Everything's Eventual, Lisey's Story by Stephen King",4.39,N/A,"Horror, Supernatural, Thriller",https://www.goodreads.com/book/show/171615331.0
17456953.0,Lighter than My Shadow,4.40,509,"Mental Illness, Graphic Novels, Graphic Novels Comics",https://www.goodreads.com/book/show/17456953.0
244838078.0,Lonesome Dove - Larry McMurty,5.00,N/A,,https://www.goodreads.com/book/show/244838078.0
2954411.0,Living Dead Girl,3.78,170,"Young Adult, Realistic Fiction, Horror",https://www.goodreads.com/book/show/2954411.0
25062038.0,Little & Lion,3.80,327,"Young Adult, LGBT, Romance",https://www.goodreads.com/book/show/25062038.0
11736848.0,Living Dead in Dallas by Charlaine Harris Summary Study Guide,4.26,N/A,,https://www.goodreads.com/book/show/11736848.0
202359965.0,Study Guide: Loveless by Alice Oseman,4.00,62,,https://www.goodreads.com/book/show/202359965.0
12882265.0,Lullaby by Chuck Palahniuk l Summary & Study Guide,3.75,N/A,,https://www.goodreads.com/book/show/12882265.0
136328733.0,Lush by Natasha Friend,0.00,N/A,,https://www.goodreads.com/book/show/136328733.0
99561.0,Looking for Alaska,3.96,221,"Young Adult, Realistic Fiction, Romance",https://www.goodreads.com/book/show/99561.0
124080198.0,Lone Wolf by Jodi Picoult,3.73,N/A,"Adult, Fiction, Drama",https://www.goodreads.com/book/show/124080198.0
39670893.0,ME and EARL and the Dying GIRL by Jesse Andrews: A Study Guide,2.67,37,,https://www.goodreads.com/book/show/39670893.0
59029659.0,Man o' War,4.36,336,"Young Adult, LGBT, Transgender",https://www.goodreads.com/book/show/59029659.0
24612624.0,Melissa,4.09,208,"Middle Grade, Realistic Fiction, LGBT",https://www.goodreads.com/book/show/24612624.0
12439950.0,"Me, Him, Them, and It",3.79,310,"High School, Young Adult, Realistic Fiction",https://www.goodreads.com/book/show/12439950.0
10640535.0,Mercy by Jodi Picoult Summary & Study Guide,3.62,N/A,,https://www.goodreads.com/book/show/10640535.0
28365278.0,Summary & Study Guide Memnoch the Devil by Anne Rice,4.27,44,,https://www.goodreads.com/book/show/28365278.0
29935867.0,Midnight Jewel,3.92,416,"Fantasy, Romance, Fiction",https://www.goodreads.com/book/show/29935867.0
33566336.0,Milk and Honey by Rupi Kaur | Conversation Starters,3.84,67,,https://www.goodreads.com/book/show/33566336.0
16059426.0,Love in the Time of Global Warming,3.38,240,"Science Fiction, Fantasy, LGBT",https://www.goodreads.com/book/show/16059426.0
89190347.0,Study Guide: More Happy Than Not by Adam Silvera,0.00,78,,https://www.goodreads.com/book/show/89190347.0
22631479.0,Mr. Mercedes by Stephen King - A 30-Minute Summary,4.34,74,"Horror, Fiction",https://www.goodreads.com/book/show/22631479.0
35068534.0,Monday's Not Coming,4.26,448,"Young Adult, Mystery, Fiction",https://www.goodreads.com/book/show/35068534.0
44900349.0,Music from Another World,4.16,384,"Lesbian, LGBT, Romance",https://www.goodreads.com/book/show/44900349.0
10614.0,Misery,4.23,370,"Mystery, Horror, Fiction",https://www.goodreads.com/book/show/10614.0
77175686.0,Study Guide: My Friend Dahmer by Derf Backderf,0.00,N/A,,https://www.goodreads.com/book/show/77175686.0
23230.0,Naomi and Ely's No Kiss List,3.38,230,"Young Adult, Realistic Fiction, LGBT",https://www.goodreads.com/book/show/23230.0
10917.0,My Sister's Keeper,4.11,423,"Adult, Chick Lit, Fiction",https://www.goodreads.com/book/show/10917.0
36105772.0,Neanderthal Opens the Door to the Universe,4.23,410,"Humor, Young Adult, Realistic Fiction",https://www.goodreads.com/book/show/36105772.0
227973958.0,Study Guide: Needful Things by Stephen King,0.00,84,,https://www.goodreads.com/book/show/227973958.0
1207348.0,Dolores Claiborne / Nightmares and Dreamscapes,4.27,1,Horror,https://www.goodreads.com/book/show/1207348.0
142538341.0,"[Nick and Norah's Infinite Playlist] [By: Rachel Cohn] [January, 2007]",3.69,N/A,"Young Adult, Realistic Fiction, Romance",https://www.goodreads.com/book/show/142538341.0
200444067.0,"Von Ziegesar, Cecily. Nobody does it better; a Gossip Girl novel.(Young Adult Review)(Book Review): An article from: Kliatt",0.00,2,,https://www.goodreads.com/book/show/200444067.0
49676332.0,Study Guide: Nineteen Minutes by Jodi Picoult,4.00,80,,https://www.goodreads.com/book/show/49676332.0
133383678.0,"Native Son by Wright, Richard (2008) Paperback",4.04,N/A,"Banned Books, Classics, Fiction",https://www.goodreads.com/book/show/133383678.0
134758081.0,My Jim: A Novel by Nancy Rawles,3.74,N/A,"Adult, Fiction, Historical",https://www.goodreads.com/book/show/134758081.0
34324484.0,Not Even Bones,4.13,368,"Fantasy, Urban Fantasy, Horror",https://www.goodreads.com/book/show/34324484.0
45029681.0,"Normal People by Sally Rooney (Book Analysis): Detailed Summary, Analysis and Reading Guide",3.61,27,,https://www.goodreads.com/book/show/45029681.0
39848512.0,Odd One Out,3.67,320,"Young Adult, Realistic Fiction, LGBT",https://www.goodreads.com/book/show/39848512.0
402014.0,"On the Bright Side, I'm Now the Girlfriend of a Sex God",3.95,243,"Humor, Chick Lit, Romance",https://www.goodreads.com/book/show/402014.0
63290582.0,Study Guide: One Last Stop by Casey McQuiston,1.00,N/A,,https://www.goodreads.com/book/show/63290582.0
9855742.0,Summary & Study Guide On Writing: A Memoir of the Craft by Stephen King,4.41,33,"Writing, Reference, Memoir",https://www.goodreads.com/book/show/9855742.0
45046743.0,Only Mostly Devastated,3.93,281,"Young Adult, LGBT, Romance",https://www.goodreads.com/book/show/45046743.0
28926586.0,Study Guide: Oryx and Crake by Margaret Atwood,3.83,70,Audiobook,https://www.goodreads.com/book/show/28926586.0
8976759.0,Num8ers,3.48,352,"Science Fiction, Fantasy, Romance",https://www.goodreads.com/book/show/8976759.0
25256386.0,Out of Darkness,4.14,402,"Banned Books, Romance, Fiction",https://www.goodreads.com/book/show/25256386.0
25525380.0,Sidekick - Paper Towns: by John Green,3.72,50,,https://www.goodreads.com/book/show/25525380.0
111180.0,Perfect Match,3.97,368,"Adult, Chick Lit, Mystery",https://www.goodreads.com/book/show/111180.0
38355061.0,People Kill People,3.87,431,"Banned Books, Young Adult, Realistic Fiction",https://www.goodreads.com/book/show/38355061.0
13644055.0,Opposition,4.31,533,"Science Fiction, Fantasy, Romance",https://www.goodreads.com/book/show/13644055.0
161613980.0,"Persepolis 2: The Story of a Return by Satrapi, Marjane First Americaniti edition",4.22,N/A,"Graphic Novels, Biography, Iran",https://www.goodreads.com/book/show/161613980.0
19432656.0,Persepolis: the Story of a Childhood by Marjane Satrapi l Summary & Study Guide,4.33,32,,https://www.goodreads.com/book/show/19432656.0
12941751.0,Pet Sematary by Stephen King Summary & Study Guide,4.33,N/A,,https://www.goodreads.com/book/show/12941751.0
4268157.0,Perfect Chemistry,4.04,368,"High School, Young Adult, Romance",https://www.goodreads.com/book/show/4268157.0
28577279.0,Lesson Plan Plain Truth by Jodi Picoult,3.80,314,,https://www.goodreads.com/book/show/28577279.0
125853629.0,"[Pride of Baghdad] [By: Vaughan, Brian K.] [January, 2008]",0.00,N/A,,https://www.goodreads.com/book/show/125853629.0
55099955.0,Pumpkin,4.15,336,"Young Adult, LGBT, Romance",https://www.goodreads.com/book/show/55099955.0
206159051.0,"Rainbow Boys by Sanchez, Alex [Simon & Schuster Books for Young Readers, 2003] Paperback [Paperback]",0.00,N/A,,https://www.goodreads.com/book/show/206159051.0
7810126.0,"Precious: Based on the Novel ""Push"" by Sapphire",3.92,126,"Fiction, Audiobook",https://www.goodreads.com/book/show/7810126.0
123004944.0,Queen of Shadows,4.62,689,"Fantasy, Romance, Fiction",https://www.goodreads.com/book/show/123004944.0
85989.0,Princess on the Brink,3.69,256,"Young Adult, Chick Lit, Childrens",https://www.goodreads.com/book/show/85989.0
94063.0,Rainbow High,3.98,247,"M M Romance, LGBT, Romance",https://www.goodreads.com/book/show/94063.0
26107311.0,Summary of Ready Player One: by Ernest Cline | Summary & Analysis,4.26,116,,https://www.goodreads.com/book/show/26107311.0
31449227.0,Ramona Blue,3.90,408,"Young Adult, LGBT, Romance",https://www.goodreads.com/book/show/31449227.0
51852191.0,Rage and Ruin,4.12,540,"Fantasy, Urban Fantasy, Romance",https://www.goodreads.com/book/show/51852191.0
157713404.0,"By E. Lockhart Real Live Boyfriends: Yes. Boyfriends, plural. If my life weren't complicated, I wouldn't be Ruby Ol",3.96,N/A,"Young Adult, Chick Lit, Realistic Fiction",https://www.goodreads.com/book/show/157713404.0
43721070.0,Red Hood,3.44,361,"Fantasy, Retellings, Fairy Tales",https://www.goodreads.com/book/show/43721070.0
31194576.0,Release,3.64,287,"Fantasy, Magical Realism, Young Adult",https://www.goodreads.com/book/show/31194576.0
228803251.0,Relish: My Life in the Kitchen by Lucy Knisley,3.95,N/A,"Graphic Novels, Cooking, Biography",https://www.goodreads.com/book/show/228803251.0
20759533.0,Rethinking Normal: A Memoir in Transition,3.80,272,"LGBT, Biography, Transgender",https://www.goodreads.com/book/show/20759533.0
83175353.0,Rise and Fall,0.00,136,,https://www.goodreads.com/book/show/83175353.0
20926278.0,Revival,3.81,405,"Science Fiction, Fantasy, Mystery",https://www.goodreads.com/book/show/20926278.0
137289340.0,Rules of Attraction (A Perfect Chemistry Novel) by Simone Elkeles,4.17,N/A,"High School, Young Adult, Realistic Fiction",https://www.goodreads.com/book/show/137289340.0
52061964.0,Reverie,3.45,397,"Fantasy, LGBT, Mystery",https://www.goodreads.com/book/show/52061964.0
10619.0,Rose Madder,3.76,595,"Fantasy, Supernatural, Horror",https://www.goodreads.com/book/show/10619.0
7531478.0,Scars,4.15,248,"Mental Illness, Young Adult, LGBT",https://www.goodreads.com/book/show/7531478.0
11569510.0,Salem Falls by Jodi Picoult Summary & Study Guide,3.94,N/A,Audiobook,https://www.goodreads.com/book/show/11569510.0
9994787.0,Summary & Study Guide Salem's Lot by Stephen King,3.90,74,,https://www.goodreads.com/book/show/9994787.0
136990452.0,"Rumble by Hopkins, Ellen (August 26, 2014) Hardcover",4.05,N/A,"Young Adult, Realistic Fiction, LGBT",https://www.goodreads.com/book/show/136990452.0
86493720.0,"Rare Dean Koontz / SEIZE THE NIGHT Signed 1st Edition 1999 [Hardcover] Koontz, Dean",4.09,N/A,"Science Fiction, Mystery, Horror",https://www.goodreads.com/book/show/86493720.0
12420142.0,Second Glance by Jodi Picoult Summary & Study Guide,3.92,N/A,,https://www.goodreads.com/book/show/12420142.0
12384984.0,See You at Harry's,4.13,310,"Middle Grade, Young Adult, Realistic Fiction",https://www.goodreads.com/book/show/12384984.0
58097968.0,"Serendipity: Ten Romantic Tropes, Transformed",3.21,302,"Young Adult, LGBT, Romance",https://www.goodreads.com/book/show/58097968.0
6068551.0,Shiver,3.76,392,"Fantasy, Romance, Fiction",https://www.goodreads.com/book/show/6068551.0
8928054.0,Shine,3.82,350,"Young Adult, Realistic Fiction, Mystery",https://www.goodreads.com/book/show/8928054.0
28763840.0,Shut Up,4.20,248,"Realistic Fiction, Young Adult, Abuse",https://www.goodreads.com/book/show/28763840.0
40519259.0,Shout,4.24,304,"Mental Health, Contemporary, Feminism",https://www.goodreads.com/book/show/40519259.0
10757771.0,Shut Out,3.73,273,"High School, Young Adult, Chick Lit",https://www.goodreads.com/book/show/10757771.0
132750267.0,"Skeleton Crew by King, Stephen (1985) Hardcover",3.97,512,"Fantasy, Horror, Fiction",https://www.goodreads.com/book/show/132750267.0
36010223.0,Smoke in the Sun,3.80,408,"Fantasy, Romance, Fiction",https://www.goodreads.com/book/show/36010223.0
160146150.0,Smoke by Ellen Hopkins (10-Sep-2013) Hardcover,4.33,N/A,"Young Adult, Realistic Fiction, Romance",https://www.goodreads.com/book/show/160146150.0
2418888.0,Skim,3.76,143,"Graphic Novels, LGBT, Graphic Novels Comics",https://www.goodreads.com/book/show/2418888.0
34466922.0,Sleeping Beauties,3.73,702,"Science Fiction, Fantasy, Mystery",https://www.goodreads.com/book/show/34466922.0
203836131.0,Study Guide: Snapdragon by Kat Leyh,0.00,N/A,,https://www.goodreads.com/book/show/203836131.0
51323334.0,"Slaughterhouse-Five, or the Children's Crusade: A Graphic Novel Adaptation",4.38,192,"Science Fiction, Graphic Novels, Classics",https://www.goodreads.com/book/show/51323334.0
201114.0,Sold,4.24,268,"Banned Books, Realistic Fiction, Fiction",https://www.goodreads.com/book/show/201114.0
11749151.0,Songs of the Humpback Whale by Jodi Picoult Summary & Study Guide,3.38,N/A,Fiction,https://www.goodreads.com/book/show/11749151.0
1969856.0,Sophie's Choice - William Styron: William Styron,4.34,128,,https://www.goodreads.com/book/show/1969856.0
36204669.0,Ship It,3.17,384,"Young Adult, LGBT, Romance",https://www.goodreads.com/book/show/36204669.0
26941.0,Song Of Solomon (Toni Morrison): Curriculum Unit,3.70,60,,https://www.goodreads.com/book/show/26941.0
39662380.0,Solo quedó nuestra historia,3.91,316,"Young Adult, LGBT, Romance",https://www.goodreads.com/book/show/39662380.0
10755314.0,"Sparks: The Epic, Completely True Blue, (Almost) Holy Quest of Debbie",3.61,264,"Lesbian, Realistic Fiction, LGBT",https://www.goodreads.com/book/show/10755314.0
209226901.0,[The Song of Susannah] [by: Stephen King],0.00,N/A,,https://www.goodreads.com/book/show/209226901.0
34495927.0,Speak: The Graphic Novel,4.38,372,"Graphic Novels, Realistic Fiction, Fiction",https://www.goodreads.com/book/show/34495927.0
500827.0,Stained,3.23,208,"Banned Books, Realistic Fiction, Mystery",https://www.goodreads.com/book/show/500827.0
33163388.0,Spinning,3.89,400,"Graphic Novels, LGBT, Sports",https://www.goodreads.com/book/show/33163388.0
39280444.0,Speak,4.05,224,"Banned Books, Young Adult, Realistic Fiction",https://www.goodreads.com/book/show/39280444.0
36532172.0,Someone I Used to Know,4.23,384,"Young Adult, Realistic Fiction, Romance",https://www.goodreads.com/book/show/36532172.0
217710543.0,Stealing Heaven by Elizabeth Scott,4.00,N/A,,https://www.goodreads.com/book/show/217710543.0
162921145.0,"Larry McMurty 7 volume hardcover set: Dead Man's Walk, The Late Child, Streets of Laredo, Some Can Whistle, Loop Group, When the Light Goes, Commanche Moon",4.00,N/A,,https://www.goodreads.com/book/show/162921145.0
40291564.0,Storm and Fury,4.03,512,"Fantasy, Urban Fantasy, Romance",https://www.goodreads.com/book/show/40291564.0
74978440.0,"Tar Baby by Morrison, Toni",3.99,264,"Literary Fiction, Classics, Fiction",https://www.goodreads.com/book/show/74978440.0
353016.0,Tantalize,3.31,336,"Fantasy, Romance, Fiction",https://www.goodreads.com/book/show/353016.0
783291.0,The Almost Moon,2.73,295,"Adult, Fiction, Drama",https://www.goodreads.com/book/show/783291.0
6479259.0,Spirit Bound,4.32,489,"Fantasy, Urban Fantasy, Romance",https://www.goodreads.com/book/show/6479259.0
10617.0,The Bachman Books,4.15,704,"Science Fiction, Fantasy, Horror",https://www.goodreads.com/book/show/10617.0
28319362.0,Summary & Study Guide The Berlin Boxing Club by Robert Sharenow,3.80,94,,https://www.goodreads.com/book/show/28319362.0
23197837.0,The Belles,3.82,448,"Fantasy, Romance, Fiction",https://www.goodreads.com/book/show/23197837.0
48589165.0,The Black Friend: On Being a Better White Person,4.46,272,"Self Help, Anti Racist, Social Justice",https://www.goodreads.com/book/show/48589165.0
23512999.0,The Bazaar of Bad Dreams,3.91,495,"Fantasy, Horror, Fiction",https://www.goodreads.com/book/show/23512999.0
22571247.0,The Carnival at Bray,3.90,235,"Realistic Fiction, Romance, Fiction",https://www.goodreads.com/book/show/22571247.0
126062562.0,The Assassin's Blade,4.20,451,"Fantasy, Romance, Fiction",https://www.goodreads.com/book/show/126062562.0
11597.0,The Dark Half,3.81,460,"Fantasy, Supernatural, Mystery",https://www.goodreads.com/book/show/11597.0
10148528.0,Summary & Study Guide The Dark Tower VII: The Dark Tower by Stephen King,4.29,50,,https://www.goodreads.com/book/show/10148528.0
540020.0,The Day of the Jackal,4.27,358,"Espionage, Mystery, Fiction",https://www.goodreads.com/book/show/540020.0
41020406.0,The Black Flamingo,4.33,360,"Young Adult, LGBT, Fiction",https://www.goodreads.com/book/show/41020406.0
23310734.0,The Detour,3.53,215,"Realistic Fiction, Mystery, Horror",https://www.goodreads.com/book/show/23310734.0
10366941.0,The Dark Tower II: The Drawing of the Three by Stephen King - Summary & Study Guide,4.50,N/A,"Horror, Fantasy",https://www.goodreads.com/book/show/10366941.0
148133480.0,The Dead Zone by Stephen King,3.97,N/A,"Science Fiction, Fantasy, Horror",https://www.goodreads.com/book/show/148133480.0
24976555.0,Sidekick - The DUFF: (Designated Ugly Fat Friend) by Kody Keplinger,3.43,56,,https://www.goodreads.com/book/show/24976555.0
40611463.0,The Clan of the Cave Bear,4.10,516,"Fantasy, Adventure, Classics",https://www.goodreads.com/book/show/40611463.0
28763841.0,Telling,4.18,156,,https://www.goodreads.com/book/show/28763841.0
20735140.0,Summary & Study Guide The Fountainhead by Ayn Rand,3.70,56,,https://www.goodreads.com/book/show/20735140.0
214560639.0,"Study Guide: The Freedom Writers Diary by Erin Gruwell, The Freedom Writers",0.00,56,,https://www.goodreads.com/book/show/214560639.0
39897058.0,The Fever King,3.90,375,"Science Fiction, Fantasy, LGBT",https://www.goodreads.com/book/show/39897058.0
25812109.0,The Female of the Species,4.14,368,"Young Adult, Mystery, Fiction",https://www.goodreads.com/book/show/25812109.0
20414849.0,Summary & Study Guide The Glass Castle by Jeannette Walls,4.03,46,,https://www.goodreads.com/book/show/20414849.0
144300140.0,The God Box by Alex Sanchez,5.00,N/A,,https://www.goodreads.com/book/show/144300140.0
25573012.0,Summary & Study Guide The Girl with the Dragon Tattoo by Stieg Larsson,4.67,51,"Mystery, Audiobook",https://www.goodreads.com/book/show/25573012.0
38448.0,The Handmaid's Tale By Margaret Atwood: A Post 16 Study Guide,3.79,40,"Classics, Audiobook",https://www.goodreads.com/book/show/38448.0
10295681.0,Summary & Study Guide The Dark Tower: The Gunslinger by Stephen King,4.27,40,,https://www.goodreads.com/book/show/10295681.0
40766383.0,The Handmaid's Tale: The Graphic Novel,4.22,240,"Science Fiction, Graphic Novels, Classics",https://www.goodreads.com/book/show/40766383.0
11566.0,The Green Mile,4.49,592,"Fantasy, Classics, Mystery",https://www.goodreads.com/book/show/11566.0
44805980.0,"The Hate U Give by Angie Thomas (Book Analysis): Detailed Summary, Analysis and Reading Guide",4.44,25,,https://www.goodreads.com/book/show/44805980.0
34593573.0,The Handsome Girl & Her Beautiful Boy,3.59,420,"Young Adult, Realistic Fiction, LGBT",https://www.goodreads.com/book/show/34593573.0
17185379.0,The Hit,3.05,303,"Science Fiction, Romance, Fiction",https://www.goodreads.com/book/show/17185379.0
11564.0,The Girl Who Loved Tom Gordon,3.64,264,"Fantasy, Mystery, Horror",https://www.goodreads.com/book/show/11564.0
26095121.0,The Haters,3.41,352,"Banned Books, Humor, Young Adult",https://www.goodreads.com/book/show/26095121.0
6437061.0,The Hundred Thousand Kingdoms,3.89,427,"Fantasy, Adult, Romance",https://www.goodreads.com/book/show/6437061.0
17316589.0,The Kingdom of Little Wounds,3.25,563,"Fantasy, Banned Books, Fairy Tales",https://www.goodreads.com/book/show/17316589.0
17290266.0,The Infinite Moment of Us,3.17,316,"Banned Books, Young Adult, Realistic Fiction",https://www.goodreads.com/book/show/17290266.0
51185847.0,The League of Super Feminists,4.08,60,"Bande Dessinée, Graphic Novels, LGBT",https://www.goodreads.com/book/show/51185847.0
41783734.0,The Last True Poets of the Sea,3.90,400,"Lesbian, Young Adult, LGBT",https://www.goodreads.com/book/show/41783734.0
12843717.0,The Letter Q: Queer Writers' Notes to their Younger Selves,3.92,281,"LGBT, Essays, Memoir",https://www.goodreads.com/book/show/12843717.0
11296523.0,The Kite Runner: Graphic Novel,4.45,132,"Adult, Graphic Novels, Graphic Novels Comics",https://www.goodreads.com/book/show/11296523.0
60209258.0,Summary Of The Love Hypothesis by Ali Hazelwood: Chapter-by-Chapter Study Guide & Analysis,3.95,N/A,,https://www.goodreads.com/book/show/60209258.0
45011496.0,"The Lovely Bones by Alice Sebold (Book Analysis): Detailed Summary, Analysis and Reading Guide",4.00,24,,https://www.goodreads.com/book/show/45011496.0
12197190.0,The Long Walk by Stephen King Summary & Study Guide,3.64,N/A,Audiobook,https://www.goodreads.com/book/show/12197190.0
161862450.0,"(The Lucky One) By Sparks, Nicholas (Author) Hardcover on 30-Sep-2008",4.13,N/A,"Adult, Chick Lit, Romance",https://www.goodreads.com/book/show/161862450.0
10079321.0,The Magician King,3.93,432,"Fantasy, Urban Fantasy, Fiction",https://www.goodreads.com/book/show/10079321.0
55329256.0,Summary Of The Marrow Thieves: By Cherie Dimaline,3.00,46,,https://www.goodreads.com/book/show/55329256.0
40801157.0,The Miseducation of Cameron Post,4.06,485,"Lesbian, Young Adult, LGBT",https://www.goodreads.com/book/show/40801157.0
27779274.0,The Nerdy and the Dirty,3.60,304,"Humor, Young Adult, Realistic Fiction",https://www.goodreads.com/book/show/27779274.0
218985795.0,The Lover's Dictionary,3.86,N/A,"Adult, Young Adult, Romance",https://www.goodreads.com/book/show/218985795.0
6101718.0,The Magicians,3.53,402,"Fantasy, Adult, Urban Fantasy",https://www.goodreads.com/book/show/6101718.0
37655502.0,The Meaning of Birds,3.88,368,"Lesbian, Young Adult, LGBT",https://www.goodreads.com/book/show/37655502.0
813214.0,The Mist,3.93,176,"Science Fiction, Fantasy, Mystery",https://www.goodreads.com/book/show/813214.0
51260845.0,The Obsession,3.69,309,"Mystery, Romance, Fiction",https://www.goodreads.com/book/show/51260845.0
36099120.0,The Opposite of Innocent,3.72,272,"Young Adult, Realistic Fiction, Abuse",https://www.goodreads.com/book/show/36099120.0
28096541.0,The Nowhere Girls,4.26,408,"Young Adult, Realistic Fiction, LGBT",https://www.goodreads.com/book/show/28096541.0
7005786.0,The Pact: A Love Story,4.03,416,"Chick Lit, Mystery, Romance",https://www.goodreads.com/book/show/7005786.0
38116996.0,The Past and Other Things That Should Stay Buried,3.59,296,"Fantasy, Young Adult, LGBT",https://www.goodreads.com/book/show/38116996.0
50846677.0,Study Guide: The Poet X by Elizabeth Acevedo,4.75,47,,https://www.goodreads.com/book/show/50846677.0
20412869.0,Study Guide: The Perks of Being a Wallflower by Stephen Chbosky,3.98,38,Fiction,https://www.goodreads.com/book/show/20412869.0
28111709.0,The Regulators,3.72,442,"Fantasy, Supernatural, Horror",https://www.goodreads.com/book/show/28111709.0
36124936.0,The Outsider,4.01,561,"Mystery, Horror, Fiction",https://www.goodreads.com/book/show/36124936.0
36412998.0,The Stars and the Blackness Between Them,4.25,312,"Lesbian, Young Adult, LGBT",https://www.goodreads.com/book/show/36412998.0
20580909.0,Doctor Sleep: (The Shining) by Stephen King -- Sidekick,4.14,43,,https://www.goodreads.com/book/show/20580909.0
20516331.0,REVIEW of The Storyteller: Jodi Picoult,4.39,119,,https://www.goodreads.com/book/show/20516331.0
39085455.0,The Taking of Jake Livingston,3.42,246,"Fantasy, LGBT, Horror",https://www.goodreads.com/book/show/39085455.0
35606560.0,The Sun and Her Flowers,4.08,256,"Adult, Romance, Mental Health",https://www.goodreads.com/book/show/35606560.0
43818.0,Anne Rice's The Tale of the Body Thief,4.13,178,"Fantasy, Supernatural, Graphic Novels",https://www.goodreads.com/book/show/43818.0
43744294.0,The Swallows,3.65,399,"Mystery, Fiction, Thriller",https://www.goodreads.com/book/show/43744294.0
124988166.0,The Tommyknockers by King. Stephen ( 2012 ) Paperback,5.00,N/A,,https://www.goodreads.com/book/show/124988166.0
24960557.0,Summary & Study Guide The Tenth Circle by Jodi Picoult,3.50,36,,https://www.goodreads.com/book/show/24960557.0
24921954.0,The Thousandth Floor,3.65,448,"Science Fiction, Fantasy, Mystery",https://www.goodreads.com/book/show/24921954.0
51002436.0,The Vampire Armand,4.18,32,Fantasy,https://www.goodreads.com/book/show/51002436.0
240012864.0,"(The Vincent Boys) [By: Abbi Glines] [Jan, 2013]",0.00,N/A,,https://www.goodreads.com/book/show/240012864.0
30653853.0,The Upside of Unrequited,3.88,336,"Young Adult, LGBT, Romance",https://www.goodreads.com/book/show/30653853.0
127356884.0,"[THE VOICE OF THE NIGHT] BY Koontz, Dean R. (Author) Berkley (publisher) Massmarketpaperback",3.96,N/A,"Mystery, Horror, Fiction",https://www.goodreads.com/book/show/127356884.0
69438589.0,The Truth About Alice: A Novel,3.63,1,"High School, Banned Books, Young Adult",https://www.goodreads.com/book/show/69438589.0
15797848.0,There's Someone Inside Your House,3.39,287,"Young Adult, Mystery, Horror",https://www.goodreads.com/book/show/15797848.0
59219.0,The Talisman,4.11,656,"Fantasy, Adventure, Mystery",https://www.goodreads.com/book/show/59219.0
10605.0,Thinner,3.78,320,"Fantasy, Supernatural, Horror",https://www.goodreads.com/book/show/10605.0
34084.0,The Waste Lands,4.25,422,"Science Fiction, Fantasy, Adventure",https://www.goodreads.com/book/show/34084.0
142425642.0,Study Guide: This Book is Gay by Juno Dawson,0.00,55,,https://www.goodreads.com/book/show/142425642.0
63281649.0,Study Guide: This Is Where It Ends by Marieke Nijkamp,3.00,53,,https://www.goodreads.com/book/show/63281649.0
18615267.0,This Day in June,4.17,40,"Banned Books, Picture Books, LGBT",https://www.goodreads.com/book/show/18615267.0
18465566.0,This One Summer,3.69,324,"Graphic Novels, Realistic Fiction, Fiction",https://www.goodreads.com/book/show/18465566.0
76703559.0,Throne of Glass,4.19,406,"Fantasy, Romance, Fiction",https://www.goodreads.com/book/show/76703559.0
23015872.0,Traffick,4.27,505,"Young Adult, Realistic Fiction, LGBT",https://www.goodreads.com/book/show/23015872.0
76714487.0,Tower of Dawn,4.28,688,"Fantasy, Romance, Fiction",https://www.goodreads.com/book/show/76714487.0
10843755.0,Triangles,3.95,529,"Adult, Young Adult, Romance",https://www.goodreads.com/book/show/10843755.0
38175922.0,Turtles All the Way Down: by John Green | Conversation Starters,3.96,59,,https://www.goodreads.com/book/show/38175922.0
213288843.0,"(Twenty Boy Summer) By Ockler, Sarah (Author) Paperback on 01-May-2010",0.00,N/A,,https://www.goodreads.com/book/show/213288843.0
141405339.0,ttyl (Talk to You Later) by Lauren Myracle,3.45,N/A,"Banned Books, Young Adult, Chick Lit",https://www.goodreads.com/book/show/141405339.0
5510384.0,Tricks,4.27,627,"Banned Books, Young Adult, Realistic Fiction",https://www.goodreads.com/book/show/5510384.0
238522425.0,"[Two-way Street] [By: Barnholdt, Lauren] [June, 2007]",0.00,N/A,,https://www.goodreads.com/book/show/238522425.0
35604682.0,Tyler Johnson Was Here,3.87,304,"Young Adult, Realistic Fiction, Fiction",https://www.goodreads.com/book/show/35604682.0
191857789.0,Study Guide: Unravel Me by Tahereh Mafi,0.00,69,,https://www.goodreads.com/book/show/191857789.0
26135139.0,Under the Lights,3.80,320,"High School, Young Adult, Romance",https://www.goodreads.com/book/show/26135139.0
211002023.0,Study Guide: Until Friday Night by Abbi Glines,0.00,50,,https://www.goodreads.com/book/show/211002023.0
11958608.0,Uses for Boys,3.30,240,"Young Adult, Realistic Fiction, Romance",https://www.goodreads.com/book/show/11958608.0
138547698.0,"Under the Dome by King, Stephen (2010) Paperback",3.93,N/A,"Science Fiction, Fantasy, Mystery",https://www.goodreads.com/book/show/138547698.0
198810327.0,Study Guide: Vanishing Acts by Jodi Picoult,0.00,N/A,,https://www.goodreads.com/book/show/198810327.0
206163388.0,Vampire Academy: A Graphic Novel,4.12,N/A,"Fantasy, Graphic Novels, Romance",https://www.goodreads.com/book/show/206163388.0
30082682.0,Understanding Sexual Orientation and Gender Identity,3.14,63,Nonfiction,https://www.goodreads.com/book/show/30082682.0
209395118.0,Vegan Virgin Valentine by Carolyn Mackler,0.00,N/A,,https://www.goodreads.com/book/show/209395118.0
10858119.0,Water for Elephants by Sara Gruen Summary & Study Guide,3.88,N/A,Fiction,https://www.goodreads.com/book/show/10858119.0
30649742.0,Vigilante,3.84,288,"Young Adult, Realistic Fiction, Mystery",https://www.goodreads.com/book/show/30649742.0
1661957.0,Wake,3.75,210,"Fantasy, Supernatural, Mystery",https://www.goodreads.com/book/show/1661957.0
244326384.0,We Contain Multitudes - Sarah Henstra,0.00,N/A,,https://www.goodreads.com/book/show/244326384.0
144249760.0,"[What We Saw] [By: Hartzler, Aaron] [September, 2015]",0.00,N/A,,https://www.goodreads.com/book/show/144249760.0
23677341.0,We Are the Ants,4.10,455,"Science Fiction, Young Adult, LGBT",https://www.goodreads.com/book/show/23677341.0
29401474.0,What Girls Are Made Of,3.78,200,"Banned Books, Young Adult, Realistic Fiction",https://www.goodreads.com/book/show/29401474.0
140398618.0,[(When It Happens )] [Author: Susane Colasanti] [May-2008],4.00,N/A,,https://www.goodreads.com/book/show/140398618.0
41736961.0,Where I End and You Begin,3.92,304,"Fantasy, Young Adult, LGBT",https://www.goodreads.com/book/show/41736961.0
120838012.0,Three Complete Novels; Dean R. Koontz; a New Collection,4.00,N/A,,https://www.goodreads.com/book/show/120838012.0
42246377.0,White Hot Kiss,4.16,377,"Fantasy, Urban Fantasy, Romance",https://www.goodreads.com/book/show/42246377.0
94033326.0,Study Guide: Winter’s Bone by Daniel Woodrell,0.00,53,,https://www.goodreads.com/book/show/94033326.0
21223879.0,Summary & Study Guide Wicked: The Life and Times of the Wicked Witch of the West by Gregory Maguire,5.00,69,,https://www.goodreads.com/book/show/21223879.0
171694050.0,[(Vampire Academy )] [Author: Richelle Mead] [Aug-2008],4.10,N/A,"Fantasy, Urban Fantasy, Romance",https://www.goodreads.com/book/show/171694050.0
53624358.0,Winterkeep,4.00,528,"Fantasy, Romance, Fiction",https://www.goodreads.com/book/show/53624358.0
204346880.0,"[Wintergirls] [By: Anderson, Laurie Halse] [February, 2010]",0.00,N/A,,https://www.goodreads.com/book/show/204346880.0
11443257.0,Summary & Study Guide Wizard and Glass by Stephen King,4.17,44,,https://www.goodreads.com/book/show/11443257.0
57658502.0,Summary And Study Guide Of With the Fire on High : by Elizabeth Acevedo,4.00,N/A,,https://www.goodreads.com/book/show/57658502.0
11703541.0,Wolfsbane,4.10,391,"Fantasy, Supernatural, Romance",https://www.goodreads.com/book/show/11703541.0
27867083.0,Summary & Study Guide Wizard's First Rule by Terry Goodkind,4.14,61,,https://www.goodreads.com/book/show/27867083.0
11085327.0,Summary & Study Guide Wolves of the Calla by Stephen King,4.17,58,,https://www.goodreads.com/book/show/11085327.0
26309801.0,Without Annette,3.28,336,"Young Adult, Boarding School, LGBT",https://www.goodreads.com/book/show/26309801.0
228162063.0,Study Guide: Yaqui Delgado Wants to Kick Your Ass by Meg Medina,0.00,52,,https://www.goodreads.com/book/show/228162063.0
20701994.0,yolo,3.69,208,"Young Adult, Realistic Fiction, Chick Lit",https://www.goodreads.com/book/show/20701994.0
138138715.0,Yes Please by Amy Poehler,3.85,N/A,"Humor, Comedy, Autobiography",https://www.goodreads.com/book/show/138138715.0
869906.0,We All Fall Down,3.80,208,"Banned Books, Mystery, Fiction",https://www.goodreads.com/book/show/869906.0
44674908.0,You Too?: 25 Voices Share Their #MeToo Stories,4.37,320,"Essays, Feminism, Memoir",https://www.goodreads.com/book/show/44674908.0
22186.0,Would I Lie to You,3.56,192,"Young Adult, Chick Lit, Childrens",https://www.goodreads.com/book/show/22186.0
37451.0,You Know You Love Me,3.50,240,"Young Adult, Chick Lit, Romance",https://www.goodreads.com/book/show/37451.0
131061.0,A Bad Boy Can Be Good for a Girl,3.50,228,"Banned Books, Realistic Fiction, Romance",https://www.goodreads.com/book/show/131061.0
23013665.0,21 Proms,3.23,298,"Young Adult, Realistic Fiction, Romance",https://www.goodreads.com/book/show/23013665.0
49247031.0,A Curse of Roses,3.75,352,"Fantasy, Lesbian, LGBT",https://www.goodreads.com/book/show/49247031.0
12355880.0,37 Things I Love,3.56,224,"Grief, Young Adult, Realistic Fiction",https://www.goodreads.com/book/show/12355880.0
289601.0,A Certain Slant of Light,3.84,282,"Fantasy, Supernatural, Romance",https://www.goodreads.com/book/show/289601.0
29960804.0,A Good Idea,3.26,384,"LGBT, Mystery, Fiction",https://www.goodreads.com/book/show/29960804.0
161168.0,A Day No Pigs Would Die: A Unit Plan Based On The Book By Robert Newton Peck,3.95,143,,https://www.goodreads.com/book/show/161168.0
48464.0,A Good Man Is Hard to Find and Other Stories,4.16,252,"Southern Gothic, Classics, Fiction",https://www.goodreads.com/book/show/48464.0
29451548.0,A Girl Like That,3.67,378,"Young Adult, Realistic Fiction, Romance",https://www.goodreads.com/book/show/29451548.0
914120.0,Alice the Brave,3.93,144,"Banned Books, Middle Grade, Young Adult",https://www.goodreads.com/book/show/914120.0
38823528.0,Summary of All the Bright Places by Jennifer Niven: Conversation Starters,4.33,70,,https://www.goodreads.com/book/show/38823528.0
55583439.0,Study Guide: American Street by Ibi Zoboi,5.00,60,,https://www.goodreads.com/book/show/55583439.0
66900.0,Alice on the Outside,3.95,176,"Banned Books, Middle Grade, Young Adult",https://www.goodreads.com/book/show/66900.0
25657130.0,All American Boys,4.29,316,"Banned Books, Young Adult, Realistic Fiction",https://www.goodreads.com/book/show/25657130.0
32333318.0,After the Game,3.90,352,"High School, Young Adult, Romance",https://www.goodreads.com/book/show/32333318.0
239379453.0,Novel Unit: Ban This Book by Alan Gratz,0.00,46,,https://www.goodreads.com/book/show/239379453.0
346756.0,America,3.95,256,"Mental Illness, Banned Books, Realistic Fiction",https://www.goodreads.com/book/show/346756.0
135144655.0,"Fabbity-Fab! A Big Box of Georgia (Confessions of Georgia Nicolson)- On the Bright Side, I'm Now the Girlfriend of a Sex God / Knocked Out by My Nunga-Nungas / Angus, Thongs and Full-Frontal Snogging by Louise Rennison",4.27,N/A,"Humor, Young Adult",https://www.goodreads.com/book/show/135144655.0
5543684.0,Bait,3.95,239,"Young Adult, Realistic Fiction, LGBT",https://www.goodreads.com/book/show/5543684.0
19510835.0,Summary & Study Guide Betrayed by P. C. Cast,3.43,37,,https://www.goodreads.com/book/show/19510835.0
18166920.0,Beyond Magenta: Transgender and Nonbinary Teens Speak Out,3.80,182,"Banned Books, LGBT, Transgender",https://www.goodreads.com/book/show/18166920.0
132169640.0,Bag of Bones by Stephen King 1998,3.92,N/A,"Fantasy, Mystery, Horror",https://www.goodreads.com/book/show/132169640.0
200090747.0,Black Girl Unlimited: The Remarkable Story of a Teenage Wizard,4.31,N/A,"Fantasy, Magical Realism, Young Adult",https://www.goodreads.com/book/show/200090747.0
588723.0,Beyond the Chocolate War,3.61,288,"Banned Books, Realistic Fiction, Classics",https://www.goodreads.com/book/show/588723.0
137068994.0,[(Before I Die )] [Author: Jenny Downham] [May-2009],3.81,N/A,"Young Adult, Realistic Fiction, Romance",https://www.goodreads.com/book/show/137068994.0
85687190.0,Study Guide: Bone Gap by Laura Ruby,0.00,49,,https://www.goodreads.com/book/show/85687190.0
10607.0,Black House,4.04,659,"Fantasy, Supernatural, Mystery",https://www.goodreads.com/book/show/10607.0
167923004.0,"P.C.Cast & Kristien Cast Three Book Set; Burned, Awakened, Hunted. 3 House of Night Novels",4.43,N/A,,https://www.goodreads.com/book/show/167923004.0
35540804.0,Blood Water Paint,4.15,298,"Art, Fiction, Historical",https://www.goodreads.com/book/show/35540804.0
34506937.0,Brazen: Rebel Ladies Who Rocked the World,4.51,296,"Graphic Novels, Biography, Comics",https://www.goodreads.com/book/show/34506937.0
8601666.0,Blessed,3.94,480,"Fantasy, Romance, Paranormal",https://www.goodreads.com/book/show/8601666.0
42202041.0,Brave Face: A Memoir,4.41,368,"LGBT, Biography, Mental Health",https://www.goodreads.com/book/show/42202041.0
114551467.0,Study Guide: Cemetery Boys by Aiden Thomas,0.00,68,,https://www.goodreads.com/book/show/114551467.0
8662836.0,Chain Reaction,4.09,310,"High School, Young Adult, Realistic Fiction",https://www.goodreads.com/book/show/8662836.0
49909479.0,"A Clockwork Orange by Anthony Burgess (Book Analysis): Detailed Summary, Analysis and Reading Guide",4.50,27,,https://www.goodreads.com/book/show/49909479.0
56978106.0,Cold,3.45,230,"LGBT, Mystery, Fiction",https://www.goodreads.com/book/show/56978106.0
10592.0,Carrie,3.99,272,"Fantasy, Supernatural, Classics",https://www.goodreads.com/book/show/10592.0
58768920.0,Study Guide: Dear Martin by Nic Stone,0.00,65,,https://www.goodreads.com/book/show/58768920.0
8755785.0,City of Heavenly Fire,4.38,725,"Fantasy, Urban Fantasy, Romance",https://www.goodreads.com/book/show/8755785.0
150418259.0,Drama: A Graphic Novel,4.18,1,"Middle Grade, Graphic Novels, LGBT",https://www.goodreads.com/book/show/150418259.0
158817396.0,Study Guide: Empire of Wild by Cherie Dimaline,0.00,76,,https://www.goodreads.com/book/show/158817396.0
11570.0,Dreamcatcher,3.66,688,"Science Fiction, Fantasy, Supernatural",https://www.goodreads.com/book/show/11570.0
44012880.0,Fable,4.00,357,"Fantasy, Romance, Fiction",https://www.goodreads.com/book/show/44012880.0
22076.0,From a Buick 8,3.49,356,"Science Fiction, Fantasy, Supernatural",https://www.goodreads.com/book/show/22076.0
128892076.0,"[Fairy Tail, Vol. 5] [By: Hiro Mashima] [June, 2011]",0.00,N/A,,https://www.goodreads.com/book/show/128892076.0
171543011.0,Cujo (1981) Stephen King 1st Print Hardback,4.19,N/A,Horror,https://www.goodreads.com/book/show/171543011.0
2454990.0,"Fairy Tail, Vol. 02",4.36,208,"Fantasy, Adventure, Manga",https://www.goodreads.com/book/show/2454990.0
170817313.0,"[Fairy Tail: Vol. 1] (By: Hiro Mashima) [published: August, 2012]",4.32,N/A,"Fantasy, Adventure, Manga",https://www.goodreads.com/book/show/170817313.0
228784237.0,"(Girl in Translation) [By: Kwok, Jean] [Jun, 2011]",3.99,N/A,"Young Adult, Fiction, China",https://www.goodreads.com/book/show/228784237.0
46120865.0,Summary & Study Guide Frostbite by Richelle Mead,0.00,33,,https://www.goodreads.com/book/show/46120865.0
38897636.0,Full Disclosure,3.90,320,"Young Adult, LGBT, Romance",https://www.goodreads.com/book/show/38897636.0
12505294.0,Girl with a Pearl Earring by Tracy Chevalier l Summary & Study Guide,4.00,N/A,,https://www.goodreads.com/book/show/12505294.0
35721231.0,Girl Made of Stars,4.18,295,"Lesbian, Young Adult, LGBT",https://www.goodreads.com/book/show/35721231.0
241376602.0,Girls of Paper and Fire by Natasha Ngan,0.00,N/A,,https://www.goodreads.com/book/show/241376602.0
6373717.0,Hold Still,3.99,230,"Young Adult, Realistic Fiction, LGBT",https://www.goodreads.com/book/show/6373717.0
137479177.0,Grasshopper Jungle by Andrew Smith,3.67,N/A,,https://www.goodreads.com/book/show/137479177.0
34430839.0,Gwendy's Button Box,3.92,171,"Fantasy, Novella, Mystery",https://www.goodreads.com/book/show/34430839.0
58437738.0,Howl,3.86,432,"Fantasy, LGBT, Horror",https://www.goodreads.com/book/show/58437738.0
56614597.0,Gilded,3.86,502,"Fantasy, Retellings, Romance",https://www.goodreads.com/book/show/56614597.0
36470842.0,I Have Lost My Way,3.66,368,"Young Adult, Realistic Fiction, LGBT",https://www.goodreads.com/book/show/36470842.0
53705104.0,Summary of If It Bleeds by Stephen King,3.67,31,,https://www.goodreads.com/book/show/53705104.0
9378292.0,"How The García Girls Lost Their Accents, By Julia Alvarez: Teacher Guide",4.21,40,,https://www.goodreads.com/book/show/9378292.0
45046086.0,"I Know Why the Caged Bird Sings by Maya Angelou (Book Analysis): Detailed Summary, Analysis and Reading Guide",3.80,26,,https://www.goodreads.com/book/show/45046086.0
20359647.0,In a Handful of Dust,3.93,384,"Science Fiction, Fiction, Post Apocalyptic",https://www.goodreads.com/book/show/20359647.0
211395715.0,If You Find This by Matthew Baker,0.00,N/A,,https://www.goodreads.com/book/show/211395715.0
88894169.0,Study Guide: Juliet Takes a Breath by Gabby Rivera,3.00,44,,https://www.goodreads.com/book/show/88894169.0
510632.0,Killing Mr. Griffin,3.61,223,"Banned Books, Mystery, Horror",https://www.goodreads.com/book/show/510632.0
130696223.0,"[Intensity] (By: Dean R Koontz) [published: January, 2012]",4.03,N/A,"Mystery, Horror, Fiction",https://www.goodreads.com/book/show/130696223.0
272315.0,Keeping You a Secret,3.93,250,"Lesbian, LGBT, Romance",https://www.goodreads.com/book/show/272315.0
40523458.0,Kingsbane,3.88,608,"Fantasy, Romance, Fiction",https://www.goodreads.com/book/show/40523458.0
136328733.0,Lush by Natasha Friend,0.00,N/A,,https://www.goodreads.com/book/show/136328733.0
25494343.0,Lady Midnight,4.35,688,"Fantasy, Urban Fantasy, Romance",https://www.goodreads.com/book/show/25494343.0
6527740.0,Last Sacrifice,4.36,594,"Fantasy, Urban Fantasy, Romance",https://www.goodreads.com/book/show/6527740.0
36253143.0,Lightbringer,3.96,592,"Fantasy, Romance, Fiction",https://www.goodreads.com/book/show/36253143.0
31180248.0,Leah on the Offbeat,3.78,352,"Young Adult, LGBT, Romance",https://www.goodreads.com/book/show/31180248.0
200444067.0,"Von Ziegesar, Cecily. Nobody does it better; a Gossip Girl novel.(Young Adult Review)(Book Review): An article from: Kliatt",0.00,2,,https://www.goodreads.com/book/show/200444067.0
59029659.0,Man o' War,4.36,336,"Young Adult, LGBT, Transgender",https://www.goodreads.com/book/show/59029659.0
16059426.0,Love in the Time of Global Warming,3.38,240,"Science Fiction, Fantasy, LGBT",https://www.goodreads.com/book/show/16059426.0
26465507.0,My Sister Rosa,3.78,405,"Young Adult, Mystery, Horror",https://www.goodreads.com/book/show/26465507.0
227973958.0,Study Guide: Needful Things by Stephen King,0.00,84,,https://www.goodreads.com/book/show/227973958.0
10917.0,My Sister's Keeper,4.11,423,"Adult, Chick Lit, Fiction",https://www.goodreads.com/book/show/10917.0
13112869.0,Not a Drop to Drink,3.82,309,"Science Fiction, Romance, Fiction",https://www.goodreads.com/book/show/13112869.0
44900349.0,Music from Another World,4.16,384,"Lesbian, LGBT, Romance",https://www.goodreads.com/book/show/44900349.0
8976759.0,Num8ers,3.48,352,"Science Fiction, Fantasy, Romance",https://www.goodreads.com/book/show/8976759.0
34324484.0,Not Even Bones,4.13,368,"Fantasy, Urban Fantasy, Horror",https://www.goodreads.com/book/show/34324484.0
39848512.0,Odd One Out,3.67,320,"Young Adult, Realistic Fiction, LGBT",https://www.goodreads.com/book/show/39848512.0
36233085.0,Once & Future,3.55,336,"Science Fiction, Fantasy, Retellings",https://www.goodreads.com/book/show/36233085.0
25525380.0,Sidekick - Paper Towns: by John Green,3.72,50,,https://www.goodreads.com/book/show/25525380.0
402014.0,"On the Bright Side, I'm Now the Girlfriend of a Sex God",3.95,243,"Humor, Chick Lit, Romance",https://www.goodreads.com/book/show/402014.0
4268157.0,Perfect Chemistry,4.04,368,"High School, Young Adult, Romance",https://www.goodreads.com/book/show/4268157.0
9855742.0,Summary & Study Guide On Writing: A Memoir of the Craft by Stephen King,4.41,33,"Writing, Reference, Memoir",https://www.goodreads.com/book/show/9855742.0
19432656.0,Persepolis: the Story of a Childhood by Marjane Satrapi l Summary & Study Guide,4.33,32,,https://www.goodreads.com/book/show/19432656.0
12941751.0,Pet Sematary by Stephen King Summary & Study Guide,4.33,N/A,,https://www.goodreads.com/book/show/12941751.0
51852191.0,Rage and Ruin,4.12,540,"Fantasy, Urban Fantasy, Romance",https://www.goodreads.com/book/show/51852191.0
85989.0,Princess on the Brink,3.69,256,"Young Adult, Chick Lit, Childrens",https://www.goodreads.com/book/show/85989.0
161613980.0,"Persepolis 2: The Story of a Return by Satrapi, Marjane First Americaniti edition",4.22,N/A,"Graphic Novels, Biography, Iran",https://www.goodreads.com/book/show/161613980.0
94063.0,Rainbow High,3.98,247,"M M Romance, LGBT, Romance",https://www.goodreads.com/book/show/94063.0
230255923.0,"[Rainbow Road] [By: Sanchez, Alex] [April, 2007]",0.00,N/A,,https://www.goodreads.com/book/show/230255923.0
131380032.0,Ready Or Not by Meg Cabot,3.44,N/A,"Humor, Chick Lit, Romance",https://www.goodreads.com/book/show/131380032.0
83175353.0,Rise and Fall,0.00,136,,https://www.goodreads.com/book/show/83175353.0
45046743.0,Only Mostly Devastated,3.93,281,"Young Adult, LGBT, Romance",https://www.goodreads.com/book/show/45046743.0
52061964.0,Reverie,3.45,397,"Fantasy, LGBT, Mystery",https://www.goodreads.com/book/show/52061964.0
137289340.0,Rules of Attraction (A Perfect Chemistry Novel) by Simone Elkeles,4.17,N/A,"High School, Young Adult, Realistic Fiction",https://www.goodreads.com/book/show/137289340.0
12384984.0,See You at Harry's,4.13,310,"Middle Grade, Young Adult, Realistic Fiction",https://www.goodreads.com/book/show/12384984.0
36204669.0,Ship It,3.17,384,"Young Adult, LGBT, Romance",https://www.goodreads.com/book/show/36204669.0
40519259.0,Shout,4.24,304,"Mental Health, Contemporary, Feminism",https://www.goodreads.com/book/show/40519259.0
6068551.0,Shiver,3.76,392,"Fantasy, Romance, Fiction",https://www.goodreads.com/book/show/6068551.0
2418888.0,Skim,3.76,143,"Graphic Novels, LGBT, Graphic Novels Comics",https://www.goodreads.com/book/show/2418888.0
10757771.0,Shut Out,3.73,273,"High School, Young Adult, Chick Lit",https://www.goodreads.com/book/show/10757771.0
58097968.0,"Serendipity: Ten Romantic Tropes, Transformed",3.21,302,"Young Adult, LGBT, Romance",https://www.goodreads.com/book/show/58097968.0
245889487.0,Skin and Bones by Sherry Shahan,0.00,N/A,,https://www.goodreads.com/book/show/245889487.0
132750267.0,"Skeleton Crew by King, Stephen (1985) Hardcover",3.97,512,"Fantasy, Horror, Fiction",https://www.goodreads.com/book/show/132750267.0
36010223.0,Smoke in the Sun,3.80,408,"Fantasy, Romance, Fiction",https://www.goodreads.com/book/show/36010223.0
34466922.0,Sleeping Beauties,3.73,702,"Science Fiction, Fantasy, Mystery",https://www.goodreads.com/book/show/34466922.0
1969856.0,Sophie's Choice - William Styron: William Styron,4.34,128,,https://www.goodreads.com/book/show/1969856.0
36532172.0,Someone I Used to Know,4.23,384,"Young Adult, Realistic Fiction, Romance",https://www.goodreads.com/book/show/36532172.0
34495927.0,Speak: The Graphic Novel,4.38,372,"Graphic Novels, Realistic Fiction, Fiction",https://www.goodreads.com/book/show/34495927.0
6479259.0,Spirit Bound,4.32,489,"Fantasy, Urban Fantasy, Romance",https://www.goodreads.com/book/show/6479259.0
39280444.0,Speak,4.05,224,"Banned Books, Young Adult, Realistic Fiction",https://www.goodreads.com/book/show/39280444.0
39402961.0,"Stronger, Faster, and More Beautiful",3.68,384,"Science Fiction, Fantasy, Fiction",https://www.goodreads.com/book/show/39402961.0
139031.0,"York Notes Advanced on ""The Color Purple"" by Alice Walker",4.67,N/A,"Adult, Classics, Fiction",https://www.goodreads.com/book/show/139031.0
28319362.0,Summary & Study Guide The Berlin Boxing Club by Robert Sharenow,3.80,94,,https://www.goodreads.com/book/show/28319362.0
23197837.0,The Belles,3.82,448,"Fantasy, Romance, Fiction",https://www.goodreads.com/book/show/23197837.0
48589165.0,The Black Friend: On Being a Better White Person,4.46,272,"Self Help, Anti Racist, Social Justice",https://www.goodreads.com/book/show/48589165.0
148133480.0,The Dead Zone by Stephen King,3.97,N/A,"Science Fiction, Fantasy, Horror",https://www.goodreads.com/book/show/148133480.0
11597.0,The Dark Half,3.81,460,"Fantasy, Supernatural, Mystery",https://www.goodreads.com/book/show/11597.0
25812109.0,The Female of the Species,4.14,368,"Young Adult, Mystery, Fiction",https://www.goodreads.com/book/show/25812109.0
20735140.0,Summary & Study Guide The Fountainhead by Ayn Rand,3.70,56,,https://www.goodreads.com/book/show/20735140.0
39897058.0,The Fever King,3.90,375,"Science Fiction, Fantasy, LGBT",https://www.goodreads.com/book/show/39897058.0
11564.0,The Girl Who Loved Tom Gordon,3.64,264,"Fantasy, Mystery, Horror",https://www.goodreads.com/book/show/11564.0
20414849.0,Summary & Study Guide The Glass Castle by Jeannette Walls,4.03,46,,https://www.goodreads.com/book/show/20414849.0
167763178.0,"[The Girl with the Dragon Tattoo (Millennium)] [Author: Larsson, Stieg] [November, 2011]",4.18,N/A,"Mystery, Fiction, Mystery Thriller",https://www.goodreads.com/book/show/167763178.0
17316589.0,The Kingdom of Little Wounds,3.25,563,"Fantasy, Banned Books, Fairy Tales",https://www.goodreads.com/book/show/17316589.0
43798285.0,The Institute,4.19,561,"Science Fiction, Fantasy, Mystery",https://www.goodreads.com/book/show/43798285.0
44805980.0,"The Hate U Give by Angie Thomas (Book Analysis): Detailed Summary, Analysis and Reading Guide",4.44,25,,https://www.goodreads.com/book/show/44805980.0
11566.0,The Green Mile,4.49,592,"Fantasy, Classics, Mystery",https://www.goodreads.com/book/show/11566.0
41783734.0,The Last True Poets of the Sea,3.90,400,"Lesbian, Young Adult, LGBT",https://www.goodreads.com/book/show/41783734.0
51185847.0,The League of Super Feminists,4.08,60,"Bande Dessinée, Graphic Novels, LGBT",https://www.goodreads.com/book/show/51185847.0
10755314.0,"Sparks: The Epic, Completely True Blue, (Almost) Holy Quest of Debbie",3.61,264,"Lesbian, Realistic Fiction, LGBT",https://www.goodreads.com/book/show/10755314.0
12843717.0,The Letter Q: Queer Writers' Notes to their Younger Selves,3.92,281,"LGBT, Essays, Memoir",https://www.goodreads.com/book/show/12843717.0
55329256.0,Summary Of The Marrow Thieves: By Cherie Dimaline,3.00,46,,https://www.goodreads.com/book/show/55329256.0
161862450.0,"(The Lucky One) By Sparks, Nicholas (Author) Hardcover on 30-Sep-2008",4.13,N/A,"Adult, Chick Lit, Romance",https://www.goodreads.com/book/show/161862450.0
50846677.0,Study Guide: The Poet X by Elizabeth Acevedo,4.75,47,,https://www.goodreads.com/book/show/50846677.0
51260845.0,The Obsession,3.69,309,"Mystery, Romance, Fiction",https://www.goodreads.com/book/show/51260845.0
37655502.0,The Meaning of Birds,3.88,368,"Lesbian, Young Adult, LGBT",https://www.goodreads.com/book/show/37655502.0
38116996.0,The Past and Other Things That Should Stay Buried,3.59,296,"Fantasy, Young Adult, LGBT",https://www.goodreads.com/book/show/38116996.0
124988166.0,The Tommyknockers by King. Stephen ( 2012 ) Paperback,5.00,N/A,,https://www.goodreads.com/book/show/124988166.0
63281649.0,Study Guide: This Is Where It Ends by Marieke Nijkamp,3.00,53,,https://www.goodreads.com/book/show/63281649.0
213288843.0,"(Twenty Boy Summer) By Ockler, Sarah (Author) Paperback on 01-May-2010",0.00,N/A,,https://www.goodreads.com/book/show/213288843.0
87591651.0,The Stand,4.35,N/A,"Science Fiction, Fantasy, Horror",https://www.goodreads.com/book/show/87591651.0
35604682.0,Tyler Johnson Was Here,3.87,304,"Young Adult, Realistic Fiction, Fiction",https://www.goodreads.com/book/show/35604682.0
38175922.0,Turtles All the Way Down: by John Green | Conversation Starters,3.96,59,,https://www.goodreads.com/book/show/38175922.0
206163388.0,Vampire Academy: A Graphic Novel,4.12,N/A,"Fantasy, Graphic Novels, Romance",https://www.goodreads.com/book/show/206163388.0
15797848.0,There's Someone Inside Your House,3.39,287,"Young Adult, Mystery, Horror",https://www.goodreads.com/book/show/15797848.0
26135139.0,Under the Lights,3.80,320,"High School, Young Adult, Romance",https://www.goodreads.com/book/show/26135139.0
211002023.0,Study Guide: Until Friday Night by Abbi Glines,0.00,50,,https://www.goodreads.com/book/show/211002023.0
36412998.0,The Stars and the Blackness Between Them,4.25,312,"Lesbian, Young Adult, LGBT",https://www.goodreads.com/book/show/36412998.0
1661957.0,Wake,3.75,210,"Fantasy, Supernatural, Mystery",https://www.goodreads.com/book/show/1661957.0
209395118.0,Vegan Virgin Valentine by Carolyn Mackler,0.00,N/A,,https://www.goodreads.com/book/show/209395118.0
30649742.0,Vigilante,3.84,288,"Young Adult, Realistic Fiction, Mystery",https://www.goodreads.com/book/show/30649742.0
120838012.0,Three Complete Novels; Dean R. Koontz; a New Collection,4.00,N/A,,https://www.goodreads.com/book/show/120838012.0
53624358.0,Winterkeep,4.00,528,"Fantasy, Romance, Fiction",https://www.goodreads.com/book/show/53624358.0
11703541.0,Wolfsbane,4.10,391,"Fantasy, Supernatural, Romance",https://www.goodreads.com/book/show/11703541.0
41736961.0,Where I End and You Begin,3.92,304,"Fantasy, Young Adult, LGBT",https://www.goodreads.com/book/show/41736961.0
869906.0,We All Fall Down,3.80,208,"Banned Books, Mystery, Fiction",https://www.goodreads.com/book/show/869906.0
57658502.0,Summary And Study Guide Of With the Fire on High : by Elizabeth Acevedo,4.00,N/A,,https://www.goodreads.com/book/show/57658502.0
11085327.0,Summary & Study Guide Wolves of the Calla by Stephen King,4.17,58,,https://www.goodreads.com/book/show/11085327.0
22186.0,Would I Lie to You,3.56,192,"Young Adult, Chick Lit, Childrens",https://www.goodreads.com/book/show/22186.0
171694050.0,[(Vampire Academy )] [Author: Richelle Mead] [Aug-2008],4.10,N/A,"Fantasy, Urban Fantasy, Romance",https://www.goodreads.com/book/show/171694050.0
27919232.0,Autonomous,2.69,368,"Science Fiction, Adventure, Teen",https://www.goodreads.com/book/show/27919232.0
228162063.0,Study Guide: Yaqui Delgado Wants to Kick Your Ass by Meg Medina,0.00,52,,https://www.goodreads.com/book/show/228162063.0
150418259.0,Drama: A Graphic Novel,4.18,1,"Middle Grade, Graphic Novels, LGBT",https://www.goodreads.com/book/show/150418259.0
50659471.0,A Court of Frost and Starlight,3.71,272,"Fantasy, EROTICA GENRE DEFINITION ACCORDING TO GOODREADS, Romance",https://www.goodreads.com/book/show/50659471.0
11296523.0,The Kite Runner: Graphic Novel,4.45,132,"Adult, Graphic Novels, Graphic Novels Comics",https://www.goodreads.com/book/show/11296523.0
50659468.0,A Court of Mist and Fury,4.63,626,"Fantasy, Romance, Fiction",https://www.goodreads.com/book/show/50659468.0
50659468.0,A Court of Mist and Fury,4.63,626,"Fantasy, Romance, Fiction",https://www.goodreads.com/book/show/50659468.0
53138095.0,A ​Court of Silver Flames,4.45,757,"Fantasy, Romance, Fiction",https://www.goodreads.com/book/show/53138095.0
50659472.0,A Court of Wings and Ruin,4.46,699,"Fantasy, Romance, Fiction",https://www.goodreads.com/book/show/50659472.0
31368108.0,Summary of A Stolen Life: by Jaycee Dugard | Includes Analysis,3.25,23,,https://www.goodreads.com/book/show/31368108.0
50659467.0,A Court of Thorns and Roses,4.16,419,"Fantasy, Romance, Fiction",https://www.goodreads.com/book/show/50659467.0
44280883.0,All Boys Aren’t Blue,4.18,304,"Banned Books, LGBT, Biography",https://www.goodreads.com/book/show/44280883.0
12437190.0,Crank by Ellen Hopkins l Summary & Study Guide,4.60,N/A,,https://www.goodreads.com/book/show/12437190.0
33956433.0,City of Saints & Thieves,3.89,432,"Young Adult, Mystery, Fiction",https://www.goodreads.com/book/show/33956433.0
37542448.0,Summary & Study Guide Identical by Ellen Hopkins,5.00,63,,https://www.goodreads.com/book/show/37542448.0
28676.0,American Psycho,3.80,399,"Classics, Horror, Fiction",https://www.goodreads.com/book/show/28676.0
88894169.0,Study Guide: Juliet Takes a Breath by Gabby Rivera,3.00,44,,https://www.goodreads.com/book/show/88894169.0
9683865.0,Dead End,3.74,388,"Young Adult, Realistic Fiction, Mystery",https://www.goodreads.com/book/show/9683865.0
9468416.0,Ironfire: An Epic Novel of Love and War,4.30,685,"Adventure, Fiction, Medieval",https://www.goodreads.com/book/show/9468416.0
80341386.0,SUMMARY OF IT STARTS WITH US By Colleen Hoover: A Novel,3.00,N/A,,https://www.goodreads.com/book/show/80341386.0
35068534.0,Monday's Not Coming,4.26,448,"Young Adult, Mystery, Fiction",https://www.goodreads.com/book/show/35068534.0
33566336.0,Milk and Honey by Rupi Kaur | Conversation Starters,3.84,67,,https://www.goodreads.com/book/show/33566336.0
6497260.0,Laid: Young People's Experiences with Sex in an Easy-Access Culture,3.68,328,"Nonfiction, Sexuality",https://www.goodreads.com/book/show/6497260.0
89190347.0,Study Guide: More Happy Than Not by Adam Silvera,0.00,78,,https://www.goodreads.com/book/show/89190347.0
7810126.0,"Precious: Based on the Novel ""Push"" by Sapphire",3.92,126,"Fiction, Audiobook",https://www.goodreads.com/book/show/7810126.0
17290266.0,The Infinite Moment of Us,3.17,316,"Banned Books, Young Adult, Realistic Fiction",https://www.goodreads.com/book/show/17290266.0
142425642.0,Study Guide: This Book is Gay by Juno Dawson,0.00,55,,https://www.goodreads.com/book/show/142425642.0
29981070.0,The Summer of Owen Todd,3.87,N/A,"Middle Grade, Realistic Fiction, Childrens",https://www.goodreads.com/book/show/29981070.0
35606560.0,The Sun and Her Flowers,4.08,256,"Adult, Romance, Mental Health",https://www.goodreads.com/book/show/35606560.0
20511208.0,J.K. Rowling Harry Potter to the Casual Vacancy a JK Rowling Biography 2012,3.75,26,,https://www.goodreads.com/book/show/20511208.0
25485029.0,We Know It Was You,2.90,352,"High School, Young Adult, Mystery",https://www.goodreads.com/book/show/25485029.0
76715522.0,Kingdom of Ash,4.71,984,"Fantasy, Romance, Fiction",https://www.goodreads.com/book/show/76715522.0
5510384.0,Tricks,4.27,627,"Banned Books, Young Adult, Realistic Fiction",https://www.goodreads.com/book/show/5510384.0
10843755.0,Triangles,3.95,529,"Adult, Young Adult, Romance",https://www.goodreads.com/book/show/10843755.0
22390639.0,Summary & Study Guide The Art of Racing in the Rain by Garth Stein,4.20,53,Audiobook,https://www.goodreads.com/book/show/22390639.0
76703559.0,Throne of Glass,4.19,406,"Fantasy, Romance, Fiction",https://www.goodreads.com/book/show/76703559.0
39280444.0,Speak,4.05,224,"Banned Books, Young Adult, Realistic Fiction",https://www.goodreads.com/book/show/39280444.0
6068551.0,Shiver,3.76,392,"Fantasy, Romance, Fiction",https://www.goodreads.com/book/show/6068551.0
20814047.0,The Fault in Our Stars: by John Green -- Sidekick,4.13,50,Book Club,https://www.goodreads.com/book/show/20814047.0
34595623.0,"The Souls Of Black Folk: FREE Narrative Of The Life Of Frederick Douglass By Frederick Douglass, 100% Formatted, Illustrated - JBS Classics",4.25,244,,https://www.goodreads.com/book/show/34595623.0
355697.0,All Quiet on the Western Front,4.11,296,"German Literature, Classics, Fiction",https://www.goodreads.com/book/show/355697.0
6389421.0,A Mighty Long Way: My Journey to Justice at Little Rock Central High School,4.12,304,"Biography, School, African American",https://www.goodreads.com/book/show/6389421.0
38448.0,The Handmaid's Tale By Margaret Atwood: A Post 16 Study Guide,3.79,40,"Classics, Audiobook",https://www.goodreads.com/book/show/38448.0
157602211.0,"[The Dead and the Gone (Life as We Knew It)] [Author: Pfeffer, Susan Beth] [January, 2010]",3.85,N/A,"Science Fiction, Apocalyptic, Fiction",https://www.goodreads.com/book/show/157602211.0
30623174.0,"LAUREN HILLENBRAND - SERIES READING ORDER (SERIES LIST) - IN ORDER: UNBROKEN: A WORLD WAR II STORY OF SURVIVAL, RESILIENCE AND REDEMPTION, SEABISCUIT, INVINCIBLE, & ALL OTHERS!",3.20,9,,https://www.goodreads.com/book/show/30623174.0
23677341.0,We Are the Ants,4.10,455,"Science Fiction, Young Adult, LGBT",https://www.goodreads.com/book/show/23677341.0
346756.0,America,3.95,256,"Mental Illness, Banned Books, Realistic Fiction",https://www.goodreads.com/book/show/346756.0
12437190.0,Crank by Ellen Hopkins l Summary & Study Guide,4.60,N/A,,https://www.goodreads.com/book/show/12437190.0
6323474.0,Beautiful,3.66,232,"Young Adult, Realistic Fiction, Romance",https://www.goodreads.com/book/show/6323474.0
20422632.0,Study Guide to The Immortal Life of Henrietta Lacks by Rebecca Skloot,4.15,28,"History, American, Science",https://www.goodreads.com/book/show/20422632.0
76715522.0,Kingdom of Ash,4.71,984,"Fantasy, Romance, Fiction",https://www.goodreads.com/book/show/76715522.0
51707825.0,"Study Guide: Red, White, and Royal Blue by Casey McQuiston",3.40,46,,https://www.goodreads.com/book/show/51707825.0
17290266.0,The Infinite Moment of Us,3.17,316,"Banned Books, Young Adult, Realistic Fiction",https://www.goodreads.com/book/show/17290266.0
25573012.0,Summary & Study Guide The Girl with the Dragon Tattoo by Stieg Larsson,4.67,51,"Mystery, Audiobook",https://www.goodreads.com/book/show/25573012.0
76713323.0,Empire of Storms,4.63,733,"Fantasy, Romance, Fiction",https://www.goodreads.com/book/show/76713323.0
193382407.0,Die Graphic Novel als Medium des Widerstandes. M. Satrapis Persepolis im Vergleich zu Zahra's Paradise von Amir u. Khalil by Ludwig Lohmann,0.00,N/A,,https://www.goodreads.com/book/show/193382407.0
43562313.0,Yolk,3.94,400,"Romance, Fiction, Mental Health",https://www.goodreads.com/book/show/43562313.0
76714487.0,Tower of Dawn,4.28,688,"Fantasy, Romance, Fiction",https://www.goodreads.com/book/show/76714487.0
42930658.0,Neil Gaiman And Charles Vess' Stardust,4.10,222,"Fantasy, Adventure, Romance",https://www.goodreads.com/book/show/42930658.0
229769283.0,Study Guide: Uprooted by Naomi Novik,0.00,92,,https://www.goodreads.com/book/show/229769283.0
98024.0,Life Is Funny,3.83,272,"Banned Books, Realistic Fiction, Fiction",https://www.goodreads.com/book/show/98024.0
50659471.0,A Court of Frost and Starlight,3.71,272,"Fantasy, EROTICA GENRE DEFINITION ACCORDING TO GOODREADS, Romance",https://www.goodreads.com/book/show/50659471.0
50659468.0,A Court of Mist and Fury,4.63,626,"Fantasy, Romance, Fiction",https://www.goodreads.com/book/show/50659468.0
50659467.0,A Court of Thorns and Roses,4.16,419,"Fantasy, Romance, Fiction",https://www.goodreads.com/book/show/50659467.0
6149.0,Beloved,3.98,325,"Magical Realism, Classics, School",https://www.goodreads.com/book/show/6149.0
50659472.0,A Court of Wings and Ruin,4.46,699,"Fantasy, Romance, Fiction",https://www.goodreads.com/book/show/50659472.0
36260155.0,Damsel,3.30,320,"Fantasy, Retellings, Dragons",https://www.goodreads.com/book/show/36260155.0
193578065.0,Study Guide: Flamer by Mike Curato,0.00,59,,https://www.goodreads.com/book/show/193578065.0
76713323.0,Empire of Storms,4.63,733,"Fantasy, Romance, Fiction",https://www.goodreads.com/book/show/76713323.0
203487403.0,livro extremely loud and incredibly close foer jonathan safran 2005,0.00,N/A,,https://www.goodreads.com/book/show/203487403.0
45046086.0,"I Know Why the Caged Bird Sings by Maya Angelou (Book Analysis): Detailed Summary, Analysis and Reading Guide",3.80,26,,https://www.goodreads.com/book/show/45046086.0
81071294.0,Study Guide: Last Night at the Telegraph Club by Malinda Lo,3.25,N/A,,https://www.goodreads.com/book/show/81071294.0
35604722.0,Ivy Aberdeen's Letter to the World,4.37,309,"Middle Grade, Realistic Fiction, LGBT",https://www.goodreads.com/book/show/35604722.0
61803540.0,Summary Of Gender Queer: A Memoir By Maia Kobabe,4.00,N/A,,https://www.goodreads.com/book/show/61803540.0
200090747.0,Black Girl Unlimited: The Remarkable Story of a Teenage Wizard,4.31,N/A,"Fantasy, Magical Realism, Young Adult",https://www.goodreads.com/book/show/200090747.0
42616757.0,Jacob's Room to Choose,4.01,32,"Picture Books, LGBT, Childrens",https://www.goodreads.com/book/show/42616757.0
99561.0,Looking for Alaska,3.96,221,"Young Adult, Realistic Fiction, Romance",https://www.goodreads.com/book/show/99561.0
40218122.0,Summary & Study Guide Impulse by Ellen Hopkins,0.00,52,,https://www.goodreads.com/book/show/40218122.0
33566336.0,Milk and Honey by Rupi Kaur | Conversation Starters,3.84,67,,https://www.goodreads.com/book/show/33566336.0
49676332.0,Study Guide: Nineteen Minutes by Jodi Picoult,4.00,80,,https://www.goodreads.com/book/show/49676332.0
133383678.0,"Native Son by Wright, Richard (2008) Paperback",4.04,N/A,"Banned Books, Classics, Fiction",https://www.goodreads.com/book/show/133383678.0
43271383.0,My Maddy,4.24,32,"Picture Books, LGBT, Childrens",https://www.goodreads.com/book/show/43271383.0
40190305.0,Like a Love Story,4.26,432,"LGBT, Romance, Fiction",https://www.goodreads.com/book/show/40190305.0
25256386.0,Out of Darkness,4.14,402,"Banned Books, Romance, Fiction",https://www.goodreads.com/book/show/25256386.0
51707825.0,"Study Guide: Red, White, and Royal Blue by Casey McQuiston",3.40,46,,https://www.goodreads.com/book/show/51707825.0
7810126.0,"Precious: Based on the Novel ""Push"" by Sapphire",3.92,126,"Fiction, Audiobook",https://www.goodreads.com/book/show/7810126.0
43721070.0,Red Hood,3.44,361,"Fantasy, Retellings, Fairy Tales",https://www.goodreads.com/book/show/43721070.0
33382228.0,One True Way,3.87,224,"Middle Grade, Realistic Fiction, LGBT",https://www.goodreads.com/book/show/33382228.0
201114.0,Sold,4.24,268,"Banned Books, Realistic Fiction, Fiction",https://www.goodreads.com/book/show/201114.0
4981.0,Slaughterhouse-Five,4.10,275,"Science Fiction, Classics, Fiction",https://www.goodreads.com/book/show/4981.0
25528854.0,The Breakaways,3.32,224,"Middle Grade, Graphic Novels, LGBT",https://www.goodreads.com/book/show/25528854.0
45294414.0,Study Guide: The Bluest Eye by Toni Morrison,3.50,56,,https://www.goodreads.com/book/show/45294414.0
25812109.0,The Female of the Species,4.14,368,"Young Adult, Mystery, Fiction",https://www.goodreads.com/book/show/25812109.0
20414849.0,Summary & Study Guide The Glass Castle by Jeannette Walls,4.03,46,,https://www.goodreads.com/book/show/20414849.0
139031.0,"York Notes Advanced on ""The Color Purple"" by Alice Walker",4.67,N/A,"Adult, Classics, Fiction",https://www.goodreads.com/book/show/139031.0
38448.0,The Handmaid's Tale By Margaret Atwood: A Post 16 Study Guide,3.79,40,"Classics, Audiobook",https://www.goodreads.com/book/show/38448.0
58239253.0,Sewing the Rainbow: A Story About Gilbert Baker,4.00,32,"Picture Books, Childrens, LGBT",https://www.goodreads.com/book/show/58239253.0
20412869.0,Study Guide: The Perks of Being a Wallflower by Stephen Chbosky,3.98,38,Fiction,https://www.goodreads.com/book/show/20412869.0
17290266.0,The Infinite Moment of Us,3.17,316,"Banned Books, Young Adult, Realistic Fiction",https://www.goodreads.com/book/show/17290266.0
26095121.0,The Haters,3.41,352,"Banned Books, Humor, Young Adult",https://www.goodreads.com/book/show/26095121.0
18615267.0,This Day in June,4.17,40,"Banned Books, Picture Books, LGBT",https://www.goodreads.com/book/show/18615267.0
35606560.0,The Sun and Her Flowers,4.08,256,"Adult, Romance, Mental Health",https://www.goodreads.com/book/show/35606560.0
24795284.0,Summary & Study Guide Thirteen Reasons Why by Jay Asher,3.88,52,,https://www.goodreads.com/book/show/24795284.0
76714487.0,Tower of Dawn,4.28,688,"Fantasy, Romance, Fiction",https://www.goodreads.com/book/show/76714487.0
29401474.0,What Girls Are Made Of,3.78,200,"Banned Books, Young Adult, Realistic Fiction",https://www.goodreads.com/book/show/29401474.0
9444323.0,When I Was Puerto Rican: A Memoir,4.08,289,"Spanish Literature, Autobiography, Biography",https://www.goodreads.com/book/show/9444323.0
21223879.0,Summary & Study Guide Wicked: The Life and Times of the Wicked Witch of the West by Gregory Maguire,5.00,69,,https://www.goodreads.com/book/show/21223879.0
29601147.0,"Sim, eu digo sim: Uma visita guiada ao Ulysses de James Joyce",4.40,376,,https://www.goodreads.com/book/show/29601147.0
136776214.0,"[ Totally Joe ] By Howe, James ( Author ) [ 2007 ) [ Paperback ]",4.02,N/A,"Middle Grade, Realistic Fiction, LGBT",https://www.goodreads.com/book/show/136776214.0
50659471.0,A Court of Frost and Starlight,3.71,272,"Fantasy, EROTICA GENRE DEFINITION ACCORDING TO GOODREADS, Romance",https://www.goodreads.com/book/show/50659471.0
50659468.0,A Court of Mist and Fury,4.63,626,"Fantasy, Romance, Fiction",https://www.goodreads.com/book/show/50659468.0
53138095.0,A ​Court of Silver Flames,4.45,757,"Fantasy, Romance, Fiction",https://www.goodreads.com/book/show/53138095.0
50659467.0,A Court of Thorns and Roses,4.16,419,"Fantasy, Romance, Fiction",https://www.goodreads.com/book/show/50659467.0
19408586.0,Study Guide: As I Lay Dying by William Faulkner,4.08,40,,https://www.goodreads.com/book/show/19408586.0
188316.0,A Separate Peace by John Knowles: The teacher's companion,3.35,46,Fiction,https://www.goodreads.com/book/show/188316.0
6149.0,Beloved,3.98,325,"Magical Realism, Classics, School",https://www.goodreads.com/book/show/6149.0
7172395.0,Brave New World by Aldous Huxley,4.19,N/A,Fiction,https://www.goodreads.com/book/show/7172395.0
36260155.0,Damsel,3.30,320,"Fantasy, Retellings, Dragons",https://www.goodreads.com/book/show/36260155.0
28382276.0,Summary & Study Guide Breaking Dawn by Stephenie Meyer,0.00,71,,https://www.goodreads.com/book/show/28382276.0
18166920.0,Beyond Magenta: Transgender and Nonbinary Teens Speak Out,3.80,182,"Banned Books, LGBT, Transgender",https://www.goodreads.com/book/show/18166920.0
37542448.0,Summary & Study Guide Identical by Ellen Hopkins,5.00,63,,https://www.goodreads.com/book/show/37542448.0
193578065.0,Study Guide: Flamer by Mike Curato,0.00,59,,https://www.goodreads.com/book/show/193578065.0
81071294.0,Study Guide: Last Night at the Telegraph Club by Malinda Lo,3.25,N/A,,https://www.goodreads.com/book/show/81071294.0
50659472.0,A Court of Wings and Ruin,4.46,699,"Fantasy, Romance, Fiction",https://www.goodreads.com/book/show/50659472.0
40190305.0,Like a Love Story,4.26,432,"LGBT, Romance, Fiction",https://www.goodreads.com/book/show/40190305.0
39670893.0,ME and EARL and the Dying GIRL by Jesse Andrews: A Study Guide,2.67,37,,https://www.goodreads.com/book/show/39670893.0
29010395.0,I Am Not Your Perfect Mexican Daughter,4.00,344,"Young Adult, Realistic Fiction, Latinx",https://www.goodreads.com/book/show/29010395.0
99561.0,Looking for Alaska,3.96,221,"Young Adult, Realistic Fiction, Romance",https://www.goodreads.com/book/show/99561.0
33566336.0,Milk and Honey by Rupi Kaur | Conversation Starters,3.84,67,,https://www.goodreads.com/book/show/33566336.0
49676332.0,Study Guide: Nineteen Minutes by Jodi Picoult,4.00,80,,https://www.goodreads.com/book/show/49676332.0
25256386.0,Out of Darkness,4.14,402,"Banned Books, Romance, Fiction",https://www.goodreads.com/book/show/25256386.0
133383678.0,"Native Son by Wright, Richard (2008) Paperback",4.04,N/A,"Banned Books, Classics, Fiction",https://www.goodreads.com/book/show/133383678.0
43721070.0,Red Hood,3.44,361,"Fantasy, Retellings, Fairy Tales",https://www.goodreads.com/book/show/43721070.0
51707825.0,"Study Guide: Red, White, and Royal Blue by Casey McQuiston",3.40,46,,https://www.goodreads.com/book/show/51707825.0
12437190.0,Crank by Ellen Hopkins l Summary & Study Guide,4.60,N/A,,https://www.goodreads.com/book/show/12437190.0
26941.0,Song Of Solomon (Toni Morrison): Curriculum Unit,3.70,60,,https://www.goodreads.com/book/show/26941.0
131380032.0,Ready Or Not by Meg Cabot,3.44,N/A,"Humor, Chick Lit, Romance",https://www.goodreads.com/book/show/131380032.0
15704307.0,"Saga, Volume 1",4.16,160,"Science Fiction, Fantasy, Adult",https://www.goodreads.com/book/show/15704307.0
201114.0,Sold,4.24,268,"Banned Books, Realistic Fiction, Fiction",https://www.goodreads.com/book/show/201114.0
139031.0,"York Notes Advanced on ""The Color Purple"" by Alice Walker",4.67,N/A,"Adult, Classics, Fiction",https://www.goodreads.com/book/show/139031.0
7810126.0,"Precious: Based on the Novel ""Push"" by Sapphire",3.92,126,"Fiction, Audiobook",https://www.goodreads.com/book/show/7810126.0
38448.0,The Handmaid's Tale By Margaret Atwood: A Post 16 Study Guide,3.79,40,"Classics, Audiobook",https://www.goodreads.com/book/show/38448.0
20814047.0,The Fault in Our Stars: by John Green -- Sidekick,4.13,50,Book Club,https://www.goodreads.com/book/show/20814047.0
44805980.0,"The Hate U Give by Angie Thomas (Book Analysis): Detailed Summary, Analysis and Reading Guide",4.44,25,,https://www.goodreads.com/book/show/44805980.0
45294414.0,Study Guide: The Bluest Eye by Toni Morrison,3.50,56,,https://www.goodreads.com/book/show/45294414.0
21060082.0,Summary & Study Guide The Kite Runner by Khaled Hosseini,4.00,64,"Fiction, Contemporary",https://www.goodreads.com/book/show/21060082.0
28096541.0,The Nowhere Girls,4.26,408,"Young Adult, Realistic Fiction, LGBT",https://www.goodreads.com/book/show/28096541.0
142425642.0,Study Guide: This Book is Gay by Juno Dawson,0.00,55,,https://www.goodreads.com/book/show/142425642.0
37415.0,Their Eyes Were Watching God,3.99,238,"Classics, School, Fiction",https://www.goodreads.com/book/show/37415.0
26095121.0,The Haters,3.41,352,"Banned Books, Humor, Young Adult",https://www.goodreads.com/book/show/26095121.0
20412869.0,Study Guide: The Perks of Being a Wallflower by Stephen Chbosky,3.98,38,Fiction,https://www.goodreads.com/book/show/20412869.0
122040549.0,Study Guide: Lily and Dunkin by Donna Gephart,0.00,95,,https://www.goodreads.com/book/show/122040549.0
24795284.0,Summary & Study Guide Thirteen Reasons Why by Jay Asher,3.88,52,,https://www.goodreads.com/book/show/24795284.0
80241263.0,Study Guide: Future Home of the Living God by Louise Erdrich,0.00,59,,https://www.goodreads.com/book/show/80241263.0
5510384.0,Tricks,4.27,627,"Banned Books, Young Adult, Realistic Fiction",https://www.goodreads.com/book/show/5510384.0
10858119.0,Water for Elephants by Sara Gruen Summary & Study Guide,3.88,N/A,Fiction,https://www.goodreads.com/book/show/10858119.0
232704621.0,Thalia Book Club: Specimen Days with author Michael Cunningham,0.00,N/A,,https://www.goodreads.com/book/show/232704621.0
123767356.0,The Family Book by Todd Parr,5.00,N/A,,https://www.goodreads.com/book/show/123767356.0
50659467.0,A Court of Thorns and Roses,4.16,419,"Fantasy, Romance, Fiction",https://www.goodreads.com/book/show/50659467.0
45435764.0,"The Curious Incident of the Dog in the Night-Time by Mark Haddon (Book Analysis): Detailed Summary, Analysis and Reading Guide",3.26,26,,https://www.goodreads.com/book/show/45435764.0
169183910.0,Study Guide: The Vanishing Act of Esme Lennox by Maggie O'Farrell,4.00,81,,https://www.goodreads.com/book/show/169183910.0
58936407.0,The Rainbow Parade,4.22,32,"Picture Books, LGBT, Childrens",https://www.goodreads.com/book/show/58936407.0
142637323.0,The Great Big Book of Families by Mary Hoffman (5-Mar-2015) Paperback,3.51,N/A,"Picture Books, Nature, Childrens",https://www.goodreads.com/book/show/142637323.0
37924244.0,Call Me By Your Name: by Andre Aciman | Conversation Starters,3.40,59,,https://www.goodreads.com/book/show/37924244.0
39670893.0,ME and EARL and the Dying GIRL by Jesse Andrews: A Study Guide,2.67,37,,https://www.goodreads.com/book/show/39670893.0
49676332.0,Study Guide: Nineteen Minutes by Jodi Picoult,4.00,80,,https://www.goodreads.com/book/show/49676332.0
20423219.0,Summary & Study Guide Blankets by Craig Thompson,4.00,49,,https://www.goodreads.com/book/show/20423219.0
45294414.0,Study Guide: The Bluest Eye by Toni Morrison,3.50,56,,https://www.goodreads.com/book/show/45294414.0
38448.0,The Handmaid's Tale By Margaret Atwood: A Post 16 Study Guide,3.79,40,"Classics, Audiobook",https://www.goodreads.com/book/show/38448.0
7810126.0,"Precious: Based on the Novel ""Push"" by Sapphire",3.92,126,"Fiction, Audiobook",https://www.goodreads.com/book/show/7810126.0
25256386.0,Out of Darkness,4.14,402,"Banned Books, Romance, Fiction",https://www.goodreads.com/book/show/25256386.0
5510384.0,Tricks,4.27,627,"Banned Books, Young Adult, Realistic Fiction",https://www.goodreads.com/book/show/5510384.0
20412869.0,Study Guide: The Perks of Being a Wallflower by Stephen Chbosky,3.98,38,Fiction,https://www.goodreads.com/book/show/20412869.0
51648108.0,Call Me Max,4.32,32,"Picture Books, LGBT, Childrens",https://www.goodreads.com/book/show/51648108.0
21060082.0,Summary & Study Guide The Kite Runner by Khaled Hosseini,4.00,64,"Fiction, Contemporary",https://www.goodreads.com/book/show/21060082.0
44280883.0,All Boys Aren’t Blue,4.18,304,"Banned Books, LGBT, Biography",https://www.goodreads.com/book/show/44280883.0
5510384.0,Tricks,4.27,627,"Banned Books, Young Adult, Realistic Fiction",https://www.goodreads.com/book/show/5510384.0
61272698.0,Grandad's Pride,4.27,32,"Picture Books, LGBT, Childrens",https://www.goodreads.com/book/show/61272698.0
3463007.0,"10,000 Dresses",3.79,32,"Picture Books, LGBT, Childrens",https://www.goodreads.com/book/show/3463007.0
44599131.0,19 Love Songs,3.66,320,"LGBT, Romance, Fiction",https://www.goodreads.com/book/show/44599131.0
58838685.0,Study Guide: A Burning by Megha Majumdar,0.00,62,,https://www.goodreads.com/book/show/58838685.0
59875904.0,A History of Racism in America,0.00,N/A,,https://www.goodreads.com/book/show/59875904.0
35068842.0,A Girl's Guide to Joining the Resistance: A Feminist Handbook on Fighting for Good,3.63,136,"Self Help, Social Justice, Feminism",https://www.goodreads.com/book/show/35068842.0
10065595.0,A Queer History of the United States,3.90,312,"American History, LGBT, Social Justice",https://www.goodreads.com/book/show/10065595.0
56978176.0,A Million Quiet Revolutions,4.15,336,"LGBT, Romance, Transgender",https://www.goodreads.com/book/show/56978176.0
16065924.0,A is for Activist,4.23,32,"Picture Books, Childrens, Social Justice",https://www.goodreads.com/book/show/16065924.0
34220899.0,50 Queers Who Changed the World: A Celebration of LGBTQ+ Icons,3.57,112,"Queer Lit, LGBT, Biography",https://www.goodreads.com/book/show/34220899.0
38568.0,A Quick Bite,3.91,360,"Fantasy, Adult, Urban Fantasy",https://www.goodreads.com/book/show/38568.0
33517733.0,A Queer History of the United States for Young People,3.78,336,"LGBT, Historical, Politics",https://www.goodreads.com/book/show/33517733.0
38568.0,A Quick Bite,3.91,360,"Fantasy, Adult, Urban Fantasy",https://www.goodreads.com/book/show/38568.0
58068719.0,A Smart Girl's Guide: Race and Inclusion: Standing up to racism and building a better world,3.70,112,Nonfiction,https://www.goodreads.com/book/show/58068719.0
10136433.0,Abnormal Psychology,3.33,112,,https://www.goodreads.com/book/show/10136433.0
57042323.0,Ab(solutely) Normal: Short Stories That Smash Mental Health Stereotypes,3.99,336,"Mental Health, Fiction, Contemporary",https://www.goodreads.com/book/show/57042323.0
65654609.0,Airlock,3.14,112,"Science Fiction, Dystopia, Space",https://www.goodreads.com/book/show/65654609.0
44280883.0,All Boys Aren’t Blue,4.18,304,"Banned Books, LGBT, Biography",https://www.goodreads.com/book/show/44280883.0
57468716.0,Alice Austen Lived Here,3.86,176,"Middle Grade, Realistic Fiction, LGBT",https://www.goodreads.com/book/show/57468716.0
60784809.0,Afterglow,3.99,394,"Young Adult, LGBT, Romance",https://www.goodreads.com/book/show/60784809.0
136609770.0,Alex As Well by Alyssa Brugman,3.45,N/A,"Young Adult, Realistic Fiction, LGBT",https://www.goodreads.com/book/show/136609770.0
35140599.0,All Out: The No-Longer-Secret Stories of Queer Teens throughout the Ages,3.92,368,"Fantasy, LGBT, Historical Fiction",https://www.goodreads.com/book/show/35140599.0
201907591.0,"(Almost Perfect) [By: Katcher, Brian] [Nov, 2010]",0.00,N/A,,https://www.goodreads.com/book/show/201907591.0
33025708.0,All You Need Is Love: Celebrating Families of All Shapes and Sizes,3.30,40,"LGBT, Picture Books, Childrens",https://www.goodreads.com/book/show/33025708.0
62918814.0,All Bodies are Wonderful: Use Science to Celebrate Everyone's Body!,4.67,36,"Nonfiction, Childrens",https://www.goodreads.com/book/show/62918814.0
50998103.0,Ana on the Edge,4.36,380,"Middle Grade, Realistic Fiction, LGBT",https://www.goodreads.com/book/show/50998103.0
55334246.0,"Allies: Real Talk About Showing Up, Screwing Up, And Trying Again",4.32,240,"LGBT, Essays, Social Justice",https://www.goodreads.com/book/show/55334246.0
60784592.0,Always the Almost,4.02,320,"Young Adult, LGBT, Romance",https://www.goodreads.com/book/show/60784592.0
31689949.0,And She Was,3.64,361,"Young Adult, Realistic Fiction, LGBT",https://www.goodreads.com/book/show/31689949.0
34564996.0,An African American and Latinx History of the United States,4.25,296,"Latinx, Anti Racist, Social Justice",https://www.goodreads.com/book/show/34564996.0
206685919.0,"[ [ [ Barron's AP Psychology (Barron's AP Psychology Exam) [ BARRON'S AP PSYCHOLOGY (BARRON'S AP PSYCHOLOGY EXAM) ] By Weseley, Allyson J ( Author )Feb-01-2012 Paperback",0.00,N/A,,https://www.goodreads.com/book/show/206685919.0
40697803.0,An ABC of Equality (Volume 1),3.87,52,"Picture Books, LGBT, Childrens",https://www.goodreads.com/book/show/40697803.0
149213260.0,5 Steps to a 5 AP Psychology 2017 Cross-Platform Prep Course by Laura Lincoln Maitland,3.00,N/A,,https://www.goodreads.com/book/show/149213260.0
57593396.0,Anything But Fine,3.94,336,"Young Adult, LGBT, Romance",https://www.goodreads.com/book/show/57593396.0
8570984.0,Are America's Wealthy Too Powerful?,2.25,128,Nonfiction,https://www.goodreads.com/book/show/8570984.0
52550540.0,"Anti-Racism (Words of Change series): Powerful Voices, Inspiring Ideas",4.27,160,"Anti Racist, Race, Social Justice",https://www.goodreads.com/book/show/52550540.0
42844155.0,Harry Potter and the Sorcerer's Stone,4.47,333,"Fantasy, Childrens, Fiction",https://www.goodreads.com/book/show/42844155.0
238079665.0,Are You a Boy or are You a Girl? by Sarah Savage,0.00,N/A,,https://www.goodreads.com/book/show/238079665.0
27285925.0,Are You LGBTQ?,3.33,112,,https://www.goodreads.com/book/show/27285925.0
139220.0,"Heat: An Amateur's Adventures as Kitchen Slave, Line Cook, Pasta-Maker, and Apprentice to a Dante-Quoting Butcher in Tuscany",3.90,336,"Food Writing, Cooking, Biography",https://www.goodreads.com/book/show/139220.0
37512851.0,Are There Two Americas?,2.00,184,,https://www.goodreads.com/book/show/37512851.0
41379.0,As Nature Made Him: The Boy Who Was Raised as a Girl,4.04,289,"Psychology, Biography, Memoir",https://www.goodreads.com/book/show/41379.0
56823465.0,Atrocities in Action,4.33,32,,https://www.goodreads.com/book/show/56823465.0
77927722.0,Baby Drag Queen,3.03,144,"LGBT, Read For School, Fiction",https://www.goodreads.com/book/show/77927722.0
45691354.0,Auntie Uncle: Drag Queen Hero,4.53,32,"Picture Books, LGBT, Childrens",https://www.goodreads.com/book/show/45691354.0
46223356.0,Be Amazing: A History of Pride,4.10,40,"Banned Books, Picture Books, LGBT",https://www.goodreads.com/book/show/46223356.0
28953803.0,"Lumberjanes, Vol. 5: Band Together",4.00,112,"Fantasy, Graphic Novels, LGBT",https://www.goodreads.com/book/show/28953803.0
25167846.0,Beast,3.50,305,"Retellings, Young Adult, LGBT",https://www.goodreads.com/book/show/25167846.0
53541622.0,AP Psychology Premium: With 6 Practice Tests,3.53,967,,https://www.goodreads.com/book/show/53541622.0
60334237.0,Be Your True Self,3.50,32,,https://www.goodreads.com/book/show/60334237.0
58724791.0,Beating Heart Baby,4.19,352,"Young Adult, LGBT, Romance",https://www.goodreads.com/book/show/58724791.0
28587986.0,Being Jazz: My Life as a (Transgender) Teen,3.87,272,"LGBT, Biography, Memoir",https://www.goodreads.com/book/show/28587986.0
13221769.0,Beautiful Music for Ugly Children,3.90,262,"Young Adult, Realistic Fiction, LGBT",https://www.goodreads.com/book/show/13221769.0
219241488.0,"[(Bend, Don't Shatter: Poets on the Beginning of Desire)] [Author: Rachel T. Cole] published on",0.00,N/A,,https://www.goodreads.com/book/show/219241488.0
34138368.0,Before I Had the Words: On Being a Transgender Young Adult,4.18,257,"LGBT, Transgender, Memoir",https://www.goodreads.com/book/show/34138368.0
44495146.0,Being Transgender in America,4.00,112,LGBT,https://www.goodreads.com/book/show/44495146.0
22554204.0,"Lumberjanes, Vol. 1: Beware the Kitten Holy",3.91,128,"Fantasy, Graphic Novels, LGBT",https://www.goodreads.com/book/show/22554204.0
54776123.0,Between Perfect and Real,3.97,304,"Young Adult, LGBT, Romance",https://www.goodreads.com/book/show/54776123.0
18166920.0,Beyond Magenta: Transgender and Nonbinary Teens Speak Out,3.80,182,"Banned Books, LGBT, Transgender",https://www.goodreads.com/book/show/18166920.0
39019488.0,"Beyond Gender Binaries: The History of Trans, Intersex, and Third-Gender Individuals",3.42,112,"Banned Books, LGBT, Transgender",https://www.goodreads.com/book/show/39019488.0
25489625.0,Between the World and Me,4.40,152,"Book Club, Social Justice, Memoir",https://www.goodreads.com/book/show/25489625.0
57646566.0,Better Than We Found It: Conversations to Help Save the World,4.43,499,"Social Justice, Education, Environment",https://www.goodreads.com/book/show/57646566.0
51794301.0,Beyond the Gender Binary,4.48,64,"LGBT, Feminism, Memoir",https://www.goodreads.com/book/show/51794301.0
40407320.0,"Biased: Uncovering the Hidden Prejudice That Shapes What We See, Think, and Do",4.32,350,"Psychology, Sociology, Social Justice",https://www.goodreads.com/book/show/40407320.0
39863399.0,Birthday,4.18,288,"Young Adult, LGBT, Romance",https://www.goodreads.com/book/show/39863399.0
59237736.0,Bianca Torre Is Afraid of Everything,4.03,384,"Lesbian, LGBT, Mystery",https://www.goodreads.com/book/show/59237736.0
150246160.0,Bless the Blood: A Cancer Memoir,4.31,400,"LGBT, Memoir, Audiobook",https://www.goodreads.com/book/show/150246160.0
59366146.0,Black Nerd Problems: Essays,4.04,304,"Humor, Essays, African American",https://www.goodreads.com/book/show/59366146.0
49151016.0,Body Talk: 37 Voices Explore Our Radical Anatomy,4.03,256,"Essays, Mental Health, Feminism",https://www.goodreads.com/book/show/49151016.0
55276659.0,Both Can Be True,4.03,368,"Middle Grade, Young Adult, LGBT",https://www.goodreads.com/book/show/55276659.0
51137933.0,Blood Sport,3.44,118,"Realistic Fiction, Mystery, LGBT",https://www.goodreads.com/book/show/51137933.0
54493398.0,Born Ready: The True Story of a Boy Named Penelope,4.17,40,"Picture Books, LGBT, Childrens",https://www.goodreads.com/book/show/54493398.0
56749664.0,Both Sides Now,3.31,304,"LGBT, Romance, Transgender",https://www.goodreads.com/book/show/56749664.0
52142520.0,"Study Guide: Black Skin, White Masks by Frantz Fanon",0.00,48,,https://www.goodreads.com/book/show/52142520.0
58592345.0,"Boys Run the Riot, Vol. 4",4.26,262,"Graphic Novels, Manga, LGBT",https://www.goodreads.com/book/show/58592345.0
55995929.0,"Boys Run the Riot, Vol. 1",4.32,243,"Graphic Novels, Manga, LGBT",https://www.goodreads.com/book/show/55995929.0
198137962.0,Breathe: Journeys to Healthy Binding,4.47,64,"Graphic Novels, LGBT, Transgender",https://www.goodreads.com/book/show/198137962.0
55995928.0,"Boys Run the Riot, Vol. 2",4.34,194,"Graphic Novels, Manga, LGBT",https://www.goodreads.com/book/show/55995928.0
58492451.0,"Boys Run the Riot, Vol. 3",4.34,210,"Graphic Novels, Manga, LGBT",https://www.goodreads.com/book/show/58492451.0
54303301.0,Bright World,3.87,272,"Fantasy, Graphic Novels, LGBT",https://www.goodreads.com/book/show/54303301.0
60828926.0,"Brown Enough: True Stories About Love, Violence, the Student Loan Crisis, Hollywood, Race, Familia, and Making It in America",4.27,240,"Latinx, Social Justice, Memoir",https://www.goodreads.com/book/show/60828926.0
62050268.0,Call and Response: The Story of Black Lives Matter: An Essential Nonfiction Photo Book for Kids on the Modern Civil Rights Movement and Social Justice,4.46,160,"Middle Grade, Historical, Social Justice",https://www.goodreads.com/book/show/62050268.0
55277082.0,Camp,3.95,416,"Young Adult, LGBT, Romance",https://www.goodreads.com/book/show/55277082.0
41825573.0,Burying White Privilege: Resurrecting a Badass Christianity,4.11,168,"Faith, Theology, Justice",https://www.goodreads.com/book/show/41825573.0
51648108.0,Call Me Max,4.32,32,"Picture Books, LGBT, Childrens",https://www.goodreads.com/book/show/51648108.0
57737479.0,Camp QUILTBAG,4.10,352,"Middle Grade, Realistic Fiction, LGBT",https://www.goodreads.com/book/show/57737479.0
57282212.0,Calvin,4.48,32,"Picture Books, LGBT, Childrens",https://www.goodreads.com/book/show/57282212.0
53277739.0,Challenges for LGBTQ Teens,0.00,80,,https://www.goodreads.com/book/show/53277739.0
114551467.0,Study Guide: Cemetery Boys by Aiden Thomas,0.00,68,,https://www.goodreads.com/book/show/114551467.0
127280435.0,Canto Contigo,4.22,352,"Young Adult, LGBT, Romance",https://www.goodreads.com/book/show/127280435.0
28859473.0,Chaz Bono,2.67,112,,https://www.goodreads.com/book/show/28859473.0
53138213.0,Can't Take That Away,4.06,375,"Young Adult, LGBT, Romance",https://www.goodreads.com/book/show/53138213.0
1721201.0,"Cheeky Angel, Vol. 3",3.70,200,"Manga, Graphic Novels",https://www.goodreads.com/book/show/1721201.0
1721172.0,Cheeky Angel Vol. 2,3.60,200,"Manga, Graphic Novels",https://www.goodreads.com/book/show/1721172.0
1721164.0,"Cheeky Angel, Vol. 1",3.45,200,"Humor, Graphic Novels Comics, Manga",https://www.goodreads.com/book/show/1721164.0
55932482.0,Summary and Analysis of: Caste: The Origins of Our Discontents by Isabel Wilkerson,4.03,N/A,"Sociology, Audiobook",https://www.goodreads.com/book/show/55932482.0
1484668.0,"Click, Volume 3",3.52,184,"Manga, Manhwa, Shojo",https://www.goodreads.com/book/show/1484668.0
56996812.0,Ciel In All Directions,4.05,192,"Middle Grade, Graphic Novels, LGBT",https://www.goodreads.com/book/show/56996812.0
1484667.0,"Click, Volume 1",3.58,184,"Graphic Novels, Manga, Romance",https://www.goodreads.com/book/show/1484667.0
1484665.0,"Click, Volume 2",3.65,N/A,"Romance, Manga, Manhwa",https://www.goodreads.com/book/show/1484665.0
1484671.0,"Click, Volume 5",3.66,N/A,"Manga, Manhwa, Shojo",https://www.goodreads.com/book/show/1484671.0
2349357.0,"Click, Volume 8",3.63,184,"Manga, Manhwa",https://www.goodreads.com/book/show/2349357.0
1895382.0,"Click, Volume 7",3.76,171,"Manga, Manhwa",https://www.goodreads.com/book/show/1895382.0
1895380.0,"Click, Volume 6",3.83,172,"Manga, Manhwa",https://www.goodreads.com/book/show/1895380.0
31494782.0,Coming Out As Transgender,2.83,64,Nonfiction,https://www.goodreads.com/book/show/31494782.0
36025516.0,Confronting Racism,4.25,64,,https://www.goodreads.com/book/show/36025516.0
37976862.0,Confronting LGBTQ+ Discrimination,3.33,64,,https://www.goodreads.com/book/show/37976862.0
34481072.0,Coping with Gender Dysphoria,4.14,112,"Queer, Nonfiction",https://www.goodreads.com/book/show/34481072.0
50798284.0,Coping with Gender Fluidity,4.00,112,,https://www.goodreads.com/book/show/50798284.0
36082762.0,Coping with Hate and Intolerance,0.00,112,,https://www.goodreads.com/book/show/36082762.0
61986396.0,Constellations,3.74,224,"Graphic Novels, LGBT, Mental Health",https://www.goodreads.com/book/show/61986396.0
34481075.0,Coping With Racial Inequality (Coping,0.00,112,,https://www.goodreads.com/book/show/34481075.0
60014652.0,Critical Perspectives on Gender Identity,0.00,208,,https://www.goodreads.com/book/show/60014652.0
35631913.0,Critical Perspectives on Social Justice,5.00,231,,https://www.goodreads.com/book/show/35631913.0
55655085.0,Continuum,4.39,64,"LGBT, Transgender, Memoir",https://www.goodreads.com/book/show/55655085.0
36449598.0,Counselling Skills for Working with Gender Diversity and Identity,4.38,312,"Psychology, Nonfiction",https://www.goodreads.com/book/show/36449598.0
167851433.0,"Crossing Lines by Volponi, Paul (2011) Hardcover",5.00,N/A,,https://www.goodreads.com/book/show/167851433.0
200455757.0,"Delusions of Gender: How Our Minds, Society, and Neurosexism Create Difference [ DELUSIONS OF GENDER: HOW OUR MINDS, SOCIETY, AND NEUROSEXISM CREATE DIFFERENCE ] by Fine, Cordelia (Author) Aug-08-2011 [ Paperback ]",0.00,N/A,,https://www.goodreads.com/book/show/200455757.0
57800581.0,Cramm This Book: So You Know WTF Is Going On in the World Today,3.93,272,"Historical, Social Justice, Audiobook",https://www.goodreads.com/book/show/57800581.0
211246475.0,Debbie Harry Sings in French by Meagan Brothers,0.00,N/A,,https://www.goodreads.com/book/show/211246475.0
61783806.0,Dear Mothman,4.23,313,"Fantasy, Middle Grade, LGBT",https://www.goodreads.com/book/show/61783806.0
62242989.0,Summary of Diary of a Misfit: A Memoir and a Mystery by Casey Parks,0.00,N/A,,https://www.goodreads.com/book/show/62242989.0
78815189.0,Desert Queen,4.45,58,"Picture Books, Childrens, LGBT",https://www.goodreads.com/book/show/78815189.0
118795571.0,Dragging Mason County,3.50,220,"Young Adult, LGBT, Fiction",https://www.goodreads.com/book/show/118795571.0
10958690.0,Does Equality Exist in America?,3.00,128,,https://www.goodreads.com/book/show/10958690.0
58925325.0,Different Kinds of Fruit,4.07,313,"Middle Grade, Realistic Fiction, LGBT",https://www.goodreads.com/book/show/58925325.0
163640487.0,Dignity for All: Safeguarding LGBT Students by Peter M. DeWitt,0.00,N/A,,https://www.goodreads.com/book/show/163640487.0
60878155.0,Door by Door: How Sarah McBride Became America's First Openly Transgender Senator,4.26,40,"Picture Books, LGBT, Biography",https://www.goodreads.com/book/show/60878155.0
223949470.0,Study Guide: Ellen Outside the Lines by A. J. Sass,0.00,65,,https://www.goodreads.com/book/show/223949470.0
144144607.0,"Doing It Right: Making Smart, Safe, and Satisfying Choices about Sex by Bronwen Pardes",0.00,N/A,,https://www.goodreads.com/book/show/144144607.0
63899004.0,Elle Campbell Wins Their Weekend,3.67,261,"Middle Grade, Juvenile, LGBT",https://www.goodreads.com/book/show/63899004.0
1051091.0,"Dude, You're a Fag: Masculinity and Sexuality in High School",3.84,240,"LGBT, Sexuality, Nonfiction",https://www.goodreads.com/book/show/1051091.0
52556271.0,"Equality, Social Justice, and Our Future",0.00,32,,https://www.goodreads.com/book/show/52556271.0
35506451.0,"Tomorrow Will Be Different: Love, Loss, and the Fight for Trans Equality",4.45,272,"LGBT, Feminism, Politics",https://www.goodreads.com/book/show/35506451.0
44328852.0,Everything You Need to Know About Nonbinary Gender Identities,3.70,64,Nonfiction,https://www.goodreads.com/book/show/44328852.0
145654444.0,Everything I Learned About Racism I Learned in School,4.20,272,"Race, Social Justice, Memoir",https://www.goodreads.com/book/show/145654444.0
93602405.0,Study Guide: Felix Ever After by Kacen Callender,1.00,56,,https://www.goodreads.com/book/show/93602405.0
25785693.0,Far from the Tree: How Children and Their Parents Learn to Accept One Another . . . Our Differences Unite Us,4.27,464,"Psychology, Sociology, Nonfiction",https://www.goodreads.com/book/show/25785693.0
221907011.0,Study Guide: Flight Of The Puffin by Ann Braden,0.00,69,,https://www.goodreads.com/book/show/221907011.0
4249360.0,Finding Out: An Introduction to LGBT Studies,3.69,480,"LGBT, Sexuality, Read For School",https://www.goodreads.com/book/show/4249360.0
44602121.0,Feminist AF: A Guide to Crushing Girlhood,4.36,N/A,"Self Help, Childrens, Teen",https://www.goodreads.com/book/show/44602121.0
56651467.0,Frankie & Bug,4.10,288,"Middle Grade, Realistic Fiction, LGBT",https://www.goodreads.com/book/show/56651467.0
26452769.0,Feminism: Reinventing the F-Word,3.71,112,"Social Justice, Feminism, History",https://www.goodreads.com/book/show/26452769.0
217278589.0,Study Guide: Frankissstein by Jeanette Winterson,0.00,74,,https://www.goodreads.com/book/show/217278589.0
74964003.0,Flor Fights Back: A Stonewall Riots Survival Story,4.05,101,"Banned Books, Middle Grade, LGBT",https://www.goodreads.com/book/show/74964003.0
17261129.0,Freakboy,3.93,448,"Young Adult, Realistic Fiction, LGBT",https://www.goodreads.com/book/show/17261129.0
7993859.0,"Friendship, Dating, and Relationships",3.67,80,Queer,https://www.goodreads.com/book/show/7993859.0
43263228.0,Freeing Finch,3.91,272,"Middle Grade, LGBT, Animals",https://www.goodreads.com/book/show/43263228.0
24886016.0,"Lumberjanes, Vol. 2: Friendship to the Max",4.15,111,"Fantasy, Graphic Novels, LGBT",https://www.goodreads.com/book/show/24886016.0
34369747.0,From the Stars in the Sky to the Fish in the Sea,4.36,40,"Picture Books, LGBT, Childrens",https://www.goodreads.com/book/show/34369747.0
59235529.0,Galaxy: The Prettiest Star,4.09,208,"Science Fiction, Fantasy, Graphic Novels",https://www.goodreads.com/book/show/59235529.0
8802514.0,Gay Believers: Homosexuality and Religion,3.00,64,Nonfiction,https://www.goodreads.com/book/show/8802514.0
37119186.0,Fresh Ink: A We Need Diverse Books Anthology,3.78,219,"Young Adult, LGBT, Fiction",https://www.goodreads.com/book/show/37119186.0
123508132.0,Gender Dysphoria,3.50,80,,https://www.goodreads.com/book/show/123508132.0
52831200.0,From Blood and Ash,4.21,622,"Fantasy, Romance, Fiction",https://www.goodreads.com/book/show/52831200.0
2954392.0,Gay Rights,3.89,110,Nonfiction,https://www.goodreads.com/book/show/2954392.0
18228995.0,Gender Identity,2.50,48,Banned Books,https://www.goodreads.com/book/show/18228995.0
219978247.0,"Gay Characters in Theater, Movies, and Television: New Roles, New Attitudes (Gallup's Guide to Modern Gay, Lesbian and Transgender Lifestyle) by Jaime A. Seba",0.00,N/A,,https://www.goodreads.com/book/show/219978247.0
1906020.0,Gender Identity: The Ultimate Teen Guide,3.50,212,,https://www.goodreads.com/book/show/1906020.0
31495611.0,Gender Identity: The Search for Self,4.00,104,LGBT,https://www.goodreads.com/book/show/31495611.0
22339673.0,Gender Issues,0.00,128,,https://www.goodreads.com/book/show/22339673.0
40821809.0,Gender Identity: Beyond Pronouns and Bathrooms,3.78,128,"Banned Books, Middle Grade, LGBT",https://www.goodreads.com/book/show/40821809.0
61803540.0,Summary Of Gender Queer: A Memoir By Maia Kobabe,4.00,N/A,,https://www.goodreads.com/book/show/61803540.0
25246418.0,"Gay & Lesbian History for Kids: The Century-Long Struggle for LGBT Rights, with 21 Activities",4.01,192,"Middle Grade, LGBT, Childrens",https://www.goodreads.com/book/show/25246418.0
31495489.0,Gender Politics,0.00,116,,https://www.goodreads.com/book/show/31495489.0
52437907.0,Gender in the 21st Century,3.50,176,Banned Books,https://www.goodreads.com/book/show/52437907.0
185495652.0,Study Guide: Gracefully Grayson by Ami Polonsky,0.00,52,,https://www.goodreads.com/book/show/185495652.0
7993862.0,GLBT Teens and Society,3.40,80,"Young Adult, LGBT",https://www.goodreads.com/book/show/7993862.0
320835.0,GLBTQ*: The Survival Guide for Queer & Questioning Teens,3.75,227,"LGBT, Transgender, Gay",https://www.goodreads.com/book/show/320835.0
44495147.0,Growing Up LGBTQ,4.00,112,,https://www.goodreads.com/book/show/44495147.0
137479177.0,Grasshopper Jungle by Andrew Smith,3.67,N/A,,https://www.goodreads.com/book/show/137479177.0
62795047.0,"Gender Rebels: 30 Trans, Nonbinary, and Gender Expansive Heroes Past and Present",4.26,120,"LGBT, Biography, Historical",https://www.goodreads.com/book/show/62795047.0
63898985.0,Green,3.73,240,"Middle Grade, Realistic Fiction, LGBT",https://www.goodreads.com/book/show/63898985.0
56916486.0,Growing Up Trans: In Our Own Words,4.32,176,"Middle Grade, LGBT, Transgender",https://www.goodreads.com/book/show/56916486.0
12654784.0,Happy Families,3.30,240,"Realistic Fiction, LGBT, Fiction",https://www.goodreads.com/book/show/12654784.0
199339487.0,Heartstopper Vol 2 - Collector's Edition,4.51,N/A,"Graphic Novels, LGBT, Romance",https://www.goodreads.com/book/show/199339487.0
36489672.0,Gumballs,3.86,160,"Graphic Novels, LGBT, Graphic Novels Comics",https://www.goodreads.com/book/show/36489672.0
123204337.0,He/She/They: How We Talk About Gender and Why It Matters,4.57,384,"LGBT, Transgender, Memoir",https://www.goodreads.com/book/show/123204337.0
125704697.0,"Heartstopper, Vol. 5",4.46,N/A,"Graphic Novels, LGBT, Romance",https://www.goodreads.com/book/show/125704697.0
7216392.0,Home and Family Relationships,3.00,80,,https://www.goodreads.com/book/show/7216392.0
57911600.0,Hell Followed With Us,4.09,416,"Fantasy, LGBT, Horror",https://www.goodreads.com/book/show/57911600.0
200626696.0,Heartstopper Vol 4 - Collector's Edition,4.57,N/A,"Graphic Novels, LGBT, Romance",https://www.goodreads.com/book/show/200626696.0
36849407.0,Heads Up Sociology,3.64,355,"Philosophy, Nonfiction, Sociology",https://www.goodreads.com/book/show/36849407.0
182867679.0,Homebody: A Graphic Memoir of Gender Identity Exploration,4.34,224,"Graphic Novels, LGBT, Transgender",https://www.goodreads.com/book/show/182867679.0
9687467.0,Homophobia: From Social Stigma to Hate Crimes,3.80,64,,https://www.goodreads.com/book/show/9687467.0
6515763.0,How Beautiful the Ordinary: Twelve Stories of Identity,3.80,368,"LGBT, Fiction, Contemporary",https://www.goodreads.com/book/show/6515763.0
34760705.0,House of Rougeaux,3.81,310,"Literary Fiction, Adult, Fiction",https://www.goodreads.com/book/show/34760705.0
55261881.0,How Can I Be an Ally?,3.91,32,Nonfiction,https://www.goodreads.com/book/show/55261881.0
61322642.0,How to Be a (Young) Antiracist,4.27,208,"Childrens, Social Justice, Politics",https://www.goodreads.com/book/show/61322642.0
57468062.0,How to Fight Racism Young Reader's Edition: A Guide to Standing Up for Racial Justice,4.09,240,"Childrens, Anti Racist, Audiobook",https://www.goodreads.com/book/show/57468062.0
125078771.0,I Am an Antiracist Superhero: With Activities to Help You Be One Too!,4.03,32,"Social Justice, Childrens",https://www.goodreads.com/book/show/125078771.0
198430791.0,I Am J by Cris Beam,4.00,N/A,,https://www.goodreads.com/book/show/198430791.0
18763344.0,I Am Jazz,4.12,32,"Banned Books, Picture Books, LGBT",https://www.goodreads.com/book/show/18763344.0
41473872.0,I Wish You All the Best,4.14,329,"Young Adult, LGBT, Romance",https://www.goodreads.com/book/show/41473872.0
2409355.0,"Hit The Road, Manny",4.33,240,"Banned Books, Juvenile, LGBT",https://www.goodreads.com/book/show/2409355.0
58245754.0,Alice Oseman Collection 6 Books Set,4.61,N/A,"LGBT, Romance, Fiction",https://www.goodreads.com/book/show/58245754.0
44000539.0,I Hope We Choose Love: A Trans Girl's Notes from the End of the World,4.41,156,"LGBT, Essays, Transgender",https://www.goodreads.com/book/show/44000539.0
35883430.0,I'm Still Here: Black Dignity in a World Made for Whiteness,4.38,185,"Book Club, Anti Racist, Social Justice",https://www.goodreads.com/book/show/35883430.0
32829992.0,Identity & Gender,3.57,32,LGBT,https://www.goodreads.com/book/show/32829992.0
37512832.0,Identity Politics,3.33,216,Nonfiction,https://www.goodreads.com/book/show/37512832.0
44667871.0,Identity: A Story of Transitioning,3.89,88,"Graphic Novels, LGBT, Graphic Novels Manga",https://www.goodreads.com/book/show/44667871.0
61232299.0,If I Can Give You That,4.03,315,"Young Adult, LGBT, Romance",https://www.goodreads.com/book/show/61232299.0
58950829.0,If You're a Drag Queen and You Know It,3.65,32,"Humor, Picture Books, LGBT",https://www.goodreads.com/book/show/58950829.0
59039953.0,If You’re a Kid Like Gavin: The True Story of a Young Trans Activist – A Kirkus Best Book and Picture Book About the Supreme Court Case,4.34,40,"Picture Books, LGBT, Biography",https://www.goodreads.com/book/show/59039953.0
37008481.0,Inside the LGBTQ Movement,5.00,32,,https://www.goodreads.com/book/show/37008481.0
42171654.0,Intersectionality and Identity Politics,4.00,120,,https://www.goodreads.com/book/show/42171654.0
40864913.0,It Feels Good to Be Yourself: A Book About Gender Identity,4.26,40,"Picture Books, LGBT, Childrens",https://www.goodreads.com/book/show/40864913.0
27158837.0,Introducing Teddy: A Gentle Story About Gender and Friendship,4.14,32,"Picture Books, LGBT, Childrens",https://www.goodreads.com/book/show/27158837.0
26195970.0,"Invisible Man, Got the Whole World Watching: A Young Black Man's Education",4.34,224,"Social Justice, African American, Politics",https://www.goodreads.com/book/show/26195970.0
312200.0,"It's Not the Stork!: A Book About Girls, Boys, Babies, Bodies, Families and Friends",4.42,64,"Picture Books, Childrens, Sexuality",https://www.goodreads.com/book/show/312200.0
201341905.0,J Is for Justice!: An Activism Alphabet,4.60,23,,https://www.goodreads.com/book/show/201341905.0
10283787.0,"It Gets Better: Coming Out, Overcoming Bullying, and Creating a Life Worth Living",4.13,338,"Self Help, LGBT, Essays",https://www.goodreads.com/book/show/10283787.0
36248274.0,Jack,3.95,40,"Picture Books, LGBT, Childrens",https://www.goodreads.com/book/show/36248274.0
222507.0,"It's Perfectly Normal: Changing Bodies, Growing Up, Sex, and Sexual Health",4.23,96,"Banned Books, Childrens, Sexuality",https://www.goodreads.com/book/show/222507.0
42616757.0,Jacob's Room to Choose,4.01,32,"Picture Books, LGBT, Childrens",https://www.goodreads.com/book/show/42616757.0
18378828.0,Jacob's New Dress,4.20,32,"Banned Books, Picture Books, LGBT",https://www.goodreads.com/book/show/18378828.0
42201521.0,"Lumberjanes, Vol. 12: Jackalope Springs Eternal",4.00,111,"Fantasy, Middle Grade, Graphic Novels",https://www.goodreads.com/book/show/42201521.0
32830038.0,Jazz Jennings: Voice for LGBTQ Youth,3.78,32,,https://www.goodreads.com/book/show/32830038.0
34140077.0,Jaya and Rasa: A Love Story,3.64,224,"Young Adult, LGBT, Romance",https://www.goodreads.com/book/show/34140077.0
26532714.0,Julián Is a Mermaid,4.50,80,"Realistic Fiction, Picture Books, LGBT",https://www.goodreads.com/book/show/26532714.0
27414371.0,"Jess, Chunk, and the Road Trip to Infinity",3.40,272,"Young Adult, Realistic Fiction, LGBT",https://www.goodreads.com/book/show/27414371.0
51472378.0,Julián at the Wedding,4.24,34,"Realistic Fiction, Picture Books, LGBT",https://www.goodreads.com/book/show/51472378.0
54317693.0,Just Ash,3.82,224,"Young Adult, Realistic Fiction, LGBT",https://www.goodreads.com/book/show/54317693.0
7623966.0,Jumpstart the World,4.03,186,"Realistic Fiction, LGBT, Transgender",https://www.goodreads.com/book/show/7623966.0
145624817.0,Just Shy of Ordinary,4.08,384,"Middle Grade, LGBT, Mental Health",https://www.goodreads.com/book/show/145624817.0
28859476.0,Lana Wachowski,3.50,112,,https://www.goodreads.com/book/show/28859476.0
50841322.0,Lgbt Discrimination,3.00,80,,https://www.goodreads.com/book/show/50841322.0
18642152.0,LGBT Youth Issues Today: A Reference Handbook,3.50,336,,https://www.goodreads.com/book/show/18642152.0
56978096.0,Lakelore,3.86,304,"Fantasy, Magical Realism, LGBT",https://www.goodreads.com/book/show/56978096.0
18497598.0,LGBTQ Families: The Ultimate Teen Guide,4.60,209,"Banned Books, LGBT",https://www.goodreads.com/book/show/18497598.0
31493837.0,LGBTQ Human Rights Movement,3.40,32,,https://www.goodreads.com/book/show/31493837.0
44495148.0,LGBTQ Discrimination in America,4.33,112,,https://www.goodreads.com/book/show/44495148.0
29056437.0,James Baldwin: Groundbreaking Author and Civil Rights Activist,4.57,112,,https://www.goodreads.com/book/show/29056437.0
44495149.0,LGBTQ Rights and the Law,3.75,112,,https://www.goodreads.com/book/show/44495149.0
122040549.0,Study Guide: Lily and Dunkin by Donna Gephart,0.00,95,,https://www.goodreads.com/book/show/122040549.0
44495151.0,LGBTQ Social Movements in America,3.80,112,,https://www.goodreads.com/book/show/44495151.0
44495150.0,LGBTQ Service in the Armed Forces,4.50,112,,https://www.goodreads.com/book/show/44495150.0
202716438.0,Study Guide: Light from Uncommon Stars by Ryka Aoki,3.33,94,,https://www.goodreads.com/book/show/202716438.0
56851084.0,LGBTQ+ Rights,4.33,32,,https://www.goodreads.com/book/show/56851084.0
125525033.0,Living With Gender Dysphoria,0.00,64,,https://www.goodreads.com/book/show/125525033.0
152291177.0,Lizard Radio by Pat Schmatz,0.00,N/A,,https://www.goodreads.com/book/show/152291177.0
196541394.0,Linus and Etta Could Use a Win,4.14,224,"Middle Grade, Realistic Fiction, LGBT",https://www.goodreads.com/book/show/196541394.0
144115373.0,Look Past by Eric Devine,0.00,N/A,,https://www.goodreads.com/book/show/144115373.0
41857511.0,Looking at Privilege and Power,3.50,80,,https://www.goodreads.com/book/show/41857511.0
55005143.0,Long Time Coming: Reckoning with Race in America,4.17,230,"Sociology, Social Justice, Politics",https://www.goodreads.com/book/show/55005143.0
17788401.0,Ugly Love,3.99,330,"Romance, Fiction, Colleen Hoover",https://www.goodreads.com/book/show/17788401.0
222476129.0,Looking for Group,3.81,384,"Young Adult, LGBT, Romance",https://www.goodreads.com/book/show/222476129.0
34228009.0,"Lumberjanes, Vol. 7: A Bird's-Eye View",4.21,111,"Fantasy, Graphic Novels, LGBT",https://www.goodreads.com/book/show/34228009.0
31742560.0,Love Is Love,3.28,118,"Young Adult, LGBT, Romance",https://www.goodreads.com/book/show/31742560.0
36206546.0,Lumberjanes: Bonus Tracks,3.91,127,"Fantasy, Middle Grade, Graphic Novels",https://www.goodreads.com/book/show/36206546.0
49247117.0,"Love Me for Who I Am, Vol. 2",4.41,180,"Manga, LGBT, Romance",https://www.goodreads.com/book/show/49247117.0
74323563.0,Love Is Love: An Important LGBTQ Pride Book for Kids About Gay Parents and Diverse Families,4.02,32,"Picture Books, LGBT, Childrens",https://www.goodreads.com/book/show/74323563.0
27248586.0,"Lumberjanes, Vol. 4: Out of Time",4.25,112,"Fantasy, Graphic Novels, LGBT",https://www.goodreads.com/book/show/27248586.0
38509673.0,"Lumberjanes, Vol. 10: Parents' Day",4.15,111,"Fantasy, Middle Grade, Graphic Novels",https://www.goodreads.com/book/show/38509673.0
58667527.0,M Is for Monster: A Graphic Novel,3.95,224,"Science Fiction, Fantasy, Graphic Novels",https://www.goodreads.com/book/show/58667527.0
35606631.0,"Lumberjanes, Vol. 8: Stone Cold",4.19,111,"Fantasy, Middle Grade, Graphic Novels",https://www.goodreads.com/book/show/35606631.0
59029659.0,Man o' War,4.36,336,"Young Adult, LGBT, Transgender",https://www.goodreads.com/book/show/59029659.0
37491773.0,Male Privilege,4.50,N/A,,https://www.goodreads.com/book/show/37491773.0
56258326.0,Magical Boy Volume 1: A Graphic Novel,4.31,320,"Fantasy, Graphic Novels, LGBT",https://www.goodreads.com/book/show/56258326.0
55540735.0,May the Best Man Win,3.22,380,"Young Adult, LGBT, Romance",https://www.goodreads.com/book/show/55540735.0
33503607.0,Meet Cute: Some People Are Destined to Meet,3.57,314,"Young Adult, LGBT, Romance",https://www.goodreads.com/book/show/33503607.0
198135899.0,Marley's Pride,4.24,32,"Picture Books, LGBT, Childrens",https://www.goodreads.com/book/show/198135899.0
39020047.0,Masculinity in the Twenty-First Century,0.00,120,,https://www.goodreads.com/book/show/39020047.0
24612624.0,Melissa,4.09,208,"Middle Grade, Realistic Fiction, LGBT",https://www.goodreads.com/book/show/24612624.0
53180089.0,Meet Cute Diary,3.23,391,"Young Adult, LGBT, Romance",https://www.goodreads.com/book/show/53180089.0
46002342.0,"Me and White Supremacy: Combat Racism, Change the World, and Become a Good Ancestor",4.33,238,"Self Help, Anti Racist, Social Justice",https://www.goodreads.com/book/show/46002342.0
37969738.0,Modern HERstory: Stories of Women and Nonbinary People Rewriting History,4.23,208,"LGBT, Biography, Feminism",https://www.goodreads.com/book/show/37969738.0
89190347.0,Study Guide: More Happy Than Not by Adam Silvera,0.00,78,,https://www.goodreads.com/book/show/89190347.0
18406836.0,Morris Micklewhite and the Tangerine Dress,4.15,32,"Realistic Fiction, Picture Books, LGBT",https://www.goodreads.com/book/show/18406836.0
45915129.0,"Middle School's a Drag, You Better Werk",3.94,304,"Humor, Middle Grade, Realistic Fiction",https://www.goodreads.com/book/show/45915129.0
59531126.0,Molly's Tuxedo,4.49,40,"Picture Books, LGBT, Childrens",https://www.goodreads.com/book/show/59531126.0
44774415.0,Mooncakes,3.81,243,"Fantasy, Graphic Novels, LGBT",https://www.goodreads.com/book/show/44774415.0
53054699.0,My Dad Thinks I’m a Boy?!: A Trans Positive Children's Book,3.97,48,"Picture Books, LGBT, Childrens",https://www.goodreads.com/book/show/53054699.0
216470393.0,Most Ardently: A Pride & Prejudice Remix,3.93,320,"Retellings, LGBT, Romance",https://www.goodreads.com/book/show/216470393.0
43271383.0,My Maddy,4.24,32,"Picture Books, LGBT, Childrens",https://www.goodreads.com/book/show/43271383.0
50977601.0,My Rainbow,4.27,32,"Picture Books, LGBT, Childrens",https://www.goodreads.com/book/show/50977601.0
57796263.0,My Own Way: Celebrating Gender Freedom for Kids,4.28,40,"Picture Books, LGBT, Childrens",https://www.goodreads.com/book/show/57796263.0
57094999.0,"My Sister, Daisy",4.32,34,"Picture Books, LGBT, Childrens",https://www.goodreads.com/book/show/57094999.0
41550208.0,"Navigating Intersectionality: How Race, Class, and Gender Overlap",4.33,80,,https://www.goodreads.com/book/show/41550208.0
54557593.0,My Shadow is Pink,4.59,17,"Picture Books, LGBT, Childrens",https://www.goodreads.com/book/show/54557593.0
9436049.0,My Princess Boy,3.83,32,"Banned Books, Picture Books, LGBT",https://www.goodreads.com/book/show/9436049.0
61285758.0,Nick and Charlie: A Heartstopper Novella,4.13,153,"Young Adult, LGBT, Romance",https://www.goodreads.com/book/show/61285758.0
61264915.0,No One Left but You,3.75,288,"LGBT, Mystery, Horror",https://www.goodreads.com/book/show/61264915.0
3302187.0,"No Girls Allowed: Tales of Daring Women Dressed as Men for Love, Freedom and Adventure",3.39,80,"Graphic Novels, Biography, Comics",https://www.goodreads.com/book/show/3302187.0
49113806.0,Nothing Ever Happens Here,4.03,288,"Middle Grade, LGBT, Transgender",https://www.goodreads.com/book/show/49113806.0
63005211.0,"Not He or She, I'm Me",3.83,32,"Juvenile, Picture Books, LGBT",https://www.goodreads.com/book/show/63005211.0
39979639.0,Not My Idea: A Book About Whiteness,4.00,64,"Juvenile, Picture Books, Childrens",https://www.goodreads.com/book/show/39979639.0
130245608.0,None of the Above by I. W. Gregorio (7-Apr-2015) Hardcover,2.50,N/A,,https://www.goodreads.com/book/show/130245608.0
124932722.0,"Okay, Cupid",3.68,320,"Fantasy, Young Adult, LGBT",https://www.goodreads.com/book/show/124932722.0
56905088.0,Obie Is Man Enough,4.41,338,"Middle Grade, Young Adult, LGBT",https://www.goodreads.com/book/show/56905088.0
36373824.0,"Lumberjanes, Vol. 9: On a Roll",4.07,111,"Fantasy, Middle Grade, Graphic Novels",https://www.goodreads.com/book/show/36373824.0
15830186.0,OMG Queer: Short Stories by Queer Youth,3.47,240,"Lesbian, LGBT, Romance",https://www.goodreads.com/book/show/15830186.0
28217813.0,One Half from the East,3.98,277,"Middle Grade, Realistic Fiction, Fiction",https://www.goodreads.com/book/show/28217813.0
176443877.0,Otherworldly,3.90,343,"Fantasy, LGBT, Romance",https://www.goodreads.com/book/show/176443877.0
38515006.0,"Other, Please Specify: Queer Methods in Sociology",4.45,352,"Sociology, Nonfiction, LGBT",https://www.goodreads.com/book/show/38515006.0
127305671.0,Out of Blue Comes Green,4.10,352,"Young Adult, LGBT, Romance",https://www.goodreads.com/book/show/127305671.0
61273105.0,One True Wish,3.66,240,"Fantasy, Middle Grade, LGBT",https://www.goodreads.com/book/show/61273105.0
60473073.0,Pageboy,3.73,271,"LGBT, Biography, Memoir",https://www.goodreads.com/book/show/60473073.0
212612592.0,Parrotfish by Ellen Wittlinger,0.00,N/A,,https://www.goodreads.com/book/show/212612592.0
88744212.0,Study Guide: Pet by Akwaeke Emezi,1.00,40,,https://www.goodreads.com/book/show/88744212.0
50158117.0,Out!: How to Be Your Authentic Self,4.35,224,"Self Help, LGBT, Gay",https://www.goodreads.com/book/show/50158117.0
50362917.0,Peanut Goes for the Gold,4.20,32,"Picture Books, LGBT, Childrens",https://www.goodreads.com/book/show/50362917.0
62701049.0,Payden's Pronoun Party,3.89,32,"Picture Books, LGBT, Childrens",https://www.goodreads.com/book/show/62701049.0
57559367.0,"Pink, Blue, and You!: Questions for Kids about Gender Stereotypes",4.36,40,"Picture Books, LGBT, Childrens",https://www.goodreads.com/book/show/57559367.0
61641886.0,Phoenix Gets Greater,4.01,24,"Picture Books, LGBT, Childrens",https://www.goodreads.com/book/show/61641886.0
38355196.0,Phoenix Goes to School: A Story to Support Transgender and Gender Diverse Children,4.18,40,"Picture Books, LGBT, School",https://www.goodreads.com/book/show/38355196.0
52437945.0,Privilege in America,0.00,200,,https://www.goodreads.com/book/show/52437945.0
44323385.0,"Puberty is Gross, But Also Really Awesome",4.27,192,"Banned Books, Middle Grade, Childrens",https://www.goodreads.com/book/show/44323385.0
26586443.0,Pride: Celebrating Diversity & Community,4.13,120,"Middle Grade, LGBT, Childrens",https://www.goodreads.com/book/show/26586443.0
78027622.0,Prejudice: A Young Activist's Guide,0.00,48,,https://www.goodreads.com/book/show/78027622.0
57472172.0,Queer as All Get Out: 10 People Who've Inspired Me,4.35,192,"Graphic Novels, LGBT, Biography",https://www.goodreads.com/book/show/57472172.0
51137890.0,Pride: The Celebration and the Struggle,4.56,168,"History, Nonfiction, LGBT",https://www.goodreads.com/book/show/51137890.0
35046241.0,"Queer, There and Everywhere: 23 People Who Changed the World",4.13,262,"LGBT, Biography, Historical",https://www.goodreads.com/book/show/35046241.0
44496093.0,Queer: The Ultimate LGBTQ Guide for Teens,3.77,208,"Banned Books, Self Help, LGBT",https://www.goodreads.com/book/show/44496093.0
49770398.0,Queerfully and Wonderfully Made: A Guide for LGBTQ+ Christian Teens,4.16,260,"Religion, LGBT, Christian",https://www.goodreads.com/book/show/49770398.0
13196.0,Quiver,3.54,177,"Fantasy, Retellings, Mythology",https://www.goodreads.com/book/show/13196.0
61738096.0,Racial Bias: Is Change Possible?,3.33,64,,https://www.goodreads.com/book/show/61738096.0
62802768.0,She Persisted: Rachel Levine,3.59,96,Nonfiction,https://www.goodreads.com/book/show/62802768.0
59342979.0,Rabbit Chase,3.69,120,"Fantasy, Middle Grade, Graphic Novels",https://www.goodreads.com/book/show/59342979.0
50273355.0,Racial Discrimination,0.00,80,,https://www.goodreads.com/book/show/50273355.0
50723621.0,Rainbow Village: A Story to Help Children Celebrate Diversity,3.89,48,"Picture Books, Childrens",https://www.goodreads.com/book/show/50723621.0
60201292.0,Colonization of Hawai'i,4.61,32,"Nonfiction, Childrens",https://www.goodreads.com/book/show/60201292.0
34481879.0,Racism in America: A Long History of Hate,5.00,112,,https://www.goodreads.com/book/show/34481879.0
35107003.0,Racial Profiling: Everyday Inequality,4.08,193,Nonfiction,https://www.goodreads.com/book/show/35107003.0
52696907.0,Rainbow Revolutionaries: Fifty LGBTQ+ People Who Made History,4.23,128,"Middle Grade, LGBT, Biography",https://www.goodreads.com/book/show/52696907.0
218907514.0,Raise the Stakes (Contest) by Megan Atwood,0.00,N/A,,https://www.goodreads.com/book/show/218907514.0
44660928.0,Rick,4.06,240,"Middle Grade, Realistic Fiction, LGBT",https://www.goodreads.com/book/show/44660928.0
20759533.0,Rethinking Normal: A Memoir in Transition,3.80,272,"LGBT, Biography, Transgender",https://www.goodreads.com/book/show/20759533.0
18185245.0,Rourke Educational Media Respecting Diversity Reader,4.00,24,,https://www.goodreads.com/book/show/18185245.0
60403195.0,Riley Reynolds Crushes Costume Day,4.09,64,"Realistic Fiction, LGBT, School",https://www.goodreads.com/book/show/60403195.0
40274696.0,Real Queer America: LGBT Stories from Red States,4.07,269,"Travel, LGBT, Memoir",https://www.goodreads.com/book/show/40274696.0
52751385.0,Rise Up!: How You Can Join the Fight Against White Supremacy,4.06,288,"Banned Books, Anti Racist, Social Justice",https://www.goodreads.com/book/show/52751385.0
70876231.0,Ryan and Avery,3.85,320,"LGBT, Romance, Fiction",https://www.goodreads.com/book/show/70876231.0
41717765.0,Queer Heroes: Meet 53 LGBTQ Heroes From Past and Present!,4.09,64,"Middle Grade, LGBT, Biography",https://www.goodreads.com/book/show/41717765.0
60480462.0,RuPaul,4.22,34,"Juvenile, Picture Books, Childrens",https://www.goodreads.com/book/show/60480462.0
30148550.0,Safe Is Not Enough: Better Schools for LGBTQ Students,4.25,232,"LGBT, Book Club, Social Justice",https://www.goodreads.com/book/show/30148550.0
52751335.0,Sasha Masha,3.83,256,"Young Adult, LGBT, Romance",https://www.goodreads.com/book/show/52751335.0
60674368.0,Saint Juniper's Folly,3.80,304,"Fantasy, LGBT, Mystery",https://www.goodreads.com/book/show/60674368.0
43885853.0,Seeing Gender: An Illustrated Guide to Identity and Expression,4.29,208,"Graphic Novels, LGBT, Transgender",https://www.goodreads.com/book/show/43885853.0
124826306.0,"SUMMARY Review & Analysis of Say the Right Thing:: How to Talk About Identity, Diversity, and Justice By Kenji Yoshino and David Glasgow",0.00,48,,https://www.goodreads.com/book/show/124826306.0
59251247.0,Self-Made Boys: A Great Gatsby Remix,4.05,336,"Retellings, LGBT, Romance",https://www.goodreads.com/book/show/59251247.0
49182147.0,She's My Dad!: A Story for Children Who Have a Transgender Parent or Relative,4.12,40,"Picture Books, LGBT, Childrens",https://www.goodreads.com/book/show/49182147.0
36085961.0,"She/He/They/Me: For the Sisters, Misters, and Binary Resisters",3.40,320,"Psychology, LGBT, Transgender",https://www.goodreads.com/book/show/36085961.0
51113268.0,She/He/They/Them: Understanding Gender Identity,3.82,64,"Gender, Nonfiction, LGBT",https://www.goodreads.com/book/show/51113268.0
56642204.0,Sink or Swim,3.62,95,"Adventure, LGBT, Transgender",https://www.goodreads.com/book/show/56642204.0
30312555.0,"Lumberjanes, Vol. 6: Sink or Swim",4.11,112,"Fantasy, Graphic Novels, LGBT",https://www.goodreads.com/book/show/30312555.0
61484911.0,Skating on Mars,4.33,224,"Middle Grade, LGBT, Transgender",https://www.goodreads.com/book/show/61484911.0
55655084.0,Skate for Your Life,4.15,64,"LGBT, Transgender, Sports",https://www.goodreads.com/book/show/55655084.0
203836131.0,Study Guide: Snapdragon by Kat Leyh,0.00,N/A,,https://www.goodreads.com/book/show/203836131.0
22889878.0,"Sex Is a Funny Word: A Book about Bodies, Feelings, and YOU",4.45,160,"Banned Books, Middle Grade, Graphic Novels",https://www.goodreads.com/book/show/22889878.0
55247102.0,Summary of So You Want to Talk About Race By Ijeoma Oluo : An examination of the complex system of racism in the United States,4.00,N/A,"History, The Americas, Audiobook",https://www.goodreads.com/book/show/55247102.0
40984365.0,Sissy: A Coming-of-Gender Story,4.06,319,"LGBT, Biography, Memoir",https://www.goodreads.com/book/show/40984365.0
37953987.0,Something Happened in Our Town: A Child's Story about Racial Injustice,4.22,40,"Banned Books, Picture Books, Childrens",https://www.goodreads.com/book/show/37953987.0
42353772.0,Some Girls Bind,3.79,192,"Young Adult, Realistic Fiction, LGBT",https://www.goodreads.com/book/show/42353772.0
41139667.0,Something Like Gravity,3.66,391,"Young Adult, LGBT, Romance",https://www.goodreads.com/book/show/41139667.0
33113622.0,Sparkle Boy,4.13,32,"Banned Books, Realistic Fiction, Picture Books",https://www.goodreads.com/book/show/33113622.0
43334239.0,Stage Dreams,3.85,104,"Graphic Novels, LGBT, Comics",https://www.goodreads.com/book/show/43334239.0
32565582.0,Sovereign,4.27,315,"Science Fiction, Fantasy, Superheroes",https://www.goodreads.com/book/show/32565582.0
55922188.0,"Stamped (For Kids): Racism, Antiracism, and You",4.40,N/A,"Banned Books, Middle Grade, Childrens",https://www.goodreads.com/book/show/55922188.0
21470740.0,Speaking OUT: Queer Youth in Focus,3.49,128,"Nonfiction, Teen, Memoir",https://www.goodreads.com/book/show/21470740.0
52751339.0,Spin with Me,3.75,224,"Middle Grade, Realistic Fiction, LGBT",https://www.goodreads.com/book/show/52751339.0
198563668.0,Stamped from the Beginning: A Graphic History of Racist Ideas in America,4.36,288,"Graphic Novels, Comics, Historical",https://www.goodreads.com/book/show/198563668.0
20759526.0,Some Assembly Required: The Not-So-Secret Life of a Transgender Teen,3.94,256,"LGBT, Biography, Transgender",https://www.goodreads.com/book/show/20759526.0
55308565.0,"Study Guide: Stamped: Racism, Antiracism, and You by Jason Reynolds and Ibram X. Kendi",3.00,93,,https://www.goodreads.com/book/show/55308565.0
123264668.0,Stand Up and Speak Out Against Racism,4.06,128,"Social Justice, Nonfiction, Middle Grade",https://www.goodreads.com/book/show/123264668.0
60758304.0,Stars in Their Eyes: A Graphic Novel,3.92,224,"Graphic Novels, LGBT, Romance",https://www.goodreads.com/book/show/60758304.0
118864023.0,"Stay Up: Racism, Resistance, and Reclaiming Black Freedom",4.61,296,"Social Justice, Nonfiction",https://www.goodreads.com/book/show/118864023.0
45306326.0,Stay Gold,3.84,361,"Young Adult, LGBT, Romance",https://www.goodreads.com/book/show/45306326.0
25898216.0,Stamped from the Beginning: The Definitive History of Racist Ideas in America,4.53,592,"Anti Racist, Social Justice, Politics",https://www.goodreads.com/book/show/25898216.0
234106795.0,"Stonewall: Breaking Out in the Fight for Gay Rights by Ann Bausum (June 1, 2015) Hardcover",0.00,N/A,,https://www.goodreads.com/book/show/234106795.0
28385057.0,LGBTQ+ Athletes Claim the Field: Striving for Equality,3.74,104,"Banned Books, LGBT, Transgender",https://www.goodreads.com/book/show/28385057.0
42261227.0,"Tell Me Who You Are: Sharing Our Stories of Race, Culture, & Identity",4.16,400,"Sociology, Essays, Anti Racist",https://www.goodreads.com/book/show/42261227.0
783127.0,The 7 Habits of Highly Effective Teens: The Ultimate Teenage Success Guide,4.05,268,"Psychology, Self Help, School",https://www.goodreads.com/book/show/783127.0
63003028.0,Study Guide: Symptoms of Being Human by Jeff Garvin,0.00,50,,https://www.goodreads.com/book/show/63003028.0
36374395.0,Super Late Bloomer: My Early Days in Transition,4.26,160,"Graphic Novels, LGBT, Transgender",https://www.goodreads.com/book/show/36374395.0
55200704.0,The [Un]Popular Vote,3.96,416,"Young Adult, LGBT, Romance",https://www.goodreads.com/book/show/55200704.0
35656180.0,The 57 Bus: A True Story of Two Teenagers and the Crime That Changed Their Lives,4.09,317,"True Crime, LGBT, Queer",https://www.goodreads.com/book/show/35656180.0
125870579.0,The Antiracist Kitchen: 21 Stories,4.44,160,"Cookbooks, Middle Grade, Juvenile",https://www.goodreads.com/book/show/125870579.0
58311998.0,"The Antiracist Kid: A Book About Identity, Justice, and Activism",3.83,128,"Middle Grade, Childrens, Social Justice",https://www.goodreads.com/book/show/58311998.0
25528808.0,That Inevitable Victorian Thing,3.20,330,"Science Fiction, Fantasy, LGBT",https://www.goodreads.com/book/show/25528808.0
23058402.0,The Art of Being Normal,3.90,353,"Young Adult, LGBT, Transgender",https://www.goodreads.com/book/show/23058402.0
48589165.0,The Black Friend: On Being a Better White Person,4.46,272,"Self Help, Anti Racist, Social Justice",https://www.goodreads.com/book/show/48589165.0
61780017.0,The Beautiful Something Else,4.46,288,"Middle Grade, Young Adult, LGBT",https://www.goodreads.com/book/show/61780017.0
63428315.0,The Book of Radical Answers: Real Questions from Real Kids Just Like You,4.37,286,"Nonfiction, Parenting, Middle Grade",https://www.goodreads.com/book/show/63428315.0
45445557.0,The Deep & Dark Blue,4.22,256,"Fantasy, Middle Grade, Graphic Novels",https://www.goodreads.com/book/show/45445557.0
52057434.0,DeadEndia: The Broken Halo,4.36,240,"Fantasy, Graphic Novels, LGBT",https://www.goodreads.com/book/show/52057434.0
25924602.0,Summary & Study Guide The Divide: American Injustice in the Age of the Wealth Gap by Matt Taibbi,3.50,95,,https://www.goodreads.com/book/show/25924602.0
37650632.0,The Bride Was a Boy,4.18,158,"Graphic Novels, Manga, LGBT",https://www.goodreads.com/book/show/37650632.0
157981726.0,The Diablo's Curse,4.17,400,"Fantasy, LGBT, Romance",https://www.goodreads.com/book/show/157981726.0
40752655.0,The Fight for LGBTQ+ Rights,3.50,112,,https://www.goodreads.com/book/show/40752655.0
58275991.0,The Best Liars in Riverview,4.22,336,"Middle Grade, Mystery, LGBT",https://www.goodreads.com/book/show/58275991.0
59251246.0,The Dog Knight,4.16,224,"Fantasy, Middle Grade, Graphic Novels",https://www.goodreads.com/book/show/59251246.0
200241426.0,DeadEndia: The Divine Order,4.62,256,"Fantasy, Graphic Novels, LGBT",https://www.goodreads.com/book/show/200241426.0
58719208.0,The Feeling of Falling in Love,3.75,343,"Young Adult, LGBT, Romance",https://www.goodreads.com/book/show/58719208.0
36623892.0,The Gender Identity Workbook for Kids: A Guide to Exploring Who You Are,4.43,178,"LGBT, Childrens, Gender",https://www.goodreads.com/book/show/36623892.0
23845906.0,The Gender Quest Workbook: A Guide for Teens and Young Adults Exploring Gender Identity,4.22,168,"Psychology, LGBT, Gender",https://www.goodreads.com/book/show/23845906.0
40952627.0,The Gay Rights Movement,3.64,32,"Nonfiction, LGBT",https://www.goodreads.com/book/show/40952627.0
122110681.0,The Gender Binary Is a Big Lie: Infinite Identities around the World,3.56,312,"LGBT, History, Nonfiction",https://www.goodreads.com/book/show/122110681.0
51299034.0,The Greatest Superpower,3.69,352,"Middle Grade, LGBT, School",https://www.goodreads.com/book/show/51299034.0
59694078.0,The Heartstopper Yearbook,4.37,154,"Graphic Novels, LGBT, Romance",https://www.goodreads.com/book/show/59694078.0
58874675.0,The Honeys,3.79,344,"Mystery, LGBT, Horror",https://www.goodreads.com/book/show/58874675.0
61237023.0,The House That Whispers,4.04,336,"Middle Grade, Mystery, LGBT",https://www.goodreads.com/book/show/61237023.0
50638209.0,The Heartbreak Bakery,3.95,352,"Fantasy, LGBT, Romance",https://www.goodreads.com/book/show/50638209.0
40248788.0,The Lgbt Rights Movement,1.00,N/A,,https://www.goodreads.com/book/show/40248788.0
29633900.0,The Kilroys' List: 97 Monologues and Scenes by Female and Trans Playwrights,4.32,288,"Plays, Theatre",https://www.goodreads.com/book/show/29633900.0
20660054.0,The New Jim Crow: Mass Incarceration in the Age of Colorblindness By Michelle Alexander Study Guide,4.39,75,Nonfiction,https://www.goodreads.com/book/show/20660054.0
51794273.0,The New Queer Conscience,4.18,64,"LGBT, Essays, Social Justice",https://www.goodreads.com/book/show/51794273.0
49434060.0,The Many Half-Lived Lives of Sam Sylvester,4.15,352,"LGBT, Mystery, Transgender",https://www.goodreads.com/book/show/49434060.0
12843717.0,The Letter Q: Queer Writers' Notes to their Younger Selves,3.92,281,"LGBT, Essays, Memoir",https://www.goodreads.com/book/show/12843717.0
65215725.0,The Otherwoods,3.85,288,"Fantasy, Middle Grade, LGBT",https://www.goodreads.com/book/show/65215725.0
58739417.0,The One Who Loves You the Most,3.87,256,"Middle Grade, Realistic Fiction, LGBT",https://www.goodreads.com/book/show/58739417.0
55710959.0,The Other Talk: Reckoning with Our White Privilege,4.34,272,"Middle Grade, Anti Racist, Social Justice",https://www.goodreads.com/book/show/55710959.0
30095473.0,The Pants Project,4.08,272,"Middle Grade, Realistic Fiction, LGBT",https://www.goodreads.com/book/show/30095473.0
240507838.0,"The Passing Playbook, by Isaac Fitzsimons",0.00,N/A,,https://www.goodreads.com/book/show/240507838.0
207909664.0,Study Guide: The Prince and the Dressmaker by Jen Wang,0.00,74,,https://www.goodreads.com/book/show/207909664.0
55962377.0,The One True Me and You,4.07,272,"Lesbian, Young Adult, LGBT",https://www.goodreads.com/book/show/55962377.0
37512979.0,The Pride Guide: A Guide to Sexual and Social Health for LGBTQ Youth,4.06,363,"Banned Books, LGBT, Sexuality",https://www.goodreads.com/book/show/37512979.0
122223436.0,The Science of Identity,4.50,160,,https://www.goodreads.com/book/show/122223436.0
123204569.0,The Queer Girl is Going to Be Okay,3.71,272,"Lesbian, Young Adult, LGBT",https://www.goodreads.com/book/show/123204569.0
58290943.0,The Racial Justice Movement,5.00,32,,https://www.goodreads.com/book/show/58290943.0
42393479.0,The Ship We Built,4.22,287,"Middle Grade, LGBT, Transgender",https://www.goodreads.com/book/show/42393479.0
24878419.0,The Sociology Book: Big Ideas Simply Explained,4.01,352,"Psychology, Philosophy, Reference",https://www.goodreads.com/book/show/24878419.0
44667183.0,"The Madness of Crowds: Gender, Race and Identity",4.20,293,"Psychology, Cultural, Sociology",https://www.goodreads.com/book/show/44667183.0
58484176.0,The Stonewall Riots: Making a Stand for LGBTQ Rights,3.63,128,"Middle Grade, Graphic Novels, LGBT",https://www.goodreads.com/book/show/58484176.0
55878999.0,The Sunbearer Trials,4.27,352,"Fantasy, LGBT, Mythology",https://www.goodreads.com/book/show/55878999.0
32278681.0,The Stonewall Riots: The Fight for LGBT Rights,3.72,112,"History, Queer",https://www.goodreads.com/book/show/32278681.0
202773006.0,The Ribbon Skirt: A Graphic Novel,3.82,192,"Middle Grade, Graphic Novels, LGBT",https://www.goodreads.com/book/show/202773006.0
89144437.0,The Spirit Bares Its Teeth,4.45,399,"Fantasy, LGBT, Horror",https://www.goodreads.com/book/show/89144437.0
51457308.0,"The Talk: Conversations about Race, Love & Truth",4.47,148,"Middle Grade, Anti Racist, Race",https://www.goodreads.com/book/show/51457308.0
58772772.0,The Third Person,4.13,920,"Graphic Novels, LGBT, Mental Health",https://www.goodreads.com/book/show/58772772.0
59365361.0,The Transgender Child: Revised & Updated Edition: A Handbook for Parents and Professionals Supporting Transgender and Nonbinary Children,4.28,408,"Psychology, LGBT, Transgender",https://www.goodreads.com/book/show/59365361.0
58066018.0,The Truth About White Lies,3.32,384,"High School, Young Adult, Realistic Fiction",https://www.goodreads.com/book/show/58066018.0
62306737.0,DeadEndia: The Watcher's Test,4.20,240,"Fantasy, Graphic Novels, LGBT",https://www.goodreads.com/book/show/62306737.0
28256305.0,The Transgender Teen: A Handbook for Parents and Professionals Supporting Transgender and Non-Binary Teens,4.32,355,"Self Help, LGBT, Transgender",https://www.goodreads.com/book/show/28256305.0
142425642.0,Study Guide: This Book is Gay by Juno Dawson,0.00,55,,https://www.goodreads.com/book/show/142425642.0
54558891.0,The Wicked Bargain,4.16,368,"Fantasy, LGBT, Pirates",https://www.goodreads.com/book/show/54558891.0
54823479.0,The Witch King,3.87,421,"Fantasy, LGBT, Romance",https://www.goodreads.com/book/show/54823479.0
18615267.0,This Day in June,4.17,40,"Banned Books, Picture Books, LGBT",https://www.goodreads.com/book/show/18615267.0
52742107.0,Things That Make White People Uncomfortable,4.13,240,"Sports, Social Justice, Teen",https://www.goodreads.com/book/show/52742107.0
48742482.0,Study Guide: This Is How It Always Is by Laurie Frankel,3.75,50,,https://www.goodreads.com/book/show/48742482.0
45730968.0,"This Book Is Anti-Racist: 20 Lessons on How to Wake Up, Take Action, and Do the Work",4.38,160,"Middle Grade, Anti Racist, Social Justice",https://www.goodreads.com/book/show/45730968.0
20256612.0,Tomboy: A Graphic Memoir,3.90,256,"Graphic Novels, Biography, Comics",https://www.goodreads.com/book/show/20256612.0
50713820.0,"This Is Our Rainbow: 16 Stories of Her, Him, Them, and Us",4.14,288,"Fantasy, Middle Grade, LGBT",https://www.goodreads.com/book/show/50713820.0
49088525.0,This Is Your Brain on Stereotypes: How Science Is Tackling Unconscious Bias,4.28,88,"Psychology, Middle Grade, Childrens",https://www.goodreads.com/book/show/49088525.0
58293370.0,Tiger Honor,3.92,256,"Science Fiction, Fantasy, Middle Grade",https://www.goodreads.com/book/show/58293370.0
35506451.0,"Tomorrow Will Be Different: Love, Loss, and the Fight for Trans Equality",4.45,272,"LGBT, Feminism, Politics",https://www.goodreads.com/book/show/35506451.0
40538775.0,"Lumberjanes, Vol. 11: Time After Crime",3.98,111,"Fantasy, Middle Grade, Graphic Novels",https://www.goodreads.com/book/show/40538775.0
39726471.0,Trans Teen Survival Guide,3.77,221,"Self Help, LGBT, Transgender",https://www.goodreads.com/book/show/39726471.0
204501310.0,Study Guide: Too Bright to See by Kyle Lukoff,0.00,59,,https://www.goodreads.com/book/show/204501310.0
44130829.0,"Trans+: Love, Sex, Romance, and Being You",4.19,304,"Psychology, LGBT, Sexuality",https://www.goodreads.com/book/show/44130829.0
34609406.0,Trans Mission: My Quest to a Beard,4.03,304,"LGBT, Biography, Transgender",https://www.goodreads.com/book/show/34609406.0
45141659.0,Transgender Activists and Celebrities,3.50,222,,https://www.goodreads.com/book/show/45141659.0
31494784.0,Transgender Role Models and Pioneers,3.83,64,"Transgender, Nonfiction, LGBT",https://www.goodreads.com/book/show/31494784.0
62047971.0,Transmogrify!: 14 Fantastical Tales of Trans Magic: An LGBTQ+ Young Adult Fantasy Anthology of Unforgettable Adventures,3.96,416,"Fantasy, LGBT, Transgender",https://www.goodreads.com/book/show/62047971.0
18554486.0,"Transgender Lives: Complex Stories, Complex Voices",3.65,88,"Queer Lit, LGBT, Sociology",https://www.goodreads.com/book/show/18554486.0
13410692.0,Transgender 101: A Simple Guide to a Complex Issue,3.92,160,"Psychology, LGBT, Transgender",https://www.goodreads.com/book/show/13410692.0
27788146.0,Transphobia: Deal with it and be a gender transcender,3.77,32,"Middle Grade, Picture Books, LGBT",https://www.goodreads.com/book/show/27788146.0
57896949.0,Study Guide: Uncomfortable Conversations with a Black Man by Emmanuel Acho,0.00,42,,https://www.goodreads.com/book/show/57896949.0
52746149.0,'Twas the Night Before Pride,4.31,32,"Picture Books, LGBT, Childrens",https://www.goodreads.com/book/show/52746149.0
54464604.0,Uncomfortable Conversations with a Black Boy,4.42,320,"Middle Grade, Childrens, Social Justice",https://www.goodreads.com/book/show/54464604.0
396826.0,"Transparent: Love, Family, and Living the T with Transgender Teenagers",3.98,318,"LGBT, Biography, Transgender",https://www.goodreads.com/book/show/396826.0
44331122.0,Understanding Gender,3.33,48,Young Adult,https://www.goodreads.com/book/show/44331122.0
58783431.0,Twelfth,3.99,368,"Middle Grade, Realistic Fiction, LGBT",https://www.goodreads.com/book/show/58783431.0
57927210.0,Understanding Gender Dysphoria,4.67,80,,https://www.goodreads.com/book/show/57927210.0
59148724.0,Under the Skin: The Hidden Toll of Racism on American Lives and on the Health of Our Nation,4.45,288,"Social Justice, Politics, History",https://www.goodreads.com/book/show/59148724.0
97176343.0,Understanding Gender Identity,3.00,64,,https://www.goodreads.com/book/show/97176343.0
54661258.0,Tryst Six Venom,3.82,589,"Lesbian, LGBT, Romance",https://www.goodreads.com/book/show/54661258.0
7829373.0,"Wandering Son, Vol. 1",3.97,210,"Manga, Graphic Novels, LGBT",https://www.goodreads.com/book/show/7829373.0
62792937.0,Upstaged,4.04,256,"Middle Grade, Realistic Fiction, Graphic Novels",https://www.goodreads.com/book/show/62792937.0
53205810.0,Victories Greater Than Death,3.49,288,"Science Fiction, Fantasy, LGBT",https://www.goodreads.com/book/show/53205810.0
10334446.0,"Wandering Son, Vol. 2",4.10,228,"Manga, Graphic Novels, LGBT",https://www.goodreads.com/book/show/10334446.0
14475511.0,"Wandering Son, Vol. 4",4.02,224,"Graphic Novels, Manga, LGBT",https://www.goodreads.com/book/show/14475511.0
16255257.0,"Wandering Son, Vol. 5",4.07,228,"Graphic Novels, Manga, LGBT",https://www.goodreads.com/book/show/16255257.0
17591962.0,"Wandering Son, Vol. 6",4.09,220,"Graphic Novels, Manga, LGBT",https://www.goodreads.com/book/show/17591962.0
51075429.0,We Are Here: Visionaries of Color Transforming the Art World,4.52,256,"Art, Nonfiction, LGBT",https://www.goodreads.com/book/show/51075429.0
18444228.0,"Wandering Son, Vol. 7",4.08,220,"Graphic Novels, Manga, LGBT",https://www.goodreads.com/book/show/18444228.0
33916061.0,We Were Eight Years in Power: An American Tragedy,4.38,367,"Essays, Social Justice, Politics",https://www.goodreads.com/book/show/33916061.0
51471660.0,Were I Not a Girl: The Inspiring and True Story of Dr. James Barry,3.79,40,"Picture Books, LGBT, Biography",https://www.goodreads.com/book/show/51471660.0
111672845.0,We Are Mayhem,4.08,309,"Young Adult, Realistic Fiction, LGBT",https://www.goodreads.com/book/show/111672845.0
55277084.0,What Are Your Words?: A Book About Pronouns,4.14,40,"Picture Books, LGBT, Childrens",https://www.goodreads.com/book/show/55277084.0
198373753.0,"What Causes Sexual Orientation?: Genetics, Biology, Psychology by Bill Palmer",0.00,N/A,,https://www.goodreads.com/book/show/198373753.0
55261878.0,What Is White Privilege?,3.83,32,,https://www.goodreads.com/book/show/55261878.0
57866023.0,What Is Black Lives Matter?,4.08,56,"Middle Grade, Childrens, Historical",https://www.goodreads.com/book/show/57866023.0
41160244.0,What Makes You Beautiful,3.22,168,"Young Adult, LGBT, Transgender",https://www.goodreads.com/book/show/41160244.0
35380468.0,What Riley Wore,4.21,40,"Picture Books, LGBT, Gender Identity",https://www.goodreads.com/book/show/35380468.0
50092341.0,What's Gender Identity?,3.33,24,"Banned Books, Nonfiction",https://www.goodreads.com/book/show/50092341.0
40645670.0,What Was Stonewall?,4.22,112,"Middle Grade, LGBT, Childrens",https://www.goodreads.com/book/show/40645670.0
60383239.0,What's the T? The Guide to All Things Trans and/or Nonbinary,4.32,226,"Self Help, LGBT, Transgender",https://www.goodreads.com/book/show/60383239.0
61425823.0,What We See: Women & Nonbinary Perspectives Through the Lens,4.52,224,"Nonfiction, Queer, Photography",https://www.goodreads.com/book/show/61425823.0
60674552.0,What's Your Name?,3.85,32,"Cultural, Picture Books, Childrens",https://www.goodreads.com/book/show/60674552.0
41093493.0,What's Diversity?,4.67,24,,https://www.goodreads.com/book/show/41093493.0
39987021.0,When Aidan Became A Brother,4.52,32,"Realistic Fiction, Picture Books, LGBT",https://www.goodreads.com/book/show/39987021.0
38232346.0,We Are Not Yet Equal: Understanding Our Racial Divide,4.40,270,"Anti Racist, Social Justice, Social Issues",https://www.goodreads.com/book/show/38232346.0
55261882.0,What Does It Mean to Defund the Police?,3.40,32,Nonfiction,https://www.goodreads.com/book/show/55261882.0
34964998.0,When They Call You a Terrorist: A Black Lives Matter Memoir,4.49,257,"Anti Racist, Social Justice, Memoir",https://www.goodreads.com/book/show/34964998.0
48570188.0,Summary of White Fragility: Why It's so Hard for White People to Talk About Racism By Robin DiAngelo and Michael Eric Dyson: Key Takeaways & Analysis Included,3.96,N/A,"Sociology, Nonfiction, Anti Racist",https://www.goodreads.com/book/show/48570188.0
28220826.0,When the Moon Was Ours,3.87,273,"Fantasy, Magical Realism, LGBT",https://www.goodreads.com/book/show/28220826.0
36989457.0,White Rage: The Unspoken Truth of our Racial Divide by Carol Anderson | Conversation Starters,4.80,N/A,,https://www.goodreads.com/book/show/36989457.0
34416769.0,When a Bully is President: Truth and Creativity for Oppressive Times,4.20,48,"Social Justice, Nonfiction, Picture Books",https://www.goodreads.com/book/show/34416769.0
58290408.0,With Honor and Integrity: Transgender Troops in Their Own Words,4.08,232,"Nonfiction, Military Fiction, LGBT",https://www.goodreads.com/book/show/58290408.0
49127395.0,When They Call You a Terrorist (Young Adult Edition): A Story of Black Lives Matter and the Power to Change the World,4.44,272,"LGBT, Social Justice, Memoir",https://www.goodreads.com/book/show/49127395.0
44280832.0,Woke: A Young Poet's Call to Justice,4.43,56,"Banned Books, Middle Grade, Picture Books",https://www.goodreads.com/book/show/44280832.0
58320935.0,You-ology: A Puberty Guide for EVERY Body,4.64,166,"Banned Books, Middle Grade, Childrens",https://www.goodreads.com/book/show/58320935.0
43212638.0,"You Do You: Figuring Out Your Body, Dating, and Sexuality",4.07,120,Nonfiction,https://www.goodreads.com/book/show/43212638.0
51858822.0,You Call This Democracy?: How to Fix Our Government and Deliver Power to the People,4.06,288,"Social Justice, Teen, Politics",https://www.goodreads.com/book/show/51858822.0
35639517.0,Your Rights as an LGBTQ+ Teen,3.71,65,Nonfiction,https://www.goodreads.com/book/show/35639517.0
111356876.0,Zoom in on Equality,0.00,24,,https://www.goodreads.com/book/show/111356876.0
19148801.0,Study Guide to The Absolutely True Diary of a Part-Time Indian by Sherman Alexie,3.82,24,,https://www.goodreads.com/book/show/19148801.0
17262459.0,"""You Can Tell Just By Looking"": And 20 Other Myths about LGBT Life and People",3.24,208,"LGBT, Bisexual, Gay",https://www.goodreads.com/book/show/17262459.0
117997.0,And Tango Makes Three,4.36,32,"Banned Books, Picture Books, LGBT",https://www.goodreads.com/book/show/117997.0
35431592.0,Zenobia July,4.11,320,"Middle Grade, Realistic Fiction, LGBT",https://www.goodreads.com/book/show/35431592.0
44280883.0,All Boys Aren’t Blue,4.18,304,"Banned Books, LGBT, Biography",https://www.goodreads.com/book/show/44280883.0
193578065.0,Study Guide: Flamer by Mike Curato,0.00,59,,https://www.goodreads.com/book/show/193578065.0
9378292.0,"How The García Girls Lost Their Accents, By Julia Alvarez: Teacher Guide",4.21,40,,https://www.goodreads.com/book/show/9378292.0
1092093.0,"101 Questions About Sex and Sexuality: With Answers for the Curious, the Cautious, and Confused",3.86,176,,https://www.goodreads.com/book/show/1092093.0
34547856.0,White Privilege,3.82,112,Nonfiction,https://www.goodreads.com/book/show/34547856.0
279642.0,"Annie's Baby: The Diary of Anonymous, A Pregnant Teenager",3.61,256,"Realistic Fiction, Fiction, Contemporary",https://www.goodreads.com/book/show/279642.0
4262568.0,Frequently Asked Questions About Dating: Teen Life,0.00,64,,https://www.goodreads.com/book/show/4262568.0
18166920.0,Beyond Magenta: Transgender and Nonbinary Teens Speak Out,3.80,182,"Banned Books, LGBT, Transgender",https://www.goodreads.com/book/show/18166920.0
31494782.0,Coming Out As Transgender,2.83,64,Nonfiction,https://www.goodreads.com/book/show/31494782.0
5166742.0,Homosexuality: Opposing Viewpoints,2.75,1,,https://www.goodreads.com/book/show/5166742.0
2855755.0,Interracial Relationships,4.00,109,,https://www.goodreads.com/book/show/2855755.0
3104847.0,Gay America: Struggle for Equality,4.04,160,"Adult, LGBT, Historical",https://www.goodreads.com/book/show/3104847.0
20446607.0,Gone Girl: by Gillian Flynn -- Review,4.13,30,"Fiction, Adult Fiction",https://www.goodreads.com/book/show/20446607.0
26483863.0,How Is Online Pornography Affecting Society?,0.00,96,,https://www.goodreads.com/book/show/26483863.0
12437190.0,Crank by Ellen Hopkins l Summary & Study Guide,4.60,N/A,,https://www.goodreads.com/book/show/12437190.0
18497598.0,LGBTQ Families: The Ultimate Teen Guide,4.60,209,"Banned Books, LGBT",https://www.goodreads.com/book/show/18497598.0
449550.0,Is It a Choice?: Answers to the Most Frequently Asked Questions about Gay & Lesbian People,3.77,258,"Psychology, Self Help, LGBT",https://www.goodreads.com/book/show/449550.0
6072267.0,Mixed Messages: Interpreting Body Image & Social Norms,0.00,112,,https://www.goodreads.com/book/show/6072267.0
38351370.0,Blended,4.15,308,"Middle Grade, Realistic Fiction, Fiction",https://www.goodreads.com/book/show/38351370.0
39848512.0,Odd One Out,3.67,320,"Young Adult, Realistic Fiction, LGBT",https://www.goodreads.com/book/show/39848512.0
16270330.0,Sexting,2.00,144,,https://www.goodreads.com/book/show/16270330.0
35046241.0,"Queer, There and Everywhere: 23 People Who Changed the World",4.13,262,"LGBT, Biography, Historical",https://www.goodreads.com/book/show/35046241.0
13160329.0,My Book of Life by Angel,3.92,256,"Realistic Fiction, Fiction, Contemporary",https://www.goodreads.com/book/show/13160329.0
17300403.0,Should Teens Have Access to Birth Control?,3.67,96,,https://www.goodreads.com/book/show/17300403.0
623142.0,Side by Side: On Having a Gay or Lesbian Sibling,3.75,154,LGBT,https://www.goodreads.com/book/show/623142.0
234106795.0,"Stonewall: Breaking Out in the Fight for Gay Rights by Ann Bausum (June 1, 2015) Hardcover",0.00,N/A,,https://www.goodreads.com/book/show/234106795.0
26095121.0,The Haters,3.41,352,"Banned Books, Humor, Young Adult",https://www.goodreads.com/book/show/26095121.0
218937288.0,Teenage Sex and Pregnancy (Compact Research Series) by Peggy J. Parks,0.00,N/A,,https://www.goodreads.com/book/show/218937288.0
32278681.0,The Stonewall Riots: The Fight for LGBT Rights,3.72,112,"History, Queer",https://www.goodreads.com/book/show/32278681.0
31368108.0,Summary of A Stolen Life: by Jaycee Dugard | Includes Analysis,3.25,23,,https://www.goodreads.com/book/show/31368108.0
27817864.0,Transgender Rights and Issues,2.93,112,,https://www.goodreads.com/book/show/27817864.0
34547856.0,White Privilege,3.82,112,Nonfiction,https://www.goodreads.com/book/show/34547856.0
200015938.0,What If Someone I Know Is Gay?: Answers to Questions About What It Means to Be Gay and Lesbian by Eric Marcus,0.00,N/A,,https://www.goodreads.com/book/show/200015938.0
28676.0,American Psycho,3.80,399,"Classics, Horror, Fiction",https://www.goodreads.com/book/show/28676.0
9221333.0,Cantarella Vol. 4,3.96,N/A,"Fantasy, Graphic Novels, Manga",https://www.goodreads.com/book/show/9221333.0
9221307.0,Cantarella Vol. 1,3.81,N/A,"Fantasy, Graphic Novels, Manga",https://www.goodreads.com/book/show/9221307.0
9221310.0,Cantarella Vol. 2,3.90,N/A,"Fantasy, Graphic Novels, Manga",https://www.goodreads.com/book/show/9221310.0
9221356.0,Cantarella Vol. 6,3.98,N/A,"Fantasy, Manga, Graphic Novels",https://www.goodreads.com/book/show/9221356.0
9221328.0,Cantarella Vol. 3,3.87,N/A,"Fantasy, Graphic Novels, Manga",https://www.goodreads.com/book/show/9221328.0
9221360.0,Cantarella Vol. 7,4.05,N/A,"Fantasy, Manga, Graphic Novels",https://www.goodreads.com/book/show/9221360.0
32446230.0,Ghost Houses,3.42,24,"Ghost Stories, Picture Books",https://www.goodreads.com/book/show/32446230.0
9221371.0,Cantarella Vol. 8,3.96,N/A,"Fantasy, Manga, Graphic Novels",https://www.goodreads.com/book/show/9221371.0
9221346.0,Cantarella Vol. 5,4.00,N/A,"Fantasy, Graphic Novels, Manga",https://www.goodreads.com/book/show/9221346.0
22889878.0,"Sex Is a Funny Word: A Book about Bodies, Feelings, and YOU",4.45,160,"Banned Books, Middle Grade, Graphic Novels",https://www.goodreads.com/book/show/22889878.0
13528307.0,"Soul Eater, Vol. 11",4.35,192,"Fantasy, Supernatural, Manga",https://www.goodreads.com/book/show/13528307.0
13528306.0,"Soul Eater, Vol. 10",4.35,192,"Fantasy, Supernatural, Manga",https://www.goodreads.com/book/show/13528306.0
15833473.0,"Soul Eater, Vol. 12",4.32,184,"Fantasy, Supernatural, Graphic Novels",https://www.goodreads.com/book/show/15833473.0
17182353.0,"Soul Eater, Vol. 14",4.34,208,"Fantasy, Manga, Action",https://www.goodreads.com/book/show/17182353.0
15833478.0,"Soul Eater, Vol. 13",4.35,192,"Fantasy, Graphic Novels, Manga",https://www.goodreads.com/book/show/15833478.0
8592673.0,"Soul Eater, Vol. 16",4.33,N/A,"Fantasy, Supernatural, Manga",https://www.goodreads.com/book/show/8592673.0
8592332.0,"Soul Eater, Vol. 15",4.38,N/A,"Fantasy, Graphic Novels, Manga",https://www.goodreads.com/book/show/8592332.0
216527892.0,Soul Eater: The Perfect Edition Manga Set (Vol. 1-17) by Atsushi Ohkubo,4.00,4576,,https://www.goodreads.com/book/show/216527892.0
6690996.0,"Soul Eater, Vol. 3",4.40,192,"Fantasy, Manga, Graphic Novels",https://www.goodreads.com/book/show/6690996.0
7620611.0,"Soul Eater, Vol. 5",4.41,192,"Fantasy, Graphic Novels, Manga",https://www.goodreads.com/book/show/7620611.0
7620605.0,"Soul Eater, Vol. 6",4.40,192,"Fantasy, Graphic Novels, Manga",https://www.goodreads.com/book/show/7620605.0
7620631.0,"Soul Eater, Vol. 4",4.40,208,"Fantasy, Manga, Graphic Novels",https://www.goodreads.com/book/show/7620631.0
11426640.0,"Soul Eater, Vol. 8",4.34,192,"Fantasy, Manga, Action",https://www.goodreads.com/book/show/11426640.0
6406018.0,"Soul Eater, Vol. 1",4.30,208,"Fantasy, Manga, Graphic Novels",https://www.goodreads.com/book/show/6406018.0
6448482.0,"Soul Eater, Vol. 2",4.43,196,"Fantasy, Supernatural, Manga",https://www.goodreads.com/book/show/6448482.0
9221379.0,Cantarella Vol. 9,3.97,N/A,"Fantasy, Graphic Novels, Manga",https://www.goodreads.com/book/show/9221379.0
7620598.0,"Soul Eater, Vol. 7",4.35,208,"Fantasy, Supernatural, Graphic Novels",https://www.goodreads.com/book/show/7620598.0
20412869.0,Study Guide: The Perks of Being a Wallflower by Stephen Chbosky,3.98,38,Fiction,https://www.goodreads.com/book/show/20412869.0
20423219.0,Summary & Study Guide Blankets by Craig Thompson,4.00,49,,https://www.goodreads.com/book/show/20423219.0
40190305.0,Like a Love Story,4.26,432,"LGBT, Romance, Fiction",https://www.goodreads.com/book/show/40190305.0
61803540.0,Summary Of Gender Queer: A Memoir By Maia Kobabe,4.00,N/A,,https://www.goodreads.com/book/show/61803540.0
60399629.0,We Survived the Holocaust: The Bluma and Felix Goldberg Story,4.21,156,"Graphic Novels, Graphic Novels Comics, Jewish",https://www.goodreads.com/book/show/60399629.0
26135825.0,Fun Home: A Family Tragicomic,4.07,232,"Graphic Novels, LGBT, Biography",https://www.goodreads.com/book/show/26135825.0
50659468.0,A Court of Mist and Fury,4.63,626,"Fantasy, Romance, Fiction",https://www.goodreads.com/book/show/50659468.0
53138095.0,A ​Court of Silver Flames,4.45,757,"Fantasy, Romance, Fiction",https://www.goodreads.com/book/show/53138095.0
50659467.0,A Court of Thorns and Roses,4.16,419,"Fantasy, Romance, Fiction",https://www.goodreads.com/book/show/50659467.0
50659471.0,A Court of Frost and Starlight,3.71,272,"Fantasy, EROTICA GENRE DEFINITION ACCORDING TO GOODREADS, Romance",https://www.goodreads.com/book/show/50659471.0
50659472.0,A Court of Wings and Ruin,4.46,699,"Fantasy, Romance, Fiction",https://www.goodreads.com/book/show/50659472.0
125001808.0,Study Guide: A Scatter Of Light by Malinda Lo,0.00,86,,https://www.goodreads.com/book/show/125001808.0
31368108.0,Summary of A Stolen Life: by Jaycee Dugard | Includes Analysis,3.25,23,,https://www.goodreads.com/book/show/31368108.0
44280883.0,All Boys Aren’t Blue,4.18,304,"Banned Books, LGBT, Biography",https://www.goodreads.com/book/show/44280883.0
30118.0,A Light in the Attic,4.37,176,"Humor, Classics, Childrens",https://www.goodreads.com/book/show/30118.0
25255576.0,Asking For It,4.00,346,"Young Adult, Realistic Fiction, Mental Health",https://www.goodreads.com/book/show/25255576.0
13531561.0,"Attack on Titan, Vol. 2",4.52,189,"Fantasy, Manga, Graphic Novels",https://www.goodreads.com/book/show/13531561.0
20423219.0,Summary & Study Guide Blankets by Craig Thompson,4.00,49,,https://www.goodreads.com/book/show/20423219.0
13528305.0,"Soul Eater, Vol. 9",4.37,208,"Fantasy, Graphic Novels, Manga",https://www.goodreads.com/book/show/13528305.0
52367.0,Batman: The Dark Knight Strikes Again,3.20,248,"Graphic Novels, Graphic Novels Comics, Dc Comics",https://www.goodreads.com/book/show/52367.0
14781525.0,"Blood Lad Omnibus, Vol. 1",4.12,362,"Fantasy, Comedy, Manga",https://www.goodreads.com/book/show/14781525.0
58163787.0,Boys I Know,3.37,352,"Young Adult, Realistic Fiction, Romance",https://www.goodreads.com/book/show/58163787.0
49909479.0,"A Clockwork Orange by Anthony Burgess (Book Analysis): Detailed Summary, Analysis and Reading Guide",4.50,27,,https://www.goodreads.com/book/show/49909479.0
10710392.0,Chopsticks,3.86,272,"Young Adult, Graphic Novels, Mystery",https://www.goodreads.com/book/show/10710392.0
40117423.0,I Am Billie Jean King,4.28,40,"Picture Books, LGBT, Biography",https://www.goodreads.com/book/show/40117423.0
27206527.0,Cherry,3.57,400,"Young Adult, Chick Lit, LGBT",https://www.goodreads.com/book/show/27206527.0
12437190.0,Crank by Ellen Hopkins l Summary & Study Guide,4.60,N/A,,https://www.goodreads.com/book/show/12437190.0
36260155.0,Damsel,3.30,320,"Fantasy, Retellings, Dragons",https://www.goodreads.com/book/show/36260155.0
1267078.0,"Dragon Ball, Vol. 2: Wish Upon a Dragon",4.42,192,"Fantasy, Adventure, Manga",https://www.goodreads.com/book/show/1267078.0
832171.0,Dr Xargle's Book of Earthlets,4.22,32,"Humor, Picture Books, Childrens",https://www.goodreads.com/book/show/832171.0
969275.0,"Dragon Ball, Vol. 1: The Monkey King",4.43,192,"Fantasy, Adventure, Manga",https://www.goodreads.com/book/show/969275.0
6323474.0,Beautiful,3.66,232,"Young Adult, Realistic Fiction, Romance",https://www.goodreads.com/book/show/6323474.0
140852578.0,DRAGONBALL 3IN1 TP VOL 02 (C: 1-0-1): 4-5-6 (Dragon Ball (3-In-1 Edition)) by Akira Toriyama (17-Sep-2013) Paperback,4.39,N/A,"Fantasy, Adventure, Manga",https://www.goodreads.com/book/show/140852578.0
140852578.0,DRAGONBALL 3IN1 TP VOL 02 (C: 1-0-1): 4-5-6 (Dragon Ball (3-In-1 Edition)) by Akira Toriyama (17-Sep-2013) Paperback,4.39,N/A,"Fantasy, Adventure, Manga",https://www.goodreads.com/book/show/140852578.0
16146052.0,"Dragon Ball (3-in-1 Edition), Vol. 2",4.39,576,"Fantasy, Adventure, Manga",https://www.goodreads.com/book/show/16146052.0
140852578.0,DRAGONBALL 3IN1 TP VOL 02 (C: 1-0-1): 4-5-6 (Dragon Ball (3-In-1 Edition)) by Akira Toriyama (17-Sep-2013) Paperback,4.39,N/A,"Fantasy, Adventure, Manga",https://www.goodreads.com/book/show/140852578.0
532238.0,Draw Me a Star,3.87,40,"Banned Books, Picture Books, Childrens",https://www.goodreads.com/book/show/532238.0
76713323.0,Empire of Storms,4.63,733,"Fantasy, Romance, Fiction",https://www.goodreads.com/book/show/76713323.0
1448248.0,"Dragon Ball, Vol. 7: General Blue and the Pirate Treasure",4.35,192,"Fantasy, Adventure, Humor",https://www.goodreads.com/book/show/1448248.0
1267082.0,"Dragon Ball, Vol. 8: Taopaipai and Master Karin",4.37,192,"Fantasy, Adventure, Manga",https://www.goodreads.com/book/show/1267082.0
193578065.0,Study Guide: Flamer by Mike Curato,0.00,59,,https://www.goodreads.com/book/show/193578065.0
1240370.0,Exit Here.,3.89,464,"Young Adult, Realistic Fiction, Addiction",https://www.goodreads.com/book/show/1240370.0
56330120.0,Dragon Ball Super Series Vol 1-9 Books Collection Set By Akira Toriyama,3.94,100,,https://www.goodreads.com/book/show/56330120.0
24707533.0,Summary & Study Guide Forever…by Judy Blume,2.75,39,,https://www.goodreads.com/book/show/24707533.0
36900021.0,"Everything, Everything / The Sun Is Also a Star",4.26,572,"Romance, Fiction, Young Adult",https://www.goodreads.com/book/show/36900021.0
211398170.0,Study Guide: Go Ask Alice by Beatrice Sparks,0.00,78,,https://www.goodreads.com/book/show/211398170.0
102897988.0,"Study Guide: Forgive Me, Leonard Peacock by Matthew Quick",0.00,70,,https://www.goodreads.com/book/show/102897988.0
61803540.0,Summary Of Gender Queer: A Memoir By Maia Kobabe,4.00,N/A,,https://www.goodreads.com/book/show/61803540.0
57911600.0,Hell Followed With Us,4.09,416,"Fantasy, LGBT, Horror",https://www.goodreads.com/book/show/57911600.0
49397758.0,Grown,4.24,384,"Young Adult, Mystery, Fiction",https://www.goodreads.com/book/show/49397758.0
31822503.0,Girls on the Verge,4.03,233,"Realistic Fiction, Fiction, Contemporary",https://www.goodreads.com/book/show/31822503.0
29010395.0,I Am Not Your Perfect Mexican Daughter,4.00,344,"Young Adult, Realistic Fiction, Latinx",https://www.goodreads.com/book/show/29010395.0
33098361.0,I Never,3.25,288,"Banned Books, Young Adult, Realistic Fiction",https://www.goodreads.com/book/show/33098361.0
37542448.0,Summary & Study Guide Identical by Ellen Hopkins,5.00,63,,https://www.goodreads.com/book/show/37542448.0
40132775.0,House of Sky and Breath,4.42,805,"Fantasy, Romance, Fiction",https://www.goodreads.com/book/show/40132775.0
214054811.0,Study Guide: In A Glass Grimmly by Adam Gidwitz,0.00,63,,https://www.goodreads.com/book/show/214054811.0
88894169.0,Study Guide: Juliet Takes a Breath by Gabby Rivera,3.00,44,,https://www.goodreads.com/book/show/88894169.0
95144.0,In the Night Kitchen,3.99,40,"Fantasy, Banned Books, Picture Books",https://www.goodreads.com/book/show/95144.0
146064.0,Jesus Land: A Memoir,3.97,384,"Religion, Biography, Memoir",https://www.goodreads.com/book/show/146064.0
51738.0,Just Listen,4.05,371,"Young Adult, Realistic Fiction, Chick Lit",https://www.goodreads.com/book/show/51738.0
76715522.0,Kingdom of Ash,4.71,984,"Fantasy, Romance, Fiction",https://www.goodreads.com/book/show/76715522.0
81071294.0,Study Guide: Last Night at the Telegraph Club by Malinda Lo,3.25,N/A,,https://www.goodreads.com/book/show/81071294.0
98024.0,Life Is Funny,3.83,272,"Banned Books, Realistic Fiction, Fiction",https://www.goodreads.com/book/show/98024.0
17456953.0,Lighter than My Shadow,4.40,509,"Mental Illness, Graphic Novels, Graphic Novels Comics",https://www.goodreads.com/book/show/17456953.0
40190305.0,Like a Love Story,4.26,432,"LGBT, Romance, Fiction",https://www.goodreads.com/book/show/40190305.0
39670893.0,ME and EARL and the Dying GIRL by Jesse Andrews: A Study Guide,2.67,37,,https://www.goodreads.com/book/show/39670893.0
16164271.0,"Locke & Key, Vol. 6: Alpha & Omega",4.48,192,"Fantasy, Graphic Novels, Graphic Novels Comics",https://www.goodreads.com/book/show/16164271.0
167148152.0,"InuYasha, Vol. 51 by Takahashi Rumiko",4.35,N/A,"Fantasy, Manga, Graphic Novels",https://www.goodreads.com/book/show/167148152.0
33566336.0,Milk and Honey by Rupi Kaur | Conversation Starters,3.84,67,,https://www.goodreads.com/book/show/33566336.0
13490570.0,"Locke & Key, Vol. 5: Clockworks",4.46,160,"Fantasy, Graphic Novels, Graphic Novels Comics",https://www.goodreads.com/book/show/13490570.0
204042.0,"Naruto, Vol. 1: Uzumaki Naruto",4.41,187,"Fantasy, Manga, Graphic Novels",https://www.goodreads.com/book/show/204042.0
17333322.0,Miss Peregrine's Home for Peculiar Children: The Graphic Novel,4.13,272,"Fantasy, Graphic Novels, Horror",https://www.goodreads.com/book/show/17333322.0
236407953.0,1000 Things You Should Know About Mammals by Steve Parker,0.00,N/A,,https://www.goodreads.com/book/show/236407953.0
29102903.0,Artemis: Wild Goddess of the Hunt,4.19,80,"Fantasy, Middle Grade, Graphic Novels",https://www.goodreads.com/book/show/29102903.0
38355061.0,People Kill People,3.87,431,"Banned Books, Young Adult, Realistic Fiction",https://www.goodreads.com/book/show/38355061.0
136990452.0,"Rumble by Hopkins, Ellen (August 26, 2014) Hardcover",4.05,N/A,"Young Adult, Realistic Fiction, LGBT",https://www.goodreads.com/book/show/136990452.0
45029681.0,"Normal People by Sally Rooney (Book Analysis): Detailed Summary, Analysis and Reading Guide",3.61,27,,https://www.goodreads.com/book/show/45029681.0
43721070.0,Red Hood,3.44,361,"Fantasy, Retellings, Fairy Tales",https://www.goodreads.com/book/show/43721070.0
7810126.0,"Precious: Based on the Novel ""Push"" by Sapphire",3.92,126,"Fiction, Audiobook",https://www.goodreads.com/book/show/7810126.0
8928054.0,Shine,3.82,350,"Young Adult, Realistic Fiction, Mystery",https://www.goodreads.com/book/show/8928054.0
40519259.0,Shout,4.24,304,"Mental Health, Contemporary, Feminism",https://www.goodreads.com/book/show/40519259.0
25256386.0,Out of Darkness,4.14,402,"Banned Books, Romance, Fiction",https://www.goodreads.com/book/show/25256386.0
160146150.0,Smoke by Ellen Hopkins (10-Sep-2013) Hardcover,4.33,N/A,"Young Adult, Realistic Fiction, Romance",https://www.goodreads.com/book/show/160146150.0
4981.0,Slaughterhouse-Five,4.10,275,"Science Fiction, Classics, Fiction",https://www.goodreads.com/book/show/4981.0
201114.0,Sold,4.24,268,"Banned Books, Realistic Fiction, Fiction",https://www.goodreads.com/book/show/201114.0
52295479.0,Squad,3.79,213,"Fantasy, Graphic Novels, LGBT",https://www.goodreads.com/book/show/52295479.0
19148801.0,Study Guide to The Absolutely True Diary of a Part-Time Indian by Sherman Alexie,3.82,24,,https://www.goodreads.com/book/show/19148801.0
55104213.0,"Solo Leveling, Vol. 1",4.42,313,"Fantasy, Graphic Novels, Manga",https://www.goodreads.com/book/show/55104213.0
35656180.0,The 57 Bus: A True Story of Two Teenagers and the Crime That Changed Their Lives,4.09,317,"True Crime, LGBT, Queer",https://www.goodreads.com/book/show/35656180.0
45294414.0,Study Guide: The Bluest Eye by Toni Morrison,3.50,56,,https://www.goodreads.com/book/show/45294414.0
24976555.0,Sidekick - The DUFF: (Designated Ugly Fat Friend) by Kody Keplinger,3.43,56,,https://www.goodreads.com/book/show/24976555.0
57678822.0,The Gentleman's Guide to Vice and Virtue & The Lady's Guide to Petticoats and Piracy By Mackenzi Lee 2 Books Collection Set,3.88,N/A,"Young Adult, LGBT, Historical Fiction",https://www.goodreads.com/book/show/57678822.0
40766383.0,The Handmaid's Tale: The Graphic Novel,4.22,240,"Science Fiction, Graphic Novels, Classics",https://www.goodreads.com/book/show/40766383.0
22571247.0,The Carnival at Bray,3.90,235,"Realistic Fiction, Romance, Fiction",https://www.goodreads.com/book/show/22571247.0
783291.0,The Almost Moon,2.73,295,"Adult, Fiction, Drama",https://www.goodreads.com/book/show/783291.0
34593573.0,The Handsome Girl & Her Beautiful Boy,3.59,420,"Young Adult, Realistic Fiction, LGBT",https://www.goodreads.com/book/show/34593573.0
51185847.0,The League of Super Feminists,4.08,60,"Bande Dessinée, Graphic Novels, LGBT",https://www.goodreads.com/book/show/51185847.0
21060082.0,Summary & Study Guide The Kite Runner by Khaled Hosseini,4.00,64,"Fiction, Contemporary",https://www.goodreads.com/book/show/21060082.0
1934870.0,The Little Black Book for Girlz: A Book on Healthy Sexuality,3.76,200,"Banned Books, Self Help, Sexuality",https://www.goodreads.com/book/show/1934870.0
26095121.0,The Haters,3.41,352,"Banned Books, Humor, Young Adult",https://www.goodreads.com/book/show/26095121.0
18667769.0,The Merciless,3.60,279,"Fantasy, Horror, Fiction",https://www.goodreads.com/book/show/18667769.0
20412869.0,Study Guide: The Perks of Being a Wallflower by Stephen Chbosky,3.98,38,Fiction,https://www.goodreads.com/book/show/20412869.0
3308859.0,The Way We Work: Getting to Know the Amazing Human Body,4.25,336,"Biology, Childrens, Reference",https://www.goodreads.com/book/show/3308859.0
27779274.0,The Nerdy and the Dirty,3.60,304,"Humor, Young Adult, Realistic Fiction",https://www.goodreads.com/book/show/27779274.0
35606560.0,The Sun and Her Flowers,4.08,256,"Adult, Romance, Mental Health",https://www.goodreads.com/book/show/35606560.0
24795284.0,Summary & Study Guide Thirteen Reasons Why by Jay Asher,3.88,52,,https://www.goodreads.com/book/show/24795284.0
30312837.0,The You I've Never Known,3.94,608,"Young Adult, Realistic Fiction, LGBT",https://www.goodreads.com/book/show/30312837.0
59816818.0,The Weight of Blood,4.19,416,"Retellings, Mystery, Horror",https://www.goodreads.com/book/show/59816818.0
36203673.0,This Is Kind of an Epic Love Story,3.37,304,"Young Adult, LGBT, Romance",https://www.goodreads.com/book/show/36203673.0
53241064.0,This Is Why They Hate Us,4.04,390,"Young Adult, LGBT, Romance",https://www.goodreads.com/book/show/53241064.0
10858119.0,Water for Elephants by Sara Gruen Summary & Study Guide,3.88,N/A,Fiction,https://www.goodreads.com/book/show/10858119.0
136640413.0,[(There's Going to be a Baby )] [Author: John Burningham] [Sep-2011],3.63,N/A,"Banned Books, Realistic Fiction, Picture Books",https://www.goodreads.com/book/show/136640413.0
5510384.0,Tricks,4.27,627,"Banned Books, Young Adult, Realistic Fiction",https://www.goodreads.com/book/show/5510384.0
76714487.0,Tower of Dawn,4.28,688,"Fantasy, Romance, Fiction",https://www.goodreads.com/book/show/76714487.0
29401474.0,What Girls Are Made Of,3.78,200,"Banned Books, Young Adult, Realistic Fiction",https://www.goodreads.com/book/show/29401474.0
90985.0,33 Snowfish,3.79,192,"Banned Books, Realistic Fiction, Fiction",https://www.goodreads.com/book/show/90985.0
23677341.0,We Are the Ants,4.10,455,"Science Fiction, Young Adult, LGBT",https://www.goodreads.com/book/show/23677341.0
289601.0,A Certain Slant of Light,3.84,282,"Fantasy, Supernatural, Romance",https://www.goodreads.com/book/show/289601.0
146918520.0,"[ You: The Owner's Manual for Teens: A Guide to a Healthy Body and Happy Life By Roizen, Michael F ( Author ) Paperback 2011 ]",0.00,N/A,,https://www.goodreads.com/book/show/146918520.0
14808072.0,"Medicine: Present Knowledge, Future Trends",0.00,48,,https://www.goodreads.com/book/show/14808072.0
21223879.0,Summary & Study Guide Wicked: The Life and Times of the Wicked Witch of the West by Gregory Maguire,5.00,69,,https://www.goodreads.com/book/show/21223879.0
10572.0,A Clash of Kings,4.42,1009,"Fantasy, Adult, Fiction",https://www.goodreads.com/book/show/10572.0
13497.0,A Feast for Crows,4.17,1060,"Fantasy, Adult, Fiction",https://www.goodreads.com/book/show/13497.0
13496.0,A Game of Thrones,4.45,835,"Fantasy, Adult, Fiction",https://www.goodreads.com/book/show/13496.0
10664113.0,A Dance with Dragons,4.34,1125,"Fantasy, Dragons, Fiction",https://www.goodreads.com/book/show/10664113.0
9486923.0,A Hero's Guide to Warriors,4.15,120,History,https://www.goodreads.com/book/show/9486923.0
144284821.0,A Moment Comes by Jennifer Bradbury (25-Jun-2013) Hardcover,5.00,N/A,,https://www.goodreads.com/book/show/144284821.0
5523.0,"A Raisin in the Sun, Lorraine Hansberry",4.21,54,,https://www.goodreads.com/book/show/5523.0
62291.0,A Storm of Swords,4.55,1177,"Fantasy, Adult, Fiction",https://www.goodreads.com/book/show/62291.0
11548596.0,A Man Named Dave: A Story of Triumph and Forgiveness,3.93,301,"Psychology, Autobiography, Biography",https://www.goodreads.com/book/show/11548596.0
6083662.0,Africa,3.74,64,"Travel, Geography, Africa",https://www.goodreads.com/book/show/6083662.0
17885527.0,"The Street Politics of Abortion: Speech, Violence, and America's Culture Wars",3.46,260,,https://www.goodreads.com/book/show/17885527.0
1023610.0,Alcohol--The Real Story,0.00,29,,https://www.goodreads.com/book/show/1023610.0
12502746.0,Aftermath And Remembrance,3.33,48,History,https://www.goodreads.com/book/show/12502746.0
129997186.0,A Soaring Spirit : 600 - 400 B. C.,4.03,N/A,"History, Nonfiction, Reference",https://www.goodreads.com/book/show/129997186.0
804785.0,Alexander and His Times (W5,4.50,96,,https://www.goodreads.com/book/show/804785.0
170801436.0,Age of God-Kings: TimeFrame 3000-1500 BC by Time-Life Books,3.99,N/A,"Middle East, History, Nonfiction",https://www.goodreads.com/book/show/170801436.0
25657130.0,All American Boys,4.29,316,"Banned Books, Young Adult, Realistic Fiction",https://www.goodreads.com/book/show/25657130.0
66900.0,Alice on the Outside,3.95,176,"Banned Books, Middle Grade, Young Adult",https://www.goodreads.com/book/show/66900.0
75100350.0,An Album of the Vietnam War,0.00,N/A,,https://www.goodreads.com/book/show/75100350.0
1459667.0,Americas Children Opposing Viewpoints,0.00,N/A,,https://www.goodreads.com/book/show/1459667.0
120847.0,Alice the Fairy,4.09,40,"Fantasy, Humor, Picture Books",https://www.goodreads.com/book/show/120847.0
117997.0,And Tango Makes Three,4.36,32,"Banned Books, Picture Books, LGBT",https://www.goodreads.com/book/show/117997.0
5364.0,Dragonfly in Amber,4.34,947,"Fantasy, Romance, Time Travel",https://www.goodreads.com/book/show/5364.0
20934846.0,"Divergent Series (Divergent, Insurgent, Allegiant): by Veronica Roth -- Sidekick",4.35,74,,https://www.goodreads.com/book/show/20934846.0
803135.0,Amy,3.14,176,"Young Adult, Realistic Fiction, Teen",https://www.goodreads.com/book/show/803135.0
11491287.0,The Mystery Library - Angels,3.25,96,Nonfiction,https://www.goodreads.com/book/show/11491287.0
135144655.0,"Fabbity-Fab! A Big Box of Georgia (Confessions of Georgia Nicolson)- On the Bright Side, I'm Now the Girlfriend of a Sex God / Knocked Out by My Nunga-Nungas / Angus, Thongs and Full-Frontal Snogging by Louise Rennison",4.27,N/A,"Humor, Young Adult",https://www.goodreads.com/book/show/135144655.0
162930.0,Ancient Rome,4.02,72,"Picture Books, Childrens, Italy",https://www.goodreads.com/book/show/162930.0
58591435.0,Animal Farm: A Fairy Story by George Orwell,4.02,N/A,"Fantasy, Classics, School",https://www.goodreads.com/book/show/58591435.0
12000020.0,Aristotle and Dante Discover the Secrets of the Universe,4.29,390,"Young Adult, LGBT, Romance",https://www.goodreads.com/book/show/12000020.0
135586577.0,Are These My Basoomas I See Before Me?': Fab Final Confessions of Georgia Nicolson. Louise Rennison,4.20,288,"Humor, Chick Lit, Romance",https://www.goodreads.com/book/show/135586577.0
175097732.0,Art and Culture of the Renaissance World (Ancient Art and Cultures) by Lauren Murphy,0.00,N/A,,https://www.goodreads.com/book/show/175097732.0
151553325.0,Ask the Passengers by A.S. King,0.00,N/A,,https://www.goodreads.com/book/show/151553325.0
14557635.0,Art and Culture of the Medieval World,5.00,40,,https://www.goodreads.com/book/show/14557635.0
94319.0,Ark Angel,4.12,352,"Adventure, Espionage, Action",https://www.goodreads.com/book/show/94319.0
27209110.0,Autumn's Wish,4.10,315,"High School, Fantasy, Young Adult",https://www.goodreads.com/book/show/27209110.0
22638095.0,Autumn's Kiss,3.88,240,"Fantasy, Magical Realism, Young Adult",https://www.goodreads.com/book/show/22638095.0
15924.0,At First Sight,3.86,204,"Adult, Chick Lit, Romance",https://www.goodreads.com/book/show/15924.0
96363439.0,Study Guide: Before I Fall by Lauren Oliver,0.00,40,,https://www.goodreads.com/book/show/96363439.0
3965570.0,Alien Abductions: Opposing Viewpoints,2.83,128,,https://www.goodreads.com/book/show/3965570.0
47922.0,Because I'm Worth It,3.54,234,"High School, Young Adult, Chick Lit",https://www.goodreads.com/book/show/47922.0
127381994.0,"Away Laughing on a Fast Camel: Even More Confessions of Georgia Nicolson by Rennison, Louise [Perfection Learning, 2005] Hardcover [Hardcover]",4.05,N/A,"Humor, Chick Lit, Romance",https://www.goodreads.com/book/show/127381994.0
62603030.0,Salt to the Sea & Between Shades Of Gray By Ruta Sepetys 2 Books Collection Set,4.36,N/A,"Historical Fiction, Historical",https://www.goodreads.com/book/show/62603030.0
37684908.0,"Ancient Civilizations: A Captivating Guide to Mayan History, the Aztecs, and Inca Empire",3.75,242,"Amazon, History, Nonfiction",https://www.goodreads.com/book/show/37684908.0
623022.0,"Bioethics: Sex, Genetics, & Human Reproduction",3.00,1152,,https://www.goodreads.com/book/show/623022.0
242539049.0,"[Prison of Culture: Beyond Black Like Me] [By: Griffin, John Howard] [October, 2011]",0.00,N/A,,https://www.goodreads.com/book/show/242539049.0
28382276.0,Summary & Study Guide Breaking Dawn by Stephenie Meyer,0.00,71,,https://www.goodreads.com/book/show/28382276.0
81131.0,Bound,3.72,186,"Fantasy, Fairy Tales, Fiction",https://www.goodreads.com/book/show/81131.0
7172395.0,Brave New World by Aldous Huxley,4.19,N/A,Fiction,https://www.goodreads.com/book/show/7172395.0
157347994.0,Brewster by Mark Slouka (6-Mar-2014) Paperback,0.00,N/A,,https://www.goodreads.com/book/show/157347994.0
18527491.0,Born Confused,3.83,512,"Young Adult, Realistic Fiction, Romance",https://www.goodreads.com/book/show/18527491.0
292199.0,Black and White,3.97,199,"Realistic Fiction, Fiction, Basketball",https://www.goodreads.com/book/show/292199.0
6927440.0,Carved in Stone: Clues about Cultures,0.00,36,,https://www.goodreads.com/book/show/6927440.0
34793108.0,Brown Girl Dreaming by Jacqueline Woodson Student Workbook: Quick Student Workbooks,4.14,100,,https://www.goodreads.com/book/show/34793108.0
2843.0,Literature Circle Guide: Bridge to Terabithia by Katherine Paterson,5.00,32,,https://www.goodreads.com/book/show/2843.0
3192572.0,Caesar and Rome (W5,3.67,96,Reference,https://www.goodreads.com/book/show/3192572.0
211292164.0,Busted by Phil Bildner,0.00,N/A,,https://www.goodreads.com/book/show/211292164.0
2918246.0,Case Histories,0.00,104,,https://www.goodreads.com/book/show/2918246.0
928858.0,Cerberus,4.11,92,"Fantasy, Fiction, Mythology",https://www.goodreads.com/book/show/928858.0
136206610.0,[(Chasing Shadows )] [Author: Swati Avasthi] [Sep-2013],3.00,N/A,,https://www.goodreads.com/book/show/136206610.0
30117284.0,Carve the Mark,3.78,468,"Science Fiction, Fantasy, Romance",https://www.goodreads.com/book/show/30117284.0
20597044.0,"Book Review: Catching Fire, by Suzanne Collins",4.45,40,,https://www.goodreads.com/book/show/20597044.0
2035364.0,Cherokee Rose,0.00,32,,https://www.goodreads.com/book/show/2035364.0
124736.0,"Chicken Soup for the Preteen Soul: 101 Stories of Changes, Choices and Growing Up for Kids ages 9-13",4.00,386,"Self Help, Middle Grade, Childrens",https://www.goodreads.com/book/show/124736.0
137335161.0,"Chicken Soup for the Teenage Soul II: More Stories of Life, Love and Learning by Jack Canfield",3.94,N/A,"Self Help, Childrens, Essays",https://www.goodreads.com/book/show/137335161.0
14517567.0,Christianity,3.00,48,,https://www.goodreads.com/book/show/14517567.0
208150817.0,Charcoal Tears,4.03,378,"Fantasy, Romance, Paranormal",https://www.goodreads.com/book/show/208150817.0
234334392.0,Novel Unit: Clap When You Land by Elizabeth Acevedo,5.00,53,,https://www.goodreads.com/book/show/234334392.0
200509604.0,"Eyewitness: Civil War by John Stanchack (September 27, 2000) Hardcover",0.00,N/A,,https://www.goodreads.com/book/show/200509604.0
8755785.0,City of Heavenly Fire,4.38,725,"Fantasy, Urban Fantasy, Romance",https://www.goodreads.com/book/show/8755785.0
3074490.0,Claywork: Form And Idea In Ceramic Design,3.88,296,,https://www.goodreads.com/book/show/3074490.0
1389115.0,Columbine High School Shooting: Student Violence,3.41,N/A,,https://www.goodreads.com/book/show/1389115.0
4668932.0,Cocaine,4.25,N/A,,https://www.goodreads.com/book/show/4668932.0
4377227.0,Coping with Weapons and Violence in School and on Your Streets,5.00,217,,https://www.goodreads.com/book/show/4377227.0
12437190.0,Crank by Ellen Hopkins l Summary & Study Guide,4.60,N/A,,https://www.goodreads.com/book/show/12437190.0
25461585.0,Summary & Study Guide Columbine by Dave Cullen,4.75,33,,https://www.goodreads.com/book/show/25461585.0
205608025.0,Coping With a Drug Abusing Parent by Lawrence Clayton,0.00,N/A,,https://www.goodreads.com/book/show/205608025.0
2065930.0,Costume,3.82,63,"Picture Books, Childrens, Art",https://www.goodreads.com/book/show/2065930.0
2004414.0,Crimes Against Children: Child Abuse and Neglect,0.00,105,,https://www.goodreads.com/book/show/2004414.0
34728667.0,Children of Blood and Bone,4.11,544,"Fantasy, Romance, Fiction",https://www.goodreads.com/book/show/34728667.0
197618945.0,Crimes and Criminals of the Holocaust (Holocaust in History) by Linda Jacobs Altman,0.00,N/A,,https://www.goodreads.com/book/show/197618945.0
76705490.0,Crown of Midnight,4.36,420,"Fantasy, Romance, Fiction",https://www.goodreads.com/book/show/76705490.0
678828.0,Crisis in Black and White,4.19,370,"History, Nonfiction, Race",https://www.goodreads.com/book/show/678828.0
15812814.0,Crossed,3.52,367,"Science Fiction, Fantasy, Romance",https://www.goodreads.com/book/show/15812814.0
1460103.0,Choices: Making Right Decisions in a Complex World,3.50,121,"Self Help, Religion, Christian",https://www.goodreads.com/book/show/1460103.0
14807762.0,Crash and Burn,3.91,532,"Mental Illness, High School, Young Adult",https://www.goodreads.com/book/show/14807762.0
707724.0,Cyclops,3.50,48,,https://www.goodreads.com/book/show/707724.0
59251223.0,Cursed,3.98,485,"Fantasy, Retellings, Fairy Tales",https://www.goodreads.com/book/show/59251223.0
26449625.0,Dali,3.75,64,,https://www.goodreads.com/book/show/26449625.0
662597.0,Cut,3.76,151,"Mental Illness, Psychology, Realistic Fiction",https://www.goodreads.com/book/show/662597.0
4561087.0,Date Abuse,2.00,128,,https://www.goodreads.com/book/show/4561087.0
130228293.0,"Dancing in My Nuddy-Pants: Even Further Confessions of Georgia Nicolson by Rennison, Louise [HarperTeen, 2006] Paperback [Paperback]",4.01,N/A,"Humor, Chick Lit, Romance",https://www.goodreads.com/book/show/130228293.0
8739674.0,Date Violence,5.00,80,,https://www.goodreads.com/book/show/8739674.0
650201.0,Cryptid Hunters,4.20,352,"Science Fiction, Adventure, Fantasy",https://www.goodreads.com/book/show/650201.0
111011.0,Darkness Before Dawn,4.30,276,"Young Adult, Realistic Fiction, Middle Grade",https://www.goodreads.com/book/show/111011.0
7703928.0,Deadly School and Campus Violence,3.50,64,,https://www.goodreads.com/book/show/7703928.0
58696.0,David Copperfield,4.04,882,"Classics, Literature, Fiction",https://www.goodreads.com/book/show/58696.0
57835962.0,Debating Darcy,3.51,320,"Retellings, Young Adult, Realistic Fiction",https://www.goodreads.com/book/show/57835962.0
295654.0,"Curse of the Blue Tattoo: Being an Account of the Misadventures of Jacky Faber, Midshipman and Fine Lady",4.27,504,"Adventure, Fiction, Pirates",https://www.goodreads.com/book/show/295654.0
3271570.0,Dishes,3.08,160,"Realistic Fiction, LGBT, Romance",https://www.goodreads.com/book/show/3271570.0
2245767.0,Darfur: African Genocide,2.75,64,,https://www.goodreads.com/book/show/2245767.0
232798795.0,Doctor Assisted Suicide and the Euthanasia Movement (Ideas in Conflict Series) by Gary E. McCuen,0.00,N/A,,https://www.goodreads.com/book/show/232798795.0
35436043.0,Do You Dream of Terra-Two?,3.64,520,"Science Fiction, Adult, Fiction",https://www.goodreads.com/book/show/35436043.0
10198611.0,Desert Angel,3.37,233,"Realistic Fiction, Mystery, Fiction",https://www.goodreads.com/book/show/10198611.0
23849788.0,"Divergent: by Veronica Roth (Trilogy, Book 1) | Summary & Analysis",4.36,48,,https://www.goodreads.com/book/show/23849788.0
12406204.0,Summary & Study Guide Dreamland by Sarah Dessen,3.92,34,,https://www.goodreads.com/book/show/12406204.0
7857290.0,Drugs and the Family,0.00,88,,https://www.goodreads.com/book/show/7857290.0
3564925.0,Drugs and Sports,0.00,88,,https://www.goodreads.com/book/show/3564925.0
9741045.0,"Drinking, Driving & Drugs",0.00,N/A,,https://www.goodreads.com/book/show/9741045.0
53481723.0,Drug Use for Grown-Ups: Chasing Liberty in the Land of Fear,4.01,304,"Psychology, Sociology, Drugs",https://www.goodreads.com/book/show/53481723.0
7232466.0,DK Eyewitness Books: Early Humans: Discover How the World's First People Lived from Cave Dwellings to the Tools of,3.73,72,"Childrens, Prehistory, Evolution",https://www.goodreads.com/book/show/7232466.0
235303005.0,Economy and Industry in Ancient Greece (Primary Sources of Ancient Civilization: Greece) by Melanie Ann Apel,0.00,N/A,,https://www.goodreads.com/book/show/235303005.0
13797861.0,Economy and Industry in Ancient Rome,0.00,24,,https://www.goodreads.com/book/show/13797861.0
638546.0,Edge,3.50,144,,https://www.goodreads.com/book/show/638546.0
428263.0,Eclipse,3.74,629,"Fantasy, Romance, Fiction",https://www.goodreads.com/book/show/428263.0
13797068.0,Drugs and Your Parents,0.00,64,,https://www.goodreads.com/book/show/13797068.0
76713323.0,Empire of Storms,4.63,733,"Fantasy, Romance, Fiction",https://www.goodreads.com/book/show/76713323.0
7992995.0,Eona: The Last Dragoneye,4.10,637,"Fantasy, Romance, Dragons",https://www.goodreads.com/book/show/7992995.0
157532565.0,Eon: Dragoneye Reborn,3.96,N/A,"Fantasy, Dragons, Fiction",https://www.goodreads.com/book/show/157532565.0
54228031.0,Study Guide: Every Day by David Levithan,4.00,80,,https://www.goodreads.com/book/show/54228031.0
48807652.0,Summary & Study Guide Everybody Sees the Ants by A.S. King,0.00,30,,https://www.goodreads.com/book/show/48807652.0
10334863.0,Euthanasia: Opposing Viewpoints,3.50,208,,https://www.goodreads.com/book/show/10334863.0
23341894.0,Every Last Word,4.20,358,"Mental Illness, Young Adult, Realistic Fiction",https://www.goodreads.com/book/show/23341894.0
127920523.0,Everything You Need to Know about Going to the Gynecologist (Need to Know Library) by Shifra N Diamond,4.00,N/A,,https://www.goodreads.com/book/show/127920523.0
6214331.0,Explorers of the Ancient World,3.67,48,,https://www.goodreads.com/book/show/6214331.0
6803327.0,Explorers,0.00,80,,https://www.goodreads.com/book/show/6803327.0
18667779.0,Everything Leads to You,3.83,307,"Lesbian, Young Adult, LGBT",https://www.goodreads.com/book/show/18667779.0
203487403.0,livro extremely loud and incredibly close foer jonathan safran 2005,0.00,N/A,,https://www.goodreads.com/book/show/203487403.0
296805.0,Novel Ideas Classic: Fahrenheit 451 Ray Bradbury,3.93,56,"Science Fiction, Classics, Fiction",https://www.goodreads.com/book/show/296805.0
122065241.0,Study Guide: Far From the Tree by Robin Benway,0.00,61,,https://www.goodreads.com/book/show/122065241.0
143704052.0,Uglies - Tome 4: Extras by Scott Westerfeld,3.00,N/A,,https://www.goodreads.com/book/show/143704052.0
93602405.0,Study Guide: Felix Ever After by Kacen Callender,1.00,56,,https://www.goodreads.com/book/show/93602405.0
19365546.0,Summary & Study Guide Fallout by Ellen Hopkins,4.67,31,,https://www.goodreads.com/book/show/19365546.0
211394890.0,Fight for Freedom: The American Revolutionary War by Benson Bobrick,0.00,N/A,,https://www.goodreads.com/book/show/211394890.0
227781917.0,Study Guide: Firefight by Brandon Sanderson,0.00,78,,https://www.goodreads.com/book/show/227781917.0
212575442.0,Farm Team by Will Weaver,0.00,N/A,,https://www.goodreads.com/book/show/212575442.0
169756.0,Feed,3.55,308,"Science Fiction, Fantasy, Fiction",https://www.goodreads.com/book/show/169756.0
24849422.0,Faceless,4.06,352,"Young Adult, Realistic Fiction, Romance",https://www.goodreads.com/book/show/24849422.0
7312120.0,A Web of Air,3.93,304,"Science Fiction, Fantasy, Adventure",https://www.goodreads.com/book/show/7312120.0
4264933.0,First Facts About the Ancient Egyptians,4.33,32,,https://www.goodreads.com/book/show/4264933.0
201936002.0,Firehorse,4.22,N/A,"Childrens, Animals, Fiction",https://www.goodreads.com/book/show/201936002.0
24707533.0,Summary & Study Guide Forever…by Judy Blume,2.75,39,,https://www.goodreads.com/book/show/24707533.0
4619856.0,The Ancient Romans,3.67,32,,https://www.goodreads.com/book/show/4619856.0
2074157.0,Flight of the Raven,3.75,294,"Science Fiction, Fantasy, Childrens",https://www.goodreads.com/book/show/2074157.0
6096174.0,The Ancient Greeks,3.80,31,History,https://www.goodreads.com/book/show/6096174.0
179869752.0,Study Guide: Frankly in Love by David Yoon,4.00,73,,https://www.goodreads.com/book/show/179869752.0
217121648.0,Founders of Faith (World Religions and Beliefs) by Joan A. Price,0.00,N/A,,https://www.goodreads.com/book/show/217121648.0
247258.0,First French Kiss: and Other Traumas,3.68,134,"Coming Of Age, Young Adult, Realistic Fiction",https://www.goodreads.com/book/show/247258.0
42845863.0,"Free To Be Me: An LGBTQ+ Journal of Love, Pride and Finding Your Inner Rainbow",3.86,192,"Nonfiction, Mental Health, Queer",https://www.goodreads.com/book/show/42845863.0
6061941.0,Gentlemen,3.22,256,"Realistic Fiction, Mystery, School",https://www.goodreads.com/book/show/6061941.0
6327989.0,Forge,4.16,297,"Middle Grade, American Revolution, Fiction",https://www.goodreads.com/book/show/6327989.0
234558180.0,"Freaky Green Eyes by Oates, Joyce Carol (2008) Paperback",3.60,N/A,"Young Adult, Realistic Fiction, Mystery",https://www.goodreads.com/book/show/234558180.0
195104379.0,[(Gladiator )] [Author: Deborah Murrell] [Apr-2010],0.00,N/A,,https://www.goodreads.com/book/show/195104379.0
143690501.0,Gingerbread by Rachel Cohn,3.64,N/A,"Young Adult, Realistic Fiction, Chick Lit",https://www.goodreads.com/book/show/143690501.0
94061.0,Getting It,3.78,224,"Young Adult, LGBT, Fiction",https://www.goodreads.com/book/show/94061.0
122936906.0,Geography Club by Brent Hartinger,5.00,N/A,,https://www.goodreads.com/book/show/122936906.0
138762129.0,"Give a Boy a Gun by Strasser, Todd (2002) Mass Market Paperback",0.00,N/A,,https://www.goodreads.com/book/show/138762129.0
211398170.0,Study Guide: Go Ask Alice by Beatrice Sparks,0.00,78,,https://www.goodreads.com/book/show/211398170.0
270804.0,Glass,4.29,681,"Young Adult, Realistic Fiction, Addiction",https://www.goodreads.com/book/show/270804.0
320835.0,GLBTQ*: The Survival Guide for Queer & Questioning Teens,3.75,227,"LGBT, Transgender, Gay",https://www.goodreads.com/book/show/320835.0
49875140.0,GOSSIP GIRL: A Novel by Cecily von Ziegesar,3.50,N/A,"Young Adult, Chick Lit, Romance",https://www.goodreads.com/book/show/49875140.0
23174274.0,Glass Sword,3.78,444,"Fantasy, Romance, Fiction",https://www.goodreads.com/book/show/23174274.0
136476261.0,James Dickey & Marvin Hayes,0.00,N/A,,https://www.goodreads.com/book/show/136476261.0
55977945.0,Going Viral: A Socially Distant Love Story,3.10,304,"Realistic Fiction, LGBT, Romance",https://www.goodreads.com/book/show/55977945.0
5080705.0,Greece,0.00,96,,https://www.goodreads.com/book/show/5080705.0
1106538.0,"Greece: Temples, Tombs, & Treasures",3.90,168,"History, Nonfiction, Greece",https://www.goodreads.com/book/show/1106538.0
132939307.0,Gray's Anatomy: The Anatomical Basis of Medicine and Surgery by Peter L. Williams,4.31,N/A,"Classics, Biology, Reference",https://www.goodreads.com/book/show/132939307.0
49397758.0,Grown,4.24,384,"Young Adult, Mystery, Fiction",https://www.goodreads.com/book/show/49397758.0
530703.0,Hecate,3.83,87,"Greek Mythology, Mythology, Historical Fiction",https://www.goodreads.com/book/show/530703.0
60529932.0,The Half Bad Trilogy Series Set By Sally Green,4.56,1216,"Fantasy, Magic",https://www.goodreads.com/book/show/60529932.0
14954132.0,Heroin: Drug Abuse Prevention Library,4.50,64,,https://www.goodreads.com/book/show/14954132.0
41096.0,Great Wonders of the World,3.94,64,"Picture Books, Reference, History",https://www.goodreads.com/book/show/41096.0
7993696.0,Greek Warrior,3.88,32,,https://www.goodreads.com/book/show/7993696.0
147587652.0,Haunted Homes (Creepy Chronicles) by Barbara Cox,0.00,N/A,,https://www.goodreads.com/book/show/147587652.0
11142983.0,Hate Groups: Opposing Viewpoints,1.00,192,,https://www.goodreads.com/book/show/11142983.0
76706470.0,Heir of Fire,4.45,576,"Fantasy, Romance, Fiction",https://www.goodreads.com/book/show/76706470.0
10495672.0,"The Illustrated Encyclopedia of Hinduism: A comprehensive guide to Hindu history and philosophy, its traditions and practices, rituals and beliefs",3.73,256,,https://www.goodreads.com/book/show/10495672.0
29555236.0,Hidden Figures: The American Dream and the Untold Story of the Black Women Mathematicians Who Helped Win the Space Race,3.96,370,"Biography, Feminism, Audiobook",https://www.goodreads.com/book/show/29555236.0
102083641.0,Study Guide: Holding Up The Universe by Jennifer Niven,0.00,80,,https://www.goodreads.com/book/show/102083641.0
93995.0,Hitler Youth: Growing Up in Hitler's Shadow,4.09,176,"Biography, Historical, War",https://www.goodreads.com/book/show/93995.0
144182191.0,Home Life in Ancient Greece (Primary Sources of Ancient Civilization: Greece) by Melanie Ann Apel,0.00,N/A,,https://www.goodreads.com/book/show/144182191.0
205600756.0,Home Life in Ancient Egypt (Primary Sources of Ancient Civilizations) by Leslie C Kaplan,0.00,N/A,,https://www.goodreads.com/book/show/205600756.0
561171.0,How Our Muscles Work,4.00,31,,https://www.goodreads.com/book/show/561171.0
758041.0,How to Make a Mummy Talk,3.80,192,Nonfiction,https://www.goodreads.com/book/show/758041.0
37542448.0,Summary & Study Guide Identical by Ellen Hopkins,5.00,63,,https://www.goodreads.com/book/show/37542448.0
125356027.0,Impact of the Holocaust (Holocaust in History) by Linda Jacobs Altman,0.00,N/A,,https://www.goodreads.com/book/show/125356027.0
40218122.0,Summary & Study Guide Impulse by Ellen Hopkins,0.00,52,,https://www.goodreads.com/book/show/40218122.0
7604011.0,International Terrorism,0.00,96,,https://www.goodreads.com/book/show/7604011.0
10457962.0,"Islam: Signs, Symbols, and Stories",4.00,32,Islam,https://www.goodreads.com/book/show/10457962.0
233904296.0,"No, David! 6 Book Collection Set (David Gets in Trouble, David Goes to School, No, David!, Grow Up David! , That's Not Funny, David!, It's Christmas, David!) By David Shannon",0.00,200,,https://www.goodreads.com/book/show/233904296.0
1123826.0,Jesus and Christianity,3.50,N/A,,https://www.goodreads.com/book/show/1123826.0
63086774.0,Frequently Asked Questions about Jealousy,0.00,64,,https://www.goodreads.com/book/show/63086774.0
11451112.0,In Darkness,3.73,337,"Realistic Fiction, Fiction, Contemporary",https://www.goodreads.com/book/show/11451112.0
29414.0,Jack,3.64,221,"Banned Books, LGBT, Fiction",https://www.goodreads.com/book/show/29414.0
29073707.0,It's Not Like It's a Secret,3.54,400,"Lesbian, Young Adult, LGBT",https://www.goodreads.com/book/show/29073707.0
480376.0,John Hedgecoe's New Book of Photography,3.31,264,"Art, Reference, Nonfiction",https://www.goodreads.com/book/show/480376.0
3533392.0,King Arthur,2.33,112,,https://www.goodreads.com/book/show/3533392.0
1149962.0,Kite,4.75,278,,https://www.goodreads.com/book/show/1149962.0
234498436.0,Judaism (Atlas of World Faiths) by Cath Senker,0.00,N/A,,https://www.goodreads.com/book/show/234498436.0
162719.0,Just Ella,3.75,240,"Fantasy, Retellings, Fairy Tales",https://www.goodreads.com/book/show/162719.0
46060867.0,Kent State,3.94,132,"Novel In Verse, Historical, War",https://www.goodreads.com/book/show/46060867.0
229140776.0,"Knocked Out by my Nunga-Nungas; Further, Further Confessions of Georgia Nicolson (Confessions of Georgia Nicolsn) by Louise Rennison",0.00,N/A,,https://www.goodreads.com/book/show/229140776.0
166821240.0,Mad About Castles and Knights by Deborah Murrell (2-Apr-2009) Hardcover,0.00,N/A,,https://www.goodreads.com/book/show/166821240.0
76715522.0,Kingdom of Ash,4.71,984,"Fantasy, Romance, Fiction",https://www.goodreads.com/book/show/76715522.0
35072205.0,King's Cage,3.88,700,"Fantasy, Romance, Fiction",https://www.goodreads.com/book/show/35072205.0
1538708.0,Land and Resources of Ancient Greece,5.00,N/A,,https://www.goodreads.com/book/show/1538708.0
42373423.0,General Knowledge Genius!: A Quiz Encyclopedia to Boost Your Brain,4.53,192,,https://www.goodreads.com/book/show/42373423.0
629850.0,Liberation: Teens In The Concentration Camps & The Teen Soldiers Who Liberated Them,3.82,N/A,"History, Nonfiction",https://www.goodreads.com/book/show/629850.0
5940128.0,Life In Ancient Greece,4.00,32,,https://www.goodreads.com/book/show/5940128.0
3024964.0,Life in Ancient Egypt,3.80,32,History,https://www.goodreads.com/book/show/3024964.0
4048104.0,Land and Resources of Ancient Rome,5.00,24,,https://www.goodreads.com/book/show/4048104.0
8706998.0,Life as a Gladiator: An Interactive History Adventure,4.00,112,"Historical Fiction, Education",https://www.goodreads.com/book/show/8706998.0
4382016.0,Life in Ancient Rome,3.33,32,,https://www.goodreads.com/book/show/4382016.0
13763963.0,Life of a Soldier,3.00,48,,https://www.goodreads.com/book/show/13763963.0
6364653.0,Living on Impulse,3.41,304,"Fiction, Young Adult, Realistic Fiction",https://www.goodreads.com/book/show/6364653.0
99561.0,Looking for Alaska,3.96,221,"Young Adult, Realistic Fiction, Romance",https://www.goodreads.com/book/show/99561.0
131567503.0,[(Life in the Ancient Indus River Valley )] [Author: Hazel Richardson] [Nov-2005],3.42,N/A,"India, Historical, History",https://www.goodreads.com/book/show/131567503.0
112628.0,Love Is a Many Trousered Thing,4.13,271,"Humor, Chick Lit, Romance",https://www.goodreads.com/book/show/112628.0
206158668.0,"Life of the Ancient Celts by Richardson, Hazel [Crabtree Pub Co, 2005] Paperback [Paperback]",0.00,N/A,,https://www.goodreads.com/book/show/206158668.0
3123048.0,Ancient Greece,3.88,48,Nonfiction,https://www.goodreads.com/book/show/3123048.0
17788401.0,Ugly Love,3.99,330,"Romance, Fiction, Colleen Hoover",https://www.goodreads.com/book/show/17788401.0
14417.0,Lord of the Flies: By William Golding,3.54,52,"Fiction, Classics, School",https://www.goodreads.com/book/show/14417.0
12427256.0,Machete Season: The Killers in Rwanda Speak,4.07,271,"Psychology, Rwanda, War",https://www.goodreads.com/book/show/12427256.0
35457256.0,Mapping the Bones,4.01,421,"Fiction, Historical, War",https://www.goodreads.com/book/show/35457256.0
219051051.0,Making Up Megaboy by Virginia Walter,0.00,N/A,,https://www.goodreads.com/book/show/219051051.0
2087163.0,Massacre at Virginia Tech: Disaster & Survival,2.91,48,,https://www.goodreads.com/book/show/2087163.0
6497196.0,Medieval Europe,0.00,32,,https://www.goodreads.com/book/show/6497196.0
1512871.0,Media Violence: Opposing Viewpoints,2.25,N/A,,https://www.goodreads.com/book/show/1512871.0
63053324.0,Summary of Mad Honey by Jodi Picoult and Jennifer Finney Boylan,3.76,39,,https://www.goodreads.com/book/show/63053324.0
17987508.0,Matched Trilogy Box Set,4.08,1322,"Science Fiction, Fantasy, Childrens",https://www.goodreads.com/book/show/17987508.0
4847758.0,Michelangelo and His Times (W5,4.00,64,,https://www.goodreads.com/book/show/4847758.0
1059632.0,Megan's Law: Protection or Privacy,3.33,N/A,,https://www.goodreads.com/book/show/1059632.0
56268856.0,Medusa,3.83,224,"Fantasy, Retellings, Mythology",https://www.goodreads.com/book/show/56268856.0
107179590.0,"Book reading: Midnight Sun by Stephenie Meyer LOGBOOK: Journal Your Thoughts in Real-Time as you Read, Complete with Chapter Character and Plot Fields",0.00,100,,https://www.goodreads.com/book/show/107179590.0
35068534.0,Monday's Not Coming,4.26,448,"Young Adult, Mystery, Fiction",https://www.goodreads.com/book/show/35068534.0
60309695.0,The Year We Ruined Our Lives:  A Family Road Trip Through Mexico and Central America,4.20,295,,https://www.goodreads.com/book/show/60309695.0
89190347.0,Study Guide: More Happy Than Not by Adam Silvera,0.00,78,,https://www.goodreads.com/book/show/89190347.0
162086991.0,Medieval Life,3.95,N/A,"Picture Books, Childrens, Art",https://www.goodreads.com/book/show/162086991.0
2815261.0,Mexican WhiteBoy,3.85,256,"Young Adult, Realistic Fiction, Cultural",https://www.goodreads.com/book/show/2815261.0
201631603.0,Moses and Judaism (Great Religious Leaders) by Sharon Barron,0.00,N/A,,https://www.goodreads.com/book/show/201631603.0
13160329.0,My Book of Life by Angel,3.92,256,"Realistic Fiction, Fiction, Contemporary",https://www.goodreads.com/book/show/13160329.0
212607569.0,My Sad is All Gone: A Family's Triumph over Violent Autism by Thelma Wheatley,0.00,N/A,,https://www.goodreads.com/book/show/212607569.0
23518119.0,Sidekick to Mockingjay by Suzanne Collins,3.44,49,"Fantasy, Dystopia",https://www.goodreads.com/book/show/23518119.0
263839.0,Mummies Made in Egypt: An Illustrated Guide to Mummification Techniques and Reasons for Children (Ages 4-8),3.96,32,"Egypt, Picture Books, Childrens",https://www.goodreads.com/book/show/263839.0
921700.0,Myths and Civilization of the Ancient Greeks,4.30,48,,https://www.goodreads.com/book/show/921700.0
14520576.0,Mystics and Psychics,2.33,128,,https://www.goodreads.com/book/show/14520576.0
146246251.0,National Geographic Mysteries of History by Robert Stewart,3.00,N/A,,https://www.goodreads.com/book/show/146246251.0
4955418.0,Native American Literature,5.00,79,,https://www.goodreads.com/book/show/4955418.0
1958493.0,"Dk Eyewitness Mythology: World Myths, Gods, Heroes, Creatures, Mythical Places",3.87,352,"Religion, Research, Reference",https://www.goodreads.com/book/show/1958493.0
1025145.0,Never So Green,3.86,240,"Sports, Fiction",https://www.goodreads.com/book/show/1025145.0
11559776.0,New Moon by Stephenie Meyer Summary & Study Guide,3.67,N/A,,https://www.goodreads.com/book/show/11559776.0
217672190.0,"No Choirboy: Murder, Violence, and Teenagers on Death Row by Kuklin, Susan (August 12, 2014) Paperback",4.00,N/A,,https://www.goodreads.com/book/show/217672190.0
201654195.0,night star macmillan noel alyson,5.00,N/A,,https://www.goodreads.com/book/show/201654195.0
173637514.0,North American Art to 1900 (International encyclopedia of art) by Arleen Pancza-Graham,0.00,N/A,,https://www.goodreads.com/book/show/173637514.0
325504.0,Night by Elie Wiesel,4.41,N/A,"Classics, Biography, Literature",https://www.goodreads.com/book/show/325504.0
27247616.0,Of Mice and Men: by John Steinbeck a Novel | Short Reads Summary & Anaysis,3.91,8,,https://www.goodreads.com/book/show/27247616.0
402014.0,"On the Bright Side, I'm Now the Girlfriend of a Sex God",3.95,243,"Humor, Chick Lit, Romance",https://www.goodreads.com/book/show/402014.0
1062516.0,"No, David!",4.16,32,"Humor, Realistic Fiction, Picture Books",https://www.goodreads.com/book/show/1062516.0
65053.0,One of Those Hideous Books Where the Mother Dies,3.95,272,"Realistic Fiction, Fiction, Contemporary",https://www.goodreads.com/book/show/65053.0
6568254.0,Origins Of The Holocaust,3.40,48,"History, Nonfiction",https://www.goodreads.com/book/show/6568254.0
308352.0,One Hot Second: Stories About Desire,3.21,224,"LGBT, Romance, Fiction",https://www.goodreads.com/book/show/308352.0
35887567.0,On the Come Up,4.26,464,"Young Adult, Realistic Fiction, Fiction",https://www.goodreads.com/book/show/35887567.0
15022515.0,Persecution and Emigration,3.00,N/A,,https://www.goodreads.com/book/show/15022515.0
40675087.0,"Not Light, but Fire: How to Lead Meaningful Race Conversations in the Classroom",4.48,278,"Anti Racist, Social Justice, Education",https://www.goodreads.com/book/show/40675087.0
15789615.0,Period 8,3.56,320,"High School, Young Adult, Realistic Fiction",https://www.goodreads.com/book/show/15789615.0
141708115.0,Out of the Easy by Ruta Sepetys (7-Mar-2013) Paperback,4.03,N/A,"Mystery, Romance, Fiction",https://www.goodreads.com/book/show/141708115.0
487086.0,Physician-Assisted Suicide,1.50,112,,https://www.goodreads.com/book/show/487086.0
28510788.0,Our Hearts Will Burn Us Down,3.06,395,"Young Adult, Mystery, Fiction",https://www.goodreads.com/book/show/28510788.0
1199609.0,Photocraft: Cool Things to Do with the Pictures You Love,3.30,160,"Crafts, Photography, Art",https://www.goodreads.com/book/show/1199609.0
147679845.0,DK Eyewitness Books: Pirate: Discover the Pirates Who Terrorized the Seas from the Mediterranean to the Caribbean,0.00,N/A,,https://www.goodreads.com/book/show/147679845.0
608886.0,Playing the Field,3.08,192,"Banned Books, Young Adult, Sports",https://www.goodreads.com/book/show/608886.0
235961121.0,Pornography (Opposing viewpoints series) by Helen Cothran,0.00,N/A,,https://www.goodreads.com/book/show/235961121.0
233585023.0,"[ Peter Pan [ PETER PAN ] By Barrie, James Matthew ( Author )Sep-01-2005 Paperback by Barrie, James Matthew ( Author ) Sep-2005 Paperback ]",0.00,N/A,,https://www.goodreads.com/book/show/233585023.0
49770398.0,Queerfully and Wonderfully Made: A Guide for LGBTQ+ Christian Teens,4.16,260,"Religion, LGBT, Christian",https://www.goodreads.com/book/show/49770398.0
230255923.0,"[Rainbow Road] [By: Sanchez, Alex] [April, 2007]",0.00,N/A,,https://www.goodreads.com/book/show/230255923.0
150885574.0,Vtg How To Take Great Photographs: A Practical Photography Course - John Freeman [Hardcover] John Freeman,4.67,233,,https://www.goodreads.com/book/show/150885574.0
123004944.0,Queen of Shadows,4.62,689,"Fantasy, Romance, Fiction",https://www.goodreads.com/book/show/123004944.0
24250920.0,Summary & Study Guide Pretties by Scott Westerfeld,4.00,36,Dystopia,https://www.goodreads.com/book/show/24250920.0
13196.0,Quiver,3.54,177,"Fantasy, Retellings, Mythology",https://www.goodreads.com/book/show/13196.0
539738.0,Ramses II and Egypt,3.60,96,"History, Nonfiction",https://www.goodreads.com/book/show/539738.0
13125947.0,Reached,3.54,512,"Science Fiction, Fantasy, Romance",https://www.goodreads.com/book/show/13125947.0
29426243.0,[Analysis] Glass Sword: (Red Queen) by Victoria Aveyard,4.25,52,,https://www.goodreads.com/book/show/29426243.0
2507213.0,Reincarnation,3.68,304,"Fantasy, Romance, Fiction",https://www.goodreads.com/book/show/2507213.0
207889.0,Rats Saw God,3.80,202,"Young Adult, Realistic Fiction, Romance",https://www.goodreads.com/book/show/207889.0
227499.0,Sarah Dessen: From Burritos to Box Office,4.04,168,Biography,https://www.goodreads.com/book/show/227499.0
344575.0,"Real Boys' Voices: Boys Speak out about Drugs, Sex, Violence, Bullying, Sports, Girls, School, Parents, and So Much More",3.70,432,"Psychology, Nonfiction, Parenting",https://www.goodreads.com/book/show/344575.0
129970084.0,By Bernard Evslin Scylla and Charybdis (Monsters of Mythology Series) [Library Binding],3.95,N/A,Mythology,https://www.goodreads.com/book/show/129970084.0
1224275.0,Safe Teen: Powerful Alternatives to Violence,4.80,312,,https://www.goodreads.com/book/show/1224275.0
34710658.0,Scythe by Neal Shusterman Student Workbook: Quick Student Workbooks,4.00,98,,https://www.goodreads.com/book/show/34710658.0
13139.0,School's Out—Forever,4.14,409,"Science Fiction, Fantasy, Adventure",https://www.goodreads.com/book/show/13139.0
1575682.0,"Shakespeare Remains: Theater to Film, Early Modern to Postmodern",4.13,288,,https://www.goodreads.com/book/show/1575682.0
40551242.0,Summary of Simon vs. the Homo Sapiens Agenda by Becky Albertalli | Summary & Analysis,4.14,N/A,,https://www.goodreads.com/book/show/40551242.0
219563.0,Shabanu: Daughter of the Wind,3.77,240,"Realistic Fiction, School, Fiction",https://www.goodreads.com/book/show/219563.0
36127462.0,Screenshot,3.65,295,"Young Adult, Realistic Fiction, Mystery",https://www.goodreads.com/book/show/36127462.0
127320585.0,"Shadowland (09) by Noël, Alyson [Hardcover (2009)]",4.33,N/A,,https://www.goodreads.com/book/show/127320585.0
201114.0,Sold,4.24,268,"Banned Books, Realistic Fiction, Fiction",https://www.goodreads.com/book/show/201114.0
3124695.0,Sisters of the Sword,4.08,288,"Adventure, Fantasy, Japan",https://www.goodreads.com/book/show/3124695.0
52553.0,Sisters/Hermanas,3.41,65,"Spanish Literature, Cultural, Realistic Fiction",https://www.goodreads.com/book/show/52553.0
130264.0,Sonny's House of Spies,3.78,304,"Childrens, Historical Fiction, Coming Of Age",https://www.goodreads.com/book/show/130264.0
2581350.0,Sovay,3.40,404,"Adventure, Romance, Fiction",https://www.goodreads.com/book/show/2581350.0
52295479.0,Squad,3.79,213,"Fantasy, Graphic Novels, LGBT",https://www.goodreads.com/book/show/52295479.0
4981.0,Slaughterhouse-Five,4.10,275,"Science Fiction, Classics, Fiction",https://www.goodreads.com/book/show/4981.0
500827.0,Stained,3.23,208,"Banned Books, Realistic Fiction, Mystery",https://www.goodreads.com/book/show/500827.0
39280444.0,Speak,4.05,224,"Banned Books, Young Adult, Realistic Fiction",https://www.goodreads.com/book/show/39280444.0
112631.0,Startled by His Furry Shorts,4.11,278,"Humor, Chick Lit, Romance",https://www.goodreads.com/book/show/112631.0
206158679.0,"Stop in the Name of Pants! by Rennison, Louise [HarperTeen, 2009] Paperback [Paperback]",0.00,N/A,,https://www.goodreads.com/book/show/206158679.0
9564398.0,Suicide Bombers,4.50,64,,https://www.goodreads.com/book/show/9564398.0
24765.0,Specials,3.75,384,"Science Fiction, Fantasy, Romance",https://www.goodreads.com/book/show/24765.0
234372619.0,"BY Myers, Walter Dean ( Author ) [{ Sunrise Over Fallujah [ SUNRISE OVER FALLUJAH ] By Myers, Walter Dean ( Author )May-01-2008 Hardcover By Myers, Walter Dean ( Author ) May - 01- 2008 ( Hardcover ) } ]",0.00,N/A,,https://www.goodreads.com/book/show/234372619.0
150116822.0,"Survivors: True Stories Of Children In The Holocaust by Allan Zullo, Mara Bovsun",4.13,N/A,,https://www.goodreads.com/book/show/150116822.0
63003028.0,Study Guide: Symptoms of Being Human by Jeff Garvin,0.00,50,,https://www.goodreads.com/book/show/63003028.0
17165938.0,Swagger,4.16,304,"High School, Realistic Fiction, Fiction",https://www.goodreads.com/book/show/17165938.0
5730490.0,Teenage Pregnancy: Opposing Viewpoints,3.00,190,Research,https://www.goodreads.com/book/show/5730490.0
2482848.0,Swimwear in Vogue Since 1910,0.00,96,,https://www.goodreads.com/book/show/2482848.0
18114547.0,Tales From My Closet,3.48,304,"Realistic Fiction, Teen, Fashion",https://www.goodreads.com/book/show/18114547.0
3384233.0,Teens At Risk: Opposing Viewpoints,3.00,160,,https://www.goodreads.com/book/show/3384233.0
2262157.0,Target,3.78,175,"Young Adult, Realistic Fiction, LGBT",https://www.goodreads.com/book/show/2262157.0
28236804.0,The 5th Wave: by Rick Yancey | Unofficial & Independent Summary & Analysis,2.75,31,,https://www.goodreads.com/book/show/28236804.0
19148801.0,Study Guide to The Absolutely True Diary of a Part-Time Indian by Sherman Alexie,3.82,24,,https://www.goodreads.com/book/show/19148801.0
1496186.0,The Artist's Eye: A Perceptual Way of Painting,3.38,144,Art,https://www.goodreads.com/book/show/1496186.0
248602.0,Tell Them We Remember: The Story of the Holocaust,4.20,109,"Biography, Historical, Holocaust",https://www.goodreads.com/book/show/248602.0
2913794.0,"The American Revolution: """"Give Me Liberty, or Give Me Death!""",3.00,128,,https://www.goodreads.com/book/show/2913794.0
126062562.0,The Assassin's Blade,4.20,451,"Fantasy, Romance, Fiction",https://www.goodreads.com/book/show/126062562.0
28319362.0,Summary & Study Guide The Berlin Boxing Club by Robert Sharenow,3.80,94,,https://www.goodreads.com/book/show/28319362.0
35656180.0,The 57 Bus: A True Story of Two Teenagers and the Crime That Changed Their Lives,4.09,317,"True Crime, LGBT, Queer",https://www.goodreads.com/book/show/35656180.0
166304717.0,The Barbarian Tides: Timeframe 1500-600 Bc,3.95,N/A,"History, Nonfiction, World History",https://www.goodreads.com/book/show/166304717.0
48589165.0,The Black Friend: On Being a Better White Person,4.46,272,"Self Help, Anti Racist, Social Justice",https://www.goodreads.com/book/show/48589165.0
227728238.0,The Beat Goes On by Adele Minchin,0.00,N/A,,https://www.goodreads.com/book/show/227728238.0
212778486.0,"The Buddha and Buddhism (Great Religious Leaders) by Marchant, Kerena (2002) Paperback",0.00,N/A,,https://www.goodreads.com/book/show/212778486.0
7693717.0,The Columbine School Shootings,3.19,96,,https://www.goodreads.com/book/show/7693717.0
139031.0,"York Notes Advanced on ""The Color Purple"" by Alice Walker",4.67,N/A,"Adult, Classics, Fiction",https://www.goodreads.com/book/show/139031.0
133495428.0,The Boys' War: Confederate and Union Soldiers Talk About the Civil War by Jim Murphy,3.77,N/A,"American History, Civil War, Read For School",https://www.goodreads.com/book/show/133495428.0
19368953.0,"Book Review: The Book Thief, by Markus Zusak",4.36,27,,https://www.goodreads.com/book/show/19368953.0
34409050.0,"The Complete Book of Dogs: Breeds, Training, Health Care: A Comprehensive Encyclopedia Of Dogs With A Fully Illustrated Guide To 230 Breeds And Over 1500 Photographs",4.38,512,,https://www.goodreads.com/book/show/34409050.0
1946974.0,The Complete Kodak Book of Photography,3.80,478,Photography,https://www.goodreads.com/book/show/1946974.0
708691.0,The Creek,3.77,304,"Middle Grade, Mystery, Horror",https://www.goodreads.com/book/show/708691.0
1123465.0,The Curse of King Tut,3.83,96,,https://www.goodreads.com/book/show/1123465.0
60226142.0,The Complete Maus: A Survivor's Tale,4.58,296,"Graphic Novels, Biography, Comics",https://www.goodreads.com/book/show/60226142.0
2217465.0,The Cyclopes,3.82,95,"Mythology, Greek Mythology",https://www.goodreads.com/book/show/2217465.0
945790.0,The Death Penalty for Teens: A Pro/Con Issue,3.00,64,,https://www.goodreads.com/book/show/945790.0
221457205.0,"The CovenantTHE COVENANT by Lewis, Beverly (Author) on Sep-01-2002 Paperback",0.00,N/A,,https://www.goodreads.com/book/show/221457205.0
11699212.0,The Difference Between You and Me,3.37,261,"Young Adult, Realistic Fiction, LGBT",https://www.goodreads.com/book/show/11699212.0
166147959.0,"Maze Runner Trilogy 3 Book set: The Maze Runner, The Scorch Trials, The Death Cure by James Dashner",4.19,N/A,"Science Fiction, Fantasy, Mystery",https://www.goodreads.com/book/show/166147959.0
43453699.0,"The End and Other Beginnings: Stories from the Future – A Masterful Illustrated Sci-Fi Anthology for Teens about Friendship, Hope, and Technology",3.49,262,"Science Fiction, Fantasy, Fiction",https://www.goodreads.com/book/show/43453699.0
970522.0,The Facts Speak for Themselves,3.24,184,"Banned Books, Realistic Fiction, Fiction",https://www.goodreads.com/book/show/970522.0
23267628.0,The Fever Code,4.03,347,"Science Fiction, Fantasy, Adventure",https://www.goodreads.com/book/show/23267628.0
20814047.0,The Fault in Our Stars: by John Green -- Sidekick,4.13,50,Book Club,https://www.goodreads.com/book/show/20814047.0
182828903.0,The Crisis of Islam: Holy War and Unholy Terror by Bernard Lewis,3.68,N/A,"Religion, Middle East, Politics",https://www.goodreads.com/book/show/182828903.0
147603.0,The First Americans: The Story of Where They Came from and Who They Became,3.33,125,"History, Nonfiction, American History",https://www.goodreads.com/book/show/147603.0
2870799.0,The Furies,3.94,96,"Fantasy, Mythology, Greek Mythology",https://www.goodreads.com/book/show/2870799.0
4598289.0,The French Revolution,3.63,64,Nonfiction,https://www.goodreads.com/book/show/4598289.0
238633.0,The Good Fight: How World War II Was Won,4.15,96,"American History, Childrens, Historical",https://www.goodreads.com/book/show/238633.0
622601.0,The Gendered Atom: Reflections on the Sexual Psychology of Science,3.22,192,"Psychology, Nonfiction, Feminism",https://www.goodreads.com/book/show/622601.0
44805980.0,"The Hate U Give by Angie Thomas (Book Analysis): Detailed Summary, Analysis and Reading Guide",4.44,25,,https://www.goodreads.com/book/show/44805980.0
38448.0,The Handmaid's Tale By Margaret Atwood: A Post 16 Study Guide,3.79,40,"Classics, Audiobook",https://www.goodreads.com/book/show/38448.0
16251489.0,The Holocaust and Life Under Nazi Occupation,3.33,64,,https://www.goodreads.com/book/show/16251489.0
2058870.0,The Grapes of Wrath - John Steinbeck,4.27,112,"Fiction, Novels, Classics",https://www.goodreads.com/book/show/2058870.0
109271291.0,The Holocaust: Survival and Resistance,0.00,N/A,,https://www.goodreads.com/book/show/109271291.0
561909.0,The Hiding Place: The Triumphant True Story of Corrie Ten Boom,4.48,242,"Classics, Christian, Biography",https://www.goodreads.com/book/show/561909.0
2105837.0,The how and why wonder book of the human body,2.88,48,"Nonfiction, Childrens",https://www.goodreads.com/book/show/2105837.0
6376789.0,The Holocaust: A Primary Source History,3.57,48,,https://www.goodreads.com/book/show/6376789.0
1656001.0,The Host,3.86,619,"Science Fiction, Fantasy, Romance",https://www.goodreads.com/book/show/1656001.0
10526352.0,The Iroquois,3.00,64,,https://www.goodreads.com/book/show/10526352.0
244329101.0,Study Guide: The Infinite Sea by Rick Yancey,0.00,90,,https://www.goodreads.com/book/show/244329101.0
766707.0,"The Human Body Book: An Illustrated Guide to Its Structure, Function and Disorders",4.35,256,"Biology, Childrens, Reference",https://www.goodreads.com/book/show/766707.0
24375494.0,Summary & Study Guide The Kill Order by James Dashner,3.78,35,,https://www.goodreads.com/book/show/24375494.0
128921664.0,"The House You Pass On The Way by Woodson, Jacqueline [Puffin, 2010] Paperback [Paperback]",3.78,N/A,"Lesbian, Realistic Fiction, LGBT",https://www.goodreads.com/book/show/128921664.0
24678713.0,Summary & Study Guide The Last Olympian by Rick Riordan,5.00,43,,https://www.goodreads.com/book/show/24678713.0
21060082.0,Summary & Study Guide The Kite Runner by Khaled Hosseini,4.00,64,"Fiction, Contemporary",https://www.goodreads.com/book/show/21060082.0
6335017.0,The Jewish Victims of the Holocaust,4.00,104,Holocaust,https://www.goodreads.com/book/show/6335017.0
134975639.0,[(The Killing Sea )] [Author: Richard Lewis] [Nov-2006],3.74,N/A,"Adventure, Realistic Fiction, Fiction",https://www.goodreads.com/book/show/134975639.0
26165589.0,Dungeons & Dragons: The Legend of Drizzt Vol. 2: Exile,4.37,150,"Fantasy, Graphic Novels, Graphic Novels Comics",https://www.goodreads.com/book/show/26165589.0
130150591.0,"The Last Song by Sparks, Nicholas (February 4, 2010) Paperback",4.16,N/A,"Adult, Young Adult, Chick Lit",https://www.goodreads.com/book/show/130150591.0
16131489.0,The Last Star,3.61,338,"Science Fiction, Fantasy, Romance",https://www.goodreads.com/book/show/16131489.0
34621546.0,Dungeons & Dragons: The Legend of Drizzt Vol. 6: The Halfling's Gem,4.19,135,"Fantasy, Forgotten Realms, Fiction",https://www.goodreads.com/book/show/34621546.0
28527046.0,Dungeons & Dragons: The Legend of Drizzt Vol. 3: Sojourn,4.22,142,"Fantasy, Adventure, Forgotten Realms",https://www.goodreads.com/book/show/28527046.0
212928956.0,Study Guide: The List of Things That Will Not Change by Rebecca Stead,0.00,67,,https://www.goodreads.com/book/show/212928956.0
1005924.0,The Long Road to Gettysburg,3.90,116,"Middle Grade, American History, Civil War",https://www.goodreads.com/book/show/1005924.0
45011496.0,"The Lovely Bones by Alice Sebold (Book Analysis): Detailed Summary, Analysis and Reading Guide",4.00,24,,https://www.goodreads.com/book/show/45011496.0
2796934.0,The Media: The Impact on Our Lives,0.00,64,,https://www.goodreads.com/book/show/2796934.0
23014881.0,The Making of a Navy SEAL: My Story of Surviving the Toughest Challenge and Training the Best,4.23,256,"Autobiography, Biography, War",https://www.goodreads.com/book/show/23014881.0
22599127.0,"The Maze Runner: by James Dashner (The Maze Runner, Book 1) | Summary & Analysis",4.43,46,Young Adult,https://www.goodreads.com/book/show/22599127.0
40801157.0,The Miseducation of Cameron Post,4.06,485,"Lesbian, Young Adult, LGBT",https://www.goodreads.com/book/show/40801157.0
3892186.0,Nervous System and the Brain,2.50,32,Science,https://www.goodreads.com/book/show/3892186.0
918319.0,The Minotaur,3.82,N/A,"Mythology, Greek Mythology",https://www.goodreads.com/book/show/918319.0
4830039.0,The Nazi Death Camps,4.00,48,History,https://www.goodreads.com/book/show/4830039.0
1565541.0,The Moneylender's Daughter,3.59,300,"Adventure, Fiction, Historical",https://www.goodreads.com/book/show/1565541.0
560110.0,The Oklahoma City Bombing: Terror in the Heartland,4.33,48,,https://www.goodreads.com/book/show/560110.0
218923188.0,The New Encyclopedia of the Cat by Bruce Fogle,0.00,N/A,,https://www.goodreads.com/book/show/218923188.0
7182794.0,The Pequots,3.50,63,,https://www.goodreads.com/book/show/7182794.0
90047.0,The Outsiders By S.E. Hinton: Literature Guide,4.44,40,,https://www.goodreads.com/book/show/90047.0
8787142.0,"The Poetry Of The Negro, 1746-1970",4.39,672,"Fiction, Poetry",https://www.goodreads.com/book/show/8787142.0
211504182.0,The Parthenon of Ancient Greece (History's Great Structures) by Don Nardo,0.00,N/A,,https://www.goodreads.com/book/show/211504182.0
33648131.0,The Notebook,4.16,227,"Adult, Chick Lit, Classics",https://www.goodreads.com/book/show/33648131.0
12529391.0,The Pigman by Paul Zindel Summary & Study Guide,3.89,N/A,,https://www.goodreads.com/book/show/12529391.0
17981402.0,The Right Fight,3.96,192,"Realistic Fiction, Action, Fiction",https://www.goodreads.com/book/show/17981402.0
37649879.0,Summary & Study Guide The Scorch Trials by James Dashner,4.00,45,,https://www.goodreads.com/book/show/37649879.0
5046846.0,The Secret Holocaust Diaries: The Untold Story of Nonna Bannister,3.93,336,"Biography, Historical, Holocaust",https://www.goodreads.com/book/show/5046846.0
6816166.0,The Senses,0.00,32,,https://www.goodreads.com/book/show/6816166.0
2032355.0,The Seven Wonders of the Ancient World,3.75,32,Nonfiction,https://www.goodreads.com/book/show/2032355.0
2142244.0,The Seven Wonders of the Historic World,3.43,32,,https://www.goodreads.com/book/show/2142244.0
4623895.0,The Skeletal System,4.00,32,,https://www.goodreads.com/book/show/4623895.0
6665330.0,The Short Novels of John Steinbeck,4.32,610,"Literary Fiction, Classics, Literature",https://www.goodreads.com/book/show/6665330.0
437601.0,The Spanish-American War,3.50,48,,https://www.goodreads.com/book/show/437601.0
2314925.0,The Sphinx,3.79,93,"Young Adult, Mythology",https://www.goodreads.com/book/show/2314925.0
624880.0,The Timeline of the Civil War,3.93,224,"Civil War, History",https://www.goodreads.com/book/show/624880.0
25561475.0,Summary & Study Guide The Titan's Curse by Rick Riordan,4.09,80,Mythology,https://www.goodreads.com/book/show/25561475.0
157223516.0,The Sweet Revenge of Celia Door by Karen Finneyfrock,4.00,N/A,,https://www.goodreads.com/book/show/157223516.0
43822024.0,The Toll,4.15,625,"Science Fiction, Fantasy, Romance",https://www.goodreads.com/book/show/43822024.0
36412998.0,The Stars and the Blackness Between Them,4.25,312,"Lesbian, Young Adult, LGBT",https://www.goodreads.com/book/show/36412998.0
69438589.0,The Truth About Alice: A Novel,3.63,1,"High School, Banned Books, Young Adult",https://www.goodreads.com/book/show/69438589.0
2933268.0,The Traitor Game,3.72,304,"Fantasy, Young Adult, LGBT",https://www.goodreads.com/book/show/2933268.0
92822.0,The Usborne Introduction to Art,4.18,144,"Art, Nonfiction, History",https://www.goodreads.com/book/show/92822.0
211000213.0,The Warrior's Heart: Becoming a Man of Compassion and Courage by Eric Greitens,0.00,N/A,,https://www.goodreads.com/book/show/211000213.0
3308859.0,The Way We Work: Getting to Know the Amazing Human Body,4.25,336,"Biology, Childrens, Reference",https://www.goodreads.com/book/show/3308859.0
37415.0,Their Eyes Were Watching God,3.99,238,"Classics, School, Fiction",https://www.goodreads.com/book/show/37415.0
60900548.0,Study Guide: They Both Die at the End by Adam Silvera,5.00,86,,https://www.goodreads.com/book/show/60900548.0
56854776.0,Study Guide: They Called Us Enemy by George Takei,2.50,42,,https://www.goodreads.com/book/show/56854776.0
480359.0,"Then Again, Maybe I Won't",3.75,164,"Middle Grade, Realistic Fiction, Childrens",https://www.goodreads.com/book/show/480359.0
24795284.0,Summary & Study Guide Thirteen Reasons Why by Jay Asher,3.88,52,,https://www.goodreads.com/book/show/24795284.0
80201794.0,Study Guide: This Is My America by Kim Johnson,0.00,N/A,,https://www.goodreads.com/book/show/80201794.0
15790870.0,Thousand Words,3.77,284,"High School, Young Adult, Realistic Fiction",https://www.goodreads.com/book/show/15790870.0
55535219.0,To Kill A Mockingbird by Harper Lee - Finish In One Sitting Digest,4.36,41,Classics,https://www.goodreads.com/book/show/55535219.0
121821669.0,"Study Guide: Ties That Bind, Ties That Break by Lensey Namioka",0.00,66,,https://www.goodreads.com/book/show/121821669.0
132222481.0,"Through Indian Eyes The Untold Story of Native American Peoples 1st edition by Digest, Staff at Reader's published by The Reader's Digest Association Hardcover",4.13,N/A,"American History, Native American, Historical",https://www.goodreads.com/book/show/132222481.0
76703559.0,Throne of Glass,4.19,406,"Fantasy, Romance, Fiction",https://www.goodreads.com/book/show/76703559.0
2172727.0,Tobacco--The Real Story,0.00,28,,https://www.goodreads.com/book/show/2172727.0
14456320.0,Top 10 Worst Things about Ancient Rome You Wouldn't Want to Know!,3.94,32,"History, Nonfiction",https://www.goodreads.com/book/show/14456320.0
54326427.0,"Together, Apart",3.59,288,"Young Adult, LGBT, Romance",https://www.goodreads.com/book/show/54326427.0
14456315.0,Top 10 Worst Things About Ancient Greece You Wouldn't Want to Know!,3.52,32,"History, Nonfiction, Childrens",https://www.goodreads.com/book/show/14456315.0
126473790.0,Top 10 Worst Things about Ancient Egypt You Wouldn't Want to Know by Victoria England,0.00,N/A,,https://www.goodreads.com/book/show/126473790.0
6186133.0,Troubadour,3.34,304,"Fantasy, Romance, Fiction",https://www.goodreads.com/book/show/6186133.0
3896194.0,Trails to the Far West: Beyond the Mississippi,0.00,96,,https://www.goodreads.com/book/show/3896194.0
203832892.0,"[Truce] [By: Murphy, Jim] [October, 2009]",0.00,N/A,,https://www.goodreads.com/book/show/203832892.0
76714487.0,Tower of Dawn,4.28,688,"Fantasy, Romance, Fiction",https://www.goodreads.com/book/show/76714487.0
9613245.0,Creepy Egyptian Mummies: You Wouldn't Want to Meet!,3.58,32,History,https://www.goodreads.com/book/show/9613245.0
3209490.0,"Two Parties, One Tux, and a Very Short Film about The Grapes of Wrath",3.55,320,"High School, Humor, LGBT",https://www.goodreads.com/book/show/3209490.0
428263.0,Eclipse,3.74,629,"Fantasy, Romance, Fiction",https://www.goodreads.com/book/show/428263.0
138843202.0,Two Boys Kissing by David Levithan,4.07,N/A,"Banned Books, Young Adult, LGBT",https://www.goodreads.com/book/show/138843202.0
493455.0,The Uglies Trilogy,4.07,1216,"Science Fiction, Fantasy, Adventure",https://www.goodreads.com/book/show/493455.0
171694050.0,[(Vampire Academy )] [Author: Richelle Mead] [Aug-2008],4.10,N/A,"Fantasy, Urban Fantasy, Romance",https://www.goodreads.com/book/show/171694050.0
624716.0,Tide of Terror,3.98,459,"Fantasy, Adventure, Middle Grade",https://www.goodreads.com/book/show/624716.0
6123695.0,Bram Stoker's Dracula: A Documentary Journey into Vampire Country and the Dracula Phenomenon,4.38,432,"Classics, Horror, Literary Criticism",https://www.goodreads.com/book/show/6123695.0
26231227.0,Vincent van Gogh: Modern Artist,3.00,32,,https://www.goodreads.com/book/show/26231227.0
7920423.0,"Violence in Our Schools: Halls of Hope, Halls of Fear",3.33,192,,https://www.goodreads.com/book/show/7920423.0
200908253.0,Vincent's Starry Night and Other Stories: A Children's History of Art by Michael Bird,0.00,N/A,,https://www.goodreads.com/book/show/200908253.0
18006657.0,Walk two moons by Sharon Creech: Student packet,4.24,N/A,,https://www.goodreads.com/book/show/18006657.0
29283884.0,The Gentleman's Guide to Vice and Virtue,4.02,501,"LGBT, Romance, Fiction",https://www.goodreads.com/book/show/29283884.0
147023022.0,"Violence - Opposing Viewpoints ((REV)01) by Egendorf, Laura K [Hardcover (2001)]",0.00,N/A,,https://www.goodreads.com/book/show/147023022.0
214259440.0,The Trail of Tears (We the People: Expansion and Reform) by Michael Burgan,0.00,N/A,,https://www.goodreads.com/book/show/214259440.0
21424993.0,Summary & Study Guide What I Saw and How I Lied by Judy Blundell,3.75,62,,https://www.goodreads.com/book/show/21424993.0
52333540.0,Study Guide: Whale Talk by Chris Crutcher,0.00,90,,https://www.goodreads.com/book/show/52333540.0
4337687.0,Who Uses Drugs,0.00,110,,https://www.goodreads.com/book/show/4337687.0
4738226.0,What happens when you grow?,0.00,32,,https://www.goodreads.com/book/show/4738226.0
347639.0,What Happened to Lani Garver: A Young Adult Mystery Novel About Shattered Friendship and Angels,4.04,336,"Realistic Fiction, Mystery, LGBT",https://www.goodreads.com/book/show/347639.0
228705634.0,Why Did Hiroshima happen? (Moments in History) by Reg Grant,0.00,N/A,,https://www.goodreads.com/book/show/228705634.0
791889.0,What Motivates Suicide Bombers?,2.33,93,,https://www.goodreads.com/book/show/791889.0
21223879.0,Summary & Study Guide Wicked: The Life and Times of the Wicked Witch of the West by Gregory Maguire,5.00,69,,https://www.goodreads.com/book/show/21223879.0
208638.0,Why Waco? Cults & the Battle for Religious Freedom in America,3.46,254,"Religion, Cultural, Read For School",https://www.goodreads.com/book/show/208638.0
955834.0,Witches & Magic Makers,3.84,64,"Nonfiction, Magic, Childrens",https://www.goodreads.com/book/show/955834.0
18383972.0,The Great Depression and World War II: 1929-1945,3.86,48,,https://www.goodreads.com/book/show/18383972.0
89530.0,The Salem Witch Trials,3.89,96,Nonfiction,https://www.goodreads.com/book/show/89530.0
40864913.0,It Feels Good to Be Yourself: A Book About Gender Identity,4.26,40,"Picture Books, LGBT, Childrens",https://www.goodreads.com/book/show/40864913.0
923727.0,You Wouldn't Want to Be a Slave in Ancient Greece!: A Life You'd Rather Not Have,3.93,32,"Middle Grade, Picture Books, Childrens",https://www.goodreads.com/book/show/923727.0
50659471.0,A Court of Frost and Starlight,3.71,272,"Fantasy, EROTICA GENRE DEFINITION ACCORDING TO GOODREADS, Romance",https://www.goodreads.com/book/show/50659471.0
10572.0,A Clash of Kings,4.42,1009,"Fantasy, Adult, Fiction",https://www.goodreads.com/book/show/10572.0
50659468.0,A Court of Mist and Fury,4.63,626,"Fantasy, Romance, Fiction",https://www.goodreads.com/book/show/50659468.0
125004374.0,"19th Century Art by Robert Rosenblum, H. W. Janson, Horst Woldemar Janson (2004) Hardcover",0.00,N/A,,https://www.goodreads.com/book/show/125004374.0
53138095.0,A ​Court of Silver Flames,4.45,757,"Fantasy, Romance, Fiction",https://www.goodreads.com/book/show/53138095.0
50659467.0,A Court of Thorns and Roses,4.16,419,"Fantasy, Romance, Fiction",https://www.goodreads.com/book/show/50659467.0
13497.0,A Feast for Crows,4.17,1060,"Fantasy, Adult, Fiction",https://www.goodreads.com/book/show/13497.0
50659472.0,A Court of Wings and Ruin,4.46,699,"Fantasy, Romance, Fiction",https://www.goodreads.com/book/show/50659472.0
13496.0,A Game of Thrones,4.45,835,"Fantasy, Adult, Fiction",https://www.goodreads.com/book/show/13496.0
30118.0,A Light in the Attic,4.37,176,"Humor, Classics, Childrens",https://www.goodreads.com/book/show/30118.0
10664113.0,A Dance with Dragons,4.34,1125,"Fantasy, Dragons, Fiction",https://www.goodreads.com/book/show/10664113.0
251322.0,A Pocket Dictionary of Greek and Roman Gods and Goddesses,3.57,48,"Reference, Nonfiction, Greek Mythology",https://www.goodreads.com/book/show/251322.0
62291.0,A Storm of Swords,4.55,1177,"Fantasy, Adult, Fiction",https://www.goodreads.com/book/show/62291.0
40554413.0,A Story of Medicine in 50 Discoveries: From Mummies to Gene Splicing,3.33,288,History,https://www.goodreads.com/book/show/40554413.0
120847.0,Alice the Fairy,4.09,40,"Fantasy, Humor, Picture Books",https://www.goodreads.com/book/show/120847.0
44280883.0,All Boys Aren’t Blue,4.18,304,"Banned Books, LGBT, Biography",https://www.goodreads.com/book/show/44280883.0
917550.0,Albrecht Durer,3.97,140,"Art, Nonfiction, Germany",https://www.goodreads.com/book/show/917550.0
137251412.0,"Amedeo Modigliani 1884-1920: The Poetry of Seeing (Taschen Basic Art Series) by Krystof, Doris (2000) Paperback",5.00,N/A,,https://www.goodreads.com/book/show/137251412.0
63048062.0,Al Capone,3.70,176,"Bande Dessinée, Graphic Novels, Comics",https://www.goodreads.com/book/show/63048062.0
213704.0,Alphonse Mucha,4.27,159,"Biography, Art, Art History",https://www.goodreads.com/book/show/213704.0
129563628.0,Ancient Greek Art and Architecture,0.00,128,,https://www.goodreads.com/book/show/129563628.0
30037870.0,Allegedly,4.02,390,"Young Adult, Mystery, Fiction",https://www.goodreads.com/book/show/30037870.0
43801602.0,All the Things We Do in the Dark: A Dark YA Thriller of Secrets and Scars,3.51,296,"Young Adult, Mystery, LGBT",https://www.goodreads.com/book/show/43801602.0
238080165.0,"America's Art, Smithsonian American Art Museum (Hardcover)--by Theresa J. Slowik [2006 Edition]",0.00,N/A,,https://www.goodreads.com/book/show/238080165.0
14943177.0,Ancient Roman Art and Architecture,3.00,128,,https://www.goodreads.com/book/show/14943177.0
57552438.0,And They Lived . . .,3.94,384,"Young Adult, LGBT, Romance",https://www.goodreads.com/book/show/57552438.0
529819.0,Annotated Art: The World's Greatest Paintings Explored and Explained,4.27,104,"Banned Books, Cultural, Art",https://www.goodreads.com/book/show/529819.0
17573857.0,Art and Architecture in Mexico,4.16,432,"Art, Nonfiction, Architecture",https://www.goodreads.com/book/show/17573857.0
2897662.0,Annie Leibovitz at Work,4.12,240,"Photography, Biography, Art",https://www.goodreads.com/book/show/2897662.0
35794821.0,Anne Frank's Diary: The Graphic Adaptation,4.37,151,"Graphic Novels, Classics, Biography",https://www.goodreads.com/book/show/35794821.0
138761624.0,Art Theory For Beginners by Richard Osborne,3.78,N/A,"Graphic Novels, Art, Philosophy",https://www.goodreads.com/book/show/138761624.0
124050772.0,Art Attack: A Short Cultural History of the Avant Garde by Marc Aronson,0.00,N/A,,https://www.goodreads.com/book/show/124050772.0
246475624.0,Believe Me - Tahereh Mafi,0.00,N/A,,https://www.goodreads.com/book/show/246475624.0
6149.0,Beloved,3.98,325,"Magical Realism, Classics, School",https://www.goodreads.com/book/show/6149.0
58558604.0,Bitter,4.10,272,"Fantasy, Magical Realism, LGBT",https://www.goodreads.com/book/show/58558604.0
812418.0,Black Art: A Cultural History (Second Edition),4.00,272,"Art, Art History, African American",https://www.goodreads.com/book/show/812418.0
56677471.0,"Blue Period, Vol. 7",4.49,208,"Manga, Graphic Novels, Art",https://www.goodreads.com/book/show/56677471.0
56677460.0,"Blue Period, Vol. 5",4.60,208,"Manga, Graphic Novels, Art",https://www.goodreads.com/book/show/56677460.0
1324265.0,Art: An A-Z Guide,3.25,128,,https://www.goodreads.com/book/show/1324265.0
58884661.0,"Blue Period, Vol. 8",4.27,208,"Graphic Novels, Manga, Art",https://www.goodreads.com/book/show/58884661.0
49151016.0,Body Talk: 37 Voices Explore Our Radical Anatomy,4.03,256,"Essays, Mental Health, Feminism",https://www.goodreads.com/book/show/49151016.0
43894767.0,Botticelli. Bruno Santi,3.55,N/A,"Art, Nonfiction, Art History",https://www.goodreads.com/book/show/43894767.0
56677466.0,"Blue Period, Vol. 6",4.61,208,"Manga, Graphic Novels, Art",https://www.goodreads.com/book/show/56677466.0
58444853.0,Brave New World: A Graphic Novel,3.69,240,"Science Fiction, Graphic Novels, Classics",https://www.goodreads.com/book/show/58444853.0
28382276.0,Summary & Study Guide Breaking Dawn by Stephenie Meyer,0.00,71,,https://www.goodreads.com/book/show/28382276.0
34506937.0,Brazen: Rebel Ladies Who Rocked the World,4.51,296,"Graphic Novels, Biography, Comics",https://www.goodreads.com/book/show/34506937.0
1351447.0,Chardin: Colour Library,4.40,128,Art,https://www.goodreads.com/book/show/1351447.0
126193791.0,[(Chagall )] [Author: Gill Polonsky] [Jun-1998],0.00,N/A,,https://www.goodreads.com/book/show/126193791.0
50694993.0,Butts Are Everywhere,3.90,32,"Humor, Juvenile, Picture Books",https://www.goodreads.com/book/show/50694993.0
60506933.0,"Blue Period, Vol. 9",4.37,198,"Manga, Graphic Novels, Art",https://www.goodreads.com/book/show/60506933.0
79266.0,Caribbean Art,4.22,224,"Art, Nonfiction, History",https://www.goodreads.com/book/show/79266.0
593199.0,Chicano Visions: American Painters on the Verge,4.33,160,"Art, History",https://www.goodreads.com/book/show/593199.0
41015133.0,Classical Mythology: Myths and Legends of the Ancient World,3.81,411,"History, Nonfiction, Mythology",https://www.goodreads.com/book/show/41015133.0
10710392.0,Chopsticks,3.86,272,"Young Adult, Graphic Novels, Mystery",https://www.goodreads.com/book/show/10710392.0
197306586.0,Collide,3.76,395,"Hockey, Romance, Hockey Romance",https://www.goodreads.com/book/show/197306586.0
1173345.0,Contemporary African Art,3.82,224,"Art, Art History, Africa",https://www.goodreads.com/book/show/1173345.0
49909479.0,"A Clockwork Orange by Anthony Burgess (Book Analysis): Detailed Summary, Analysis and Reading Guide",4.50,27,,https://www.goodreads.com/book/show/49909479.0
49025767.0,Darius the Great Deserves Better,4.24,342,"Young Adult, LGBT, Romance",https://www.goodreads.com/book/show/49025767.0
52822210.0,Concrete Rose,4.37,368,"Young Adult, Realistic Fiction, Fiction",https://www.goodreads.com/book/show/52822210.0
50748473.0,Cool for the Summer,3.75,272,"Lesbian, Young Adult, LGBT",https://www.goodreads.com/book/show/50748473.0
34992959.0,Defy Me,4.27,357,"Science Fiction, Fantasy, Romance",https://www.goodreads.com/book/show/34992959.0
13623150.0,Destroy Me,3.94,111,"Science Fiction, Fantasy, Novella",https://www.goodreads.com/book/show/13623150.0
207093358.0,[(Diane Arbus: an Aperture Monograph )] [Author: Diane Arbus] [Sep-2012],0.00,N/A,,https://www.goodreads.com/book/show/207093358.0
6340189.0,Dionysus,4.33,48,,https://www.goodreads.com/book/show/6340189.0
57394661.0,"Don't Toy With Me, Miss Nagatoro, Vol. 6",4.18,178,"Humor, Comedy, Manga",https://www.goodreads.com/book/show/57394661.0
159792830.0,Digital Art: A Complete Guide to Making Your Own Computer Artworks by David Cousens,3.50,N/A,,https://www.goodreads.com/book/show/159792830.0
58542837.0,"Don't Toy With Me, Miss Nagatoro Vol. 8",4.23,186,"Humor, Comedy, Manga",https://www.goodreads.com/book/show/58542837.0
57725204.0,"Don't Toy With Me, Miss Nagatoro, Vol. 9",4.24,176,"Humor, Comedy, Manga",https://www.goodreads.com/book/show/57725204.0
58010242.0,"Don't Toy With Me, Miss Nagatoro Vol. 7",4.20,162,"Humor, Comedy, Manga",https://www.goodreads.com/book/show/58010242.0
36900021.0,"Everything, Everything / The Sun Is Also a Star",4.26,572,"Romance, Fiction, Young Adult",https://www.goodreads.com/book/show/36900021.0
141859718.0,Edward Hopper: A Modern Master (Todtri art series) by Ita G. Berkow,3.79,N/A,Art,https://www.goodreads.com/book/show/141859718.0
532238.0,Draw Me a Star,3.87,40,"Banned Books, Picture Books, Childrens",https://www.goodreads.com/book/show/532238.0
93602405.0,Study Guide: Felix Ever After by Kacen Callender,1.00,56,,https://www.goodreads.com/book/show/93602405.0
428263.0,Eclipse,3.74,629,"Fantasy, Romance, Fiction",https://www.goodreads.com/book/show/428263.0
193578065.0,Study Guide: Flamer by Mike Curato,0.00,59,,https://www.goodreads.com/book/show/193578065.0
25528801.0,"Exit, Pursued by a Bear",3.91,243,"Young Adult, Realistic Fiction, Fiction",https://www.goodreads.com/book/show/25528801.0
146205813.0,Donatello (The Library of Great Masters) by Giovanna Gaeta Bertela,0.00,N/A,,https://www.goodreads.com/book/show/146205813.0
102897988.0,"Study Guide: Forgive Me, Leonard Peacock by Matthew Quick",0.00,70,,https://www.goodreads.com/book/show/102897988.0
32919114.0,"Fire Force, Vol. 1",4.09,194,"Fantasy, Manga, Graphic Novels",https://www.goodreads.com/book/show/32919114.0
842205.0,Degas,4.38,128,Art,https://www.goodreads.com/book/show/842205.0
43521352.0,Find Me,4.03,224,"Fantasy, Novella, Romance",https://www.goodreads.com/book/show/43521352.0
28003097.0,Georgia Peaches and Other Forbidden Fruit,3.75,437,"Lesbian, Young Adult, LGBT",https://www.goodreads.com/book/show/28003097.0
1421976.0,God: A Brief History,3.58,N/A,"Religion, Philosophy, Reference",https://www.goodreads.com/book/show/1421976.0
59593401.0,Georgia O’keeffe Paroles d’artiste,4.25,64,,https://www.goodreads.com/book/show/59593401.0
133964569.0,Flame of Recca Vol 33 by Nobuyuki Anzai (1-Oct-2010) Paperback,3.78,N/A,"Fantasy, Adventure, Graphic Novels",https://www.goodreads.com/book/show/133964569.0
772976.0,Frida Kahlo: 1907-1954 Pain and Passion,4.21,96,"Biography, Art, Art History",https://www.goodreads.com/book/show/772976.0
12828294.0,Giotto di Bondone : about 1267 - 1337.,3.82,N/A,Art,https://www.goodreads.com/book/show/12828294.0
54823478.0,Grace and Glory,4.00,512,"Fantasy, Urban Fantasy, Romance",https://www.goodreads.com/book/show/54823478.0
530681.0,Gods and Goddesses,3.63,48,,https://www.goodreads.com/book/show/530681.0
30165203.0,American Gods: Tenth Anniversary,4.10,635,"Science Fiction, Fantasy, Urban Fantasy",https://www.goodreads.com/book/show/30165203.0
132939307.0,Gray's Anatomy: The Anatomical Basis of Medicine and Surgery by Peter L. Williams,4.31,N/A,"Classics, Biology, Reference",https://www.goodreads.com/book/show/132939307.0
31706530.0,Grit,3.57,304,"Young Adult, Realistic Fiction, Mystery",https://www.goodreads.com/book/show/31706530.0
49397758.0,Grown,4.24,384,"Young Adult, Mystery, Fiction",https://www.goodreads.com/book/show/49397758.0
148943007.0,[(Greek Mythology for Beginners)] [Author: Joe Lee] published on,2.00,N/A,,https://www.goodreads.com/book/show/148943007.0
56246237.0,Greek Myths: A New Retelling,3.82,336,"Fantasy, Retellings, Classics",https://www.goodreads.com/book/show/56246237.0
279352.0,Los Caprichos,4.51,192,"Classics, Spain, Art",https://www.goodreads.com/book/show/279352.0
503418.0,Greek legends and stories,3.41,176,"Classics, Reference, Greek Mythology",https://www.goodreads.com/book/show/503418.0
7276681.0,Hephaestus,3.50,48,,https://www.goodreads.com/book/show/7276681.0
61362824.0,Henry Taylor: B Side,4.67,237,Art,https://www.goodreads.com/book/show/61362824.0
7943952.0,Henri Cartier-Bresson: The Modern Century,4.56,376,"Photography, Art, Essays",https://www.goodreads.com/book/show/7943952.0
51170326.0,Heroes: The Greek Myths Reimagined,4.31,540,"Classics, Historical, Greek Mythology",https://www.goodreads.com/book/show/51170326.0
49656780.0,Home Body,4.06,192,"Adult, Self Help, Mental Health",https://www.goodreads.com/book/show/49656780.0
310614.0,How to Read a Painting: Lessons from the Old Masters,3.96,383,"Art, Art History, Reference",https://www.goodreads.com/book/show/310614.0
103898.0,Gustav Klimt: Drawings & Watercolours,4.32,399,"Art, Nonfiction",https://www.goodreads.com/book/show/103898.0
139107210.0,Hollow City: The Graphic Novel by Ransom Riggs,4.19,N/A,"Fantasy, Graphic Novels, Horror",https://www.goodreads.com/book/show/139107210.0
102090802.0,Summary and Analysis of Hunger: A Memoir of (My) Body By Roxane Gay,0.00,24,,https://www.goodreads.com/book/show/102090802.0
22126169.0,Human Anatomy: The Definitive Visual Guide,4.55,256,"Biology, Reference, Medicine",https://www.goodreads.com/book/show/22126169.0
1351522.0,Holbein,3.82,N/A,Art,https://www.goodreads.com/book/show/1351522.0
29010395.0,I Am Not Your Perfect Mexican Daughter,4.00,344,"Young Adult, Realistic Fiction, Latinx",https://www.goodreads.com/book/show/29010395.0
45046086.0,"I Know Why the Caged Bird Sings by Maya Angelou (Book Analysis): Detailed Summary, Analysis and Reading Guide",3.80,26,,https://www.goodreads.com/book/show/45046086.0
209364876.0,Study Guide: Ignite Me by Tahereh Mafi,4.00,73,,https://www.goodreads.com/book/show/209364876.0
20820994.0,I'll Give You the Sun,4.15,371,"Young Adult, Realistic Fiction, LGBT",https://www.goodreads.com/book/show/20820994.0
39651122.0,I Too Sing America: The Harlem Renaissance at 100,4.48,248,"Art, Nonfiction, History",https://www.goodreads.com/book/show/39651122.0
44054122.0,Imagine Me,4.01,450,"Science Fiction, Fantasy, Romance",https://www.goodreads.com/book/show/44054122.0
59112062.0,Summary of It Ends With Us by Colleen Hoover,4.00,40,,https://www.goodreads.com/book/show/59112062.0
233904296.0,"No, David! 6 Book Collection Set (David Gets in Trouble, David Goes to School, No, David!, Grow Up David! , That's Not Funny, David!, It's Christmas, David!) By David Shannon",0.00,200,,https://www.goodreads.com/book/show/233904296.0
55200702.0,Jay's Gay Agenda,3.51,368,"Young Adult, LGBT, Romance",https://www.goodreads.com/book/show/55200702.0
925288.0,"In Praise of Black Women, Volume 1: Ancient African Queens",4.56,448,"Biography, Feminism, Africa",https://www.goodreads.com/book/show/925288.0
59811378.0,In the Black Fantastic,4.53,304,"Art, Art History, Feminism",https://www.goodreads.com/book/show/59811378.0
40612390.0,Jean-Michel Basquiat,4.58,498,"Art, Coffee Table Books, Art History",https://www.goodreads.com/book/show/40612390.0
22808336.0,"Kill Shakespeare, Vol. 4: The Mask of Night",3.35,120,"Fantasy, Adventure, Graphic Novels",https://www.goodreads.com/book/show/22808336.0
11518995.0,"Kill Shakespeare, Vol. 2: The Blast of War",3.56,148,"Fantasy, Adventure, Graphic Novels",https://www.goodreads.com/book/show/11518995.0
28818221.0,Kindred: A Graphic Novel Adaptation,4.19,256,"Science Fiction, Fantasy, Graphic Novels",https://www.goodreads.com/book/show/28818221.0
70575234.0,Leonardo Da Vinci 1452 1519,4.33,N/A,Art,https://www.goodreads.com/book/show/70575234.0
161472298.0,"[Last man: The Royal Cup] [By: Vivès, Bastien] [June, 2015]",4.08,N/A,"Fantasy, Bande Dessinée, Graphic Novels",https://www.goodreads.com/book/show/161472298.0
25494343.0,Lady Midnight,4.35,688,"Fantasy, Urban Fantasy, Romance",https://www.goodreads.com/book/show/25494343.0
58502672.0,Kiss & Tell,3.62,384,"Young Adult, LGBT, Romance",https://www.goodreads.com/book/show/58502672.0
17857529.0,"Kill Shakespeare, Vol. 3: The Tide of Blood",3.51,140,"Fantasy, Retellings, Graphic Novels",https://www.goodreads.com/book/show/17857529.0
81071294.0,Study Guide: Last Night at the Telegraph Club by Malinda Lo,3.25,N/A,,https://www.goodreads.com/book/show/81071294.0
3024964.0,Life in Ancient Egypt,3.80,32,History,https://www.goodreads.com/book/show/3024964.0
719319.0,"Leonardo da Vinci: Artist, Inventor and Scientist of the Renaissance",3.65,64,,https://www.goodreads.com/book/show/719319.0
17456953.0,Lighter than My Shadow,4.40,509,"Mental Illness, Graphic Novels, Graphic Novels Comics",https://www.goodreads.com/book/show/17456953.0
29588376.0,The Lies of Locke Lamora,4.30,752,"Fantasy, Adventure, Adult",https://www.goodreads.com/book/show/29588376.0
99561.0,Looking for Alaska,3.96,221,"Young Adult, Realistic Fiction, Romance",https://www.goodreads.com/book/show/99561.0
202359965.0,Study Guide: Loveless by Alice Oseman,4.00,62,,https://www.goodreads.com/book/show/202359965.0
196704.0,Magritte: Colour Library,3.72,128,"Art, Nonfiction",https://www.goodreads.com/book/show/196704.0
157325141.0,Mary McCartney: From Where I Stand by Mary McCartney (11-Oct-2010) Hardcover,0.00,N/A,,https://www.goodreads.com/book/show/157325141.0
8388836.0,Masterpieces: The Best-Loved Paintings from America's Museums,3.20,160,Art,https://www.goodreads.com/book/show/8388836.0
167506342.0,Manet [Hardcover] John Richardson,4.07,N/A,"Art, Nonfiction",https://www.goodreads.com/book/show/167506342.0
60483716.0,Summary of Love and Other Words by Christina Lauren,4.00,N/A,,https://www.goodreads.com/book/show/60483716.0
1690736.0,Matisse: Master of Pure Color--His Life in Paintings,4.13,143,Art,https://www.goodreads.com/book/show/1690736.0
128733391.0,"Maxfield Parrish, 1870-1966 by Yount, Sylvia, Parrish, Maxfield (1999) Paperback",0.00,N/A,,https://www.goodreads.com/book/show/128733391.0
211256609.0,Medieval European Art and Architecture (Eye on Art) by Don Nardo,0.00,N/A,,https://www.goodreads.com/book/show/211256609.0
30312891.0,Lord of Shadows,4.40,699,"Fantasy, Urban Fantasy, Romance",https://www.goodreads.com/book/show/30312891.0
12297316.0,Michelangelo Buonarroti 1475-1564,4.17,138,Art,https://www.goodreads.com/book/show/12297316.0
159840081.0,"Rare Ornella Casazza / MASACCIO And the Brancacci Chapel 1998 [Paperback] Casazza, Ornella",3.83,N/A,Art,https://www.goodreads.com/book/show/159840081.0
50160068.0,Medicine: A Graphic History,3.90,240,"Bande Dessinée, Graphic Novels, Comics",https://www.goodreads.com/book/show/50160068.0
17333322.0,Miss Peregrine's Home for Peculiar Children: The Graphic Novel,4.13,272,"Fantasy, Graphic Novels, Horror",https://www.goodreads.com/book/show/17333322.0
33566336.0,Milk and Honey by Rupi Kaur | Conversation Starters,3.84,67,,https://www.goodreads.com/book/show/33566336.0
46228086.0,Mythos: The Greek Myths Reimagined,4.26,466,"Classics, Historical, Greek Mythology",https://www.goodreads.com/book/show/46228086.0
12676007.0,Michelangelo: Sculptor And Painter,3.29,112,"Art, Biography",https://www.goodreads.com/book/show/12676007.0
54303404.0,"Moriarty the Patriot, Vol. 3",4.45,208,"Manga, Mystery, Graphic Novels",https://www.goodreads.com/book/show/54303404.0
1504400.0,National Gallery of Art: Master Paintings from the Collection,4.33,492,"Art, Art History",https://www.goodreads.com/book/show/1504400.0
1958493.0,"Dk Eyewitness Mythology: World Myths, Gods, Heroes, Creatures, Mythical Places",3.87,352,"Religion, Research, Reference",https://www.goodreads.com/book/show/1958493.0
211259389.0,Mythology (Eyewitness) by Neil Philip,0.00,N/A,,https://www.goodreads.com/book/show/211259389.0
35074096.0,Mythos: The Greek Myths Retold,4.26,416,"Classics, Historical, Greek Mythology",https://www.goodreads.com/book/show/35074096.0
133383678.0,"Native Son by Wright, Richard (2008) Paperback",4.04,N/A,"Banned Books, Classics, Fiction",https://www.goodreads.com/book/show/133383678.0
1708338.0,Oceanic Art,3.68,N/A,"Art, Art History, Reference",https://www.goodreads.com/book/show/1708338.0
36105772.0,Neanderthal Opens the Door to the Universe,4.23,410,"Humor, Young Adult, Realistic Fiction",https://www.goodreads.com/book/show/36105772.0
63290582.0,Study Guide: One Last Stop by Casey McQuiston,1.00,N/A,,https://www.goodreads.com/book/show/63290582.0
55100346.0,Not My Problem,4.10,368,"Lesbian, Young Adult, LGBT",https://www.goodreads.com/book/show/55100346.0
25256386.0,Out of Darkness,4.14,402,"Banned Books, Romance, Fiction",https://www.goodreads.com/book/show/25256386.0
2561216.0,Paul Cezanne,3.00,80,Art,https://www.goodreads.com/book/show/2561216.0
6479370.0,Netter's Anatomy Coloring Book,4.42,368,"School, Textbooks, Reference",https://www.goodreads.com/book/show/6479370.0
2691430.0,Pablo Picasso: A Retrospective,4.29,464,"Art, Art History, Biography",https://www.goodreads.com/book/show/2691430.0
135315364.0,Gaugin - Exposition Du Centenaire,0.00,N/A,,https://www.goodreads.com/book/show/135315364.0
4268157.0,Perfect Chemistry,4.04,368,"High School, Young Adult, Romance",https://www.goodreads.com/book/show/4268157.0
2802531.0,Perseus,4.00,48,,https://www.goodreads.com/book/show/2802531.0
13541056.0,Queen of Air and Darkness,4.32,893,"Fantasy, Urban Fantasy, Romance",https://www.goodreads.com/book/show/13541056.0
51852191.0,Rage and Ruin,4.12,540,"Fantasy, Urban Fantasy, Romance",https://www.goodreads.com/book/show/51852191.0
123639464.0,"Emeraldalicious (Pinkalicious) by Kann, Victoria (2013) Hardcover",5.00,N/A,,https://www.goodreads.com/book/show/123639464.0
2570858.0,Raphael. The Library of Great Masters,3.60,80,Art,https://www.goodreads.com/book/show/2570858.0
1068081.0,Pierre-Auguste Renoir,2.50,80,,https://www.goodreads.com/book/show/1068081.0
26107311.0,Summary of Ready Player One: by Ernest Cline | Summary & Analysis,4.26,116,,https://www.goodreads.com/book/show/26107311.0
60395815.0,Rain,3.57,156,"Graphic Novels, LGBT, Graphic Novels Comics",https://www.goodreads.com/book/show/60395815.0
167903926.0,"Religion (05) by Langley, Myrtle [Hardcover (2005)]",0.00,N/A,,https://www.goodreads.com/book/show/167903926.0
43721070.0,Red Hood,3.44,361,"Fantasy, Retellings, Fairy Tales",https://www.goodreads.com/book/show/43721070.0
228803251.0,Relish: My Life in the Kitchen by Lucy Knisley,3.95,N/A,"Graphic Novels, Cooking, Biography",https://www.goodreads.com/book/show/228803251.0
5320529.0,Richard Jolley: Sculptor of Glass,5.00,86,,https://www.goodreads.com/book/show/5320529.0
212648090.0,"Ready, Set, Grow!: A What's Happening to My Body? Book for Younger Girls by Lynda Madaras",0.00,N/A,,https://www.goodreads.com/book/show/212648090.0
228482967.0,Study Guide: Restore Me by Tahereh Mafi,0.00,70,,https://www.goodreads.com/book/show/228482967.0
30027070.0,Richard Matheson: Master of Terror Graphic Novel Collection,3.67,572,"Horror, Graphic Novels",https://www.goodreads.com/book/show/30027070.0
777832.0,Discovering Art: Salvador Dali,3.75,96,Art,https://www.goodreads.com/book/show/777832.0
141431820.0,The Renaissance by George Holmes,0.00,N/A,,https://www.goodreads.com/book/show/141431820.0
5520876.0,Sculpture,3.92,64,Art,https://www.goodreads.com/book/show/5520876.0
189295.0,Focus: Five Women Photographers: Julia Margaret Cameron/Margaret Bourke-White/Flor Garduño/Sandy Skoglund/Lorna Simpson,3.86,63,Photography,https://www.goodreads.com/book/show/189295.0
13335037.0,Divergent,4.13,487,"Science Fiction, Fantasy, Adventure",https://www.goodreads.com/book/show/13335037.0
36286471.0,Secrets of the Human Body,3.87,257,"Psychology, Medicine, Medical",https://www.goodreads.com/book/show/36286471.0
30150814.0,Ripper: The Secret Life of Walter Sickert,3.59,570,"Mystery, Biography, True Crime",https://www.goodreads.com/book/show/30150814.0
48919496.0,Study Guide: Shatter Me by Tahereh Mafi,5.00,67,,https://www.goodreads.com/book/show/48919496.0
212495821.0,"Sex, Puberty and All That Stuff: A Guide to Growing Up",4.07,N/A,"Nonfiction, Banned Books, Parenting",https://www.goodreads.com/book/show/212495821.0
4981.0,Slaughterhouse-Five,4.10,275,"Science Fiction, Classics, Fiction",https://www.goodreads.com/book/show/4981.0
52656491.0,"Sleeping Beauties, Vol. 1",3.43,128,"Fantasy, Adult, Graphic Novels",https://www.goodreads.com/book/show/52656491.0
58437812.0,She Gets the Girl,4.08,384,"Lesbian, LGBT, Romance",https://www.goodreads.com/book/show/58437812.0
40984365.0,Sissy: A Coming-of-Gender Story,4.06,319,"LGBT, Biography, Memoir",https://www.goodreads.com/book/show/40984365.0
162714975.0,Sister Wendy's Story of Painting: The Essential Guide to the History of Western Art by Sister Wendy Beckett,4.00,N/A,,https://www.goodreads.com/book/show/162714975.0
61159541.0,"Sleeping Beauties, Vol. 2",3.45,128,"Fantasy, Supernatural, Graphic Novels",https://www.goodreads.com/book/show/61159541.0
32919020.0,"So Cute It Hurts!!, Vol. 14",4.19,192,"Manga, Graphic Novels, Romance",https://www.goodreads.com/book/show/32919020.0
52295479.0,Squad,3.79,213,"Fantasy, Graphic Novels, LGBT",https://www.goodreads.com/book/show/52295479.0
32919019.0,"So Cute It Hurts, Vol. 13",4.10,200,"Manga, Graphic Novels, Romance",https://www.goodreads.com/book/show/32919019.0
40291564.0,Storm and Fury,4.03,512,"Fantasy, Urban Fantasy, Romance",https://www.goodreads.com/book/show/40291564.0
4502427.0,The Ancient Greeks,2.67,80,,https://www.goodreads.com/book/show/4502427.0
31140413.0,"So Cute It Hurts!!, Vol. 12",4.01,192,"Manga, Graphic Novels, Romance",https://www.goodreads.com/book/show/31140413.0
27157815.0,Take It as a Compliment,4.23,100,"Graphic Novels, Graphic Novels Comics, Comics",https://www.goodreads.com/book/show/27157815.0
34466646.0,"So Cute It Hurts!!, Vol. 15",4.07,192,"Young Adult, Manga, Graphic Novels",https://www.goodreads.com/book/show/34466646.0
19148801.0,Study Guide to The Absolutely True Diary of a Part-Time Indian by Sherman Alexie,3.82,24,,https://www.goodreads.com/book/show/19148801.0
189147204.0,The Art of Ukraine,4.30,272,"Art, Nonfiction",https://www.goodreads.com/book/show/189147204.0
53967933.0,The Art of Contemporary China,4.38,216,"Art, History",https://www.goodreads.com/book/show/53967933.0
51476595.0,The Big Questions Book of Sex & Consent,3.66,320,"Self Help, Sexuality, Relationships",https://www.goodreads.com/book/show/51476595.0
8473011.0,The Body Book For Boys,4.05,128,"Self Help, Nonfiction, Parenting",https://www.goodreads.com/book/show/8473011.0
22390639.0,Summary & Study Guide The Art of Racing in the Rain by Garth Stein,4.20,53,Audiobook,https://www.goodreads.com/book/show/22390639.0
6100264.0,"The Beautiful Stories of Life: Six Greek Myths, Retold",3.67,80,"Fantasy, Middle Grade, Picture Books",https://www.goodreads.com/book/show/6100264.0
52625075.0,Study Guide: The Book Of Unknown Americans by Cristina Henríquez,4.00,43,,https://www.goodreads.com/book/show/52625075.0
50831779.0,The Art of Drag,4.42,136,"Graphic Novels, LGBT, Art",https://www.goodreads.com/book/show/50831779.0
139031.0,"York Notes Advanced on ""The Color Purple"" by Alice Walker",4.67,N/A,"Adult, Classics, Fiction",https://www.goodreads.com/book/show/139031.0
22571247.0,The Carnival at Bray,3.90,235,"Realistic Fiction, Romance, Fiction",https://www.goodreads.com/book/show/22571247.0
49719054.0,Summary: The Body - A Guide for Occupants by Bill Bryson,4.09,27,,https://www.goodreads.com/book/show/49719054.0
2217465.0,The Cyclopes,3.82,95,"Mythology, Greek Mythology",https://www.goodreads.com/book/show/2217465.0
335080.0,The Complete History of Costume & Fashion: From Ancient Egypt to the Present Day,3.62,256,"History, Nonfiction, Reference",https://www.goodreads.com/book/show/335080.0
1800996.0,The Encyclopedia of Sculpting Techniques: A Comprehensive Visual Guide to Traditional and Contemporary Techniques,3.40,176,,https://www.goodreads.com/book/show/1800996.0
46223363.0,The Daughters of Ys,3.83,206,"Fantasy, Retellings, Graphic Novels",https://www.goodreads.com/book/show/46223363.0
18302455.0,The Circle,3.43,493,"Science Fiction, Adult, Fiction",https://www.goodreads.com/book/show/18302455.0
16794.0,The Facts In The Case Of The Departure Of Miss Finch,3.53,56,"Fantasy, Graphic Novels, Mystery",https://www.goodreads.com/book/show/16794.0
20814047.0,The Fault in Our Stars: by John Green -- Sidekick,4.13,50,Book Club,https://www.goodreads.com/book/show/20814047.0
187871.0,"The Everything Classical Mythology Book: Greek and Roman Gods, Goddesses, Heroes, and Monsters from Ares to Zeus",3.72,304,"Reference, Greece, Greek Mythology",https://www.goodreads.com/book/show/187871.0
38448.0,The Handmaid's Tale By Margaret Atwood: A Post 16 Study Guide,3.79,40,"Classics, Audiobook",https://www.goodreads.com/book/show/38448.0
218821254.0,"Handy Anatomy Answer Book, The (Handy Answer Books) by Naomi E Balaban (5-Apr-2013) Paperback",0.00,N/A,,https://www.goodreads.com/book/show/218821254.0
57678822.0,The Gentleman's Guide to Vice and Virtue & The Lady's Guide to Petticoats and Piracy By Mackenzi Lee 2 Books Collection Set,3.88,N/A,"Young Adult, LGBT, Historical Fiction",https://www.goodreads.com/book/show/57678822.0
157247894.0,The History of Archaeology: Great Excavations of the World by John Romer,0.00,N/A,,https://www.goodreads.com/book/show/157247894.0
58874675.0,The Honeys,3.79,344,"Mystery, LGBT, Horror",https://www.goodreads.com/book/show/58874675.0
40910448.0,The Iliad: A Graphic Novel,3.95,272,"Fantasy, Graphic Novels, Classics",https://www.goodreads.com/book/show/40910448.0
497867.0,The Journey of Diego Rivera,3.00,104,,https://www.goodreads.com/book/show/497867.0
904116.0,The Illustrated Book of Myths: Tales & Legends of the World,4.27,192,"Fairy Tales, Childrens, Art",https://www.goodreads.com/book/show/904116.0
55751553.0,SUMMARY Of The Invisible Life of Addie LaRue By V. E. Schwab,4.14,N/A,"Fantasy, Audiobook",https://www.goodreads.com/book/show/55751553.0
57678822.0,The Gentleman's Guide to Vice and Virtue & The Lady's Guide to Petticoats and Piracy By Mackenzi Lee 2 Books Collection Set,3.88,N/A,"Young Adult, LGBT, Historical Fiction",https://www.goodreads.com/book/show/57678822.0
21060082.0,Summary & Study Guide The Kite Runner by Khaled Hosseini,4.00,64,"Fiction, Contemporary",https://www.goodreads.com/book/show/21060082.0
11296523.0,The Kite Runner: Graphic Novel,4.45,132,"Adult, Graphic Novels, Graphic Novels Comics",https://www.goodreads.com/book/show/11296523.0
43261154.0,The Last Book On The Left: Stories of Murder and Mayhem from History’s Most Notorious Serial Killers,4.22,304,"Humor, True Crime, Horror",https://www.goodreads.com/book/show/43261154.0
29981.0,The Island of Dr. Moreau,3.73,160,"Science Fiction, Fantasy, Classics",https://www.goodreads.com/book/show/29981.0
52934919.0,The Nobleman's Guide to Scandal and Shipwrecks,4.13,592,"Fantasy, LGBT, Fiction",https://www.goodreads.com/book/show/52934919.0
7989499.0,The Odyssey: A Graphic Novel,3.92,248,"Fantasy, Young Adult, Graphic Novels",https://www.goodreads.com/book/show/7989499.0
20412869.0,Study Guide: The Perks of Being a Wallflower by Stephen Chbosky,3.98,38,Fiction,https://www.goodreads.com/book/show/20412869.0
22546471.0,"The Last Halloween, Book 1: Children",4.26,448,"Fantasy, Humor, Halloween",https://www.goodreads.com/book/show/22546471.0
145659929.0,The Panorama of the Renaissance by Margaret Aston,4.09,N/A,"Renaissance, Art, Art History",https://www.goodreads.com/book/show/145659929.0
36099120.0,The Opposite of Innocent,3.72,272,"Young Adult, Realistic Fiction, Abuse",https://www.goodreads.com/book/show/36099120.0
50846677.0,Study Guide: The Poet X by Elizabeth Acevedo,4.75,47,,https://www.goodreads.com/book/show/50846677.0
2142244.0,The Seven Wonders of the Historic World,3.43,32,,https://www.goodreads.com/book/show/2142244.0
46158702.0,The Poster: A Visual History,4.40,304,"Art, Nonfiction",https://www.goodreads.com/book/show/46158702.0
2997031.0,The Story of Sculpture : From prehistory to the present,3.33,64,,https://www.goodreads.com/book/show/2997031.0
202859.0,The Photograph as Contemporary Art,3.95,224,"Photography, Art, Essays",https://www.goodreads.com/book/show/202859.0
235257490.0,The Snow Globe Family by Jane O'Connor,0.00,N/A,,https://www.goodreads.com/book/show/235257490.0
35606560.0,The Sun and Her Flowers,4.08,256,"Adult, Romance, Mental Health",https://www.goodreads.com/book/show/35606560.0
3308859.0,The Way We Work: Getting to Know the Amazing Human Body,4.25,336,"Biology, Childrens, Reference",https://www.goodreads.com/book/show/3308859.0
271181.0,The What's Happening to My Body? Book for Girls: A Growing-Up Guide for Parents and Daughters,3.96,263,"Banned Books, Childrens, Health",https://www.goodreads.com/book/show/271181.0
42975172.0,The Testaments,4.20,422,"Science Fiction, Classics, Fiction",https://www.goodreads.com/book/show/42975172.0
142425642.0,Study Guide: This Book is Gay by Juno Dawson,0.00,55,,https://www.goodreads.com/book/show/142425642.0
212631599.0,Titian: Sacred and Profane Love (Art Mysteries) by Stefano Zuffi,0.00,N/A,,https://www.goodreads.com/book/show/212631599.0
24795284.0,Summary & Study Guide Thirteen Reasons Why by Jay Asher,3.88,52,,https://www.goodreads.com/book/show/24795284.0
9538689.0,Tribe: Endangered Peoples Around the World,4.11,192,"Nonfiction, Reference, Photography",https://www.goodreads.com/book/show/9538689.0
56028468.0,Troy: The Greek Myths Reimagined,4.35,288,"Classics, Historical, Greek Mythology",https://www.goodreads.com/book/show/56028468.0
168571019.0,"BY McHugh, Maura ( Author ) [{ Twisted Myths: 20 Classic Stories with a Dark and Dangerous Heart By McHugh, Maura ( Author ) Oct - 01- 2013 ( Hardcover ) } ]",3.00,N/A,,https://www.goodreads.com/book/show/168571019.0
61136873.0,This Delicious Death,3.56,290,"Lesbian, LGBT, Mystery",https://www.goodreads.com/book/show/61136873.0
191857789.0,Study Guide: Unravel Me by Tahereh Mafi,0.00,69,,https://www.goodreads.com/book/show/191857789.0
13782481.0,Understanding Greek Myths,3.36,48,Nonfiction,https://www.goodreads.com/book/show/13782481.0
205815123.0,"Uelsmann Untitled: A Retrospective by Uelsmann, Jerry N. (2014) Hardcover",0.00,N/A,,https://www.goodreads.com/book/show/205815123.0
56554743.0,Vanished Civilizations of the Ancient World,0.00,360,,https://www.goodreads.com/book/show/56554743.0
117068568.0,Velazquez,0.00,N/A,,https://www.goodreads.com/book/show/117068568.0
18481271.0,Unite Me,3.86,197,"Science Fiction, Fantasy, Novella",https://www.goodreads.com/book/show/18481271.0
15293623.0,Wake Up Our Souls: A Celebration of Black American Artists,4.33,128,"African American, Young Adult",https://www.goodreads.com/book/show/15293623.0
23677341.0,We Are the Ants,4.10,455,"Science Fiction, Young Adult, LGBT",https://www.goodreads.com/book/show/23677341.0
25770831.0,Vincent Van Gogh: The Complete Paintings,4.10,741,"Biography, Art, Art History",https://www.goodreads.com/book/show/25770831.0
439730.0,"What Life Was Like at the Dawn of Democracy: Classical Athens, 525-322 BC",3.86,144,"Reference, Greek Mythology, History",https://www.goodreads.com/book/show/439730.0
46125205.0,What Life Was Like at the Rebirth of Genius. Renaissance Italy AD 1400-1550,3.89,N/A,"Renaissance, Art History, Reference",https://www.goodreads.com/book/show/46125205.0
19615.0,"What Life Was Like on the Banks of the Nile: Egypt, 3050-30 BC",4.05,192,"Egypt, Archaeology, Egyptology",https://www.goodreads.com/book/show/19615.0
1157869.0,"When the Beginning Began: Stories about God, the Creatures, and Us",4.11,100,,https://www.goodreads.com/book/show/1157869.0
41736961.0,Where I End and You Begin,3.92,304,"Fantasy, Young Adult, LGBT",https://www.goodreads.com/book/show/41736961.0
29434915.0,Portraits,4.32,184,"Art, Nonfiction, Photography",https://www.goodreads.com/book/show/29434915.0
15798667.0,Wild Boy: The Real Life of the Savage of Aveyron,3.59,170,"Middle Grade, Juvenile, Childrens",https://www.goodreads.com/book/show/15798667.0
58539031.0,Witches: The Complete Collection,3.74,392,"Fantasy, Manga, Graphic Novels",https://www.goodreads.com/book/show/58539031.0
43212638.0,"You Do You: Figuring Out Your Body, Dating, and Sexuality",4.07,120,Nonfiction,https://www.goodreads.com/book/show/43212638.0
140633511.0,Infinity Net: The Autobiography of Yayoi Kusama by Yayoi Kusama (5-Sep-2013) Paperback,4.07,N/A,"Art, Nonfiction, Autobiography",https://www.goodreads.com/book/show/140633511.0
7920675.0,Your Travel Guide to Ancient Greece,3.50,96,,https://www.goodreads.com/book/show/7920675.0
193382407.0,Die Graphic Novel als Medium des Widerstandes. M. Satrapis Persepolis im Vergleich zu Zahra's Paradise von Amir u. Khalil by Ludwig Lohmann,0.00,N/A,,https://www.goodreads.com/book/show/193382407.0
49247031.0,A Curse of Roses,3.75,352,"Fantasy, Lesbian, LGBT",https://www.goodreads.com/book/show/49247031.0
42603984.0,Ace of Spades,4.13,470,"LGBT, Mystery, Fiction",https://www.goodreads.com/book/show/42603984.0
123106.0,Twisted,3.82,250,"High School, Young Adult, Realistic Fiction",https://www.goodreads.com/book/show/123106.0
59461869.0,"Aristotle and Dante Discover the Secrets of the Universe, The Inexplicable Logic of My Life, Aristotle and Dante Dive Into the Waters of the World By Benjamin Alire Sáenz 3 Books Collection Set",4.56,1376,,https://www.goodreads.com/book/show/59461869.0
218903922.0,And We Stay by Jenny Hubbard,0.00,N/A,,https://www.goodreads.com/book/show/218903922.0
23596885.0,All the Rage,3.79,336,"Young Adult, Realistic Fiction, Mystery",https://www.goodreads.com/book/show/23596885.0
42202041.0,Brave Face: A Memoir,4.41,368,"LGBT, Biography, Mental Health",https://www.goodreads.com/book/show/42202041.0
28763240.0,At the Edge of the Universe,4.14,304,"Science Fiction, Young Adult, LGBT",https://www.goodreads.com/book/show/28763240.0
8755785.0,City of Heavenly Fire,4.38,725,"Fantasy, Urban Fantasy, Romance",https://www.goodreads.com/book/show/8755785.0
200090747.0,Black Girl Unlimited: The Remarkable Story of a Teenage Wizard,4.31,N/A,"Fantasy, Magical Realism, Young Adult",https://www.goodreads.com/book/show/200090747.0
56978106.0,Cold,3.45,230,"LGBT, Mystery, Fiction",https://www.goodreads.com/book/show/56978106.0
39863399.0,Birthday,4.18,288,"Young Adult, LGBT, Romance",https://www.goodreads.com/book/show/39863399.0
49025767.0,Darius the Great Deserves Better,4.24,342,"Young Adult, LGBT, Romance",https://www.goodreads.com/book/show/49025767.0
161244615.0,[(Guyaholic )] [Author: Carolyn Mackler] [Aug-2007],2.50,N/A,,https://www.goodreads.com/book/show/161244615.0
58085271.0,Even When Your Voice Shakes,3.95,240,"Young Adult, Realistic Fiction, Fiction",https://www.goodreads.com/book/show/58085271.0
321100.0,"Deogratias, A Tale of Rwanda",3.47,79,"Graphic Novels, Fiction, Comics",https://www.goodreads.com/book/show/321100.0
28003097.0,Georgia Peaches and Other Forbidden Fruit,3.75,437,"Lesbian, Young Adult, LGBT",https://www.goodreads.com/book/show/28003097.0
55424906.0,Here's to Us,4.01,448,"Young Adult, LGBT, Romance",https://www.goodreads.com/book/show/55424906.0
20820994.0,I'll Give You the Sun,4.15,371,"Young Adult, Realistic Fiction, LGBT",https://www.goodreads.com/book/show/20820994.0
45046086.0,"I Know Why the Caged Bird Sings by Maya Angelou (Book Analysis): Detailed Summary, Analysis and Reading Guide",3.80,26,,https://www.goodreads.com/book/show/45046086.0
31556153.0,Feral Youth,3.52,310,"Retellings, Young Adult, LGBT",https://www.goodreads.com/book/show/31556153.0
18749.0,Half of a Yellow Sun,4.34,435,"Fiction, Historical, War",https://www.goodreads.com/book/show/18749.0
60784440.0,Into the Light,3.96,448,"Young Adult, Mystery, LGBT",https://www.goodreads.com/book/show/60784440.0
53331354.0,Off the Record,3.99,320,"Young Adult, Realistic Fiction, LGBT",https://www.goodreads.com/book/show/53331354.0
60932.0,Parable of the Talents,4.32,448,"Science Fiction, Fantasy, Fiction",https://www.goodreads.com/book/show/60932.0
58437812.0,She Gets the Girl,4.08,384,"Lesbian, LGBT, Romance",https://www.goodreads.com/book/show/58437812.0
36373389.0,Learning to Breathe,3.86,336,"Young Adult, Realistic Fiction, Cultural",https://www.goodreads.com/book/show/36373389.0
45294414.0,Study Guide: The Bluest Eye by Toni Morrison,3.50,56,,https://www.goodreads.com/book/show/45294414.0
45306326.0,Stay Gold,3.84,361,"Young Adult, LGBT, Romance",https://www.goodreads.com/book/show/45306326.0
52397.0,Parable of the Sower,4.19,345,"Science Fiction, Fantasy, Classics",https://www.goodreads.com/book/show/52397.0
156634251.0,Study Guide: The First to Die at the End by Adam Silvera,0.00,100,,https://www.goodreads.com/book/show/156634251.0
60226142.0,The Complete Maus: A Survivor's Tale,4.58,296,"Graphic Novels, Biography, Comics",https://www.goodreads.com/book/show/60226142.0
39897058.0,The Fever King,3.90,375,"Science Fiction, Fantasy, LGBT",https://www.goodreads.com/book/show/39897058.0
57678822.0,The Gentleman's Guide to Vice and Virtue & The Lady's Guide to Petticoats and Piracy By Mackenzi Lee 2 Books Collection Set,3.88,N/A,"Young Adult, LGBT, Historical Fiction",https://www.goodreads.com/book/show/57678822.0
35297386.0,The Apocalypse of Elena Mendoza,3.64,438,"Science Fiction, Fantasy, LGBT",https://www.goodreads.com/book/show/35297386.0
212485256.0,The Porcupine of Truth by Bill Konigsberg (26-May-2015) Hardcover,4.00,N/A,,https://www.goodreads.com/book/show/212485256.0
36412998.0,The Stars and the Blackness Between Them,4.25,312,"Lesbian, Young Adult, LGBT",https://www.goodreads.com/book/show/36412998.0
20500616.0,The Five Stages of Andrew Brawley,3.97,297,"Young Adult, LGBT, Romance",https://www.goodreads.com/book/show/20500616.0
35442700.0,The Music of What Happens,3.83,352,"Young Adult, LGBT, Romance",https://www.goodreads.com/book/show/35442700.0
36362234.0,The Love & Lies of Rukhsana Ali,3.85,336,"Lesbian, Young Adult, LGBT",https://www.goodreads.com/book/show/36362234.0
76714487.0,Tower of Dawn,4.28,688,"Fantasy, Romance, Fiction",https://www.goodreads.com/book/show/76714487.0
42975172.0,The Testaments,4.20,422,"Science Fiction, Classics, Fiction",https://www.goodreads.com/book/show/42975172.0
30653853.0,The Upside of Unrequited,3.88,336,"Young Adult, LGBT, Romance",https://www.goodreads.com/book/show/30653853.0
171694050.0,[(Vampire Academy )] [Author: Richelle Mead] [Aug-2008],4.10,N/A,"Fantasy, Urban Fantasy, Romance",https://www.goodreads.com/book/show/171694050.0
36472241.0,"Ziggy, Stardust and Me",4.13,347,"LGBT, Romance, Fiction",https://www.goodreads.com/book/show/36472241.0
24039424.0,This Is Where the World Ends,3.26,287,"Young Adult, Realistic Fiction, Mystery",https://www.goodreads.com/book/show/24039424.0
50999821.0,A Lesson in Vengeance,3.52,369,"Fantasy, Lesbian, Mystery",https://www.goodreads.com/book/show/50999821.0
170529.0,What My Mother Doesn't Know,3.83,261,"Banned Books, Realistic Fiction, Romance",https://www.goodreads.com/book/show/170529.0
31368108.0,Summary of A Stolen Life: by Jaycee Dugard | Includes Analysis,3.25,23,,https://www.goodreads.com/book/show/31368108.0
201907591.0,"(Almost Perfect) [By: Katcher, Brian] [Nov, 2010]",0.00,N/A,,https://www.goodreads.com/book/show/201907591.0
41817499.0,Adjustment Day,3.20,336,"Science Fiction, Satire, Horror",https://www.goodreads.com/book/show/41817499.0
44280883.0,All Boys Aren’t Blue,4.18,304,"Banned Books, LGBT, Biography",https://www.goodreads.com/book/show/44280883.0
151553325.0,Ask the Passengers by A.S. King,0.00,N/A,,https://www.goodreads.com/book/show/151553325.0
12000020.0,Aristotle and Dante Discover the Secrets of the Universe,4.29,390,"Young Adult, LGBT, Romance",https://www.goodreads.com/book/show/12000020.0
57566089.0,Assassination Classroom Series Vol 2 3 4 5 Collection 4 Books Set By Yusei Matsui,4.25,N/A,,https://www.goodreads.com/book/show/57566089.0
133134201.0,"[Assassination Classroom, Vol. 1 (1)] [By: Matsui, Yusei] [December, 2014]",4.00,N/A,,https://www.goodreads.com/book/show/133134201.0
58838445.0,Assassination Classroom Series Vol 11 12 13 14 Collection 4 Books Set By Yusei Matsui,4.00,N/A,,https://www.goodreads.com/book/show/58838445.0
57566089.0,Assassination Classroom Series Vol 2 3 4 5 Collection 4 Books Set By Yusei Matsui,4.25,N/A,,https://www.goodreads.com/book/show/57566089.0
164828170.0,"[Assassination Classroom, Vol. 2 (2)] [By: Matsui, Yusei] [February, 2015]",4.26,N/A,"Science Fiction, Humor, Manga",https://www.goodreads.com/book/show/164828170.0
57308955.0,Assassination Classroom Series Volume 6 7 8 10 Collection 4 Books Set By Yusei Matsui,4.20,N/A,,https://www.goodreads.com/book/show/57308955.0
57308955.0,Assassination Classroom Series Volume 6 7 8 10 Collection 4 Books Set By Yusei Matsui,4.20,N/A,,https://www.goodreads.com/book/show/57308955.0
57308955.0,Assassination Classroom Series Volume 6 7 8 10 Collection 4 Books Set By Yusei Matsui,4.20,N/A,,https://www.goodreads.com/book/show/57308955.0
57566089.0,Assassination Classroom Series Vol 2 3 4 5 Collection 4 Books Set By Yusei Matsui,4.25,N/A,,https://www.goodreads.com/book/show/57566089.0
6149.0,Beloved,3.98,325,"Magical Realism, Classics, School",https://www.goodreads.com/book/show/6149.0
37119944.0,Summary of Beartown by Fredrik Backman | Conversation Starters,4.24,N/A,"Fiction, Audiobook",https://www.goodreads.com/book/show/37119944.0
1326258.0,Chosen,3.91,307,"Fantasy, Supernatural, Romance",https://www.goodreads.com/book/show/1326258.0
18335634.0,Clockwork Princess,4.55,567,"Fantasy, Urban Fantasy, Romance",https://www.goodreads.com/book/show/18335634.0
52822210.0,Concrete Rose,4.37,368,"Young Adult, Realistic Fiction, Fiction",https://www.goodreads.com/book/show/52822210.0
49909479.0,"A Clockwork Orange by Anthony Burgess (Book Analysis): Detailed Summary, Analysis and Reading Guide",4.50,27,,https://www.goodreads.com/book/show/49909479.0
8517207.0,Bumped,3.12,326,"Science Fiction, Fantasy, Romance",https://www.goodreads.com/book/show/8517207.0
168668.0,Catch-22,3.99,453,"Humor, Classics, Fiction",https://www.goodreads.com/book/show/168668.0
178808747.0,Daughters unto Devils by Amy Lukavics,3.33,N/A,,https://www.goodreads.com/book/show/178808747.0
25269113.0,Summary & Study Guide Eleanor & Park by Rainbow Rowell,4.10,68,,https://www.goodreads.com/book/show/25269113.0
18304322.0,Dumplin',3.88,375,"Young Adult, Realistic Fiction, Romance",https://www.goodreads.com/book/show/18304322.0
3657138.0,Fade,3.91,248,"Fantasy, Supernatural, Mystery",https://www.goodreads.com/book/show/3657138.0
32919114.0,"Fire Force, Vol. 1",4.09,194,"Fantasy, Manga, Graphic Novels",https://www.goodreads.com/book/show/32919114.0
24707533.0,Summary & Study Guide Forever…by Judy Blume,2.75,39,,https://www.goodreads.com/book/show/24707533.0
35297272.0,Emergency Contact,3.62,394,"Young Adult, Realistic Fiction, Romance",https://www.goodreads.com/book/show/35297272.0
568570.0,Fly on the Wall: How One Girl Saw Everything,3.26,182,"Fantasy, Magical Realism, Young Adult",https://www.goodreads.com/book/show/568570.0
20702546.0,"Gabi, a Girl in Pieces",3.95,284,"Young Adult, Realistic Fiction, LGBT",https://www.goodreads.com/book/show/20702546.0
228784237.0,"(Girl in Translation) [By: Kwok, Jean] [Jun, 2011]",3.99,N/A,"Young Adult, Fiction, China",https://www.goodreads.com/book/show/228784237.0
211398170.0,Study Guide: Go Ask Alice by Beatrice Sparks,0.00,78,,https://www.goodreads.com/book/show/211398170.0
60237494.0,Study Guide: Girl in Pieces by Kathleen Glasgow,1.50,69,,https://www.goodreads.com/book/show/60237494.0
49397758.0,Grown,4.24,384,"Young Adult, Mystery, Fiction",https://www.goodreads.com/book/show/49397758.0
270804.0,Glass,4.29,681,"Young Adult, Realistic Fiction, Addiction",https://www.goodreads.com/book/show/270804.0
49656780.0,Home Body,4.06,192,"Adult, Self Help, Mental Health",https://www.goodreads.com/book/show/49656780.0
41734205.0,Her Royal Highness,3.73,274,"Lesbian, Young Adult, LGBT",https://www.goodreads.com/book/show/41734205.0
30896134.0,Summary of Homegoing: By Yaa Gyasi - Includes Analysis,4.19,28,,https://www.goodreads.com/book/show/30896134.0
88894169.0,Study Guide: Juliet Takes a Breath by Gabby Rivera,3.00,44,,https://www.goodreads.com/book/show/88894169.0
56269141.0,I Am Margaret Moore,2.99,320,"Fantasy, Mystery, Fiction",https://www.goodreads.com/book/show/56269141.0
40536342.0,Heroine,4.28,419,"Young Adult, Realistic Fiction, Fiction",https://www.goodreads.com/book/show/40536342.0
81071294.0,Study Guide: Last Night at the Telegraph Club by Malinda Lo,3.25,N/A,,https://www.goodreads.com/book/show/81071294.0
29010395.0,I Am Not Your Perfect Mexican Daughter,4.00,344,"Young Adult, Realistic Fiction, Latinx",https://www.goodreads.com/book/show/29010395.0
99561.0,Looking for Alaska,3.96,221,"Young Adult, Realistic Fiction, Romance",https://www.goodreads.com/book/show/99561.0
228919037.0,Study Guide: Maybe Now by Colleen Hoover,0.00,65,,https://www.goodreads.com/book/show/228919037.0
39670893.0,ME and EARL and the Dying GIRL by Jesse Andrews: A Study Guide,2.67,37,,https://www.goodreads.com/book/show/39670893.0
2954411.0,Living Dead Girl,3.78,170,"Young Adult, Realistic Fiction, Horror",https://www.goodreads.com/book/show/2954411.0
16158596.0,Lexicon,3.90,390,"Science Fiction, Fantasy, Mystery",https://www.goodreads.com/book/show/16158596.0
33566336.0,Milk and Honey by Rupi Kaur | Conversation Starters,3.84,67,,https://www.goodreads.com/book/show/33566336.0
24612624.0,Melissa,4.09,208,"Middle Grade, Realistic Fiction, LGBT",https://www.goodreads.com/book/show/24612624.0
36105772.0,Neanderthal Opens the Door to the Universe,4.23,410,"Humor, Young Adult, Realistic Fiction",https://www.goodreads.com/book/show/36105772.0
61285758.0,Nick and Charlie: A Heartstopper Novella,4.13,153,"Young Adult, LGBT, Romance",https://www.goodreads.com/book/show/61285758.0
35068534.0,Monday's Not Coming,4.26,448,"Young Adult, Mystery, Fiction",https://www.goodreads.com/book/show/35068534.0
25256386.0,Out of Darkness,4.14,402,"Banned Books, Romance, Fiction",https://www.goodreads.com/book/show/25256386.0
49676332.0,Study Guide: Nineteen Minutes by Jodi Picoult,4.00,80,,https://www.goodreads.com/book/show/49676332.0
4268157.0,Perfect Chemistry,4.04,368,"High School, Young Adult, Romance",https://www.goodreads.com/book/show/4268157.0
123004944.0,Queen of Shadows,4.62,689,"Fantasy, Romance, Fiction",https://www.goodreads.com/book/show/123004944.0
75670224.0,Plan A,3.99,416,"Young Adult, Realistic Fiction, Romance",https://www.goodreads.com/book/show/75670224.0
26107311.0,Summary of Ready Player One: by Ernest Cline | Summary & Analysis,4.26,116,,https://www.goodreads.com/book/show/26107311.0
157713404.0,"By E. Lockhart Real Live Boyfriends: Yes. Boyfriends, plural. If my life weren't complicated, I wouldn't be Ruby Ol",3.96,N/A,"Young Adult, Chick Lit, Realistic Fiction",https://www.goodreads.com/book/show/157713404.0
53935336.0,Study Guide to Red at the Bone by Jacqueline Woodson,3.67,99,,https://www.goodreads.com/book/show/53935336.0
136990452.0,"Rumble by Hopkins, Ellen (August 26, 2014) Hardcover",4.05,N/A,"Young Adult, Realistic Fiction, LGBT",https://www.goodreads.com/book/show/136990452.0
8928054.0,Shine,3.82,350,"Young Adult, Realistic Fiction, Mystery",https://www.goodreads.com/book/show/8928054.0
228803251.0,Relish: My Life in the Kitchen by Lucy Knisley,3.95,N/A,"Graphic Novels, Cooking, Biography",https://www.goodreads.com/book/show/228803251.0
6068551.0,Shiver,3.76,392,"Fantasy, Romance, Fiction",https://www.goodreads.com/book/show/6068551.0
40519259.0,Shout,4.24,304,"Mental Health, Contemporary, Feminism",https://www.goodreads.com/book/show/40519259.0
34495927.0,Speak: The Graphic Novel,4.38,372,"Graphic Novels, Realistic Fiction, Fiction",https://www.goodreads.com/book/show/34495927.0
40291564.0,Storm and Fury,4.03,512,"Fantasy, Urban Fantasy, Romance",https://www.goodreads.com/book/show/40291564.0
39280444.0,Speak,4.05,224,"Banned Books, Young Adult, Realistic Fiction",https://www.goodreads.com/book/show/39280444.0
22571247.0,The Carnival at Bray,3.90,235,"Realistic Fiction, Romance, Fiction",https://www.goodreads.com/book/show/22571247.0
23310734.0,The Detour,3.53,215,"Realistic Fiction, Mystery, Horror",https://www.goodreads.com/book/show/23310734.0
49366204.0,The Best Laid Plans,3.58,368,"Young Adult, Young Adult Romance, Romance",https://www.goodreads.com/book/show/49366204.0
24976555.0,Sidekick - The DUFF: (Designated Ugly Fat Friend) by Kody Keplinger,3.43,56,,https://www.goodreads.com/book/show/24976555.0
25812109.0,The Female of the Species,4.14,368,"Young Adult, Mystery, Fiction",https://www.goodreads.com/book/show/25812109.0
160146150.0,Smoke by Ellen Hopkins (10-Sep-2013) Hardcover,4.33,N/A,"Young Adult, Realistic Fiction, Romance",https://www.goodreads.com/book/show/160146150.0
20412869.0,Study Guide: The Perks of Being a Wallflower by Stephen Chbosky,3.98,38,Fiction,https://www.goodreads.com/book/show/20412869.0
55751553.0,SUMMARY Of The Invisible Life of Addie LaRue By V. E. Schwab,4.14,N/A,"Fantasy, Audiobook",https://www.goodreads.com/book/show/55751553.0
69438589.0,The Truth About Alice: A Novel,3.63,1,"High School, Banned Books, Young Adult",https://www.goodreads.com/book/show/69438589.0
35606560.0,The Sun and Her Flowers,4.08,256,"Adult, Romance, Mental Health",https://www.goodreads.com/book/show/35606560.0
42975172.0,The Testaments,4.20,422,"Science Fiction, Classics, Fiction",https://www.goodreads.com/book/show/42975172.0
24795284.0,Summary & Study Guide Thirteen Reasons Why by Jay Asher,3.88,52,,https://www.goodreads.com/book/show/24795284.0
30653853.0,The Upside of Unrequited,3.88,336,"Young Adult, LGBT, Romance",https://www.goodreads.com/book/show/30653853.0
36203673.0,This Is Kind of an Epic Love Story,3.37,304,"Young Adult, LGBT, Romance",https://www.goodreads.com/book/show/36203673.0
126235989.0,"The Kite Runner Graphic Novel by Hosseini, Khaled (2011) Paperback",4.45,N/A,"Adult, Graphic Novels, Graphic Novels Comics",https://www.goodreads.com/book/show/126235989.0
171694050.0,[(Vampire Academy )] [Author: Richelle Mead] [Aug-2008],4.10,N/A,"Fantasy, Urban Fantasy, Romance",https://www.goodreads.com/book/show/171694050.0
42166311.0,Summary of To All The Boys I've Loved Before by Jenny Han: Conversation Starters,4.58,68,,https://www.goodreads.com/book/show/42166311.0
76714487.0,Tower of Dawn,4.28,688,"Fantasy, Romance, Fiction",https://www.goodreads.com/book/show/76714487.0
10858119.0,Water for Elephants by Sara Gruen Summary & Study Guide,3.88,N/A,Fiction,https://www.goodreads.com/book/show/10858119.0
21223879.0,Summary & Study Guide Wicked: The Life and Times of the Wicked Witch of the West by Gregory Maguire,5.00,69,,https://www.goodreads.com/book/show/21223879.0
18465566.0,This One Summer,3.69,324,"Graphic Novels, Realistic Fiction, Fiction",https://www.goodreads.com/book/show/18465566.0
188413236.0,Study Guide: Without Merit by Colleen Hoover,5.00,55,,https://www.goodreads.com/book/show/188413236.0
204346880.0,"[Wintergirls] [By: Anderson, Laurie Halse] [February, 2010]",0.00,N/A,,https://www.goodreads.com/book/show/204346880.0
203487403.0,livro extremely loud and incredibly close foer jonathan safran 2005,0.00,N/A,,https://www.goodreads.com/book/show/203487403.0
58706526.0,"You Know, Sex: Bodies, Gender, Puberty, and Other Things",4.57,432,"Middle Grade, Graphic Novels, Childrens",https://www.goodreads.com/book/show/58706526.0
39280444.0,Speak,4.05,224,"Banned Books, Young Adult, Realistic Fiction",https://www.goodreads.com/book/show/39280444.0
20412869.0,Study Guide: The Perks of Being a Wallflower by Stephen Chbosky,3.98,38,Fiction,https://www.goodreads.com/book/show/20412869.0
45447218.0,Summary of Where the Crawdads Sing by Delia Owens,4.11,46,"Fiction, Audiobook",https://www.goodreads.com/book/show/45447218.0
43562313.0,Yolk,3.94,400,"Romance, Fiction, Mental Health",https://www.goodreads.com/book/show/43562313.0
44674908.0,You Too?: 25 Voices Share Their #MeToo Stories,4.37,320,"Essays, Feminism, Memoir",https://www.goodreads.com/book/show/44674908.0
44599131.0,19 Love Songs,3.66,320,"LGBT, Romance, Fiction",https://www.goodreads.com/book/show/44599131.0
36284785.0,The Field Guide to the North American Teenager,3.76,384,"Humor, Young Adult, Realistic Fiction",https://www.goodreads.com/book/show/36284785.0
131061.0,A Bad Boy Can Be Good for a Girl,3.50,228,"Banned Books, Realistic Fiction, Romance",https://www.goodreads.com/book/show/131061.0
50659471.0,A Court of Frost and Starlight,3.71,272,"Fantasy, EROTICA GENRE DEFINITION ACCORDING TO GOODREADS, Romance",https://www.goodreads.com/book/show/50659471.0
138061259.0,"2 Volumes of Dave Pelzer: A Child Called ""It"" One Child's Courage to Survive & The Lost Boy A Foster Child's Search for the Love of a Family",4.27,N/A,,https://www.goodreads.com/book/show/138061259.0
50659467.0,A Court of Thorns and Roses,4.16,419,"Fantasy, Romance, Fiction",https://www.goodreads.com/book/show/50659467.0
10572.0,A Clash of Kings,4.42,1009,"Fantasy, Adult, Fiction",https://www.goodreads.com/book/show/10572.0
26842622.0,13 Minutes,3.77,406,"Young Adult, Mystery, Fiction",https://www.goodreads.com/book/show/26842622.0
50659468.0,A Court of Mist and Fury,4.63,626,"Fantasy, Romance, Fiction",https://www.goodreads.com/book/show/50659468.0
125001808.0,Study Guide: A Scatter Of Light by Malinda Lo,0.00,86,,https://www.goodreads.com/book/show/125001808.0
53138095.0,A ​Court of Silver Flames,4.45,757,"Fantasy, Romance, Fiction",https://www.goodreads.com/book/show/53138095.0
10664113.0,A Dance with Dragons,4.34,1125,"Fantasy, Dragons, Fiction",https://www.goodreads.com/book/show/10664113.0
50659472.0,A Court of Wings and Ruin,4.46,699,"Fantasy, Romance, Fiction",https://www.goodreads.com/book/show/50659472.0
13497.0,A Feast for Crows,4.17,1060,"Fantasy, Adult, Fiction",https://www.goodreads.com/book/show/13497.0
13496.0,A Game of Thrones,4.45,835,"Fantasy, Adult, Fiction",https://www.goodreads.com/book/show/13496.0
62291.0,A Storm of Swords,4.55,1177,"Fantasy, Adult, Fiction",https://www.goodreads.com/book/show/62291.0
60636428.0,A Long Stretch of Bad Days,3.98,368,"Young Adult, Mystery, Fiction",https://www.goodreads.com/book/show/60636428.0
23111782.0,A Work of Art,3.99,240,"Fiction, Contemporary, Young Adult",https://www.goodreads.com/book/show/23111782.0
37789683.0,After the Fire,4.29,464,"Young Adult, Mystery, Fiction",https://www.goodreads.com/book/show/37789683.0
128450109.0,Study Guide: After We Collided by Anna Todd,0.00,73,,https://www.goodreads.com/book/show/128450109.0
40778117.0,After Series Anna Todd Collection 4 Books Set: After / After We Collided / After We Fell / After Ever Happy,4.29,2656,"Adult, M F Romance, Romance",https://www.goodreads.com/book/show/40778117.0
40778117.0,After Series Anna Todd Collection 4 Books Set: After / After We Collided / After We Fell / After Ever Happy,4.29,2656,"Adult, M F Romance, Romance",https://www.goodreads.com/book/show/40778117.0
44280883.0,All Boys Aren’t Blue,4.18,304,"Banned Books, LGBT, Biography",https://www.goodreads.com/book/show/44280883.0
120847.0,Alice the Fairy,4.09,40,"Fantasy, Humor, Picture Books",https://www.goodreads.com/book/show/120847.0
44139388.0,All the Bad Apples,3.97,320,"Fantasy, Magical Realism, Young Adult",https://www.goodreads.com/book/show/44139388.0
51025537.0,Study Guide: Another Brooklyn by Jacqueline Woodson,0.00,39,,https://www.goodreads.com/book/show/51025537.0
135046427.0,"Age of Bronze, Vol. 1: A Thousand Ships by Eric Shanower",3.92,N/A,"Fantasy, Graphic Novels, Classics",https://www.goodreads.com/book/show/135046427.0
30037870.0,Allegedly,4.02,390,"Young Adult, Mystery, Fiction",https://www.goodreads.com/book/show/30037870.0
218762751.0,Girl of Nightmares (Cas Lowood series) (Anna Dressed in Blood) by Kendare Blake,0.00,N/A,,https://www.goodreads.com/book/show/218762751.0
139862143.0,An Abundance of Katherines by John Green (10-May-2012) Paperback,3.51,N/A,"Young Adult, Realistic Fiction, Romance",https://www.goodreads.com/book/show/139862143.0
41580931.0,An Arrow to the Moon,3.43,400,"Fantasy, Magical Realism, Retellings",https://www.goodreads.com/book/show/41580931.0
42371083.0,All the Invisible Things,3.53,320,"Lesbian, Young Adult, LGBT",https://www.goodreads.com/book/show/42371083.0
18459855.0,Another Day,3.58,327,"Fantasy, Young Adult, LGBT",https://www.goodreads.com/book/show/18459855.0
151553325.0,Ask the Passengers by A.S. King,0.00,N/A,,https://www.goodreads.com/book/show/151553325.0
34499238.0,As She Fades,3.74,272,"Romance, Fiction, Contemporary",https://www.goodreads.com/book/show/34499238.0
38885432.0,Any Second,3.74,400,"Young Adult, Realistic Fiction, Mystery",https://www.goodreads.com/book/show/38885432.0
8652190.0,Awakened,4.00,290,"Fantasy, Supernatural, Romance",https://www.goodreads.com/book/show/8652190.0
13628605.0,Audacious,3.78,288,"Young Adult, Realistic Fiction, Romance",https://www.goodreads.com/book/show/13628605.0
131804547.0,Away We Go by Emil Ostrovski,0.00,N/A,,https://www.goodreads.com/book/show/131804547.0
18656031.0,Baptism of Fire,4.26,400,"Fantasy, Polish Literature, Adventure",https://www.goodreads.com/book/show/18656031.0
7879834.0,The Battle of Jericho Hill,4.32,144,"Fantasy, Graphic Novels, Graphic Novels Comics",https://www.goodreads.com/book/show/7879834.0
25788203.0,Before,3.67,338,"Young Adult, Romance, Fiction",https://www.goodreads.com/book/show/25788203.0
6697968.0,Fall of Gilead,4.34,208,"Fantasy, Graphic Novels, Graphic Novels Comics",https://www.goodreads.com/book/show/6697968.0
342445.0,The Gunslinger Born,4.23,240,"Fantasy, Graphic Novels, Graphic Novels Comics",https://www.goodreads.com/book/show/342445.0
19510835.0,Summary & Study Guide Betrayed by P. C. Cast,3.43,37,,https://www.goodreads.com/book/show/19510835.0
2834890.0,The Long Road Home,4.19,160,"Fantasy, Graphic Novels, Graphic Novels Comics",https://www.goodreads.com/book/show/2834890.0
6215832.0,Treachery,4.25,144,"Fantasy, Graphic Novels, Graphic Novels Comics",https://www.goodreads.com/book/show/6215832.0
42642042.0,Beyond the Black Door,3.69,400,"Fantasy, LGBT, Romance",https://www.goodreads.com/book/show/42642042.0
19814726.0,Blazed,3.95,528,"High School, Young Adult, Romance",https://www.goodreads.com/book/show/19814726.0
181008672.0,"Bleach, Vol. 34 by Tite Kubo",4.61,N/A,Manga,https://www.goodreads.com/book/show/181008672.0
30233294.0,Beck,3.62,267,"Fiction, Historical, Young Adult Historical Fiction",https://www.goodreads.com/book/show/30233294.0
217653015.0,Blood Of My Blood by Barry Lyga,0.00,N/A,,https://www.goodreads.com/book/show/217653015.0
121485022.0,Study Guide: Blood of Elves by Andrzej Sapkowski,0.00,64,,https://www.goodreads.com/book/show/121485022.0
20824962.0,"Bleach, Vol. 42: Shock of the Queen",4.28,192,"Fantasy, Manga, Graphic Novels",https://www.goodreads.com/book/show/20824962.0
34506937.0,Brazen: Rebel Ladies Who Rocked the World,4.51,296,"Graphic Novels, Biography, Comics",https://www.goodreads.com/book/show/34506937.0
133743968.0,"Bleach, Vol. 28 by Kubo, Tite Original Edition",4.22,N/A,"Fantasy, Manga, Graphic Novels",https://www.goodreads.com/book/show/133743968.0
35506053.0,Summary: Born a Crime: Stories from a South African Childhood by Trevor Noah,3.70,37,,https://www.goodreads.com/book/show/35506053.0
167923004.0,"P.C.Cast & Kristien Cast Three Book Set; Burned, Awakened, Hunted. 3 House of Night Novels",4.43,N/A,,https://www.goodreads.com/book/show/167923004.0
55277082.0,Camp,3.95,416,"Young Adult, LGBT, Romance",https://www.goodreads.com/book/show/55277082.0
27206527.0,Cherry,3.57,400,"Young Adult, Chick Lit, LGBT",https://www.goodreads.com/book/show/27206527.0
1326258.0,Chosen,3.91,307,"Fantasy, Supernatural, Romance",https://www.goodreads.com/book/show/1326258.0
54419215.0,Chlorine Sky,3.81,192,"Young Adult, Realistic Fiction, Fiction",https://www.goodreads.com/book/show/54419215.0
42506018.0,"Cold Day in the Sun: Life Is Short, Take the Shot",3.94,324,"Hockey, Young Adult, Realistic Fiction",https://www.goodreads.com/book/show/42506018.0
49909479.0,"A Clockwork Orange by Anthony Burgess (Book Analysis): Detailed Summary, Analysis and Reading Guide",4.50,27,,https://www.goodreads.com/book/show/49909479.0
35959740.0,Circe,4.22,393,"Fantasy, Fiction, Greek Mythology",https://www.goodreads.com/book/show/35959740.0
52822210.0,Concrete Rose,4.37,368,"Young Adult, Realistic Fiction, Fiction",https://www.goodreads.com/book/show/52822210.0
90420.0,Copper Sun,4.36,302,"School, Fiction, Historical",https://www.goodreads.com/book/show/90420.0
29229432.0,Castle of Lies,2.65,352,"Fantasy, LGBT, Romance",https://www.goodreads.com/book/show/29229432.0
12437190.0,Crank by Ellen Hopkins l Summary & Study Guide,4.60,N/A,,https://www.goodreads.com/book/show/12437190.0
29920347.0,Crazy Rich Asians: By Kevin Kwan | Digest & Review,3.70,23,,https://www.goodreads.com/book/show/29920347.0
132000526.0,Dare You To by Katie McGarry,4.00,N/A,,https://www.goodreads.com/book/show/132000526.0
57326782.0,Study Guide: Darius the Great Is Not Okay by Adib Khorram,0.00,82,,https://www.goodreads.com/book/show/57326782.0
23718736.0,Cut Both Ways,2.93,340,"Young Adult, Realistic Fiction, LGBT",https://www.goodreads.com/book/show/23718736.0
44442961.0,Daughter of Chaos,3.85,368,"Fantasy, Horror, Fiction",https://www.goodreads.com/book/show/44442961.0
76705490.0,Crown of Midnight,4.36,420,"Fantasy, Romance, Fiction",https://www.goodreads.com/book/show/76705490.0
178808747.0,Daughters unto Devils by Amy Lukavics,3.33,N/A,,https://www.goodreads.com/book/show/178808747.0
40714769.0,Dig,4.15,394,"Magical Realism, Fantasy, Young Adult",https://www.goodreads.com/book/show/40714769.0
216879764.0,Dime by E. R. Frank,0.00,N/A,,https://www.goodreads.com/book/show/216879764.0
25546167.0,"Descender, Vol. 1: Tin Stars",4.09,160,"Science Fiction, Graphic Novels, Graphic Novels Comics",https://www.goodreads.com/book/show/25546167.0
7933617.0,Destined,4.03,325,"Fantasy, Supernatural, Romance",https://www.goodreads.com/book/show/7933617.0
56905013.0,Study Guide: A Discovery of Witches by Deborah Harkness,4.25,78,,https://www.goodreads.com/book/show/56905013.0
16130549.0,Doctor Sleep,4.13,531,"Fantasy, Supernatural, Horror",https://www.goodreads.com/book/show/16130549.0
321100.0,"Deogratias, A Tale of Rwanda",3.47,79,"Graphic Novels, Fiction, Comics",https://www.goodreads.com/book/show/321100.0
32438394.0,Lesson Plan Dragonfly in Amber by Diana Gabaldon,5.00,369,,https://www.goodreads.com/book/show/32438394.0
41196694.0,Dogchild,3.54,480,"Fantasy, Young Adult Science Fiction, Dogs",https://www.goodreads.com/book/show/41196694.0
235012058.0,"Ryohgo Narita: Durarara!! Yellow Scarves Arc, Volume 2 (Paperback); 2014 Edition",0.00,N/A,,https://www.goodreads.com/book/show/235012058.0
25269113.0,Summary & Study Guide Eleanor & Park by Rainbow Rowell,4.10,68,,https://www.goodreads.com/book/show/25269113.0
76713323.0,Empire of Storms,4.63,733,"Fantasy, Romance, Fiction",https://www.goodreads.com/book/show/76713323.0
35297272.0,Emergency Contact,3.62,394,"Young Adult, Realistic Fiction, Romance",https://www.goodreads.com/book/show/35297272.0
52782471.0,Elysium Girls,3.71,400,"Fantasy, LGBT, Fiction",https://www.goodreads.com/book/show/52782471.0
54228031.0,Study Guide: Every Day by David Levithan,4.00,80,,https://www.goodreads.com/book/show/54228031.0
3657138.0,Fade,3.91,248,"Fantasy, Supernatural, Mystery",https://www.goodreads.com/book/show/3657138.0
24663677.0,A 15-minute Summary & Analysis Everything I Never Told You by Celeste Ng,3.69,23,Fiction,https://www.goodreads.com/book/show/24663677.0
36900021.0,"Everything, Everything / The Sun Is Also a Star",4.26,572,"Romance, Fiction, Young Adult",https://www.goodreads.com/book/show/36900021.0
19365546.0,Summary & Study Guide Fallout by Ellen Hopkins,4.67,31,,https://www.goodreads.com/book/show/19365546.0
25402261.0,Summary & Study Guide Fangirl by Rainbow Rowell,4.17,84,New Adult,https://www.goodreads.com/book/show/25402261.0
93602405.0,Study Guide: Felix Ever After by Kacen Callender,1.00,56,,https://www.goodreads.com/book/show/93602405.0
8036478.0,Falling Hard: 100 Love Poems by Teenagers,3.44,160,"Romance, Teen, Anthologies",https://www.goodreads.com/book/show/8036478.0
31556153.0,Feral Youth,3.52,310,"Retellings, Young Adult, LGBT",https://www.goodreads.com/book/show/31556153.0
142662200.0,Fans of the Impossible Life by Kate Scelsa,0.00,N/A,,https://www.goodreads.com/book/show/142662200.0
147379248.0,Forever for a Year by B. T. Gottfred,3.08,N/A,"Banned Books, Young Adult, Realistic Fiction",https://www.goodreads.com/book/show/147379248.0
25785693.0,Far from the Tree: How Children and Their Parents Learn to Accept One Another . . . Our Differences Unite Us,4.27,464,"Psychology, Sociology, Nonfiction",https://www.goodreads.com/book/show/25785693.0
10312114.0,Fight Club by Chuck Palahniuk | Summary & Study Guide,4.07,40,,https://www.goodreads.com/book/show/10312114.0
10807667.0,Flowers in the Attic by V.C. Andrews: Summary & Study Guide,4.50,43,,https://www.goodreads.com/book/show/10807667.0
61187786.0,Summary: Firekeeper's Daughter: by Angeline Boulley,3.50,N/A,,https://www.goodreads.com/book/show/61187786.0
38897636.0,Full Disclosure,3.90,320,"Young Adult, LGBT, Romance",https://www.goodreads.com/book/show/38897636.0
204460256.0,"[Full Dark, No Stars] [By: King, Stephen] [May, 2011]",0.00,N/A,,https://www.goodreads.com/book/show/204460256.0
42595554.0,Foul Is Fair,3.70,336,"Retellings, Young Adult, Mystery",https://www.goodreads.com/book/show/42595554.0
34323570.0,Furyborn,3.78,497,"Fantasy, Romance, Fiction",https://www.goodreads.com/book/show/34323570.0
28003097.0,Georgia Peaches and Other Forbidden Fruit,3.75,437,"Lesbian, Young Adult, LGBT",https://www.goodreads.com/book/show/28003097.0
43663311.0,"Girl, Unframed",3.58,357,"Young Adult, Realistic Fiction, Mystery",https://www.goodreads.com/book/show/43663311.0
15790833.0,Game,4.22,520,"Mystery, Horror, Fiction",https://www.goodreads.com/book/show/15790833.0
24707533.0,Summary & Study Guide Forever…by Judy Blume,2.75,39,,https://www.goodreads.com/book/show/24707533.0
241376602.0,Girls of Paper and Fire by Natasha Ngan,0.00,N/A,,https://www.goodreads.com/book/show/241376602.0
211398170.0,Study Guide: Go Ask Alice by Beatrice Sparks,0.00,78,,https://www.goodreads.com/book/show/211398170.0
43558747.0,Girls of Storm and Shadow,3.77,403,"Fantasy, Lesbian, LGBT",https://www.goodreads.com/book/show/43558747.0
137479177.0,Grasshopper Jungle by Andrew Smith,3.67,N/A,,https://www.goodreads.com/book/show/137479177.0
20446607.0,Gone Girl: by Gillian Flynn -- Review,4.13,30,"Fiction, Adult Fiction",https://www.goodreads.com/book/show/20446607.0
270804.0,Glass,4.29,681,"Young Adult, Realistic Fiction, Addiction",https://www.goodreads.com/book/show/270804.0
659622.0,Garden of Shadows,3.95,376,"Horror, Romance, Fiction",https://www.goodreads.com/book/show/659622.0
49397758.0,Grown,4.24,384,"Young Adult, Mystery, Fiction",https://www.goodreads.com/book/show/49397758.0
40536342.0,Heroine,4.28,419,"Young Adult, Realistic Fiction, Fiction",https://www.goodreads.com/book/show/40536342.0
43261131.0,"Hearts, Strings, and Other Breakable Things",3.36,384,"Retellings, Young Adult, Realistic Fiction",https://www.goodreads.com/book/show/43261131.0
54897810.0,Guantanamo Voices: True Accounts from the World’s Most Infamous Prison,4.52,208,"Graphic Novels, Graphic Novels Comics, Comics",https://www.goodreads.com/book/show/54897810.0
36374044.0,H. G. Wells: The Invisible Man,3.93,112,"Science Fiction, Comics, Graphic Novels",https://www.goodreads.com/book/show/36374044.0
35431913.0,H. G. Wells: The Time Machine,3.64,64,"Science Fiction, Bande Dessinée, Graphic Novels",https://www.goodreads.com/book/show/35431913.0
76706470.0,Heir of Fire,4.45,576,"Fantasy, Romance, Fiction",https://www.goodreads.com/book/show/76706470.0
7933615.0,Hidden,4.00,302,"Fantasy, Supernatural, Romance",https://www.goodreads.com/book/show/7933615.0
52880308.0,Study Guide: History of Wolves by Emily Fridlund,0.00,89,,https://www.goodreads.com/book/show/52880308.0
4134071.0,Hunted,3.93,336,"Fantasy, Supernatural, Romance",https://www.goodreads.com/book/show/4134071.0
58724914.0,Home Field Advantage,3.82,304,"Lesbian, LGBT, Romance",https://www.goodreads.com/book/show/58724914.0
44778083.0,House of Earth and Blood,4.45,803,"Fantasy, Urban Fantasy, Romance",https://www.goodreads.com/book/show/44778083.0
29010395.0,I Am Not Your Perfect Mexican Daughter,4.00,344,"Young Adult, Realistic Fiction, Latinx",https://www.goodreads.com/book/show/29010395.0
33098361.0,I Never,3.25,288,"Banned Books, Young Adult, Realistic Fiction",https://www.goodreads.com/book/show/33098361.0
33916153.0,I Hate Everyone But You,3.47,344,"Young Adult, Realistic Fiction, LGBT",https://www.goodreads.com/book/show/33916153.0
45046086.0,"I Know Why the Caged Bird Sings by Maya Angelou (Book Analysis): Detailed Summary, Analysis and Reading Guide",3.80,26,,https://www.goodreads.com/book/show/45046086.0
7766027.0,I Hunt Killers,4.01,359,"Mystery, Horror, Fiction",https://www.goodreads.com/book/show/7766027.0
37542448.0,Summary & Study Guide Identical by Ellen Hopkins,5.00,63,,https://www.goodreads.com/book/show/37542448.0
6435893.0,I Kill Giants,4.15,184,"Fantasy, Graphic Novels, Graphic Novels Comics",https://www.goodreads.com/book/show/6435893.0
20820994.0,I'll Give You the Sun,4.15,371,"Young Adult, Realistic Fiction, LGBT",https://www.goodreads.com/book/show/20820994.0
26117336.0,"I See London, I See France",3.60,378,"Young Adult, Travel, Romance",https://www.goodreads.com/book/show/26117336.0
233428961.0,"(I Was the Cat) [By: Tobin, Paul] [Aug, 2014]",0.00,N/A,,https://www.goodreads.com/book/show/233428961.0
61887788.0,Summary of I'm Glad My Mom Died by Jennette McCurdy,3.81,N/A,Audiobook,https://www.goodreads.com/book/show/61887788.0
40218122.0,Summary & Study Guide Impulse by Ellen Hopkins,0.00,52,,https://www.goodreads.com/book/show/40218122.0
218911182.0,Into The River by Ted Dawe,0.00,N/A,,https://www.goodreads.com/book/show/218911182.0
212600601.0,If There Be Thorns by V.C. Andrews,0.00,N/A,,https://www.goodreads.com/book/show/212600601.0
233904296.0,"No, David! 6 Book Collection Set (David Gets in Trouble, David Goes to School, No, David!, Grow Up David! , That's Not Funny, David!, It's Christmas, David!) By David Shannon",0.00,200,,https://www.goodreads.com/book/show/233904296.0
39333677.0,If You're Out There,3.69,308,"Young Adult, Mystery, Romance",https://www.goodreads.com/book/show/39333677.0
830502.0,It,4.24,1184,"Fantasy, Classics, Mystery",https://www.goodreads.com/book/show/830502.0
88894169.0,Study Guide: Juliet Takes a Breath by Gabby Rivera,3.00,44,,https://www.goodreads.com/book/show/88894169.0
22545984.0,"JoJo's Bizarre Adventure: Part 1—Phantom Blood, Vol. 2",4.11,319,"Fantasy, Manga, Graphic Novels",https://www.goodreads.com/book/show/22545984.0
22545983.0,"JoJo's Bizarre Adventure: Part 1—Phantom Blood, Vol. 1",4.06,245,"Fantasy, Manga, Graphic Novels",https://www.goodreads.com/book/show/22545983.0
23492387.0,"JoJo's Bizarre Adventure: Part 1—Phantom Blood, Vol. 3",4.22,339,"Fantasy, Manga, Graphic Novels",https://www.goodreads.com/book/show/23492387.0
30653855.0,Just a Girl,2.91,294,"Young Adult, Realistic Fiction, Romance",https://www.goodreads.com/book/show/30653855.0
29620980.0,Kaleidoscope Song,3.80,384,"Young Adult, LGBT, Romance",https://www.goodreads.com/book/show/29620980.0
76715522.0,Kingdom of Ash,4.71,984,"Fantasy, Romance, Fiction",https://www.goodreads.com/book/show/76715522.0
52772417.0,Kingdom of the Cursed,4.08,437,"Fantasy, Romance, Romantasy",https://www.goodreads.com/book/show/52772417.0
58470171.0,Kingdom of the Feared,3.86,417,"Fantasy, Romance, Romantasy",https://www.goodreads.com/book/show/58470171.0
40523458.0,Kingsbane,3.88,608,"Fantasy, Romance, Fiction",https://www.goodreads.com/book/show/40523458.0
81071294.0,Study Guide: Last Night at the Telegraph Club by Malinda Lo,3.25,N/A,,https://www.goodreads.com/book/show/81071294.0
52130550.0,Kissing Lessons,3.29,288,"Young Adult, Young Adult Romance, Romance",https://www.goodreads.com/book/show/52130550.0
40190305.0,Like a Love Story,4.26,432,"LGBT, Romance, Fiction",https://www.goodreads.com/book/show/40190305.0
31625039.0,Let's Talk About Love,3.70,304,"Young Adult, LGBT, Romance",https://www.goodreads.com/book/show/31625039.0
22573856.0,Little Peach,3.91,195,"Young Adult, Realistic Fiction, Fiction",https://www.goodreads.com/book/show/22573856.0
12907847.0,"Lies, Knives, and Girls in Red Dresses",3.25,88,"Fantasy, Fairy Tales, Fiction",https://www.goodreads.com/book/show/12907847.0
199815326.0,Study Guide: Lightlark by Alex Aster,0.00,71,,https://www.goodreads.com/book/show/199815326.0
2954411.0,Living Dead Girl,3.78,170,"Young Adult, Realistic Fiction, Horror",https://www.goodreads.com/book/show/2954411.0
51848266.0,Summary of Losing the Field by Abbi Glines: Conversation Starters,5.00,N/A,,https://www.goodreads.com/book/show/51848266.0
99561.0,Looking for Alaska,3.96,221,"Young Adult, Realistic Fiction, Romance",https://www.goodreads.com/book/show/99561.0
61442283.0,Lying in the Deep,3.63,384,"Mystery, Romance, Contemporary",https://www.goodreads.com/book/show/61442283.0
39021610.0,Machete Squad,3.64,160,"Graphic Novels, Mental Health, Comics",https://www.goodreads.com/book/show/39021610.0
30738170.0,Long Way Home,4.19,448,"Young Adult, Romance, Contemporary Romance",https://www.goodreads.com/book/show/30738170.0
168596418.0,Mangaman,3.39,N/A,"Fantasy, Manga, Graphic Novels",https://www.goodreads.com/book/show/168596418.0
35965482.0,Middlegame,4.00,492,"Science Fiction, Fantasy, Adult",https://www.goodreads.com/book/show/35965482.0
42201366.0,Making a Play,3.77,320,"High School, Young Adult, Romance",https://www.goodreads.com/book/show/42201366.0
136302470.0,"Marbles: Mania, Depression, Michelangelo, and Me: A Graphic Memoir by Ellen Forney",4.02,N/A,"Psychology, Mental Illness, Graphic Novels",https://www.goodreads.com/book/show/136302470.0
30183.0,Marked,3.82,306,"Fantasy, Supernatural, Romance",https://www.goodreads.com/book/show/30183.0
33566336.0,Milk and Honey by Rupi Kaur | Conversation Starters,3.84,67,,https://www.goodreads.com/book/show/33566336.0
39670893.0,ME and EARL and the Dying GIRL by Jesse Andrews: A Study Guide,2.67,37,,https://www.goodreads.com/book/show/39670893.0
35068534.0,Monday's Not Coming,4.26,448,"Young Adult, Mystery, Fiction",https://www.goodreads.com/book/show/35068534.0
131379212.0,"[Memoirs of a Teenage Amnesiac] [By: Gabrielle Zevin] [January, 2012]",3.00,N/A,,https://www.goodreads.com/book/show/131379212.0
24346928.0,Summary & Study Guide Monument 14 by Emmy Laybourne,5.00,38,,https://www.goodreads.com/book/show/24346928.0
18215086.0,Savage Drift,4.05,306,"Science Fiction, Apocalyptic, Fiction",https://www.goodreads.com/book/show/18215086.0
16075615.0,Sky on Fire,4.05,215,"Science Fiction, Apocalyptic, Fiction",https://www.goodreads.com/book/show/16075615.0
52664814.0,Muted,4.04,400,"Young Adult, Realistic Fiction, LGBT",https://www.goodreads.com/book/show/52664814.0
39892216.0,"My Hero Academia: Vigilantes, Vol. 1",4.15,208,"Superheroes, Fantasy, Manga",https://www.goodreads.com/book/show/39892216.0
41843140.0,"My Hero Academia: Vigilantes, Vol. 2",4.19,208,"Superheroes, Fantasy, Manga",https://www.goodreads.com/book/show/41843140.0
49676332.0,Study Guide: Nineteen Minutes by Jodi Picoult,4.00,80,,https://www.goodreads.com/book/show/49676332.0
228347806.0,Study Guide: Nightbane by Alex Aster,0.00,N/A,,https://www.goodreads.com/book/show/228347806.0
12294652.0,My Life Next Door,3.97,394,"Young Adult, Realistic Fiction, Chick Lit",https://www.goodreads.com/book/show/12294652.0
34324484.0,Not Even Bones,4.13,368,"Fantasy, Urban Fantasy, Horror",https://www.goodreads.com/book/show/34324484.0
1062516.0,"No, David!",4.16,32,"Humor, Realistic Fiction, Picture Books",https://www.goodreads.com/book/show/1062516.0
23492282.0,Nowhere But Here,4.02,496,"Young Adult, Romance, Fiction",https://www.goodreads.com/book/show/23492282.0
62823770.0,Summary: Ninth House: by Leigh Bardugo,0.00,N/A,,https://www.goodreads.com/book/show/62823770.0
35564535.0,Notes from My Captivity,3.85,340,"Magical Realism, Young Adult, Mystery",https://www.goodreads.com/book/show/35564535.0
58679358.0,One of Us Is Lying,3.91,416,"Young Adult, Mystery, Romance",https://www.goodreads.com/book/show/58679358.0
41247188.0,Only Ashes Remain,4.16,432,"Fantasy, Urban Fantasy, Horror",https://www.goodreads.com/book/show/41247188.0
44654627.0,One of Us Is Next,3.90,377,"Mystery, Fiction, Contemporary",https://www.goodreads.com/book/show/44654627.0
28186273.0,Our Chemical Hearts,3.73,320,"Young Adult, Realistic Fiction, Romance",https://www.goodreads.com/book/show/28186273.0
52696571.0,Parachutes,4.18,496,"Young Adult, Realistic Fiction, LGBT",https://www.goodreads.com/book/show/52696571.0
21195638.0,Lesson Plan Outlander by Diana Gabaldon,4.32,355,,https://www.goodreads.com/book/show/21195638.0
39863269.0,Only a Breath Apart,4.01,365,"Young Adult, Realistic Fiction, Romance",https://www.goodreads.com/book/show/39863269.0
25256386.0,Out of Darkness,4.14,402,"Banned Books, Romance, Fiction",https://www.goodreads.com/book/show/25256386.0
25525380.0,Sidekick - Paper Towns: by John Green,3.72,50,,https://www.goodreads.com/book/show/25525380.0
55994372.0,The Paper Palace,3.78,400,"Literary Fiction, Adult, Romance",https://www.goodreads.com/book/show/55994372.0
38355061.0,People Kill People,3.87,431,"Banned Books, Young Adult, Realistic Fiction",https://www.goodreads.com/book/show/38355061.0
52616765.0,Path of Night,3.59,274,"Fantasy, Horror, Fiction",https://www.goodreads.com/book/show/52616765.0
43562239.0,Permanent Record,3.39,400,"Young Adult, Romance, Fiction",https://www.goodreads.com/book/show/43562239.0
34297912.0,Plague Land,3.87,384,"Science Fiction, Apocalyptic, Horror",https://www.goodreads.com/book/show/34297912.0
123639464.0,"Emeraldalicious (Pinkalicious) by Kann, Victoria (2013) Hardcover",5.00,N/A,,https://www.goodreads.com/book/show/123639464.0
25006168.0,Summary & Study Guide Postcards from No Man's Land by Aidan Chambers,0.00,41,,https://www.goodreads.com/book/show/25006168.0
39673540.0,Plague Land Reborn,3.86,416,"Science Fiction, Apocalyptic, Horror",https://www.goodreads.com/book/show/39673540.0
42366192.0,Plague Land: No Escape,3.85,384,"Science Fiction, Apocalyptic, Horror",https://www.goodreads.com/book/show/42366192.0
42244254.0,Private Lessons,3.43,308,"Young Adult, Realistic Fiction, Fiction",https://www.goodreads.com/book/show/42244254.0
2270120.0,"Dollanganger Boxed Set: Flowers in the Attic / If There Be Thorns / Petals on the Wind / Seeds of Yesterday / Garden of Shadows(Dollanganger, prequel-4",4.23,N/A,"Mystery, Horror, Romance",https://www.goodreads.com/book/show/2270120.0
218833821.0,Raven Summer by David Almond,0.00,N/A,,https://www.goodreads.com/book/show/218833821.0
26107311.0,Summary of Ready Player One: by Ernest Cline | Summary & Analysis,4.26,116,,https://www.goodreads.com/book/show/26107311.0
123004944.0,Queen of Shadows,4.62,689,"Fantasy, Romance, Fiction",https://www.goodreads.com/book/show/123004944.0
53935336.0,Study Guide to Red at the Bone by Jacqueline Woodson,3.67,99,,https://www.goodreads.com/book/show/53935336.0
33526758.0,Recipe for Hate,3.46,304,"Mystery, Fiction, Historical Fiction",https://www.goodreads.com/book/show/33526758.0
58938858.0,Grehge e & Ready Player Two By Ernest Cline Collection 2 Books Set,4.19,N/A,"Science Fiction, Fantasy, Fiction",https://www.goodreads.com/book/show/58938858.0
28818593.0,Rani Patel in Full Effect,3.72,315,"Young Adult, Realistic Fiction, Abuse",https://www.goodreads.com/book/show/28818593.0
51707825.0,"Study Guide: Red, White, and Royal Blue by Casey McQuiston",3.40,46,,https://www.goodreads.com/book/show/51707825.0
17332968.0,Reality Boy,3.81,353,"Young Adult, Realistic Fiction, Romance",https://www.goodreads.com/book/show/17332968.0
30750058.0,Replica: Lyra / Gemma,3.63,520,"Science Fiction, Fantasy, Mystery",https://www.goodreads.com/book/show/30750058.0
141620684.0,Red Ink by Julie Mayhew (2013) Paperback,3.00,N/A,,https://www.goodreads.com/book/show/141620684.0
43721070.0,Red Hood,3.44,361,"Fantasy, Retellings, Fairy Tales",https://www.goodreads.com/book/show/43721070.0
16136599.0,Redeemed,4.01,310,"Fantasy, Romance, Fiction",https://www.goodreads.com/book/show/16136599.0
10619.0,Rose Madder,3.76,595,"Fantasy, Supernatural, Horror",https://www.goodreads.com/book/show/10619.0
30457727.0,Ringer,3.67,672,"Science Fiction, Fantasy, Romance",https://www.goodreads.com/book/show/30457727.0
243891289.0,The Witcher - Season of Storms - Andrzej Sapkowski,0.00,N/A,,https://www.goodreads.com/book/show/243891289.0
34102294.0,Right Where You Left Me,3.65,256,"Young Adult, Romance, Fiction",https://www.goodreads.com/book/show/34102294.0
11863719.0,Seeds of Yesterday by V.C. Andrews Summary & Study Guide,4.64,N/A,,https://www.goodreads.com/book/show/11863719.0
35133826.0,Say You'll Remember Me,3.91,452,"Young Adult, Young Adult Romance, Romance",https://www.goodreads.com/book/show/35133826.0
42635091.0,Seven Endless Forests,3.56,330,"Fantasy, Retellings, Mythology",https://www.goodreads.com/book/show/42635091.0
34618380.0,Ship of Smoke and Steel,3.87,352,"Fantasy, LGBT, Fiction",https://www.goodreads.com/book/show/34618380.0
40519259.0,Shout,4.24,304,"Mental Health, Contemporary, Feminism",https://www.goodreads.com/book/show/40519259.0
50811811.0,Send Pics,3.74,392,"High School, Teen, Contemporary",https://www.goodreads.com/book/show/50811811.0
13448805.0,"Runaway Girl: Escaping Life on the Streets, One Helping Hand at a Time",4.04,320,"Adult, Biography, Social Justice",https://www.goodreads.com/book/show/13448805.0
245889487.0,Skin and Bones by Sherry Shahan,0.00,N/A,,https://www.goodreads.com/book/show/245889487.0
40551242.0,Summary of Simon vs. the Homo Sapiens Agenda by Becky Albertalli | Summary & Analysis,4.14,N/A,,https://www.goodreads.com/book/show/40551242.0
51323334.0,"Slaughterhouse-Five, or the Children's Crusade: A Graphic Novel Adaptation",4.38,192,"Science Fiction, Graphic Novels, Classics",https://www.goodreads.com/book/show/51323334.0
132750267.0,"Skeleton Crew by King, Stephen (1985) Hardcover",3.97,512,"Fantasy, Horror, Fiction",https://www.goodreads.com/book/show/132750267.0
28116794.0,"Shirley Jackson's ""The Lottery"": The Authorized Graphic Adaptation",3.64,138,"Graphic Novels, Classics, Graphic Novels Comics",https://www.goodreads.com/book/show/28116794.0
30327173.0,The Six of Crows Duology Boxed Set,4.65,1040,"Fantasy, Romance, Fiction",https://www.goodreads.com/book/show/30327173.0
45303582.0,"Snow, Glass, Apples",4.04,64,"Fantasy, Retellings, Fairy Tales",https://www.goodreads.com/book/show/45303582.0
33280512.0,Summary - Small Great Things: By Jodi Picoult - A Complete Novel Summary,4.19,26,,https://www.goodreads.com/book/show/33280512.0
160146150.0,Smoke by Ellen Hopkins (10-Sep-2013) Hardcover,4.33,N/A,"Young Adult, Realistic Fiction, Romance",https://www.goodreads.com/book/show/160146150.0
36373456.0,Social Intercourse,3.72,320,"Young Adult, LGBT, Romance",https://www.goodreads.com/book/show/36373456.0
36532172.0,Someone I Used to Know,4.23,384,"Young Adult, Realistic Fiction, Romance",https://www.goodreads.com/book/show/36532172.0
201114.0,Sold,4.24,268,"Banned Books, Realistic Fiction, Fiction",https://www.goodreads.com/book/show/201114.0
26309873.0,Someday,3.64,391,"Fantasy, Young Adult, LGBT",https://www.goodreads.com/book/show/26309873.0
6406018.0,"Soul Eater, Vol. 1",4.30,208,"Fantasy, Manga, Graphic Novels",https://www.goodreads.com/book/show/6406018.0
34466922.0,Sleeping Beauties,3.73,702,"Science Fiction, Fantasy, Mystery",https://www.goodreads.com/book/show/34466922.0
17182353.0,"Soul Eater, Vol. 14",4.34,208,"Fantasy, Manga, Action",https://www.goodreads.com/book/show/17182353.0
15833478.0,"Soul Eater, Vol. 13",4.35,192,"Fantasy, Graphic Novels, Manga",https://www.goodreads.com/book/show/15833478.0
15833473.0,"Soul Eater, Vol. 12",4.32,184,"Fantasy, Supernatural, Graphic Novels",https://www.goodreads.com/book/show/15833473.0
13528306.0,"Soul Eater, Vol. 10",4.35,192,"Fantasy, Supernatural, Manga",https://www.goodreads.com/book/show/13528306.0
8592673.0,"Soul Eater, Vol. 16",4.33,N/A,"Fantasy, Supernatural, Manga",https://www.goodreads.com/book/show/8592673.0
8592332.0,"Soul Eater, Vol. 15",4.38,N/A,"Fantasy, Graphic Novels, Manga",https://www.goodreads.com/book/show/8592332.0
216527892.0,Soul Eater: The Perfect Edition Manga Set (Vol. 1-17) by Atsushi Ohkubo,4.00,4576,,https://www.goodreads.com/book/show/216527892.0
11192824.0,"Soul Eater, Vol. 19",4.36,184,"Fantasy, Supernatural, Manga",https://www.goodreads.com/book/show/11192824.0
6448482.0,"Soul Eater, Vol. 2",4.43,196,"Fantasy, Supernatural, Manga",https://www.goodreads.com/book/show/6448482.0
17458544.0,"Soul Eater, Vol. 23",4.31,187,"Fantasy, Supernatural, Graphic Novels",https://www.goodreads.com/book/show/17458544.0
18332234.0,"Soul Eater, Vol. 24",4.36,186,"Fantasy, Supernatural, Manga",https://www.goodreads.com/book/show/18332234.0
15833498.0,"Soul Eater, Vol. 22",4.32,202,"Fantasy, Supernatural, Graphic Novels",https://www.goodreads.com/book/show/15833498.0
13528307.0,"Soul Eater, Vol. 11",4.35,192,"Fantasy, Supernatural, Manga",https://www.goodreads.com/book/show/13528307.0
10888929.0,"Soul Eater, Vol. 18",4.29,181,"Fantasy, Supernatural, Graphic Novels",https://www.goodreads.com/book/show/10888929.0
15833498.0,"Soul Eater, Vol. 22",4.32,202,"Fantasy, Supernatural, Graphic Novels",https://www.goodreads.com/book/show/15833498.0
22675862.0,"Soul Eater, Vol. 25",4.37,252,"Fantasy, Supernatural, Graphic Novels",https://www.goodreads.com/book/show/22675862.0
7620605.0,"Soul Eater, Vol. 6",4.40,192,"Fantasy, Graphic Novels, Manga",https://www.goodreads.com/book/show/7620605.0
7620631.0,"Soul Eater, Vol. 4",4.40,208,"Fantasy, Manga, Graphic Novels",https://www.goodreads.com/book/show/7620631.0
7620611.0,"Soul Eater, Vol. 5",4.41,192,"Fantasy, Graphic Novels, Manga",https://www.goodreads.com/book/show/7620611.0
11426640.0,"Soul Eater, Vol. 8",4.34,192,"Fantasy, Manga, Action",https://www.goodreads.com/book/show/11426640.0
6690996.0,"Soul Eater, Vol. 3",4.40,192,"Fantasy, Manga, Graphic Novels",https://www.goodreads.com/book/show/6690996.0
13528305.0,"Soul Eater, Vol. 9",4.37,208,"Fantasy, Graphic Novels, Manga",https://www.goodreads.com/book/show/13528305.0
15833495.0,"Soul Eater, Vol. 21",4.29,179,"Fantasy, Supernatural, Graphic Novels",https://www.goodreads.com/book/show/15833495.0
20170404.0,Station Eleven,4.07,333,"Science Fiction, Fantasy, Fiction",https://www.goodreads.com/book/show/20170404.0
40291564.0,Storm and Fury,4.03,512,"Fantasy, Urban Fantasy, Romance",https://www.goodreads.com/book/show/40291564.0
7620598.0,"Soul Eater, Vol. 7",4.35,208,"Fantasy, Supernatural, Graphic Novels",https://www.goodreads.com/book/show/7620598.0
28588459.0,Still Life with Tornado,3.84,295,"Magical Realism, Young Adult, Realistic Fiction",https://www.goodreads.com/book/show/28588459.0
25485029.0,We Know It Was You,2.90,352,"High School, Young Adult, Mystery",https://www.goodreads.com/book/show/25485029.0
28236804.0,The 5th Wave: by Rick Yancey | Unofficial & Independent Summary & Analysis,2.75,31,,https://www.goodreads.com/book/show/28236804.0
23587115.0,Spontaneous,3.34,368,"Science Fiction, Humor, Young Adult",https://www.goodreads.com/book/show/23587115.0
208536408.0,Study Guide: Sword of Destiny by Andrzej Sapkowski,0.00,97,,https://www.goodreads.com/book/show/208536408.0
19148801.0,Study Guide to The Absolutely True Diary of a Part-Time Indian by Sherman Alexie,3.82,24,,https://www.goodreads.com/book/show/19148801.0
18333898.0,Take Me On,4.12,544,"High School, Young Adult, Romance",https://www.goodreads.com/book/show/18333898.0
45294414.0,Study Guide: The Bluest Eye by Toni Morrison,3.50,56,,https://www.goodreads.com/book/show/45294414.0
49366204.0,The Best Laid Plans,3.58,368,"Young Adult, Young Adult Romance, Romance",https://www.goodreads.com/book/show/49366204.0
52625075.0,Study Guide: The Book Of Unknown Americans by Cristina Henríquez,4.00,43,,https://www.goodreads.com/book/show/52625075.0
126062562.0,The Assassin's Blade,4.20,451,"Fantasy, Romance, Fiction",https://www.goodreads.com/book/show/126062562.0
23014001.0,The Awesome,3.81,246,"Fantasy, Humor, Urban Fantasy",https://www.goodreads.com/book/show/23014001.0
18627443.0,The Burnouts,3.93,272,"Science Fiction, Horror, Romance",https://www.goodreads.com/book/show/18627443.0
11609504.0,The Boleyn Inheritance by Philippa Gregory Summary & Study Guide,4.42,N/A,Historical Fiction,https://www.goodreads.com/book/show/11609504.0
49719054.0,Summary: The Body - A Guide for Occupants by Bill Bryson,4.09,27,,https://www.goodreads.com/book/show/49719054.0
22571247.0,The Carnival at Bray,3.90,235,"Realistic Fiction, Romance, Fiction",https://www.goodreads.com/book/show/22571247.0
4555481.0,The Color of Water,3.81,318,"Manga, Graphic Novels, Romance",https://www.goodreads.com/book/show/4555481.0
6478558.0,The Color of Heaven,3.77,320,"Manga, Graphic Novels, Romance",https://www.goodreads.com/book/show/6478558.0
4555477.0,The Color of Earth,3.80,319,"Manga, Graphic Novels, Romance",https://www.goodreads.com/book/show/4555477.0
139031.0,"York Notes Advanced on ""The Color Purple"" by Alice Walker",4.67,N/A,"Adult, Classics, Fiction",https://www.goodreads.com/book/show/139031.0
29507098.0,Bitter Medicine,3.92,128,"Fantasy, Graphic Novels, Graphic Novels Comics",https://www.goodreads.com/book/show/29507098.0
23017959.0,The Prisoner,4.19,128,"Fantasy, Graphic Novels, Horror",https://www.goodreads.com/book/show/23017959.0
25066755.0,House of Cards,4.19,128,"Fantasy, Adventure, Graphic Novels",https://www.goodreads.com/book/show/25066755.0
26030855.0,Lady of Shadows,3.95,128,"Fantasy, Adventure, Graphic Novels",https://www.goodreads.com/book/show/26030855.0
25812109.0,The Female of the Species,4.14,368,"Young Adult, Mystery, Fiction",https://www.goodreads.com/book/show/25812109.0
214560639.0,"Study Guide: The Freedom Writers Diary by Erin Gruwell, The Freedom Writers",0.00,56,,https://www.goodreads.com/book/show/214560639.0
35817737.0,The Exact Opposite of Okay,3.99,337,"Young Adult, Realistic Fiction, Romance",https://www.goodreads.com/book/show/35817737.0
20500616.0,The Five Stages of Andrew Brawley,3.97,297,"Young Adult, LGBT, Romance",https://www.goodreads.com/book/show/20500616.0
20814047.0,The Fault in Our Stars: by John Green -- Sidekick,4.13,50,Book Club,https://www.goodreads.com/book/show/20814047.0
25573012.0,Summary & Study Guide The Girl with the Dragon Tattoo by Stieg Larsson,4.67,51,"Mystery, Audiobook",https://www.goodreads.com/book/show/25573012.0
12720226.0,The Girl Who Kicked the Hornet's Nest by Stieg Larsson | Summary & Study Guide,4.51,55,"Crime, Sweden, Thriller",https://www.goodreads.com/book/show/12720226.0
25533910.0,The Girl on the Train: A Novel By Paula Hawkins | A BookMarked Summary and Analysis - BookMarked,3.91,28,Mystery,https://www.goodreads.com/book/show/25533910.0
227925669.0,The Girl Who Played with Fire by Stieg Larsson,5.00,N/A,,https://www.goodreads.com/book/show/227925669.0
234885710.0,Stephen King's Dark Tower: The Gunslinger - Last Shots by Robin Furth Peter David,2.00,N/A,,https://www.goodreads.com/book/show/234885710.0
24500090.0,"The Guy, the Girl, the Artist and His Ex",3.73,247,"Young Adult, Romance, Art",https://www.goodreads.com/book/show/24500090.0
168237885.0,"The First Part Last by Johnson, Angela. (Simon Pulse,2005) [Mass Market Paperback]",4.00,N/A,,https://www.goodreads.com/book/show/168237885.0
8728918.0,The Journey Begins,4.32,120,"Science Fiction, Fantasy, Graphic Novels",https://www.goodreads.com/book/show/8728918.0
11566.0,The Green Mile,4.49,592,"Fantasy, Classics, Mystery",https://www.goodreads.com/book/show/11566.0
197471059.0,Dark Tower: The Gunslinger - The Man in Black by Robin Furth,3.00,N/A,,https://www.goodreads.com/book/show/197471059.0
10661149.0,The Battle of Tull,4.42,196,"Fantasy, Graphic Novels, Horror",https://www.goodreads.com/book/show/10661149.0
13115079.0,The Way Station,4.33,136,"Fantasy, Graphic Novels, Horror",https://www.goodreads.com/book/show/13115079.0
34593573.0,The Handsome Girl & Her Beautiful Boy,3.59,420,"Young Adult, Realistic Fiction, LGBT",https://www.goodreads.com/book/show/34593573.0
17290266.0,The Infinite Moment of Us,3.17,316,"Banned Books, Young Adult, Realistic Fiction",https://www.goodreads.com/book/show/17290266.0
38448.0,The Handmaid's Tale By Margaret Atwood: A Post 16 Study Guide,3.79,40,"Classics, Audiobook",https://www.goodreads.com/book/show/38448.0
44805980.0,"The Hate U Give by Angie Thomas (Book Analysis): Detailed Summary, Analysis and Reading Guide",4.44,25,,https://www.goodreads.com/book/show/44805980.0
26095121.0,The Haters,3.41,352,"Banned Books, Humor, Young Adult",https://www.goodreads.com/book/show/26095121.0
244329101.0,Study Guide: The Infinite Sea by Rick Yancey,0.00,90,,https://www.goodreads.com/book/show/244329101.0
60180491.0,"Summary of The Last Duel: A True Story of Crime, Scandal, and Trial by Combat by Eric Jager",3.33,N/A,,https://www.goodreads.com/book/show/60180491.0
59363832.0,The Last Field Party,3.94,300,"Young Adult, Romance, Sports Romance",https://www.goodreads.com/book/show/59363832.0
45011496.0,"The Lovely Bones by Alice Sebold (Book Analysis): Detailed Summary, Analysis and Reading Guide",4.00,24,,https://www.goodreads.com/book/show/45011496.0
27779274.0,The Nerdy and the Dirty,3.60,304,"Humor, Young Adult, Realistic Fiction",https://www.goodreads.com/book/show/27779274.0
49833424.0,Andrzej Sapkowski Witcher Series 7 Books Collection Set,4.68,N/A,"Fantasy, Polish Literature, Classics",https://www.goodreads.com/book/show/49833424.0
6674923.0,The Lost Boy: A Foster Child's Search for the Love of a Family,4.12,358,"Psychology, Autobiography, Biography",https://www.goodreads.com/book/show/6674923.0
16131489.0,The Last Star,3.61,338,"Science Fiction, Fantasy, Romance",https://www.goodreads.com/book/show/16131489.0
62601500.0,Study Guide: The Last Wish by Andrzej Sapkowski,0.00,48,,https://www.goodreads.com/book/show/62601500.0
51116307.0,"The Low, Low Woods",3.94,168,"Fantasy, Graphic Novels, LGBT",https://www.goodreads.com/book/show/51116307.0
56067904.0,Study Guide: The Nickel Boys by Colson Whitehead,1.00,48,,https://www.goodreads.com/book/show/56067904.0
7989499.0,The Odyssey: A Graphic Novel,3.92,248,"Fantasy, Young Adult, Graphic Novels",https://www.goodreads.com/book/show/7989499.0
28096541.0,The Nowhere Girls,4.26,408,"Young Adult, Realistic Fiction, LGBT",https://www.goodreads.com/book/show/28096541.0
50846677.0,Study Guide: The Poet X by Elizabeth Acevedo,4.75,47,,https://www.goodreads.com/book/show/50846677.0
11446028.0,The Other Boleyn Girl by Philippa Gregory BookRags.com Summary & Study Guide,4.56,N/A,"Fiction, Tudor Period, Historical Fiction",https://www.goodreads.com/book/show/11446028.0
30038183.0,The Pain Eater,3.94,236,"High School, Young Adult, Realistic Fiction",https://www.goodreads.com/book/show/30038183.0
16280108.0,The Saints,4.10,384,"Science Fiction, Horror, Fiction",https://www.goodreads.com/book/show/16280108.0
38397635.0,The Rising Gold,3.75,424,"Science Fiction, Fantasy, LGBT",https://www.goodreads.com/book/show/38397635.0
38630937.0,Summary of The Sun is Also a Star by Nicola Yoon: Conversation Starters,3.40,68,,https://www.goodreads.com/book/show/38630937.0
35606560.0,The Sun and Her Flowers,4.08,256,"Adult, Romance, Mental Health",https://www.goodreads.com/book/show/35606560.0
73866.0,The Privilege of Youth: A Teenager's Story,4.04,229,"Psychology, Autobiography, Biography",https://www.goodreads.com/book/show/73866.0
42081234.0,The Stan,3.67,130,"Graphic Novels, Comics, War",https://www.goodreads.com/book/show/42081234.0
69438589.0,The Truth About Alice: A Novel,3.63,1,"High School, Banned Books, Young Adult",https://www.goodreads.com/book/show/69438589.0
244020591.0,The Witcher - The Tower of Swallows - Andrzej Sapkowski,4.00,N/A,,https://www.goodreads.com/book/show/244020591.0
212333.0,The Testament,3.55,480,"Adventure, Espionage, Mystery",https://www.goodreads.com/book/show/212333.0
30262727.0,The Stand-In,3.33,360,Fiction,https://www.goodreads.com/book/show/30262727.0
14781491.0,The Time of Contempt,4.16,352,"Fantasy, Polish Literature, Adventure",https://www.goodreads.com/book/show/14781491.0
21801668.0,"The Umbrella Academy, Vol. 3: Hotel Oblivion",3.64,216,"Science Fiction, Fantasy, Superheroes",https://www.goodreads.com/book/show/21801668.0
30312796.0,The Truth of Right Now,3.40,279,"Young Adult, Realistic Fiction, Romance",https://www.goodreads.com/book/show/30312796.0
30653853.0,The Upside of Unrequited,3.88,336,"Young Adult, LGBT, Romance",https://www.goodreads.com/book/show/30653853.0
16290031.0,The Waiting Tree,3.27,218,"Young Adult, LGBT, Fiction",https://www.goodreads.com/book/show/16290031.0
211163674.0,Study Guide: They Went Left by Monica Hesse,0.00,71,,https://www.goodreads.com/book/show/211163674.0
30312837.0,The You I've Never Known,3.94,608,"Young Adult, Realistic Fiction, LGBT",https://www.goodreads.com/book/show/30312837.0
2795053.0,"The Umbrella Academy, Vol. 1:  Apocalypse Suite",3.86,184,"Science Fiction, Fantasy, Superheroes",https://www.goodreads.com/book/show/2795053.0
6413286.0,"The Umbrella Academy, Vol. 2: Dallas",3.98,192,"Science Fiction, Fantasy, Superheroes",https://www.goodreads.com/book/show/6413286.0
48717442.0,They Wish They Were Us,3.48,336,"Young Adult, Mystery, Fiction",https://www.goodreads.com/book/show/48717442.0
24795284.0,Summary & Study Guide Thirteen Reasons Why by Jay Asher,3.88,52,,https://www.goodreads.com/book/show/24795284.0
36203673.0,This Is Kind of an Epic Love Story,3.37,304,"Young Adult, LGBT, Romance",https://www.goodreads.com/book/show/36203673.0
51265989.0,Thorn,4.00,512,"Fantasy, Retellings, Fairy Tales",https://www.goodreads.com/book/show/51265989.0
211147382.0,Three Truths and a Lie by Brent Hartinger,4.00,N/A,,https://www.goodreads.com/book/show/211147382.0
51712324.0,This Boy,3.08,288,"Young Adult, Realistic Fiction, Romance",https://www.goodreads.com/book/show/51712324.0
76703559.0,Throne of Glass,4.19,406,"Fantasy, Romance, Fiction",https://www.goodreads.com/book/show/76703559.0
18465566.0,This One Summer,3.69,324,"Graphic Novels, Realistic Fiction, Fiction",https://www.goodreads.com/book/show/18465566.0
23015872.0,Traffick,4.27,505,"Young Adult, Realistic Fiction, LGBT",https://www.goodreads.com/book/show/23015872.0
191857789.0,Study Guide: Unravel Me by Tahereh Mafi,0.00,69,,https://www.goodreads.com/book/show/191857789.0
76714487.0,Tower of Dawn,4.28,688,"Fantasy, Romance, Fiction",https://www.goodreads.com/book/show/76714487.0
123106.0,Twisted,3.82,250,"High School, Young Adult, Realistic Fiction",https://www.goodreads.com/book/show/123106.0
26393355.0,Tripping Back Blue,3.90,368,"Addiction, Mental Health, Fiction",https://www.goodreads.com/book/show/26393355.0
39021613.0,Trench Dogs,3.97,184,"Graphic Novels, Comics, Dogs",https://www.goodreads.com/book/show/39021613.0
217728414.0,User,0.00,N/A,,https://www.goodreads.com/book/show/217728414.0
175320544.0,"Wacky Wednesday"" Book By Dr. Seuss",4.24,N/A,"Fantasy, Humor, Picture Books",https://www.goodreads.com/book/show/175320544.0
58739572.0,Wash Day Diaries,4.34,192,"Adult, Graphic Novels, LGBT",https://www.goodreads.com/book/show/58739572.0
17928147.0,Walk the Edge,4.22,426,"High School, Young Adult, Romance",https://www.goodreads.com/book/show/17928147.0
1661957.0,Wake,3.75,210,"Fantasy, Supernatural, Mystery",https://www.goodreads.com/book/show/1661957.0
10858119.0,Water for Elephants by Sara Gruen Summary & Study Guide,3.88,N/A,Fiction,https://www.goodreads.com/book/show/10858119.0
29401474.0,What Girls Are Made Of,3.78,200,"Banned Books, Young Adult, Realistic Fiction",https://www.goodreads.com/book/show/29401474.0
25819490.0,Whatever.: or how junior year became totally f$@ked,3.80,272,"M M Romance, Young Adult, LGBT",https://www.goodreads.com/book/show/25819490.0
10987.0,Voyager,4.39,870,"Fantasy, Romance, Time Travel",https://www.goodreads.com/book/show/10987.0
45447218.0,Summary of Where the Crawdads Sing by Delia Owens,4.11,46,"Fiction, Audiobook",https://www.goodreads.com/book/show/45447218.0
62618302.0,Study Guide: When Dimple Met Rishi by Sandhya Menon,3.00,63,,https://www.goodreads.com/book/show/62618302.0
8563789.0,Where Things Come Back,3.80,228,"Young Adult, Realistic Fiction, Mystery",https://www.goodreads.com/book/show/8563789.0
42642098.0,Wilder,3.20,320,"Humor, Young Adult, Realistic Fiction",https://www.goodreads.com/book/show/42642098.0
20701994.0,yolo,3.69,208,"Young Adult, Realistic Fiction, Chick Lit",https://www.goodreads.com/book/show/20701994.0
50160953.0,Where We Go From Here,4.09,288,"LGBT, Romance, Fiction",https://www.goodreads.com/book/show/50160953.0
7171748.0,Zombies Vs. Unicorns,3.71,415,"Fantasy, Horror, Fiction",https://www.goodreads.com/book/show/7171748.0
31368108.0,Summary of A Stolen Life: by Jaycee Dugard | Includes Analysis,3.25,23,,https://www.goodreads.com/book/show/31368108.0
6567017.0,"Will Grayson, Will Grayson",3.69,320,"Young Adult, Realistic Fiction, LGBT",https://www.goodreads.com/book/show/6567017.0
8720917.0,You Against Me,3.69,413,"Young Adult, Realistic Fiction, Romance",https://www.goodreads.com/book/show/8720917.0
19193652.0,The Unknown Bible,4.11,127,,https://www.goodreads.com/book/show/19193652.0
156758105.0,[(Boy Toy )] [Author: Barry Lyga] [Jan-2009],0.00,N/A,,https://www.goodreads.com/book/show/156758105.0
22667722.0,Summary & Study Guide Bastard Out of Carolina by Dorothy Allison,3.43,60,,https://www.goodreads.com/book/show/22667722.0
134801029.0,1Q84 by Murakami Haruki (2011-10-25) Hardcover,3.89,N/A,Fiction,https://www.goodreads.com/book/show/134801029.0
3873511.0,Becoming Billie Holiday,4.09,120,"Music, Historical, African American",https://www.goodreads.com/book/show/3873511.0
49909479.0,"A Clockwork Orange by Anthony Burgess (Book Analysis): Detailed Summary, Analysis and Reading Guide",4.50,27,,https://www.goodreads.com/book/show/49909479.0
563782.0,"Collected Poems, 1947-1980",4.18,864,"Classics, Literature, Fiction",https://www.goodreads.com/book/show/563782.0
40495148.0,Blindness,4.18,349,"Science Fiction, Classics, Fiction",https://www.goodreads.com/book/show/40495148.0
50748473.0,Cool for the Summer,3.75,272,"Lesbian, Young Adult, LGBT",https://www.goodreads.com/book/show/50748473.0
142662200.0,Fans of the Impossible Life by Kate Scelsa,0.00,N/A,,https://www.goodreads.com/book/show/142662200.0
40228587.0,Chicken Girl,3.57,240,"Young Adult, Realistic Fiction, LGBT",https://www.goodreads.com/book/show/40228587.0
256566.0,Everything is Illuminated,3.89,276,"Magical Realism, Literary Fiction, Fiction",https://www.goodreads.com/book/show/256566.0
128658746.0,Fault Line,3.70,N/A,"Realistic Fiction, Romance, Fiction",https://www.goodreads.com/book/show/128658746.0
136834355.0,"Blade, 1: Enemies by Bowler, Tim (2012) Paperback",3.85,N/A,"Adventure, Action, Fiction",https://www.goodreads.com/book/show/136834355.0
36260155.0,Damsel,3.30,320,"Fantasy, Retellings, Dragons",https://www.goodreads.com/book/show/36260155.0
17118910.0,Endgame,4.23,240,,https://www.goodreads.com/book/show/17118910.0
147379248.0,Forever for a Year by B. T. Gottfred,3.08,N/A,"Banned Books, Young Adult, Realistic Fiction",https://www.goodreads.com/book/show/147379248.0
60925.0,Fledgling,3.79,310,"Science Fiction, Fantasy, Horror",https://www.goodreads.com/book/show/60925.0
24707533.0,Summary & Study Guide Forever…by Judy Blume,2.75,39,,https://www.goodreads.com/book/show/24707533.0
132749825.0,Gerald's Game Stephen King 1st edition 1st print !,3.59,N/A,"Mystery, Horror, Horror Thriller",https://www.goodreads.com/book/show/132749825.0
31706530.0,Grit,3.57,304,"Young Adult, Realistic Fiction, Mystery",https://www.goodreads.com/book/show/31706530.0
49397758.0,Grown,4.24,384,"Young Adult, Mystery, Fiction",https://www.goodreads.com/book/show/49397758.0
143018428.0,Blade 2: Flight by Tim Bowler,3.96,N/A,"Fiction, Young Adult, Action",https://www.goodreads.com/book/show/143018428.0
30896134.0,Summary of Homegoing: By Yaa Gyasi - Includes Analysis,4.19,28,,https://www.goodreads.com/book/show/30896134.0
20820994.0,I'll Give You the Sun,4.15,371,"Young Adult, Realistic Fiction, LGBT",https://www.goodreads.com/book/show/20820994.0
29010395.0,I Am Not Your Perfect Mexican Daughter,4.00,344,"Young Adult, Realistic Fiction, Latinx",https://www.goodreads.com/book/show/29010395.0
59808305.0,I'm the Girl,3.38,344,"Young Adult, LGBT, Mystery",https://www.goodreads.com/book/show/59808305.0
144900278.0,"The Whalestoe Letters: From House of Leaves[THE WHALESTOE LETTERS: FROM HOUSE OF LEAVES] by Danielewski, Mark Z.",4.07,N/A,"Adult, Fantasy, Mystery",https://www.goodreads.com/book/show/144900278.0
59112062.0,Summary of It Ends With Us by Colleen Hoover,4.00,40,,https://www.goodreads.com/book/show/59112062.0
18369851.0,Infandous,3.46,N/A,"Banned Books, Fantasy, Young Adult",https://www.goodreads.com/book/show/18369851.0
25785745.0,Irreversible,2.54,352,"Family, Contemporary, Young Adult",https://www.goodreads.com/book/show/25785745.0
830502.0,It,4.24,1184,"Fantasy, Classics, Mystery",https://www.goodreads.com/book/show/830502.0
76715522.0,Kingdom of Ash,4.71,984,"Fantasy, Romance, Fiction",https://www.goodreads.com/book/show/76715522.0
52772417.0,Kingdom of the Cursed,4.08,437,"Fantasy, Romance, Romantasy",https://www.goodreads.com/book/show/52772417.0
25062038.0,Little & Lion,3.80,327,"Young Adult, LGBT, Romance",https://www.goodreads.com/book/show/25062038.0
58470171.0,Kingdom of the Feared,3.86,417,"Fantasy, Romance, Romantasy",https://www.goodreads.com/book/show/58470171.0
40190305.0,Like a Love Story,4.26,432,"LGBT, Romance, Fiction",https://www.goodreads.com/book/show/40190305.0
2954411.0,Living Dead Girl,3.78,170,"Young Adult, Realistic Fiction, Horror",https://www.goodreads.com/book/show/2954411.0
12846895.0,Summary & Study Guide Lolita by Vladimir Nabokov,3.63,83,,https://www.goodreads.com/book/show/12846895.0
56574911.0,"Study Guide: Love, Hate and Other Filters by Samira Ahmed",0.00,52,,https://www.goodreads.com/book/show/56574911.0
33566336.0,Milk and Honey by Rupi Kaur | Conversation Starters,3.84,67,,https://www.goodreads.com/book/show/33566336.0
59029659.0,Man o' War,4.36,336,"Young Adult, LGBT, Transgender",https://www.goodreads.com/book/show/59029659.0
89190347.0,Study Guide: More Happy Than Not by Adam Silvera,0.00,78,,https://www.goodreads.com/book/show/89190347.0
25711025.0,Longbow Girl,3.88,336,"Fantasy, Adventure, Time Travel",https://www.goodreads.com/book/show/25711025.0
35530884.0,Losers Bracket,3.65,250,"Young Adult, Realistic Fiction, Fiction",https://www.goodreads.com/book/show/35530884.0
22466679.0,Miss Peregrines Home For Peculiar Children by Ransom Riggs l Summary & Study Guide,3.82,65,Fantasy,https://www.goodreads.com/book/show/22466679.0
36310515.0,Munmun,3.54,407,"Science Fiction, Fantasy, Satire",https://www.goodreads.com/book/show/36310515.0
25256386.0,Out of Darkness,4.14,402,"Banned Books, Romance, Fiction",https://www.goodreads.com/book/show/25256386.0
34227694.0,Naondel,4.18,376,"Fantasy, LGBT, Finnish Literature",https://www.goodreads.com/book/show/34227694.0
49676332.0,Study Guide: Nineteen Minutes by Jodi Picoult,4.00,80,,https://www.goodreads.com/book/show/49676332.0
820243.0,My Brother's Keeper,4.24,304,"Christian, Fiction, Audiobook",https://www.goodreads.com/book/show/820243.0
32716378.0,"Perfume: The Story of a Murderer by Patrick Süskind (Book Analysis): Detailed Summary, Analysis and Reading Guide",4.38,31,,https://www.goodreads.com/book/show/32716378.0
201114.0,Sold,4.24,268,"Banned Books, Realistic Fiction, Fiction",https://www.goodreads.com/book/show/201114.0
48727813.0,She Who Became the Sun,3.84,416,"Fantasy, Lesbian, LGBT",https://www.goodreads.com/book/show/48727813.0
2800905.0,The Summoning,4.03,390,"Supernatural, Fantasy, Urban Fantasy",https://www.goodreads.com/book/show/2800905.0
33657314.0,Run Away With Me,3.96,352,"Young Adult, Romance, Sports Romance",https://www.goodreads.com/book/show/33657314.0
40291564.0,Storm and Fury,4.03,512,"Fantasy, Urban Fantasy, Romance",https://www.goodreads.com/book/show/40291564.0
24976555.0,Sidekick - The DUFF: (Designated Ugly Fat Friend) by Kody Keplinger,3.43,56,,https://www.goodreads.com/book/show/24976555.0
919968.0,The Executioner,3.28,176,"Mystery, Horror, Fiction",https://www.goodreads.com/book/show/919968.0
106668182.0,Study Guide: The Death of Vivek Oji by Akwaeke Emezi,3.33,45,,https://www.goodreads.com/book/show/106668182.0
214560639.0,"Study Guide: The Freedom Writers Diary by Erin Gruwell, The Freedom Writers",0.00,56,,https://www.goodreads.com/book/show/214560639.0
22571247.0,The Carnival at Bray,3.90,235,"Realistic Fiction, Romance, Fiction",https://www.goodreads.com/book/show/22571247.0
50846677.0,Study Guide: The Poet X by Elizabeth Acevedo,4.75,47,,https://www.goodreads.com/book/show/50846677.0
20412869.0,Study Guide: The Perks of Being a Wallflower by Stephen Chbosky,3.98,38,Fiction,https://www.goodreads.com/book/show/20412869.0
17290266.0,The Infinite Moment of Us,3.17,316,"Banned Books, Young Adult, Realistic Fiction",https://www.goodreads.com/book/show/17290266.0
18465566.0,This One Summer,3.69,324,"Graphic Novels, Realistic Fiction, Fiction",https://www.goodreads.com/book/show/18465566.0
24795284.0,Summary & Study Guide Thirteen Reasons Why by Jay Asher,3.88,52,,https://www.goodreads.com/book/show/24795284.0
26095121.0,The Haters,3.41,352,"Banned Books, Humor, Young Adult",https://www.goodreads.com/book/show/26095121.0
44280883.0,All Boys Aren’t Blue,4.18,304,"Banned Books, LGBT, Biography",https://www.goodreads.com/book/show/44280883.0
20701994.0,yolo,3.69,208,"Young Adult, Realistic Fiction, Chick Lit",https://www.goodreads.com/book/show/20701994.0
5510384.0,Tricks,4.27,627,"Banned Books, Young Adult, Realistic Fiction",https://www.goodreads.com/book/show/5510384.0
13547206.0,Wild Girls,3.19,288,"Fantasy, Mystery, Horror",https://www.goodreads.com/book/show/13547206.0
219067494.0,A Guy's Guide to Sexuality and Sexual Identity in the 21st Century by Joe Craig,0.00,N/A,,https://www.goodreads.com/book/show/219067494.0
10572.0,A Clash of Kings,4.42,1009,"Fantasy, Adult, Fiction",https://www.goodreads.com/book/show/10572.0
213198552.0,Study Guide: A High Five for Glenn Burke by Phil Bildner,0.00,61,,https://www.goodreads.com/book/show/213198552.0
56978176.0,A Million Quiet Revolutions,4.15,336,"LGBT, Romance, Transgender",https://www.goodreads.com/book/show/56978176.0
140344197.0,A Hundred Vicious Turns,3.64,384,"Fantasy, LGBT, Urban Fantasy",https://www.goodreads.com/book/show/140344197.0
33517733.0,A Queer History of the United States for Young People,3.78,336,"LGBT, Historical, Politics",https://www.goodreads.com/book/show/33517733.0
56921877.0,A Million to One: An LGBTQIA+ Historical Heist and Romance Aboard the Titanic,3.41,367,"Lesbian, LGBT, Romance",https://www.goodreads.com/book/show/56921877.0
38568.0,A Quick Bite,3.91,360,"Fantasy, Adult, Urban Fantasy",https://www.goodreads.com/book/show/38568.0
40012192.0,A Song Only I Can Hear,3.86,288,"Middle Grade, Realistic Fiction, LGBT",https://www.goodreads.com/book/show/40012192.0
58505006.0,Aces Wild: A Heist,3.77,352,"Young Adult, Mystery, LGBT",https://www.goodreads.com/book/show/58505006.0
38568.0,A Quick Bite,3.91,360,"Fantasy, Adult, Urban Fantasy",https://www.goodreads.com/book/show/38568.0
136609770.0,Alex As Well by Alyssa Brugman,3.45,N/A,"Young Adult, Realistic Fiction, LGBT",https://www.goodreads.com/book/show/136609770.0
65654609.0,Airlock,3.14,112,"Science Fiction, Dystopia, Space",https://www.goodreads.com/book/show/65654609.0
57468716.0,Alice Austen Lived Here,3.86,176,"Middle Grade, Realistic Fiction, LGBT",https://www.goodreads.com/book/show/57468716.0
56197478.0,Act Cool,3.77,352,"Young Adult, LGBT, Romance",https://www.goodreads.com/book/show/56197478.0
44584622.0,All Eyes on Us,3.51,384,"Lesbian, Mystery, LGBT",https://www.goodreads.com/book/show/44584622.0
26489894.0,Alex,3.81,208,"Transgender, LGBT",https://www.goodreads.com/book/show/26489894.0
35140599.0,All Out: The No-Longer-Secret Stories of Queer Teens throughout the Ages,3.92,368,"Fantasy, LGBT, Historical Fiction",https://www.goodreads.com/book/show/35140599.0
44139388.0,All the Bad Apples,3.97,320,"Fantasy, Magical Realism, Young Adult",https://www.goodreads.com/book/show/44139388.0
201907591.0,"(Almost Perfect) [By: Katcher, Brian] [Nov, 2010]",0.00,N/A,,https://www.goodreads.com/book/show/201907591.0
55655052.0,Almost Flying,4.32,352,"Lesbian, Middle Grade, LGBT",https://www.goodreads.com/book/show/55655052.0
54798457.0,All Kinds of Other,3.76,416,"Young Adult, LGBT, Romance",https://www.goodreads.com/book/show/54798457.0
31689949.0,And She Was,3.64,361,"Young Adult, Realistic Fiction, LGBT",https://www.goodreads.com/book/show/31689949.0
50998103.0,Ana on the Edge,4.36,380,"Middle Grade, Realistic Fiction, LGBT",https://www.goodreads.com/book/show/50998103.0
27285925.0,Are You LGBTQ?,3.33,112,,https://www.goodreads.com/book/show/27285925.0
58667398.0,Arden Grey,4.01,288,"Young Adult, LGBT, Romance",https://www.goodreads.com/book/show/58667398.0
59447530.0,Answers in the Pages,4.30,176,"Middle Grade, Realistic Fiction, LGBT",https://www.goodreads.com/book/show/59447530.0
25167846.0,Beast,3.50,305,"Retellings, Young Adult, LGBT",https://www.goodreads.com/book/show/25167846.0
75598547.0,Asexual,0.00,N/A,,https://www.goodreads.com/book/show/75598547.0
195660555.0,Batcat: Sink or Swim!,4.24,96,"Fantasy, Middle Grade, Graphic Novels",https://www.goodreads.com/book/show/195660555.0
42844155.0,Harry Potter and the Sorcerer's Stone,4.47,333,"Fantasy, Childrens, Fiction",https://www.goodreads.com/book/show/42844155.0
28919058.0,Autoboyography,4.10,407,"Young Adult, LGBT, Romance",https://www.goodreads.com/book/show/28919058.0
13221769.0,Beautiful Music for Ugly Children,3.90,262,"Young Adult, Realistic Fiction, LGBT",https://www.goodreads.com/book/show/13221769.0
34138368.0,Before I Had the Words: On Being a Transgender Young Adult,4.18,257,"LGBT, Transgender, Memoir",https://www.goodreads.com/book/show/34138368.0
53291599.0,Before We Were Blue,3.86,336,"Lesbian, Young Adult, LGBT",https://www.goodreads.com/book/show/53291599.0
53277714.0,Being LGBTQ,3.00,80,,https://www.goodreads.com/book/show/53277714.0
44495146.0,Being Transgender in America,4.00,112,LGBT,https://www.goodreads.com/book/show/44495146.0
28587986.0,Being Jazz: My Life as a (Transgender) Teen,3.87,272,"LGBT, Biography, Memoir",https://www.goodreads.com/book/show/28587986.0
58724791.0,Beating Heart Baby,4.19,352,"Young Adult, LGBT, Romance",https://www.goodreads.com/book/show/58724791.0
54776123.0,Between Perfect and Real,3.97,304,"Young Adult, LGBT, Romance",https://www.goodreads.com/book/show/54776123.0
39019488.0,"Beyond Gender Binaries: The History of Trans, Intersex, and Third-Gender Individuals",3.42,112,"Banned Books, LGBT, Transgender",https://www.goodreads.com/book/show/39019488.0
50187893.0,Beyond Male and Female: The Gender Identity Spectrum,3.75,96,,https://www.goodreads.com/book/show/50187893.0
35128563.0,Belly Up,3.71,352,"Young Adult, Realistic Fiction, LGBT",https://www.goodreads.com/book/show/35128563.0
59237736.0,Bianca Torre Is Afraid of Everything,4.03,384,"Lesbian, LGBT, Mystery",https://www.goodreads.com/book/show/59237736.0
39863399.0,Birthday,4.18,288,"Young Adult, LGBT, Romance",https://www.goodreads.com/book/show/39863399.0
18166920.0,Beyond Magenta: Transgender and Nonbinary Teens Speak Out,3.80,182,"Banned Books, LGBT, Transgender",https://www.goodreads.com/book/show/18166920.0
51794301.0,Beyond the Gender Binary,4.48,64,"LGBT, Feminism, Memoir",https://www.goodreads.com/book/show/51794301.0
51137933.0,Blood Sport,3.44,118,"Realistic Fiction, Mystery, LGBT",https://www.goodreads.com/book/show/51137933.0
24795908.0,Beyond Clueless,3.53,256,"Young Adult, Realistic Fiction, LGBT",https://www.goodreads.com/book/show/24795908.0
18143812.0,"Bleach, Volume 60",4.30,192,"Fantasy, Supernatural, Graphic Novels",https://www.goodreads.com/book/show/18143812.0
55276659.0,Both Can Be True,4.03,368,"Middle Grade, Young Adult, LGBT",https://www.goodreads.com/book/show/55276659.0
54493398.0,Born Ready: The True Story of a Boy Named Penelope,4.17,40,"Picture Books, LGBT, Childrens",https://www.goodreads.com/book/show/54493398.0
2323295.0,"Bleach, Volume 23",4.32,208,"Fantasy, Manga, Graphic Novels",https://www.goodreads.com/book/show/2323295.0
56749664.0,Both Sides Now,3.31,304,"LGBT, Romance, Transgender",https://www.goodreads.com/book/show/56749664.0
55995928.0,"Boys Run the Riot, Vol. 2",4.34,194,"Graphic Novels, Manga, LGBT",https://www.goodreads.com/book/show/55995928.0
50187900.0,Body and Mind: Lgbtq Health Issues,0.00,96,,https://www.goodreads.com/book/show/50187900.0
146782.0,Bum Rush the Page: A Def Poetry Jam,4.08,320,"Nonfiction, Poetry, Music",https://www.goodreads.com/book/show/146782.0
224187653.0,[(Boyfriends with Girlfriends )] [Author: Alex Sanchez] [Apr-2011],0.00,N/A,,https://www.goodreads.com/book/show/224187653.0
58592345.0,"Boys Run the Riot, Vol. 4",4.26,262,"Graphic Novels, Manga, LGBT",https://www.goodreads.com/book/show/58592345.0
143330475.0,Brooms,4.21,240,"Fantasy, Graphic Novels, LGBT",https://www.goodreads.com/book/show/143330475.0
45702387.0,Can We Achieve Gender Equality?,0.00,32,,https://www.goodreads.com/book/show/45702387.0
57737479.0,Camp QUILTBAG,4.10,352,"Middle Grade, Realistic Fiction, LGBT",https://www.goodreads.com/book/show/57737479.0
58492451.0,"Boys Run the Riot, Vol. 3",4.34,210,"Graphic Novels, Manga, LGBT",https://www.goodreads.com/book/show/58492451.0
28859474.0,Caitlyn Jenner,3.67,112,,https://www.goodreads.com/book/show/28859474.0
57282212.0,Calvin,4.48,32,"Picture Books, LGBT, Childrens",https://www.goodreads.com/book/show/57282212.0
28859473.0,Chaz Bono,2.67,112,,https://www.goodreads.com/book/show/28859473.0
53138213.0,Can't Take That Away,4.06,375,"Young Adult, LGBT, Romance",https://www.goodreads.com/book/show/53138213.0
176530018.0,Clarion Call,3.68,348,"Fantasy, Lesbian, LGBT",https://www.goodreads.com/book/show/176530018.0
55711045.0,Cheer Up: Love and Pompoms,4.22,128,"Lesbian, Graphic Novels, LGBT",https://www.goodreads.com/book/show/55711045.0
25721187.0,Combat Zone,2.36,112,,https://www.goodreads.com/book/show/25721187.0
41808100.0,Cold Falling White,4.03,576,"Science Fiction, Fantasy, Romance",https://www.goodreads.com/book/show/41808100.0
31494782.0,Coming Out As Transgender,2.83,64,Nonfiction,https://www.goodreads.com/book/show/31494782.0
114551467.0,Study Guide: Cemetery Boys by Aiden Thomas,0.00,68,,https://www.goodreads.com/book/show/114551467.0
49909479.0,"A Clockwork Orange by Anthony Burgess (Book Analysis): Detailed Summary, Analysis and Reading Guide",4.50,27,,https://www.goodreads.com/book/show/49909479.0
50748473.0,Cool for the Summer,3.75,272,"Lesbian, Young Adult, LGBT",https://www.goodreads.com/book/show/50748473.0
34481072.0,Coping with Gender Dysphoria,4.14,112,"Queer, Nonfiction",https://www.goodreads.com/book/show/34481072.0
211247963.0,"Coming Out: Telling Family and Friends (Gallup's Guide to Modern Gay, Lesbian and Transgender Lifestyle (Library)) by Jaime A Seba",0.00,N/A,,https://www.goodreads.com/book/show/211247963.0
60014652.0,Critical Perspectives on Gender Identity,0.00,208,,https://www.goodreads.com/book/show/60014652.0
50798284.0,Coping with Gender Fluidity,4.00,112,,https://www.goodreads.com/book/show/50798284.0
167851433.0,"Crossing Lines by Volponi, Paul (2011) Hardcover",5.00,N/A,,https://www.goodreads.com/book/show/167851433.0
10123968.0,Cosmetic Surgery,4.00,224,,https://www.goodreads.com/book/show/10123968.0
37976862.0,Confronting LGBTQ+ Discrimination,3.33,64,,https://www.goodreads.com/book/show/37976862.0
54221424.0,Confessions of a Teenage Drag King,3.12,160,"Romance, Young Adult, LGBT",https://www.goodreads.com/book/show/54221424.0
23718736.0,Cut Both Ways,2.93,340,"Young Adult, Realistic Fiction, LGBT",https://www.goodreads.com/book/show/23718736.0
52546849.0,Dealing with Gender Dysphoria,3.75,80,,https://www.goodreads.com/book/show/52546849.0
58839257.0,Dead End Girls,3.77,336,"Lesbian, LGBT, Mystery",https://www.goodreads.com/book/show/58839257.0
61783806.0,Dear Mothman,4.23,313,"Fantasy, Middle Grade, LGBT",https://www.goodreads.com/book/show/61783806.0
41150338.0,Deposing Nathan,4.22,393,"Young Adult, Realistic Fiction, LGBT",https://www.goodreads.com/book/show/41150338.0
62242989.0,Summary of Diary of a Misfit: A Memoir and a Mystery by Casey Parks,0.00,N/A,,https://www.goodreads.com/book/show/62242989.0
52739801.0,"Date Me, Bryson Keller",3.90,336,"Young Adult, LGBT, Romance",https://www.goodreads.com/book/show/52739801.0
58925325.0,Different Kinds of Fruit,4.07,313,"Middle Grade, Realistic Fiction, LGBT",https://www.goodreads.com/book/show/58925325.0
61484916.0,Court of the Undying Seasons,3.82,400,"Fantasy, LGBT, Romance",https://www.goodreads.com/book/show/61484916.0
150418259.0,Drama: A Graphic Novel,4.18,1,"Middle Grade, Graphic Novels, LGBT",https://www.goodreads.com/book/show/150418259.0
50187905.0,Double Challenge: Being Lgbtq and a Minority,2.75,96,,https://www.goodreads.com/book/show/50187905.0
56304185.0,Dig Two Graves,3.45,352,"Mystery, LGBT, Horror",https://www.goodreads.com/book/show/56304185.0
20344687.0,Double Exposure,3.71,272,"LGBT, Sports, Fiction",https://www.goodreads.com/book/show/20344687.0
63899004.0,Elle Campbell Wins Their Weekend,3.67,261,"Middle Grade, Juvenile, LGBT",https://www.goodreads.com/book/show/63899004.0
60382883.0,"Drizzle, Dreams, and Lovestruck Things",3.85,464,"Lesbian, Young Adult, LGBT",https://www.goodreads.com/book/show/60382883.0
223949470.0,Study Guide: Ellen Outside the Lines by A. J. Sass,0.00,65,,https://www.goodreads.com/book/show/223949470.0
212635956.0,FatherSonFather (Gravel Road) by Evan Jacobs,0.00,N/A,,https://www.goodreads.com/book/show/212635956.0
93602405.0,Study Guide: Felix Ever After by Kacen Callender,1.00,56,,https://www.goodreads.com/book/show/93602405.0
17924987.0,Fan Art,3.75,354,"Young Adult, Realistic Fiction, LGBT",https://www.goodreads.com/book/show/17924987.0
42932817.0,Everything Grows,3.79,236,"LGBT, Fiction, Contemporary",https://www.goodreads.com/book/show/42932817.0
130654544.0,[(Empress of the World )] [Author: Sara Ryan] [Feb-2007],3.73,N/A,"Lesbian, LGBT, Romance",https://www.goodreads.com/book/show/130654544.0
74964003.0,Flor Fights Back: A Stonewall Riots Survival Story,4.05,101,"Banned Books, Middle Grade, LGBT",https://www.goodreads.com/book/show/74964003.0
52664789.0,Follow Your Arrow,3.88,320,"Lesbian, Young Adult, LGBT",https://www.goodreads.com/book/show/52664789.0
61418420.0,Forever Is Now,4.25,416,"Young Adult, LGBT, Mental Health",https://www.goodreads.com/book/show/61418420.0
43785625.0,Flip the Script,3.56,296,"Lesbian, Young Adult, LGBT",https://www.goodreads.com/book/show/43785625.0
55144174.0,Fifteen Hundred Miles from the Sun,4.14,354,"Young Adult, LGBT, Romance",https://www.goodreads.com/book/show/55144174.0
221907011.0,Study Guide: Flight Of The Puffin by Ann Braden,0.00,69,,https://www.goodreads.com/book/show/221907011.0
17261129.0,Freakboy,3.93,448,"Young Adult, Realistic Fiction, LGBT",https://www.goodreads.com/book/show/17261129.0
7993859.0,"Friendship, Dating, and Relationships",3.67,80,Queer,https://www.goodreads.com/book/show/7993859.0
52298243.0,Frío cae blanco,4.03,532,"Science Fiction, Fantasy, Romance",https://www.goodreads.com/book/show/52298243.0
23587107.0,Frannie and Tru,3.66,320,"Young Adult, Realistic Fiction, LGBT",https://www.goodreads.com/book/show/23587107.0
43263228.0,Freeing Finch,3.91,272,"Middle Grade, LGBT, Animals",https://www.goodreads.com/book/show/43263228.0
50187910.0,Gender Fulfilled: Being Transgender,4.00,96,,https://www.goodreads.com/book/show/50187910.0
61356532.0,Friday I'm in Love,3.81,288,"Lesbian, Young Adult, LGBT",https://www.goodreads.com/book/show/61356532.0
18228995.0,Gender Identity,2.50,48,Banned Books,https://www.goodreads.com/book/show/18228995.0
40821809.0,Gender Identity: Beyond Pronouns and Bathrooms,3.78,128,"Banned Books, Middle Grade, LGBT",https://www.goodreads.com/book/show/40821809.0
31495611.0,Gender Identity: The Search for Self,4.00,104,LGBT,https://www.goodreads.com/book/show/31495611.0
52547811.0,Gender Identity,3.00,48,,https://www.goodreads.com/book/show/52547811.0
59235529.0,Galaxy: The Prettiest Star,4.09,208,"Science Fiction, Fantasy, Graphic Novels",https://www.goodreads.com/book/show/59235529.0
52437907.0,Gender in the 21st Century,3.50,176,Banned Books,https://www.goodreads.com/book/show/52437907.0
31495489.0,Gender Politics,0.00,116,,https://www.goodreads.com/book/show/31495489.0
1906020.0,Gender Identity: The Ultimate Teen Guide,3.50,212,,https://www.goodreads.com/book/show/1906020.0
62795047.0,"Gender Rebels: 30 Trans, Nonbinary, and Gender Expansive Heroes Past and Present",4.26,120,"LGBT, Biography, Historical",https://www.goodreads.com/book/show/62795047.0
45303641.0,"Giovanni's Room by James Baldwin (Book Analysis): Detailed Summary, Analysis and Reading Guide",4.22,27,Audiobook,https://www.goodreads.com/book/show/45303641.0
54303303.0,Girl Haven,3.89,160,"Fantasy, Middle Grade, Graphic Novels",https://www.goodreads.com/book/show/54303303.0
22863724.0,Girls vs. Guys: Surprising Differences Between the Sexes,3.46,76,Nonfiction,https://www.goodreads.com/book/show/22863724.0
35721231.0,Girl Made of Stars,4.18,295,"Lesbian, Young Adult, LGBT",https://www.goodreads.com/book/show/35721231.0
16119786.0,"Jesus, Justice, and Gender Roles: A Case for Gender Roles in Ministry",4.17,45,"Faith, Religion, Christian",https://www.goodreads.com/book/show/16119786.0
185495652.0,Study Guide: Gracefully Grayson by Ami Polonsky,0.00,52,,https://www.goodreads.com/book/show/185495652.0
218850882.0,Girlness: Deal with it body and soul (Lorimer Deal With It) by Diane Peters,0.00,N/A,,https://www.goodreads.com/book/show/218850882.0
44495147.0,Growing Up LGBTQ,4.00,112,,https://www.goodreads.com/book/show/44495147.0
320835.0,GLBTQ*: The Survival Guide for Queer & Questioning Teens,3.75,227,"LGBT, Transgender, Gay",https://www.goodreads.com/book/show/320835.0
137479177.0,Grasshopper Jungle by Andrew Smith,3.67,N/A,,https://www.goodreads.com/book/show/137479177.0
61885040.0,Going Bicoastal,3.79,336,"Lesbian, Young Adult, LGBT",https://www.goodreads.com/book/show/61885040.0
31494060.0,Health Issues When You're Transgender,3.00,64,Young Adult,https://www.goodreads.com/book/show/31494060.0
50266871.0,Hani and Ishu’s Guide to Fake Dating,4.07,352,"Lesbian, LGBT, Romance",https://www.goodreads.com/book/show/50266871.0
57911600.0,Hell Followed With Us,4.09,416,"Fantasy, LGBT, Horror",https://www.goodreads.com/book/show/57911600.0
30896134.0,Summary of Homegoing: By Yaa Gyasi - Includes Analysis,4.19,28,,https://www.goodreads.com/book/show/30896134.0
49690160.0,How It All Blew Up,3.83,271,"Young Adult, LGBT, Romance",https://www.goodreads.com/book/show/49690160.0
42189834.0,Human Rights in Focus: the LGBT community,2.33,80,,https://www.goodreads.com/book/show/42189834.0
35843729.0,Hot Dog Girl,3.47,320,"Lesbian, Young Adult, LGBT",https://www.goodreads.com/book/show/35843729.0
33098361.0,I Never,3.25,288,"Banned Books, Young Adult, Realistic Fiction",https://www.goodreads.com/book/show/33098361.0
63005179.0,Hockey Girl Loves Drama Boy,3.94,304,"Graphic Novels, LGBT, Romance",https://www.goodreads.com/book/show/63005179.0
7216392.0,Home and Family Relationships,3.00,80,,https://www.goodreads.com/book/show/7216392.0
42298119.0,I: New and Selected Poems,4.25,320,Poetry,https://www.goodreads.com/book/show/42298119.0
44329708.0,I Am Water,3.07,191,"LGBT, Ebooks, Queer",https://www.goodreads.com/book/show/44329708.0
41473872.0,I Wish You All the Best,4.14,329,"Young Adult, LGBT, Romance",https://www.goodreads.com/book/show/41473872.0
60831875.0,I'll Take Everything You Have,3.59,288,"LGBT, Romance, Fiction",https://www.goodreads.com/book/show/60831875.0
60769836.0,How to Find a Missing Girl,3.59,320,"Lesbian, Mystery, LGBT",https://www.goodreads.com/book/show/60769836.0
32829992.0,Identity & Gender,3.57,32,LGBT,https://www.goodreads.com/book/show/32829992.0
31213972.0,Identify,3.08,120,"Queer, Teen, Young Adult",https://www.goodreads.com/book/show/31213972.0
31494840.0,Identifying As Transgender,3.93,64,Nonfiction,https://www.goodreads.com/book/show/31494840.0
56006286.0,I'm a Wild Seed: My Graphic Memoir on Queerness and Decolonizing the World,4.11,96,"Graphic Novels, LGBT, Comics",https://www.goodreads.com/book/show/56006286.0
44667871.0,Identity: A Story of Transitioning,3.89,88,"Graphic Novels, LGBT, Graphic Novels Manga",https://www.goodreads.com/book/show/44667871.0
1421222.0,In the Houses of the Holy: Led Zeppelin and the Power of Rock Music,3.59,272,"Nonfiction, Music",https://www.goodreads.com/book/show/1421222.0
9664938.0,Tattoo,3.24,363,"Science Fiction, Fantasy, Fiction",https://www.goodreads.com/book/show/9664938.0
61896624.0,"Imogen, Obviously",4.18,432,"Lesbian, LGBT, Romance",https://www.goodreads.com/book/show/61896624.0
57771234.0,In the Shadow of the Mountain: A Memoir of Courage,4.24,320,"Adventure, Travel, LGBT",https://www.goodreads.com/book/show/57771234.0
79878419.0,Intersex,5.00,N/A,,https://www.goodreads.com/book/show/79878419.0
31944679.0,In Other Lands,4.35,441,"Fantasy, LGBT, Romance",https://www.goodreads.com/book/show/31944679.0
60784440.0,Into the Light,3.96,448,"Young Adult, Mystery, LGBT",https://www.goodreads.com/book/show/60784440.0
27158837.0,Introducing Teddy: A Gentle Story About Gender and Friendship,4.14,32,"Picture Books, LGBT, Childrens",https://www.goodreads.com/book/show/27158837.0
50358032.0,Into the Real: A Genre-Defying YA Novel About LGBTQ Identity and Survival Across Three Worlds,3.53,432,"Science Fiction, Fantasy, LGBT",https://www.goodreads.com/book/show/50358032.0
50808508.0,In the Role of Brie Hutchens...,4.12,272,"Lesbian, Middle Grade, Young Adult",https://www.goodreads.com/book/show/50808508.0
36248274.0,Jack,3.95,40,"Picture Books, LGBT, Childrens",https://www.goodreads.com/book/show/36248274.0
40864913.0,It Feels Good to Be Yourself: A Book About Gender Identity,4.26,40,"Picture Books, LGBT, Childrens",https://www.goodreads.com/book/show/40864913.0
58739414.0,"Ironhead, or, Once a Young Lady",3.97,432,"Adventure, LGBT, Fiction",https://www.goodreads.com/book/show/58739414.0
32991569.0,"Jane, Unlimited",3.37,464,"Science Fiction, Fantasy, Mystery",https://www.goodreads.com/book/show/32991569.0
18378828.0,Jacob's New Dress,4.20,32,"Banned Books, Picture Books, LGBT",https://www.goodreads.com/book/show/18378828.0
32830038.0,Jazz Jennings: Voice for LGBTQ Youth,3.78,32,,https://www.goodreads.com/book/show/32830038.0
10283787.0,"It Gets Better: Coming Out, Overcoming Bullying, and Creating a Life Worth Living",4.13,338,"Self Help, LGBT, Essays",https://www.goodreads.com/book/show/10283787.0
34140077.0,Jaya and Rasa: A Love Story,3.64,224,"Young Adult, LGBT, Romance",https://www.goodreads.com/book/show/34140077.0
27414371.0,"Jess, Chunk, and the Road Trip to Infinity",3.40,272,"Young Adult, Realistic Fiction, LGBT",https://www.goodreads.com/book/show/27414371.0
54317693.0,Just Ash,3.82,224,"Young Adult, Realistic Fiction, LGBT",https://www.goodreads.com/book/show/54317693.0
7623966.0,Jumpstart the World,4.03,186,"Realistic Fiction, LGBT, Transgender",https://www.goodreads.com/book/show/7623966.0
60759314.0,Jude Saves the World,4.24,272,"Middle Grade, Realistic Fiction, LGBT",https://www.goodreads.com/book/show/60759314.0
146064.0,Jesus Land: A Memoir,3.97,384,"Religion, Biography, Memoir",https://www.goodreads.com/book/show/146064.0
123024151.0,Just Lizzie,4.35,320,"Middle Grade, Realistic Fiction, LGBT",https://www.goodreads.com/book/show/123024151.0
28859476.0,Lana Wachowski,3.50,112,,https://www.goodreads.com/book/show/28859476.0
149208422.0,Killers and Other Family by Lucy Thurber,0.00,N/A,,https://www.goodreads.com/book/show/149208422.0
272315.0,Keeping You a Secret,3.93,250,"Lesbian, LGBT, Romance",https://www.goodreads.com/book/show/272315.0
56978096.0,Lakelore,3.86,304,"Fantasy, Magical Realism, LGBT",https://www.goodreads.com/book/show/56978096.0
145624817.0,Just Shy of Ordinary,4.08,384,"Middle Grade, LGBT, Mental Health",https://www.goodreads.com/book/show/145624817.0
81071294.0,Study Guide: Last Night at the Telegraph Club by Malinda Lo,3.25,N/A,,https://www.goodreads.com/book/show/81071294.0
26489895.0,Leroy,3.50,208,,https://www.goodreads.com/book/show/26489895.0
62869781.0,La teoría de lo perfecto,3.96,350,"Lesbian, Young Adult, LGBT",https://www.goodreads.com/book/show/62869781.0
44495148.0,LGBTQ Discrimination in America,4.33,112,,https://www.goodreads.com/book/show/44495148.0
31180248.0,Leah on the Offbeat,3.78,352,"Young Adult, LGBT, Romance",https://www.goodreads.com/book/show/31180248.0
31625039.0,Let's Talk About Love,3.70,304,"Young Adult, LGBT, Romance",https://www.goodreads.com/book/show/31625039.0
61190805.0,Last Chance Dance,3.75,336,"Young Adult, Realistic Fiction, Young Adult Romance",https://www.goodreads.com/book/show/61190805.0
46231859.0,Lgbt Intolerance,3.00,N/A,,https://www.goodreads.com/book/show/46231859.0
18497598.0,LGBTQ Families: The Ultimate Teen Guide,4.60,209,"Banned Books, LGBT",https://www.goodreads.com/book/show/18497598.0
29056437.0,James Baldwin: Groundbreaking Author and Civil Rights Activist,4.57,112,,https://www.goodreads.com/book/show/29056437.0
50187916.0,Lgbtq at Work: Your Personal and Working Life,0.00,96,,https://www.goodreads.com/book/show/50187916.0
44495149.0,LGBTQ Rights and the Law,3.75,112,,https://www.goodreads.com/book/show/44495149.0
53277716.0,LGBTQ Rights and Activism,3.00,80,Young Adult,https://www.goodreads.com/book/show/53277716.0
44495150.0,LGBTQ Service in the Armed Forces,4.50,112,,https://www.goodreads.com/book/show/44495150.0
53277704.0,LGBTQ in America,4.00,80,,https://www.goodreads.com/book/show/53277704.0
44495151.0,LGBTQ Social Movements in America,3.80,112,,https://www.goodreads.com/book/show/44495151.0
50187921.0,Lgbtq Without Borders: International Life,0.00,96,,https://www.goodreads.com/book/show/50187921.0
56851084.0,LGBTQ+ Rights,4.33,32,,https://www.goodreads.com/book/show/56851084.0
241345857.0,Lies We Sing to the Sea by Sarah Underwood,0.00,N/A,,https://www.goodreads.com/book/show/241345857.0
52547794.0,LGBTQ+ Discrimination,0.00,48,,https://www.goodreads.com/book/show/52547794.0
17456953.0,Lighter than My Shadow,4.40,509,"Mental Illness, Graphic Novels, Graphic Novels Comics",https://www.goodreads.com/book/show/17456953.0
122040549.0,Study Guide: Lily and Dunkin by Donna Gephart,0.00,95,,https://www.goodreads.com/book/show/122040549.0
56221776.0,Like Other Girls,4.17,384,"Lesbian, Young Adult, LGBT",https://www.goodreads.com/book/show/56221776.0
31556136.0,Like Water,3.67,320,"Lesbian, Young Adult, LGBT",https://www.goodreads.com/book/show/31556136.0
25062038.0,Little & Lion,3.80,327,"Young Adult, LGBT, Romance",https://www.goodreads.com/book/show/25062038.0
55871786.0,Lilla the Accidental Witch,3.60,240,"Fantasy, Middle Grade, Graphic Novels",https://www.goodreads.com/book/show/55871786.0
152291177.0,Lizard Radio by Pat Schmatz,0.00,N/A,,https://www.goodreads.com/book/show/152291177.0
196541394.0,Linus and Etta Could Use a Win,4.14,224,"Middle Grade, Realistic Fiction, LGBT",https://www.goodreads.com/book/show/196541394.0
2954411.0,Living Dead Girl,3.78,170,"Young Adult, Realistic Fiction, Horror",https://www.goodreads.com/book/show/2954411.0
30082677.0,Living with Religion and Faith,2.88,63,Nonfiction,https://www.goodreads.com/book/show/30082677.0
144115373.0,Look Past by Eric Devine,0.00,N/A,,https://www.goodreads.com/book/show/144115373.0
51061846.0,Look,3.72,368,"Lesbian, Young Adult, LGBT",https://www.goodreads.com/book/show/51061846.0
63005172.0,Look on the Bright Side,4.17,336,"Middle Grade, Realistic Fiction, Graphic Novels",https://www.goodreads.com/book/show/63005172.0
31742560.0,Love Is Love,3.28,118,"Young Adult, LGBT, Romance",https://www.goodreads.com/book/show/31742560.0
17788401.0,Ugly Love,3.99,330,"Romance, Fiction, Colleen Hoover",https://www.goodreads.com/book/show/17788401.0
17788401.0,Ugly Love,3.99,330,"Romance, Fiction, Colleen Hoover",https://www.goodreads.com/book/show/17788401.0
60850243.0,Love Letters for Joy,3.68,320,"Young Adult, LGBT, Romance",https://www.goodreads.com/book/show/60850243.0
50187928.0,"Love Makes a Family: Friends, Family, and Significant Others",4.00,112,,https://www.goodreads.com/book/show/50187928.0
17788401.0,Ugly Love,3.99,330,"Romance, Fiction, Colleen Hoover",https://www.goodreads.com/book/show/17788401.0
202359965.0,Study Guide: Loveless by Alice Oseman,4.00,62,,https://www.goodreads.com/book/show/202359965.0
57335330.0,Love Somebody,3.50,368,"Lesbian, LGBT, Romance",https://www.goodreads.com/book/show/57335330.0
56258326.0,Magical Boy Volume 1: A Graphic Novel,4.31,320,"Fantasy, Graphic Novels, LGBT",https://www.goodreads.com/book/show/56258326.0
236407953.0,1000 Things You Should Know About Mammals by Steve Parker,0.00,N/A,,https://www.goodreads.com/book/show/236407953.0
53239539.0,"Love, Creekwood",3.61,128,"Young Adult, LGBT, Romance",https://www.goodreads.com/book/show/53239539.0
222476129.0,Looking for Group,3.81,384,"Young Adult, LGBT, Romance",https://www.goodreads.com/book/show/222476129.0
59029659.0,Man o' War,4.36,336,"Young Adult, LGBT, Transgender",https://www.goodreads.com/book/show/59029659.0
33918885.0,Mask of Shadows,3.67,352,"Fantasy, LGBT, Romance",https://www.goodreads.com/book/show/33918885.0
55540735.0,May the Best Man Win,3.22,380,"Young Adult, LGBT, Romance",https://www.goodreads.com/book/show/55540735.0
26489896.0,Maria (Coming Out),3.31,208,,https://www.goodreads.com/book/show/26489896.0
53180089.0,Meet Cute Diary,3.23,391,"Young Adult, LGBT, Romance",https://www.goodreads.com/book/show/53180089.0
58253609.0,Melt With You,3.47,320,"Lesbian, LGBT, Romance",https://www.goodreads.com/book/show/58253609.0
60784571.0,Missing Clarissa,3.49,244,"Mystery, Thriller, Fiction",https://www.goodreads.com/book/show/60784571.0
45915129.0,"Middle School's a Drag, You Better Werk",3.94,304,"Humor, Middle Grade, Realistic Fiction",https://www.goodreads.com/book/show/45915129.0
42898382.0,Middletown,3.96,283,"Middle Grade, LGBT, Fiction",https://www.goodreads.com/book/show/42898382.0
89190347.0,Study Guide: More Happy Than Not by Adam Silvera,0.00,78,,https://www.goodreads.com/book/show/89190347.0
26489897.0,Mikala,3.45,208,,https://www.goodreads.com/book/show/26489897.0
51034376.0,Monster of the Week,4.18,316,"Fantasy, LGBT, Urban Fantasy",https://www.goodreads.com/book/show/51034376.0
50977601.0,My Rainbow,4.27,32,"Picture Books, LGBT, Childrens",https://www.goodreads.com/book/show/50977601.0
53171251.0,My Body Belongs to Me / Mi cuerpo me pertenece: A book about body safety / Un libro sobre el cuidado contra el abuso sexual,4.12,40,"Picture Books, Childrens, LGBT",https://www.goodreads.com/book/show/53171251.0
130245608.0,None of the Above by I. W. Gregorio (7-Apr-2015) Hardcover,2.50,N/A,,https://www.goodreads.com/book/show/130245608.0
39863312.0,Never-Contented Things,3.02,368,"Fantasy, LGBT, Urban Fantasy",https://www.goodreads.com/book/show/39863312.0
57674005.0,Needlework,4.24,288,"Young Adult, Realistic Fiction, LGBT",https://www.goodreads.com/book/show/57674005.0
38507257.0,My Life as a Diamond,4.01,176,"Middle Grade, Realistic Fiction, LGBT",https://www.goodreads.com/book/show/38507257.0
49676332.0,Study Guide: Nineteen Minutes by Jodi Picoult,4.00,80,,https://www.goodreads.com/book/show/49676332.0
17900792.0,Not Otherwise Specified,3.80,304,"Young Adult, Realistic Fiction, LGBT",https://www.goodreads.com/book/show/17900792.0
61896621.0,Northranger: A Modern Graphic Novel Retelling of Jane Austen's Northanger Abbey,4.06,240,"Graphic Novels, LGBT, Romance",https://www.goodreads.com/book/show/61896621.0
39848512.0,Odd One Out,3.67,320,"Young Adult, Realistic Fiction, LGBT",https://www.goodreads.com/book/show/39848512.0
124667530.0,"Not in Room 204: Breaking the Silence of Abuse [Hardcover] [2007] (Author) Shannon Riggs, Jaime Zollars",0.00,N/A,,https://www.goodreads.com/book/show/124667530.0
124932722.0,"Okay, Cupid",3.68,320,"Fantasy, Young Adult, LGBT",https://www.goodreads.com/book/show/124932722.0
49113806.0,Nothing Ever Happens Here,4.03,288,"Middle Grade, LGBT, Transgender",https://www.goodreads.com/book/show/49113806.0
56905088.0,Obie Is Man Enough,4.41,338,"Middle Grade, Young Adult, LGBT",https://www.goodreads.com/book/show/56905088.0
56905045.0,On Top of Glass: My Stories as a Queer Girl in Figure Skating,4.14,336,"LGBT, Sports, Figure Skating",https://www.goodreads.com/book/show/56905045.0
59097066.0,Only Pieces,4.01,183,"Young Adult, LGBT, Gay",https://www.goodreads.com/book/show/59097066.0
18465591.0,One Man Guy,3.85,255,"M M Romance, Young Adult, LGBT",https://www.goodreads.com/book/show/18465591.0
21918262.0,Otherwise,2.62,148,"LGBT, Romance, Fiction",https://www.goodreads.com/book/show/21918262.0
56978109.0,Ophelia After All,4.01,341,"Lesbian, Young Adult, LGBT",https://www.goodreads.com/book/show/56978109.0
28926586.0,Study Guide: Oryx and Crake by Margaret Atwood,3.83,70,Audiobook,https://www.goodreads.com/book/show/28926586.0
55644103.0,Our Skin: A First Conversation About Race,4.30,38,"Banned Books, Picture Books, Childrens",https://www.goodreads.com/book/show/55644103.0
50158117.0,Out!: How to Be Your Authentic Self,4.35,224,"Self Help, LGBT, Gay",https://www.goodreads.com/book/show/50158117.0
38787.0,Pedro Páramo,4.05,128,"Magical Realism, Spanish Literature, Classics",https://www.goodreads.com/book/show/38787.0
58437548.0,Pauli Murray: The Life of a Pioneering Feminist and Civil Rights Activist,4.23,280,"Middle Grade, LGBT, Biography",https://www.goodreads.com/book/show/58437548.0
52172088.0,Out Now: Queer We Go Again!,3.69,416,"Fantasy, LGBT, Romance",https://www.goodreads.com/book/show/52172088.0
49204960.0,Perfect on Paper,3.96,352,"Lesbian, Young Adult, LGBT",https://www.goodreads.com/book/show/49204960.0
88744212.0,Study Guide: Pet by Akwaeke Emezi,1.00,40,,https://www.goodreads.com/book/show/88744212.0
157412301.0,"Pink by Wilkinson, Lili (2012) Paperback",4.00,N/A,,https://www.goodreads.com/book/show/157412301.0
60784796.0,Planning Perfect,3.48,352,"Lesbian, LGBT, Romance",https://www.goodreads.com/book/show/60784796.0
41150429.0,Please Send Help,3.74,320,"Humor, Young Adult, Realistic Fiction",https://www.goodreads.com/book/show/41150429.0
44443042.0,Pride: The LGBTQ+ Rights Movement: A Photographic Journey,4.46,176,"Photography, LGBT, History",https://www.goodreads.com/book/show/44443042.0
79878427.0,Polyamorous,0.00,N/A,,https://www.goodreads.com/book/show/79878427.0
61190452.0,Project Nought: A Graphic Novel,4.13,332,"Science Fiction, Graphic Novels, LGBT",https://www.goodreads.com/book/show/61190452.0
57472172.0,Queer as All Get Out: 10 People Who've Inspired Me,4.35,192,"Graphic Novels, LGBT, Biography",https://www.goodreads.com/book/show/57472172.0
41717765.0,Queer Heroes: Meet 53 LGBTQ Heroes From Past and Present!,4.09,64,"Middle Grade, LGBT, Biography",https://www.goodreads.com/book/show/41717765.0
31449227.0,Ramona Blue,3.90,408,"Young Adult, LGBT, Romance",https://www.goodreads.com/book/show/31449227.0
35046241.0,"Queer, There and Everywhere: 23 People Who Changed the World",4.13,262,"LGBT, Biography, Historical",https://www.goodreads.com/book/show/35046241.0
13196.0,Quiver,3.54,177,"Fantasy, Retellings, Mythology",https://www.goodreads.com/book/show/13196.0
52759455.0,Queerstory: An Infographic History of the Fight for LGBTQ+ Rights,4.28,128,"LGBT, Biography, Reference",https://www.goodreads.com/book/show/52759455.0
218907514.0,Raise the Stakes (Contest) by Megan Atwood,0.00,N/A,,https://www.goodreads.com/book/show/218907514.0
122772050.0,Pritty,4.08,416,"Young Adult, LGBT, Mystery",https://www.goodreads.com/book/show/122772050.0
169687414.0,Read Me Like A Book by Liz Kessler (14-May-2015) Hardcover,0.00,N/A,,https://www.goodreads.com/book/show/169687414.0
52696907.0,Rainbow Revolutionaries: Fifty LGBTQ+ People Who Made History,4.23,128,"Middle Grade, LGBT, Biography",https://www.goodreads.com/book/show/52696907.0
1302754.0,"Ranma 1/2, Vol. 21",4.15,192,"Fantasy, Comedy, Manga",https://www.goodreads.com/book/show/1302754.0
856916.0,"Ranma 1/2, Vol. 22",4.17,184,"Fantasy, Comedy, Manga",https://www.goodreads.com/book/show/856916.0
21412163.0,"Ranma 1/2 (2-in-1 Edition), Vol. 6: Includes Volumes 11 & 12",4.22,368,"Fantasy, Humor, Manga",https://www.goodreads.com/book/show/21412163.0
57835937.0,Ready When You Are,4.19,245,"Young Adult, LGBT, Romance",https://www.goodreads.com/book/show/57835937.0
29906017.0,Reign of the Fallen,3.40,384,"Fantasy, LGBT, Romance",https://www.goodreads.com/book/show/29906017.0
44660928.0,Rick,4.06,240,"Middle Grade, Realistic Fiction, LGBT",https://www.goodreads.com/book/show/44660928.0
52698124.0,Right Where I Left You,3.87,396,"Young Adult, LGBT, Romance",https://www.goodreads.com/book/show/52698124.0
30148550.0,Safe Is Not Enough: Better Schools for LGBTQ Students,4.25,232,"LGBT, Book Club, Social Justice",https://www.goodreads.com/book/show/30148550.0
31944911.0,Rough Patch,2.46,224,"Young Adult, LGBT, Canada",https://www.goodreads.com/book/show/31944911.0
50999975.0,Rise to the Sun,3.60,336,"Lesbian, Young Adult, LGBT",https://www.goodreads.com/book/show/50999975.0
29960680.0,Ruin of Stars,3.74,416,"Fantasy, LGBT, Fiction",https://www.goodreads.com/book/show/29960680.0
52751335.0,Sasha Masha,3.83,256,"Young Adult, LGBT, Romance",https://www.goodreads.com/book/show/52751335.0
52559228.0,Rising Out,4.00,192,"LGBT, Romance, Queer",https://www.goodreads.com/book/show/52559228.0
43359070.0,Representing the Rainbow in Young Adult Literature: LGBTQ+ Content since 1969,4.18,521,"Nonfiction, Queer",https://www.goodreads.com/book/show/43359070.0
42978025.0,Sexual Orientation,0.00,144,,https://www.goodreads.com/book/show/42978025.0
59251247.0,Self-Made Boys: A Great Gatsby Remix,4.05,336,"Retellings, LGBT, Romance",https://www.goodreads.com/book/show/59251247.0
51113268.0,She/He/They/Them: Understanding Gender Identity,3.82,64,"Gender, Nonfiction, LGBT",https://www.goodreads.com/book/show/51113268.0
37937273.0,SELF-ish: A Transgender Awakening,3.75,260,"LGBT, Transgender, Feminism",https://www.goodreads.com/book/show/37937273.0
55893790.0,Sharice's Big Voice: A Native Kid Becomes a Congresswoman,4.28,40,"Picture Books, LGBT, Biography",https://www.goodreads.com/book/show/55893790.0
60784841.0,She Is a Haunting,3.35,352,"Fantasy, LGBT, Horror",https://www.goodreads.com/book/show/60784841.0
56642204.0,Sink or Swim,3.62,95,"Adventure, LGBT, Transgender",https://www.goodreads.com/book/show/56642204.0
40984365.0,Sissy: A Coming-of-Gender Story,4.06,319,"LGBT, Biography, Memoir",https://www.goodreads.com/book/show/40984365.0
245889487.0,Skin and Bones by Sherry Shahan,0.00,N/A,,https://www.goodreads.com/book/show/245889487.0
43819834.0,Shatter the Sky,3.69,305,"Fantasy, Lesbian, LGBT",https://www.goodreads.com/book/show/43819834.0
45702464.0,Social Change in the Twenty-First Century,0.00,N/A,,https://www.goodreads.com/book/show/45702464.0
42353772.0,Some Girls Bind,3.79,192,"Young Adult, Realistic Fiction, LGBT",https://www.goodreads.com/book/show/42353772.0
4981.0,Slaughterhouse-Five,4.10,275,"Science Fiction, Classics, Fiction",https://www.goodreads.com/book/show/4981.0
20759526.0,Some Assembly Required: The Not-So-Secret Life of a Transgender Teen,3.94,256,"LGBT, Biography, Transgender",https://www.goodreads.com/book/show/20759526.0
56692357.0,Some Girls Do,3.69,336,"Lesbian, LGBT, Romance",https://www.goodreads.com/book/show/56692357.0
61484911.0,Skating on Mars,4.33,224,"Middle Grade, LGBT, Transgender",https://www.goodreads.com/book/show/61484911.0
41139667.0,Something Like Gravity,3.66,391,"Young Adult, LGBT, Romance",https://www.goodreads.com/book/show/41139667.0
40125269.0,Song of the Dead,3.76,416,"Fantasy, LGBT, Romance",https://www.goodreads.com/book/show/40125269.0
32565582.0,Sovereign,4.27,315,"Science Fiction, Fantasy, Superheroes",https://www.goodreads.com/book/show/32565582.0
43334239.0,Stage Dreams,3.85,104,"Graphic Novels, LGBT, Comics",https://www.goodreads.com/book/show/43334239.0
33163388.0,Spinning,3.89,400,"Graphic Novels, LGBT, Sports",https://www.goodreads.com/book/show/33163388.0
52963027.0,Somebody Told Me,3.52,272,"Young Adult, LGBT, Transgender",https://www.goodreads.com/book/show/52963027.0
45186695.0,"Sorted: Growing Up, Coming Out, and Finding My Place",4.36,320,"LGBT, Biography, Transgender",https://www.goodreads.com/book/show/45186695.0
201114.0,Sold,4.24,268,"Banned Books, Realistic Fiction, Fiction",https://www.goodreads.com/book/show/201114.0
35180983.0,Speak No Evil,3.86,7,"Young Adult, LGBT, Fiction",https://www.goodreads.com/book/show/35180983.0
45306326.0,Stay Gold,3.84,361,"Young Adult, LGBT, Romance",https://www.goodreads.com/book/show/45306326.0
52751339.0,Spin with Me,3.75,224,"Middle Grade, Realistic Fiction, LGBT",https://www.goodreads.com/book/show/52751339.0
27242442.0,Star-Crossed,4.16,277,"Middle Grade, Realistic Fiction, LGBT",https://www.goodreads.com/book/show/27242442.0
36374395.0,Super Late Bloomer: My Early Days in Transition,4.26,160,"Graphic Novels, LGBT, Transgender",https://www.goodreads.com/book/show/36374395.0
28385057.0,LGBTQ+ Athletes Claim the Field: Striving for Equality,3.74,104,"Banned Books, LGBT, Transgender",https://www.goodreads.com/book/show/28385057.0
60225709.0,Stand Up for LGBTQ Rights,5.00,64,,https://www.goodreads.com/book/show/60225709.0
63003028.0,Study Guide: Symptoms of Being Human by Jeff Garvin,0.00,50,,https://www.goodreads.com/book/show/63003028.0
60405247.0,Strictly No Heroics,3.84,368,"Superheroes, Science Fiction, Fantasy",https://www.goodreads.com/book/show/60405247.0
45154800.0,Surrender Your Sons,4.01,422,"Young Adult, LGBT, Mystery",https://www.goodreads.com/book/show/45154800.0
55200704.0,The [Un]Popular Vote,3.96,416,"Young Adult, LGBT, Romance",https://www.goodreads.com/book/show/55200704.0
32021560.0,Teens and Gender Dysphoria,2.33,80,Nonfiction,https://www.goodreads.com/book/show/32021560.0
40278811.0,Synchro Boy,3.66,274,"Young Adult, LGBT, Romance",https://www.goodreads.com/book/show/40278811.0
28783749.0,The ABC's of LGBT+,4.23,190,"LGBT, Sexuality, Transgender",https://www.goodreads.com/book/show/28783749.0
23058402.0,The Art of Being Normal,3.90,353,"Young Adult, LGBT, Transgender",https://www.goodreads.com/book/show/23058402.0
40392203.0,The Art of Saving the World,3.57,384,"Science Fiction, Fantasy, Lesbian",https://www.goodreads.com/book/show/40392203.0
18635640.0,The Baby Tree,3.97,40,"Banned Books, Humor, Picture Books",https://www.goodreads.com/book/show/18635640.0
35656180.0,The 57 Bus: A True Story of Two Teenagers and the Crime That Changed Their Lives,4.09,317,"True Crime, LGBT, Queer",https://www.goodreads.com/book/show/35656180.0
16068949.0,The Boy I Love,3.54,288,"Young Adult, LGBT, Romance",https://www.goodreads.com/book/show/16068949.0
53457146.0,The Coldest Touch,3.64,384,"Fantasy, Lesbian, LGBT",https://www.goodreads.com/book/show/53457146.0
217732312.0,Take ME out: A Play / by Richard Greenberg. by Richard Greenberg,0.00,N/A,,https://www.goodreads.com/book/show/217732312.0
58275991.0,The Best Liars in Riverview,4.22,336,"Middle Grade, Mystery, LGBT",https://www.goodreads.com/book/show/58275991.0
218446008.0,The Devouring Gray,3.75,1,,https://www.goodreads.com/book/show/218446008.0
45445557.0,The Deep & Dark Blue,4.22,256,"Fantasy, Middle Grade, Graphic Novels",https://www.goodreads.com/book/show/45445557.0
17393014.0,The Cutting Room Floor,3.26,312,"Young Adult, Mystery, Romance",https://www.goodreads.com/book/show/17393014.0
59251246.0,The Dog Knight,4.16,224,"Fantasy, Middle Grade, Graphic Novels",https://www.goodreads.com/book/show/59251246.0
50403501.0,The Contradictions,3.17,204,"Graphic Novels, LGBT, Comics",https://www.goodreads.com/book/show/50403501.0
53088747.0,The Devouring Wolf,3.97,287,"Fantasy, Middle Grade, Graphic Novels",https://www.goodreads.com/book/show/53088747.0
50986306.0,The Drowning Summer,3.56,384,"Fantasy, Lesbian, Mystery",https://www.goodreads.com/book/show/50986306.0
168327776.0,[(The Edge of the Water )] [Author: Elizabeth George] [Mar-2014],0.00,N/A,,https://www.goodreads.com/book/show/168327776.0
58522243.0,The Fae Keeper,4.17,304,"Fantasy, LGBT, Transgender",https://www.goodreads.com/book/show/58522243.0
44211453.0,The Fell of Dark,3.81,384,"Fantasy, LGBT, Romance",https://www.goodreads.com/book/show/44211453.0
43726808.0,The Deepest Breath,4.26,180,"Middle Grade, LGBT, Romance",https://www.goodreads.com/book/show/43726808.0
214560639.0,"Study Guide: The Freedom Writers Diary by Erin Gruwell, The Freedom Writers",0.00,56,,https://www.goodreads.com/book/show/214560639.0
40742905.0,The Gentleman’s Guide to Getting Lucky,4.04,128,"LGBT, Romance, Historical",https://www.goodreads.com/book/show/40742905.0
16191299.0,The Fight,3.78,128,,https://www.goodreads.com/book/show/16191299.0
56858191.0,The Girls Are Never Gone,3.60,336,"Lesbian, LGBT, Mystery",https://www.goodreads.com/book/show/56858191.0
57678822.0,The Gentleman's Guide to Vice and Virtue & The Lady's Guide to Petticoats and Piracy By Mackenzi Lee 2 Books Collection Set,3.88,N/A,"Young Adult, LGBT, Historical Fiction",https://www.goodreads.com/book/show/57678822.0
23344356.0,The Gods of Tango,4.07,367,"LGBT, Romance, Fiction",https://www.goodreads.com/book/show/23344356.0
38448.0,The Handmaid's Tale By Margaret Atwood: A Post 16 Study Guide,3.79,40,"Classics, Audiobook",https://www.goodreads.com/book/show/38448.0
49471138.0,The Girls I've Been,4.03,356,"Lesbian, Young Adult, Mystery",https://www.goodreads.com/book/show/49471138.0
51299034.0,The Greatest Superpower,3.69,352,"Middle Grade, LGBT, School",https://www.goodreads.com/book/show/51299034.0
50638209.0,The Heartbreak Bakery,3.95,352,"Fantasy, LGBT, Romance",https://www.goodreads.com/book/show/50638209.0
242321635.0,The Hazards of Love: Book One: Bright World,0.00,N/A,,https://www.goodreads.com/book/show/242321635.0
58874675.0,The Honeys,3.79,344,"Mystery, LGBT, Horror",https://www.goodreads.com/book/show/58874675.0
53016684.0,The Key to You and Me,3.36,366,"Lesbian, Young Adult, LGBT",https://www.goodreads.com/book/show/53016684.0
61237023.0,The House That Whispers,4.04,336,"Middle Grade, Mystery, LGBT",https://www.goodreads.com/book/show/61237023.0
35297461.0,The Last to Let Go,3.70,369,"Young Adult, Realistic Fiction, LGBT",https://www.goodreads.com/book/show/35297461.0
27155350.0,The Inside of Out,3.63,425,"Young Adult, Realistic Fiction, LGBT",https://www.goodreads.com/book/show/27155350.0
35068748.0,The House of Impossible Beauties,3.86,416,"Literary Fiction, LGBT, Fiction",https://www.goodreads.com/book/show/35068748.0
21060082.0,Summary & Study Guide The Kite Runner by Khaled Hosseini,4.00,64,"Fiction, Contemporary",https://www.goodreads.com/book/show/21060082.0
12843717.0,The Letter Q: Queer Writers' Notes to their Younger Selves,3.92,281,"LGBT, Essays, Memoir",https://www.goodreads.com/book/show/12843717.0
235669404.0,Study Guide: The Lesbiana's Guide to Catholic School by Sonora Reyes,0.00,86,,https://www.goodreads.com/book/show/235669404.0
31145148.0,The Love Interest,3.20,377,"Science Fiction, Young Adult, LGBT",https://www.goodreads.com/book/show/31145148.0
51591682.0,The Mirror Season,4.02,311,"Fantasy, Magical Realism, Young Adult",https://www.goodreads.com/book/show/51591682.0
59052677.0,The Lost Coast,3.73,352,"Fantasy, Lesbian, LGBT",https://www.goodreads.com/book/show/59052677.0
49434060.0,The Many Half-Lived Lives of Sam Sylvester,4.15,352,"LGBT, Mystery, Transgender",https://www.goodreads.com/book/show/49434060.0
40248788.0,The Lgbt Rights Movement,1.00,N/A,,https://www.goodreads.com/book/show/40248788.0
42394599.0,The Magic Fish,4.49,256,"Fantasy, Graphic Novels, LGBT",https://www.goodreads.com/book/show/42394599.0
37539708.0,The Moon Within,4.08,240,"Middle Grade, Realistic Fiction, LGBT",https://www.goodreads.com/book/show/37539708.0
55962377.0,The One True Me and You,4.07,272,"Lesbian, Young Adult, LGBT",https://www.goodreads.com/book/show/55962377.0
28371999.0,The Other Boy,4.18,236,"Middle Grade, Realistic Fiction, LGBT",https://www.goodreads.com/book/show/28371999.0
240507838.0,"The Passing Playbook, by Isaac Fitzsimons",0.00,N/A,,https://www.goodreads.com/book/show/240507838.0
37512979.0,The Pride Guide: A Guide to Sexual and Social Health for LGBTQ Youth,4.06,363,"Banned Books, LGBT, Sexuality",https://www.goodreads.com/book/show/37512979.0
30095473.0,The Pants Project,4.08,272,"Middle Grade, Realistic Fiction, LGBT",https://www.goodreads.com/book/show/30095473.0
51794273.0,The New Queer Conscience,4.18,64,"LGBT, Essays, Social Justice",https://www.goodreads.com/book/show/51794273.0
60656848.0,The Princess and the Grilled Cheese Sandwich,4.36,256,"Fantasy, Lesbian, Graphic Novels",https://www.goodreads.com/book/show/60656848.0
51710973.0,"The Mermaid, the Witch, and the Sea",3.79,360,"Fantasy, Lesbian, LGBT",https://www.goodreads.com/book/show/51710973.0
5350017.0,The Questions Within,3.30,143,Fiction,https://www.goodreads.com/book/show/5350017.0
123204569.0,The Queer Girl is Going to Be Okay,3.71,272,"Lesbian, Young Adult, LGBT",https://www.goodreads.com/book/show/123204569.0
42393479.0,The Ship We Built,4.22,287,"Middle Grade, LGBT, Transgender",https://www.goodreads.com/book/show/42393479.0
42424316.0,The Space Between,2.89,144,,https://www.goodreads.com/book/show/42424316.0
34736638.0,The Rules and Regulations for Mediating Myths & Magic,4.12,290,"Fantasy, LGBT, Urban Fantasy",https://www.goodreads.com/book/show/34736638.0
55878999.0,The Sunbearer Trials,4.27,352,"Fantasy, LGBT, Mythology",https://www.goodreads.com/book/show/55878999.0
38650956.0,The Spy with the Red Balloon,3.91,362,"Fantasy, LGBT, Fiction",https://www.goodreads.com/book/show/38650956.0
89144437.0,The Spirit Bares Its Teeth,4.45,399,"Fantasy, LGBT, Horror",https://www.goodreads.com/book/show/89144437.0
58484176.0,The Stonewall Riots: Making a Stand for LGBTQ Rights,3.63,128,"Middle Grade, Graphic Novels, LGBT",https://www.goodreads.com/book/show/58484176.0
43334416.0,The Truth Is,3.71,272,"Young Adult, Realistic Fiction, LGBT",https://www.goodreads.com/book/show/43334416.0
54558891.0,The Wicked Bargain,4.16,368,"Fantasy, LGBT, Pirates",https://www.goodreads.com/book/show/54558891.0
54823479.0,The Witch King,3.87,421,"Fantasy, LGBT, Romance",https://www.goodreads.com/book/show/54823479.0
18077802.0,The Underground Girls of Kabul: In Search of a Hidden Resistance in Afghanistan,4.11,350,"Middle East, Feminism, Politics",https://www.goodreads.com/book/show/18077802.0
217709276.0,"[The Vast Fields of Ordinary] [By: Burd, Nick] [March, 2011]",0.00,N/A,,https://www.goodreads.com/book/show/217709276.0
30312837.0,The You I've Never Known,3.94,608,"Young Adult, Realistic Fiction, LGBT",https://www.goodreads.com/book/show/30312837.0
61981112.0,The Year My Life Went Down the Toilet,4.15,288,"Middle Grade, Realistic Fiction, LGBT",https://www.goodreads.com/book/show/61981112.0
71911972.0,Then Everything Happens at Once,3.12,1,"Lesbian, Young Adult, LGBT",https://www.goodreads.com/book/show/71911972.0
55977932.0,Things We Couldn't Say,3.75,312,"Young Adult, LGBT, Romance",https://www.goodreads.com/book/show/55977932.0
60316907.0,This Dark Descent,3.70,400,"Fantasy, LGBT, Romance",https://www.goodreads.com/book/show/60316907.0
161609018.0,They Call Me a Hero: A Memoir of My Youth by Daniel Hernandez,3.45,N/A,"Nonfiction, Cultural, Memoir",https://www.goodreads.com/book/show/161609018.0
48716543.0,The World That Belongs To Us: An Anthology of Queer Poetry from South Asia,4.04,240,"LGBT, India, Nonfiction",https://www.goodreads.com/book/show/48716543.0
50713820.0,"This Is Our Rainbow: 16 Stories of Her, Him, Them, and Us",4.14,288,"Fantasy, Middle Grade, LGBT",https://www.goodreads.com/book/show/50713820.0
53241064.0,This Is Why They Hate Us,4.04,390,"Young Adult, LGBT, Romance",https://www.goodreads.com/book/show/53241064.0
48742482.0,Study Guide: This Is How It Always Is by Laurie Frankel,3.75,50,,https://www.goodreads.com/book/show/48742482.0
20256612.0,Tomboy: A Graphic Memoir,3.90,256,"Graphic Novels, Biography, Comics",https://www.goodreads.com/book/show/20256612.0
31211195.0,Tom,3.17,208,Young Adult,https://www.goodreads.com/book/show/31211195.0
35506451.0,"Tomorrow Will Be Different: Love, Loss, and the Fight for Trans Equality",4.45,272,"LGBT, Feminism, Politics",https://www.goodreads.com/book/show/35506451.0
36203673.0,This Is Kind of an Epic Love Story,3.37,304,"Young Adult, LGBT, Romance",https://www.goodreads.com/book/show/36203673.0
204501310.0,Study Guide: Too Bright to See by Kyle Lukoff,0.00,59,,https://www.goodreads.com/book/show/204501310.0
34609406.0,Trans Mission: My Quest to a Beard,4.03,304,"LGBT, Biography, Transgender",https://www.goodreads.com/book/show/34609406.0
41047078.0,Transgender Health Issues: Health and Medical Issues Today,4.00,203,,https://www.goodreads.com/book/show/41047078.0
31494784.0,Transgender Role Models and Pioneers,3.83,64,"Transgender, Nonfiction, LGBT",https://www.goodreads.com/book/show/31494784.0
45011657.0,Thronebreakers,4.21,400,"Science Fiction, Fantasy, LGBT",https://www.goodreads.com/book/show/45011657.0
44130829.0,"Trans+: Love, Sex, Romance, and Being You",4.19,304,"Psychology, LGBT, Sexuality",https://www.goodreads.com/book/show/44130829.0
27817864.0,Transgender Rights and Issues,2.93,112,,https://www.goodreads.com/book/show/27817864.0
18554486.0,"Transgender Lives: Complex Stories, Complex Voices",3.65,88,"Queer Lit, LGBT, Sociology",https://www.goodreads.com/book/show/18554486.0
44331122.0,Understanding Gender,3.33,48,Young Adult,https://www.goodreads.com/book/show/44331122.0
144258267.0,Trevor: a novella by James Lecesne,0.00,N/A,,https://www.goodreads.com/book/show/144258267.0
58783431.0,Twelfth,3.99,368,"Middle Grade, Realistic Fiction, LGBT",https://www.goodreads.com/book/show/58783431.0
31494058.0,Transgender Rights and Protections,4.00,64,Young Adult,https://www.goodreads.com/book/show/31494058.0
44286277.0,Under Shifting Stars,3.95,272,"Young Adult, Realistic Fiction, LGBT",https://www.goodreads.com/book/show/44286277.0
39995917.0,Understanding Sexual Identity and Orientation,5.00,80,,https://www.goodreads.com/book/show/39995917.0
16036975.0,Undone,4.12,502,"Young Adult, LGBT, Mystery",https://www.goodreads.com/book/show/16036975.0
53277717.0,Violence Against the LGBTQ Community,4.00,80,,https://www.goodreads.com/book/show/53277717.0
7829373.0,"Wandering Son, Vol. 1",3.97,210,"Manga, Graphic Novels, LGBT",https://www.goodreads.com/book/show/7829373.0
14475511.0,"Wandering Son, Vol. 4",4.02,224,"Graphic Novels, Manga, LGBT",https://www.goodreads.com/book/show/14475511.0
53205810.0,Victories Greater Than Death,3.49,288,"Science Fiction, Fantasy, LGBT",https://www.goodreads.com/book/show/53205810.0
10334446.0,"Wandering Son, Vol. 2",4.10,228,"Manga, Graphic Novels, LGBT",https://www.goodreads.com/book/show/10334446.0
55277084.0,What Are Your Words?: A Book About Pronouns,4.14,40,"Picture Books, LGBT, Childrens",https://www.goodreads.com/book/show/55277084.0
12610347.0,"Wandering Son, Vol. 3",4.10,224,"Graphic Novels, Manga, LGBT",https://www.goodreads.com/book/show/12610347.0
56622183.0,We Are Not Broken,4.34,240,"LGBT, Biography, Memoir",https://www.goodreads.com/book/show/56622183.0
40645670.0,What Was Stonewall?,4.22,112,"Middle Grade, LGBT, Childrens",https://www.goodreads.com/book/show/40645670.0
53038638.0,Wayward Witch,3.90,384,"Fantasy, Latinx, Fiction",https://www.goodreads.com/book/show/53038638.0
50915029.0,We Were Promised Spotlights,3.57,288,"Lesbian, Young Adult, LGBT",https://www.goodreads.com/book/show/50915029.0
25819490.0,Whatever.: or how junior year became totally f$@ked,3.80,272,"M M Romance, Young Adult, LGBT",https://www.goodreads.com/book/show/25819490.0
53031288.0,When Light Shatters,4.42,296,,https://www.goodreads.com/book/show/53031288.0
22082075.0,What We Left Behind,3.10,416,"Young Adult, LGBT, Romance",https://www.goodreads.com/book/show/22082075.0
39987021.0,When Aidan Became A Brother,4.52,32,"Realistic Fiction, Picture Books, LGBT",https://www.goodreads.com/book/show/39987021.0
50187934.0,When You're Ready: Coming Out,5.00,96,,https://www.goodreads.com/book/show/50187934.0
49398057.0,Who I Was with Her,3.71,352,"Lesbian, LGBT, Romance",https://www.goodreads.com/book/show/49398057.0
53005757.0,When You Get the Chance,3.41,272,"Lesbian, LGBT, Fiction",https://www.goodreads.com/book/show/53005757.0
21223879.0,Summary & Study Guide Wicked: The Life and Times of the Wicked Witch of the West by Gregory Maguire,5.00,69,,https://www.goodreads.com/book/show/21223879.0
28220826.0,When the Moon Was Ours,3.87,273,"Fantasy, Magical Realism, LGBT",https://www.goodreads.com/book/show/28220826.0
63241503.0,Where the Lockwood Grows,4.06,352,"Science Fiction, Middle Grade, LGBT",https://www.goodreads.com/book/show/63241503.0
42773037.0,Witches of Ash and Ruin,3.57,384,"Fantasy, Lesbian, LGBT",https://www.goodreads.com/book/show/42773037.0
218945697.0,Wonnie (Coming Out) by Sylvia Aguilar-Zeleny,0.00,N/A,,https://www.goodreads.com/book/show/218945697.0
61070530.0,Wren Martin Ruins It All,4.22,352,"Young Adult, LGBT, Romance",https://www.goodreads.com/book/show/61070530.0
50187939.0,You Are Not Alone: Finding Your Lgbtq Community,4.00,96,,https://www.goodreads.com/book/show/50187939.0
48639623.0,You Brought Me the Ocean,3.79,194,"Fantasy, Graphic Novels, LGBT",https://www.goodreads.com/book/show/48639623.0
50175071.0,You Don't Live Here,3.85,368,"Lesbian, Young Adult, LGBT",https://www.goodreads.com/book/show/50175071.0
15447824.0,Your Own Safety,5.00,32,,https://www.goodreads.com/book/show/15447824.0
35431592.0,Zenobia July,4.11,320,"Middle Grade, Realistic Fiction, LGBT",https://www.goodreads.com/book/show/35431592.0
138061259.0,"2 Volumes of Dave Pelzer: A Child Called ""It"" One Child's Courage to Survive & The Lost Boy A Foster Child's Search for the Love of a Family",4.27,N/A,,https://www.goodreads.com/book/show/138061259.0
55502864.0,You're So Dead,3.05,400,"Young Adult, LGBT, Mystery",https://www.goodreads.com/book/show/55502864.0
50659468.0,A Court of Mist and Fury,4.63,626,"Fantasy, Romance, Fiction",https://www.goodreads.com/book/show/50659468.0
50659471.0,A Court of Frost and Starlight,3.71,272,"Fantasy, EROTICA GENRE DEFINITION ACCORDING TO GOODREADS, Romance",https://www.goodreads.com/book/show/50659471.0
50999821.0,A Lesson in Vengeance,3.52,369,"Fantasy, Lesbian, Mystery",https://www.goodreads.com/book/show/50999821.0
10572.0,A Clash of Kings,4.42,1009,"Fantasy, Adult, Fiction",https://www.goodreads.com/book/show/10572.0
53138095.0,A ​Court of Silver Flames,4.45,757,"Fantasy, Romance, Fiction",https://www.goodreads.com/book/show/53138095.0
50659472.0,A Court of Wings and Ruin,4.46,699,"Fantasy, Romance, Fiction",https://www.goodreads.com/book/show/50659472.0
50659467.0,A Court of Thorns and Roses,4.16,419,"Fantasy, Romance, Fiction",https://www.goodreads.com/book/show/50659467.0
13496.0,A Game of Thrones,4.45,835,"Fantasy, Adult, Fiction",https://www.goodreads.com/book/show/13496.0
40012192.0,A Song Only I Can Hear,3.86,288,"Middle Grade, Realistic Fiction, LGBT",https://www.goodreads.com/book/show/40012192.0
57468716.0,Alice Austen Lived Here,3.86,176,"Middle Grade, Realistic Fiction, LGBT",https://www.goodreads.com/book/show/57468716.0
41817499.0,Adjustment Day,3.20,336,"Science Fiction, Satire, Horror",https://www.goodreads.com/book/show/41817499.0
44280883.0,All Boys Aren’t Blue,4.18,304,"Banned Books, LGBT, Biography",https://www.goodreads.com/book/show/44280883.0
201907591.0,"(Almost Perfect) [By: Katcher, Brian] [Nov, 2010]",0.00,N/A,,https://www.goodreads.com/book/show/201907591.0
43801602.0,All the Things We Do in the Dark: A Dark YA Thriller of Secrets and Scars,3.51,296,"Young Adult, Mystery, LGBT",https://www.goodreads.com/book/show/43801602.0
30037870.0,Allegedly,4.02,390,"Young Adult, Mystery, Fiction",https://www.goodreads.com/book/show/30037870.0
50998103.0,Ana on the Edge,4.36,380,"Middle Grade, Realistic Fiction, LGBT",https://www.goodreads.com/book/show/50998103.0
133134201.0,"[Assassination Classroom, Vol. 1 (1)] [By: Matsui, Yusei] [December, 2014]",4.00,N/A,,https://www.goodreads.com/book/show/133134201.0
151553325.0,Ask the Passengers by A.S. King,0.00,N/A,,https://www.goodreads.com/book/show/151553325.0
233116453.0,Aphrodite: Goddess of Love and Beauty (Greek Mythology) by Teri Temple,0.00,N/A,,https://www.goodreads.com/book/show/233116453.0
57566089.0,Assassination Classroom Series Vol 2 3 4 5 Collection 4 Books Set By Yusei Matsui,4.25,N/A,,https://www.goodreads.com/book/show/57566089.0
164828170.0,"[Assassination Classroom, Vol. 2 (2)] [By: Matsui, Yusei] [February, 2015]",4.26,N/A,"Science Fiction, Humor, Manga",https://www.goodreads.com/book/show/164828170.0
58838445.0,Assassination Classroom Series Vol 11 12 13 14 Collection 4 Books Set By Yusei Matsui,4.00,N/A,,https://www.goodreads.com/book/show/58838445.0
57566089.0,Assassination Classroom Series Vol 2 3 4 5 Collection 4 Books Set By Yusei Matsui,4.25,N/A,,https://www.goodreads.com/book/show/57566089.0
57566089.0,Assassination Classroom Series Vol 2 3 4 5 Collection 4 Books Set By Yusei Matsui,4.25,N/A,,https://www.goodreads.com/book/show/57566089.0
57308955.0,Assassination Classroom Series Volume 6 7 8 10 Collection 4 Books Set By Yusei Matsui,4.20,N/A,,https://www.goodreads.com/book/show/57308955.0
57308955.0,Assassination Classroom Series Volume 6 7 8 10 Collection 4 Books Set By Yusei Matsui,4.20,N/A,,https://www.goodreads.com/book/show/57308955.0
57308955.0,Assassination Classroom Series Volume 6 7 8 10 Collection 4 Books Set By Yusei Matsui,4.20,N/A,,https://www.goodreads.com/book/show/57308955.0
53277714.0,Being LGBTQ,3.00,80,,https://www.goodreads.com/book/show/53277714.0
28919058.0,Autoboyography,4.10,407,"Young Adult, LGBT, Romance",https://www.goodreads.com/book/show/28919058.0
58558604.0,Bitter,4.10,272,"Fantasy, Magical Realism, LGBT",https://www.goodreads.com/book/show/58558604.0
57646566.0,Better Than We Found It: Conversations to Help Save the World,4.43,499,"Social Justice, Education, Environment",https://www.goodreads.com/book/show/57646566.0
18166920.0,Beyond Magenta: Transgender and Nonbinary Teens Speak Out,3.80,182,"Banned Books, LGBT, Transgender",https://www.goodreads.com/book/show/18166920.0
19814726.0,Blazed,3.95,528,"High School, Young Adult, Romance",https://www.goodreads.com/book/show/19814726.0
6149.0,Beloved,3.98,325,"Magical Realism, Classics, School",https://www.goodreads.com/book/show/6149.0
35506053.0,Summary: Born a Crime: Stories from a South African Childhood by Trevor Noah,3.70,37,,https://www.goodreads.com/book/show/35506053.0
55333940.0,Bodies Are Cool,4.58,32,"Picture Books, LGBT, Childrens",https://www.goodreads.com/book/show/55333940.0
130219931.0,Raintree Build Strong Communities The Power of Empathy and Respect (Social Justice and You).,0.00,32,,https://www.goodreads.com/book/show/130219931.0
55276659.0,Both Can Be True,4.03,368,"Middle Grade, Young Adult, LGBT",https://www.goodreads.com/book/show/55276659.0
8517207.0,Bumped,3.12,326,"Science Fiction, Fantasy, Romance",https://www.goodreads.com/book/show/8517207.0
57737479.0,Camp QUILTBAG,4.10,352,"Middle Grade, Realistic Fiction, LGBT",https://www.goodreads.com/book/show/57737479.0
589817.0,Boy Girl Boy: A Wry and Insightful YA Novel of LGBTQ Teens and Self-Discovery,3.07,180,"Banned Books, LGBT, Romance",https://www.goodreads.com/book/show/589817.0
114551467.0,Study Guide: Cemetery Boys by Aiden Thomas,0.00,68,,https://www.goodreads.com/book/show/114551467.0
57282212.0,Calvin,4.48,32,"Picture Books, LGBT, Childrens",https://www.goodreads.com/book/show/57282212.0
1326258.0,Chosen,3.91,307,"Fantasy, Supernatural, Romance",https://www.goodreads.com/book/show/1326258.0
49909479.0,"A Clockwork Orange by Anthony Burgess (Book Analysis): Detailed Summary, Analysis and Reading Guide",4.50,27,,https://www.goodreads.com/book/show/49909479.0
563782.0,"Collected Poems, 1947-1980",4.18,864,"Classics, Literature, Fiction",https://www.goodreads.com/book/show/563782.0
18335634.0,Clockwork Princess,4.55,567,"Fantasy, Urban Fantasy, Romance",https://www.goodreads.com/book/show/18335634.0
124931328.0,Joya Goffney 2 Books Collection Set,4.19,752,,https://www.goodreads.com/book/show/124931328.0
50748473.0,Cool for the Summer,3.75,272,"Lesbian, Young Adult, LGBT",https://www.goodreads.com/book/show/50748473.0
12395213.0,Children's Book Of Art,4.23,144,"Picture Books, Childrens, Art",https://www.goodreads.com/book/show/12395213.0
178808747.0,Daughters unto Devils by Amy Lukavics,3.33,N/A,,https://www.goodreads.com/book/show/178808747.0
52822210.0,Concrete Rose,4.37,368,"Young Adult, Realistic Fiction, Fiction",https://www.goodreads.com/book/show/52822210.0
36260155.0,Damsel,3.30,320,"Fantasy, Retellings, Dragons",https://www.goodreads.com/book/show/36260155.0
49025767.0,Darius the Great Deserves Better,4.24,342,"Young Adult, LGBT, Romance",https://www.goodreads.com/book/show/49025767.0
12437190.0,Crank by Ellen Hopkins l Summary & Study Guide,4.60,N/A,,https://www.goodreads.com/book/show/12437190.0
61783806.0,Dear Mothman,4.23,313,"Fantasy, Middle Grade, LGBT",https://www.goodreads.com/book/show/61783806.0
321100.0,"Deogratias, A Tale of Rwanda",3.47,79,"Graphic Novels, Fiction, Comics",https://www.goodreads.com/book/show/321100.0
58925325.0,Different Kinds of Fruit,4.07,313,"Middle Grade, Realistic Fiction, LGBT",https://www.goodreads.com/book/show/58925325.0
223949470.0,Study Guide: Ellen Outside the Lines by A. J. Sass,0.00,65,,https://www.goodreads.com/book/show/223949470.0
216879764.0,Dime by E. R. Frank,0.00,N/A,,https://www.goodreads.com/book/show/216879764.0
532238.0,Draw Me a Star,3.87,40,"Banned Books, Picture Books, Childrens",https://www.goodreads.com/book/show/532238.0
9691471.0,Summary & Study Guide Dreaming in Cuban by Cristina Garcia,3.20,49,,https://www.goodreads.com/book/show/9691471.0
25269113.0,Summary & Study Guide Eleanor & Park by Rainbow Rowell,4.10,68,,https://www.goodreads.com/book/show/25269113.0
124931328.0,Joya Goffney 2 Books Collection Set,4.19,752,,https://www.goodreads.com/book/show/124931328.0
76713323.0,Empire of Storms,4.63,733,"Fantasy, Romance, Fiction",https://www.goodreads.com/book/show/76713323.0
203487403.0,livro extremely loud and incredibly close foer jonathan safran 2005,0.00,N/A,,https://www.goodreads.com/book/show/203487403.0
35297272.0,Emergency Contact,3.62,394,"Young Adult, Realistic Fiction, Romance",https://www.goodreads.com/book/show/35297272.0
26090147.0,Everything You Need For a Treehouse,3.82,40,"Adventure, Construction, Picture Books",https://www.goodreads.com/book/show/26090147.0
3657138.0,Fade,3.91,248,"Fantasy, Supernatural, Mystery",https://www.goodreads.com/book/show/3657138.0
19365546.0,Summary & Study Guide Fallout by Ellen Hopkins,4.67,31,,https://www.goodreads.com/book/show/19365546.0
221907011.0,Study Guide: Flight Of The Puffin by Ann Braden,0.00,69,,https://www.goodreads.com/book/show/221907011.0
193578065.0,Study Guide: Flamer by Mike Curato,0.00,59,,https://www.goodreads.com/book/show/193578065.0
74964003.0,Flor Fights Back: A Stonewall Riots Survival Story,4.05,101,"Banned Books, Middle Grade, LGBT",https://www.goodreads.com/book/show/74964003.0
7600924.0,Forbidden,3.95,418,"Young Adult, Realistic Fiction, Romance",https://www.goodreads.com/book/show/7600924.0
147379248.0,Forever for a Year by B. T. Gottfred,3.08,N/A,"Banned Books, Young Adult, Realistic Fiction",https://www.goodreads.com/book/show/147379248.0
42595554.0,Foul Is Fair,3.70,336,"Retellings, Young Adult, Mystery",https://www.goodreads.com/book/show/42595554.0
24707533.0,Summary & Study Guide Forever…by Judy Blume,2.75,39,,https://www.goodreads.com/book/show/24707533.0
56651467.0,Frankie & Bug,4.10,288,"Middle Grade, Realistic Fiction, LGBT",https://www.goodreads.com/book/show/56651467.0
43263228.0,Freeing Finch,3.91,272,"Middle Grade, LGBT, Animals",https://www.goodreads.com/book/show/43263228.0
22339673.0,Gender Issues,0.00,128,,https://www.goodreads.com/book/show/22339673.0
59235529.0,Galaxy: The Prettiest Star,4.09,208,"Science Fiction, Fantasy, Graphic Novels",https://www.goodreads.com/book/show/59235529.0
26135825.0,Fun Home: A Family Tragicomic,4.07,232,"Graphic Novels, LGBT, Biography",https://www.goodreads.com/book/show/26135825.0
61803540.0,Summary Of Gender Queer: A Memoir By Maia Kobabe,4.00,N/A,,https://www.goodreads.com/book/show/61803540.0
20702546.0,"Gabi, a Girl in Pieces",3.95,284,"Young Adult, Realistic Fiction, LGBT",https://www.goodreads.com/book/show/20702546.0
51113264.0,Hate Crime in America: From Prejudice to Violence,3.00,64,,https://www.goodreads.com/book/show/51113264.0
185495652.0,Study Guide: Gracefully Grayson by Ami Polonsky,0.00,52,,https://www.goodreads.com/book/show/185495652.0
73861132.0,Heartstopper 1. Noi coneix noi. Edició especial (Ficció contemporània),4.42,302,"Graphic Novels, LGBT, Romance",https://www.goodreads.com/book/show/73861132.0
199014264.0,Heartstopper Vol 1 - Collector's Edition,4.42,N/A,"Graphic Novels, LGBT, Romance",https://www.goodreads.com/book/show/199014264.0
18749.0,Half of a Yellow Sun,4.34,435,"Fiction, Historical, War",https://www.goodreads.com/book/show/18749.0
199339487.0,Heartstopper Vol 2 - Collector's Edition,4.51,N/A,"Graphic Novels, LGBT, Romance",https://www.goodreads.com/book/show/199339487.0
200033939.0,Heartstopper Vol 3 - Collector's Edition,4.54,N/A,"Graphic Novels, LGBT, Romance",https://www.goodreads.com/book/show/200033939.0
55424906.0,Here's to Us,4.01,448,"Young Adult, LGBT, Romance",https://www.goodreads.com/book/show/55424906.0
200626696.0,Heartstopper Vol 4 - Collector's Edition,4.57,N/A,"Graphic Novels, LGBT, Romance",https://www.goodreads.com/book/show/200626696.0
125704697.0,"Heartstopper, Vol. 5",4.46,N/A,"Graphic Novels, LGBT, Romance",https://www.goodreads.com/book/show/125704697.0
6515763.0,How Beautiful the Ordinary: Twelve Stories of Identity,3.80,368,"LGBT, Fiction, Contemporary",https://www.goodreads.com/book/show/6515763.0
40536342.0,Heroine,4.28,419,"Young Adult, Realistic Fiction, Fiction",https://www.goodreads.com/book/show/40536342.0
56269141.0,I Am Margaret Moore,2.99,320,"Fantasy, Mystery, Fiction",https://www.goodreads.com/book/show/56269141.0
18763344.0,I Am Jazz,4.12,32,"Banned Books, Picture Books, LGBT",https://www.goodreads.com/book/show/18763344.0
49690160.0,How It All Blew Up,3.83,271,"Young Adult, LGBT, Romance",https://www.goodreads.com/book/show/49690160.0
44778083.0,House of Earth and Blood,4.45,803,"Fantasy, Urban Fantasy, Romance",https://www.goodreads.com/book/show/44778083.0
45046086.0,"I Know Why the Caged Bird Sings by Maya Angelou (Book Analysis): Detailed Summary, Analysis and Reading Guide",3.80,26,,https://www.goodreads.com/book/show/45046086.0
30896134.0,Summary of Homegoing: By Yaa Gyasi - Includes Analysis,4.19,28,,https://www.goodreads.com/book/show/30896134.0
29010395.0,I Am Not Your Perfect Mexican Daughter,4.00,344,"Young Adult, Realistic Fiction, Latinx",https://www.goodreads.com/book/show/29010395.0
44329708.0,I Am Water,3.07,191,"LGBT, Ebooks, Queer",https://www.goodreads.com/book/show/44329708.0
32829992.0,Identity & Gender,3.57,32,LGBT,https://www.goodreads.com/book/show/32829992.0
33098361.0,I Never,3.25,288,"Banned Books, Young Adult, Realistic Fiction",https://www.goodreads.com/book/show/33098361.0
37542448.0,Summary & Study Guide Identical by Ellen Hopkins,5.00,63,,https://www.goodreads.com/book/show/37542448.0
20820994.0,I'll Give You the Sun,4.15,371,"Young Adult, Realistic Fiction, LGBT",https://www.goodreads.com/book/show/20820994.0
40218122.0,Summary & Study Guide Impulse by Ellen Hopkins,0.00,52,,https://www.goodreads.com/book/show/40218122.0
83817463.0,If You'll Have Me,4.41,336,"Lesbian, Graphic Novels, LGBT",https://www.goodreads.com/book/show/83817463.0
58739414.0,"Ironhead, or, Once a Young Lady",3.97,432,"Adventure, LGBT, Fiction",https://www.goodreads.com/book/show/58739414.0
95144.0,In the Night Kitchen,3.99,40,"Fantasy, Banned Books, Picture Books",https://www.goodreads.com/book/show/95144.0
222507.0,"It's Perfectly Normal: Changing Bodies, Growing Up, Sex, and Sexual Health",4.23,96,"Banned Books, Childrens, Sexuality",https://www.goodreads.com/book/show/222507.0
18369851.0,Infandous,3.46,N/A,"Banned Books, Fantasy, Young Adult",https://www.goodreads.com/book/show/18369851.0
88894169.0,Study Guide: Juliet Takes a Breath by Gabby Rivera,3.00,44,,https://www.goodreads.com/book/show/88894169.0
55200702.0,Jay's Gay Agenda,3.51,368,"Young Adult, LGBT, Romance",https://www.goodreads.com/book/show/55200702.0
76715522.0,Kingdom of Ash,4.71,984,"Fantasy, Romance, Fiction",https://www.goodreads.com/book/show/76715522.0
58502672.0,Kiss & Tell,3.62,384,"Young Adult, LGBT, Romance",https://www.goodreads.com/book/show/58502672.0
81071294.0,Study Guide: Last Night at the Telegraph Club by Malinda Lo,3.25,N/A,,https://www.goodreads.com/book/show/81071294.0
46231859.0,Lgbt Intolerance,3.00,N/A,,https://www.goodreads.com/book/show/46231859.0
563321.0,"l8r, g8r",3.74,288,"Banned Books, Young Adult, Realistic Fiction",https://www.goodreads.com/book/show/563321.0
25494343.0,Lady Midnight,4.35,688,"Fantasy, Urban Fantasy, Romance",https://www.goodreads.com/book/show/25494343.0
53277704.0,LGBTQ in America,4.00,80,,https://www.goodreads.com/book/show/53277704.0
31493837.0,LGBTQ Human Rights Movement,3.40,32,,https://www.goodreads.com/book/show/31493837.0
122040549.0,Study Guide: Lily and Dunkin by Donna Gephart,0.00,95,,https://www.goodreads.com/book/show/122040549.0
98024.0,Life Is Funny,3.83,272,"Banned Books, Realistic Fiction, Fiction",https://www.goodreads.com/book/show/98024.0
40190305.0,Like a Love Story,4.26,432,"LGBT, Romance, Fiction",https://www.goodreads.com/book/show/40190305.0
202359965.0,Study Guide: Loveless by Alice Oseman,4.00,62,,https://www.goodreads.com/book/show/202359965.0
25062038.0,Little & Lion,3.80,327,"Young Adult, LGBT, Romance",https://www.goodreads.com/book/show/25062038.0
24612624.0,Melissa,4.09,208,"Middle Grade, Realistic Fiction, LGBT",https://www.goodreads.com/book/show/24612624.0
59029659.0,Man o' War,4.36,336,"Young Adult, LGBT, Transgender",https://www.goodreads.com/book/show/59029659.0
39670893.0,ME and EARL and the Dying GIRL by Jesse Andrews: A Study Guide,2.67,37,,https://www.goodreads.com/book/show/39670893.0
99561.0,Looking for Alaska,3.96,221,"Young Adult, Realistic Fiction, Romance",https://www.goodreads.com/book/show/99561.0
33566336.0,Milk and Honey by Rupi Kaur | Conversation Starters,3.84,67,,https://www.goodreads.com/book/show/33566336.0
35068534.0,Monday's Not Coming,4.26,448,"Young Adult, Mystery, Fiction",https://www.goodreads.com/book/show/35068534.0
89190347.0,Study Guide: More Happy Than Not by Adam Silvera,0.00,78,,https://www.goodreads.com/book/show/89190347.0
38507257.0,My Life as a Diamond,4.01,176,"Middle Grade, Realistic Fiction, LGBT",https://www.goodreads.com/book/show/38507257.0
50977601.0,My Rainbow,4.27,32,"Picture Books, LGBT, Childrens",https://www.goodreads.com/book/show/50977601.0
43334759.0,"More Than a Game: Race, Gender, and Politics in Sports",4.31,64,"Sports, Nonfiction, Middle Grade",https://www.goodreads.com/book/show/43334759.0
61285758.0,Nick and Charlie: A Heartstopper Novella,4.13,153,"Young Adult, LGBT, Romance",https://www.goodreads.com/book/show/61285758.0
785663.0,No Bows!,3.62,32,Picture Books,https://www.goodreads.com/book/show/785663.0
79025782.0,No Place for Fairy Tales,4.03,200,"Contemporary, Young Adult, Poetry",https://www.goodreads.com/book/show/79025782.0
49676332.0,Study Guide: Nineteen Minutes by Jodi Picoult,4.00,80,,https://www.goodreads.com/book/show/49676332.0
36105772.0,Neanderthal Opens the Door to the Universe,4.23,410,"Humor, Young Adult, Realistic Fiction",https://www.goodreads.com/book/show/36105772.0
133383678.0,"Native Son by Wright, Richard (2008) Paperback",4.04,N/A,"Banned Books, Classics, Fiction",https://www.goodreads.com/book/show/133383678.0
28217813.0,One Half from the East,3.98,277,"Middle Grade, Realistic Fiction, Fiction",https://www.goodreads.com/book/show/28217813.0
55100346.0,Not My Problem,4.10,368,"Lesbian, Young Adult, LGBT",https://www.goodreads.com/book/show/55100346.0
55644103.0,Our Skin: A First Conversation About Race,4.30,38,"Banned Books, Picture Books, Childrens",https://www.goodreads.com/book/show/55644103.0
45029681.0,"Normal People by Sally Rooney (Book Analysis): Detailed Summary, Analysis and Reading Guide",3.61,27,,https://www.goodreads.com/book/show/45029681.0
88744212.0,Study Guide: Pet by Akwaeke Emezi,1.00,40,,https://www.goodreads.com/book/show/88744212.0
25256386.0,Out of Darkness,4.14,402,"Banned Books, Romance, Fiction",https://www.goodreads.com/book/show/25256386.0
123639464.0,"Emeraldalicious (Pinkalicious) by Kann, Victoria (2013) Hardcover",5.00,N/A,,https://www.goodreads.com/book/show/123639464.0
4268157.0,Perfect Chemistry,4.04,368,"High School, Young Adult, Romance",https://www.goodreads.com/book/show/4268157.0
75670224.0,Plan A,3.99,416,"Young Adult, Realistic Fiction, Romance",https://www.goodreads.com/book/show/75670224.0
179031785.0,Puzzleheart,3.70,269,"Fantasy, Middle Grade, Juvenile",https://www.goodreads.com/book/show/179031785.0
19969954.0,"""Portnoy's Complaint"" by Philip Roth: An analysis",3.50,18,,https://www.goodreads.com/book/show/19969954.0
44496093.0,Queer: The Ultimate LGBTQ Guide for Teens,3.77,208,"Banned Books, Self Help, LGBT",https://www.goodreads.com/book/show/44496093.0
59342979.0,Rabbit Chase,3.69,120,"Fantasy, Middle Grade, Graphic Novels",https://www.goodreads.com/book/show/59342979.0
53935336.0,Study Guide to Red at the Bone by Jacqueline Woodson,3.67,99,,https://www.goodreads.com/book/show/53935336.0
123004944.0,Queen of Shadows,4.62,689,"Fantasy, Romance, Fiction",https://www.goodreads.com/book/show/123004944.0
31449227.0,Ramona Blue,3.90,408,"Young Adult, LGBT, Romance",https://www.goodreads.com/book/show/31449227.0
228803251.0,Relish: My Life in the Kitchen by Lucy Knisley,3.95,N/A,"Graphic Novels, Cooking, Biography",https://www.goodreads.com/book/show/228803251.0
26107311.0,Summary of Ready Player One: by Ernest Cline | Summary & Analysis,4.26,116,,https://www.goodreads.com/book/show/26107311.0
43721070.0,Red Hood,3.44,361,"Fantasy, Retellings, Fairy Tales",https://www.goodreads.com/book/show/43721070.0
52559228.0,Rising Out,4.00,192,"LGBT, Romance, Queer",https://www.goodreads.com/book/show/52559228.0
44660928.0,Rick,4.06,240,"Middle Grade, Realistic Fiction, LGBT",https://www.goodreads.com/book/show/44660928.0
58437812.0,She Gets the Girl,4.08,384,"Lesbian, LGBT, Romance",https://www.goodreads.com/book/show/58437812.0
6068551.0,Shiver,3.76,392,"Fantasy, Romance, Fiction",https://www.goodreads.com/book/show/6068551.0
8928054.0,Shine,3.82,350,"Young Adult, Realistic Fiction, Mystery",https://www.goodreads.com/book/show/8928054.0
245889487.0,Skin and Bones by Sherry Shahan,0.00,N/A,,https://www.goodreads.com/book/show/245889487.0
40551242.0,Summary of Simon vs. the Homo Sapiens Agenda by Becky Albertalli | Summary & Analysis,4.14,N/A,,https://www.goodreads.com/book/show/40551242.0
40984365.0,Sissy: A Coming-of-Gender Story,4.06,319,"LGBT, Biography, Memoir",https://www.goodreads.com/book/show/40984365.0
4981.0,Slaughterhouse-Five,4.10,275,"Science Fiction, Classics, Fiction",https://www.goodreads.com/book/show/4981.0
136990452.0,"Rumble by Hopkins, Ellen (August 26, 2014) Hardcover",4.05,N/A,"Young Adult, Realistic Fiction, LGBT",https://www.goodreads.com/book/show/136990452.0
42353772.0,Some Girls Bind,3.79,192,"Young Adult, Realistic Fiction, LGBT",https://www.goodreads.com/book/show/42353772.0
160146150.0,Smoke by Ellen Hopkins (10-Sep-2013) Hardcover,4.33,N/A,"Young Adult, Realistic Fiction, Romance",https://www.goodreads.com/book/show/160146150.0
40519259.0,Shout,4.24,304,"Mental Health, Contemporary, Feminism",https://www.goodreads.com/book/show/40519259.0
52751339.0,Spin with Me,3.75,224,"Middle Grade, Realistic Fiction, LGBT",https://www.goodreads.com/book/show/52751339.0
59856049.0,Speak Up!: A Graphic Novel,4.19,272,"Middle Grade, Graphic Novels, LGBT",https://www.goodreads.com/book/show/59856049.0
39280444.0,Speak,4.05,224,"Banned Books, Young Adult, Realistic Fiction",https://www.goodreads.com/book/show/39280444.0
201114.0,Sold,4.24,268,"Banned Books, Realistic Fiction, Fiction",https://www.goodreads.com/book/show/201114.0
36532172.0,Someone I Used to Know,4.23,384,"Young Adult, Realistic Fiction, Romance",https://www.goodreads.com/book/show/36532172.0
28385057.0,LGBTQ+ Athletes Claim the Field: Striving for Equality,3.74,104,"Banned Books, LGBT, Transgender",https://www.goodreads.com/book/show/28385057.0
33163388.0,Spinning,3.89,400,"Graphic Novels, LGBT, Sports",https://www.goodreads.com/book/show/33163388.0
22752445.0,SuperMutant Magic Academy,3.99,276,"Fantasy, Humor, Graphic Novels",https://www.goodreads.com/book/show/22752445.0
60820562.0,Sylvia Rivera,3.80,24,Picture Books,https://www.goodreads.com/book/show/60820562.0
25485029.0,We Know It Was You,2.90,352,"High School, Young Adult, Mystery",https://www.goodreads.com/book/show/25485029.0
61780017.0,The Beautiful Something Else,4.46,288,"Middle Grade, Young Adult, LGBT",https://www.goodreads.com/book/show/61780017.0
49202723.0,Téo's Tutu,4.12,32,"Picture Books, LGBT, Childrens",https://www.goodreads.com/book/show/49202723.0
22390639.0,Summary & Study Guide The Art of Racing in the Rain by Garth Stein,4.20,53,Audiobook,https://www.goodreads.com/book/show/22390639.0
49366204.0,The Best Laid Plans,3.58,368,"Young Adult, Young Adult Romance, Romance",https://www.goodreads.com/book/show/49366204.0
58275991.0,The Best Liars in Riverview,4.22,336,"Middle Grade, Mystery, LGBT",https://www.goodreads.com/book/show/58275991.0
41020406.0,The Black Flamingo,4.33,360,"Young Adult, LGBT, Fiction",https://www.goodreads.com/book/show/41020406.0
45294414.0,Study Guide: The Bluest Eye by Toni Morrison,3.50,56,,https://www.goodreads.com/book/show/45294414.0
49719054.0,Summary: The Body - A Guide for Occupants by Bill Bryson,4.09,27,,https://www.goodreads.com/book/show/49719054.0
59594706.0,The Borrow a Boyfriend Club,4.10,352,"Young Adult, LGBT, Romance",https://www.goodreads.com/book/show/59594706.0
185436202.0,Study Guide: The Downstairs Girl by Stacey Lee,0.00,58,,https://www.goodreads.com/book/show/185436202.0
45445557.0,The Deep & Dark Blue,4.22,256,"Fantasy, Middle Grade, Graphic Novels",https://www.goodreads.com/book/show/45445557.0
139031.0,"York Notes Advanced on ""The Color Purple"" by Alice Walker",4.67,N/A,"Adult, Classics, Fiction",https://www.goodreads.com/book/show/139031.0
240449.0,The Blood Runs Like a River Through My Dreams,3.68,224,"Indigenous, Fiction, Native American",https://www.goodreads.com/book/show/240449.0
22571247.0,The Carnival at Bray,3.90,235,"Realistic Fiction, Romance, Fiction",https://www.goodreads.com/book/show/22571247.0
214560639.0,"Study Guide: The Freedom Writers Diary by Erin Gruwell, The Freedom Writers",0.00,56,,https://www.goodreads.com/book/show/214560639.0
24976555.0,Sidekick - The DUFF: (Designated Ugly Fat Friend) by Kody Keplinger,3.43,56,,https://www.goodreads.com/book/show/24976555.0
20814047.0,The Fault in Our Stars: by John Green -- Sidekick,4.13,50,Book Club,https://www.goodreads.com/book/show/20814047.0
25812109.0,The Female of the Species,4.14,368,"Young Adult, Mystery, Fiction",https://www.goodreads.com/book/show/25812109.0
34593573.0,The Handsome Girl & Her Beautiful Boy,3.59,420,"Young Adult, Realistic Fiction, LGBT",https://www.goodreads.com/book/show/34593573.0
44805980.0,"The Hate U Give by Angie Thomas (Book Analysis): Detailed Summary, Analysis and Reading Guide",4.44,25,,https://www.goodreads.com/book/show/44805980.0
26095121.0,The Haters,3.41,352,"Banned Books, Humor, Young Adult",https://www.goodreads.com/book/show/26095121.0
59694078.0,The Heartstopper Yearbook,4.37,154,"Graphic Novels, LGBT, Romance",https://www.goodreads.com/book/show/59694078.0
235669404.0,Study Guide: The Lesbiana's Guide to Catholic School by Sonora Reyes,0.00,86,,https://www.goodreads.com/book/show/235669404.0
38448.0,The Handmaid's Tale By Margaret Atwood: A Post 16 Study Guide,3.79,40,"Classics, Audiobook",https://www.goodreads.com/book/show/38448.0
17290266.0,The Infinite Moment of Us,3.17,316,"Banned Books, Young Adult, Realistic Fiction",https://www.goodreads.com/book/show/17290266.0
58874675.0,The Honeys,3.79,344,"Mystery, LGBT, Horror",https://www.goodreads.com/book/show/58874675.0
55751553.0,SUMMARY Of The Invisible Life of Addie LaRue By V. E. Schwab,4.14,N/A,"Fantasy, Audiobook",https://www.goodreads.com/book/show/55751553.0
44781697.0,"The Hips on the Drag Queen Go Swish, Swish, Swish",3.99,40,"Picture Books, LGBT, Childrens",https://www.goodreads.com/book/show/44781697.0
21060082.0,Summary & Study Guide The Kite Runner by Khaled Hosseini,4.00,64,"Fiction, Contemporary",https://www.goodreads.com/book/show/21060082.0
241199018.0,The Midnight Lie by Marie Rutkoski,0.00,N/A,,https://www.goodreads.com/book/show/241199018.0
45011496.0,"The Lovely Bones by Alice Sebold (Book Analysis): Detailed Summary, Analysis and Reading Guide",4.00,24,,https://www.goodreads.com/book/show/45011496.0
37539708.0,The Moon Within,4.08,240,"Middle Grade, Realistic Fiction, LGBT",https://www.goodreads.com/book/show/37539708.0
36099120.0,The Opposite of Innocent,3.72,272,"Young Adult, Realistic Fiction, Abuse",https://www.goodreads.com/book/show/36099120.0
28096541.0,The Nowhere Girls,4.26,408,"Young Adult, Realistic Fiction, LGBT",https://www.goodreads.com/book/show/28096541.0
65215725.0,The Otherwoods,3.85,288,"Fantasy, Middle Grade, LGBT",https://www.goodreads.com/book/show/65215725.0
20412869.0,Study Guide: The Perks of Being a Wallflower by Stephen Chbosky,3.98,38,Fiction,https://www.goodreads.com/book/show/20412869.0
285893.0,The Paper Bag Princess By Robert Munsch: A Story Study,4.85,1,,https://www.goodreads.com/book/show/285893.0
28371999.0,The Other Boy,4.18,236,"Middle Grade, Realistic Fiction, LGBT",https://www.goodreads.com/book/show/28371999.0
42393479.0,The Ship We Built,4.22,287,"Middle Grade, LGBT, Transgender",https://www.goodreads.com/book/show/42393479.0
50846677.0,Study Guide: The Poet X by Elizabeth Acevedo,4.75,47,,https://www.goodreads.com/book/show/50846677.0
27779274.0,The Nerdy and the Dirty,3.60,304,"Humor, Young Adult, Realistic Fiction",https://www.goodreads.com/book/show/27779274.0
35959744.0,"The Teenage Guy's Survival Guide: The Real Deal on Going Out, Growing Up, and Other Guy Stuff",3.93,192,Nonfiction,https://www.goodreads.com/book/show/35959744.0
42975172.0,The Testaments,4.20,422,"Science Fiction, Classics, Fiction",https://www.goodreads.com/book/show/42975172.0
30653853.0,The Upside of Unrequited,3.88,336,"Young Adult, LGBT, Romance",https://www.goodreads.com/book/show/30653853.0
11019128.0,Summary & Study Guide The Wind-up Bird Chronicle by Haruki Murakami,3.82,184,,https://www.goodreads.com/book/show/11019128.0
69438589.0,The Truth About Alice: A Novel,3.63,1,"High School, Banned Books, Young Adult",https://www.goodreads.com/book/show/69438589.0
24795284.0,Summary & Study Guide Thirteen Reasons Why by Jay Asher,3.88,52,,https://www.goodreads.com/book/show/24795284.0
58038515.0,The Ultimate Art Museum,4.33,232,"Middle Grade, Childrens, Art",https://www.goodreads.com/book/show/58038515.0
30312837.0,The You I've Never Known,3.94,608,"Young Adult, Realistic Fiction, LGBT",https://www.goodreads.com/book/show/30312837.0
36203673.0,This Is Kind of an Epic Love Story,3.37,304,"Young Adult, LGBT, Romance",https://www.goodreads.com/book/show/36203673.0
142425642.0,Study Guide: This Book is Gay by Juno Dawson,0.00,55,,https://www.goodreads.com/book/show/142425642.0
42166311.0,Summary of To All The Boys I've Loved Before by Jenny Han: Conversation Starters,4.58,68,,https://www.goodreads.com/book/show/42166311.0
129256634.0,"The Year Of The Flood by Atwood, Margaret",4.07,N/A,"Science Fiction, Fantasy, Fiction",https://www.goodreads.com/book/show/129256634.0
58293370.0,Tiger Honor,3.92,256,"Science Fiction, Fantasy, Middle Grade",https://www.goodreads.com/book/show/58293370.0
18465566.0,This One Summer,3.69,324,"Graphic Novels, Realistic Fiction, Fiction",https://www.goodreads.com/book/show/18465566.0
204501310.0,Study Guide: Too Bright to See by Kyle Lukoff,0.00,59,,https://www.goodreads.com/book/show/204501310.0
27817864.0,Transgender Rights and Issues,2.93,112,,https://www.goodreads.com/book/show/27817864.0
20256612.0,Tomboy: A Graphic Memoir,3.90,256,"Graphic Novels, Biography, Comics",https://www.goodreads.com/book/show/20256612.0
76714487.0,Tower of Dawn,4.28,688,"Fantasy, Romance, Fiction",https://www.goodreads.com/book/show/76714487.0
22827825.0,Transgender People,2.00,128,,https://www.goodreads.com/book/show/22827825.0
23015872.0,Traffick,4.27,505,"Young Adult, Realistic Fiction, LGBT",https://www.goodreads.com/book/show/23015872.0
44331122.0,Understanding Gender,3.33,48,Young Adult,https://www.goodreads.com/book/show/44331122.0
44130829.0,"Trans+: Love, Sex, Romance, and Being You",4.19,304,"Psychology, LGBT, Sexuality",https://www.goodreads.com/book/show/44130829.0
5510384.0,Tricks,4.27,627,"Banned Books, Young Adult, Realistic Fiction",https://www.goodreads.com/book/show/5510384.0
97176343.0,Understanding Gender Identity,3.00,64,,https://www.goodreads.com/book/show/97176343.0
191857789.0,Study Guide: Unravel Me by Tahereh Mafi,0.00,69,,https://www.goodreads.com/book/show/191857789.0
10858119.0,Water for Elephants by Sara Gruen Summary & Study Guide,3.88,N/A,Fiction,https://www.goodreads.com/book/show/10858119.0
171694050.0,[(Vampire Academy )] [Author: Richelle Mead] [Aug-2008],4.10,N/A,"Fantasy, Urban Fantasy, Romance",https://www.goodreads.com/book/show/171694050.0
23677341.0,We Are the Ants,4.10,455,"Science Fiction, Young Adult, LGBT",https://www.goodreads.com/book/show/23677341.0
58783431.0,Twelfth,3.99,368,"Middle Grade, Realistic Fiction, LGBT",https://www.goodreads.com/book/show/58783431.0
35380468.0,What Riley Wore,4.21,40,"Picture Books, LGBT, Gender Identity",https://www.goodreads.com/book/show/35380468.0
39987021.0,When Aidan Became A Brother,4.52,32,"Realistic Fiction, Picture Books, LGBT",https://www.goodreads.com/book/show/39987021.0
41736961.0,Where I End and You Begin,3.92,304,"Fantasy, Young Adult, LGBT",https://www.goodreads.com/book/show/41736961.0
45447218.0,Summary of Where the Crawdads Sing by Delia Owens,4.11,46,"Fiction, Audiobook",https://www.goodreads.com/book/show/45447218.0
42246377.0,White Hot Kiss,4.16,377,"Fantasy, Urban Fantasy, Romance",https://www.goodreads.com/book/show/42246377.0
29401474.0,What Girls Are Made Of,3.78,200,"Banned Books, Young Adult, Realistic Fiction",https://www.goodreads.com/book/show/29401474.0
204346880.0,"[Wintergirls] [By: Anderson, Laurie Halse] [February, 2010]",0.00,N/A,,https://www.goodreads.com/book/show/204346880.0
21223879.0,Summary & Study Guide Wicked: The Life and Times of the Wicked Witch of the West by Gregory Maguire,5.00,69,,https://www.goodreads.com/book/show/21223879.0
20701994.0,yolo,3.69,208,"Young Adult, Realistic Fiction, Chick Lit",https://www.goodreads.com/book/show/20701994.0
43562313.0,Yolk,3.94,400,"Romance, Fiction, Mental Health",https://www.goodreads.com/book/show/43562313.0
44674908.0,You Too?: 25 Voices Share Their #MeToo Stories,4.37,320,"Essays, Feminism, Memoir",https://www.goodreads.com/book/show/44674908.0
35431592.0,Zenobia July,4.11,320,"Middle Grade, Realistic Fiction, LGBT",https://www.goodreads.com/book/show/35431592.0
31368108.0,Summary of A Stolen Life: by Jaycee Dugard | Includes Analysis,3.25,23,,https://www.goodreads.com/book/show/31368108.0
50659467.0,A Court of Thorns and Roses,4.16,419,"Fantasy, Romance, Fiction",https://www.goodreads.com/book/show/50659467.0
57910535.0,Yes! No!: A First Conversation About Consent,4.44,N/A,"Picture Books, Childrens, Mental Health",https://www.goodreads.com/book/show/57910535.0
50659468.0,A Court of Mist and Fury,4.63,626,"Fantasy, Romance, Fiction",https://www.goodreads.com/book/show/50659468.0
30037870.0,Allegedly,4.02,390,"Young Adult, Mystery, Fiction",https://www.goodreads.com/book/show/30037870.0
43801602.0,All the Things We Do in the Dark: A Dark YA Thriller of Secrets and Scars,3.51,296,"Young Adult, Mystery, LGBT",https://www.goodreads.com/book/show/43801602.0
151553325.0,Ask the Passengers by A.S. King,0.00,N/A,,https://www.goodreads.com/book/show/151553325.0
28676.0,American Psycho,3.80,399,"Classics, Horror, Fiction",https://www.goodreads.com/book/show/28676.0
57308955.0,Assassination Classroom Series Volume 6 7 8 10 Collection 4 Books Set By Yusei Matsui,4.20,N/A,,https://www.goodreads.com/book/show/57308955.0
133134201.0,"[Assassination Classroom, Vol. 1 (1)] [By: Matsui, Yusei] [December, 2014]",4.00,N/A,,https://www.goodreads.com/book/show/133134201.0
57566089.0,Assassination Classroom Series Vol 2 3 4 5 Collection 4 Books Set By Yusei Matsui,4.25,N/A,,https://www.goodreads.com/book/show/57566089.0
58838445.0,Assassination Classroom Series Vol 11 12 13 14 Collection 4 Books Set By Yusei Matsui,4.00,N/A,,https://www.goodreads.com/book/show/58838445.0
57566089.0,Assassination Classroom Series Vol 2 3 4 5 Collection 4 Books Set By Yusei Matsui,4.25,N/A,,https://www.goodreads.com/book/show/57566089.0
57566089.0,Assassination Classroom Series Vol 2 3 4 5 Collection 4 Books Set By Yusei Matsui,4.25,N/A,,https://www.goodreads.com/book/show/57566089.0
164828170.0,"[Assassination Classroom, Vol. 2 (2)] [By: Matsui, Yusei] [February, 2015]",4.26,N/A,"Science Fiction, Humor, Manga",https://www.goodreads.com/book/show/164828170.0
57308955.0,Assassination Classroom Series Volume 6 7 8 10 Collection 4 Books Set By Yusei Matsui,4.20,N/A,,https://www.goodreads.com/book/show/57308955.0
57308955.0,Assassination Classroom Series Volume 6 7 8 10 Collection 4 Books Set By Yusei Matsui,4.20,N/A,,https://www.goodreads.com/book/show/57308955.0
57308955.0,Assassination Classroom Series Volume 6 7 8 10 Collection 4 Books Set By Yusei Matsui,4.20,N/A,,https://www.goodreads.com/book/show/57308955.0
12000020.0,Aristotle and Dante Discover the Secrets of the Universe,4.29,390,"Young Adult, LGBT, Romance",https://www.goodreads.com/book/show/12000020.0
28919058.0,Autoboyography,4.10,407,"Young Adult, LGBT, Romance",https://www.goodreads.com/book/show/28919058.0
156758105.0,[(Boy Toy )] [Author: Barry Lyga] [Jan-2009],0.00,N/A,,https://www.goodreads.com/book/show/156758105.0
18166920.0,Beyond Magenta: Transgender and Nonbinary Teens Speak Out,3.80,182,"Banned Books, LGBT, Transgender",https://www.goodreads.com/book/show/18166920.0
29363921.0,"Assassination Classroom, Vol. 9",4.33,194,"Science Fiction, Humor, Manga",https://www.goodreads.com/book/show/29363921.0
58444853.0,Brave New World: A Graphic Novel,3.69,240,"Science Fiction, Graphic Novels, Classics",https://www.goodreads.com/book/show/58444853.0
6149.0,Beloved,3.98,325,"Magical Realism, Classics, School",https://www.goodreads.com/book/show/6149.0
8517207.0,Bumped,3.12,326,"Science Fiction, Fantasy, Romance",https://www.goodreads.com/book/show/8517207.0
49909479.0,"A Clockwork Orange by Anthony Burgess (Book Analysis): Detailed Summary, Analysis and Reading Guide",4.50,27,,https://www.goodreads.com/book/show/49909479.0
53138213.0,Can't Take That Away,4.06,375,"Young Adult, LGBT, Romance",https://www.goodreads.com/book/show/53138213.0
1326258.0,Chosen,3.91,307,"Fantasy, Supernatural, Romance",https://www.goodreads.com/book/show/1326258.0
52822210.0,Concrete Rose,4.37,368,"Young Adult, Realistic Fiction, Fiction",https://www.goodreads.com/book/show/52822210.0
7171637.0,Clockwork Angel,4.31,479,"Fantasy, Romance, Fiction",https://www.goodreads.com/book/show/7171637.0
18335634.0,Clockwork Princess,4.55,567,"Fantasy, Urban Fantasy, Romance",https://www.goodreads.com/book/show/18335634.0
36260155.0,Damsel,3.30,320,"Fantasy, Retellings, Dragons",https://www.goodreads.com/book/show/36260155.0
12437190.0,Crank by Ellen Hopkins l Summary & Study Guide,4.60,N/A,,https://www.goodreads.com/book/show/12437190.0
178808747.0,Daughters unto Devils by Amy Lukavics,3.33,N/A,,https://www.goodreads.com/book/show/178808747.0
201727772.0,Dear Evan Hansen by Val Emmich,0.00,N/A,,https://www.goodreads.com/book/show/201727772.0
124931328.0,Joya Goffney 2 Books Collection Set,4.19,752,,https://www.goodreads.com/book/show/124931328.0
216879764.0,Dime by E. R. Frank,0.00,N/A,,https://www.goodreads.com/book/show/216879764.0
321100.0,"Deogratias, A Tale of Rwanda",3.47,79,"Graphic Novels, Fiction, Comics",https://www.goodreads.com/book/show/321100.0
18304322.0,Dumplin',3.88,375,"Young Adult, Realistic Fiction, Romance",https://www.goodreads.com/book/show/18304322.0
49025767.0,Darius the Great Deserves Better,4.24,342,"Young Adult, LGBT, Romance",https://www.goodreads.com/book/show/49025767.0
203487403.0,livro extremely loud and incredibly close foer jonathan safran 2005,0.00,N/A,,https://www.goodreads.com/book/show/203487403.0
25269113.0,Summary & Study Guide Eleanor & Park by Rainbow Rowell,4.10,68,,https://www.goodreads.com/book/show/25269113.0
19365546.0,Summary & Study Guide Fallout by Ellen Hopkins,4.67,31,,https://www.goodreads.com/book/show/19365546.0
193578065.0,Study Guide: Flamer by Mike Curato,0.00,59,,https://www.goodreads.com/book/show/193578065.0
55144174.0,Fifteen Hundred Miles from the Sun,4.14,354,"Young Adult, LGBT, Romance",https://www.goodreads.com/book/show/55144174.0
25402261.0,Summary & Study Guide Fangirl by Rainbow Rowell,4.17,84,New Adult,https://www.goodreads.com/book/show/25402261.0
20702546.0,"Gabi, a Girl in Pieces",3.95,284,"Young Adult, Realistic Fiction, LGBT",https://www.goodreads.com/book/show/20702546.0
24707533.0,Summary & Study Guide Forever…by Judy Blume,2.75,39,,https://www.goodreads.com/book/show/24707533.0
8849382.0,"Gone, Gone, Gone",3.79,251,"Young Adult, Realistic Fiction, LGBT",https://www.goodreads.com/book/show/8849382.0
31706530.0,Grit,3.57,304,"Young Adult, Realistic Fiction, Mystery",https://www.goodreads.com/book/show/31706530.0
270804.0,Glass,4.29,681,"Young Adult, Realistic Fiction, Addiction",https://www.goodreads.com/book/show/270804.0
228784237.0,"(Girl in Translation) [By: Kwok, Jean] [Jun, 2011]",3.99,N/A,"Young Adult, Fiction, China",https://www.goodreads.com/book/show/228784237.0
49397758.0,Grown,4.24,384,"Young Adult, Mystery, Fiction",https://www.goodreads.com/book/show/49397758.0
40536342.0,Heroine,4.28,419,"Young Adult, Realistic Fiction, Fiction",https://www.goodreads.com/book/show/40536342.0
6515763.0,How Beautiful the Ordinary: Twelve Stories of Identity,3.80,368,"LGBT, Fiction, Contemporary",https://www.goodreads.com/book/show/6515763.0
125704697.0,"Heartstopper, Vol. 5",4.46,N/A,"Graphic Novels, LGBT, Romance",https://www.goodreads.com/book/show/125704697.0
102090802.0,Summary and Analysis of Hunger: A Memoir of (My) Body By Roxane Gay,0.00,24,,https://www.goodreads.com/book/show/102090802.0
30896134.0,Summary of Homegoing: By Yaa Gyasi - Includes Analysis,4.19,28,,https://www.goodreads.com/book/show/30896134.0
49690160.0,How It All Blew Up,3.83,271,"Young Adult, LGBT, Romance",https://www.goodreads.com/book/show/49690160.0
45046086.0,"I Know Why the Caged Bird Sings by Maya Angelou (Book Analysis): Detailed Summary, Analysis and Reading Guide",3.80,26,,https://www.goodreads.com/book/show/45046086.0
29010395.0,I Am Not Your Perfect Mexican Daughter,4.00,344,"Young Adult, Realistic Fiction, Latinx",https://www.goodreads.com/book/show/29010395.0
55424906.0,Here's to Us,4.01,448,"Young Adult, LGBT, Romance",https://www.goodreads.com/book/show/55424906.0
40218122.0,Summary & Study Guide Impulse by Ellen Hopkins,0.00,52,,https://www.goodreads.com/book/show/40218122.0
88894169.0,Study Guide: Juliet Takes a Breath by Gabby Rivera,3.00,44,,https://www.goodreads.com/book/show/88894169.0
20820994.0,I'll Give You the Sun,4.15,371,"Young Adult, Realistic Fiction, LGBT",https://www.goodreads.com/book/show/20820994.0
58502672.0,Kiss & Tell,3.62,384,"Young Adult, LGBT, Romance",https://www.goodreads.com/book/show/58502672.0
98024.0,Life Is Funny,3.83,272,"Banned Books, Realistic Fiction, Fiction",https://www.goodreads.com/book/show/98024.0
25494343.0,Lady Midnight,4.35,688,"Fantasy, Urban Fantasy, Romance",https://www.goodreads.com/book/show/25494343.0
17456953.0,Lighter than My Shadow,4.40,509,"Mental Illness, Graphic Novels, Graphic Novels Comics",https://www.goodreads.com/book/show/17456953.0
40190305.0,Like a Love Story,4.26,432,"LGBT, Romance, Fiction",https://www.goodreads.com/book/show/40190305.0
25062038.0,Little & Lion,3.80,327,"Young Adult, LGBT, Romance",https://www.goodreads.com/book/show/25062038.0
2954411.0,Living Dead Girl,3.78,170,"Young Adult, Realistic Fiction, Horror",https://www.goodreads.com/book/show/2954411.0
37542448.0,Summary & Study Guide Identical by Ellen Hopkins,5.00,63,,https://www.goodreads.com/book/show/37542448.0
99561.0,Looking for Alaska,3.96,221,"Young Adult, Realistic Fiction, Romance",https://www.goodreads.com/book/show/99561.0
42642157.0,Light It Up,4.15,368,"Young Adult, Realistic Fiction, Fiction",https://www.goodreads.com/book/show/42642157.0
12846895.0,Summary & Study Guide Lolita by Vladimir Nabokov,3.63,83,,https://www.goodreads.com/book/show/12846895.0
33566336.0,Milk and Honey by Rupi Kaur | Conversation Starters,3.84,67,,https://www.goodreads.com/book/show/33566336.0
89190347.0,Study Guide: More Happy Than Not by Adam Silvera,0.00,78,,https://www.goodreads.com/book/show/89190347.0
39670893.0,ME and EARL and the Dying GIRL by Jesse Andrews: A Study Guide,2.67,37,,https://www.goodreads.com/book/show/39670893.0
32077959.0,Marriage of a Thousand Lies,3.72,288,"Lesbian, Adult, LGBT",https://www.goodreads.com/book/show/32077959.0
209966236.0,Study Guide: Moxie by Jennifer Mathieu,0.00,69,,https://www.goodreads.com/book/show/209966236.0
49676332.0,Study Guide: Nineteen Minutes by Jodi Picoult,4.00,80,,https://www.goodreads.com/book/show/49676332.0
133383678.0,"Native Son by Wright, Richard (2008) Paperback",4.04,N/A,"Banned Books, Classics, Fiction",https://www.goodreads.com/book/show/133383678.0
36105772.0,Neanderthal Opens the Door to the Universe,4.23,410,"Humor, Young Adult, Realistic Fiction",https://www.goodreads.com/book/show/36105772.0
4268157.0,Perfect Chemistry,4.04,368,"High School, Young Adult, Romance",https://www.goodreads.com/book/show/4268157.0
25256386.0,Out of Darkness,4.14,402,"Banned Books, Romance, Fiction",https://www.goodreads.com/book/show/25256386.0
31449227.0,Ramona Blue,3.90,408,"Young Adult, LGBT, Romance",https://www.goodreads.com/book/show/31449227.0
228803251.0,Relish: My Life in the Kitchen by Lucy Knisley,3.95,N/A,"Graphic Novels, Cooking, Biography",https://www.goodreads.com/book/show/228803251.0
123004944.0,Queen of Shadows,4.62,689,"Fantasy, Romance, Fiction",https://www.goodreads.com/book/show/123004944.0
55100346.0,Not My Problem,4.10,368,"Lesbian, Young Adult, LGBT",https://www.goodreads.com/book/show/55100346.0
136990452.0,"Rumble by Hopkins, Ellen (August 26, 2014) Hardcover",4.05,N/A,"Young Adult, Realistic Fiction, LGBT",https://www.goodreads.com/book/show/136990452.0
40551242.0,Summary of Simon vs. the Homo Sapiens Agenda by Becky Albertalli | Summary & Analysis,4.14,N/A,,https://www.goodreads.com/book/show/40551242.0
20759533.0,Rethinking Normal: A Memoir in Transition,3.80,272,"LGBT, Biography, Transgender",https://www.goodreads.com/book/show/20759533.0
6068551.0,Shiver,3.76,392,"Fantasy, Romance, Fiction",https://www.goodreads.com/book/show/6068551.0
40519259.0,Shout,4.24,304,"Mental Health, Contemporary, Feminism",https://www.goodreads.com/book/show/40519259.0
160146150.0,Smoke by Ellen Hopkins (10-Sep-2013) Hardcover,4.33,N/A,"Young Adult, Realistic Fiction, Romance",https://www.goodreads.com/book/show/160146150.0
201114.0,Sold,4.24,268,"Banned Books, Realistic Fiction, Fiction",https://www.goodreads.com/book/show/201114.0
39280444.0,Speak,4.05,224,"Banned Books, Young Adult, Realistic Fiction",https://www.goodreads.com/book/show/39280444.0
122899387.0,Read 180 Stage C Speak Enterprise Edition Audiobook CD Set by Laurie Halse Anderson,0.00,N/A,,https://www.goodreads.com/book/show/122899387.0
34495927.0,Speak: The Graphic Novel,4.38,372,"Graphic Novels, Realistic Fiction, Fiction",https://www.goodreads.com/book/show/34495927.0
22390639.0,Summary & Study Guide The Art of Racing in the Rain by Garth Stein,4.20,53,Audiobook,https://www.goodreads.com/book/show/22390639.0
4981.0,Slaughterhouse-Five,4.10,275,"Science Fiction, Classics, Fiction",https://www.goodreads.com/book/show/4981.0
33163388.0,Spinning,3.89,400,"Graphic Novels, LGBT, Sports",https://www.goodreads.com/book/show/33163388.0
33906.0,Story of a Girl,3.65,192,"Young Adult, Realistic Fiction, Romance",https://www.goodreads.com/book/show/33906.0
41020406.0,The Black Flamingo,4.33,360,"Young Adult, LGBT, Fiction",https://www.goodreads.com/book/show/41020406.0
45294414.0,Study Guide: The Bluest Eye by Toni Morrison,3.50,56,,https://www.goodreads.com/book/show/45294414.0
22571247.0,The Carnival at Bray,3.90,235,"Realistic Fiction, Romance, Fiction",https://www.goodreads.com/book/show/22571247.0
24976555.0,Sidekick - The DUFF: (Designated Ugly Fat Friend) by Kody Keplinger,3.43,56,,https://www.goodreads.com/book/show/24976555.0
214560639.0,"Study Guide: The Freedom Writers Diary by Erin Gruwell, The Freedom Writers",0.00,56,,https://www.goodreads.com/book/show/214560639.0
25812109.0,The Female of the Species,4.14,368,"Young Adult, Mystery, Fiction",https://www.goodreads.com/book/show/25812109.0
57678822.0,The Gentleman's Guide to Vice and Virtue & The Lady's Guide to Petticoats and Piracy By Mackenzi Lee 2 Books Collection Set,3.88,N/A,"Young Adult, LGBT, Historical Fiction",https://www.goodreads.com/book/show/57678822.0
38448.0,The Handmaid's Tale By Margaret Atwood: A Post 16 Study Guide,3.79,40,"Classics, Audiobook",https://www.goodreads.com/book/show/38448.0
20414849.0,Summary & Study Guide The Glass Castle by Jeannette Walls,4.03,46,,https://www.goodreads.com/book/show/20414849.0
40766383.0,The Handmaid's Tale: The Graphic Novel,4.22,240,"Science Fiction, Graphic Novels, Classics",https://www.goodreads.com/book/show/40766383.0
44805980.0,"The Hate U Give by Angie Thomas (Book Analysis): Detailed Summary, Analysis and Reading Guide",4.44,25,,https://www.goodreads.com/book/show/44805980.0
58874675.0,The Honeys,3.79,344,"Mystery, LGBT, Horror",https://www.goodreads.com/book/show/58874675.0
241199018.0,The Midnight Lie by Marie Rutkoski,0.00,N/A,,https://www.goodreads.com/book/show/241199018.0
6449290.0,The Girl Who Fell from the Sky,3.61,264,"Fiction, African American, Historical Fiction",https://www.goodreads.com/book/show/6449290.0
20814047.0,The Fault in Our Stars: by John Green -- Sidekick,4.13,50,Book Club,https://www.goodreads.com/book/show/20814047.0
55751553.0,SUMMARY Of The Invisible Life of Addie LaRue By V. E. Schwab,4.14,N/A,"Fantasy, Audiobook",https://www.goodreads.com/book/show/55751553.0
21060082.0,Summary & Study Guide The Kite Runner by Khaled Hosseini,4.00,64,"Fiction, Contemporary",https://www.goodreads.com/book/show/21060082.0
45011496.0,"The Lovely Bones by Alice Sebold (Book Analysis): Detailed Summary, Analysis and Reading Guide",4.00,24,,https://www.goodreads.com/book/show/45011496.0
35959744.0,"The Teenage Guy's Survival Guide: The Real Deal on Going Out, Growing Up, and Other Guy Stuff",3.93,192,Nonfiction,https://www.goodreads.com/book/show/35959744.0
50846677.0,Study Guide: The Poet X by Elizabeth Acevedo,4.75,47,,https://www.goodreads.com/book/show/50846677.0
20412869.0,Study Guide: The Perks of Being a Wallflower by Stephen Chbosky,3.98,38,Fiction,https://www.goodreads.com/book/show/20412869.0
42975172.0,The Testaments,4.20,422,"Science Fiction, Classics, Fiction",https://www.goodreads.com/book/show/42975172.0
69438589.0,The Truth About Alice: A Novel,3.63,1,"High School, Banned Books, Young Adult",https://www.goodreads.com/book/show/69438589.0
30653853.0,The Upside of Unrequited,3.88,336,"Young Adult, LGBT, Romance",https://www.goodreads.com/book/show/30653853.0
30312837.0,The You I've Never Known,3.94,608,"Young Adult, Realistic Fiction, LGBT",https://www.goodreads.com/book/show/30312837.0
24795284.0,Summary & Study Guide Thirteen Reasons Why by Jay Asher,3.88,52,,https://www.goodreads.com/book/show/24795284.0
42166311.0,Summary of To All The Boys I've Loved Before by Jenny Han: Conversation Starters,4.58,68,,https://www.goodreads.com/book/show/42166311.0
191857789.0,Study Guide: Unravel Me by Tahereh Mafi,0.00,69,,https://www.goodreads.com/book/show/191857789.0
18465566.0,This One Summer,3.69,324,"Graphic Novels, Realistic Fiction, Fiction",https://www.goodreads.com/book/show/18465566.0
23015872.0,Traffick,4.27,505,"Young Adult, Realistic Fiction, LGBT",https://www.goodreads.com/book/show/23015872.0
10858119.0,Water for Elephants by Sara Gruen Summary & Study Guide,3.88,N/A,Fiction,https://www.goodreads.com/book/show/10858119.0
171694050.0,[(Vampire Academy )] [Author: Richelle Mead] [Aug-2008],4.10,N/A,"Fantasy, Urban Fantasy, Romance",https://www.goodreads.com/book/show/171694050.0
204346880.0,"[Wintergirls] [By: Anderson, Laurie Halse] [February, 2010]",0.00,N/A,,https://www.goodreads.com/book/show/204346880.0
29401474.0,What Girls Are Made Of,3.78,200,"Banned Books, Young Adult, Realistic Fiction",https://www.goodreads.com/book/show/29401474.0
23677341.0,We Are the Ants,4.10,455,"Science Fiction, Young Adult, LGBT",https://www.goodreads.com/book/show/23677341.0
170529.0,What My Mother Doesn't Know,3.83,261,"Banned Books, Realistic Fiction, Romance",https://www.goodreads.com/book/show/170529.0
41736961.0,Where I End and You Begin,3.92,304,"Fantasy, Young Adult, LGBT",https://www.goodreads.com/book/show/41736961.0
45447218.0,Summary of Where the Crawdads Sing by Delia Owens,4.11,46,"Fiction, Audiobook",https://www.goodreads.com/book/show/45447218.0
200925440.0,11/22/63: A Novel by Stephen King,4.35,3,"Science Fiction, Fantasy, Horror",https://www.goodreads.com/book/show/200925440.0
43720801.0,¿Quién es Carmen Sandiego?: Who in the World Is Carmen Sandiego?,3.88,227,"Adventure, Middle Grade, Mystery",https://www.goodreads.com/book/show/43720801.0
43562313.0,Yolk,3.94,400,"Romance, Fiction, Mental Health",https://www.goodreads.com/book/show/43562313.0
6623446.0,13 Artists Children Should Know,4.24,48,"Juvenile, Picture Books, Childrens",https://www.goodreads.com/book/show/6623446.0
11236475.0,50 Contemporary Artists You Should Know,3.64,160,"Art, Nonfiction",https://www.goodreads.com/book/show/11236475.0
54184120.0,Study Guide: A Breath of Snow and Ashes by Diana Gabaldon,3.60,136,,https://www.goodreads.com/book/show/54184120.0
18607157.0,A Blind Spot for Boys,3.63,336,"Young Adult, Travel, Realistic Fiction",https://www.goodreads.com/book/show/18607157.0
7806930.0,1900-10 New Ways of Seeing,3.00,32,,https://www.goodreads.com/book/show/7806930.0
75593749.0,8 Tiny Reindeer: An Advent Calendar Adventure,3.96,168,Graphic Novels,https://www.goodreads.com/book/show/75593749.0
41005580.0,A Cave in the Clouds: A Young Woman's Escape from ISIS,4.17,248,"Biography, War, Memoir",https://www.goodreads.com/book/show/41005580.0
176530098.0,A Game of Noctis,4.03,317,"Fantasy, Adventure, Middle Grade",https://www.goodreads.com/book/show/176530098.0
193670076.0,Study Guide: A Curse So Dark and Lonely by Brigid Kemmerer,4.50,84,,https://www.goodreads.com/book/show/193670076.0
53185340.0,A Clash of Steel: A Treasure Island Remix,3.99,425,"Fantasy, Lesbian, Retellings",https://www.goodreads.com/book/show/53185340.0
30653731.0,A Boy Called Bat,4.05,208,"Middle Grade, Realistic Fiction, Childrens",https://www.goodreads.com/book/show/30653731.0
3682.0,A Great and Terrible Beauty,3.80,403,"Fantasy, Romance, Fiction",https://www.goodreads.com/book/show/3682.0
29451548.0,A Girl Like That,3.67,378,"Young Adult, Realistic Fiction, Romance",https://www.goodreads.com/book/show/29451548.0
13496.0,A Game of Thrones,4.45,835,"Fantasy, Adult, Fiction",https://www.goodreads.com/book/show/13496.0
63848532.0,Study Guide: A Heart in a Body in the World by Deb Caletti,0.00,N/A,,https://www.goodreads.com/book/show/63848532.0
42952728.0,A Heart So Fierce and Broken,3.88,450,"Fantasy, Retellings, Romance",https://www.goodreads.com/book/show/42952728.0
127102075.0,A History of Western Art: From Prehistory to the 20th Century (Hardback) - Common,4.50,128,"Art, Nonfiction",https://www.goodreads.com/book/show/127102075.0
167690846.0,"[ A Midsummer Tights Dream ] By Rennison, Louise ( Author ) [ 2012 ) [ Hardcover ]",4.00,N/A,,https://www.goodreads.com/book/show/167690846.0
251322.0,A Pocket Dictionary of Greek and Roman Gods and Goddesses,3.57,48,"Reference, Nonfiction, Greek Mythology",https://www.goodreads.com/book/show/251322.0
18079501.0,"A Mad, Wicked Folly",3.84,431,"Romance, Fiction, Historical",https://www.goodreads.com/book/show/18079501.0
31368108.0,Summary of A Stolen Life: by Jaycee Dugard | Includes Analysis,3.25,23,,https://www.goodreads.com/book/show/31368108.0
129678653.0,"A PAIR OF SOCKS By Murphy, Stuart J. (Author) Paperback on 01-Jan-2000",3.69,N/A,"Mathematics, Juvenile, Picture Books",https://www.goodreads.com/book/show/129678653.0
576351.0,A Maze Me: Poems for Girls,3.85,118,"Middle Grade, Childrens, School",https://www.goodreads.com/book/show/576351.0
146096723.0,"Ember Quartet Series Collection Four-Book set [An Ember in the Ashes, A Torch Against the Night, A Reaper at the Gates, A Sky Beyond the Storm] By Sabaa Tahir",4.40,2004,"Romance, Fantasy",https://www.goodreads.com/book/show/146096723.0
62291.0,A Storm of Swords,4.55,1177,"Fantasy, Adult, Fiction",https://www.goodreads.com/book/show/62291.0
14352331.0,A Tour of Your Digestive System,4.11,24,"Graphic Novels, Childrens, Food",https://www.goodreads.com/book/show/14352331.0
61418402.0,Accountable: The True Story of a Racist Social Media Account and the Teenagers Whose Lives It Changed,4.23,480,"True Crime, Social Media, Race",https://www.goodreads.com/book/show/61418402.0
12150875.0,A Strange Wilderness: The Lives of the Great Mathematicians,3.67,284,"Mathematics, Biography, History",https://www.goodreads.com/book/show/12150875.0
53138253.0,A Vow So Bold and Deadly,3.78,408,"Fantasy, Retellings, Romance",https://www.goodreads.com/book/show/53138253.0
31158830.0,A Warp in Time,4.09,N/A,"Science Fiction, Adventure, Fantasy",https://www.goodreads.com/book/show/31158830.0
135046427.0,"Age of Bronze, Vol. 1: A Thousand Ships by Eric Shanower",3.92,N/A,"Fantasy, Graphic Novels, Classics",https://www.goodreads.com/book/show/135046427.0
37535461.0,Aftercare Instructions,3.86,301,"Young Adult, Realistic Fiction, Mental Health",https://www.goodreads.com/book/show/37535461.0
213075405.0,A Torch Against the Night,4.22,460,"Fantasy, Romance, Fiction",https://www.goodreads.com/book/show/213075405.0
24849026.0,All In,4.34,378,"Mystery, Romance, Fiction",https://www.goodreads.com/book/show/24849026.0
2110336.0,"Alive: The Final Evolution, Volume 4",4.08,224,"Science Fiction, Supernatural, Manga",https://www.goodreads.com/book/show/2110336.0
40177227.0,All of Us with Wings,3.28,360,"Fantasy, Magical Realism, LGBT",https://www.goodreads.com/book/show/40177227.0
38823528.0,Summary of All the Bright Places by Jennifer Niven: Conversation Starters,4.33,70,,https://www.goodreads.com/book/show/38823528.0
30037870.0,Allegedly,4.02,390,"Young Adult, Mystery, Fiction",https://www.goodreads.com/book/show/30037870.0
35122220.0,Always Forever Maybe,3.35,256,"Young Adult, Realistic Fiction, Romance",https://www.goodreads.com/book/show/35122220.0
136650124.0,[(Amelia Earhart: Legendary Aviator * * )] [Author: Jameson Anderson] [Oct-2006],3.87,N/A,"History, Graphic Novels, Biography",https://www.goodreads.com/book/show/136650124.0
123674581.0,Study Guide: Amari and the Night Brothers by B. B. Alston,5.00,83,,https://www.goodreads.com/book/show/123674581.0
235140383.0,"Always and Forever, Lara Jean by Jenny Han",3.99,N/A,"Young Adult, Young Adult Romance, Romance",https://www.goodreads.com/book/show/235140383.0
40274582.0,American Spy,3.49,292,"Mystery, Fiction, Africa",https://www.goodreads.com/book/show/40274582.0
25111012.0,Amazing Fantastic Incredible: A Marvelous Memoir,3.99,192,"Graphic Novels, Biography, Comics",https://www.goodreads.com/book/show/25111012.0
142422052.0,"Among the Hidden (06) by Haddix, Margaret Peterson [Paperback (2006)]",4.13,N/A,,https://www.goodreads.com/book/show/142422052.0
39508624.0,Encyclopedia of Art for Young People: Ancient and Classical Art,4.00,N/A,,https://www.goodreads.com/book/show/39508624.0
3851348.0,Among the Imposters,4.06,172,"Science Fiction, Fantasy, Middle Grade",https://www.goodreads.com/book/show/3851348.0
206159245.0,"Among the Betrayed by Haddix, Margaret Peterson [Perfection Learning, 2003] Hardcover [Hardcover]",0.00,N/A,,https://www.goodreads.com/book/show/206159245.0
14313383.0,Ancient Egyptian Art and Architecture,5.00,128,Egyptology,https://www.goodreads.com/book/show/14313383.0
129563628.0,Ancient Greek Art and Architecture,0.00,128,,https://www.goodreads.com/book/show/129563628.0
150622806.0,Study Guide: An Ember in the Ashes by Sabaa Tahir,0.00,82,,https://www.goodreads.com/book/show/150622806.0
214265717.0,Ancient Greece and Rome: Myths and Beliefs (World Mythologies (Rosen)) by Tony Allan,0.00,N/A,,https://www.goodreads.com/book/show/214265717.0
14943177.0,Ancient Roman Art and Architecture,3.00,128,,https://www.goodreads.com/book/show/14943177.0
2832909.0,An Echo in the Bone,4.44,820,"Fantasy, Romance, Time Travel",https://www.goodreads.com/book/show/2832909.0
1464350.0,Ancient Medicine: From Sorcery to Surgery,3.50,88,"History, Nonfiction",https://www.goodreads.com/book/show/1464350.0
198140530.0,[(Image Machine: Andy Warhol and Photography )] [Author: Joseph D. Ketner II] [Jan-2013],0.00,N/A,,https://www.goodreads.com/book/show/198140530.0
135144655.0,"Fabbity-Fab! A Big Box of Georgia (Confessions of Georgia Nicolson)- On the Bright Side, I'm Now the Girlfriend of a Sex God / Knocked Out by My Nunga-Nungas / Angus, Thongs and Full-Frontal Snogging by Louise Rennison",4.27,N/A,"Humor, Young Adult",https://www.goodreads.com/book/show/135144655.0
432548.0,Animals in Camouflage,3.94,32,"Science, Nonfiction, Picture Books",https://www.goodreads.com/book/show/432548.0
57589009.0,Animation and Presentation from Scratch: 4D an Augmented Reading Experience,5.00,48,,https://www.goodreads.com/book/show/57589009.0
208463446.0,And I Darken by Kiersten White,0.00,N/A,,https://www.goodreads.com/book/show/208463446.0
13152.0,The Angel Experiment,4.07,445,"Science Fiction, Fantasy, Adventure",https://www.goodreads.com/book/show/13152.0
59461869.0,"Aristotle and Dante Discover the Secrets of the Universe, The Inexplicable Logic of My Life, Aristotle and Dante Dive Into the Waters of the World By Benjamin Alire Sáenz 3 Books Collection Set",4.56,1376,,https://www.goodreads.com/book/show/59461869.0
52645.0,Art Deco: 1910-1939,4.19,464,"Crafts, Art, Art History",https://www.goodreads.com/book/show/52645.0
8559029.0,"Art: From Cave Painting to Street Art- 40,000 Years of Creativity",4.57,576,"Art, Reference",https://www.goodreads.com/book/show/8559029.0
220002362.0,"[Arcady's Goal] [By: Yelchin, Eugene] [October, 2014]",0.00,N/A,,https://www.goodreads.com/book/show/220002362.0
135586577.0,Are These My Basoomas I See Before Me?': Fab Final Confessions of Georgia Nicolson. Louise Rennison,4.20,288,"Humor, Chick Lit, Romance",https://www.goodreads.com/book/show/135586577.0
756378.0,Art Nouveau,4.06,240,"Art, Nonfiction",https://www.goodreads.com/book/show/756378.0
166468714.0,Asian Art Now by Melissa Chiu,0.00,N/A,,https://www.goodreads.com/book/show/166468714.0
167708154.0,At Work: Twenty-five Contemporary Chinese Artists by Jon Burris,0.00,N/A,,https://www.goodreads.com/book/show/167708154.0
29658464.0,Attack on Titan: End of the World,3.79,380,Manga,https://www.goodreads.com/book/show/29658464.0
25255576.0,Asking For It,4.00,346,"Young Adult, Realistic Fiction, Mental Health",https://www.goodreads.com/book/show/25255576.0
23266647.0,Ask Me How I Got Here,3.18,240,"Young Adult, Realistic Fiction, LGBT",https://www.goodreads.com/book/show/23266647.0
1995262.0,Baby Girl,4.18,240,"Young Adult, Realistic Fiction, Fiction",https://www.goodreads.com/book/show/1995262.0
8652190.0,Awakened,4.00,290,"Fantasy, Supernatural, Romance",https://www.goodreads.com/book/show/8652190.0
18324047.0,進撃の巨人 Before the Fall [Shingeki no Kyojin: Before the Fall 1],4.19,290,"Fantasy, Manga, Horror",https://www.goodreads.com/book/show/18324047.0
153807069.0,"Bad Deal by Korman, Susan J. [Lerner Classroom, 2011] Library Binding [Library Binding]",5.00,N/A,,https://www.goodreads.com/book/show/153807069.0
127381994.0,"Away Laughing on a Fast Camel: Even More Confessions of Georgia Nicolson by Rennison, Louise [Perfection Learning, 2005] Hardcover [Hardcover]",4.05,N/A,"Humor, Chick Lit, Romance",https://www.goodreads.com/book/show/127381994.0
59365293.0,Bad Things Happen Here,3.19,338,"Young Adult, LGBT, Mystery",https://www.goodreads.com/book/show/59365293.0
25332025.0,Bad Kitty Goes to the Vet,4.24,144,"Humor, Graphic Novels, Childrens",https://www.goodreads.com/book/show/25332025.0
25260066.0,Attack on Titan: Colossal Edition 2,4.62,944,"Fantasy, Manga, Graphic Novels",https://www.goodreads.com/book/show/25260066.0
14762463.0,Bajo la misma estrella,4.12,304,"Young Adult, Realistic Fiction, Romance",https://www.goodreads.com/book/show/14762463.0
35128563.0,Belly Up,3.71,352,"Young Adult, Realistic Fiction, LGBT",https://www.goodreads.com/book/show/35128563.0
44495146.0,Being Transgender in America,4.00,112,LGBT,https://www.goodreads.com/book/show/44495146.0
132169640.0,Bag of Bones by Stephen King 1998,3.92,N/A,"Fantasy, Mystery, Horror",https://www.goodreads.com/book/show/132169640.0
55780548.0,Bad Girls Never Say Die,3.68,304,"Retellings, Mystery, Romance",https://www.goodreads.com/book/show/55780548.0
19510835.0,Summary & Study Guide Betrayed by P. C. Cast,3.43,37,,https://www.goodreads.com/book/show/19510835.0
58754006.0,Summary Billy Summers by Stephen King,4.18,N/A,,https://www.goodreads.com/book/show/58754006.0
8266372.0,Benedict Arnold: American Hero and Traitor,3.65,32,"Nonfiction, American Revolution, Graphic Novels",https://www.goodreads.com/book/show/8266372.0
51942425.0,"Black Brother, Black Brother",4.17,240,"Middle Grade, Realistic Fiction, Fiction",https://www.goodreads.com/book/show/51942425.0
91207.0,Better Than Running at Night,3.72,272,"Young Adult, Realistic Fiction, Art",https://www.goodreads.com/book/show/91207.0
34448985.0,Blood of a Thousand Stars,3.50,359,"Science Fiction, Fantasy, Adventure",https://www.goodreads.com/book/show/34448985.0
861539.0,Blood Beast,4.13,261,"Fantasy, Supernatural, Horror",https://www.goodreads.com/book/show/861539.0
35540804.0,Blood Water Paint,4.15,298,"Art, Fiction, Historical",https://www.goodreads.com/book/show/35540804.0
166506027.0,"Benito Runs by Fontes, Justine [Lerner Classroom, 2011] Library Binding [Library Binding]",3.93,N/A,"War, Fiction, Young Adult",https://www.goodreads.com/book/show/166506027.0
872333.0,Blue Bloods,3.70,302,"Fantasy, Urban Fantasy, Romance",https://www.goodreads.com/book/show/872333.0
1611127.0,Black-Eyed Suzie,4.17,176,"Psychology, Mental Illness, Realistic Fiction",https://www.goodreads.com/book/show/1611127.0
40550366.0,Blood & Honey,3.51,536,"Fantasy, Romance, Romantasy",https://www.goodreads.com/book/show/40550366.0
11476163.0,Blue Bloods: The Graphic Novel,3.94,112,"Fantasy, Graphic Novels, Manga",https://www.goodreads.com/book/show/11476163.0
50187900.0,Body and Mind: Lgbtq Health Issues,0.00,96,,https://www.goodreads.com/book/show/50187900.0
55333940.0,Bodies Are Cool,4.58,32,"Picture Books, LGBT, Childrens",https://www.goodreads.com/book/show/55333940.0
59199787.0,Body Image and Dysmorphia,5.00,N/A,,https://www.goodreads.com/book/show/59199787.0
5996153.0,Blood Promise,4.30,503,"Fantasy, Urban Fantasy, Romance",https://www.goodreads.com/book/show/5996153.0
212542066.0,Booker T. Washington: Gran educador norteamericano (Biografias Graficas) (Spanish Edition) by Eric Braun,0.00,N/A,,https://www.goodreads.com/book/show/212542066.0
55276659.0,Both Can Be True,4.03,368,"Middle Grade, Young Adult, LGBT",https://www.goodreads.com/book/show/55276659.0
35506053.0,Summary: Born a Crime: Stories from a South African Childhood by Trevor Noah,3.70,37,,https://www.goodreads.com/book/show/35506053.0
211255110.0,Bradley Fighting Vehicles (Military Vehicles) by John Hamilton,0.00,N/A,,https://www.goodreads.com/book/show/211255110.0
28382276.0,Summary & Study Guide Breaking Dawn by Stephenie Meyer,0.00,71,,https://www.goodreads.com/book/show/28382276.0
167923004.0,"P.C.Cast & Kristien Cast Three Book Set; Burned, Awakened, Hunted. 3 House of Night Novels",4.43,N/A,,https://www.goodreads.com/book/show/167923004.0
23719239.0,"Breakthrough!: How Three People Saved ""Blue Babies"" and Changed Medicine Forever",4.00,144,"Middle Grade, Historical, Medicine",https://www.goodreads.com/book/show/23719239.0
389535.0,Breathing Underwater,3.89,263,"Young Adult, Realistic Fiction, Romance",https://www.goodreads.com/book/show/389535.0
55277082.0,Camp,3.95,416,"Young Adult, LGBT, Romance",https://www.goodreads.com/book/show/55277082.0
205621439.0,The Saga of Larten Crepsley (Birth of a Killer / Ocean of Blood / Palace of the Damned / Brother to the Death) by Darren Shan,0.00,N/A,,https://www.goodreads.com/book/show/205621439.0
13414871.0,Call the Shots,3.97,352,"Humor, Young Adult, Realistic Fiction",https://www.goodreads.com/book/show/13414871.0
22817368.0,Bright We Burn,4.28,378,"Fantasy, Romance, Fiction",https://www.goodreads.com/book/show/22817368.0
20597044.0,"Book Review: Catching Fire, by Suzanne Collins",4.45,40,,https://www.goodreads.com/book/show/20597044.0
10592.0,Carrie,3.99,272,"Fantasy, Supernatural, Classics",https://www.goodreads.com/book/show/10592.0
43208670.0,Cells to Organ Systems,3.54,N/A,Science,https://www.goodreads.com/book/show/43208670.0
127656530.0,"Calling the Doves/El canto de las palomas by Herrera, Juan Felipe (2001) Paperback",4.13,N/A,"Spanish Literature, Picture Books, Childrens",https://www.goodreads.com/book/show/127656530.0
150358845.0,Cesar Chavez: Fighting for Farmworkers (Graphic Biographies) by Eric Braun,0.00,N/A,,https://www.goodreads.com/book/show/150358845.0
29749098.0,Catwoman: Soulstealer,4.06,384,"Superheroes, Fantasy, Retellings",https://www.goodreads.com/book/show/29749098.0
29464439.0,Chihuly: On Fire,4.31,212,,https://www.goodreads.com/book/show/29464439.0
18075234.0,Challenger Deep,4.14,320,"Mental Illness, Young Adult, Realistic Fiction",https://www.goodreads.com/book/show/18075234.0
1054994.0,Children Who Kill: Profiles of Pre-Teen and Teenage Killers,3.73,383,"Psychology, Ebooks, True Crime",https://www.goodreads.com/book/show/1054994.0
10629.0,Christine,3.86,360,"Fantasy, Supernatural, Mystery",https://www.goodreads.com/book/show/10629.0
6556855.0,Chasing Brooklyn,4.08,412,"Young Adult, Romance, Fiction",https://www.goodreads.com/book/show/6556855.0
34640582.0,City of Stone and Silence,4.01,368,"Fantasy, Lesbian, LGBT",https://www.goodreads.com/book/show/34640582.0
21495416.0,Ciudades de papel,3.70,366,"Young Adult, Realistic Fiction, Mystery",https://www.goodreads.com/book/show/21495416.0
8755785.0,City of Heavenly Fire,4.38,725,"Fantasy, Urban Fantasy, Romance",https://www.goodreads.com/book/show/8755785.0
54896929.0,"Cirque Du Freak: The Manga: Omnibus Edition, Vol. 1",4.43,404,"Fantasy, Manga",https://www.goodreads.com/book/show/54896929.0
7171637.0,Clockwork Angel,4.31,479,"Fantasy, Romance, Fiction",https://www.goodreads.com/book/show/7171637.0
1703147.0,Chinese Mythology A to Z,3.72,N/A,"Nonfiction, China, Mythology",https://www.goodreads.com/book/show/1703147.0
18335634.0,Clockwork Princess,4.55,567,"Fantasy, Urban Fantasy, Romance",https://www.goodreads.com/book/show/18335634.0
280223.0,Classical Art: From Greece to Rome,4.08,298,"Classics, Art, Art History",https://www.goodreads.com/book/show/280223.0
208251796.0,The Mortal Instruments 2: City of Ashes by Cassandra Clare,3.50,N/A,,https://www.goodreads.com/book/show/208251796.0
144180021.0,Grandpa's Cloudy With a Chance of Meatballs Cookbook,3.60,N/A,"Cookbooks, Picture Books, Cooking",https://www.goodreads.com/book/show/144180021.0
35757260.0,Coding in Scratch for Beginners: 4D An Augmented Reality Experience (Junior Makers 4D),2.83,48,,https://www.goodreads.com/book/show/35757260.0
29738890.0,Cometas en el cielo de Khaled Hosseini (Guía de lectura): Resumen y análisis completo,4.21,26,,https://www.goodreads.com/book/show/29738890.0
18667792.0,Conversion,3.30,402,"Fantasy, Young Adult, Mystery",https://www.goodreads.com/book/show/18667792.0
158022392.0,"A Dictionary of Modern and Contemporary Art (Oxford Paperback Reference) 2nd (second) Edition by Chilvers, Ian, Glaves-Smith, John published by Oxford University Press, USA",0.00,N/A,,https://www.goodreads.com/book/show/158022392.0
49909479.0,"A Clockwork Orange by Anthony Burgess (Book Analysis): Detailed Summary, Analysis and Reading Guide",4.50,27,,https://www.goodreads.com/book/show/49909479.0
12437190.0,Crank by Ellen Hopkins l Summary & Study Guide,4.60,N/A,,https://www.goodreads.com/book/show/12437190.0
33358263.0,Corona cruel,3.60,204,"Fantasy, Romance, Fiction",https://www.goodreads.com/book/show/33358263.0
218920816.0,Cougars (Military Vehicles) by John Hamilton,0.00,N/A,,https://www.goodreads.com/book/show/218920816.0
557907.0,Cubism,4.50,128,,https://www.goodreads.com/book/show/557907.0
25944381.0,Cruel Crown,3.60,207,"Fantasy, Romance, Fiction",https://www.goodreads.com/book/show/25944381.0
16191297.0,Dance Team,3.94,104,,https://www.goodreads.com/book/show/16191297.0
24595372.0,Dance of Fire,3.85,336,"Fantasy, Mystery, Romance",https://www.goodreads.com/book/show/24595372.0
45288357.0,Dealing with Sexual Harassment,0.00,N/A,,https://www.goodreads.com/book/show/45288357.0
130228293.0,"Dancing in My Nuddy-Pants: Even Further Confessions of Georgia Nicolson by Rennison, Louise [HarperTeen, 2006] Paperback [Paperback]",4.01,N/A,"Humor, Chick Lit, Romance",https://www.goodreads.com/book/show/130228293.0
144258144.0,"[ CRUSHED By Shepard, Sara ( Author ) Hardcover Jun-04-2013",3.00,N/A,,https://www.goodreads.com/book/show/144258144.0
171543011.0,Cujo (1981) Stephen King 1st Print Hardback,4.19,N/A,Horror,https://www.goodreads.com/book/show/171543011.0
97409068.0,Dealing with Teen Pregnancy,0.00,112,,https://www.goodreads.com/book/show/97409068.0
144269312.0,The Snake Pit (Deadly Class) by Rick Remender,0.00,N/A,,https://www.goodreads.com/book/show/144269312.0
43661348.0,Deadly Little Scandals,4.04,352,"Young Adult, Mystery, Romance",https://www.goodreads.com/book/show/43661348.0
63930446.0,Study Guide: Dear Justyce by Nic Stone,4.00,N/A,,https://www.goodreads.com/book/show/63930446.0
58768920.0,Study Guide: Dear Martin by Nic Stone,0.00,65,,https://www.goodreads.com/book/show/58768920.0
22846823.0,Defending Taylor,3.78,304,"High School, Young Adult, Realistic Fiction",https://www.goodreads.com/book/show/22846823.0
2169313.0,Death's Shadow,4.19,237,"Fantasy, Supernatural, Horror",https://www.goodreads.com/book/show/2169313.0
6949517.0,"Death Note: L, Change the WorLd",4.16,188,"Fantasy, Manga, Mystery",https://www.goodreads.com/book/show/6949517.0
28094689.0,Different Seasons: Four Novellas,4.36,687,"Fantasy, Mystery, Horror",https://www.goodreads.com/book/show/28094689.0
14952858.0,Diego Rivera: An Artist for the People,3.68,56,"Picture Books, Childrens, Biography",https://www.goodreads.com/book/show/14952858.0
40714769.0,Dig,4.15,394,"Magical Realism, Fantasy, Young Adult",https://www.goodreads.com/book/show/40714769.0
196765924.0,"[ [ [ Demon Apocalypse[ DEMON APOCALYPSE ] By Shan, Darren ( Author )May-01-2009 Paperback",0.00,N/A,,https://www.goodreads.com/book/show/196765924.0
216879764.0,Dime by E. R. Frank,0.00,N/A,,https://www.goodreads.com/book/show/216879764.0
10584.0,Desperation,3.86,547,"Fantasy, Supernatural, Horror",https://www.goodreads.com/book/show/10584.0
7933617.0,Destined,4.03,325,"Fantasy, Supernatural, Romance",https://www.goodreads.com/book/show/7933617.0
53180078.0,Don't Tell a Soul,3.77,384,"Mystery, Horror, Contemporary",https://www.goodreads.com/book/show/53180078.0
61468649.0,Donald Trump,2.60,24,"Politics, Biography",https://www.goodreads.com/book/show/61468649.0
212497253.0,Dumile Feni: The Story of a Great Artist by Prince Mbusi Dube,0.00,N/A,,https://www.goodreads.com/book/show/212497253.0
16130549.0,Doctor Sleep,4.13,531,"Fantasy, Supernatural, Horror",https://www.goodreads.com/book/show/16130549.0
41219774.0,Look! Dr. Buenavista,4.33,44,,https://www.goodreads.com/book/show/41219774.0
11391817.0,Drawing from Memory,3.99,64,"Graphic Novels, Picture Books, Biography",https://www.goodreads.com/book/show/11391817.0
12230163.0,Summary & Study Guide Drums of Autumn by Diana Gabaldon,4.58,65,,https://www.goodreads.com/book/show/12230163.0
33955747.0,El abismo,4.14,402,"Mental Illness, Young Adult, Realistic Fiction",https://www.goodreads.com/book/show/33955747.0
7267544.0,El diario completamente verídico de un indio a tiempo parcial,4.06,264,"Banned Books, Humor, Young Adult",https://www.goodreads.com/book/show/7267544.0
13824915.0,El Gusano de Tequila,3.85,310,"Cultural, Realistic Fiction, Latinx",https://www.goodreads.com/book/show/13824915.0
55693477.0,El cocodrilo que vino a cenar,4.07,32,"Humor, Picture Books, Childrens",https://www.goodreads.com/book/show/55693477.0
22517562.0,El teorema Katherine,3.51,316,"Young Adult, Realistic Fiction, Romance",https://www.goodreads.com/book/show/22517562.0
6359384.0,El libro salvaje,4.26,239,"Fantasy, Books About Books, Magical Realism",https://www.goodreads.com/book/show/6359384.0
95913.0,Elske,3.86,312,"Fantasy, Adventure, Romance",https://www.goodreads.com/book/show/95913.0
33837159.0,Summary: End of Watch by Stephen King,3.40,35,,https://www.goodreads.com/book/show/33837159.0
6280454.0,Emeraldalicious: A Springtime Book For Kids – A Rhyming Pinkalicious Tale About Magical Transformation in the Park for Children,3.60,32,"Fantasy, Picture Books, Childrens",https://www.goodreads.com/book/show/6280454.0
157532565.0,Eon: Dragoneye Reborn,3.96,N/A,"Fantasy, Dragons, Fiction",https://www.goodreads.com/book/show/157532565.0
428263.0,Eclipse,3.74,629,"Fantasy, Romance, Fiction",https://www.goodreads.com/book/show/428263.0
146173449.0,"European Architecture in Details by Braun Publishing. (Braun Publish,Csi,2011) [Hardcover]",4.33,N/A,Architecture,https://www.goodreads.com/book/show/146173449.0
22447220.0,Ensnared,4.17,420,"Fantasy, Retellings, Romance",https://www.goodreads.com/book/show/22447220.0
49690475.0,Every Body Looking,3.78,416,"Young Adult, Realistic Fiction, LGBT",https://www.goodreads.com/book/show/49690475.0
49334863.0,Ever After,3.08,288,"Fantasy, Graphic Novels, Horror",https://www.goodreads.com/book/show/49334863.0
28374370.0,Every Hidden Thing,3.50,368,"Adventure, Romance, Fiction",https://www.goodreads.com/book/show/28374370.0
8267073.0,El último héroe del Olimpo,4.55,346,"Fantasy, Adventure, Middle Grade",https://www.goodreads.com/book/show/8267073.0
15296839.0,Everybody Paints! The Lives and Art of the Wyeth Family,4.15,105,"Childrens, Biography, Art",https://www.goodreads.com/book/show/15296839.0
28503699.0,Everyone We've Been,3.58,400,"Science Fiction, Young Adult, Mystery",https://www.goodreads.com/book/show/28503699.0
129753906.0,Everything's Eventual: 14 Dark Tales by Stephen King [Hardcover Book in Russian],3.97,N/A,"Fantasy, Horror, Fiction",https://www.goodreads.com/book/show/129753906.0
24663677.0,A 15-minute Summary & Analysis Everything I Never Told You by Celeste Ng,3.69,23,Fiction,https://www.goodreads.com/book/show/24663677.0
1881084.0,"Fabulous Creatures, Mythical Monsters, and Animal Power Symbols: A Handbook",3.53,181,"Nonfiction, Mythology, Research",https://www.goodreads.com/book/show/1881084.0
19365546.0,Summary & Study Guide Fallout by Ellen Hopkins,4.67,31,,https://www.goodreads.com/book/show/19365546.0
3657138.0,Fade,3.91,248,"Fantasy, Supernatural, Mystery",https://www.goodreads.com/book/show/3657138.0
20894023.0,Famous Last Words,4.14,312,"Mystery, Horror, Romance",https://www.goodreads.com/book/show/20894023.0
52728774.0,Fadeaway,3.87,393,"Realistic Fiction, Mystery, Contemporary",https://www.goodreads.com/book/show/52728774.0
1256983.0,Falling Through Darkness,3.36,151,"Romance, Contemporary, Young Adult",https://www.goodreads.com/book/show/1256983.0
93602405.0,Study Guide: Felix Ever After by Kacen Callender,1.00,56,,https://www.goodreads.com/book/show/93602405.0
31556153.0,Feral Youth,3.52,310,"Retellings, Young Adult, LGBT",https://www.goodreads.com/book/show/31556153.0
25785693.0,Far from the Tree: How Children and Their Parents Learn to Accept One Another . . . Our Differences Unite Us,4.27,464,"Psychology, Sociology, Nonfiction",https://www.goodreads.com/book/show/25785693.0
55144174.0,Fifteen Hundred Miles from the Sun,4.14,354,"Young Adult, LGBT, Romance",https://www.goodreads.com/book/show/55144174.0
43601774.0,Field Notes on Love,3.80,271,"Young Adult, Travel, Young Adult Romance",https://www.goodreads.com/book/show/43601774.0
52637391.0,Finding Your Identity,0.00,112,,https://www.goodreads.com/book/show/52637391.0
3121187.0,Folk and Fairy Tales: A Handbook,3.83,280,"Reference, Literary Criticism, Folklore",https://www.goodreads.com/book/show/3121187.0
39643985.0,Flawed,3.77,88,"Adult, Graphic Novels, Graphic Novels Comics",https://www.goodreads.com/book/show/39643985.0
7023788.0,Fire in the Sky,4.18,272,"Fantasy, Adventure, Middle Grade",https://www.goodreads.com/book/show/7023788.0
26489905.0,Forests of the Night,4.04,207,,https://www.goodreads.com/book/show/26489905.0
5986471.0,"Food, Girls, and Other Things I Can't Have",3.75,320,"Humor, Realistic Fiction, Fiction",https://www.goodreads.com/book/show/5986471.0
24707533.0,Summary & Study Guide Forever…by Judy Blume,2.75,39,,https://www.goodreads.com/book/show/24707533.0
42595554.0,Foul Is Fair,3.70,336,"Retellings, Young Adult, Mystery",https://www.goodreads.com/book/show/42595554.0
46120865.0,Summary & Study Guide Frostbite by Richelle Mead,0.00,33,,https://www.goodreads.com/book/show/46120865.0
135071752.0,"Flawless[ FLAWLESS ] by Shepard, Sara (Author) Feb-19-08[ Paperback ]",3.87,N/A,"Young Adult, Chick Lit, Mystery",https://www.goodreads.com/book/show/135071752.0
204460256.0,"[Full Dark, No Stars] [By: King, Stephen] [May, 2011]",0.00,N/A,,https://www.goodreads.com/book/show/204460256.0
50187910.0,Gender Fulfilled: Being Transgender,4.00,96,,https://www.goodreads.com/book/show/50187910.0
20702546.0,"Gabi, a Girl in Pieces",3.95,284,"Young Adult, Realistic Fiction, LGBT",https://www.goodreads.com/book/show/20702546.0
40864849.0,Forward Me Back to You,4.03,432,"Young Adult, Realistic Fiction, Travel",https://www.goodreads.com/book/show/40864849.0
15790833.0,Game,4.22,520,"Mystery, Horror, Fiction",https://www.goodreads.com/book/show/15790833.0
132749825.0,Gerald's Game Stephen King 1st edition 1st print !,3.59,N/A,"Mystery, Horror, Horror Thriller",https://www.goodreads.com/book/show/132749825.0
228784237.0,"(Girl in Translation) [By: Kwok, Jean] [Jun, 2011]",3.99,N/A,"Young Adult, Fiction, China",https://www.goodreads.com/book/show/228784237.0
53169156.0,"Gabi, fragmentos de una adolescente",3.95,288,"Young Adult, Realistic Fiction, LGBT",https://www.goodreads.com/book/show/53169156.0
501837.0,Girl Stays in the Picture,3.79,432,"Young Adult, Chick Lit, Young Adult Romance",https://www.goodreads.com/book/show/501837.0
241376602.0,Girls of Paper and Fire by Natasha Ngan,0.00,N/A,,https://www.goodreads.com/book/show/241376602.0
44204752.0,Girls with Razor Hearts,3.80,390,"Science Fiction, Fiction, Thriller",https://www.goodreads.com/book/show/44204752.0
51313681.0,Girls with Rebel Souls,3.71,320,"Science Fiction, Fantasy, Fiction",https://www.goodreads.com/book/show/51313681.0
133825.0,Girls on Film,3.64,250,"High School, Young Adult, Chick Lit",https://www.goodreads.com/book/show/133825.0
32278943.0,Escarabajos Goliat / Goliath Beetles,4.50,24,,https://www.goodreads.com/book/show/32278943.0
58484148.0,Godslayers,3.90,416,"Science Fiction, Lesbian, Fantasy",https://www.goodreads.com/book/show/58484148.0
36442895.0,Girls with Sharp Sticks,3.94,400,"Science Fiction, Mystery, Fiction",https://www.goodreads.com/book/show/36442895.0
148943007.0,[(Greek Mythology for Beginners)] [Author: Joe Lee] published on,2.00,N/A,,https://www.goodreads.com/book/show/148943007.0
302145.0,Greek and Roman Mythology,3.58,112,"History, Nonfiction, Mythology",https://www.goodreads.com/book/show/302145.0
44495147.0,Growing Up LGBTQ,4.00,112,,https://www.goodreads.com/book/show/44495147.0
8556864.0,Halloween,4.00,1,,https://www.goodreads.com/book/show/8556864.0
59365255.0,Grounded for All Eternity,3.99,384,"Fantasy, Halloween, Middle Grade",https://www.goodreads.com/book/show/59365255.0
196377392.0,Gothic Art (Odysseys in Art) by Jessica Gunderson,3.00,N/A,,https://www.goodreads.com/book/show/196377392.0
49397758.0,Grown,4.24,384,"Young Adult, Mystery, Fiction",https://www.goodreads.com/book/show/49397758.0
2200266.0,Headin' for Better Times: The Arts of the Great Depression,4.00,96,,https://www.goodreads.com/book/show/2200266.0
115067.0,"Haiku U: From Aristotle to Zola, 100 Great Books in 17 Syllables",3.80,112,"Books About Books, Humor, Classics",https://www.goodreads.com/book/show/115067.0
6316171.0,Hate List,4.00,405,"Young Adult, Realistic Fiction, Mental Health",https://www.goodreads.com/book/show/6316171.0
52637395.0,Healthy Romantic Relationships,4.00,112,,https://www.goodreads.com/book/show/52637395.0
123931239.0,Hearts in Atlantis by Stephen King,3.86,N/A,"Fantasy, Mystery, Horror",https://www.goodreads.com/book/show/123931239.0
7165272.0,Hawks,0.00,32,,https://www.goodreads.com/book/show/7165272.0
1236694.0,Helen Keller: Courageous Advocate,4.00,32,"History, Nonfiction, Graphic Novels",https://www.goodreads.com/book/show/1236694.0
128810311.0,Harriet the Spy by Louise Fitzhugh,3.95,N/A,"Middle Grade, Classics, Childrens",https://www.goodreads.com/book/show/128810311.0
76706470.0,Heir of Fire,4.45,576,"Fantasy, Romance, Fiction",https://www.goodreads.com/book/show/76706470.0
17348985.0,Help for the Haunted,3.59,362,"Mystery, Horror, Fiction",https://www.goodreads.com/book/show/17348985.0
75129734.0,Heartless By Shepard Sara,4.02,N/A,"Young Adult, Chick Lit, Mystery",https://www.goodreads.com/book/show/75129734.0
34659293.0,Heretics Anonymous,3.83,329,"Young Adult, Religion, Realistic Fiction",https://www.goodreads.com/book/show/34659293.0
55424906.0,Here's to Us,4.01,448,"Young Adult, LGBT, Romance",https://www.goodreads.com/book/show/55424906.0
147456630.0,Hero by Mike Lupica,4.13,N/A,,https://www.goodreads.com/book/show/147456630.0
213391486.0,"[Hidden Girl: The True Story of a Modern-Day Child Slave] [By: Hall, Shyima] [January, 2014]",3.50,N/A,,https://www.goodreads.com/book/show/213391486.0
11549446.0,"Darren Shan Demonata Collection: Thin Executioner, Demon Thief, Lord Loss, Slawter, Hell's Heroes, Dark Calling, Wolf Island, Death's Shadow And More",4.63,2383,"Fantasy, Childrens, Horror",https://www.goodreads.com/book/show/11549446.0
157440538.0,"Hero on a Bicycle by Hughes, Shirley on 01/11/2012 unknown edition",3.00,N/A,,https://www.goodreads.com/book/show/157440538.0
7933615.0,Hidden,4.00,302,"Fantasy, Supernatural, Romance",https://www.goodreads.com/book/show/7933615.0
166735247.0,"Hider, Seeker, Secret Keeper by Elizabeth Kiem",0.00,N/A,,https://www.goodreads.com/book/show/166735247.0
144102468.0,"Hold Fast by Balliett, Blue (2015) Paperback",0.00,N/A,,https://www.goodreads.com/book/show/144102468.0
22736613.0,Hold Me Closer: The Tiny Cooper Story,3.53,208,"Humor, Plays, Young Adult",https://www.goodreads.com/book/show/22736613.0
60588268.0,"Educated By Tara Westover, Hillbilly Elegy: A Memoir of a Family and Culture in Crisis By J. D. Vance 2 Books Collection Set",4.18,656,"Memoir, Nonfiction, Audiobook",https://www.goodreads.com/book/show/60588268.0
30896134.0,Summary of Homegoing: By Yaa Gyasi - Includes Analysis,4.19,28,,https://www.goodreads.com/book/show/30896134.0
165606822.0,"Hold Me Closer, Necromancer by McBride, Lish [08 May 2012]",3.90,N/A,"Fantasy, Humor, Urban Fantasy",https://www.goodreads.com/book/show/165606822.0
2776278.0,Holes by Louis Sachar: A Novel Teaching Pack,4.38,96,,https://www.goodreads.com/book/show/2776278.0
6515763.0,How Beautiful the Ordinary: Twelve Stories of Identity,3.80,368,"LGBT, Fiction, Contemporary",https://www.goodreads.com/book/show/6515763.0
49690160.0,How It All Blew Up,3.83,271,"Young Adult, LGBT, Romance",https://www.goodreads.com/book/show/49690160.0
127883686.0,Hole in My Life by Jack Gantos,3.77,N/A,"Drugs, Teen, Audiobook",https://www.goodreads.com/book/show/127883686.0
28383390.0,How Not to Disappear,4.09,416,"Young Adult, Mystery, Romance",https://www.goodreads.com/book/show/28383390.0
14592099.0,Humvees,4.00,32,,https://www.goodreads.com/book/show/14592099.0
9147902.0,Human Body: A Book with Guts!,4.27,128,"Biology, Picture Books, Childrens",https://www.goodreads.com/book/show/9147902.0
24941521.0,Husky,3.50,N/A,"Middle Grade, Realistic Fiction, LGBT",https://www.goodreads.com/book/show/24941521.0
29010395.0,I Am Not Your Perfect Mexican Daughter,4.00,344,"Young Adult, Realistic Fiction, Latinx",https://www.goodreads.com/book/show/29010395.0
60758307.0,I Kick and I Fly,4.32,352,"Young Adult, Realistic Fiction, Fiction",https://www.goodreads.com/book/show/60758307.0
4134071.0,Hunted,3.93,336,"Fantasy, Supernatural, Romance",https://www.goodreads.com/book/show/4134071.0
16276843.0,Hooked: When Addiction Hits Home,3.50,128,"Nonfiction, Addiction",https://www.goodreads.com/book/show/16276843.0
20820994.0,I'll Give You the Sun,4.15,371,"Young Adult, Realistic Fiction, LGBT",https://www.goodreads.com/book/show/20820994.0
45046086.0,"I Know Why the Caged Bird Sings by Maya Angelou (Book Analysis): Detailed Summary, Analysis and Reading Guide",3.80,26,,https://www.goodreads.com/book/show/45046086.0
207657335.0,I Was Here by Gayle Forman,3.00,N/A,,https://www.goodreads.com/book/show/207657335.0
33916153.0,I Hate Everyone But You,3.47,344,"Young Adult, Realistic Fiction, LGBT",https://www.goodreads.com/book/show/33916153.0
209364876.0,Study Guide: Ignite Me by Tahereh Mafi,4.00,73,,https://www.goodreads.com/book/show/209364876.0
29751533.0,I Stop Somewhere,3.91,320,"Young Adult, Realistic Fiction, Mystery",https://www.goodreads.com/book/show/29751533.0
161493233.0,If I Stay by Gayle Forman,3.91,N/A,"Young Adult, Realistic Fiction, Romance",https://www.goodreads.com/book/show/161493233.0
30724553.0,Ichi-F: A Worker's Graphic Memoir of the Fukushima Nuclear Power Plant,3.72,536,"Manga, Graphic Novels, Japan",https://www.goodreads.com/book/show/30724553.0
40218122.0,Summary & Study Guide Impulse by Ellen Hopkins,0.00,52,,https://www.goodreads.com/book/show/40218122.0
35396511.0,"If Only: A YA Novel About Adoption, Identity, and How Chance and Choice Shape Two Lives",3.25,288,"Young Adult, Realistic Fiction, Adoption",https://www.goodreads.com/book/show/35396511.0
16150831.0,In the Afterlight,4.23,535,"Science Fiction, Fantasy, Romance",https://www.goodreads.com/book/show/16150831.0
211063824.0,Impressionism (Odysseys in Art) by Jessica Gunderson,0.00,N/A,,https://www.goodreads.com/book/show/211063824.0
171704127.0,"Illusions (Aprilynne Pike) by Pike, Aprilynne (2011) Hardcover",4.10,N/A,"Fantasy, Romance, Fairies",https://www.goodreads.com/book/show/171704127.0
103072.0,In the Belly of the Beast: Letters From Prison,3.56,192,"Psychology, Biography, Memoir",https://www.goodreads.com/book/show/103072.0
200525914.0,"Katio Kadio Inkheart Trilogy Collection (Set of 3 books: Inkheart, Inkspell, Inkdeath) By Cornelia Funke",5.00,N/A,,https://www.goodreads.com/book/show/200525914.0
12642576.0,Inkheart by Cornelia Funke l Summary & Study Guide,4.45,N/A,,https://www.goodreads.com/book/show/12642576.0
28195.0,Inkspell,3.95,635,"Fantasy, Adventure, Middle Grade",https://www.goodreads.com/book/show/28195.0
6584188.0,It's Not Summer Without You,3.74,275,"Summer Reads, Young Adult, Romance",https://www.goodreads.com/book/show/6584188.0
31145123.0,Internet Famous,3.53,312,"Young Adult, Realistic Fiction, Romance",https://www.goodreads.com/book/show/31145123.0
830502.0,It,4.24,1184,"Fantasy, Classics, Mystery",https://www.goodreads.com/book/show/830502.0
232622450.0,"[Invisible Monsters Remix] [By: Palahniuk, Chuck] [January, 2012]",4.15,N/A,"Adult, LGBT, Horror",https://www.goodreads.com/book/show/232622450.0
146064.0,Jesus Land: A Memoir,3.97,384,"Religion, Biography, Memoir",https://www.goodreads.com/book/show/146064.0
219061174.0,Karate (Martial Arts) by Tim O'Shei,0.00,N/A,,https://www.goodreads.com/book/show/219061174.0
35909707.0,Invisible Heroes of World War II: Extraordinary Wartime Stories of Ordinary People,4.12,208,"Biography, Historical, War",https://www.goodreads.com/book/show/35909707.0
10804886.0,Bloody Valentine & Keys to the Repository,4.02,N/A,,https://www.goodreads.com/book/show/10804886.0
1188295.0,Killer Spirit,3.99,324,"High School, Espionage, Mystery",https://www.goodreads.com/book/show/1188295.0
22466429.0,Kids of Appetite,3.98,352,"Young Adult, Realistic Fiction, Mystery",https://www.goodreads.com/book/show/22466429.0
35072205.0,King's Cage,3.88,700,"Fantasy, Romance, Fiction",https://www.goodreads.com/book/show/35072205.0
20409231.0,Killer Instinct,4.26,375,"Mystery, Romance, Fiction",https://www.goodreads.com/book/show/20409231.0
5422304.0,"Kieli, Volume 1: The Dead Sleep in the Wilderness",4.19,248,"Science Fiction, Fantasy, Supernatural",https://www.goodreads.com/book/show/5422304.0
76715522.0,Kingdom of Ash,4.71,984,"Fantasy, Romance, Fiction",https://www.goodreads.com/book/show/76715522.0
58502672.0,Kiss & Tell,3.62,384,"Young Adult, LGBT, Romance",https://www.goodreads.com/book/show/58502672.0
58470171.0,Kingdom of the Feared,3.86,417,"Fantasy, Romance, Romantasy",https://www.goodreads.com/book/show/58470171.0
39073370.0,Kiss Number 8,3.95,320,"Graphic Novels, LGBT, Romance",https://www.goodreads.com/book/show/39073370.0
229140776.0,"Knocked Out by my Nunga-Nungas; Further, Further Confessions of Georgia Nicolson (Confessions of Georgia Nicolsn) by Louise Rennison",0.00,N/A,,https://www.goodreads.com/book/show/229140776.0
14349049.0,Kung Fu,2.00,32,,https://www.goodreads.com/book/show/14349049.0
563321.0,"l8r, g8r",3.74,288,"Banned Books, Young Adult, Realistic Fiction",https://www.goodreads.com/book/show/563321.0
8267056.0,La batalla del laberinto,4.42,313,"Fantasy, Adventure, Middle Grade",https://www.goodreads.com/book/show/8267056.0
23599995.0,La sangre del Olimpo,4.43,464,"Fantasy, Adventure, Middle Grade",https://www.goodreads.com/book/show/23599995.0
8267049.0,La maldición del titán,4.37,290,"Fantasy, Adventure, Middle Grade",https://www.goodreads.com/book/show/8267049.0
34369149.0,La jaula del rey,3.88,596,"Fantasy, Romance, Fiction",https://www.goodreads.com/book/show/34369149.0
134627877.0,La silla de Pedro (Spanish Edition) by Keats Ezra Jack (1999-09-01) Paperback,4.21,N/A,"Realistic Fiction, Picture Books, Childrens",https://www.goodreads.com/book/show/134627877.0
451220.0,Lessons from a Dead Girl,3.84,215,"Young Adult, Realistic Fiction, LGBT",https://www.goodreads.com/book/show/451220.0
50187916.0,Lgbtq at Work: Your Personal and Working Life,0.00,96,,https://www.goodreads.com/book/show/50187916.0
6527740.0,Last Sacrifice,4.36,594,"Fantasy, Urban Fantasy, Romance",https://www.goodreads.com/book/show/6527740.0
52764176.0,La travesía de Santiago,4.31,320,"Middle Grade, Realistic Fiction, Latinx",https://www.goodreads.com/book/show/52764176.0
44495148.0,LGBTQ Discrimination in America,4.33,112,,https://www.goodreads.com/book/show/44495148.0
219085717.0,Liar and Spy,3.81,N/A,"Middle Grade, Realistic Fiction, Mystery",https://www.goodreads.com/book/show/219085717.0
25494343.0,Lady Midnight,4.35,688,"Fantasy, Urban Fantasy, Romance",https://www.goodreads.com/book/show/25494343.0
36253143.0,Lightbringer,3.96,592,"Fantasy, Romance, Fiction",https://www.goodreads.com/book/show/36253143.0
17456953.0,Lighter than My Shadow,4.40,509,"Mental Illness, Graphic Novels, Graphic Novels Comics",https://www.goodreads.com/book/show/17456953.0
47751.0,Locked in Time,3.93,210,"Fantasy, Mystery, Horror",https://www.goodreads.com/book/show/47751.0
45493566.0,Look Both Ways: A Tale Told in Ten Blocks,3.92,204,"Middle Grade, Realistic Fiction, Fiction",https://www.goodreads.com/book/show/45493566.0
29275562.0,Lifeblood,3.94,443,"Science Fiction, Fantasy, Romance",https://www.goodreads.com/book/show/29275562.0
6654313.0,Linger,3.88,362,"Fantasy, Romance, Fiction",https://www.goodreads.com/book/show/6654313.0
50187928.0,"Love Makes a Family: Friends, Family, and Significant Others",4.00,112,,https://www.goodreads.com/book/show/50187928.0
99561.0,Looking for Alaska,3.96,221,"Young Adult, Realistic Fiction, Romance",https://www.goodreads.com/book/show/99561.0
171615331.0,"Stephen King Box Set: Mr. Mercedes, Everything's Eventual, Lisey's Story by Stephen King",4.39,N/A,"Horror, Supernatural, Thriller",https://www.goodreads.com/book/show/171615331.0
142174763.0,Study Guide: Lore Olympus: Volume One by Rachel Smythe,1.00,53,,https://www.goodreads.com/book/show/142174763.0
210542410.0,Step By Step Guide How To Draw Manga and Anime For Beginners 6 Books Set Collection:,0.00,192,,https://www.goodreads.com/book/show/210542410.0
112628.0,Love Is a Many Trousered Thing,4.13,271,"Humor, Chick Lit, Romance",https://www.goodreads.com/book/show/112628.0
59029659.0,Man o' War,4.36,336,"Young Adult, LGBT, Transgender",https://www.goodreads.com/book/show/59029659.0
212567779.0,Manga Dragons (Learn to Draw Manga) by Richard Jones,0.00,N/A,,https://www.goodreads.com/book/show/212567779.0
218888560.0,"Manga Martial Arts Figures (Learn to Draw Manga) by Jones, Richard, Santillan, Jorge (2012) Hardcover",0.00,N/A,,https://www.goodreads.com/book/show/218888560.0
40190305.0,Like a Love Story,4.26,432,"LGBT, Romance, Fiction",https://www.goodreads.com/book/show/40190305.0
14499954.0,Manga Superheroes,0.00,32,,https://www.goodreads.com/book/show/14499954.0
13409601.0,Matter and its properties,4.22,32,"Nonfiction, Science, Childrens",https://www.goodreads.com/book/show/13409601.0
30183.0,Marked,3.82,306,"Fantasy, Supernatural, Romance",https://www.goodreads.com/book/show/30183.0
211256609.0,Medieval European Art and Architecture (Eye on Art) by Don Nardo,0.00,N/A,,https://www.goodreads.com/book/show/211256609.0
3393124.0,Max,4.05,309,"Science Fiction, Fantasy, Adventure",https://www.goodreads.com/book/show/3393124.0
106085.0,Masquerade,3.91,307,"Fantasy, Supernatural, Romance",https://www.goodreads.com/book/show/106085.0
144254688.0,Mi bacinica y yo (para ella) (Spanish Edition) by Alona Frankel,0.00,N/A,,https://www.goodreads.com/book/show/144254688.0
50536905.0,Meranda and the Legend of the Lake,4.11,232,"Fantasy, Middle Grade, Childrens",https://www.goodreads.com/book/show/50536905.0
2447371.0,Michelangelo Merisi da Caravaggio 1571-1610,2.86,140,"Art, Nonfiction, Renaissance",https://www.goodreads.com/book/show/2447371.0
107179590.0,"Book reading: Midnight Sun by Stephenie Meyer LOGBOOK: Journal Your Thoughts in Real-Time as you Read, Complete with Chapter Character and Plot Fields",0.00,100,,https://www.goodreads.com/book/show/107179590.0
9941204.0,Michelangelo: His Life and Works in 500 Images,4.46,256,"Art, Nonfiction, History",https://www.goodreads.com/book/show/9941204.0
43885997.0,Michigan vs. the Boys,4.23,304,"Hockey, Young Adult, Realistic Fiction",https://www.goodreads.com/book/show/43885997.0
7747263.0,Misguided Angel,3.93,265,"Fantasy, Urban Fantasy, Romance",https://www.goodreads.com/book/show/7747263.0
39295317.0,"Meg, Jo, Beth, and Amy: A Modern Graphic Retelling of Little Women",4.09,256,"Retellings, Middle Grade, Graphic Novels",https://www.goodreads.com/book/show/39295317.0
7566705.0,Modern Women: Women Artists at The Museum of Modern Art,3.98,512,"Crafts, Art, Art History",https://www.goodreads.com/book/show/7566705.0
17432337.0,Kill or Cure: An Illustrated History of Medicine,3.80,400,"Historical, Medicine, Medical",https://www.goodreads.com/book/show/17432337.0
35068534.0,Monday's Not Coming,4.26,448,"Young Adult, Mystery, Fiction",https://www.goodreads.com/book/show/35068534.0
5982454.0,Muchacho,3.73,208,"Realistic Fiction, Fiction, Contemporary",https://www.goodreads.com/book/show/5982454.0
52664814.0,Muted,4.04,400,"Young Adult, Realistic Fiction, LGBT",https://www.goodreads.com/book/show/52664814.0
61484891.0,Monstrous: A Transracial Adoption Story,4.37,272,"Graphic Novels, LGBT, Adoption",https://www.goodreads.com/book/show/61484891.0
22631479.0,Mr. Mercedes by Stephen King - A 30-Minute Summary,4.34,74,"Horror, Fiction",https://www.goodreads.com/book/show/22631479.0
27297339.0,Myths of the Ancient Greeks,3.60,96,,https://www.goodreads.com/book/show/27297339.0
12294652.0,My Life Next Door,3.97,394,"Young Adult, Realistic Fiction, Chick Lit",https://www.goodreads.com/book/show/12294652.0
25067045.0,Moving Target: A Princess Leia Adventure,3.65,231,"Science Fiction, Fantasy, Middle Grade",https://www.goodreads.com/book/show/25067045.0
36105772.0,Neanderthal Opens the Door to the Universe,4.23,410,"Humor, Young Adult, Realistic Fiction",https://www.goodreads.com/book/show/36105772.0
9620170.0,Near-Death Experiences,3.22,32,,https://www.goodreads.com/book/show/9620170.0
190119420.0,[(Necromancing the Stone )] [Author: Lish McBride] [Nov-2013],0.00,N/A,,https://www.goodreads.com/book/show/190119420.0
227973958.0,Study Guide: Needful Things by Stephen King,0.00,84,,https://www.goodreads.com/book/show/227973958.0
11559776.0,New Moon by Stephenie Meyer Summary & Study Guide,3.67,N/A,,https://www.goodreads.com/book/show/11559776.0
49676332.0,Study Guide: Nineteen Minutes by Jodi Picoult,4.00,80,,https://www.goodreads.com/book/show/49676332.0
1207348.0,Dolores Claiborne / Nightmares and Dreamscapes,4.27,1,Horror,https://www.goodreads.com/book/show/1207348.0
1062516.0,"No, David!",4.16,32,"Humor, Realistic Fiction, Picture Books",https://www.goodreads.com/book/show/1062516.0
11395099.0,Nina in That Makes Me Mad: Toon Books Level 2,3.71,32,"Juvenile, Picture Books, Graphic Novels",https://www.goodreads.com/book/show/11395099.0
40669906.0,Now I Rise,4.16,476,"Fantasy, LGBT, Romance",https://www.goodreads.com/book/show/40669906.0
20707052.0,Next Top Villain,4.16,N/A,"Fantasy, Fairy Tales, Middle Grade",https://www.goodreads.com/book/show/20707052.0
53331354.0,Off the Record,3.99,320,"Young Adult, Realistic Fiction, LGBT",https://www.goodreads.com/book/show/53331354.0
26529699.0,Oblivion,4.29,352,"Science Fiction, Fantasy, Romance",https://www.goodreads.com/book/show/26529699.0
44654627.0,One of Us Is Next,3.90,377,"Mystery, Fiction, Contemporary",https://www.goodreads.com/book/show/44654627.0
402014.0,"On the Bright Side, I'm Now the Girlfriend of a Sex God",3.95,243,"Humor, Chick Lit, Romance",https://www.goodreads.com/book/show/402014.0
23714521.0,Orbiting Jupiter,4.23,183,"Middle Grade, Young Adult, Realistic Fiction",https://www.goodreads.com/book/show/23714521.0
8318918.0,Orchards,3.76,336,"Young Adult, Realistic Fiction, Japan",https://www.goodreads.com/book/show/8318918.0
141708115.0,Out of the Easy by Ruta Sepetys (7-Mar-2013) Paperback,4.03,N/A,"Mystery, Romance, Fiction",https://www.goodreads.com/book/show/141708115.0
6609765.0,Out of My Mind,4.34,295,"Middle Grade, Realistic Fiction, Childrens",https://www.goodreads.com/book/show/6609765.0
141714416.0,Outside Beauty by Cynthia Kadohata,0.00,N/A,,https://www.goodreads.com/book/show/141714416.0
20983362.0,Passenger,3.75,496,"Science Fiction, Fantasy, Romance",https://www.goodreads.com/book/show/20983362.0
11079857.0,"Paragons and Paragone: Van Eyck, Raphael, Michelangelo, Caravaggio, Bernini",0.00,158,,https://www.goodreads.com/book/show/11079857.0
16191296.0,Overexposed,3.74,103,Young Adult,https://www.goodreads.com/book/show/16191296.0
14592100.0,Paladins,3.33,32,,https://www.goodreads.com/book/show/14592100.0
12941751.0,Pet Sematary by Stephen King Summary & Study Guide,4.33,N/A,,https://www.goodreads.com/book/show/12941751.0
163460.0,Peaches,3.64,368,"Young Adult, Chick Lit, Realistic Fiction",https://www.goodreads.com/book/show/163460.0
25887016.0,Percy Jackson y los dioses griegos,4.43,416,"Fantasy, Middle Grade, Mythology",https://www.goodreads.com/book/show/25887016.0
24764.0,The Last Days,3.54,286,"Science Fiction, Fantasy, Horror",https://www.goodreads.com/book/show/24764.0
75670224.0,Plan A,3.99,416,"Young Adult, Realistic Fiction, Romance",https://www.goodreads.com/book/show/75670224.0
13508421.0,Public Enemies,3.80,378,"Fantasy, Supernatural, Mythology",https://www.goodreads.com/book/show/13508421.0
12754214.0,Pinch Hit,4.10,336,"Middle Grade, Realistic Fiction, Baseball",https://www.goodreads.com/book/show/12754214.0
2189284.0,Quest,3.43,256,"Young Adult, Historical Fiction",https://www.goodreads.com/book/show/2189284.0
28251316.0,Pretty,3.89,224,"Middle Grade, Realistic Fiction, Addiction",https://www.goodreads.com/book/show/28251316.0
206159051.0,"Rainbow Boys by Sanchez, Alex [Simon & Schuster Books for Young Readers, 2003] Paperback [Paperback]",0.00,N/A,,https://www.goodreads.com/book/show/206159051.0
34389043.0,QUESO!: Regional Recipes for the World's Favorite Chile-Cheese Dip [A Cookbook],4.33,188,"Cookbooks, Nonfiction, Food",https://www.goodreads.com/book/show/34389043.0
58938858.0,Grehge e & Ready Player Two By Ernest Cline Collection 2 Books Set,4.19,N/A,"Science Fiction, Fantasy, Fiction",https://www.goodreads.com/book/show/58938858.0
123004944.0,Queen of Shadows,4.62,689,"Fantasy, Romance, Fiction",https://www.goodreads.com/book/show/123004944.0
50055.0,Raiders Night,3.73,232,"Realistic Fiction, School, Fiction",https://www.goodreads.com/book/show/50055.0
218903535.0,Realism (Odysseys in Art) by Jessica Gunderson,0.00,N/A,,https://www.goodreads.com/book/show/218903535.0
43721070.0,Red Hood,3.44,361,"Fantasy, Retellings, Fairy Tales",https://www.goodreads.com/book/show/43721070.0
36808121.0,Recuerda aquella vez,3.95,285,"Science Fiction, Young Adult, LGBT",https://www.goodreads.com/book/show/36808121.0
17899948.0,Rebecca,4.25,449,"Classics, Mystery, Romance",https://www.goodreads.com/book/show/17899948.0
26107311.0,Summary of Ready Player One: by Ernest Cline | Summary & Analysis,4.26,116,,https://www.goodreads.com/book/show/26107311.0
12802971.0,Rembrandt: His Life & Works in 500 Images,4.26,256,"Art, Nonfiction, Art History",https://www.goodreads.com/book/show/12802971.0
246129071.0,Study Guide: Remote Control by Nnedi Okorafor,0.00,66,,https://www.goodreads.com/book/show/246129071.0
3233013.0,Renaissance Art,3.22,128,,https://www.goodreads.com/book/show/3233013.0
228803251.0,Relish: My Life in the Kitchen by Lucy Knisley,3.95,N/A,"Graphic Novels, Cooking, Biography",https://www.goodreads.com/book/show/228803251.0
16136599.0,Redeemed,4.01,310,"Fantasy, Romance, Fiction",https://www.goodreads.com/book/show/16136599.0
34102294.0,Right Where You Left Me,3.65,256,"Young Adult, Romance, Fiction",https://www.goodreads.com/book/show/34102294.0
2753843.0,Revelations,3.90,264,"Fantasy, Romance, Fiction",https://www.goodreads.com/book/show/2753843.0
33090527.0,Reproductive Rights: Who Decides?,3.80,160,Nonfiction,https://www.goodreads.com/book/show/33090527.0
18527498.0,Revolution,4.09,538,"Middle Grade, Childrens, Fiction",https://www.goodreads.com/book/show/18527498.0
3210804.0,Treasure Island,3.59,63,"Adventure, Retellings, Juvenile",https://www.goodreads.com/book/show/3210804.0
136990452.0,"Rumble by Hopkins, Ellen (August 26, 2014) Hardcover",4.05,N/A,"Young Adult, Realistic Fiction, LGBT",https://www.goodreads.com/book/show/136990452.0
218907090.0,Romanticism (Movements in Art) by Jessica Gunderson,0.00,N/A,,https://www.goodreads.com/book/show/218907090.0
18910213.0,"Rurouni Kenshin, Vol. 1: Meiji Swordsman Romantic Story",4.32,208,"Fantasy, Graphic Novels, Manga",https://www.goodreads.com/book/show/18910213.0
10619.0,Rose Madder,3.76,595,"Fantasy, Supernatural, Horror",https://www.goodreads.com/book/show/10619.0
52765402.0,Santiago's Road Home,4.31,336,"Middle Grade, Realistic Fiction, Latinx",https://www.goodreads.com/book/show/52765402.0
10429037.0,Ruthless,3.86,339,"Young Adult, Chick Lit, Mystery",https://www.goodreads.com/book/show/10429037.0
5859693.0,Seeing Red,3.75,224,,https://www.goodreads.com/book/show/5859693.0
183087.0,Rx,3.51,262,"Realistic Fiction, Addiction, Fiction",https://www.goodreads.com/book/show/183087.0
38139409.0,Sawkill Girls,3.66,447,"Fantasy, Mystery, LGBT",https://www.goodreads.com/book/show/38139409.0
43885853.0,Seeing Gender: An Illustrated Guide to Identity and Expression,4.29,208,"Graphic Novels, LGBT, Transgender",https://www.goodreads.com/book/show/43885853.0
1606010.0,Sex: Opposing Viewpoints,3.00,218,Nonfiction,https://www.goodreads.com/book/show/1606010.0
17270515.0,Serafina's Promise,4.02,304,"Middle Grade, Realistic Fiction, Cultural",https://www.goodreads.com/book/show/17270515.0
218833480.0,Sex and Gender: A Reference Handbook (Contemporary World Issues) [5/12/2017] David E. Newton,0.00,N/A,,https://www.goodreads.com/book/show/218833480.0
159250983.0,Shape (Math Counts) by Henry Arthur Pluckrose,0.00,N/A,,https://www.goodreads.com/book/show/159250983.0
18774919.0,"Seraph of the End: Vampire Reign, Vol. 1",4.23,200,"Fantasy, Manga, Graphic Novels",https://www.goodreads.com/book/show/18774919.0
8928054.0,Shine,3.82,350,"Young Adult, Realistic Fiction, Mystery",https://www.goodreads.com/book/show/8928054.0
6068551.0,Shiver,3.76,392,"Fantasy, Romance, Fiction",https://www.goodreads.com/book/show/6068551.0
132750267.0,"Skeleton Crew by King, Stephen (1985) Hardcover",3.97,512,"Fantasy, Horror, Fiction",https://www.goodreads.com/book/show/132750267.0
34466922.0,Sleeping Beauties,3.73,702,"Science Fiction, Fantasy, Mystery",https://www.goodreads.com/book/show/34466922.0
27398480.0,Summary & Study Guide Someday This Pain Will Be Useful to You by Peter Cameron,5.00,26,,https://www.goodreads.com/book/show/27398480.0
4981.0,Slaughterhouse-Five,4.10,275,"Science Fiction, Classics, Fiction",https://www.goodreads.com/book/show/4981.0
16060904.0,Lo que fue de ella,3.97,224,"Young Adult, Realistic Fiction, Romance",https://www.goodreads.com/book/show/16060904.0
35852229.0,Sliding on the Edge,4.11,425,"Fiction, Contemporary, Young Adult",https://www.goodreads.com/book/show/35852229.0
201114.0,Sold,4.24,268,"Banned Books, Realistic Fiction, Fiction",https://www.goodreads.com/book/show/201114.0
70916843.0,Something Like Home,4.27,256,"Middle Grade, Realistic Fiction, Animals",https://www.goodreads.com/book/show/70916843.0
209226901.0,[The Song of Susannah] [by: Stephen King],0.00,N/A,,https://www.goodreads.com/book/show/209226901.0
166448386.0,So Much Closer by Susane Colasanti (2-May-2013) Paperback,0.00,N/A,,https://www.goodreads.com/book/show/166448386.0
34495927.0,Speak: The Graphic Novel,4.38,372,"Graphic Novels, Realistic Fiction, Fiction",https://www.goodreads.com/book/show/34495927.0
52751339.0,Spin with Me,3.75,224,"Middle Grade, Realistic Fiction, LGBT",https://www.goodreads.com/book/show/52751339.0
141402698.0,Something Like Fate by Susane Colasanti (22-Sep-2011) Paperback,3.68,N/A,"High School, Young Adult, Chick Lit",https://www.goodreads.com/book/show/141402698.0
33163388.0,Spinning,3.89,400,"Graphic Novels, LGBT, Sports",https://www.goodreads.com/book/show/33163388.0
23587115.0,Spontaneous,3.34,368,"Science Fiction, Humor, Young Adult",https://www.goodreads.com/book/show/23587115.0
112631.0,Startled by His Furry Shorts,4.11,278,"Humor, Chick Lit, Romance",https://www.goodreads.com/book/show/112631.0
30842497.0,Rogue One - A Star Wars Story - A Junior Novel,3.79,186,"Science Fiction, Middle Grade, Childrens",https://www.goodreads.com/book/show/30842497.0
6408862.0,Stolen,3.89,304,"Young Adult, Realistic Fiction, Mystery",https://www.goodreads.com/book/show/6408862.0
20170404.0,Station Eleven,4.07,333,"Science Fiction, Fantasy, Fiction",https://www.goodreads.com/book/show/20170404.0
6479259.0,Spirit Bound,4.32,489,"Fantasy, Urban Fantasy, Romance",https://www.goodreads.com/book/show/6479259.0
14312960.0,Surrealism,0.00,128,,https://www.goodreads.com/book/show/14312960.0
28385057.0,LGBTQ+ Athletes Claim the Field: Striving for Equality,3.74,104,"Banned Books, LGBT, Transgender",https://www.goodreads.com/book/show/28385057.0
14592102.0,Strykers,3.50,32,,https://www.goodreads.com/book/show/14592102.0
125606651.0,Stink-O-Pedia: Super Stink-y Stuff from A to Zzzzz by Megan McDonald (2-Nov-2009) Paperback,5.00,N/A,,https://www.goodreads.com/book/show/125606651.0
6062711.0,Tae Kwon Do,3.00,32,,https://www.goodreads.com/book/show/6062711.0
9266769.0,Summer and the City,3.61,409,"Young Adult, Chick Lit, Romance",https://www.goodreads.com/book/show/9266769.0
28449207.0,Strange the Dreamer,4.28,544,"Fantasy, Romance, Fiction",https://www.goodreads.com/book/show/28449207.0
25227436.0,Te daría el sol,4.15,432,"Young Adult, Realistic Fiction, LGBT",https://www.goodreads.com/book/show/25227436.0
59962153.0,Teen Killers in Love,4.15,288,"Mystery, Romance, Horror",https://www.goodreads.com/book/show/59962153.0
25893582.0,Tell Me Three Things,4.00,328,"Young Adult, Realistic Fiction, Romance",https://www.goodreads.com/book/show/25893582.0
6648795.0,Thanksgiving,2.82,31,,https://www.goodreads.com/book/show/6648795.0
237699400.0,The Alamo (Symbols of American Freedom) by Michael Burgan,0.00,N/A,,https://www.goodreads.com/book/show/237699400.0
43212858.0,Teen Killers Club,4.00,263,"Mystery, Romance, Thriller",https://www.goodreads.com/book/show/43212858.0
625605.0,The Alliance,4.22,330,"Science Fiction, Lds, Fiction",https://www.goodreads.com/book/show/625605.0
783291.0,The Almost Moon,2.73,295,"Adult, Fiction, Drama",https://www.goodreads.com/book/show/783291.0
38208763.0,The Art of Breaking Things,4.15,390,"Young Adult, Realistic Fiction, Romance",https://www.goodreads.com/book/show/38208763.0
4211015.0,The Baroque Period,4.33,48,,https://www.goodreads.com/book/show/4211015.0
126062562.0,The Assassin's Blade,4.20,451,"Fantasy, Romance, Fiction",https://www.goodreads.com/book/show/126062562.0
19148801.0,Study Guide to The Absolutely True Diary of a Part-Time Indian by Sherman Alexie,3.82,24,,https://www.goodreads.com/book/show/19148801.0
51476595.0,The Big Questions Book of Sex & Consent,3.66,320,"Self Help, Sexuality, Relationships",https://www.goodreads.com/book/show/51476595.0
25944798.0,The Beauty of Darkness,4.15,684,"Fantasy, Romance, Fiction",https://www.goodreads.com/book/show/25944798.0
25548744.0,The Becoming of Noah Shaw,3.64,384,"Fantasy, Mystery, Romance",https://www.goodreads.com/book/show/25548744.0
78296907.0,The Blood Years: A Gripping Holocaust Survival Story for Teens Based on True Events in Romania,4.29,390,"Fiction, Historical, Jewish",https://www.goodreads.com/book/show/78296907.0
41564826.0,The Ballad of Ami Miles,3.43,272,"Science Fiction, LGBT, Romance",https://www.goodreads.com/book/show/41564826.0
44805576.0,"The Blind Assassin by Margaret Atwood (Book Analysis): Detailed Summary, Analysis and Reading Guide",3.40,27,,https://www.goodreads.com/book/show/44805576.0
29341509.0,Heroes of Olympus Complete Collection 5 Books Box Set -The Lost Hero/The Son of Neptune/The Mark of Athena/The Blood of Olympus by Rick Riordan,4.71,N/A,"Fantasy, Adventure, Mythology",https://www.goodreads.com/book/show/29341509.0
141728181.0,"The Bitter Kingdom (Girl of Fire and Thorns) by Carson, Rae (2013) Hardcover",4.48,N/A,,https://www.goodreads.com/book/show/141728181.0
542269.0,The Boy from the Basement,3.82,208,"Middle Grade, Realistic Fiction, Fiction",https://www.goodreads.com/book/show/542269.0
10444674.0,The Book of Universes: Exploring the Limits of the Cosmos,3.90,368,"Space, Stem, Astronomy",https://www.goodreads.com/book/show/10444674.0
136008144.0,The Canterbury Tales of Geoffrey Chaucer: A New Modern English Prose Translation By R. M. Lumiansky,3.53,383,"Classics, School, Fiction",https://www.goodreads.com/book/show/136008144.0
20404953.0,Summary & Study Guide The Boy Who Harnessed the Wind by William Kamkwamba,4.33,37,,https://www.goodreads.com/book/show/20404953.0
49632708.0,The Burning,3.75,352,"Fantasy, Young Adult, Fiction",https://www.goodreads.com/book/show/49632708.0
139031.0,"York Notes Advanced on ""The Color Purple"" by Alice Walker",4.67,N/A,"Adult, Classics, Fiction",https://www.goodreads.com/book/show/139031.0
30969755.0,The Cheerleaders,3.74,384,"Young Adult, Mystery, Fiction",https://www.goodreads.com/book/show/30969755.0
197029269.0,The Count of Monte Cristo,4.33,1578,"Adventure, Classics, Literature",https://www.goodreads.com/book/show/197029269.0
18302455.0,The Circle,3.43,493,"Science Fiction, Adult, Fiction",https://www.goodreads.com/book/show/18302455.0
9310343.0,The Canterbury Tales of Geoffrey Chaucer: Special Edition for Young Readers,4.26,139,Classics,https://www.goodreads.com/book/show/9310343.0
141077328.0,The Dark and Hollow Places by Carrie Ryan,0.00,N/A,,https://www.goodreads.com/book/show/141077328.0
55977838.0,The Curse of the Mummy: Uncovering Tutankhamun's Tomb,4.20,285,"Egypt, Middle Grade, Childrens",https://www.goodreads.com/book/show/55977838.0
10816908.0,The Crown of Embers,4.17,410,"Fantasy, Adventure, Romance",https://www.goodreads.com/book/show/10816908.0
53131137.0,The Damned,3.75,401,"Fantasy, Romance, Paranormal",https://www.goodreads.com/book/show/53131137.0
52411049.0,The Dark Tide,3.42,336,"Fantasy, Lesbian, LGBT",https://www.goodreads.com/book/show/52411049.0
60636781.0,The Dead Inside: A True Story,3.00,N/A,Memoir,https://www.goodreads.com/book/show/60636781.0
26827445.0,The Digestive and Urinary Systems,3.94,32,"Science, Childrens",https://www.goodreads.com/book/show/26827445.0
10366941.0,The Dark Tower II: The Drawing of the Three by Stephen King - Summary & Study Guide,4.50,N/A,"Horror, Fantasy",https://www.goodreads.com/book/show/10366941.0
17465722.0,How to Make a Universe with 92 Ingredients: An Electrifying Guide to the Elements,4.06,96,"Childrens, Chemistry, Nonfiction",https://www.goodreads.com/book/show/17465722.0
18701321.0,The Endocrine and Reproductive Systems,3.64,32,"Nonfiction, Science, Childrens",https://www.goodreads.com/book/show/18701321.0
17978443.0,The Supremes at Earl's All-You-Can-Eat,4.01,384,"Humor, Fiction, African American",https://www.goodreads.com/book/show/17978443.0
57528266.0,Study Guide: The Epic Fail of Arturo Zamora by Pablo Cartaya,0.00,77,,https://www.goodreads.com/book/show/57528266.0
25812109.0,The Female of the Species,4.14,368,"Young Adult, Mystery, Fiction",https://www.goodreads.com/book/show/25812109.0
125537523.0,The Fall of Whit Rivera,4.03,352,"Young Adult, LGBT, Romance",https://www.goodreads.com/book/show/125537523.0
7886561.0,"The Fences Between Us: The Diary of Piper Davis, Seattle, Washington, 1941",4.06,313,"Middle Grade, Childrens, Fiction",https://www.goodreads.com/book/show/7886561.0
168237885.0,"The First Part Last by Johnson, Angela. (Simon Pulse,2005) [Mass Market Paperback]",4.00,N/A,,https://www.goodreads.com/book/show/168237885.0
20814047.0,The Fault in Our Stars: by John Green -- Sidekick,4.13,50,Book Club,https://www.goodreads.com/book/show/20814047.0
12632657.0,The First Scientist: Anaximander and His Legacy,4.06,256,"Physics, Biography, Philosophy",https://www.goodreads.com/book/show/12632657.0
214560639.0,"Study Guide: The Freedom Writers Diary by Erin Gruwell, The Freedom Writers",0.00,56,,https://www.goodreads.com/book/show/214560639.0
132435938.0,The Executioner's Daughter by Jane Hardstaff,3.55,N/A,"Fantasy, Middle Grade, Childrens",https://www.goodreads.com/book/show/132435938.0
21396155.0,The Forbidden Wish,3.99,352,"Fantasy, Retellings, Fairy Tales",https://www.goodreads.com/book/show/21396155.0
13543837.0,The Gods and Goddesses of Greek Mythology,3.41,64,,https://www.goodreads.com/book/show/13543837.0
144317777.0,"[ The Girl from Felony Bay Thompson, J. E. ( Author ) ] { Paperback } 2014",0.00,N/A,,https://www.goodreads.com/book/show/144317777.0
11564.0,The Girl Who Loved Tom Gordon,3.64,264,"Fantasy, Mystery, Horror",https://www.goodreads.com/book/show/11564.0
10429092.0,The Girl of Fire and Thorns,3.78,423,"Fantasy, Adventure, Romance",https://www.goodreads.com/book/show/10429092.0
148133480.0,The Dead Zone by Stephen King,3.97,N/A,"Science Fiction, Fantasy, Horror",https://www.goodreads.com/book/show/148133480.0
20414849.0,Summary & Study Guide The Glass Castle by Jeannette Walls,4.03,46,,https://www.goodreads.com/book/show/20414849.0
11566.0,The Green Mile,4.49,592,"Fantasy, Classics, Mystery",https://www.goodreads.com/book/show/11566.0
220301367.0,The Heart of Betrayal,4.15,480,"Fantasy, Romance, Fiction",https://www.goodreads.com/book/show/220301367.0
221537877.0,"The Heroes of Olympus Series, 4 Books Collection Set, Lost Hero, Son of Neptune, The Mark of Athena, The House of Hades, by Rick Riordan",5.00,736,,https://www.goodreads.com/book/show/221537877.0
16158179.0,The Great American Dust Bowl: A Graphic Novel,3.92,80,"Middle Grade, Graphic Novels, American History",https://www.goodreads.com/book/show/16158179.0
21807239.0,House on Mango Street Teacher Guide - Literature Teaching Unit for The House on Mango Street by Sandra Cisneros,3.50,122,,https://www.goodreads.com/book/show/21807239.0
34521373.0,"Around The World In Eighty Days: FREE The Jungle Book By Rudyard Kipling, 100% Formatted, Illustrated - JBS Classics",4.00,154,,https://www.goodreads.com/book/show/34521373.0
24389473.0,The Hundred-Dollar Robber: A Mystery with Money,3.79,48,"Mathematics, Graphic Novels, Childrens",https://www.goodreads.com/book/show/24389473.0
17316589.0,The Kingdom of Little Wounds,3.25,563,"Fantasy, Banned Books, Fairy Tales",https://www.goodreads.com/book/show/17316589.0
17290266.0,The Infinite Moment of Us,3.17,316,"Banned Books, Young Adult, Realistic Fiction",https://www.goodreads.com/book/show/17290266.0
21060082.0,Summary & Study Guide The Kite Runner by Khaled Hosseini,4.00,64,"Fiction, Contemporary",https://www.goodreads.com/book/show/21060082.0
56226906.0,The Language of Seabirds,4.21,256,"Middle Grade, Young Adult, LGBT",https://www.goodreads.com/book/show/56226906.0
393922.0,The Language of Flowers: Symbols And Myths,3.69,96,"Gardening, Art, Plants",https://www.goodreads.com/book/show/393922.0
9609816.0,The Little Red Train / El Trenecito Rojo (Another Sommer-Time Story Bilingual),4.50,48,,https://www.goodreads.com/book/show/9609816.0
45011496.0,"The Lovely Bones by Alice Sebold (Book Analysis): Detailed Summary, Analysis and Reading Guide",4.00,24,,https://www.goodreads.com/book/show/45011496.0
23013689.0,The Lost Track of Time,4.01,320,"Adventure, Fantasy, Middle Grade",https://www.goodreads.com/book/show/23013689.0
25576764.0,Summary & Study Guide The Mark of Athena by Rick Riordan,4.71,111,,https://www.goodreads.com/book/show/25576764.0
54860302.0,The Love Song of Ivy K. Harlowe,3.65,330,"Lesbian, LGBT, Romance",https://www.goodreads.com/book/show/54860302.0
16131489.0,The Last Star,3.61,338,"Science Fiction, Fantasy, Romance",https://www.goodreads.com/book/show/16131489.0
813214.0,The Mist,3.93,176,"Science Fiction, Fantasy, Mystery",https://www.goodreads.com/book/show/813214.0
206728454.0,"[ The Melancholy of Haruhi Suzumiya, Volume 4 Tanigawa, Nagaru ( Author ) ] { Paperback } 2009",0.00,N/A,,https://www.goodreads.com/book/show/206728454.0
36362234.0,The Love & Lies of Rukhsana Ali,3.85,336,"Lesbian, Young Adult, LGBT",https://www.goodreads.com/book/show/36362234.0
200013965.0,The Mockingbirds by Daisy Whitney,0.00,N/A,,https://www.goodreads.com/book/show/200013965.0
13597723.0,The Naturals,4.22,308,"Mystery, Romance, Fiction",https://www.goodreads.com/book/show/13597723.0
13576132.0,The Murder Complex,3.62,398,"Science Fiction, Fantasy, Romance",https://www.goodreads.com/book/show/13576132.0
35442700.0,The Music of What Happens,3.83,352,"Young Adult, LGBT, Romance",https://www.goodreads.com/book/show/35442700.0
30095473.0,The Pants Project,4.08,272,"Middle Grade, Realistic Fiction, LGBT",https://www.goodreads.com/book/show/30095473.0
50846677.0,Study Guide: The Poet X by Elizabeth Acevedo,4.75,47,,https://www.goodreads.com/book/show/50846677.0
36124936.0,The Outsider,4.01,561,"Mystery, Horror, Fiction",https://www.goodreads.com/book/show/36124936.0
1840735.0,The Pilgrims and the First Thanksgiving,3.48,32,"Graphic Novels, Thanksgiving",https://www.goodreads.com/book/show/1840735.0
10760794.0,The Orphan of Awkward Falls,3.32,256,"Fantasy, Middle Grade, Mystery",https://www.goodreads.com/book/show/10760794.0
49915673.0,The Pear Affair,3.95,240,"Adventure, Middle Grade, Childrens",https://www.goodreads.com/book/show/49915673.0
11366397.0,The Program,4.04,405,"Science Fiction, Fantasy, Romance",https://www.goodreads.com/book/show/11366397.0
6783690.0,The Secret Ghost: A Mystery With Distance and Measurement,3.97,48,"Mathematics, Graphic Novels, Childrens",https://www.goodreads.com/book/show/6783690.0
22675335.0,The Revelation of Louisa May,3.63,272,"Mystery, Romance, Fiction",https://www.goodreads.com/book/show/22675335.0
2257949.0,The Quest Begins,3.91,320,"Fantasy, Adventure, Middle Grade",https://www.goodreads.com/book/show/2257949.0
41086915.0,The Secret Starling,4.05,240,"Middle Grade, Juvenile, Childrens",https://www.goodreads.com/book/show/41086915.0
20580909.0,Doctor Sleep: (The Shining) by Stephen King -- Sidekick,4.14,43,,https://www.goodreads.com/book/show/20580909.0
143071594.0,The Secret Box by Whitaker Ringwald,3.75,N/A,"Fantasy, Adventure, Middle Grade",https://www.goodreads.com/book/show/143071594.0
163459.0,The Secrets of Peaches,3.77,304,"Young Adult, Chick Lit, Realistic Fiction",https://www.goodreads.com/book/show/163459.0
32618983.0,The Serpent's Secret,3.89,351,"Fantasy, Adventure, Middle Grade",https://www.goodreads.com/book/show/32618983.0
37412.0,The Story Behind Toni Morrison's the Bluest Eye,4.00,56,,https://www.goodreads.com/book/show/37412.0
203832623.0,"[The Sin Eater's Daughter] [By: Salisbury, Melinda] [February, 2015]",0.00,N/A,,https://www.goodreads.com/book/show/203832623.0
58782872.0,The Summer of Bitter and Sweet,3.99,374,"Young Adult, LGBT, Romance",https://www.goodreads.com/book/show/58782872.0
33290524.0,Castle in the Stars: The Space Race of 1869,4.14,64,"Science Fiction, Fantasy, Adventure",https://www.goodreads.com/book/show/33290524.0
93550570.0,Study Guide: The Tequila Worm by Viola Canales,0.00,79,,https://www.goodreads.com/book/show/93550570.0
35606560.0,The Sun and Her Flowers,4.08,256,"Adult, Romance, Mental Health",https://www.goodreads.com/book/show/35606560.0
124988166.0,The Tommyknockers by King. Stephen ( 2012 ) Paperback,5.00,N/A,,https://www.goodreads.com/book/show/124988166.0
244960725.0,"(The Summer Prince) [By: Johnson, Alaya Dawn] [Mar, 2013]",0.00,N/A,,https://www.goodreads.com/book/show/244960725.0
113304.0,The Thief Lord,3.99,350,"Fantasy, Adventure, Middle Grade",https://www.goodreads.com/book/show/113304.0
69438589.0,The Truth About Alice: A Novel,3.63,1,"High School, Banned Books, Young Adult",https://www.goodreads.com/book/show/69438589.0
31246717.0,The Summer of Jordi Perez,3.83,284,"Young Adult, LGBT, Romance",https://www.goodreads.com/book/show/31246717.0
56679112.0,The Time Machine: HG Wells Books H G Paperback,3.89,N/A,"Science Fiction, Fantasy, Classics",https://www.goodreads.com/book/show/56679112.0
485308.0,The True Meaning of Cleavage,3.30,240,"High School, Realistic Fiction, Chick Lit",https://www.goodreads.com/book/show/485308.0
217649972.0,"The Tyrant's Daughter by Carleson, J.C. (February 11, 2014) Hardcover",0.00,N/A,,https://www.goodreads.com/book/show/217649972.0
36353058.0,The Treatment,3.99,353,"Science Fiction, Fantasy, Romance",https://www.goodreads.com/book/show/36353058.0
30653853.0,The Upside of Unrequited,3.88,336,"Young Adult, LGBT, Romance",https://www.goodreads.com/book/show/30653853.0
34084.0,The Waste Lands,4.25,422,"Science Fiction, Fantasy, Adventure",https://www.goodreads.com/book/show/34084.0
63884756.0,Study Guide: The Way I Used to Be by Amber Smith,0.00,107,,https://www.goodreads.com/book/show/63884756.0
6267237.0,The Van Alen Legacy,3.95,369,"Fantasy, Supernatural, Romance",https://www.goodreads.com/book/show/6267237.0
238510393.0,"[The Wicked and the Just] [Author: Coats, J Anderson] [September, 2013]",0.00,N/A,,https://www.goodreads.com/book/show/238510393.0
23209924.0,The Water Knife,3.85,371,"Science Fiction, Fiction, Thriller",https://www.goodreads.com/book/show/23209924.0
1253493.0,Theodore Roosevelt: Bear of a President,4.36,N/A,,https://www.goodreads.com/book/show/1253493.0
43495834.0,The Year I Didn't Eat,3.99,304,"Mental Illness, Young Adult, Realistic Fiction",https://www.goodreads.com/book/show/43495834.0
24795284.0,Summary & Study Guide Thirteen Reasons Why by Jay Asher,3.88,52,,https://www.goodreads.com/book/show/24795284.0
51712324.0,This Boy,3.08,288,"Young Adult, Realistic Fiction, Romance",https://www.goodreads.com/book/show/51712324.0
48717442.0,They Wish They Were Us,3.48,336,"Young Adult, Mystery, Fiction",https://www.goodreads.com/book/show/48717442.0
9915287.0,The Voices of Rape,4.00,N/A,,https://www.goodreads.com/book/show/9915287.0
36203673.0,This Is Kind of an Epic Love Story,3.37,304,"Young Adult, LGBT, Romance",https://www.goodreads.com/book/show/36203673.0
12551082.0,Things I Can't Forget,3.87,308,"Young Adult, Chick Lit, Realistic Fiction",https://www.goodreads.com/book/show/12551082.0
233702949.0,"[This Is What Happy Looks Like] [By: Smith, Jennifer E.] [December, 2013]",0.00,N/A,,https://www.goodreads.com/book/show/233702949.0
32711722.0,These Things I've Done,3.96,352,"High School, Young Adult, Realistic Fiction",https://www.goodreads.com/book/show/32711722.0
163214105.0,"Touch by Prose, Francine [HarperTeen, 2010] Paperback [Paperback]",2.00,N/A,,https://www.goodreads.com/book/show/163214105.0
27817864.0,Transgender Rights and Issues,2.93,112,,https://www.goodreads.com/book/show/27817864.0
76714487.0,Tower of Dawn,4.28,688,"Fantasy, Romance, Fiction",https://www.goodreads.com/book/show/76714487.0
7939519.0,Amelia Rules! Volume 6: True Things Adults Don't Want Kids to Know,4.29,176,"Humor, Middle Grade, Graphic Novels",https://www.goodreads.com/book/show/7939519.0
36039320.0,This Is What It Feels Like,4.01,395,"Lesbian, LGBT, Romance",https://www.goodreads.com/book/show/36039320.0
64416796.0,Study Guide: Tristan Strong Punches a Hole in the Sky by Kwame Mbalia,0.00,N/A,,https://www.goodreads.com/book/show/64416796.0
36373518.0,Tradition,3.44,342,"Young Adult, Boarding School, Realistic Fiction",https://www.goodreads.com/book/show/36373518.0
123106.0,Twisted,3.82,250,"High School, Young Adult, Realistic Fiction",https://www.goodreads.com/book/show/123106.0
38175922.0,Turtles All the Way Down: by John Green | Conversation Starters,3.96,59,,https://www.goodreads.com/book/show/38175922.0
16080337.0,Trono de cristal,4.19,512,"Fantasy, Romance, Fiction",https://www.goodreads.com/book/show/16080337.0
32998349.0,Una antorcha en las tinieblas,4.22,506,"Fantasy, Romance, Fiction",https://www.goodreads.com/book/show/32998349.0
9266794.0,Two Truths and a Lie,3.94,292,"Young Adult, Chick Lit, Mystery",https://www.goodreads.com/book/show/9266794.0
204889696.0,Tyranny by Lesley Fairfield,3.00,N/A,,https://www.goodreads.com/book/show/204889696.0
59201930.0,Unplanned Pregnancies,3.00,112,,https://www.goodreads.com/book/show/59201930.0
52637398.0,Understanding Reproductive Health,0.00,112,,https://www.goodreads.com/book/show/52637398.0
40599820.0,Unpregnant,3.76,310,"Young Adult, Realistic Fiction, Fiction",https://www.goodreads.com/book/show/40599820.0
171694050.0,[(Vampire Academy )] [Author: Richelle Mead] [Aug-2008],4.10,N/A,"Fantasy, Urban Fantasy, Romance",https://www.goodreads.com/book/show/171694050.0
191857789.0,Study Guide: Unravel Me by Tahereh Mafi,0.00,69,,https://www.goodreads.com/book/show/191857789.0
246539477.0,War Storm - Victoria Aveyard,0.00,N/A,,https://www.goodreads.com/book/show/246539477.0
138547698.0,"Under the Dome by King, Stephen (2010) Paperback",3.93,N/A,"Science Fiction, Fantasy, Mystery",https://www.goodreads.com/book/show/138547698.0
25089208.0,Violet y Finch,4.11,400,"Mental Illness, Young Adult, Realistic Fiction",https://www.goodreads.com/book/show/25089208.0
7619292.0,"Twilight: The Graphic Novel, Vol. 1",3.90,216,"Fantasy, Graphic Novels, Manga",https://www.goodreads.com/book/show/7619292.0
50729853.0,Watch Over Me,3.83,264,"Fantasy, Magical Realism, Young Adult",https://www.goodreads.com/book/show/50729853.0
20983366.0,Wayfarer,3.80,544,"Science Fiction, Fantasy, Romance",https://www.goodreads.com/book/show/20983366.0
10858119.0,Water for Elephants by Sara Gruen Summary & Study Guide,3.88,N/A,Fiction,https://www.goodreads.com/book/show/10858119.0
37868569.0,We Set the Dark on Fire,3.75,400,"Fantasy, Lesbian, LGBT",https://www.goodreads.com/book/show/37868569.0
28169304.0,We Now Return to Regular Life,3.83,370,"Young Adult, Realistic Fiction, Mystery",https://www.goodreads.com/book/show/28169304.0
209575640.0,"[Whaam! The Art and Life of Roy Lichtenstein] [By: Rubin, Susan Goldman] [October, 2008]",0.00,N/A,,https://www.goodreads.com/book/show/209575640.0
25774435.0,We Believe You: Survivors of Campus Sexual Assault Speak Out,4.39,368,"Psychology, Essays, Feminism",https://www.goodreads.com/book/show/25774435.0
193539583.0,What Dread Hand (Haunting of Grey Hills) by Jennifer Skogen,0.00,N/A,,https://www.goodreads.com/book/show/193539583.0
170529.0,What My Mother Doesn't Know,3.83,261,"Banned Books, Realistic Fiction, Romance",https://www.goodreads.com/book/show/170529.0
61823173.0,"SUMMARY OF ""THE SUMMER I TURNED PRETTY TRILOGY"": The Summer I Turned Pretty; It's Not Summer Without You; We'll Always Have Summer by Jenny Han",4.12,N/A,,https://www.goodreads.com/book/show/61823173.0
144249760.0,"[What We Saw] [By: Hartzler, Aaron] [September, 2015]",0.00,N/A,,https://www.goodreads.com/book/show/144249760.0
45447218.0,Summary of Where the Crawdads Sing by Delia Owens,4.11,46,"Fiction, Audiobook",https://www.goodreads.com/book/show/45447218.0
12157780.0,When You Were Here,3.82,264,"Young Adult, Realistic Fiction, Travel",https://www.goodreads.com/book/show/12157780.0
25940397.0,What Will Grow?,4.17,32,"Picture Books, Childrens, Nature",https://www.goodreads.com/book/show/25940397.0
23210376.0,"Where She Went: by Gayle Forman (If I Stay, Book 2) | Summary & Analysis",3.70,45,,https://www.goodreads.com/book/show/23210376.0
21223879.0,Summary & Study Guide Wicked: The Life and Times of the Wicked Witch of the West by Gregory Maguire,5.00,69,,https://www.goodreads.com/book/show/21223879.0
156615338.0,"Withering TightsWITHERING TIGHTS by Rennison, Louise (Author) on Jun-26-2012 Paperback",3.00,N/A,,https://www.goodreads.com/book/show/156615338.0
50088956.0,Who Was Harvey Milk?,4.27,112,"LGBT, Biography, Kids",https://www.goodreads.com/book/show/50088956.0
15826648.0,Where the Stars Still Shine,3.83,352,"Young Adult, Realistic Fiction, Romance",https://www.goodreads.com/book/show/15826648.0
11443257.0,Summary & Study Guide Wizard and Glass by Stephen King,4.17,44,,https://www.goodreads.com/book/show/11443257.0
53624358.0,Winterkeep,4.00,528,"Fantasy, Romance, Fiction",https://www.goodreads.com/book/show/53624358.0
204663541.0,"[Women's Issues in Margaret Atwood's the Handmaid's Tale] (By: Director David E Nelson) [published: October, 2011]",0.00,N/A,,https://www.goodreads.com/book/show/204663541.0
11085327.0,Summary & Study Guide Wolves of the Calla by Stephen King,4.17,58,,https://www.goodreads.com/book/show/11085327.0
24763621.0,Wintersong,3.54,436,"Fantasy, Retellings, Romance",https://www.goodreads.com/book/show/24763621.0
11549446.0,"Darren Shan Demonata Collection: Thin Executioner, Demon Thief, Lord Loss, Slawter, Hell's Heroes, Dark Calling, Wolf Island, Death's Shadow And More",4.63,2383,"Fantasy, Childrens, Horror",https://www.goodreads.com/book/show/11549446.0
29638480.0,"Yo, Simon, Homo Sapiens",4.13,288,"Young Adult, LGBT, Romance",https://www.goodreads.com/book/show/29638480.0
228162063.0,Study Guide: Yaqui Delgado Wants to Kick Your Ass by Meg Medina,0.00,52,,https://www.goodreads.com/book/show/228162063.0
43562313.0,Yolk,3.94,400,"Romance, Fiction, Mental Health",https://www.goodreads.com/book/show/43562313.0
43212638.0,"You Do You: Figuring Out Your Body, Dating, and Sexuality",4.07,120,Nonfiction,https://www.goodreads.com/book/show/43212638.0
35431592.0,Zenobia July,4.11,320,"Middle Grade, Realistic Fiction, LGBT",https://www.goodreads.com/book/show/35431592.0
37822657.0,"You Don't Know Everything, Jilly P!",4.02,256,"Middle Grade, Realistic Fiction, LGBT",https://www.goodreads.com/book/show/37822657.0
44674908.0,You Too?: 25 Voices Share Their #MeToo Stories,4.37,320,"Essays, Feminism, Memoir",https://www.goodreads.com/book/show/44674908.0
33293040.0,"You Don't Know Me but I Know You: A Heartfelt Debut Young Adult Novel About Adoption, Pregnancy, Choice, and Unconditional Love",3.51,336,"Young Adult, Realistic Fiction, Adoption",https://www.goodreads.com/book/show/33293040.0
7171748.0,Zombies Vs. Unicorns,3.71,415,"Fantasy, Horror, Fiction",https://www.goodreads.com/book/show/7171748.0
31019571.0,10 Things I Can See From Here,3.57,312,"Young Adult, LGBT, Romance",https://www.goodreads.com/book/show/31019571.0
137616026.0,Zom-B Chronicles III: Bind-Up of Zom-B Baby and Zom-B Gladiator by Darren Shan (9-Apr-2015) Paperback,4.45,N/A,,https://www.goodreads.com/book/show/137616026.0
57552438.0,And They Lived . . .,3.94,384,"Young Adult, LGBT, Romance",https://www.goodreads.com/book/show/57552438.0
33296246.0,Almost Adulting: All You Need to Know to Get It Together,3.28,208,"Adult, Humor, Self Help",https://www.goodreads.com/book/show/33296246.0
34499238.0,As She Fades,3.74,272,"Romance, Fiction, Contemporary",https://www.goodreads.com/book/show/34499238.0
8494485.0,Bronxwood,4.39,336,"Urban, Realistic Fiction, Fiction",https://www.goodreads.com/book/show/8494485.0
150418259.0,Drama: A Graphic Novel,4.18,1,"Middle Grade, Graphic Novels, LGBT",https://www.goodreads.com/book/show/150418259.0
17456953.0,Lighter than My Shadow,4.40,509,"Mental Illness, Graphic Novels, Graphic Novels Comics",https://www.goodreads.com/book/show/17456953.0
40550366.0,Blood & Honey,3.51,536,"Fantasy, Romance, Romantasy",https://www.goodreads.com/book/show/40550366.0
6515763.0,How Beautiful the Ordinary: Twelve Stories of Identity,3.80,368,"LGBT, Fiction, Contemporary",https://www.goodreads.com/book/show/6515763.0
10572.0,A Clash of Kings,4.42,1009,"Fantasy, Adult, Fiction",https://www.goodreads.com/book/show/10572.0
77175686.0,Study Guide: My Friend Dahmer by Derf Backderf,0.00,N/A,,https://www.goodreads.com/book/show/77175686.0
52295479.0,Squad,3.79,213,"Fantasy, Graphic Novels, LGBT",https://www.goodreads.com/book/show/52295479.0
59856049.0,Speak Up!: A Graphic Novel,4.19,272,"Middle Grade, Graphic Novels, LGBT",https://www.goodreads.com/book/show/59856049.0
783291.0,The Almost Moon,2.73,295,"Adult, Fiction, Drama",https://www.goodreads.com/book/show/783291.0
40291564.0,Storm and Fury,4.03,512,"Fantasy, Urban Fantasy, Romance",https://www.goodreads.com/book/show/40291564.0
209364876.0,Study Guide: Ignite Me by Tahereh Mafi,4.00,73,,https://www.goodreads.com/book/show/209364876.0
6449290.0,The Girl Who Fell from the Sky,3.61,264,"Fiction, African American, Historical Fiction",https://www.goodreads.com/book/show/6449290.0
44805980.0,"The Hate U Give by Angie Thomas (Book Analysis): Detailed Summary, Analysis and Reading Guide",4.44,25,,https://www.goodreads.com/book/show/44805980.0
36203673.0,This Is Kind of an Epic Love Story,3.37,304,"Young Adult, LGBT, Romance",https://www.goodreads.com/book/show/36203673.0
127356884.0,"[THE VOICE OF THE NIGHT] BY Koontz, Dean R. (Author) Berkley (publisher) Massmarketpaperback",3.96,N/A,"Mystery, Horror, Fiction",https://www.goodreads.com/book/show/127356884.0
18465566.0,This One Summer,3.69,324,"Graphic Novels, Realistic Fiction, Fiction",https://www.goodreads.com/book/show/18465566.0
87591651.0,The Stand,4.35,N/A,"Science Fiction, Fantasy, Horror",https://www.goodreads.com/book/show/87591651.0
23677341.0,We Are the Ants,4.10,455,"Science Fiction, Young Adult, LGBT",https://www.goodreads.com/book/show/23677341.0
201907591.0,"(Almost Perfect) [By: Katcher, Brian] [Nov, 2010]",0.00,N/A,,https://www.goodreads.com/book/show/201907591.0
123106.0,Twisted,3.82,250,"High School, Young Adult, Realistic Fiction",https://www.goodreads.com/book/show/123106.0
156758105.0,[(Boy Toy )] [Author: Barry Lyga] [Jan-2009],0.00,N/A,,https://www.goodreads.com/book/show/156758105.0
30037870.0,Allegedly,4.02,390,"Young Adult, Mystery, Fiction",https://www.goodreads.com/book/show/30037870.0
18282117.0,1984: George Orwell,4.30,80,"Science Fiction, Classics, Fiction",https://www.goodreads.com/book/show/18282117.0
50748473.0,Cool for the Summer,3.75,272,"Lesbian, Young Adult, LGBT",https://www.goodreads.com/book/show/50748473.0
6149.0,Beloved,3.98,325,"Magical Realism, Classics, School",https://www.goodreads.com/book/show/6149.0
26239401.0,"Summary & Study Guide Bless Me, Ultima by Rudolfo Anaya",0.00,37,,https://www.goodreads.com/book/show/26239401.0
142320306.0,"The Art of the Story by Halpern, Daniel (2000) Paperback",3.00,N/A,,https://www.goodreads.com/book/show/142320306.0
23596885.0,All the Rage,3.79,336,"Young Adult, Realistic Fiction, Mystery",https://www.goodreads.com/book/show/23596885.0
61389548.0,Dear Medusa,4.27,384,"Young Adult, LGBT, Mental Health",https://www.goodreads.com/book/show/61389548.0
49025767.0,Darius the Great Deserves Better,4.24,342,"Young Adult, LGBT, Romance",https://www.goodreads.com/book/show/49025767.0
7172395.0,Brave New World by Aldous Huxley,4.19,N/A,Fiction,https://www.goodreads.com/book/show/7172395.0
36260155.0,Damsel,3.30,320,"Fantasy, Retellings, Dragons",https://www.goodreads.com/book/show/36260155.0
12437190.0,Crank by Ellen Hopkins l Summary & Study Guide,4.60,N/A,,https://www.goodreads.com/book/show/12437190.0
280243.0,Discovering Art History,3.56,638,"Art, History, Art History",https://www.goodreads.com/book/show/280243.0
76713323.0,Empire of Storms,4.63,733,"Fantasy, Romance, Fiction",https://www.goodreads.com/book/show/76713323.0
19365546.0,Summary & Study Guide Fallout by Ellen Hopkins,4.67,31,,https://www.goodreads.com/book/show/19365546.0
35297272.0,Emergency Contact,3.62,394,"Young Adult, Realistic Fiction, Romance",https://www.goodreads.com/book/show/35297272.0
45273930.0,"Exit West by Mohsin Hamid (Book Analysis): Detailed Summary, Analysis and Reading Guide",3.85,22,,https://www.goodreads.com/book/show/45273930.0
144233162.0,Down Sand Mountain by Steve Watkins,3.00,N/A,,https://www.goodreads.com/book/show/144233162.0
169756.0,Feed,3.55,308,"Science Fiction, Fantasy, Fiction",https://www.goodreads.com/book/show/169756.0
35721231.0,Girl Made of Stars,4.18,295,"Lesbian, Young Adult, LGBT",https://www.goodreads.com/book/show/35721231.0
20702546.0,"Gabi, a Girl in Pieces",3.95,284,"Young Adult, Realistic Fiction, LGBT",https://www.goodreads.com/book/show/20702546.0
270804.0,Glass,4.29,681,"Young Adult, Realistic Fiction, Addiction",https://www.goodreads.com/book/show/270804.0
32919114.0,"Fire Force, Vol. 1",4.09,194,"Fantasy, Manga, Graphic Novels",https://www.goodreads.com/book/show/32919114.0
49397758.0,Grown,4.24,384,"Young Adult, Mystery, Fiction",https://www.goodreads.com/book/show/49397758.0
45046086.0,"I Know Why the Caged Bird Sings by Maya Angelou (Book Analysis): Detailed Summary, Analysis and Reading Guide",3.80,26,,https://www.goodreads.com/book/show/45046086.0
37542448.0,Summary & Study Guide Identical by Ellen Hopkins,5.00,63,,https://www.goodreads.com/book/show/37542448.0
59808305.0,I'm the Girl,3.38,344,"Young Adult, LGBT, Mystery",https://www.goodreads.com/book/show/59808305.0
40218122.0,Summary & Study Guide Impulse by Ellen Hopkins,0.00,52,,https://www.goodreads.com/book/show/40218122.0
81071294.0,Study Guide: Last Night at the Telegraph Club by Malinda Lo,3.25,N/A,,https://www.goodreads.com/book/show/81071294.0
595265.0,Finance for Nonfinancial Managers: 24 Lessons to Understand and Evaluate Financial Health,2.83,48,"Self Help, Business, Economics",https://www.goodreads.com/book/show/595265.0
2954411.0,Living Dead Girl,3.78,170,"Young Adult, Realistic Fiction, Horror",https://www.goodreads.com/book/show/2954411.0
40190305.0,Like a Love Story,4.26,432,"LGBT, Romance, Fiction",https://www.goodreads.com/book/show/40190305.0
76715522.0,Kingdom of Ash,4.71,984,"Fantasy, Romance, Fiction",https://www.goodreads.com/book/show/76715522.0
99561.0,Looking for Alaska,3.96,221,"Young Adult, Realistic Fiction, Romance",https://www.goodreads.com/book/show/99561.0
39670893.0,ME and EARL and the Dying GIRL by Jesse Andrews: A Study Guide,2.67,37,,https://www.goodreads.com/book/show/39670893.0
15196.0,Maus I: A Survivor's Tale: My Father Bleeds History,4.39,159,"Graphic Novels, Biography, Comics",https://www.goodreads.com/book/show/15196.0
77175686.0,Study Guide: My Friend Dahmer by Derf Backderf,0.00,N/A,,https://www.goodreads.com/book/show/77175686.0
49676332.0,Study Guide: Nineteen Minutes by Jodi Picoult,4.00,80,,https://www.goodreads.com/book/show/49676332.0
35068534.0,Monday's Not Coming,4.26,448,"Young Adult, Mystery, Fiction",https://www.goodreads.com/book/show/35068534.0
75670224.0,Plan A,3.99,416,"Young Adult, Realistic Fiction, Romance",https://www.goodreads.com/book/show/75670224.0
38355061.0,People Kill People,3.87,431,"Banned Books, Young Adult, Realistic Fiction",https://www.goodreads.com/book/show/38355061.0
1928783.0,USING MEDICAL TERMINOLOGY: A PRACTICAL APPROACH: .,3.50,998,,https://www.goodreads.com/book/show/1928783.0
26107311.0,Summary of Ready Player One: by Ernest Cline | Summary & Analysis,4.26,116,,https://www.goodreads.com/book/show/26107311.0
58007522.0,SUMMARY AND ANALYSIS OF PROJECT HAIL MARY BY ANDY WEIR,4.00,79,,https://www.goodreads.com/book/show/58007522.0
124021126.0,"Perrine's Literature: Structure, Sound, and Sense by Arp, Thomas R., Johnson, Greg (July 1, 2005) Hardcover",0.00,N/A,,https://www.goodreads.com/book/show/124021126.0
129162465.0,Red,4.20,256,"Retellings, Young Adult, Realistic Fiction",https://www.goodreads.com/book/show/129162465.0
34810320.0,Sadie,4.03,308,"Young Adult, Mystery, Fiction",https://www.goodreads.com/book/show/34810320.0
40519259.0,Shout,4.24,304,"Mental Health, Contemporary, Feminism",https://www.goodreads.com/book/show/40519259.0
136990452.0,"Rumble by Hopkins, Ellen (August 26, 2014) Hardcover",4.05,N/A,"Young Adult, Realistic Fiction, LGBT",https://www.goodreads.com/book/show/136990452.0
59365594.0,See You Yesterday,3.86,419,"Science Fiction, Young Adult, Romance",https://www.goodreads.com/book/show/59365594.0
160146150.0,Smoke by Ellen Hopkins (10-Sep-2013) Hardcover,4.33,N/A,"Young Adult, Realistic Fiction, Romance",https://www.goodreads.com/book/show/160146150.0
424.0,Slouching Towards Bethlehem,4.18,238,"Classics, Essays, Journalism",https://www.goodreads.com/book/show/424.0
201114.0,Sold,4.24,268,"Banned Books, Realistic Fiction, Fiction",https://www.goodreads.com/book/show/201114.0
31398205.0,Student Workbook for Simmers / Simmers-Nartker/ Simmers-Kobelak’s DHO Health Science Updated Eighth Edition,5.00,640,,https://www.goodreads.com/book/show/31398205.0
39280444.0,Speak,4.05,224,"Banned Books, Young Adult, Realistic Fiction",https://www.goodreads.com/book/show/39280444.0
16793.0,Stardust,4.10,248,"Fantasy, Adventure, Romance",https://www.goodreads.com/book/show/16793.0
22752445.0,SuperMutant Magic Academy,3.99,276,"Fantasy, Humor, Graphic Novels",https://www.goodreads.com/book/show/22752445.0
41020406.0,The Black Flamingo,4.33,360,"Young Adult, LGBT, Fiction",https://www.goodreads.com/book/show/41020406.0
40060047.0,"A Streetcar Named Desire by Tennessee Williams (Book Analysis): Detailed Summary, Analysis and Reading Guide",3.33,28,,https://www.goodreads.com/book/show/40060047.0
45294414.0,Study Guide: The Bluest Eye by Toni Morrison,3.50,56,,https://www.goodreads.com/book/show/45294414.0
20414849.0,Summary & Study Guide The Glass Castle by Jeannette Walls,4.03,46,,https://www.goodreads.com/book/show/20414849.0
38448.0,The Handmaid's Tale By Margaret Atwood: A Post 16 Study Guide,3.79,40,"Classics, Audiobook",https://www.goodreads.com/book/show/38448.0
26095121.0,The Haters,3.41,352,"Banned Books, Humor, Young Adult",https://www.goodreads.com/book/show/26095121.0
36192182.0,"The Birds, The Bees, and You and Me",3.62,304,"Young Adult, Realistic Fiction, LGBT",https://www.goodreads.com/book/show/36192182.0
241199018.0,The Midnight Lie by Marie Rutkoski,0.00,N/A,,https://www.goodreads.com/book/show/241199018.0
56067904.0,Study Guide: The Nickel Boys by Colson Whitehead,1.00,48,,https://www.goodreads.com/book/show/56067904.0
25812109.0,The Female of the Species,4.14,368,"Young Adult, Mystery, Fiction",https://www.goodreads.com/book/show/25812109.0
62119766.0,The Luis Ortega Survival Club,4.20,320,"Lesbian, Young Adult, LGBT",https://www.goodreads.com/book/show/62119766.0
69438589.0,The Truth About Alice: A Novel,3.63,1,"High School, Banned Books, Young Adult",https://www.goodreads.com/book/show/69438589.0
19190194.0,Summary & Study Guide The Round House by Louise Erdrich,3.65,38,,https://www.goodreads.com/book/show/19190194.0
40801157.0,The Miseducation of Cameron Post,4.06,485,"Lesbian, Young Adult, LGBT",https://www.goodreads.com/book/show/40801157.0
20412869.0,Study Guide: The Perks of Being a Wallflower by Stephen Chbosky,3.98,38,Fiction,https://www.goodreads.com/book/show/20412869.0
37415.0,Their Eyes Were Watching God,3.99,238,"Classics, School, Fiction",https://www.goodreads.com/book/show/37415.0
24795284.0,Summary & Study Guide Thirteen Reasons Why by Jay Asher,3.88,52,,https://www.goodreads.com/book/show/24795284.0
18465566.0,This One Summer,3.69,324,"Graphic Novels, Realistic Fiction, Fiction",https://www.goodreads.com/book/show/18465566.0
30312837.0,The You I've Never Known,3.94,608,"Young Adult, Realistic Fiction, LGBT",https://www.goodreads.com/book/show/30312837.0
51712324.0,This Boy,3.08,288,"Young Adult, Realistic Fiction, Romance",https://www.goodreads.com/book/show/51712324.0
23015872.0,Traffick,4.27,505,"Young Adult, Realistic Fiction, LGBT",https://www.goodreads.com/book/show/23015872.0
76714487.0,Tower of Dawn,4.28,688,"Fantasy, Romance, Fiction",https://www.goodreads.com/book/show/76714487.0
5510384.0,Tricks,4.27,627,"Banned Books, Young Adult, Realistic Fiction",https://www.goodreads.com/book/show/5510384.0
123106.0,Twisted,3.82,250,"High School, Young Adult, Realistic Fiction",https://www.goodreads.com/book/show/123106.0
29401474.0,What Girls Are Made Of,3.78,200,"Banned Books, Young Adult, Realistic Fiction",https://www.goodreads.com/book/show/29401474.0
43562313.0,Yolk,3.94,400,"Romance, Fiction, Mental Health",https://www.goodreads.com/book/show/43562313.0
23677341.0,We Are the Ants,4.10,455,"Science Fiction, Young Adult, LGBT",https://www.goodreads.com/book/show/23677341.0
6323474.0,Beautiful,3.66,232,"Young Adult, Realistic Fiction, Romance",https://www.goodreads.com/book/show/6323474.0
44280883.0,All Boys Aren’t Blue,4.18,304,"Banned Books, LGBT, Biography",https://www.goodreads.com/book/show/44280883.0
19365546.0,Summary & Study Guide Fallout by Ellen Hopkins,4.67,31,,https://www.goodreads.com/book/show/19365546.0
55780535.0,Free Speech Handbook: A Practical Framework for Understanding Our Free Speech Protections,4.24,272,"Graphic Novels, American History, Law",https://www.goodreads.com/book/show/55780535.0
28003097.0,Georgia Peaches and Other Forbidden Fruit,3.75,437,"Lesbian, Young Adult, LGBT",https://www.goodreads.com/book/show/28003097.0
50175489.0,The Queer Bible,3.84,320,"LGBT, Essays, Anthologies",https://www.goodreads.com/book/show/50175489.0
6515763.0,How Beautiful the Ordinary: Twelve Stories of Identity,3.80,368,"LGBT, Fiction, Contemporary",https://www.goodreads.com/book/show/6515763.0
12437190.0,Crank by Ellen Hopkins l Summary & Study Guide,4.60,N/A,,https://www.goodreads.com/book/show/12437190.0
23015872.0,Traffick,4.27,505,"Young Adult, Realistic Fiction, LGBT",https://www.goodreads.com/book/show/23015872.0