book_title,state,ban_date,genre,ban_status,total_ban_instances,states_banned_in,districts_banned_in,pre_ban_popularity,avg_search_before,avg_search_after,spike_magnitude,max_search_before,max_search_after,percent_change,streisand_category,searches_increased,volatility
Day of the Dead,Florida,2022-01-01,"Picture Books, Holiday, Childrens, Halloween, Nonfiction, Family, Cultural",Banned Pending Investigation,1,1,1,Low Interest,1.91,67.73,65.82000000000001,100.0,100.0,3444.19,Strong Spike,True,34.39
Howl,Florida,2024-06-01,Young Adult Fiction,Banned,4,1,4,Moderate Interest,16.19,73.69,57.5,100.0,100.0,355.18,Strong Spike,True,30.15
The Hill,Missouri,2022-09-01,"Girls, Berkshire County (Mass.), Fiction, Meat industry and trade",Banned Pending Investigation,1,1,1,Popular,31.78,88.22,56.44,100.0,100.0,177.62,Strong Spike,True,29.13
The Right Fight,Tennessee,2025-02-01,"Juvenile Fiction, Africa, North, Performing Arts",Banned,1,1,1,Moderate Interest,5.68,61.33,55.65,100.0,100.0,980.23,Strong Spike,True,31.74
Herzog,Florida,2024-06-01,"Fiction, Classics, Literature, Novels, American, Nobel Prize, 20th Century",Banned by Restriction,1,1,1,Moderate Interest,9.92,64.78,54.86,100.0,100.0,552.86,Strong Spike,True,29.87
Drown,Texas,2023-11-01,Fiction,Banned,1,1,1,Moderate Interest,15.93,68.88,52.949999999999996,100.0,100.0,332.29,Strong Spike,True,27.75
The Event,Missouri,2022-09-01,"Comics & Graphic Novels, COMICS & GRAPHIC NOVELS",Banned Pending Investigation,1,1,1,Popular,23.74,75.96,52.22,100.0,100.0,219.89,Strong Spike,True,29.51
Thorn,Tennessee,2024-10-01,Young Adult Fiction,Banned,1,1,1,Popular,32.41,83.37,50.96000000000001,100.0,100.0,157.22,Strong Spike,True,27.03
To Kill a Mockingbird,North Carolina,2021-10-01,"Fiction, Historical Fiction, School, Literature, Young Adult, Historical, Read For School",Banned from Classrooms,6,6,6,Moderate Interest,16.83,66.38,49.55,100.0,100.0,294.32,Strong Spike,True,29.24
Innocence,Iowa,2024-06-01,"Fiction, Monsters",Banned,1,1,1,Moderate Interest,17.18,65.97,48.79,100.0,100.0,284.02,Strong Spike,True,27.61
Costume,Tennessee,2025-02-01,"Juvenile Nonfiction, Clothing and dress",Banned,1,1,1,Popular,26.64,73.94,47.3,100.0,100.0,177.52,Strong Spike,True,25.13
Orchards,Texas,2025-01-01,"Young Adult Fiction, Fruit, Microirrigation",Banned,1,1,1,Moderate Interest,19.52,65.57,46.05,100.0,100.0,235.86,Strong Spike,True,27.83
The Covenant of Water,Florida,2024-06-01,"Fiction, Historical Fiction, Audiobook, India, Historical, Literary Fiction, Book Club",Banned by Restriction,1,1,1,Moderate Interest,6.02,51.98,45.959999999999994,100.0,100.0,763.1,Strong Spike,True,29.87
Little Brother,Florida,2023-08-01,"Young Adult, Science Fiction, Fiction, Dystopia, Cyberpunk, Teen, Audiobook",Banned Pending Investigation,2,1,2,Popular,29.06,73.51,44.45,100.0,100.0,153.0,Strong Spike,True,24.41
Waiting For You,Iowa,2023-10-01,Young Adult Fiction,Banned Pending Investigation,2,1,2,Popular,37.39,81.67,44.28,100.0,100.0,118.42,Strong Spike,True,23.98
Canary,Iowa,2024-06-01,"Fiction, Juvenile Fiction",Banned Pending Investigation,1,1,1,Popular,41.03,84.46,43.42999999999999,100.0,100.0,105.82,Strong Spike,True,22.8
Stone Fox,Florida,2023-12-01,"Historical Fiction, Fiction, Childrens, Animals, Middle Grade, Realistic Fiction, Adventure",Banned Pending Investigation,1,1,1,Popular,21.77,63.56,41.790000000000006,100.0,100.0,191.99,Strong Spike,True,24.58
Cleopatra,Florida,2023-08-01,"Egypt, Queens",Banned Pending Investigation,1,1,1,Popular,23.57,64.62,41.050000000000004,100.0,100.0,174.21,Strong Spike,True,26.62
Cell,Florida,2024-05-01,"Horror, Fiction, Zombies, Thriller, Science Fiction, Post Apocalyptic, Fantasy",Banned,6,2,6,Popular,29.99,70.52,40.53,100.0,100.0,135.16,Strong Spike,True,23.53
Survivor,Florida,2024-06-01,Fiction,Banned by Restriction,1,1,1,Popular,22.43,62.22,39.79,100.0,100.0,177.37,Strong Spike,True,22.09
Kneel,Florida,2023-06-01,Young Adult Fiction,Banned Pending Investigation,1,1,1,Moderate Interest,13.53,52.86,39.33,100.0,100.0,290.56,Strong Spike,True,22.58
Queen,Florida,2023-08-01,"Dystopia, Young Adult, Science Fiction, Romance, Fiction, Fantasy, Teen",Banned Pending Investigation,1,1,1,Popular,37.04,76.12,39.080000000000005,100.0,100.0,105.49,Strong Spike,True,21.81
Jaws,Florida,2023-11-01,"Horror, Fiction, Thriller, Classics, Adventure, Suspense, Audiobook",Banned,3,1,3,Popular,35.06,72.79,37.730000000000004,100.0,100.0,107.64,Strong Spike,True,21.12
Native Son,Florida,2023-02-01,"Fiction, Classics, Historical Fiction, Race, African American, Literature, Banned Books",Banned Pending Investigation,29,6,29,Popular,23.59,60.91,37.31999999999999,100.0,100.0,158.22,Strong Spike,True,25.61
Drake,Florida,2024-06-01,"Juvenile Nonfiction, Young Adult Fiction",Banned by Restriction,1,1,1,Popular,21.38,58.62,37.239999999999995,100.0,100.0,174.22,Strong Spike,True,23.73
Never Never,Iowa,2023-10-01,Fiction,Banned,3,1,3,Very Popular,52.43,89.63,37.199999999999996,100.0,100.0,70.95,Strong Spike,True,19.59
The Summer I Turned Pretty,Florida,2023-10-01,"Romance, Young Adult, Contemporary, Fiction, Audiobook, Chick Lit, Young Adult Romance",Banned Pending Investigation,4,3,4,Popular,20.69,57.6,36.91,100.0,100.0,178.41,Strong Spike,True,23.89
Crushed,Florida,2023-08-01,"Romance, New Adult, Young Adult",Banned Pending Investigation,2,2,2,Very Popular,50.53,87.3,36.769999999999996,100.0,100.0,72.76,Strong Spike,True,20.64
Midnight Sun,Florida,2023-08-01,Young Adult Fiction,Banned Pending Investigation,3,3,3,Popular,28.93,65.13,36.199999999999996,100.0,100.0,125.12,Strong Spike,True,20.87
The Last 8,Texas,2024-06-01,Young Adult Fiction,Banned,1,1,1,Popular,29.69,65.68,35.99000000000001,100.0,100.0,121.22,Strong Spike,True,22.1
Full House,Florida,2023-10-01,"Romance, Mystery, Chick Lit, Fiction, Humor, Contemporary, Contemporary Romance",Banned,1,1,1,Popular,25.1,60.36,35.26,100.0,100.0,140.46,Strong Spike,True,20.49
Changeling,Florida,2023-12-01,"Historical Fiction, Young Adult, Fantasy, Historical, Fiction, Romance, Mystery",Banned Pending Investigation,1,1,1,Popular,22.63,56.98,34.349999999999994,100.0,100.0,151.74,Strong Spike,True,22.54
Kin,Florida,2023-08-01,"Graphic Novels, Fantasy, Young Adult, Comics, Urban Fantasy, Fairies, Fiction",Banned Pending Investigation,2,1,2,Popular,49.24,83.5,34.26,100.0,100.0,69.56,Strong Spike,True,18.53
Gender Identity,Texas,2024-08-01,Juvenile Nonfiction,Banned by Restriction,1,1,1,Popular,23.2,57.03,33.83,100.0,100.0,145.83,Strong Spike,True,21.64
Safe Haven,Florida,2023-08-01,"Romance, Fiction, Chick Lit, Contemporary, Adult, Contemporary Romance, Adult Fiction",Banned Pending Investigation,5,1,4,Popular,37.39,71.11,33.72,100.0,100.0,90.19,Strong Spike,True,20.49
Best in Show,Florida,2024-06-01,"Fiction, Arts",Banned by Restriction,1,1,1,Popular,32.59,66.29,33.7,100.0,100.0,103.41,Strong Spike,True,20.92
The Alamo,Texas,2025-02-01,History,Banned,1,1,1,Popular,26.17,59.78,33.61,100.0,100.0,128.45,Strong Spike,True,19.38
Birthday,Texas,2021-12-01,"Young Adult, LGBT, Contemporary, Romance, Queer, Fiction, Audiobook",Banned Pending Investigation,7,4,7,Popular,31.98,64.92,32.94,100.0,100.0,103.02,Strong Spike,True,19.13
Surrealism,Texas,2025-02-01,Juvenile Nonfiction,Banned,1,1,1,Popular,21.62,54.46,32.84,100.0,100.0,151.85,Strong Spike,True,21.88
Cubism,Texas,2024-09-01,Young Adult Nonfiction,Banned,1,1,1,Popular,30.47,62.79,32.32,100.0,100.0,106.09,Strong Spike,True,24.75
Gentlemen,Tennessee,2025-02-01,Young Adult Fiction,Banned,1,1,1,Popular,33.71,65.8,32.089999999999996,100.0,100.0,95.19,Strong Spike,True,21.9
Crossed,Tennessee,2025-02-01,"Young Adult, Dystopia, Romance, Science Fiction, Fiction, Fantasy, Teen",Banned,1,1,1,Popular,40.62,72.66,32.04,100.0,100.0,78.86,Strong Spike,True,18.32
The Learning Tree,Florida,2023-10-01,African American boys,Banned,2,1,2,Moderate Interest,11.72,43.72,32.0,100.0,100.0,272.99,Strong Spike,True,32.46
The Prince of Egypt,Florida,2023-06-01,"Juvenile Nonfiction, Bible",Banned from Libraries and Classrooms,1,1,1,Popular,29.2,61.11,31.91,100.0,100.0,109.28,Strong Spike,True,22.05
We Are Okay,Tennessee,2022-02-01,"Young Adult, LGBT, Contemporary, Fiction, Queer, Lesbian, Mental Health",Banned Pending Investigation,3,3,3,Moderate Interest,8.87,40.58,31.71,100.0,100.0,357.64,Strong Spike,True,33.59
Eggs,Florida,2023-12-01,Juvenile Fiction,Banned Pending Investigation,1,1,1,Popular,27.73,58.39,30.66,100.0,100.0,110.54,Strong Spike,True,18.25
Wrecked,Florida,2024-06-01,"Young Adult, Realistic Fiction, Fiction, Death, Teen, Contemporary, Tragedy",Banned,2,1,2,Popular,35.1,64.82,29.71999999999999,100.0,100.0,84.68,Strong Spike,True,17.8
Awakened,Florida,2023-08-01,"Young Adult, Vampires, Fantasy, Paranormal, Romance, Supernatural, Fiction",Banned,6,4,6,Popular,39.98,69.62,29.640000000000008,100.0,100.0,74.15,Strong Spike,True,21.65
The Hit,Florida,2024-06-01,"Young Adult, Science Fiction, Dystopia, Thriller, Romance, Crime, Teen",Banned,3,1,3,Popular,43.37,72.72,29.35,100.0,100.0,67.69,Strong Spike,True,17.34
Say Her Name,Tennessee,2022-02-01,"Poetry, Young Adult, Feminism, Audiobook, Contemporary, Social Justice, Middle Grade",Banned Pending Investigation,1,1,1,Popular,20.72,50.06,29.340000000000003,100.0,100.0,141.55,Strong Spike,True,31.28
The Changeling,Florida,2023-12-01,"Historical Fiction, Fiction, Fantasy, Ireland, Historical, 14th Century, Medieval",Banned Pending Investigation,1,1,1,Popular,20.47,49.38,28.910000000000004,100.0,100.0,141.26,Strong Spike,True,22.56
Bridge to Terabithia,Oklahoma,2021-10-01,"Fiction, Young Adult, Classics, Fantasy, Childrens, Middle Grade, Realistic Fiction",Banned Pending Investigation,2,2,2,Popular,26.08,54.4,28.32,100.0,100.0,108.61,Strong Spike,True,20.12
Headlock,Florida,2023-08-01,Young Adult Fiction,Banned Pending Investigation,1,1,1,Moderate Interest,17.83,45.91,28.08,100.0,100.0,157.45,Strong Spike,True,26.97
King of King Court,Missouri,2022-09-01,Comics & Graphic Novels,Banned Pending Investigation,1,1,1,Popular,34.17,62.13,27.96,100.0,100.0,81.85,Strong Spike,True,21.54
Home Again,Iowa,2024-06-01,"Fiction, Mothers and daughters, Single mothers",Banned,1,1,1,Popular,46.56,74.49,27.929999999999993,100.0,100.0,60.0,Strong Spike,True,16.35
The Grapes of Wrath,Wisconsin,2023-11-01,"Classics, Fiction, Historical Fiction, Literature, Novels, School, American",Banned by Restriction,2,2,2,Popular,21.1,48.89,27.79,100.0,100.0,131.7,Strong Spike,True,24.89
Leroy,Texas,2024-08-01,Juvenile Fiction,Banned by Restriction,1,1,1,Very Popular,50.92,77.72,26.799999999999997,100.0,100.0,52.63,Strong Spike,True,15.0
Papillon,Florida,2024-06-01,"Nonfiction, Biography, Classics, Memoir, Adventure, Autobiography, France",Banned by Restriction,1,1,1,Popular,49.87,76.42,26.550000000000004,100.0,100.0,53.25,Strong Spike,True,16.27
Rise to the Sun,Tennessee,2022-02-01,"Romance, Young Adult, LGBT, Contemporary, Lesbian, Queer, Fiction",Banned Pending Investigation,4,4,4,Popular,30.9,57.37,26.47,100.0,100.0,85.65,Strong Spike,True,28.35
Illegal,Texas,2022-10-01,Juvenile Fiction,Banned from Libraries,1,1,1,Very Popular,57.76,84.21,26.449999999999996,100.0,100.0,45.81,Strong Spike,True,14.96
Heaven,Florida,2023-08-01,Juvenile Fiction,Banned by Restriction,2,1,2,Popular,48.36,74.54,26.180000000000007,100.0,100.0,54.16,Strong Spike,True,15.45
Stargirl,Texas,2023-01-01,"Young Adult, Fiction, Contemporary, Realistic Fiction, Romance, Middle Grade, Childrens",Banned from Libraries,2,2,2,Popular,27.8,53.82,26.02,100.0,100.0,93.61,Strong Spike,True,18.85
Chosen,Florida,2022-12-01,"Young Adult, Vampires, Fantasy, Paranormal, Romance, Fiction, Supernatural",Banned Pending Investigation,21,5,20,Popular,36.73,62.32,25.590000000000003,100.0,100.0,69.66,Strong Spike,True,18.94
Gone Girl,Florida,2021-11-01,"Fiction, Mystery, Thriller, Mystery Thriller, Crime, Suspense, Contemporary",Banned from Libraries and Classrooms,11,6,11,Popular,39.14,64.34,25.200000000000003,100.0,100.0,64.38,Strong Spike,True,18.13
Not After Everything,Florida,2023-10-01,"Young Adult Fiction, Juvenile Fiction, Biography & Autobiography, Fiction",Banned,2,1,2,Popular,26.03,50.79,24.759999999999998,100.0,100.0,95.09,Strong Spike,True,31.35
Goya,Tennessee,2025-04-01,"Painters, Art",Banned,1,1,1,Very Popular,56.03,80.74,24.709999999999994,100.0,100.0,44.1,Strong Spike,True,14.78
Stage Dreams,Florida,2023-08-01,Young Adult Fiction,Banned Pending Investigation,3,3,3,Low Interest,2.01,26.7,24.689999999999998,100.0,100.0,1227.62,Strong Spike,True,29.96
Bob Marley,Florida,2023-08-01,"Electronic books, Reggae musicians",Banned Pending Investigation,1,1,1,Moderate Interest,19.03,42.92,23.89,100.0,100.0,125.51,Strong Spike,True,17.19
Middletown,Texas,2024-08-01,Young Adult Fiction,Banned by Restriction,1,1,1,Very Popular,59.2,83.07,23.86999999999999,100.0,100.0,40.32,Strong Spike,True,13.75
Tom,Texas,2024-08-01,Juvenile Fiction,Banned by Restriction,1,1,1,Popular,32.17,55.9,23.729999999999997,100.0,100.0,73.78,Strong Spike,True,15.69
The Crush,Iowa,2024-06-01,"Romance, Romantic Suspense, Mystery, Suspense, Thriller, Fiction, Audiobook",Banned,1,1,1,Very Popular,54.26,77.57,23.309999999999995,100.0,100.0,42.97,Strong Spike,True,14.44
The Ancient Greeks,Missouri,2022-09-01,"Juvenile Nonfiction, History",Banned Pending Investigation,2,2,2,Popular,27.09,50.11,23.02,100.0,100.0,84.99,Strong Spike,True,27.26
Message in a Bottle,Florida,2023-12-01,"Romance, Fiction, Chick Lit, Contemporary, Adult, Adult Fiction, Contemporary Romance",Banned Pending Investigation,3,2,3,Popular,25.02,47.43,22.41,100.0,100.0,89.56,Strong Spike,True,16.48
Extra Credit,Florida,2022-01-01,"Realistic Fiction, Middle Grade, Fiction, Childrens, School, Juvenile, Contemporary",Banned Pending Investigation,2,1,2,Very Popular,51.78,74.17,22.39,100.0,100.0,43.24,Strong Spike,True,16.2
Coma,Florida,2024-06-01,"Fiction, Thriller, Mystery, Horror, Medical, Suspense, Science Fiction",Banned by Restriction,1,1,1,Very Popular,54.91,77.21,22.299999999999997,100.0,100.0,40.61,Strong Spike,True,13.31
You Know Me Well,Texas,2021-12-01,"Young Adult, LGBT, Contemporary, Romance, Queer, Fiction, Lesbian",Banned Pending Investigation,2,1,2,Popular,36.8,58.46,21.660000000000004,100.0,100.0,58.85,Strong Spike,True,26.61
Stolen,Texas,2022-10-01,"Young Adult, Contemporary, Fiction, Romance, Realistic Fiction, Thriller, Mystery",Banned from Libraries,3,2,3,Very Popular,61.37,82.98,21.610000000000007,100.0,100.0,35.22,Strong Spike,True,12.31
Snuff,Iowa,2023-10-01,"Fiction, Contemporary, Novels, Horror, Adult, Humor, American",Banned Pending Investigation,1,1,1,Popular,49.2,70.72,21.519999999999996,100.0,100.0,43.74,Strong Spike,True,13.53
A Separate Peace,Iowa,2023-08-01,"Young adult fiction, coming-of-age novel",Banned,7,1,7,Popular,24.97,46.44,21.47,100.0,100.0,86.03,Strong Spike,True,31.93
Red Kayak,Florida,2025-04-01,Juvenile Fiction,Banned by Restriction,1,1,1,Moderate Interest,15.71,37.07,21.36,100.0,100.0,135.93,Strong Spike,True,33.54
Where We Go From Here,Tennessee,2022-02-01,"LGBT, Contemporary, Young Adult, Queer, Fiction, Romance, Audiobook",Banned Pending Investigation,4,2,4,Moderate Interest,13.53,34.8,21.269999999999996,100.0,100.0,157.14,Strong Spike,True,25.37
Resurrection,Florida,2023-08-01,"Classics, Fiction, Russian Literature, Russia, Literature, 19th Century, Novels",Banned Pending Investigation,1,1,1,Popular,38.38,59.64,21.259999999999998,100.0,100.0,55.41,Strong Spike,True,14.84
The Circle,Florida,2023-08-01,"Fiction, Science Fiction, Dystopia, Audiobook, Contemporary, Adult, Novels",Banned Pending Investigation,6,4,6,Very Popular,60.32,81.56,21.240000000000002,100.0,100.0,35.2,Strong Spike,True,18.32
The Hobbit,Texas,2022-10-01,"Fantasy, Graphic Novels, Classics, Fiction, Comics, Adventure, Young Adult",Banned from Libraries,1,1,1,Popular,36.31,57.52,21.21,100.0,100.0,58.41,Strong Spike,True,17.37
Playing a Part,Texas,2022-01-01,"LGBT, Young Adult, Russia, Realistic Fiction, Contemporary, Fiction, Teen",Banned Pending Investigation,2,2,2,Moderate Interest,18.99,40.11,21.12,100.0,100.0,111.23,Strong Spike,True,33.21
Future of Us,Florida,2023-08-01,Juvenile Fiction,Banned Pending Investigation,3,2,3,Popular,36.58,57.58,21.0,100.0,100.0,57.41,Strong Spike,True,24.03
Rumors,Florida,2023-12-01,"Historical Fiction, Young Adult, Romance, Historical, Fiction, Historical Romance, Chick Lit",Banned by Restriction,1,1,1,Popular,30.36,51.07,20.71,100.0,100.0,68.23,Strong Spike,True,13.89
The War Outside,Texas,2022-01-01,"Historical Fiction, Young Adult, Historical, World War II, Fiction, War, Audiobook",Banned Pending Investigation,1,1,1,Moderate Interest,13.72,34.39,20.67,100.0,100.0,150.61,Strong Spike,True,30.67
Sasaki and Miyano,Florida,2024-05-01,"Manga, Romance, Boys Love, LGBT, Queer, Contemporary, Young Adult",Banned Pending Investigation,1,1,1,Moderate Interest,11.5,32.12,20.619999999999997,100.0,100.0,179.32,Strong Spike,True,31.44
Frostbite,Florida,2023-06-01,"Young Adult, Fantasy, Vampires, Paranormal, Romance, Urban Fantasy, Paranormal Romance",Banned Pending Investigation,6,2,6,Popular,46.38,66.99,20.609999999999992,100.0,100.0,44.44,Strong Spike,True,16.68
Endangered,Florida,2023-08-01,"Mystery, Young Adult, Contemporary, Thriller, High School, Suspense, Mystery Thriller",Banned Pending Investigation,1,1,1,Popular,43.61,64.18,20.570000000000007,100.0,100.0,47.16,Strong Spike,True,23.47
The White Road,Florida,2024-06-01,Fiction,Banned by Restriction,1,1,1,Very Popular,51.21,71.7,20.490000000000002,100.0,100.0,40.01,Strong Spike,True,15.68
The Rescue,Florida,2023-08-01,"Romance, Fiction, Chick Lit, Contemporary, Adult, Adult Fiction, Contemporary Romance",Banned Pending Investigation,3,1,3,Popular,46.61,66.94,20.33,100.0,100.0,43.62,Strong Spike,True,12.91
Quest,Texas,2025-01-01,Juvenile Fiction,Banned,1,1,1,Very Popular,55.04,75.16,20.119999999999997,100.0,100.0,36.54,Strong Spike,True,12.68
Playback,Florida,2023-12-01,"Fiction, Comics & Graphic Novels",Banned Pending Investigation,1,1,1,Very Popular,57.04,77.07,20.029999999999994,100.0,100.0,35.1,Strong Spike,True,12.89
Your Own Safety,Texas,2024-08-01,Juvenile Nonfiction,Banned by Restriction,1,1,1,Moderate Interest,11.69,31.66,19.97,100.0,100.0,170.82,Strong Spike,True,34.45
Lost Boys,Florida,2022-01-01,"Historical Fiction, Middle Grade, Fiction, War, Young Adult, Iran, Historical",Banned Pending Investigation,1,1,1,Moderate Interest,19.11,38.74,19.630000000000003,100.0,100.0,102.73,Strong Spike,True,16.73
Touch Blue,Florida,2024-03-01,"Realistic Fiction, Middle Grade, Fiction, Childrens, Young Adult, Family, Juvenile",Banned Pending Investigation,1,1,1,Very Popular,59.81,79.2,19.39,100.0,100.0,32.42,Strong Spike,True,15.49
Faceless,Tennessee,2025-02-01,"Young Adult Fiction, Friendship",Banned,1,1,1,Very Popular,56.72,76.11,19.39,100.0,100.0,34.18,Strong Spike,True,14.17
The Female of the Species,Florida,2022-10-01,"Young Adult, Contemporary, Fiction, Mystery, Thriller, Feminism, Audiobook",Banned Pending Investigation,38,8,38,Moderate Interest,18.61,37.99,19.380000000000003,100.0,100.0,104.12,Strong Spike,True,33.46
Henri Matisse,Florida,2023-08-01,"Painting, Juvenile Nonfiction",Banned Pending Investigation,1,1,1,Popular,36.43,55.7,19.270000000000003,100.0,100.0,52.88,Strong Spike,True,29.19
Beartown,Florida,2022-09-01,"Fiction, Contemporary, Audiobook, Sports, Literary Fiction, Adult, Adult Fiction",Banned Pending Investigation,3,2,2,Popular,43.1,62.22,19.119999999999997,100.0,100.0,44.37,Strong Spike,True,22.88
The Contradictions,Texas,2024-08-01,Comics & Graphic Novels,Banned by Restriction,1,1,1,Moderate Interest,17.98,37.04,19.06,100.0,100.0,106.06,Strong Spike,True,32.47
The Inquisitor,Florida,2024-06-01,Fiction,Banned by Restriction,1,1,1,Popular,31.57,50.62,19.049999999999997,100.0,100.0,60.37,Strong Spike,True,27.62
Small Town Girl,Florida,2023-12-01,"Country musicians, Fiction",Banned Pending Investigation,1,1,1,Moderate Interest,14.26,33.24,18.980000000000004,100.0,100.0,133.2,Strong Spike,True,25.96
Democracy,Missouri,2022-09-01,"History, Comics & Graphic Novels",Banned Pending Investigation,1,1,1,Popular,38.03,57.01,18.979999999999997,100.0,100.0,49.9,Strong Spike,True,22.98
Media Violence,Tennessee,2025-02-01,"Family & Relationships, Mass media",Banned,1,1,1,Popular,32.89,51.81,18.92,100.0,100.0,57.53,Strong Spike,True,33.6
Hernan Cortes,Florida,2023-08-01,,Banned Pending Investigation,1,1,1,Popular,26.0,44.88,18.880000000000003,100.0,100.0,72.61,Strong Spike,True,31.23
The State of Us,Georgia,2023-08-01,,Banned Pending Investigation,2,2,2,Popular,41.91,60.72,18.810000000000002,100.0,100.0,44.88,Strong Spike,True,22.43
Brain Jack,Florida,2023-08-01,Young Adult Fiction,Banned Pending Investigation,1,1,1,Moderate Interest,6.66,25.38,18.72,100.0,100.0,281.3,Strong Spike,True,29.72
I Am Water,Tennessee,2022-02-01,"Young Adult, LGBT, Poetry, Queer",Banned Pending Investigation,3,2,3,Very Popular,58.89,77.49,18.599999999999994,100.0,100.0,31.58,Strong Spike,True,13.92
The Lucky One,Florida,2024-06-01,"Romance, Fiction, Chick Lit, Contemporary, Adult, Contemporary Romance, Adult Fiction",Banned,5,2,5,Popular,25.21,43.71,18.5,100.0,100.0,73.38,Strong Spike,True,18.35
Captain Marvel,Florida,2023-12-01,"Comics & Graphic Novels, Superheroes",Banned Pending Investigation,1,1,1,Popular,23.27,41.52,18.250000000000004,100.0,100.0,78.46,Strong Spike,True,17.83
Strings Attached,Florida,2023-08-01,Young Adult Fiction,Banned Pending Investigation,1,1,1,Popular,21.11,39.21,18.1,100.0,100.0,85.74,Strong Spike,True,16.7
The Skeletal and Muscular systems,Tennessee,2025-02-01,Science,Banned,1,1,1,Moderate Interest,10.99,28.6,17.61,100.0,100.0,160.26,Strong Spike,True,31.72
Killer,Florida,2023-08-01,"Young Adult, Mystery, Fiction, Contemporary, Romance, Chick Lit, Thriller",Banned Pending Investigation,2,1,2,Popular,42.13,59.62,17.489999999999995,100.0,100.0,41.51,Strong Spike,True,13.72
Manet,Tennessee,2025-04-01,Art,Banned,1,1,1,Moderate Interest,7.63,25.0,17.37,100.0,100.0,227.51,Strong Spike,True,13.42
Pablo Picasso,Florida,2023-08-01,Cubism,Banned Pending Investigation,1,1,1,Popular,33.71,50.91,17.199999999999996,100.0,100.0,51.02,Strong Spike,True,21.14
Lolita,Utah,2021-10-01,"Fiction, Literature, Russia, Novels, Romance, Russian Literature, Literary Fiction",Banned Pending Investigation,8,7,8,Popular,44.09,61.09,17.0,100.0,100.0,38.56,Strong Spike,True,12.87
None of the Above,Texas,2021-09-01,Young Adult Fiction,Banned Pending Investigation,7,5,7,Popular,37.67,54.61,16.939999999999998,100.0,100.0,44.99,Strong Spike,True,25.75
The Rule of Four,Florida,2023-08-01,"Fiction, Mystery, Thriller, Historical Fiction, Mystery Thriller, Suspense, Books About Books",Banned Pending Investigation,1,1,1,Popular,27.61,44.46,16.85,100.0,100.0,61.01,Strong Spike,True,32.42
The One and Only Bob,Florida,2023-09-01,"Juvenile Fiction, Fiction",Banned Pending Investigation,1,1,1,Low Interest,1.87,18.61,16.74,100.0,100.0,897.02,Strong Spike,True,23.92
The Nervous System,Tennessee,2025-02-01,"Nervous system, Juvenile Nonfiction",Banned,1,1,1,Very Popular,50.33,67.01,16.680000000000007,100.0,100.0,33.13,Strong Spike,True,24.75
Cured,Florida,2023-08-01,"Juvenile Fiction, Brothers and sisters",Banned Pending Investigation,1,1,1,Very Popular,71.54,88.2,16.659999999999997,100.0,100.0,23.28,Mild Increase,True,9.76
Heroin,Tennessee,2025-02-01,"History, Juvenile Nonfiction, Fiction, Poetry, Blotting paper",Banned,1,1,1,Very Popular,63.17,79.82,16.64999999999999,100.0,100.0,26.37,Strong Spike,True,12.47
Rising Out,Tennessee,2022-02-01,"Young Adult, Romance, Poetry, LGBT, Queer",Banned Pending Investigation,3,2,3,Very Popular,55.73,72.31,16.580000000000005,100.0,100.0,29.74,Strong Spike,True,15.39
Red Queen,Florida,2023-08-01,"Fantasy, Young Adult, Dystopia, Romance, Fiction, Young Adult Fantasy, Magic",Banned by Restriction,4,3,4,Very Popular,66.79,83.37,16.58,100.0,100.0,24.82,Mild Increase,True,12.42
Walk Two Moons,Tennessee,2021-11-01,"Young Adult, Fiction, Middle Grade, Childrens, Realistic Fiction, School, Classics",Banned from Classrooms,5,3,5,Moderate Interest,11.09,27.54,16.45,100.0,100.0,148.4,Strong Spike,True,32.59
Ancient Greece,Florida,2023-08-01,"History, Nonfiction, Greece, Childrens, Picture Books, Reference, Art",Banned Pending Investigation,1,1,1,Popular,37.79,54.21,16.42,100.0,100.0,43.46,Strong Spike,True,27.77
Grendel,Iowa,2023-10-01,"Fiction, Fantasy, Classics, Mythology, School, Literature, Novels",Banned Pending Investigation,1,1,1,Popular,43.71,60.11,16.4,100.0,100.0,37.52,Strong Spike,True,23.06
The Fire,Texas,2022-10-01,"Brothers and sisters, Juvenile Fiction, Fiction",Banned from Libraries,1,1,1,Very Popular,66.12,82.48,16.36,100.0,100.0,24.74,Mild Increase,True,11.4
1984,Pennsylvania,2023-01-01,"Classics, Fiction, Science Fiction, Dystopia, Literature, Politics, Novels",Banned Pending Investigation,13,4,13,Very Popular,67.49,83.72,16.230000000000004,100.0,100.0,24.05,Mild Increase,True,10.17
Babbitt,Florida,2023-08-01,"Fiction, Classics, Literature, Novels, American, 20th Century, Literary Fiction",Banned Pending Investigation,1,1,1,Popular,33.52,49.63,16.11,100.0,100.0,48.06,Strong Spike,True,15.71
Stardust,Florida,2023-08-01,"Fantasy, Fiction, Young Adult, Adventure, Audiobook, Magic, Science Fiction Fantasy",Banned,9,4,9,Very Popular,57.0,73.08,16.08,100.0,100.0,28.21,Strong Spike,True,12.74
Ulysses,Florida,2023-08-01,"Fiction, Literature, Classics, Ireland, Novels, Irish Literature, 20th Century",Banned Pending Investigation,7,2,7,Very Popular,60.23,76.12,15.890000000000008,100.0,100.0,26.38,Strong Spike,True,16.61
Kent State,Tennessee,2025-02-01,Young Adult Fiction,Banned,1,1,1,Popular,38.72,54.56,15.840000000000003,100.0,100.0,40.89,Strong Spike,True,15.96
After the Fall,Florida,2023-10-01,"Mystery, Mystery Thriller, Suspense, Crime, Fiction, Thriller",Banned,1,1,1,Very Popular,50.57,66.41,15.839999999999996,100.0,100.0,31.33,Strong Spike,True,22.75
First Time,Florida,2023-12-01,"Young Adult Fiction, Fiction, Crafts & Hobbies",Banned Pending Investigation,1,1,1,Very Popular,68.13,83.89,15.760000000000005,100.0,100.0,23.12,Mild Increase,True,10.25
Prodigy,Florida,2023-08-01,"Dystopia, Young Adult, Romance, Science Fiction, Fantasy, Fiction, Adventure",Banned Pending Investigation,2,2,2,Popular,28.24,43.9,15.66,100.0,100.0,55.43,Strong Spike,True,28.15
Dali,Tennessee,2025-02-01,"Art, Art appreciation",Banned,1,1,1,Popular,31.92,47.4,15.479999999999997,100.0,100.0,48.49,Strong Spike,True,11.05
Lightbringer,Florida,2023-10-01,Young Adult Fiction,Banned from Libraries and Classrooms,9,3,9,Popular,28.67,44.13,15.46,100.0,100.0,53.95,Strong Spike,True,24.18
Gertrude and Claudius,Florida,2023-10-01,"Fiction, Historical Fiction, Historical, Literature, American, Literary Fiction, Novels",Banned,1,1,1,Low Interest,2.77,18.03,15.260000000000002,100.0,100.0,551.81,Strong Spike,True,23.23
Greece,Tennessee,2025-02-01,"Juvenile Nonfiction, Greece",Banned,1,1,1,Very Popular,65.78,80.83,15.049999999999997,100.0,100.0,22.89,Mild Increase,True,11.42
Not Quite Narwhal,Florida,2023-06-01,"Juvenile Fiction, Friendship",Banned Pending Investigation,1,1,1,Unknown/Niche,0.0,14.97,14.97,0.0,100.0,,New Interest,True,26.5
Go Tell It on the Mountain,Florida,2023-08-01,"Fiction, Classics, African American, Race, Literature, Religion, Novels",Banned Pending Investigation,3,2,3,Moderate Interest,9.46,24.41,14.95,100.0,100.0,158.17,Strong Spike,True,31.27
Any Second,Tennessee,2024-10-01,Young Adult Fiction,Banned,1,1,1,Popular,45.63,60.54,14.909999999999997,100.0,100.0,32.68,Strong Spike,True,22.16
Death Wind,Texas,2021-12-01,"Banned Books, Young Adult, Fiction, Teen",Banned from Libraries,4,3,4,Moderate Interest,11.11,25.99,14.879999999999999,100.0,100.0,133.9,Strong Spike,True,31.77
Painting the Black,Florida,2023-08-01,Young Adult Fiction,Banned Pending Investigation,2,1,2,Popular,40.5,55.31,14.810000000000002,100.0,100.0,36.57,Strong Spike,True,31.57
Airlock,Texas,2024-08-01,Young Adult Fiction,Banned,2,2,2,Popular,46.32,61.03,14.71,100.0,100.0,31.76,Strong Spike,True,19.95
The Power of Six,Florida,2023-08-01,"Young Adult, Fantasy, Science Fiction, Fiction, Aliens, Adventure, Paranormal",Banned Pending Investigation,1,1,1,Popular,23.39,38.09,14.700000000000003,100.0,100.0,62.85,Strong Spike,True,31.45
That Weekend,Florida,2023-08-01,"Mystery, Young Adult, Thriller, Mystery Thriller, Audiobook, Fiction, Contemporary",Banned Pending Investigation,1,1,1,Very Popular,50.1,64.76,14.660000000000004,100.0,100.0,29.25,Strong Spike,True,15.12
The Da Vinci Code,Florida,2024-08-01,"Fiction, Mystery, Thriller, Mystery Thriller, Historical Fiction, Suspense, Adventure",Banned by Restriction,1,1,1,Popular,30.39,45.04,14.649999999999999,100.0,100.0,48.23,Strong Spike,True,21.94
Dark Places,Florida,2023-08-01,"Mystery, Fiction, Thriller, Mystery Thriller, Crime, Suspense, Audiobook",Banned,7,2,7,Very Popular,50.58,65.03,14.450000000000003,100.0,100.0,28.58,Strong Spike,True,15.0
Princess in Pink,Florida,2025-02-01,"Large print books, Young Adult Fiction, Juvenile Fiction, Diary fiction, American",Banned by Restriction,1,1,1,Low Interest,4.86,19.3,14.440000000000001,100.0,100.0,297.48,Strong Spike,True,29.67
I Must Betray You,Florida,2023-09-01,Young Adult Fiction,Banned Pending Investigation,1,1,1,Moderate Interest,6.21,20.64,14.43,100.0,100.0,232.38,Strong Spike,True,28.88
Into the Water,Florida,2023-08-01,"Mystery, Fiction, Thriller, Mystery Thriller, Audiobook, Suspense, Crime",Banned Pending Investigation,1,1,1,Popular,42.66,57.04,14.380000000000003,100.0,100.0,33.73,Strong Spike,True,25.43
Boys I Know,Iowa,2023-10-01,Young Adult Fiction,Banned Pending Investigation,3,2,3,Popular,25.39,39.62,14.229999999999997,100.0,100.0,56.06,Strong Spike,True,33.35
Frankenstein,Florida,2023-03-01,"Fiction, Juvenile Fiction, Dead",Banned from Libraries and Classrooms,1,1,1,Very Popular,54.8,68.98,14.180000000000007,100.0,100.0,25.87,Strong Spike,True,17.55
The Help,Florida,2023-08-01,"Fiction, Historical Fiction, Historical, Adult, Adult Fiction, Contemporary, Audiobook",Banned,3,2,3,Very Popular,53.06,67.19,14.129999999999995,100.0,100.0,26.64,Strong Spike,True,20.94
The Early 20th Century,Texas,2025-03-01,Art,Banned,1,1,1,Popular,38.37,52.46,14.090000000000003,100.0,100.0,36.72,Strong Spike,True,27.51
Eagle Feather,Florida,2022-01-01,"Fiction, Historical Fiction, American History, Childrens",Banned Pending Investigation,1,1,1,Moderate Interest,19.04,32.96,13.920000000000002,100.0,100.0,73.05,Strong Spike,True,32.73
Murder of Crows,Florida,2023-10-01,"Young Adult, Mystery, LGBT, Contemporary, Mystery Thriller, Fiction, Thriller",Banned Pending Investigation,1,1,1,Popular,22.71,36.63,13.920000000000002,100.0,100.0,61.3,Strong Spike,True,30.34
Fight Club,Florida,2023-06-01,"Fiction, Classics, Thriller, Novels, Mystery, Literature, Adult",Banned Pending Investigation,10,5,10,Very Popular,62.58,76.5,13.920000000000002,100.0,100.0,22.25,Mild Increase,True,11.99
Sexual Violence,Florida,2023-08-01,,Banned Pending Investigation,2,2,2,Popular,49.26,63.13,13.870000000000005,100.0,100.0,28.18,Strong Spike,True,22.47
Kingdom of the Wicked,Missouri,2022-09-01,"Fiction, Young Adult Fiction",Banned Pending Investigation,2,2,2,Popular,20.49,34.33,13.84,100.0,100.0,67.57,Strong Spike,True,28.83
Like a Love Story,Florida,2023-01-01,Young Adult Fiction,Banned from Libraries and Classrooms,37,8,37,Popular,20.63,34.47,13.84,100.0,100.0,67.04,Strong Spike,True,30.44
Runaway,Florida,2025-04-01,"Young Adult Fiction, Identity (Philosophical concept), Juvenile Fiction",Banned by Restriction,1,1,1,Very Popular,50.26,64.08,13.82,100.0,100.0,27.5,Strong Spike,True,11.99
Antisocial,Florida,2023-08-01,"Young Adult, Contemporary, Mystery, Realistic Fiction, Romance, Thriller, Mental Health",Banned Pending Investigation,4,1,3,Very Popular,60.33,74.12,13.790000000000006,100.0,100.0,22.85,Mild Increase,True,12.42
Horde,Missouri,2022-09-01,"Graphic Novels, Horror, Comics, Graphic Novels Comics, Fiction, Supernatural",Banned Pending Investigation,2,2,2,Very Popular,54.28,68.03,13.75,100.0,100.0,25.34,Strong Spike,True,11.47
The Color of Water,Tennessee,2024-10-01,"Comics & Graphic Novels, First loves",Banned,1,1,1,Popular,45.11,58.81,13.700000000000003,100.0,100.0,30.37,Strong Spike,True,26.55
United As One,Florida,2023-08-01,Extraterrestrial beings,Banned Pending Investigation,1,1,1,Popular,37.98,51.52,13.540000000000006,100.0,100.0,35.66,Strong Spike,True,24.75
The Snow Child,Wisconsin,2023-11-01,"Fiction, Historical Fiction, Fantasy, Magical Realism, Historical, Adult, Fairy Tales",Banned Pending Investigation,1,1,1,Low Interest,2.12,15.62,13.5,100.0,100.0,636.13,Strong Spike,True,24.35
Queerstory: An Infographic History of the Fight for LGBTQ+ Rights,Texas,2024-08-01,,Banned by Restriction,1,1,1,Very Popular,50.24,63.73,13.489999999999995,100.0,100.0,26.85,Strong Spike,True,20.49
Eden West,Florida,2023-08-01,"Young Adult, Cults, Realistic Fiction, Contemporary, Religion, Fiction, Cult Classics",Banned Pending Investigation,1,1,1,Popular,36.23,49.66,13.43,100.0,100.0,37.04,Strong Spike,True,19.13
The Hike,Florida,2024-06-01,"Fantasy, Fiction, Horror, Science Fiction, Audiobook, Adventure, Humor",Banned by Restriction,1,1,1,Very Popular,66.53,79.94,13.409999999999997,100.0,100.0,20.16,Mild Increase,True,10.67
Lady Midnight,Florida,2022-10-01,"Fantasy, Young Adult, Romance, Paranormal, Urban Fantasy, Young Adult Fantasy, Fiction",Banned Pending Investigation,14,3,13,Moderate Interest,10.98,24.34,13.36,100.0,100.0,121.76,Strong Spike,True,25.13
Street Dreams,Florida,2024-06-01,"Mystery, Fiction, Crime, Thriller, Mystery Thriller, Suspense, Jewish",Banned by Restriction,1,1,1,Popular,39.31,52.59,13.280000000000001,100.0,100.0,33.78,Strong Spike,True,19.11
To Have or to Be?,Florida,2023-08-01,"Philosophy, Psychology, Nonfiction, Sociology, Self Help, Politics, Psychoanalysis",Banned Pending Investigation,1,1,1,Popular,23.62,36.9,13.279999999999998,100.0,100.0,56.21,Strong Spike,True,34.15
A Thousand Splendid Suns,Pennsylvania,2023-02-01,"Fiction, Historical Fiction, Contemporary, Historical, Novels, War, Classics",Banned Pending Investigation,11,3,11,Popular,43.64,56.76,13.119999999999997,100.0,100.0,30.04,Strong Spike,True,28.18
The Girls,Florida,2024-06-01,"Fiction, Historical Fiction, Contemporary, Audiobook, Historical, Adult, Literary Fiction",Banned by Restriction,1,1,1,Very Popular,68.98,82.01,13.030000000000001,100.0,100.0,18.89,Mild Increase,True,9.14
Wayward Son,Florida,2022-07-01,"Fantasy, Young Adult, LGBT, Romance, Queer, Fiction, Audiobook",Banned Pending Investigation,2,2,2,Popular,32.51,45.49,12.980000000000004,100.0,100.0,39.92,Strong Spike,True,13.04
Ruthless,Florida,2023-08-01,"Young Adult, Mystery, Fiction, Contemporary, Romance, Chick Lit, Thriller",Banned Pending Investigation,2,2,2,Very Popular,59.4,72.38,12.979999999999997,100.0,100.0,21.85,Mild Increase,True,11.27
Recipe Box,Florida,2023-12-01,"Fiction, Chick Lit, Romance, Adult, Family, Womens Fiction, Drama",Banned Pending Investigation,1,1,1,Popular,27.87,40.78,12.91,100.0,100.0,46.33,Strong Spike,True,14.5
Pirates!,Florida,2023-08-01,"Historical Fiction, Young Adult, Pirates, Historical, Fiction, Adventure, Romance",Banned Pending Investigation,1,1,1,Popular,44.7,57.5,12.799999999999997,100.0,100.0,28.64,Strong Spike,True,17.99
Needlework,Texas,2024-08-01,Young Adult Fiction,Banned by Restriction,1,1,1,Popular,25.91,38.7,12.790000000000003,100.0,100.0,49.36,Strong Spike,True,29.33
Small Great Things,Tennessee,2024-10-01,"Fiction, Contemporary, Audiobook, Adult, Adult Fiction, Book Club, Race",Banned,1,1,1,Popular,25.6,38.37,12.769999999999996,100.0,100.0,49.87,Strong Spike,True,32.24
No One Else Can Have You,Florida,2023-10-01,Young Adult Fiction,Banned,2,1,2,Low Interest,2.11,14.81,12.700000000000001,100.0,100.0,601.58,Strong Spike,True,24.29
The Minotaur,Tennessee,2025-02-01,"Body, Mind & Spirit, Young Adult Fiction, Minotaur (Greek Mythology)., Juvenile Fiction",Banned,1,1,1,Popular,48.34,60.93,12.589999999999996,100.0,100.0,26.04,Strong Spike,True,20.17
I Think I Love You,Tennessee,2022-02-01,"Romance, LGBT, Lesbian, Young Adult, Queer, Contemporary, Fiction",Banned Pending Investigation,1,1,1,Very Popular,66.22,78.79,12.570000000000007,100.0,100.0,18.98,Mild Increase,True,12.82
Moxie,Florida,2023-08-01,"Young Adult, Contemporary, Feminism, Fiction, Realistic Fiction, Romance, Young Adult Contemporary",Banned Pending Investigation,3,2,3,Very Popular,64.73,77.3,12.569999999999993,100.0,100.0,19.41,Mild Increase,True,10.73
Gender Issues,Texas,2024-08-01,Young Adult Nonfiction,Banned by Restriction,1,1,1,Popular,27.34,39.88,12.540000000000003,100.0,100.0,45.84,Strong Spike,True,31.66
School Violence,Tennessee,2025-02-01,"Education, Public schools, Education, Higher",Banned,1,1,1,Popular,45.33,57.86,12.530000000000001,100.0,100.0,27.62,Strong Spike,True,25.34
The Beautiful,Texas,2023-03-01,Young Adult Fiction,Banned from Libraries,3,2,3,Very Popular,69.94,82.41,12.469999999999999,100.0,100.0,17.82,Mild Increase,True,8.72
The Fall of Five,Florida,2023-08-01,"Young Adult, Fantasy, Science Fiction, Fiction, Aliens, Adventure, Paranormal",Banned Pending Investigation,1,1,1,Moderate Interest,18.33,30.74,12.41,100.0,100.0,67.7,Strong Spike,True,30.98
Art of the Story,Virginia,2024-08-01,Performing Arts,Banned by Restriction,1,1,1,Popular,31.58,43.96,12.380000000000003,100.0,100.0,39.2,Strong Spike,True,26.91
The Bible,Utah,2023-05-01,,Banned Pending Investigation,3,2,3,Very Popular,61.29,73.66,12.369999999999997,100.0,100.0,20.18,Mild Increase,True,10.43
One of Us is Next,Texas,2022-10-01,"Mystery, Young Adult, Thriller, Mystery Thriller, Fiction, Contemporary, Audiobook",Banned from Libraries,4,3,4,Popular,32.39,44.76,12.369999999999997,100.0,100.0,38.18,Strong Spike,True,30.88
Once and for All,Florida,2023-08-01,Young Adult Fiction,Banned Pending Investigation,2,1,2,Popular,40.56,52.87,12.309999999999995,100.0,100.0,30.36,Strong Spike,True,21.69
The Nightingale,Florida,2023-11-01,"Historical Fiction, Fiction, Historical, Audiobook, World War II, War, Romance",Banned Pending Investigation,2,2,2,Very Popular,56.61,68.91,12.299999999999997,100.0,100.0,21.73,Mild Increase,True,13.21
American Spy,Texas,2024-08-01,Fiction,Banned,1,1,1,Popular,25.42,37.59,12.170000000000002,100.0,100.0,47.86,Strong Spike,True,24.32
The Lost Symbol,Florida,2023-08-01,"Fiction, Mystery, Thriller, Mystery Thriller, Suspense, Adventure, Historical Fiction",Banned Pending Investigation,3,2,3,Moderate Interest,13.04,25.11,12.07,100.0,100.0,92.5,Strong Spike,True,30.19
The Weight of Blood,Florida,2023-10-01,"Horror, Young Adult, Thriller, Audiobook, Fiction, Mystery, Retellings",Banned by Restriction,4,3,4,Popular,45.94,57.98,12.04,100.0,100.0,26.19,Strong Spike,True,23.31
Kung Fu,Texas,2024-11-01,Juvenile Nonfiction,Banned,1,1,1,Very Popular,52.46,64.48,12.020000000000003,100.0,100.0,22.92,Mild Increase,True,13.77
The Spanish-American War,Tennessee,2025-02-01,"Juvenile Nonfiction, Colorado, Soldiers' bodies, Disposition of",Banned,1,1,1,Popular,34.42,46.42,12.0,100.0,100.0,34.86,Strong Spike,True,33.27
Insatiable,Florida,2023-08-01,"Romance, Vampires, Fantasy, Paranormal, Chick Lit, Fiction, Paranormal Romance",Banned Pending Investigation,1,1,1,Popular,49.93,61.92,11.990000000000002,100.0,100.0,24.01,Mild Increase,True,13.22
The Key to You and Me,Tennessee,2022-02-01,Elocution,Banned Pending Investigation,2,2,2,Low Interest,3.08,15.06,11.98,100.0,100.0,389.17,Strong Spike,True,24.2
In the Time of the Butterflies,Florida,2023-08-01,"Historical Fiction, Fiction, Historical, Classics, School, Spanish Literature, Novels",Banned Pending Investigation,2,1,2,Moderate Interest,17.64,29.62,11.98,100.0,100.0,67.88,Strong Spike,True,31.74
Diary,Florida,2024-08-01,"Fiction, Horror, Contemporary, Thriller, Novels, Mystery, American",Banned,1,1,1,Very Popular,64.16,76.1,11.939999999999998,100.0,100.0,18.62,Mild Increase,True,10.73
The Voice of the Night,Florida,2024-02-01,"Horror, Fiction, Thriller, Suspense, Mystery, Mystery Thriller, Coming Of Age",Banned,5,2,5,Moderate Interest,12.48,24.31,11.829999999999998,100.0,100.0,94.84,Strong Spike,True,25.83
Remote Control,Texas,2025-02-01,"Fiction, Digital control systems",Banned by Restriction,1,1,1,Very Popular,61.6,73.39,11.79,100.0,100.0,19.14,Mild Increase,True,13.77
Drugs and the Family,Tennessee,2025-02-01,"Juvenile Nonfiction, Biography & Autobiography, True Crime",Banned,1,1,1,Popular,26.91,38.62,11.709999999999997,100.0,100.0,43.52,Strong Spike,True,31.11
Just One Year,Florida,2023-08-01,"Young Adult, Romance, Contemporary, Fiction, New Adult, Travel, Realistic Fiction",Banned Pending Investigation,4,2,4,Popular,38.98,50.66,11.68,100.0,100.0,29.96,Strong Spike,True,21.01
Otherwise,Texas,2024-08-01,"Juvenile Fiction, Great Britain",Banned by Restriction,1,1,1,Very Popular,53.38,65.01,11.630000000000003,100.0,100.0,21.79,Mild Increase,True,17.92
The hand on the wall,Florida,2023-08-01,"Mystery, Young Adult, Mystery Thriller, Audiobook, Contemporary, Fiction, Thriller",Banned Pending Investigation,1,1,1,Low Interest,4.98,16.59,11.61,100.0,100.0,233.26,Strong Spike,True,27.78
Abortion,Texas,2021-12-01,Abortion,Banned from Libraries,1,1,1,Moderate Interest,16.01,27.6,11.59,100.0,100.0,72.38,Strong Spike,True,14.38
Hate Groups,Tennessee,2025-02-01,"Arabs, Psychology, Fiction",Banned,1,1,1,Popular,22.73,34.3,11.569999999999997,100.0,100.0,50.88,Strong Spike,True,34.5
Sisterhood of the Traveling Pants,Florida,2023-08-01,"Young Adult, Fiction, Chick Lit, Contemporary, Romance, Teen, Realistic Fiction",Banned by Restriction,4,2,4,Popular,33.36,44.92,11.560000000000002,100.0,100.0,34.68,Strong Spike,True,14.57
Leonardo,Florida,2023-08-01,Art,Banned Pending Investigation,1,1,1,Popular,38.82,50.33,11.509999999999998,100.0,100.0,29.65,Strong Spike,True,14.43
A Raisin in the Sun,Oklahoma,2021-10-01,"Plays, Classics, Fiction, School, Drama, Read For School, Historical Fiction",Banned from Libraries and Classrooms,2,2,2,Popular,24.48,35.98,11.499999999999996,100.0,100.0,46.98,Strong Spike,True,21.08
Bloodhound,Florida,2023-08-01,"Young Adult Fiction, Counterfeits and counterfeiting, Juvenile Fiction",Banned Pending Investigation,1,1,1,Very Popular,53.44,64.91,11.469999999999999,100.0,100.0,21.46,Mild Increase,True,13.22
We Are Not Broken,Tennessee,2022-02-01,"Nonfiction, Memoir, LGBT, Audiobook, Queer, Contemporary, Biography",Banned Pending Investigation,2,2,2,Unknown/Niche,0.0,11.34,11.34,0.0,100.0,,New Interest,True,29.19
You and Me and Him,Texas,2022-01-01,"Young Adult, LGBT, Contemporary, Romance, Realistic Fiction, High School, Young Adult Contemporary",Banned Pending Investigation,2,2,2,Very Popular,57.1,68.4,11.300000000000004,100.0,100.0,19.79,Mild Increase,True,15.45
Abuela,Florida,2022-01-01,"Picture Books, Cultural, Childrens, Family, Spanish Literature, Fiction, Fantasy",Banned Pending Investigation,1,1,1,Popular,43.98,55.28,11.300000000000004,100.0,100.0,25.69,Strong Spike,True,15.23
Micro,Florida,2023-08-01,"Science Fiction, Fiction, Thriller, Adventure, Mystery, Audiobook, Horror",Banned Pending Investigation,1,1,1,Very Popular,75.23,86.48,11.25,100.0,100.0,14.95,Mild Increase,True,7.36
Birthright,Florida,2023-12-01,"Romance, Romantic Suspense, Mystery, Fiction, Contemporary Romance, Contemporary, Suspense",Banned Pending Investigation,1,1,1,Very Popular,52.58,63.77,11.190000000000005,100.0,100.0,21.28,Mild Increase,True,13.84
The Saints,Tennessee,2024-10-01,"Young Adult Fiction, Body, Mind & Spirit, Presbyterian Church",Banned,1,1,1,Moderate Interest,18.99,30.12,11.130000000000003,100.0,100.0,58.63,Strong Spike,True,16.67
Me Before You,Florida,2023-08-01,"Romance, Fiction, Contemporary, Chick Lit, Adult, Audiobook, Adult Fiction",Banned Pending Investigation,1,1,1,Very Popular,58.49,69.54,11.050000000000004,100.0,100.0,18.9,Mild Increase,True,11.61
Blood Sport,Texas,2021-12-01,"LGBT, Young Adult, Mystery, Transgender, Queer, Contemporary, Realistic Fiction",Banned Pending Investigation,3,2,3,Popular,25.81,36.79,10.98,100.0,100.0,42.53,Strong Spike,True,33.73
Dope Sick,Florida,2022-05-01,"Young Adult, Fiction, African American, Realistic Fiction, Magical Realism, Urban, Fantasy",Banned Pending Investigation,1,1,1,Popular,32.49,43.46,10.969999999999999,100.0,100.0,33.76,Strong Spike,True,22.48
The Sun Is Also a Star,Florida,2023-08-01,"Young Adult, Romance, Contemporary, Fiction, Audiobook, Realistic Fiction, Young Adult Contemporary",Banned,7,3,7,Popular,22.9,33.82,10.920000000000002,100.0,100.0,47.7,Strong Spike,True,32.21
East of Eden,Florida,2023-08-01,"Classics, Fiction, Historical Fiction, Literature, Novels, American, Literary Fiction",Banned,2,1,2,Popular,21.12,32.0,10.879999999999999,100.0,100.0,51.5,Strong Spike,True,11.69
Raphael,Tennessee,2025-04-01,Art,Banned,1,1,1,Very Popular,50.78,61.61,10.829999999999998,100.0,100.0,21.33,Mild Increase,True,9.76
The Activist,Texas,2022-10-01,"Juvenile Fiction, Boone, Theodore (Fictitious character)",Banned from Libraries,1,1,1,Popular,48.83,59.59,10.760000000000005,100.0,100.0,22.03,Mild Increase,True,22.26
The Shark King,Florida,2022-01-01,"Graphic Novels, Comics, Childrens, Picture Books, Mythology, Fiction, Folklore",Banned Pending Investigation,1,1,1,Low Interest,3.93,14.68,10.75,100.0,100.0,273.16,Strong Spike,True,22.63
Tomorrow and Tomorrow and Tomorrow,Iowa,2024-06-01,Fiction,Banned Pending Investigation,1,1,1,Very Popular,61.59,72.27,10.679999999999993,100.0,100.0,17.34,Mild Increase,True,9.74
More Than This,Florida,2023-08-01,"Young Adult, Science Fiction, LGBT, Fiction, Dystopia, Fantasy, Mystery",Banned Pending Investigation,2,2,2,Popular,41.22,51.86,10.64,100.0,100.0,25.8,Strong Spike,True,23.52
Playing the Field,Texas,2021-12-01,"Young Adult, Sports",Banned from Libraries,2,2,2,Moderate Interest,14.12,24.73,10.610000000000001,100.0,100.0,75.14,Strong Spike,True,22.19
Icebreaker,Florida,2023-06-01,"Sports Romance, Sports, Contemporary, Hockey, Enemies To Lovers, Audiobook, Contemporary Romance",Banned Pending Investigation,2,2,2,Very Popular,60.71,71.31,10.600000000000001,100.0,100.0,17.46,Mild Increase,True,14.37
Three Little Words,Iowa,2023-10-01,Fiction,Banned Pending Investigation,1,1,1,Moderate Interest,16.63,27.22,10.59,100.0,100.0,63.66,Strong Spike,True,31.1
Gladiator,Tennessee,2025-02-01,"Juvenile Nonfiction, Gladiators",Banned,1,1,1,Popular,23.41,33.96,10.55,100.0,100.0,45.04,Strong Spike,True,16.51
All Eyes On Her,Florida,2023-10-01,"Mystery, Young Adult, Thriller, Mystery Thriller, Fiction, Contemporary, Audiobook",Banned,2,1,2,Popular,26.76,37.27,10.510000000000002,100.0,100.0,39.29,Strong Spike,True,31.09
Godless,Wisconsin,2023-11-01,Juvenile Fiction,Banned Pending Investigation,1,1,1,Very Popular,53.06,63.57,10.509999999999998,100.0,100.0,19.81,Mild Increase,True,16.65
Tar Baby,Virginia,2022-10-01,African American women,Banned from Libraries and Classrooms,3,2,3,Moderate Interest,16.2,26.67,10.470000000000002,100.0,100.0,64.61,Strong Spike,True,29.33
The Gadgets,Texas,2022-10-01,"Children's literature, Biography & Autobiography, Fathers and sons",Banned from Libraries,1,1,1,Popular,41.98,52.43,10.450000000000003,100.0,100.0,24.91,Mild Increase,True,20.89
Holes,Texas,2024-11-01,"Young Adult, Fiction, Middle Grade, Childrens, Classics, Realistic Fiction, School",Banned,1,1,1,Very Popular,75.7,86.13,10.429999999999993,100.0,100.0,13.78,Mild Increase,True,7.68
Darkest Hour,Florida,2025-04-01,Young Adult Fiction,Banned by Restriction,1,1,1,Popular,43.23,53.52,10.290000000000006,100.0,100.0,23.8,Mild Increase,True,16.64
Dear John,Florida,2023-08-01,"Romance, Fiction, Chick Lit, Contemporary, Adult, Adult Fiction, Contemporary Romance",Banned Pending Investigation,2,1,2,Moderate Interest,14.98,25.27,10.29,100.0,100.0,68.69,Strong Spike,True,12.81
Fair Weather,Florida,2023-08-01,"Historical Fiction, Young Adult, Fiction, Middle Grade, Childrens, Historical, Humor",Banned Pending Investigation,1,1,1,Popular,42.43,52.7,10.270000000000003,100.0,100.0,24.19,Mild Increase,True,17.68
Beautiful Disaster,Florida,2023-01-01,"New Adult, Contemporary, Young Adult, Contemporary Romance, College, Fiction, Chick Lit",Banned Pending Investigation,10,2,10,Moderate Interest,17.71,27.97,10.259999999999998,100.0,100.0,57.9,Strong Spike,True,17.22
Homosexuality,Pennsylvania,2024-08-01,Gay rights,Banned Pending Investigation,1,1,1,Very Popular,57.88,67.99,10.109999999999992,100.0,100.0,17.47,Mild Increase,True,11.81
The Fountainhead,Florida,2023-08-01,"Fiction, Classics, Philosophy, Literature, Novels, Politics, Architecture",Banned,9,1,9,Moderate Interest,13.22,23.22,9.999999999999998,100.0,100.0,75.63,Strong Spike,True,27.61
Annexed,Florida,2023-08-01,Young Adult Fiction,Banned Pending Investigation,4,1,3,Popular,29.5,39.46,9.96,100.0,100.0,33.75,Strong Spike,True,23.44
One For All,Florida,2024-10-01,Young Adult Fiction,Banned by Restriction,1,1,1,Very Popular,51.49,61.4,9.909999999999997,100.0,100.0,19.25,Mild Increase,True,23.02
All This Time,Florida,2023-08-01,Young Adult Fiction,Banned,6,2,6,Popular,44.32,54.22,9.899999999999999,100.0,100.0,22.34,Mild Increase,True,19.64
The Fugitive,Texas,2022-10-01,"Juvenile Fiction, Fiction",Banned from Libraries,1,1,1,Popular,30.93,40.77,9.840000000000003,100.0,100.0,31.79,Strong Spike,True,16.35
King Kong,Florida,2023-03-01,Horror films,Banned from Libraries and Classrooms,1,1,1,Very Popular,57.46,67.29,9.830000000000005,100.0,100.0,17.11,Mild Increase,True,12.79
Happily Ever After,Florida,2023-03-01,Fiction,Banned from Libraries and Classrooms,1,1,1,Popular,29.08,38.9,9.82,100.0,100.0,33.78,Strong Spike,True,15.11
Among the Hidden,Texas,2024-08-01,"Young Adult, Dystopia, Science Fiction, Fiction, Middle Grade, Childrens, Fantasy",Banned,1,1,1,Moderate Interest,19.4,29.2,9.8,100.0,100.0,50.52,Strong Spike,True,31.09
Remember When,Florida,2023-03-01,"Romance, Mystery, Romantic Suspense, Fiction, Crime, Suspense, Audiobook",Banned from Libraries and Classrooms,3,1,3,Very Popular,67.43,77.23,9.799999999999997,100.0,100.0,14.53,Mild Increase,True,13.2
The Outcast,Texas,2023-03-01,"Young Adult Fiction, Juvenile Fiction",Banned from Libraries,1,1,1,Very Popular,56.52,66.32,9.79999999999999,100.0,100.0,17.34,Mild Increase,True,16.61
The Big Sleep,Florida,2024-06-01,"Mystery, Fiction, Classics, Crime, Noir, Detective, Mystery Thriller",Banned by Restriction,1,1,1,Very Popular,51.49,61.28,9.79,100.0,100.0,19.01,Mild Increase,True,19.37
So Done,Florida,2023-08-01,"Middle Grade, Realistic Fiction, Young Adult, Contemporary, Audiobook, Family, African American",Banned Pending Investigation,1,1,1,Very Popular,51.81,61.54,9.729999999999997,100.0,100.0,18.79,Mild Increase,True,18.28
Take Me With You When You Go,Florida,2023-10-01,"Young Adult, Contemporary, Fiction, LGBT, Romance, Realistic Fiction, Audiobook",Banned Pending Investigation,2,2,2,Moderate Interest,6.68,16.36,9.68,100.0,100.0,144.93,Strong Spike,True,26.79
Firefly Lane,Iowa,2023-10-01,"Fiction, Chick Lit, Romance, Contemporary, Historical Fiction, Audiobook, Adult",Banned,3,2,3,Popular,46.94,56.6,9.660000000000004,100.0,100.0,20.57,Mild Increase,True,16.67
Internet Famous,Texas,2024-11-01,Juvenile Fiction,Banned by Restriction,1,1,1,Moderate Interest,8.78,18.43,9.65,100.0,100.0,110.0,Strong Spike,True,25.73
Contemporary Art,Texas,2024-08-01,Art,Banned,1,1,1,Very Popular,70.27,79.89,9.620000000000005,100.0,100.0,13.69,Mild Increase,True,11.16
Before We Were Free,Texas,2022-10-01,"Young Adult Fiction, Juvenile Fiction",Banned from Libraries,1,1,1,Low Interest,3.88,13.5,9.620000000000001,100.0,100.0,248.14,Strong Spike,True,24.83
Sirens,Missouri,2022-09-01,Juvenile Nonfiction,Banned Pending Investigation,1,1,1,Very Popular,60.77,70.38,9.609999999999992,100.0,100.0,15.82,Mild Increase,True,10.66
Front Lines,Florida,2023-08-01,"Historical Fiction, Young Adult, Historical, War, Fiction, Alternate History, World War II",Banned Pending Investigation,1,1,1,Very Popular,57.42,67.01,9.590000000000003,100.0,100.0,16.7,Mild Increase,True,15.55
When You Get the Chance,Tennessee,2022-02-01,"Young Adult Fiction, Fiction",Banned Pending Investigation,2,2,2,Moderate Interest,6.74,16.31,9.569999999999999,100.0,100.0,141.85,Strong Spike,True,25.71
The Lovely Bones,Oklahoma,2021-10-01,"Fiction, Mystery, Young Adult, Contemporary, Fantasy, Thriller, Crime",Banned from Classrooms,44,11,44,Moderate Interest,17.49,27.04,9.55,100.0,100.0,54.64,Strong Spike,True,15.79
Allegedly,Florida,2022-09-01,"Young Adult, Mystery, Fiction, Contemporary, Thriller, Audiobook, Mystery Thriller",Banned from Libraries and Classrooms,27,11,27,Very Popular,57.34,66.81,9.469999999999999,100.0,100.0,16.51,Mild Increase,True,15.76
Once and Future,Florida,2023-08-01,Young Adult Fiction,Banned,6,1,6,Popular,31.63,41.06,9.430000000000003,100.0,100.0,29.79,Strong Spike,True,18.36
Heart Bones,Florida,2023-10-01,"Romance, Contemporary, New Adult, Fiction, Contemporary Romance, Young Adult, Adult",Banned Pending Investigation,9,2,9,Popular,49.57,58.99,9.420000000000002,100.0,100.0,19.01,Mild Increase,True,19.73
Mostly Harmless,Florida,2023-12-01,"Science Fiction, Fiction, Humor, Fantasy, Comedy, Science Fiction Fantasy, Classics",Banned Pending Investigation,1,1,1,Unknown/Niche,0.0,9.41,9.41,0.0,100.0,,New Interest,True,18.75
The List,Iowa,2023-10-01,Young Adult Fiction,Banned,2,1,2,Very Popular,64.48,73.86,9.379999999999995,100.0,100.0,14.54,Mild Increase,True,18.01
Reunited,Florida,2023-08-01,Young Adult Fiction,Banned Pending Investigation,1,1,1,Very Popular,60.03,69.41,9.379999999999995,100.0,100.0,15.62,Mild Increase,True,13.0
A Good Girl's Guide to Murder,Florida,2023-08-01,"Mystery, Young Adult, Thriller, Mystery Thriller, Fiction, Contemporary, Crime",Banned by Restriction,2,1,2,Moderate Interest,12.12,21.47,9.35,100.0,100.0,77.09,Strong Spike,True,29.15
Looking For Group,Texas,2024-08-01,,Banned,2,2,2,Popular,44.78,54.12,9.339999999999996,100.0,100.0,20.87,Mild Increase,True,21.6
The Beginning of Everything,Florida,2023-08-01,"Young Adult, Contemporary, Romance, Fiction, Realistic Fiction, Young Adult Contemporary, Coming Of Age",Banned,2,1,2,Moderate Interest,15.72,25.01,9.290000000000001,100.0,100.0,59.08,Strong Spike,True,32.54
One Man Guy,Texas,2021-12-01,"LGBT, Young Adult, Romance, Contemporary, Queer, Fiction, M M Romance",Banned Pending Investigation,4,2,4,Moderate Interest,10.84,20.07,9.23,100.0,100.0,85.04,Strong Spike,True,27.98
Like Water for Chocolate,Florida,2023-08-01,"Fiction, Magical Realism, Romance, Historical Fiction, Classics, Fantasy, Food",Banned,3,1,3,Popular,24.1,33.32,9.219999999999999,100.0,100.0,38.27,Strong Spike,True,31.48
Crazy Rich Asians,Tennessee,2024-10-01,"Fiction, Romance, Contemporary, Chick Lit, Audiobook, Adult, Humor",Banned,1,1,1,Popular,27.19,36.41,9.219999999999995,100.0,100.0,33.92,Strong Spike,True,15.73
The Real Deal,Florida,2023-12-01,Fiction,Banned Pending Investigation,1,1,1,Very Popular,53.42,62.63,9.21,100.0,100.0,17.24,Mild Increase,True,17.67
Date Violence,Tennessee,2025-02-01,Juvenile Nonfiction,Banned,1,1,1,Low Interest,3.79,12.96,9.170000000000002,100.0,100.0,241.94,Strong Spike,True,24.72
The Pirate,Florida,2023-12-01,"Romance, Contemporary, Contemporary Romance, Fiction, Audiobook, Suspense, Historical Romance",Banned Pending Investigation,1,1,1,Very Popular,69.7,78.87,9.170000000000002,100.0,100.0,13.15,Mild Increase,True,10.2
How Not to Disappear,Texas,2024-11-01,Juvenile Fiction,Banned,1,1,1,Moderate Interest,11.04,20.2,9.16,100.0,100.0,82.9,Strong Spike,True,30.01
Permanent Record,Florida,2023-08-01,"Romance, Young Adult, Contemporary, Fiction, New Adult, Audiobook, Young Adult Contemporary",Banned Pending Investigation,4,3,4,Moderate Interest,18.08,27.19,9.110000000000003,100.0,100.0,50.4,Strong Spike,True,29.15
In Too Deep,Florida,2023-08-01,Young Adult Fiction,Banned Pending Investigation,2,1,2,Popular,46.06,55.14,9.079999999999998,100.0,100.0,19.73,Mild Increase,True,13.22
We Know It Was You,Texas,2023-08-01,"Mystery, Young Adult, Mystery Thriller, Thriller, Fiction, Contemporary, High School",Banned Pending Investigation,3,3,3,Popular,41.54,50.6,9.060000000000002,100.0,100.0,21.8,Mild Increase,True,24.11
So Yesterday,Florida,2023-08-01,"Young Adult Fiction, Missing persons, Adventure stories",Banned Pending Investigation,1,1,1,Popular,32.4,41.46,9.060000000000002,100.0,100.0,27.95,Strong Spike,True,28.38
The Children's Bible,Florida,2022-09-01,"Bible stories, English",Banned from Libraries and Classrooms,2,2,2,Moderate Interest,6.84,15.84,9.0,100.0,100.0,131.49,Strong Spike,True,26.44
The Big Bad Wolf,Florida,2023-08-01,Fiction,Banned Pending Investigation,3,1,3,Popular,21.58,30.58,9.0,100.0,100.0,41.71,Strong Spike,True,31.12
The Obsession,Florida,2024-05-01,Young Adult Fiction,Banned,4,1,4,Very Popular,61.36,70.26,8.900000000000006,100.0,100.0,14.51,Mild Increase,True,13.7
Tree,Florida,2023-08-01,"Juvenile Nonfiction, Trees",Banned Pending Investigation,1,1,1,Very Popular,76.93,85.73,8.799999999999997,100.0,100.0,11.44,Mild Increase,True,8.16
Summer Island,Iowa,2024-06-01,"Fiction, Romance, Chick Lit, Contemporary, Drama, Adult, Womens Fiction",Banned,1,1,1,Very Popular,58.51,67.26,8.750000000000007,100.0,100.0,14.94,Mild Increase,True,17.57
Shadows,Florida,2023-08-01,"Young Adult, Paranormal, Romance, Fantasy, Aliens, Science Fiction, Paranormal Romance",Banned Pending Investigation,1,1,1,Very Popular,56.88,65.52,8.639999999999993,100.0,100.0,15.2,Mild Increase,True,12.01
Festival of Colors,Florida,2022-01-01,"Picture Books, Holiday, Childrens, India, Cultural, Storytime, Realistic Fiction",Banned Pending Investigation,1,1,1,Unknown/Niche,0.0,8.62,8.62,0.0,100.0,,New Interest,True,19.33
The Boy Who Harnessed The Wind,Texas,2025-03-01,"Juvenile Nonfiction, Biography & Autobiography, Electric power production",Banned by Restriction,1,1,1,Popular,43.96,52.53,8.57,100.0,100.0,19.51,Mild Increase,True,29.99
Little Do We Know,Texas,2023-03-01,Young Adult Fiction,Banned from Libraries,1,1,1,Popular,30.01,38.57,8.559999999999999,100.0,100.0,28.51,Strong Spike,True,32.38
Cherokee Rose,Tennessee,2025-02-01,"Juvenile Nonfiction, Cherokee Indians",Banned,1,1,1,Moderate Interest,6.14,14.68,8.54,100.0,100.0,138.88,Strong Spike,True,24.46
The Return,Iowa,2024-06-01,Fiction,Banned,2,2,2,Very Popular,69.24,77.77,8.530000000000001,100.0,100.0,12.31,Mild Increase,True,9.85
The Iroquois,Tennessee,2025-02-01,Juvenile Nonfiction,Banned,1,1,1,Popular,37.9,46.31,8.410000000000004,100.0,100.0,22.19,Mild Increase,True,27.0
Pretty Little Liars,Florida,2023-08-01,"Young Adult, Mystery, Contemporary, Fiction, Romance, Chick Lit, Thriller",Banned,3,2,3,Very Popular,64.4,72.81,8.409999999999997,100.0,100.0,13.06,Mild Increase,True,11.23
Diseases,Florida,2023-08-01,"Juvenile Nonfiction, Diseases",Banned Pending Investigation,1,1,1,Very Popular,68.2,76.59,8.39,100.0,100.0,12.3,Mild Increase,True,14.79
Playing Hard to Get,Iowa,2023-10-01,"Sports Romance, Romance, Sports, College, Football, New Adult, Friends To Lovers",Banned,1,1,1,Moderate Interest,7.96,16.33,8.369999999999997,100.0,100.0,105.31,Strong Spike,True,26.31
Over the Edge,Florida,2024-06-01,"Romance, Romantic Suspense, Suspense, Military Fiction, Contemporary, Contemporary Romance, Fiction",Banned by Restriction,1,1,1,Popular,38.41,46.76,8.350000000000001,100.0,100.0,21.72,Mild Increase,True,12.77
See All the Stars,Florida,2023-10-01,"Young Adult, Contemporary, Mystery, Thriller, Romance, Mystery Thriller, Realistic Fiction",Banned Pending Investigation,2,1,2,Moderate Interest,13.23,21.52,8.29,100.0,100.0,62.64,Strong Spike,True,30.63
Screenshot,Tennessee,2025-02-01,"Young Adult Fiction, Best friends",Banned,1,1,1,Very Popular,74.42,82.67,8.25,100.0,100.0,11.08,Mild Increase,True,14.25
Famous Last Words,Texas,2024-09-01,"Fiction, Canada, Historical Fiction, War, Historical, Literature, Canadian Literature",Banned,1,1,1,Popular,22.16,30.41,8.25,100.0,100.0,37.26,Strong Spike,True,30.15
Lonesome Dove,Florida,2023-10-01,"Fiction, Historical Fiction, Westerns, Classics, Historical, Adventure, Novels",Banned,4,1,4,Popular,43.79,52.04,8.25,100.0,100.0,18.85,Mild Increase,True,12.96
The Long Walk,Florida,2023-10-01,"Horror, Fiction, Dystopia, Thriller, Science Fiction, Fantasy, Audiobook",Banned,6,2,6,Very Popular,64.23,72.34,8.11,100.0,100.0,12.63,Mild Increase,True,15.01
Dear Evan Hansen,Florida,2023-08-01,Young Adult Fiction,Banned Pending Investigation,5,3,5,Very Popular,51.41,59.5,8.090000000000003,100.0,100.0,15.73,Mild Increase,True,15.1
Vigilante,Florida,2024-04-01,Young Adult Fiction,Banned,5,2,5,Very Popular,65.58,73.66,8.079999999999998,100.0,100.0,12.32,Mild Increase,True,9.28
Wait Till Helen Comes,Florida,2024-10-01,Juvenile Fiction,Banned,1,1,1,Low Interest,2.04,10.07,8.030000000000001,100.0,100.0,392.39,Strong Spike,True,21.23
The Belles,Florida,2023-10-01,"Fantasy, Young Adult, Fiction, Audiobook, Dystopia, Young Adult Fantasy, Romance",Banned,5,1,5,Moderate Interest,11.41,19.43,8.02,100.0,100.0,70.3,Strong Spike,True,30.59
Vampire Academy,Florida,2023-06-01,"Graphic Novels, Vampires, Young Adult, Fantasy, Paranormal, Romance, Comics",Banned Pending Investigation,15,5,15,Popular,41.63,49.64,8.009999999999998,100.0,100.0,19.24,Mild Increase,True,12.96
Their Eyes Were Watching God,Oklahoma,2021-10-01,"Classics, Fiction, Historical Fiction, School, African American, Literature, Feminism",Banned from Libraries and Classrooms,20,5,20,Popular,36.6,44.53,7.93,100.0,100.0,21.68,Mild Increase,True,26.67
Augustus Caesar,Florida,2023-08-01,History,Banned Pending Investigation,1,1,1,Popular,39.87,47.77,7.900000000000006,100.0,100.0,19.82,Mild Increase,True,23.44
In Your Dreams,Florida,2023-10-01,Juvenile Fiction,Banned,1,1,1,Very Popular,69.76,77.66,7.8999999999999915,100.0,100.0,11.33,Mild Increase,True,9.38
Right Where I Left You,Texas,2024-08-01,"Young Adult Fiction, Fiction",Banned by Restriction,1,1,1,Low Interest,1.11,9.0,7.89,100.0,100.0,710.0,Strong Spike,True,19.99
Cursed,Florida,2023-08-01,"Fantasy, Young Adult, Romance, Retellings, Audiobook, Fiction, Fairy Tales",Banned by Restriction,2,2,2,Very Popular,54.71,62.58,7.869999999999997,100.0,100.0,14.38,Mild Increase,True,8.4
Stone Cold,Iowa,2024-06-01,"Fiction, Thriller, Mystery, Suspense, Crime, Mystery Thriller, Audiobook",Banned Pending Investigation,1,1,1,Popular,49.46,57.16,7.699999999999996,100.0,100.0,15.57,Mild Increase,True,15.14
Ultimate Magic,Texas,2022-10-01,"Juvenile Fiction, Dragons",Banned from Libraries,1,1,1,Low Interest,2.84,10.52,7.68,100.0,100.0,269.92,Strong Spike,True,22.53
Never Fall Down,Florida,2023-10-01,"Historical Fiction, Young Adult, Fiction, War, Historical, Survival, Realistic Fiction",Banned,2,1,2,Low Interest,1.11,8.77,7.659999999999999,100.0,100.0,689.0,Strong Spike,True,20.49
Every Day,Florida,2023-06-01,"Young Adult, Romance, Fantasy, Fiction, Contemporary, LGBT, Paranormal",Banned Pending Investigation,4,3,4,Very Popular,79.22,86.86,7.640000000000001,100.0,100.0,9.64,Mild Increase,True,7.75
Solo,Florida,2023-08-01,"Young Adult, Poetry, Realistic Fiction, Fiction, Audiobook, Music, Contemporary",Banned by Restriction,1,1,1,Very Popular,74.17,81.77,7.599999999999994,100.0,100.0,10.25,Mild Increase,True,9.19
Scarpetta,Florida,2023-12-01,Fiction,Banned Pending Investigation,1,1,1,Very Popular,58.86,66.33,7.469999999999999,100.0,100.0,12.71,Mild Increase,True,16.27
Far from Normal,Texas,2023-03-01,Young Adult Fiction,Banned from Libraries,1,1,1,Moderate Interest,16.16,23.58,7.419999999999998,100.0,100.0,45.94,Strong Spike,True,32.02
Something Like Home,Texas,2025-02-01,Juvenile Fiction,Banned,1,1,1,Popular,38.77,46.18,7.409999999999997,100.0,100.0,19.12,Mild Increase,True,27.59
Heir of Fire,Florida,2023-02-01,"Fantasy, Young Adult, Romance, Magic, Fiction, Fae, Young Adult Fantasy",Banned Pending Investigation,19,9,19,Moderate Interest,10.99,18.39,7.4,100.0,100.0,67.34,Strong Spike,True,27.95
All for One,Florida,2023-08-01,"Historical Fiction, Romance, Young Adult, Historical, Fiction, Historical Romance, Audiobook",Banned Pending Investigation,2,1,2,Very Popular,50.49,57.89,7.399999999999999,100.0,100.0,14.66,Mild Increase,True,21.08
The Girl With the Dragon Tattoo,Iowa,2023-10-01,Fiction,Banned Pending Investigation,2,1,2,Popular,32.08,39.46,7.380000000000003,100.0,100.0,23.0,Mild Increase,True,12.75
Rainbow High,Florida,2023-06-01,"Young Adult, LGBT, Gay, Romance, Fiction, Queer, Realistic Fiction",Banned Pending Investigation,5,2,5,Very Popular,66.5,73.81,7.310000000000002,100.0,100.0,10.99,Mild Increase,True,11.38
Head Above Water,Florida,2023-10-01,"Young Adult, Fiction",Banned,1,1,1,Moderate Interest,10.91,18.21,7.300000000000001,100.0,100.0,66.9,Strong Spike,True,29.29
Finale,Florida,2023-08-01,"Fantasy, Young Adult, Romance, Angels, Paranormal, Paranormal Romance, Fiction",Banned Pending Investigation,1,1,1,Moderate Interest,15.62,22.88,7.26,100.0,100.0,46.44,Strong Spike,True,12.26
Elevation,Tennessee,2022-02-01,"Fiction, Horror, Fantasy, Audiobook, Short Stories, Mystery, Novella",Banned Pending Investigation,2,2,2,Very Popular,70.38,77.61,7.230000000000004,100.0,100.0,10.28,Mild Increase,True,9.55
Y: The Last Man,Texas,2021-09-01,Comics & Graphic Novels,Banned from Classrooms,4,3,4,Moderate Interest,7.81,15.03,7.22,100.0,100.0,92.46,Strong Spike,True,15.98
Switched,Wisconsin,2023-11-01,"Fantasy, Young Adult, Paranormal, Romance, Fiction, Urban Fantasy, Paranormal Romance",Banned by Restriction,1,1,1,Very Popular,62.96,70.16,7.199999999999996,100.0,100.0,11.44,Mild Increase,True,8.89
Realism,Texas,2025-02-01,Juvenile Nonfiction,Banned,1,1,1,Very Popular,68.42,75.59,7.170000000000002,100.0,100.0,10.47,Mild Increase,True,16.43
Invisible Man,Florida,2023-08-01,"Fiction, Classics, Literature, Historical Fiction, Race, African American, Novels",Banned,7,2,7,Popular,34.58,41.74,7.160000000000004,100.0,100.0,20.73,Mild Increase,True,13.85
We Were Liars,Pennsylvania,2023-02-01,"Young Adult, Mystery, Contemporary, Fiction, Romance, Thriller, Mystery Thriller",Banned Pending Investigation,5,3,5,Popular,47.99,55.11,7.119999999999997,100.0,100.0,14.84,Mild Increase,True,21.39
101 Questions About Reproduction: Or How 1 + 1 = 3 or 4 or More,Texas,2021-12-01,Young Adult Nonfiction,Banned from Libraries,2,2,2,Moderate Interest,6.24,13.34,7.1,100.0,100.0,113.7,Strong Spike,True,21.95
Sea Glass,Florida,2024-06-01,Fiction,Banned by Restriction,1,1,1,Very Popular,66.79,73.86,7.069999999999993,100.0,100.0,10.58,Mild Increase,True,11.02
Oryx and Crake,Florida,2022-09-01,"Fiction, Science Fiction, Dystopia, Post Apocalyptic, Fantasy, Canada, Speculative Fiction",Banned Pending Investigation,36,11,34,Low Interest,1.11,8.16,7.05,100.0,100.0,634.0,Strong Spike,True,19.3
The 19th Century,Texas,2025-02-01,"United States, Art, Biography & Autobiography",Banned,1,1,1,Very Popular,53.18,60.22,7.039999999999999,100.0,100.0,13.25,Mild Increase,True,23.51
Teenage Pregnancy,Tennessee,2025-02-01,"Health & Fitness, Family & Relationships, Teenage fathers, Teenage pregnancy",Banned,1,1,1,Moderate Interest,16.87,23.83,6.959999999999997,100.0,100.0,41.3,Strong Spike,True,29.7
There Is No Dog,Florida,2023-08-01,"Young Adult, Fantasy, Fiction, Humor, Religion, Teen, Romance",Banned Pending Investigation,1,1,1,Moderate Interest,17.32,24.26,6.940000000000001,100.0,100.0,40.03,Strong Spike,True,31.21
Half Lost,Florida,2023-08-01,"Fantasy, Young Adult, LGBT, Magic, Fiction, Paranormal, Witches",Banned Pending Investigation,1,1,1,Popular,37.39,44.32,6.93,100.0,100.0,18.54,Mild Increase,True,23.93
Recreated,Florida,2023-08-01,"Fantasy, Young Adult, Mythology, Romance, Paranormal, Fiction, Magic",Banned Pending Investigation,1,1,1,Popular,22.76,29.66,6.899999999999999,100.0,100.0,30.32,Strong Spike,True,30.65
Case Histories,Tennessee,2025-02-01,"Mystery, Fiction, Crime, Mystery Thriller, Thriller, British Literature, Detective",Banned,1,1,1,Low Interest,3.41,10.27,6.859999999999999,100.0,100.0,200.98,Strong Spike,True,21.72
There's Only One You,Florida,2024-08-01,"Individuality, Juvenile Fiction",Banned by Restriction,1,1,1,Low Interest,2.2,9.04,6.839999999999999,100.0,100.0,311.11,Strong Spike,True,20.5
Cold,Florida,2024-05-01,Young Adult Fiction,Banned,7,2,7,Very Popular,83.41,90.2,6.790000000000006,100.0,100.0,8.14,Mild Increase,True,6.22
Renaissance Art,Texas,2025-02-01,"Young Adult Nonfiction, History",Banned,1,1,1,Very Popular,54.46,61.22,6.759999999999998,100.0,100.0,12.43,Mild Increase,True,25.09
Say What You Will,Florida,2023-08-01,"Young Adult, Romance, Contemporary, Fiction, Realistic Fiction, Disability, Mental Health",Banned,3,1,3,Very Popular,53.64,60.33,6.689999999999998,100.0,100.0,12.47,Mild Increase,True,18.11
How It Went Down,Florida,2023-08-01,Juvenile Fiction,Banned Pending Investigation,1,1,1,Popular,29.68,36.36,6.68,100.0,100.0,22.5,Mild Increase,True,33.07
The Falls,Iowa,2024-06-01,"Mystery, Crime, Fiction, Scotland, Thriller, Mystery Thriller, Detective",Banned Pending Investigation,1,1,1,Very Popular,67.16,73.8,6.640000000000001,100.0,100.0,9.89,Mild Increase,True,6.31
Fifty Shades Darker,Florida,2023-12-01,"Romance, Fiction, Erotica, BDSM, Adult, Contemporary, Contemporary Romance",Banned Pending Investigation,1,1,1,Popular,26.7,33.26,6.559999999999999,100.0,100.0,24.55,Mild Increase,True,29.53
Infinite in Between,Iowa,2023-10-01,Young Adult Fiction,Banned Pending Investigation,1,1,1,Moderate Interest,10.07,16.62,6.550000000000001,100.0,100.0,65.12,Strong Spike,True,28.43
Queen of Shadows,Florida,2022-11-01,"Young Adult, Romance, Fantasy, Fiction, Fae, Magic, Romantasy",Banned Pending Investigation,28,7,28,Low Interest,4.02,10.56,6.540000000000001,100.0,100.0,162.43,Strong Spike,True,23.66
Body of Evidence,Florida,2023-12-01,"Mystery, Crime, Fiction, Thriller, Mystery Thriller, Suspense, Audiobook",Banned Pending Investigation,1,1,1,Popular,46.59,53.11,6.519999999999996,100.0,100.0,14.0,Mild Increase,True,25.25
Fire in the Sky,Texas,2024-10-01,"Juvenile Fiction, Bears",Banned,1,1,1,Popular,37.76,44.24,6.480000000000004,100.0,100.0,17.19,Mild Increase,True,14.03
Shadow and Bone,Florida,2023-08-01,"Fantasy, Young Adult, Romance, Fiction, Young Adult Fantasy, Magic, High Fantasy",Banned by Restriction,2,1,2,Very Popular,59.42,65.89,6.469999999999999,100.0,100.0,10.88,Mild Increase,True,13.06
Behind the Mask,Florida,2024-08-01,,Banned by Restriction,1,1,1,Popular,31.63,38.09,6.460000000000004,100.0,100.0,20.41,Mild Increase,True,26.63
How I Grew,Florida,2023-08-01,"Memoir, Biography, Nonfiction, Autobiography, American, Biography Memoir",Banned Pending Investigation,1,1,1,Popular,34.91,41.3,6.390000000000001,100.0,100.0,18.3,Mild Increase,True,32.48
Dare You To,Tennessee,2024-10-01,"Young adult fiction, Young Adult Fiction",Banned,1,1,1,Very Popular,55.24,61.59,6.350000000000001,100.0,100.0,11.48,Mild Increase,True,19.82
Spontaneous,Florida,2023-08-01,"Young Adult, Contemporary, Fiction, Humor, Romance, Mystery, Science Fiction",Banned Pending Investigation,3,3,3,Very Popular,67.31,73.66,6.349999999999994,100.0,100.0,9.43,Mild Increase,True,14.35
Inexcusable,Iowa,2023-10-01,"Young Adult, Realistic Fiction, Fiction, Teen, Contemporary, Sports, Abuse",Banned Pending Investigation,1,1,1,Low Interest,3.7,9.99,6.29,100.0,100.0,169.97,Strong Spike,True,21.71
Last Sacrifice,Florida,2023-07-01,"Young Adult, Vampires, Fantasy, Paranormal, Romance, Urban Fantasy, Paranormal Romance",Banned by Restriction,6,2,6,Low Interest,1.11,7.37,6.26,100.0,100.0,563.0,Strong Spike,True,17.47
A Good Idea,Florida,2023-08-01,Juvenile Fiction,Banned,5,1,5,Very Popular,65.78,71.88,6.099999999999994,100.0,100.0,9.27,Mild Increase,True,15.22
Bad Deal,Texas,2024-08-01,Young Adult Fiction,Banned,1,1,1,Very Popular,60.59,66.66,6.069999999999993,100.0,100.0,10.01,Mild Increase,True,14.63
Early Humans,Florida,2023-08-01,"History, Science, Nonfiction, Childrens, Anthropology, Prehistory, Prehistoric",Banned Pending Investigation,1,1,1,Popular,43.32,49.37,6.049999999999997,100.0,100.0,13.95,Mild Increase,True,24.55
Identify,Texas,2024-08-01,Young Adult Fiction,Banned by Restriction,1,1,1,Very Popular,56.96,62.93,5.969999999999999,100.0,100.0,10.5,Mild Increase,True,17.46
If I Grow Up,Florida,2023-08-01,"Juvenile Fiction, Fantasy, Young Adult Fiction",Banned Pending Investigation,1,1,1,Moderate Interest,11.16,17.11,5.949999999999999,100.0,100.0,53.39,Strong Spike,True,28.32
In the Neighborhood of True,Florida,2023-08-01,"Young Adult Fiction, Gangs, True Crime",Banned Pending Investigation,1,1,1,Low Interest,4.38,10.31,5.930000000000001,100.0,100.0,135.53,Strong Spike,True,22.42
The Miseducation of Cameron Post,Texas,2021-12-01,"Young Adult, LGBT, Queer, Fiction, Contemporary, Lesbian, Romance",Banned from Libraries,16,6,16,Low Interest,1.11,7.04,5.93,100.0,100.0,534.0,Strong Spike,True,18.04
Everything I Never Told You,Florida,2023-08-01,"Fiction, Contemporary, Mystery, Historical Fiction, Audiobook, Literary Fiction, Adult",Banned Pending Investigation,7,5,7,Moderate Interest,18.91,24.84,5.93,100.0,100.0,31.37,Strong Spike,True,32.35
Tricks,Arkansas,2022-07-01,"Young Adult, Poetry, Fiction, Contemporary, Banned Books, Realistic Fiction, LGBT",Banned from Libraries,112,20,109,Very Popular,80.31,86.23,5.920000000000002,100.0,100.0,7.37,Mild Increase,True,6.32
American Beauty,Florida,2023-12-01,"Juvenile Fiction, JUVENILE FICTION, Beauty, Personal, Beauty culture",Banned Pending Investigation,1,1,1,Very Popular,58.18,64.07,5.8899999999999935,100.0,100.0,10.12,Mild Increase,True,11.18
Jealousy,Tennessee,2025-02-01,"M M Romance, Romance",Banned,1,1,1,Very Popular,79.9,85.78,5.8799999999999955,100.0,100.0,7.36,Mild Increase,True,8.14
Luckiest Girl Alive,Wisconsin,2023-11-01,"Fiction, Thriller, Mystery, Audiobook, Mystery Thriller, Contemporary, Adult",Banned Pending Investigation,1,1,1,Popular,22.1,27.86,5.759999999999998,100.0,100.0,26.04,Strong Spike,True,17.63
We Are Big Time,Florida,2024-08-01,"Juvenile Fiction, Basketball, Aga Khans",Banned by Restriction,1,1,1,Moderate Interest,18.74,24.48,5.740000000000002,100.0,100.0,30.59,Strong Spike,True,30.16
Burn Baby Burn,Indiana,2021-09-01,"Historical Fiction, Young Adult, Historical, Fiction, Realistic Fiction, Romance, Audiobook",Banned from Libraries,2,2,2,Very Popular,58.28,64.01,5.730000000000004,100.0,100.0,9.84,Mild Increase,True,20.17
Ensnared,Texas,2023-03-01,Young Adult Fiction,Banned from Libraries,3,2,3,Unknown/Niche,0.0,5.71,5.71,0.0,100.0,,New Interest,True,21.48
The Project,Florida,2023-08-01,"Young Adult, Thriller, Mystery, Contemporary, Mystery Thriller, Fiction, Audiobook",Banned Pending Investigation,2,2,2,Very Popular,71.56,77.24,5.679999999999993,100.0,100.0,7.95,Mild Increase,True,12.31
Speak Up!,Texas,2024-08-01,Autistic children,Banned,2,2,2,Very Popular,58.99,64.64,5.649999999999999,100.0,100.0,9.59,Mild Increase,True,17.96
Columbine,Tennessee,2025-02-01,"Nonfiction, True Crime, History, Crime, Audiobook, Psychology, Journalism",Banned,1,1,1,Popular,27.57,33.18,5.609999999999999,100.0,100.0,20.35,Mild Increase,True,12.05
AIDS,Florida,2023-08-01,Medical,Banned Pending Investigation,1,1,1,Very Popular,80.66,86.26,5.6000000000000085,100.0,100.0,6.94,Mild Increase,True,8.25
Sylvia Rivera,Texas,2024-08-01,Minority transgender women,Banned,1,1,1,Moderate Interest,5.6,11.2,5.6,100.0,100.0,100.0,Strong Spike,True,21.81
Guilty Pleasures,Florida,2023-07-01,"Urban Fantasy, Vampires, Fantasy, Paranormal, Romance, Horror, Fiction",Banned Pending Investigation,1,1,1,Moderate Interest,5.71,11.29,5.579999999999999,100.0,100.0,97.67,Strong Spike,True,25.01
Halloween ABC,Florida,2024-10-01,"Poetry, Picture Books, Halloween, Banned Books, Childrens, Holiday, Horror",Banned by Restriction,1,1,1,Low Interest,3.96,9.54,5.579999999999999,100.0,100.0,141.29,Strong Spike,True,18.62
Needful Things,Florida,2023-08-01,"Horror, Fiction, Thriller, Fantasy, Supernatural, Mystery, Audiobook",Banned,6,2,6,Popular,28.08,33.59,5.510000000000005,100.0,100.0,19.63,Mild Increase,True,32.63
The Blood Years,Texas,2025-03-01,"Young Adult Fiction, Juvenile Fiction",Banned,1,1,1,Very Popular,57.01,62.51,5.5,100.0,100.0,9.65,Mild Increase,True,17.84
Altered,Florida,2023-08-01,Juvenile Fiction,Banned Pending Investigation,2,1,2,Very Popular,77.92,83.37,5.450000000000003,100.0,100.0,6.99,Mild Increase,True,8.82
Willow,Florida,2023-10-01,"Young Adult, Romance, Contemporary, Fiction, Mental Health, Realistic Fiction, Mental Illness",Banned,2,1,2,Very Popular,81.59,87.02,5.429999999999993,100.0,100.0,6.66,Mild Increase,True,5.85
The Creek,Tennessee,2025-02-01,"Fiction, Geology, Travel, Juvenile Fiction, History",Banned,1,1,1,Very Popular,82.99,88.4,5.410000000000011,100.0,100.0,6.52,Mild Increase,True,6.55
False Memory,Florida,2023-08-01,"Horror, Fiction, Thriller, Mystery, Suspense, Mystery Thriller, Science Fiction",Banned Pending Investigation,1,1,1,Popular,35.28,40.69,5.409999999999997,100.0,100.0,15.34,Mild Increase,True,30.9
And Still I Rise,Texas,2021-12-01,"Poetry, Classics, Feminism, Nonfiction, Audiobook, Race, African American",Banned Pending Investigation,2,2,2,Low Interest,1.11,6.5,5.39,100.0,100.0,485.0,Strong Spike,True,14.68
White Space,Florida,2023-08-01,Young Adult Fiction,Banned Pending Investigation,2,1,2,Very Popular,67.54,72.9,5.359999999999999,100.0,100.0,7.93,Mild Increase,True,12.94
Atlas Shrugged,Florida,2023-08-01,"Fiction, Classics, Philosophy, Politics, Literature, Science Fiction, Novels",Banned,2,1,2,Popular,39.11,44.4,5.289999999999999,100.0,100.0,13.52,Mild Increase,True,12.41
The Accomplice,Texas,2022-10-01,"Juvenile Fiction, Detective and mystery stories",Banned from Libraries,1,1,1,Moderate Interest,8.49,13.72,5.23,100.0,100.0,61.65,Strong Spike,True,26.87
High School,Florida,2024-03-01,"Memoir, Nonfiction, LGBT, Music, Queer, Audiobook, Biography",Banned,3,1,3,Very Popular,75.73,80.9,5.170000000000002,100.0,100.0,6.82,Mild Increase,True,15.78
The Testing,Florida,2024-10-01,"Juvenile Fiction, Young Adult Fiction, Adventure stories",Banned by Restriction,1,1,1,Very Popular,63.1,68.27,5.169999999999995,100.0,100.0,8.19,Mild Increase,True,20.01
Airhead,Florida,2023-08-01,Young Adult Fiction,Banned by Restriction,2,1,2,Very Popular,70.07,75.23,5.160000000000011,100.0,100.0,7.37,Mild Increase,True,10.89
Amsterdam,Florida,2024-06-01,"Fiction, Contemporary, Literary Fiction, British Literature, Literature, Novels, 20th Century",Banned by Restriction,1,1,1,Very Popular,61.62,66.78,5.160000000000004,100.0,100.0,8.37,Mild Increase,True,7.84
Date Rape Drugs,Iowa,2023-12-01,"Juvenile Nonfiction, International criminal law",Banned,1,1,1,Unknown/Niche,0.0,5.13,5.13,0.0,100.0,,New Interest,True,19.68
Lightlark,Florida,2023-08-01,"Romance, Romantasy, Young Adult, Audiobook, Fantasy Romance, Fiction, Magic",Banned Pending Investigation,2,2,2,Moderate Interest,9.16,14.29,5.129999999999999,100.0,100.0,56.07,Strong Spike,True,25.08
Lost on a Mountain in Maine,Florida,2024-08-01,"Search and rescue operations, Children's literature, Juvenile Nonfiction",Banned by Restriction,1,1,1,Unknown/Niche,0.0,5.08,5.08,0.0,100.0,,New Interest,True,16.41
Messed Up,Florida,2023-08-01,"Young Adult, Realistic Fiction, Teen, Fiction, Urban, Drama, Survival",Banned Pending Investigation,1,1,1,Very Popular,82.29,87.3,5.009999999999991,100.0,100.0,6.09,Mild Increase,True,6.3
Skim,Florida,2024-06-01,Young Adult Fiction,Banned,4,1,4,Very Popular,81.3,86.3,5.0,100.0,100.0,6.15,Mild Increase,True,7.61
How to Become a Planet,Florida,2023-08-01,Juvenile Fiction,Banned Pending Investigation,1,1,1,Low Interest,1.11,6.1,4.989999999999999,100.0,100.0,449.0,Strong Spike,True,16.31
Desperation,Texas,2024-09-01,"Horror, Fiction, Thriller, Fantasy, Suspense, Supernatural, Paranormal",Banned,1,1,1,Very Popular,62.46,67.38,4.919999999999995,100.0,100.0,7.88,Mild Increase,True,11.84
Pretty Dead,Florida,2023-08-01,"Young Adult, Vampires, Fantasy, Paranormal, Fiction, Romance, Supernatural",Banned Pending Investigation,2,1,2,Popular,20.01,24.92,4.91,100.0,100.0,24.54,Mild Increase,True,29.38
Double Exposure,Texas,2024-08-01,Young Adult Fiction,Banned by Restriction,1,1,1,Moderate Interest,10.23,15.0,4.77,100.0,100.0,46.58,Strong Spike,True,16.64
Charmed,Florida,2021-11-01,"Young Adult, Fiction, Realistic Fiction, Teen, Abuse, High School, Canada",Banned Pending Investigation,1,1,1,Very Popular,52.56,57.32,4.759999999999998,100.0,100.0,9.07,Mild Increase,True,14.1
You Should See Me in a Crown,Tennessee,2022-02-01,"Young Adult, LGBT, Romance, Contemporary, Audiobook, Queer, Fiction",Banned Pending Investigation,2,2,2,Moderate Interest,6.1,10.73,4.630000000000001,100.0,100.0,75.96,Strong Spike,True,23.57
The Kill Order,Florida,2023-08-01,"Young Adult, Dystopia, Science Fiction, Fiction, Fantasy, Post Apocalyptic, Adventure",Banned by Restriction,2,2,2,Popular,47.7,52.33,4.6299999999999955,100.0,100.0,9.71,Mild Increase,True,24.38
The Human Body in Action,Missouri,2022-10-01,Juvenile Nonfiction,Banned from Libraries and Classrooms,1,1,1,Low Interest,2.86,7.47,4.609999999999999,100.0,100.0,161.48,Strong Spike,True,18.35
Chocolat,Florida,2024-06-01,"Fiction, Romance, Magical Realism, France, Fantasy, Contemporary, Historical Fiction",Banned by Restriction,1,1,1,Popular,30.06,34.6,4.540000000000003,100.0,100.0,15.12,Mild Increase,True,9.35
Home,Florida,2023-08-01,"Mystery, Fiction, Thriller, Crime, Suspense, Mystery Thriller, Audiobook",Banned Pending Investigation,1,1,1,Very Popular,78.36,82.88,4.519999999999996,100.0,100.0,5.77,Mild Increase,True,4.75
Ghost Houses,Pennsylvania,2024-10-01,"Juvenile Nonfiction, Summer resorts, Architecture, Domestic",Banned,1,1,1,Low Interest,3.56,8.07,4.51,100.0,100.0,126.88,Strong Spike,True,20.39
From Ashes,Iowa,2024-06-01,"New Adult, Romance, Contemporary, Young Adult, College, Contemporary Romance, Abuse",Banned,1,1,1,Very Popular,69.33,73.83,4.5,100.0,100.0,6.49,Mild Increase,True,10.57
Mastiff,Florida,2023-08-01,"Fantasy, Young Adult, Fiction, Magic, Young Adult Fantasy, Mystery, Adventure",Banned Pending Investigation,1,1,1,Very Popular,69.07,73.56,4.490000000000009,100.0,100.0,6.5,Mild Increase,True,11.86
Paper Towns,Florida,2023-08-01,"Young Adult, Fiction, Contemporary, Romance, Mystery, Realistic Fiction, Coming Of Age",Banned by Restriction,18,4,18,Popular,27.8,32.28,4.48,100.0,100.0,16.11,Mild Increase,True,21.98
Rainbow Boys,Florida,2022-09-01,"Young Adult, LGBT, Fiction, Romance, Queer, Gay, Realistic Fiction",Banned Pending Investigation,10,4,9,Moderate Interest,18.72,23.17,4.450000000000003,100.0,100.0,23.74,Mild Increase,True,33.39
MARS,Florida,2024-06-01,,Banned by Restriction,1,1,1,Very Popular,50.42,54.87,4.449999999999996,100.0,100.0,8.81,Mild Increase,True,10.03
The Sympathizer,Florida,2024-06-01,"Fiction, Historical Fiction, War, Asia, Historical, Literary Fiction, Novels",Banned by Restriction,1,1,1,Moderate Interest,18.9,23.33,4.43,100.0,100.0,23.46,Mild Increase,True,16.76
Fangirl,Florida,2022-09-01,"Young Adult, Contemporary, Fiction, Realistic Fiction, New Adult, Audiobook, Coming Of Age",Banned Pending Investigation,15,6,15,Popular,22.78,27.19,4.41,100.0,100.0,19.37,Mild Increase,True,32.59
Patron Saints of Nothing,Wisconsin,2023-11-01,"Young Adult, Contemporary, Fiction, Realistic Fiction, Mystery, Audiobook, Coming Of Age",Banned Pending Investigation,1,1,1,Low Interest,4.89,9.29,4.3999999999999995,100.0,100.0,90.0,Strong Spike,True,22.98
The Love Hypothesis,Florida,2023-10-01,"Contemporary, Fiction, Contemporary Romance, Adult, Audiobook, Chick Lit, New Adult",Banned,6,2,6,Popular,48.44,52.81,4.3700000000000045,100.0,100.0,9.01,Mild Increase,True,25.92
A Court of Wings and Ruin,Florida,2022-07-01,"Fantasy, Romance, Romantasy, Young Adult, Fiction, New Adult, Fae",Banned from Libraries and Classrooms,91,18,91,Moderate Interest,12.48,16.83,4.349999999999998,100.0,100.0,34.91,Strong Spike,True,27.39
I'm Glad My Mom Died,Florida,2024-04-01,"Nonfiction, Memoir, Audiobook, Biography, Autobiography, Mental Health, Adult",Banned Pending Investigation,4,3,4,Popular,20.97,25.28,4.310000000000002,100.0,100.0,20.56,Mild Increase,True,19.77
The Blue Girl,Florida,2023-08-01,"Juvenile Fiction, Fiction, Bards and bardism",Banned Pending Investigation,2,1,2,Very Popular,66.22,70.52,4.299999999999997,100.0,100.0,6.49,Mild Increase,True,10.98
Criss Cross,Texas,2022-10-01,"Juvenile Fiction, Chinese language materials, English fiction",Banned from Libraries,1,1,1,Very Popular,71.62,75.92,4.299999999999997,100.0,100.0,6.0,Mild Increase,True,9.76
Toys,Florida,2024-06-01,"Fiction, Thriller, Mystery, Science Fiction, Suspense, Audiobook, Mystery Thriller",Banned by Restriction,1,1,1,Very Popular,73.77,78.03,4.260000000000005,100.0,100.0,5.78,Mild Increase,True,8.71
The Running Dream,Florida,2024-08-01,"Young Adult Fiction, Amputees, Young Adult Nonfiction",Banned by Restriction,1,1,1,Moderate Interest,5.34,9.6,4.26,100.0,100.0,79.63,Strong Spike,True,23.4
The Witching Hour,Florida,2024-06-01,"Horror, Fantasy, Fiction, Paranormal, Witches, Supernatural, Gothic",Banned by Restriction,1,1,1,Popular,23.01,27.26,4.25,100.0,100.0,18.45,Mild Increase,True,27.77
Banished,Florida,2023-08-01,"Fantasy, Young Adult, Retellings, Magic, Fairy Tales, Romance, Fiction",Banned by Restriction,1,1,1,Very Popular,67.86,72.08,4.219999999999999,100.0,100.0,6.22,Mild Increase,True,12.75
The Moon Within,Texas,2021-12-01,"Middle Grade, Poetry, LGBT, Realistic Fiction, Fiction, Queer, Contemporary",Banned Pending Investigation,8,4,8,Low Interest,2.04,6.19,4.15,100.0,100.0,202.72,Strong Spike,True,17.51
The New American Bible,Pennsylvania,2023-02-01,"Religion, Reference, Catholic, Nonfiction, Christianity, Classics, Faith",Banned Pending Investigation,1,1,1,Moderate Interest,5.38,9.49,4.11,100.0,100.0,76.45,Strong Spike,True,22.17
Helen of Troy,Florida,2023-08-01,"Historical Fiction, Mythology, Fiction, Historical, Greek Mythology, Romance, Fantasy",Banned Pending Investigation,2,1,2,Popular,42.26,46.36,4.100000000000001,100.0,100.0,9.7,Mild Increase,True,14.29
The World According to Garp,Florida,2024-06-01,"Fiction, Classics, Literature, Contemporary, Novels, Literary Fiction, Humor",Banned by Restriction,1,1,1,Unknown/Niche,0.0,4.1,4.1,0.0,100.0,,New Interest,True,16.56
This World We Live In,Florida,2023-08-01,"Young Adult, Dystopia, Science Fiction, Post Apocalyptic, Fiction, Survival, Apocalyptic",Banned by Restriction,1,1,1,Moderate Interest,14.44,18.54,4.1,100.0,100.0,28.38,Strong Spike,True,29.05
The Greek News,Tennessee,2025-02-01,"Greece, Juvenile Nonfiction",Banned,1,1,1,Low Interest,2.9,6.99,4.09,100.0,100.0,141.0,Strong Spike,True,20.5
Understanding Gender,Texas,2021-12-01,Young Adult,Banned Pending Investigation,4,2,4,Low Interest,3.36,7.44,4.08,100.0,100.0,121.85,Strong Spike,True,18.56
The Gathering,Florida,2024-06-01,"Fiction, Ireland, Irish Literature, Contemporary, Literary Fiction, Novels, Literature",Banned by Restriction,1,1,1,Very Popular,77.94,82.02,4.079999999999998,100.0,100.0,5.23,Mild Increase,True,6.66
Beach Music,Florida,2023-10-01,"Fiction, Southern, Contemporary, Historical Fiction, Novels, Drama, Literature",Banned,1,1,1,Very Popular,64.7,68.77,4.069999999999993,100.0,100.0,6.29,Mild Increase,True,13.11
Light in August,Florida,2023-08-01,"Fiction, Classics, Literature, Novels, American, Southern, Southern Gothic",Banned Pending Investigation,1,1,1,Moderate Interest,10.2,14.22,4.020000000000001,100.0,100.0,39.43,Strong Spike,True,26.98
Bastard out of Carolina,Maine,2023-08-01,"Fiction, Classics, Southern, Coming Of Age, Literary Fiction, Queer, Novels",Banned by Restriction,2,2,2,Moderate Interest,8.13,12.11,3.9799999999999986,100.0,100.0,48.91,Strong Spike,True,19.79
Without Merit,Florida,2023-06-01,"Romance, Young Adult, Contemporary, Fiction, New Adult, Audiobook, Mental Health",Banned Pending Investigation,11,4,11,Moderate Interest,10.84,14.8,3.960000000000001,100.0,100.0,36.48,Strong Spike,True,28.73
State of Wonder,Florida,2023-11-01,"Fiction, Literary Fiction, Contemporary, Audiobook, Book Club, Adult Fiction, Mystery",Banned by Restriction,2,2,2,Moderate Interest,6.73,10.67,3.9399999999999995,100.0,100.0,58.42,Strong Spike,True,24.88
Nothing Lasts Forever,Florida,2024-06-01,"Fiction, Thriller, Mystery, Suspense, Romance, Mystery Thriller, Crime",Banned by Restriction,1,1,1,Moderate Interest,5.98,9.92,3.9399999999999995,100.0,100.0,65.99,Strong Spike,True,24.08
The Invisible Boy,Florida,2023-09-01,"Picture Books, Childrens, Realistic Fiction, Fiction, School, Novels, Adventure",Banned Pending Investigation,1,1,1,Low Interest,3.91,7.84,3.9299999999999997,100.0,100.0,100.57,Strong Spike,True,20.2
Deadly,Florida,2023-08-01,"Young Adult Fiction, Juvenile Fiction",Banned Pending Investigation,1,1,1,Very Popular,77.38,81.28,3.9000000000000057,100.0,100.0,5.04,Mild Increase,True,6.9
Pet Sematary,Pennsylvania,2023-02-01,"Horror, Fiction, Thriller, Fantasy, Audiobook, Paranormal, Adult",Banned Pending Investigation,8,4,8,Popular,44.53,48.42,3.8900000000000006,100.0,100.0,8.73,Mild Increase,True,11.95
Of Mice and Men,Florida,2021-10-01,"Fiction, School, Historical Fiction, Literature, Read For School, Novels, High School",Banned from Libraries,5,5,5,Very Popular,59.62,63.48,3.8599999999999994,100.0,100.0,6.47,Mild Increase,True,20.34
The Witch of Blackbird Pond,Florida,2023-08-01,"Historical Fiction, Young Adult, Fiction, Classics, Historical, Childrens, Middle Grade",Banned Pending Investigation,1,1,1,Low Interest,3.79,7.62,3.83,100.0,100.0,101.17,Strong Spike,True,18.88
The Poet X,New York,2021-10-01,"Poetry, Young Adult, Contemporary, Fiction, Audiobook, Realistic Fiction, Romance",Banned from Libraries and Classrooms,43,10,42,Unknown/Niche,0.0,3.82,3.82,0.0,100.0,,New Interest,True,17.89
Everything is Illuminated,Texas,2024-11-01,"Fiction, Historical Fiction, Contemporary, Novels, Literature, Literary Fiction, Magical Realism",Banned by Restriction,1,1,1,Low Interest,1.11,4.93,3.8199999999999994,100.0,100.0,344.0,Strong Spike,True,16.37
Prisoners,Florida,2023-10-01,Fiction,Banned,1,1,1,Very Popular,68.22,72.03,3.8100000000000023,100.0,100.0,5.59,Mild Increase,True,9.41
Tilt,Texas,2022-03-01,"Young Adult, Poetry, Fiction, Contemporary, Realistic Fiction, Romance, Banned Books",Banned from Libraries and Classrooms,21,7,21,Very Popular,80.76,84.54,3.780000000000001,100.0,100.0,4.69,Mild Increase,True,7.34
Dance Team,Texas,2024-09-01,"Young Adult Fiction, Music, Art, Dance teachers",Banned,1,1,1,Very Popular,69.69,73.43,3.740000000000009,100.0,100.0,5.37,Mild Increase,True,10.88
Run Away With Me,Kansas,2023-03-01,Juvenile Fiction,Banned from Libraries and Classrooms,2,2,2,Moderate Interest,12.9,16.59,3.6899999999999995,100.0,100.0,28.6,Strong Spike,True,29.01
This Girl,Iowa,2023-10-01,"Romance, New Adult, Contemporary, Young Adult, Contemporary Romance, Fiction, Chick Lit",Banned,6,1,6,Very Popular,79.3,82.97,3.6700000000000017,100.0,100.0,4.62,Mild Increase,True,9.23
Carrie,Florida,2023-07-01,"Horror, Fiction, Thriller, Classics, Fantasy, Paranormal, Supernatural",Banned,9,3,9,Popular,45.42,49.08,3.6599999999999966,100.0,100.0,8.05,Mild Increase,True,10.96
What If It's Us,Florida,2023-08-01,"Romance, Young Adult, LGBT, Contemporary, Queer, Fiction, Audiobook",Banned Pending Investigation,4,3,4,Moderate Interest,8.72,12.34,3.619999999999999,100.0,100.0,41.53,Strong Spike,True,21.47
Kingdom of Ash,Florida,2022-10-01,"Young Adult, Romance, Romantasy, Fae, Fiction, Magic, New Adult",Banned from Libraries and Classrooms,66,13,66,Moderate Interest,7.27,10.88,3.610000000000001,100.0,100.0,49.69,Strong Spike,True,24.13
Sacred Heart,Iowa,2023-12-01,Graphic novels,Banned,1,1,1,Popular,40.82,44.37,3.549999999999997,100.0,100.0,8.68,Mild Increase,True,10.09
Salt to the Sea,Texas,2022-10-01,"Historical Fiction, Young Adult, Fiction, Historical, World War II, War, Audiobook",Banned from Libraries,2,2,2,Popular,47.82,51.36,3.539999999999999,100.0,100.0,7.39,Mild Increase,True,25.12
Frozen,Florida,2023-08-01,Juvenile Fiction,Banned Pending Investigation,2,1,2,Very Popular,71.82,75.33,3.510000000000005,100.0,100.0,4.89,Mild Increase,True,9.33
Cosmetic Surgery,Texas,2024-08-01,Young Adult Nonfiction,Banned by Restriction,1,1,1,Very Popular,72.42,75.93,3.510000000000005,100.0,100.0,4.85,Mild Increase,True,12.65
Thunder Rose,Florida,2022-01-01,"Picture Books, Childrens, African American, Fiction, Cultural, Westerns, Fantasy",Banned Pending Investigation,1,1,1,Unknown/Niche,0.0,3.51,3.51,0.0,100.0,,New Interest,True,16.54
This Is Our Story,Florida,2023-08-01,"Mystery, Young Adult, Thriller, Contemporary, Mystery Thriller, Fiction, Romance",Banned by Restriction,2,1,2,Popular,35.19,38.66,3.469999999999999,100.0,100.0,9.85,Mild Increase,True,30.09
All Rights Reserved,Florida,2023-08-01,"Young Adult, Dystopia, Science Fiction, Fiction, Fantasy, Audiobook, Teen",Banned Pending Investigation,1,1,1,Popular,28.99,32.43,3.4400000000000013,100.0,100.0,11.88,Mild Increase,True,33.21
Parable of the Sower,Texas,2022-10-01,"Fiction, Science Fiction, Dystopia, Fantasy, Classics, Post Apocalyptic, Speculative Fiction",Banned from Libraries,2,2,2,Popular,48.24,51.66,3.4199999999999946,100.0,100.0,7.07,Mild Increase,True,14.76
The Almost Moon,Florida,2023-09-01,Fiction,Banned,17,5,17,Low Interest,1.11,4.52,3.4099999999999993,100.0,100.0,307.0,Strong Spike,True,15.41
Under Threat,Texas,2021-12-01,"LGBT, Young Adult, Contemporary, Realistic Fiction, Fiction, Lesbian, Social Justice",Banned Pending Investigation,1,1,1,Popular,21.16,24.53,3.370000000000001,100.0,100.0,15.97,Mild Increase,True,31.87
Tender,Iowa,2023-10-01,"Fiction, Romance, Literary Fiction, Ireland, Contemporary, Irish Literature, Queer",Banned,1,1,1,Very Popular,76.53,79.88,3.3499999999999943,100.0,100.0,4.37,Mild Increase,True,6.36
Breaking Dawn,Texas,2022-10-01,"Fantasy, Young Adult, Romance, Vampires, Fiction, Paranormal, Paranormal Romance",Banned from Libraries,25,4,25,Popular,44.4,47.7,3.3000000000000043,100.0,100.0,7.43,Mild Increase,True,14.14
Busted,Tennessee,2025-02-01,Juvenile Fiction,Banned,1,1,1,Very Popular,83.23,86.52,3.289999999999992,100.0,100.0,3.95,Mild Increase,True,5.64
Daughter of the Pirate King,Florida,2025-03-01,Young Adult Fiction,Banned by Restriction,1,1,1,Unknown/Niche,0.0,3.23,3.23,0.0,100.0,,New Interest,True,17.42
If You Leave,Iowa,2024-06-01,"Fiction, FICTION, Family & Relationships",Banned,1,1,1,Very Popular,85.89,89.11,3.219999999999999,100.0,100.0,3.75,Mild Increase,True,5.34
Black and Blue,Florida,2023-08-01,"Fiction, Abused wives",Banned Pending Investigation,1,1,1,Very Popular,68.21,71.42,3.210000000000008,100.0,100.0,4.71,Mild Increase,True,7.17
The Hawthorne Legacy,Florida,2023-08-01,"Young Adult Fiction, Fiction",Banned by Restriction,1,1,1,Low Interest,2.02,5.23,3.2100000000000004,100.0,100.0,158.79,Strong Spike,True,18.09
A Bend In The Road,Florida,2023-10-01,"Romance, Fiction, Chick Lit, Contemporary, Adult, Adult Fiction, Contemporary Romance",Banned by Restriction,5,2,5,Unknown/Niche,0.0,3.2,3.2,0.0,100.0,,New Interest,True,15.25
Milo Imagines the World,Florida,2023-03-01,"Picture Books, Realistic Fiction, Family, Childrens, Art, Fiction, African American",Banned Pending Investigation,4,2,4,Unknown/Niche,0.0,3.2,3.2,0.0,100.0,,New Interest,True,17.25
The Art of Drag,Tennessee,2025-04-01,"Social Science, History, Performing Arts",Banned,1,1,1,Unknown/Niche,0.0,3.19,3.19,0.0,100.0,,New Interest,True,17.18
Middlesex,Texas,2021-12-01,"Fiction, Historical Fiction, Contemporary, LGBT, Classics, Literary Fiction, Queer",Banned Pending Investigation,3,2,3,Very Popular,66.8,69.94,3.1400000000000006,100.0,100.0,4.71,Mild Increase,True,12.45
You're the One That I Want,Florida,2023-12-01,"Young Adult, Chick Lit, Contemporary, Fiction, Romance, Teen, High School",Banned Pending Investigation,2,2,2,Moderate Interest,17.04,20.17,3.1300000000000026,100.0,100.0,18.32,Mild Increase,True,33.23
Winter's Bone,Florida,2023-09-01,"Fiction, Mystery, Contemporary, Crime, Audiobook, Literary Fiction, Adult Fiction",Banned,3,1,3,Moderate Interest,10.16,13.29,3.129999999999999,100.0,100.0,30.85,Strong Spike,True,23.63
The Honeys,Iowa,2024-06-01,"Horror, Young Adult, LGBT, Mystery, Queer, Thriller, Audiobook",Banned,6,4,6,Low Interest,1.11,4.21,3.0999999999999996,100.0,100.0,279.0,Strong Spike,True,14.58
The Last Olympian,Tennessee,2025-02-01,"Fantasy, Young Adult, Mythology, Fiction, Middle Grade, Adventure, Greek Mythology",Banned,1,1,1,Low Interest,1.79,4.89,3.0999999999999996,100.0,100.0,173.29,Strong Spike,True,16.8
Crush,Texas,2021-12-01,"Fantasy, Romance, Young Adult, Paranormal, Vampires, Audiobook, Fiction",Banned Pending Investigation,2,2,2,Very Popular,80.71,83.79,3.0800000000000125,100.0,100.0,3.81,Mild Increase,True,6.28
Broken Things,Oklahoma,2021-10-01,"Mystery, Young Adult, Thriller, Contemporary, Mystery Thriller, Fiction, Fantasy",Banned Pending Investigation,1,1,1,Very Popular,58.13,61.2,3.0700000000000003,100.0,100.0,5.28,Mild Increase,True,15.09
Dead and the Dark,Texas,2022-10-01,"Young Adult Fiction, Fiction",Banned from Libraries,1,1,1,Low Interest,3.2,6.27,3.0699999999999994,100.0,100.0,95.83,Strong Spike,True,17.23
The Feeling of Falling in Love,Florida,2023-12-01,"Romance, LGBT, Queer, Young Adult, Contemporary, Fiction, Transgender",Banned Pending Investigation,2,2,2,Unknown/Niche,0.0,3.06,3.06,0.0,100.0,,New Interest,True,16.54
Valentine Princess,Florida,2025-02-01,"Juvenile Fiction, Young Adult Fiction, Diaries, English language",Banned by Restriction,1,1,1,Low Interest,1.11,4.17,3.0599999999999996,100.0,100.0,275.0,Strong Spike,True,14.69
Season of the witch,Florida,2023-08-01,"Young Adult, Paranormal, Fantasy, Witches, Realistic Fiction, Fiction, Mystery",Banned Pending Investigation,1,1,1,Popular,25.92,28.97,3.049999999999997,100.0,100.0,11.74,Mild Increase,True,16.05
Fade (Wake Series),Texas,2022-03-01,"Young Adult, Fantasy, Paranormal, Romance, Fiction, Mystery, Supernatural",Banned from Libraries and Classrooms,2,2,2,Unknown/Niche,0.0,3.04,3.04,0.0,100.0,,New Interest,True,16.44
Avalon High,Florida,2023-08-01,"Juvenile Nonfiction, Juvenile Fiction, Comics & Graphic Novels",Banned by Restriction,2,1,2,Moderate Interest,12.83,15.86,3.0299999999999994,100.0,100.0,23.55,Mild Increase,True,25.66
Chlorine Sky,Texas,2024-06-01,"Poetry, Young Adult, Contemporary, Fiction, Audiobook, Realistic Fiction, Coming Of Age",Banned,2,2,2,Unknown/Niche,0.0,3.02,3.02,0.0,100.0,,New Interest,True,16.4
Jordan,Florida,2023-08-01,Nonfiction,Banned Pending Investigation,1,1,1,Very Popular,64.13,67.13,3.0,100.0,100.0,4.68,Mild Increase,True,9.02
Song of the Dead,Texas,2024-08-01,Young Adult Fiction,Banned by Restriction,1,1,1,Popular,45.98,48.97,2.990000000000002,100.0,100.0,6.5,Mild Increase,True,25.43
Push,Florida,2022-03-01,"Fiction, Young Adult, Contemporary, African American, Abuse, Adult Fiction, Realistic Fiction",Banned Pending Investigation,51,14,50,Very Popular,81.33,84.31,2.980000000000004,100.0,100.0,3.66,Mild Increase,True,7.93
The Crown of Gilded Bones,Florida,2025-06-01,Fiction,Banned Pending Investigation,3,1,3,Unknown/Niche,0.0,2.98,2.98,0.0,100.0,,New Interest,True,16.09
33 Snowfish,Idaho,2021-11-01,"Young Adult, Fiction, Banned Books, Realistic Fiction, Teen, Contemporary, Challenged Books",Banned from Libraries and Classrooms,13,6,13,Unknown/Niche,0.0,2.98,2.98,0.0,100.0,,New Interest,True,14.48
Silent Christmas,Florida,2023-06-01,,Banned from Libraries and Classrooms,1,1,1,Low Interest,1.11,4.07,2.96,100.0,100.0,266.0,Strong Spike,True,15.38
Change of Heart: A Novel,Florida,2023-02-01,"Fiction, Contemporary, Chick Lit, Adult Fiction, Adult, Drama, Realistic Fiction",Banned from Libraries and Classrooms,3,1,3,Unknown/Niche,0.0,2.96,2.96,0.0,100.0,,New Interest,True,16.01
Uglies,Tennessee,2025-02-01,"Young Adult, Dystopia, Science Fiction, Fiction, Fantasy, Romance, Teen",Banned,1,1,1,Very Popular,56.31,59.24,2.9299999999999997,100.0,100.0,5.21,Mild Increase,True,13.04
The Lucky List,Tennessee,2022-02-01,"Romance, LGBT, Lesbian, Young Adult, Contemporary, Queer, Fiction",Banned Pending Investigation,3,3,3,Low Interest,1.11,4.03,2.92,100.0,100.0,263.0,Strong Spike,True,15.27
Leaving Time,Florida,2023-02-01,"Fiction, Mystery, Audiobook, Contemporary, Adult Fiction, Adult, Chick Lit",Banned from Libraries and Classrooms,4,2,4,Very Popular,64.56,67.42,2.8599999999999994,100.0,100.0,4.44,Mild Increase,True,15.38
Still Missing,Florida,2024-06-01,"Thriller, Mystery, Fiction, Mystery Thriller, Suspense, Crime, Audiobook",Banned by Restriction,1,1,1,Very Popular,61.61,64.47,2.8599999999999994,100.0,100.0,4.63,Mild Increase,True,14.13
Resistance,Florida,2023-07-01,"Historical Fiction, Young Adult, Middle Grade, World War II, Historical, Fiction, Holocaust",Banned by Restriction,1,1,1,Very Popular,73.11,75.96,2.8499999999999943,100.0,100.0,3.89,Mild Increase,True,12.19
From Where I Watch You,Florida,2023-12-01,Young Adult Fiction,Banned Pending Investigation,1,1,1,Moderate Interest,13.78,16.61,2.83,100.0,100.0,20.56,Mild Increase,True,30.01
Daughter of Chaos,Tennessee,2024-10-01,Young Adult Fiction,Banned,1,1,1,Unknown/Niche,0.0,2.82,2.82,0.0,100.0,,New Interest,True,15.33
Crazy,Florida,2023-10-01,"Young Adult, Fiction, German Literature, Contemporary, School, Coming Of Age, Roman",Banned,1,1,1,Very Popular,81.17,83.99,2.819999999999993,100.0,100.0,3.48,Mild Increase,True,6.29
The Loose Ends List,Iowa,2023-10-01,"Young Adult Fiction, Juvenile Fiction",Banned Pending Investigation,1,1,1,Unknown/Niche,0.0,2.8,2.8,0.0,100.0,,New Interest,True,15.23
"Together, Apart",Tennessee,2025-02-01,"Young Adult Fiction, Poetry, Psychology, FAMILY & RELATIONSHIPS.",Banned,1,1,1,Low Interest,2.82,5.6,2.78,100.0,100.0,98.43,Strong Spike,True,18.48
Ancient and Classical Art,Texas,2024-08-01,Art,Banned,1,1,1,Unknown/Niche,0.0,2.74,2.74,0.0,100.0,,New Interest,True,14.95
The Loch,Florida,2023-08-01,Fiction,Banned Pending Investigation,1,1,1,Popular,41.74,44.48,2.739999999999995,100.0,100.0,6.55,Mild Increase,True,13.48
Yes Please,Florida,2024-01-01,"Nonfiction, Memoir, Humor, Audiobook, Biography, Comedy, Autobiography",Banned,6,1,6,Very Popular,55.03,57.74,2.710000000000001,100.0,100.0,4.93,Mild Increase,True,22.94
If You Come Softly,Florida,2023-06-01,"Young Adult, Romance, Fiction, Contemporary, Realistic Fiction, Audiobook, African American",Banned Pending Investigation,2,1,2,Unknown/Niche,0.0,2.7,2.7,0.0,100.0,,New Interest,True,14.75
Path of Night,Tennessee,2024-10-01,"Young Adult Fiction, Juvenile Nonfiction",Banned,1,1,1,Low Interest,4.77,7.43,2.66,100.0,100.0,55.94,Strong Spike,True,20.13
The Odyssey (Graphic Novel),Tennessee,2024-10-01,"Classics, Fiction, Poetry, Mythology, Fantasy, School, Literature",Banned,2,1,2,Unknown/Niche,0.0,2.64,2.64,0.0,100.0,,New Interest,True,14.52
Ancient Rome (DK),Tennessee,2025-02-01,Juvenile Nonfiction,Banned,1,1,1,Unknown/Niche,0.0,2.63,2.63,0.0,100.0,,New Interest,True,14.45
The Goats,Florida,2023-10-01,"Young Adult, Fiction, Banned Books, Survival, Realistic Fiction, Childrens, Middle Grade",Banned,2,1,2,Very Popular,72.72,75.33,2.6099999999999994,100.0,100.0,3.59,Mild Increase,True,10.17
Girls on Film,Texas,2024-11-01,"Juvenile Fiction, JUVENILE FICTION, Interpersonal relations, Biography & Autobiography",Banned,1,1,1,Low Interest,1.11,3.71,2.5999999999999996,100.0,100.0,234.0,Strong Spike,True,14.38
The Pull of the Stars,Tennessee,2022-02-01,"Historical Fiction, Fiction, Historical, Audiobook, Ireland, LGBT, Adult",Banned Pending Investigation,1,1,1,Low Interest,2.22,4.81,2.5899999999999994,100.0,100.0,116.5,Strong Spike,True,16.84
Girl in Pieces,Florida,2022-09-01,Juvenile Fiction,Banned Pending Investigation,9,6,9,Very Popular,51.22,53.8,2.5799999999999983,100.0,100.0,5.03,Mild Increase,True,24.46
Room to Dream,Florida,2023-11-01,"Middle Grade, Realistic Fiction, Historical Fiction, Fiction, Audiobook, Young Adult, Childrens",Banned Pending Investigation,1,1,1,Moderate Interest,15.7,18.27,2.5700000000000003,100.0,100.0,16.35,Mild Increase,True,30.82
The Stolen Heir,Florida,2023-08-01,"Young Adult, Romance, Fae, Fantasy, Young Adult Fantasy, Fiction, Audiobook",Banned Pending Investigation,2,1,2,Low Interest,1.97,4.5,2.5300000000000002,100.0,100.0,128.81,Strong Spike,True,16.22
Look Homeward: A Life of Thomas Wolfe,Florida,2023-08-01,Biography & Autobiography,Banned Pending Investigation,1,1,1,Unknown/Niche,0.0,2.52,2.52,0.0,100.0,,New Interest,True,13.97
Nothing But Your Skin,Florida,2023-12-01,Juvenile Fiction,Banned Pending Investigation,1,1,1,Unknown/Niche,0.0,2.52,2.52,0.0,100.0,,New Interest,True,13.95
Hoot,Florida,2023-08-01,"Young Adult, Fiction, Middle Grade, Realistic Fiction, Childrens, Mystery, Animals",Banned Pending Investigation,1,1,1,Very Popular,72.36,74.81,2.450000000000003,100.0,100.0,3.39,Mild Increase,True,10.48
Fan Art,Texas,2021-12-01,"LGBT, Young Adult, Contemporary, Romance, Fiction, Realistic Fiction, Queer",Banned Pending Investigation,2,1,2,Very Popular,79.24,81.68,2.440000000000012,100.0,100.0,3.07,Mild Increase,True,9.39
Unforgettable,Iowa,2024-06-01,Juvenile Fiction,Banned,1,1,1,Very Popular,69.51,71.94,2.4299999999999926,100.0,100.0,3.5,Mild Increase,True,11.44
The Time Traveler's Wife,Florida,2024-06-01,"Fiction, Romance, Fantasy, Time Travel, Science Fiction, Contemporary, Adult",Banned by Restriction,4,2,4,Moderate Interest,17.03,19.42,2.3900000000000006,100.0,100.0,14.02,Mild Increase,True,24.34
Forever for a Year,Texas,2021-11-01,"Young Adult, Romance, Contemporary, Fiction, Teen, Realistic Fiction, Banned Books",Banned from Libraries and Classrooms,21,6,19,Unknown/Niche,0.0,2.39,2.39,0.0,100.0,,New Interest,True,13.37
The Interestings,Florida,2023-12-01,"Fiction, Contemporary, Literary Fiction, Audiobook, Adult Fiction, Coming Of Age, Adult",Banned Pending Investigation,1,1,1,Unknown/Niche,0.0,2.33,2.33,0.0,100.0,,New Interest,True,13.45
Morning Star,Missouri,2024-06-01,"Science Fiction, Fantasy, Fiction, Dystopia, Young Adult, Audiobook, Adult",Banned by Restriction,1,1,1,Very Popular,76.86,79.16,2.299999999999997,100.0,100.0,2.99,Mild Increase,True,7.73
The Last Cuentista,Florida,2024-04-01,"Juvenile Fiction, Girls",Banned Pending Investigation,1,1,1,Low Interest,1.11,3.4,2.29,100.0,100.0,206.0,Strong Spike,True,13.59
The Julian Game,Florida,2025-06-01,"Young Adult Fiction, Rural families",Banned,1,1,1,Low Interest,1.11,3.37,2.26,100.0,100.0,203.0,Strong Spike,True,13.52
Compulsion,Florida,2024-06-01,"Mystery, Fiction, Thriller, Crime, Mystery Thriller, Suspense, Audiobook",Banned by Restriction,1,1,1,Popular,39.11,41.33,2.219999999999999,100.0,100.0,5.68,Mild Increase,True,12.87
Defending Taylor,Texas,2023-03-01,,Banned from Libraries,2,1,2,Unknown/Niche,0.0,2.21,2.21,0.0,100.0,,New Interest,True,14.67
The Pool Was Empty,Florida,2023-12-01,Juvenile Fiction,Banned Pending Investigation,1,1,1,Unknown/Niche,0.0,2.2,2.2,0.0,100.0,,New Interest,True,14.59
Nightmares and dreamscapes,Florida,2025-06-01,Fiction,Banned,1,1,1,Unknown/Niche,0.0,2.2,2.2,0.0,100.0,,New Interest,True,14.59
Rethinking Normal: A Memoir in Transition,Texas,2021-12-01,"LGBT, Nonfiction, Memoir, Transgender, Queer, Biography, Biography Memoir",Banned Pending Investigation,10,6,10,Unknown/Niche,0.0,2.2,2.2,0.0,100.0,,New Interest,True,14.59
Draw Me A Star,Tennessee,2024-12-01,"Picture Books, Childrens, Banned Books, Art, Fiction, Space, Nature",Banned,1,1,1,Unknown/Niche,0.0,2.19,2.19,0.0,100.0,,New Interest,True,14.52
Dog Man and Cat Kid,Florida,2023-10-01,"Juvenile Fiction, Cats",Banned,1,1,1,Unknown/Niche,0.0,2.19,2.19,0.0,100.0,,New Interest,True,14.52
Raphael: School of Athens,Missouri,2022-09-01,"Art, High Renaissance",Banned Pending Investigation,1,1,1,Unknown/Niche,0.0,2.18,2.18,0.0,100.0,,New Interest,True,14.45
Home and Family Relationships,Texas,2024-08-01,Juvenile Nonfiction,Banned,2,2,2,Unknown/Niche,0.0,2.18,2.18,0.0,100.0,,New Interest,True,14.45
The Leading Edge of Now,Texas,2024-06-01,"Young Adult, Contemporary, Mystery, Fiction, Romance, Realistic Fiction, Abuse",Banned,1,1,1,Unknown/Niche,0.0,2.18,2.18,0.0,100.0,,New Interest,True,14.45
Paradise Lost and Paradise Regained,Florida,2023-12-01,"Classics, Poetry, Fiction, Literature, Religion, Philosophy, Fantasy",Banned Pending Investigation,1,1,1,Unknown/Niche,0.0,2.18,2.18,0.0,100.0,,New Interest,True,14.45
We Can't Be Friends: A True Story,Texas,2022-12-01,"Memoir, Nonfiction, Mental Health, Biography",Banned from Libraries and Classrooms,2,1,2,Unknown/Niche,0.0,2.18,2.18,0.0,100.0,,New Interest,True,14.45
The Accident Season,Florida,2023-08-01,Juvenile Fiction,Banned Pending Investigation,2,2,2,Unknown/Niche,0.0,2.18,2.18,0.0,100.0,,New Interest,True,14.45
Clarion Call,Texas,2024-08-01,Juvenile Fiction,Banned by Restriction,1,1,1,Low Interest,1.98,4.16,2.18,100.0,100.0,110.11,Strong Spike,True,16.08
Rebellion,Wisconsin,2023-11-01,"Juvenile Fiction, Young Adult Fiction",Banned Pending Investigation,1,1,1,Very Popular,53.8,55.97,2.1700000000000017,100.0,100.0,4.03,Mild Increase,True,24.19
The Silent Wife,Florida,2024-06-01,"Fiction, Thriller, Mystery, Mystery Thriller, Audiobook, Suspense, Psychological Thriller",Banned by Restriction,1,1,1,Unknown/Niche,0.0,2.17,2.17,0.0,100.0,,New Interest,True,14.38
Life in Outer Space,Texas,2021-12-01,"Young Adult, Contemporary, Romance, Fiction, Young Adult Contemporary, Realistic Fiction, Humor",Banned Pending Investigation,1,1,1,Unknown/Niche,0.0,2.17,2.17,0.0,100.0,,New Interest,True,14.38
Infinity Reaper (Infinity Cycle Series),Texas,2021-11-01,"Young Adult Fiction, Juvenile Fiction",Banned from Libraries and Classrooms,1,1,1,Unknown/Niche,0.0,2.17,2.17,0.0,100.0,,New Interest,True,14.38
King of Battle and Blood,Florida,2024-06-01,"Fantasy, Vampires, Fantasy Romance, Romantasy, Enemies To Lovers, Paranormal, Adult",Banned by Restriction,1,1,1,Low Interest,1.11,3.27,2.16,100.0,100.0,194.0,Strong Spike,True,14.52
"Master Keaton, Vol. 3",Texas,2022-10-01,Comics & Graphic Novels,Banned from Libraries and Classrooms,1,1,1,Unknown/Niche,0.0,2.16,2.16,0.0,100.0,,New Interest,True,14.31
Paper Girls (Series Title Not Specified),Tennessee,2024-10-01,Comics & Graphic Novels,Banned,1,1,1,Unknown/Niche,0.0,2.14,2.14,0.0,100.0,,New Interest,True,14.23
Call Me Max,Minnesota,2025-03-01,,Banned by Restriction,2,2,2,Unknown/Niche,0.0,2.14,2.14,0.0,100.0,,New Interest,True,14.23
True Believer (NS),Florida,2024-08-01,"Fiction, God",Banned by Restriction,1,1,1,Unknown/Niche,0.0,2.14,2.14,0.0,100.0,,New Interest,True,14.23
The Story of Werewolves,Florida,2023-03-01,Social Science,Banned from Libraries and Classrooms,1,1,1,Unknown/Niche,0.0,2.13,2.13,0.0,100.0,,New Interest,True,14.16
Ship of Smoke and Steel,Tennessee,2024-10-01,Young Adult Fiction,Banned,1,1,1,Unknown/Niche,0.0,2.13,2.13,0.0,100.0,,New Interest,True,14.16
Messing Around with Drinking Straw Construction: A Children's Museum Activisty Book,Florida,2023-08-01,"Juvenile Nonfiction, Paper work",Banned Pending Investigation,1,1,1,Unknown/Niche,0.0,2.13,2.13,0.0,100.0,,New Interest,True,14.16
The Lying Woods,Florida,2023-08-01,Young Adult Fiction,Banned Pending Investigation,1,1,1,Unknown/Niche,0.0,2.13,2.13,0.0,100.0,,New Interest,True,14.16
Naked,Florida,2023-12-01,"Humor, Nonfiction, Memoir, Essays, Short Stories, Comedy, Biography",Banned Pending Investigation,1,1,1,Very Popular,78.7,80.83,2.1299999999999955,100.0,100.0,2.71,Mild Increase,True,7.68
The Glittering Court,Florida,2023-06-01,"Young Adult Fiction, Juvenile Fiction, Fiction",Banned Pending Investigation,1,1,1,Unknown/Niche,0.0,2.11,2.11,0.0,100.0,,New Interest,True,14.02
"Master Keaton, Vol. 10",Texas,2022-10-01,Comics & Graphic Novels,Banned from Libraries and Classrooms,1,1,1,Unknown/Niche,0.0,2.11,2.11,0.0,100.0,,New Interest,True,14.02
Hotel on the Corner of Bitter and Sweet,Wisconsin,2023-11-01,"Historical Fiction, Fiction, Historical, Romance, World War II, Book Club, Adult Fiction",Banned Pending Investigation,1,1,1,Unknown/Niche,0.0,2.11,2.11,0.0,100.0,,New Interest,True,14.02
Song of Susannah,Florida,2023-08-01,"Fantasy, Fiction, Horror, Science Fiction, Adventure, Westerns, Audiobook",Banned,6,2,6,Unknown/Niche,0.0,2.11,2.11,0.0,100.0,,New Interest,True,14.02
The Magic Fish,Texas,2021-11-01,"Graphic Novels, LGBT, Young Adult, Queer, Fantasy, Comics, Fiction",Banned Pending Investigation,11,5,11,Unknown/Niche,0.0,2.1,2.1,0.0,100.0,,New Interest,True,13.95
Sissy: A Coming of Gender Story,Tennessee,2024-08-01,Biography & Autobiography,Banned,4,3,4,Unknown/Niche,0.0,2.1,2.1,0.0,100.0,,New Interest,True,13.95
The Christopher Killer,Florida,2023-08-01,"Mystery, Young Adult, Thriller, Crime, Fiction, Suspense, Teen",Banned by Restriction,2,1,2,Unknown/Niche,0.0,2.09,2.09,0.0,100.0,,New Interest,True,13.88
Ancient Roman Art and Architecture,Tennessee,2024-08-01,"JUVENILE NONFICTION, Architecture, Amphitheaters, History, Aqueducts",Banned,2,2,2,Unknown/Niche,0.0,2.09,2.09,0.0,100.0,,New Interest,True,13.88
Saint Odd,Florida,2024-02-01,"Fiction, FICTION, California",Banned Pending Investigation,1,1,1,Unknown/Niche,0.0,2.09,2.09,0.0,100.0,,New Interest,True,13.88
Blind Sighted,Florida,2023-10-01,"Juvenile Fiction, Biography & Autobiography, Education, Blind",Banned,1,1,1,Unknown/Niche,0.0,2.09,2.09,0.0,100.0,,New Interest,True,13.88
The Art of Comics,Missouri,2022-09-01,"Comic books, strips, etc, Animated films, Young Adult Nonfiction",Banned Pending Investigation,1,1,1,Unknown/Niche,0.0,2.08,2.08,0.0,100.0,,New Interest,True,13.82
First French Kiss: And Other Traumas,Tennessee,2025-02-01,"Juvenile Fiction, Adolescence",Banned,1,1,1,Unknown/Niche,0.0,2.08,2.08,0.0,100.0,,New Interest,True,13.82
City of Ashes,Florida,2023-08-01,"Fantasy, Young Adult, Romance, Paranormal, Urban Fantasy, Fiction, Vampires",Banned Pending Investigation,4,3,4,Low Interest,1.98,4.06,2.0799999999999996,100.0,100.0,105.06,Strong Spike,True,16.31
Fall on Your Knees,Florida,2023-12-01,"Fiction, Historical Fiction, Canada, Historical, Literary Fiction, Novels, Canadian Literature",Banned Pending Investigation,1,1,1,Moderate Interest,5.84,7.91,2.0700000000000003,100.0,100.0,35.36,Strong Spike,True,18.8
The Grownup,Maine,2023-08-01,"Short Stories, Fiction, Horror, Thriller, Mystery, Mystery Thriller, Audiobook",Banned by Restriction,1,1,1,Unknown/Niche,0.0,2.07,2.07,0.0,100.0,,New Interest,True,13.75
SP4RX,Missouri,2022-09-01,,Banned Pending Investigation,1,1,1,Unknown/Niche,0.0,2.07,2.07,0.0,100.0,,New Interest,True,13.75
Nectar in a Sieve,Florida,2024-06-01,"Fiction, Classics, India, Historical Fiction, School, Read For School, Indian Literature",Banned by Restriction,1,1,1,Unknown/Niche,0.0,2.06,2.06,0.0,100.0,,New Interest,True,13.68
The Henna Wars,Tennessee,2022-02-01,"Romance, LGBT, Young Adult, Contemporary, Queer, Lesbian, Fiction",Banned Pending Investigation,1,1,1,Unknown/Niche,0.0,2.06,2.06,0.0,100.0,,New Interest,True,13.68
Oceanic Art,Tennessee,2025-04-01,Art,Banned,1,1,1,Unknown/Niche,0.0,2.06,2.06,0.0,100.0,,New Interest,True,13.68
Somewhere Towards the End,Florida,2023-08-01,"Memoir, Nonfiction, Biography, Autobiography, Biography Memoir, Essays, Womens",Banned Pending Investigation,1,1,1,Unknown/Niche,0.0,2.04,2.04,0.0,100.0,,New Interest,True,13.61
Sinews of Thy Heart,Texas,2024-06-01,"Juvenile Fiction, Apparitions",Banned,1,1,1,Unknown/Niche,0.0,2.04,2.04,0.0,100.0,,New Interest,True,13.61
Longbow Girl,Texas,2024-11-01,Young Adult Fiction,Banned by Restriction,1,1,1,Unknown/Niche,0.0,2.04,2.04,0.0,100.0,,New Interest,True,13.61
The Poison Jungle,Kentucky,2023-10-01,"Fantasy, Middle Grade, Dragons, Young Adult, Adventure, Fiction, Childrens",Banned,1,1,1,Unknown/Niche,0.0,2.03,2.03,0.0,100.0,,New Interest,True,13.55
"Dune: House Atreides, Vol. 1 (The Graphic Novel)",Kentucky,2023-10-01,Comics & Graphic Novels,Banned,1,1,1,Unknown/Niche,0.0,2.03,2.03,0.0,100.0,,New Interest,True,13.55
Bonus Tracks,Iowa,2024-06-01,,Banned Pending Investigation,1,1,1,Low Interest,2.71,4.73,2.0200000000000005,100.0,100.0,74.59,Strong Spike,True,13.46
Making Up Megaboy,Tennessee,2025-02-01,Juvenile Fiction,Banned,1,1,1,Unknown/Niche,0.0,2.02,2.02,0.0,100.0,,New Interest,True,13.48
The Librarian of Auschwitz: The Graphic Novel,Florida,2023-08-01,"Graphic Novels, Historical Fiction, Young Adult, Comics, Historical, Holocaust, Bande Dessinée",Banned Pending Investigation,1,1,1,Unknown/Niche,0.0,2.02,2.02,0.0,100.0,,New Interest,True,13.48
No Place for Fairy Tales,Texas,2024-08-01,,Banned,1,1,1,Unknown/Niche,0.0,2.02,2.02,0.0,100.0,,New Interest,True,13.48
On A Pale Horse,Florida,2024-05-01,"Fantasy, Fiction, Science Fiction, Science Fiction Fantasy, Urban Fantasy, Magic, Paranormal",Banned Pending Investigation,2,1,2,Unknown/Niche,0.0,2.02,2.02,0.0,100.0,,New Interest,True,13.48
Petals on the Wind,Florida,2023-12-01,"Fiction, Horror, Young Adult, Romance, Gothic, Thriller, Drama",Banned Pending Investigation,2,2,2,Low Interest,2.84,4.84,2.0,100.0,100.0,70.31,Strong Spike,True,17.44
The Way We Never Were: American Families and the Nostalgia Trap,Florida,2024-06-01,"History, Nonfiction, Sociology, Feminism, Politics, American History, Historical",Banned by Restriction,1,1,1,Unknown/Niche,0.0,2.0,2.0,0.0,100.0,,New Interest,True,13.35
Hell Followed With Us,Tennessee,2024-08-01,Young Adult Fiction,Banned,3,3,3,Unknown/Niche,0.0,2.0,2.0,0.0,100.0,,New Interest,True,13.35
One Hot Second: Stories About Desire,Texas,2022-03-01,,Banned Pending Investigation,3,3,3,Unknown/Niche,0.0,1.99,1.99,0.0,100.0,,New Interest,True,13.29
Follow Your Arrow,Tennessee,2022-02-01,"LGBT, Romance, Young Adult, Contemporary, Queer, Fiction, Lesbian",Banned Pending Investigation,3,2,3,Low Interest,1.11,3.1,1.99,100.0,100.0,179.0,Strong Spike,True,14.0
"The Legend of Korra: Turf Wars, Part One",Tennessee,2022-02-01,Comics & Graphic Novels,Banned Pending Investigation,1,1,1,Unknown/Niche,0.0,1.99,1.99,0.0,100.0,,New Interest,True,13.29
An Ember in the Ashes,Texas,2023-03-01,"Fantasy, Young Adult, Romance, Fiction, Young Adult Fantasy, Dystopia, High Fantasy",Banned from Libraries,4,3,4,Low Interest,1.11,3.1,1.99,100.0,100.0,179.0,Strong Spike,True,14.01
Losing Hope,Florida,2023-02-01,"Romance, New Adult, Young Adult, Contemporary, Fiction, Contemporary Romance, Abuse",Banned from Libraries and Classrooms,5,2,5,Moderate Interest,19.99,21.97,1.9800000000000004,100.0,100.0,9.89,Mild Increase,True,34.31
Beyond the Black Door,Tennessee,2024-10-01,Young Adult Fiction,Banned,1,1,1,Unknown/Niche,0.0,1.98,1.98,0.0,100.0,,New Interest,True,13.22
American Roommate Experiment,Iowa,2023-10-01,"Romance, Contemporary, Friends To Lovers, Contemporary Romance, Fiction, Audiobook, Adult",Banned Pending Investigation,1,1,1,Unknown/Niche,0.0,1.98,1.98,0.0,100.0,,New Interest,True,13.22
Stink-O-Pedia: Super Stink-Y Stuff From A to Zzzzz,Texas,2025-02-01,"Juvenile Nonfiction, Juvenile Fiction, Children's encyclopedias and dictionaries",Banned,1,1,1,Unknown/Niche,0.0,1.98,1.98,0.0,100.0,,New Interest,True,13.22
The Dogs of Babel,Florida,2024-06-01,"Fiction, Mystery, Animals, Dogs, Contemporary, Literary Fiction, Adult",Banned by Restriction,1,1,1,Unknown/Niche,0.0,1.97,1.97,0.0,100.0,,New Interest,True,13.16
Deuteronomy: The Jewish Children's Bible,Florida,2023-06-01,"Bible stories, English, Bible",Banned from Libraries and Classrooms,1,1,1,Unknown/Niche,0.0,1.97,1.97,0.0,100.0,,New Interest,True,13.16
The Midwife's Apprentice,Florida,2023-07-01,"Historical Fiction, Young Adult, Fiction, Middle Grade, Childrens, Historical, Medieval",Banned by Restriction,2,1,2,Unknown/Niche,0.0,1.97,1.97,0.0,100.0,,New Interest,True,13.16
"The Great Civilizations (Series, Title not Specified)",Tennessee,2025-02-01,"History, Celts, Juvenile Nonfiction",Banned,1,1,1,Unknown/Niche,0.0,1.96,1.96,0.0,100.0,,New Interest,True,13.09
My Footprints,Iowa,2024-06-01,"Picture Books, LGBT, Childrens, Family, Animals, Cultural, Fiction",Banned Pending Investigation,2,2,2,Low Interest,1.11,3.07,1.9599999999999997,100.0,100.0,176.0,Strong Spike,True,13.91
Girls of Paper and Fire,Florida,2023-06-01,Young Adult Fiction,Banned Pending Investigation,8,4,8,Unknown/Niche,0.0,1.94,1.94,0.0,100.0,,New Interest,True,13.03
Skinny Dip,Florida,2024-06-01,Fiction,Banned by Restriction,1,1,1,Popular,33.64,35.58,1.9399999999999977,100.0,100.0,5.75,Mild Increase,True,26.97
Someone I Used to Know,Florida,2021-11-01,"Young Adult, Contemporary, Realistic Fiction, Mental Health, Fiction, Romance, Abuse",Banned from Libraries and Classrooms,7,3,7,Moderate Interest,6.97,8.9,1.9300000000000006,100.0,100.0,27.75,Strong Spike,True,23.16
Apt Pupil,Florida,2023-07-01,"Horror, Fiction, Thriller, Short Stories, Audiobook, Novella, Mystery",Banned,3,1,3,Low Interest,3.18,5.11,1.9300000000000002,100.0,100.0,60.84,Strong Spike,True,18.36
The Revolution of Birdie Randolph,Florida,2023-08-01,"Young Adult, Contemporary, Romance, Realistic Fiction, Fiction, LGBT, Audiobook",Banned Pending Investigation,6,2,5,Unknown/Niche,0.0,1.93,1.93,0.0,100.0,,New Interest,True,12.97
Endgame: The Calling,Florida,2023-10-01,"Young Adult Fiction, Fiction",Banned Pending Investigation,1,1,1,Unknown/Niche,0.0,1.93,1.93,0.0,100.0,,New Interest,True,12.97
The Doubt Factory,Florida,2023-08-01,"Young Adult, Fiction, Mystery, Thriller, Science Fiction, Romance, Teen",Banned by Restriction,2,1,2,Unknown/Niche,0.0,1.93,1.93,0.0,100.0,,New Interest,True,12.97
Pushing the Limits,Florida,2024-04-01,"Romance, Young Adult, Contemporary, New Adult, Contemporary Romance, High School, Realistic Fiction",Banned,1,1,1,Low Interest,1.11,3.04,1.93,100.0,100.0,174.0,Strong Spike,True,13.82
Uses for Boys,Florida,2023-12-01,Young Adult Fiction,Banned,4,1,4,Moderate Interest,5.17,7.1,1.9299999999999997,100.0,100.0,37.42,Strong Spike,True,22.23
The Summer of Bitter and Sweet,Texas,2025-04-01,"Young Adult Fiction, 0Best friends",Banned,1,1,1,Unknown/Niche,0.0,1.92,1.92,0.0,100.0,,New Interest,True,12.91
The Prince and the Dressmaker,Idaho,2022-05-01,"Graphic Novels, Young Adult, LGBT, Comics, Romance, Queer, Historical Fiction",Banned from Libraries and Classrooms,8,6,8,Unknown/Niche,0.0,1.92,1.92,0.0,100.0,,New Interest,True,12.91
Bump and Run,Florida,2024-06-01,"Sports, Fiction, Football, Realistic Fiction, Humor",Banned by Restriction,1,1,1,Low Interest,1.11,3.03,1.9199999999999997,100.0,100.0,173.0,Strong Spike,True,13.78
A Day No Pigs Would Die,Florida,2023-02-01,"Fiction, Young Adult, Classics, Historical Fiction, Childrens, Banned Books, Coming Of Age",Banned Pending Investigation,7,3,7,Unknown/Niche,0.0,1.9,1.9,0.0,100.0,,New Interest,True,12.79
"Everything, Everything",Florida,2023-08-01,"Young Adult, Romance, Contemporary, Fiction, Realistic Fiction, Audiobook, Young Adult Contemporary",Banned Pending Investigation,16,4,16,Unknown/Niche,0.0,1.9,1.9,0.0,100.0,,New Interest,True,12.79
Humvees,Texas,2024-11-01,Juvenile Nonfiction,Banned,1,1,1,Low Interest,1.11,3.01,1.8999999999999997,100.0,100.0,171.0,Strong Spike,True,12.92
Off the Record,Tennessee,2025-01-01,Young Adult Fiction,Banned,2,2,2,Very Popular,68.57,70.44,1.8700000000000045,100.0,100.0,2.74,Mild Increase,True,12.86
The Upside of Unrequited,Florida,2022-09-01,"Young Adult, Contemporary, Romance, LGBT, Fiction, Queer, Audiobook",Banned from Libraries,23,7,22,Unknown/Niche,0.0,1.87,1.87,0.0,100.0,,New Interest,True,12.61
We All Fall Down,Florida,2023-08-01,"Young Adult, Fiction, Banned Books, Mystery, Crime, Teen, Suspense",Banned,4,1,4,Low Interest,4.36,6.23,1.87,100.0,100.0,43.11,Strong Spike,True,20.07
Invisible Heroes of World War II: Extraordinary Wartime Stories of Ordinary People,Texas,2024-11-01,"Biography & Autobiography, History",Banned,1,1,1,Unknown/Niche,0.0,1.87,1.87,0.0,100.0,,New Interest,True,12.61
The Digestive and Urinary Systems,Texas,2025-03-01,"Digestive organs, Juvenile Nonfiction, Nursing home patients",Banned,1,1,1,Low Interest,1.11,2.98,1.8699999999999999,100.0,100.0,168.0,Strong Spike,True,13.63
On Earth We're Briefly Gorgeous,Iowa,2023-10-01,"Fiction, Poetry, LGBT, Contemporary, Queer, Literary Fiction, Adult",Banned from Libraries and Classrooms,2,2,2,Moderate Interest,12.13,14.0,1.8699999999999992,100.0,100.0,15.38,Mild Increase,True,26.39
Dear Justyce,Florida,2022-10-01,Young Adult Fiction,Banned Pending Investigation,3,2,3,Low Interest,1.11,2.97,1.86,100.0,100.0,167.0,Strong Spike,True,13.58
Dumplin',Florida,2023-06-01,Young Adult Fiction,Banned Pending Investigation,6,4,6,Unknown/Niche,0.0,1.83,1.83,0.0,100.0,,New Interest,True,12.44
The Goddess Legacy: An Original Goddess Test Collection,Florida,2023-08-01,"Young Adult Fiction, Juvenile Fiction",Banned Pending Investigation,1,1,1,Unknown/Niche,0.0,1.83,1.83,0.0,100.0,,New Interest,True,12.44
Tattoo Atlas,Texas,2021-12-01,"Young Adult, LGBT, Science Fiction, Mystery, Fiction, Thriller, Queer",Banned Pending Investigation,2,1,2,Low Interest,1.11,2.94,1.8299999999999998,100.0,100.0,165.0,Strong Spike,True,12.68
Tithe,Florida,2023-08-01,"Fantasy, Young Adult, Urban Fantasy, Fae, Fiction, Romance, Paranormal",Banned Pending Investigation,2,1,2,Very Popular,57.33,59.16,1.8299999999999983,100.0,100.0,3.18,Mild Increase,True,13.67
Untamed (AGH),Texas,2023-03-01,"Fantasy, Young Adult, Retellings, Romance, Magic, Fairy Tales, Audiobook",Banned from Libraries,4,3,4,Unknown/Niche,0.0,1.81,1.81,0.0,100.0,,New Interest,True,12.33
Breakfast of Champions,Missouri,2022-09-01,"Fiction, Classics, Science Fiction, Humor, Literature, Novels, American",Banned from Libraries,2,2,2,Moderate Interest,9.6,11.4,1.8000000000000007,100.0,100.0,18.75,Mild Increase,True,26.48
The Blacker the Berry,Florida,2023-10-01,"Fiction, African American women",Banned,1,1,1,Low Interest,2.03,3.83,1.8000000000000003,100.0,100.0,88.52,Strong Spike,True,15.07
Protests and Riots,Iowa,2023-10-01,Young Adult Nonfiction,Banned Pending Investigation,1,1,1,Low Interest,1.11,2.91,1.8,100.0,100.0,162.0,Strong Spike,True,13.44
City of Heavenly Fire,Florida,2022-10-01,"Fantasy, Young Adult, Romance, Paranormal, Urban Fantasy, Vampires, Fiction",Banned Pending Investigation,12,5,12,Unknown/Niche,0.0,1.79,1.79,0.0,100.0,,New Interest,True,12.22
Frankly in Love,Florida,2023-08-01,Young Adult Fiction,Banned Pending Investigation,7,3,7,Unknown/Niche,0.0,1.79,1.79,0.0,100.0,,New Interest,True,12.22
Clean,Florida,2023-10-01,"Juvenile Fiction, Apples, Political Science, Business & Economics, Clean energy industries",Banned,1,1,1,Very Popular,83.34,85.13,1.789999999999992,100.0,100.0,2.15,Mild Increase,True,6.4
CAMP,Florida,2024-06-01,"LGBT, Young Adult, Romance, Contemporary, Queer, Fiction, Audiobook",Banned by Restriction,5,4,5,Very Popular,69.23,71.01,1.7800000000000011,100.0,100.0,2.57,Mild Increase,True,13.53
Confessions of a Shopaholic,Florida,2023-12-01,"Chick Lit, Fiction, Romance, Contemporary, Humor, Adult, Contemporary Romance",Banned Pending Investigation,1,1,1,Moderate Interest,13.29,15.06,1.7700000000000014,100.0,100.0,13.29,Mild Increase,True,20.93
"My Hero Academia, Vol. 30: Dabi's Dance",Florida,2023-08-01,"Comics & Graphic Novels, High schools",Banned Pending Investigation,1,1,1,Unknown/Niche,0.0,1.77,1.77,0.0,100.0,,New Interest,True,12.11
"Mirror, Mirror",Florida,2025-02-01,"Fiction, Religion",Banned,1,1,1,Popular,33.97,35.72,1.75,100.0,100.0,5.17,Mild Increase,True,31.92
House of Dark Shadows,Texas,2022-10-01,"Young Adult Fiction, California",Banned Pending Investigation,1,1,1,Low Interest,1.11,2.86,1.7499999999999998,100.0,100.0,157.0,Strong Spike,True,11.21
It Starts With Us,Florida,2023-10-01,Fiction,Banned from Libraries and Classrooms,12,3,12,Very Popular,61.01,62.74,1.730000000000004,100.0,100.0,2.84,Mild Increase,True,16.41
War Storm,Texas,2022-10-01,"Fantasy, Young Adult, Dystopia, Romance, Fiction, Young Adult Fantasy, Audiobook",Banned from Libraries,4,3,4,Very Popular,59.51,61.24,1.730000000000004,100.0,100.0,2.91,Mild Increase,True,14.76
House of Earth and Blood,Florida,2022-10-01,"Romance, Fantasy, Romantasy, Fiction, Fantasy Romance, Urban Fantasy, Adult",Banned from Libraries and Classrooms,28,10,27,Low Interest,2.99,4.72,1.7299999999999995,100.0,100.0,57.99,Strong Spike,True,17.98
The Other Boy,Texas,2021-12-01,"LGBT, Middle Grade, Realistic Fiction, Young Adult, Fiction, Transgender, Contemporary",Banned Pending Investigation,6,3,6,Popular,49.87,51.54,1.6700000000000017,100.0,100.0,3.36,Mild Increase,True,24.21
Seedfolks,Texas,2021-10-01,"Young Adult, Fiction, Realistic Fiction, Middle Grade, School, Cultural, Childrens",Banned from Libraries,1,1,1,Low Interest,1.84,3.51,1.6699999999999997,100.0,100.0,90.36,Strong Spike,True,14.65
Max,Florida,2023-02-01,"Fiction, Juvenile Fiction",Banned from Libraries,2,2,2,Very Popular,79.04,80.71,1.6699999999999875,100.0,100.0,2.11,Mild Increase,True,6.28
Sweat,Florida,2024-06-01,"Plays, Drama, Fiction, Theatre, School, Read For School, College",Banned by Restriction,1,1,1,Very Popular,79.43,81.07,1.6399999999999864,100.0,100.0,2.06,Mild Increase,True,6.12
Two Can Keep a Secret,Florida,2023-08-01,"Mystery, Young Adult, Thriller, Mystery Thriller, Contemporary, Fiction, Audiobook",Banned Pending Investigation,1,1,1,Low Interest,2.59,4.21,1.62,100.0,100.0,62.66,Strong Spike,True,16.03
The Moviegoer,Florida,2024-06-01,"Fiction, Classics, Literature, Novels, Southern, American, Literary Fiction",Banned by Restriction,1,1,1,Low Interest,1.11,2.73,1.6199999999999999,100.0,100.0,146.0,Strong Spike,True,12.91
The Prince of Tides,Florida,2023-10-01,"Fiction, Classics, Romance, Southern, Contemporary, Literary Fiction, Drama",Banned,1,1,1,Low Interest,1.11,2.71,1.5999999999999999,100.0,100.0,144.0,Strong Spike,True,12.85
Plan B,Iowa,2023-10-01,"Young Adult Fiction, Fiction, Self-Help, Health & Fitness, Sewage disposal",Banned Pending Investigation,1,1,1,Very Popular,80.51,82.1,1.5899999999999892,100.0,100.0,1.97,Mild Increase,True,9.27
Thinner,Florida,2024-06-01,"Horror, Fiction, Thriller, Fantasy, Supernatural, Paranormal, Audiobook",Banned,3,1,3,Very Popular,88.18,89.76,1.5799999999999983,100.0,100.0,1.79,Mild Increase,True,5.4
The Baby Tree,Texas,2021-12-01,Juvenile Fiction,Banned Pending Investigation,4,2,4,Popular,24.61,26.17,1.5600000000000023,100.0,100.0,6.32,Mild Increase,True,25.71
The Killing Sea,Tennessee,2025-02-01,"Young Adult Fiction, Fiction",Banned,1,1,1,Low Interest,3.04,4.6,1.5599999999999996,100.0,100.0,51.09,Strong Spike,True,17.87
Esperanza Rising,Texas,2022-01-01,"Historical Fiction, Middle Grade, Young Adult, Fiction, Childrens, School, Historical",Banned Pending Investigation,2,2,2,Popular,37.12,38.67,1.5500000000000043,100.0,100.0,4.16,Mild Increase,True,25.32
The Sound and the Fury,Florida,2023-08-01,"Classics, Fiction, Literature, Novels, American, 20th Century, Southern Gothic",Banned Pending Investigation,1,1,1,Moderate Interest,8.27,9.81,1.540000000000001,100.0,100.0,18.68,Mild Increase,True,25.1
Ancient Assyria,Florida,2023-06-01,"Juvenile Nonfiction, Bible",Banned from Libraries and Classrooms,1,1,1,Low Interest,1.11,2.64,1.53,100.0,100.0,138.0,Strong Spike,True,12.68
Unpregnant,Texas,2021-12-01,"Young Adult, Contemporary, Fiction, Feminism, Realistic Fiction, Audiobook, Young Adult Contemporary",Banned Pending Investigation,6,3,5,Low Interest,2.93,4.42,1.4899999999999998,100.0,100.0,50.76,Strong Spike,True,15.27
Just Ash,Tennessee,2022-02-01,"Young Adult, LGBT, Contemporary, Queer, Intersex, Realistic Fiction, Fiction",Banned Pending Investigation,3,3,3,Low Interest,1.11,2.57,1.4599999999999997,100.0,100.0,131.0,Strong Spike,True,11.9
Lovely War,Florida,2023-08-01,"Historical Fiction, Romance, Young Adult, Historical, Fiction, Mythology, Fantasy",Banned Pending Investigation,1,1,1,Low Interest,1.11,2.57,1.4599999999999997,100.0,100.0,131.0,Strong Spike,True,12.48
Private Lessons,Tennessee,2024-10-01,Young Adult Fiction,Banned,1,1,1,Very Popular,65.19,66.64,1.4500000000000028,100.0,100.0,2.23,Mild Increase,True,12.93
Dirty Blonde,Florida,2024-06-01,"Fiction, Audiobooks",Banned by Restriction,1,1,1,Very Popular,73.1,74.48,1.3800000000000097,100.0,100.0,1.88,Mild Increase,True,10.52
Enemies,Texas,2024-11-01,Juvenile Fiction,Banned by Restriction,1,1,1,Very Popular,60.72,62.08,1.3599999999999994,100.0,100.0,2.23,Mild Increase,True,7.42
The Ghost Runner,Florida,2023-08-01,Young Adult Fiction,Banned Pending Investigation,1,1,1,Low Interest,1.11,2.46,1.3499999999999999,100.0,100.0,121.0,Strong Spike,True,12.19
Doctor Zhivago,Florida,2023-08-01,"Classics, Fiction, Historical Fiction, Russia, Russian Literature, Literature, Romance",Banned Pending Investigation,1,1,1,Low Interest,2.37,3.7,1.33,100.0,100.0,56.34,Strong Spike,True,12.42
The Lost Coast,Texas,2024-08-01,Young Adult Fiction,Banned by Restriction,1,1,1,Moderate Interest,16.22,17.52,1.3000000000000007,100.0,100.0,8.01,Mild Increase,True,28.31
Violent Ends,Florida,2023-10-01,Young Adult Fiction,Banned,2,1,2,Low Interest,1.63,2.93,1.3000000000000003,100.0,100.0,79.59,Strong Spike,True,13.89
Greek Warrior,Tennessee,2025-02-01,"Greece, Gladiators",Banned,1,1,1,Moderate Interest,12.19,13.46,1.2700000000000014,100.0,100.0,10.39,Mild Increase,True,28.53
Boyfriend Material,Iowa,2023-10-01,Fiction,Banned Pending Investigation,1,1,1,Low Interest,3.74,4.94,1.2000000000000002,100.0,100.0,32.05,Strong Spike,True,19.06
Graphic Design,Florida,2023-08-01,Design,Banned Pending Investigation,1,1,1,Very Popular,75.79,76.98,1.1899999999999977,100.0,100.0,1.57,Mild Increase,True,13.39
Adjustment Day,Florida,2023-10-01,"Fiction, Dystopia, Contemporary, Science Fiction, Horror, Humor, American",Banned,5,4,5,Low Interest,3.99,5.17,1.1799999999999997,100.0,100.0,29.53,Strong Spike,True,20.0
Beast,Texas,2021-12-01,"Young Adult, Romance, LGBT, Contemporary, Retellings, Fiction, Queer",Banned Pending Investigation,3,2,3,Very Popular,75.72,76.88,1.1599999999999966,100.0,100.0,1.53,Mild Increase,True,8.83
Dark Eye,Florida,2024-06-01,Fiction,Banned by Restriction,1,1,1,Very Popular,77.71,78.86,1.1500000000000057,100.0,100.0,1.47,Mild Increase,True,8.68
The Tenth Circle,Florida,2021-11-01,"Fiction, Contemporary, Chick Lit, Adult Fiction, Adult, Drama, Mystery",Banned Pending Investigation,11,2,11,Low Interest,1.98,3.12,1.1400000000000001,100.0,100.0,57.87,Strong Spike,True,15.15
Reincarnation,Tennessee,2025-02-01,Young Adult Fiction,Banned,1,1,1,Very Popular,80.96,82.09,1.1300000000000097,100.0,100.0,1.4,Mild Increase,True,7.55
Calvin,Florida,2022-07-01,Calvin,Banned Pending Investigation,6,4,6,Very Popular,66.39,67.52,1.1299999999999955,100.0,100.0,1.71,Mild Increase,True,7.62
An American Tragedy,Iowa,2023-10-01,"Classics, Fiction, Literature, Historical Fiction, American, Novels, Banned Books",Banned,1,1,1,Low Interest,2.04,3.16,1.12,100.0,100.0,54.35,Strong Spike,True,15.42
I Wish You All the Best (I Wish You All the Best Series),Tennessee,2022-02-01,"LGBT, Young Adult, Romance, Queer, Contemporary, Fiction, Mental Health",Banned Pending Investigation,1,1,1,Unknown/Niche,0.0,1.11,1.11,0.0,100.0,,New Interest,True,10.48
The Rose and The Beast: Fairy Tales Retold,Florida,2023-10-01,Young Adult Fiction,Banned,1,1,1,Unknown/Niche,0.0,1.11,1.11,0.0,100.0,,New Interest,True,10.48
Tyler Johnson was Here,Florida,2024-04-01,Young Adult Fiction,Banned,5,1,5,Unknown/Niche,0.0,1.11,1.11,0.0,100.0,,New Interest,True,10.48
The Ruby Code,Florida,2024-08-01,Juvenile Fiction,Banned by Restriction,1,1,1,Unknown/Niche,0.0,1.11,1.11,0.0,100.0,,New Interest,True,10.48
My Life as a Smashed Burrito With Extra Hot Sauce,Florida,2023-10-01,"Fiction, Christian, Childrens, Christian Fiction, Humor, Middle Grade, Young Adult",Banned Pending Investigation,1,1,1,Unknown/Niche,0.0,1.11,1.11,0.0,100.0,,New Interest,True,10.48
"I Heart You, You Haunt Me",Florida,2023-08-01,Young Adult Fiction,Banned Pending Investigation,1,1,1,Unknown/Niche,0.0,1.11,1.11,0.0,100.0,,New Interest,True,10.48
"Novels for Students, Vol. 61",Florida,2023-06-01,,Banned Pending Investigation,1,1,1,Unknown/Niche,0.0,1.11,1.11,0.0,100.0,,New Interest,True,10.48
The True Meaning of Cleavage,Texas,2025-04-01,"Young Adult, Romance, Teen, Realistic Fiction, Contemporary, Chick Lit, High School",Banned,1,1,1,Unknown/Niche,0.0,1.11,1.11,0.0,100.0,,New Interest,True,10.48
The Princess and the Grilled Cheese Sandwich,Texas,2024-08-01,Young Adult Fiction,Banned by Restriction,1,1,1,Unknown/Niche,0.0,1.11,1.11,0.0,100.0,,New Interest,True,10.48
The Rough-Face Girl,Florida,2022-01-01,"Picture Books, Childrens, Fairy Tales, Native American, Fantasy, Fiction, Folklore",Banned Pending Investigation,1,1,1,Unknown/Niche,0.0,1.11,1.11,0.0,100.0,,New Interest,True,10.48
The RattleRat,Florida,2024-06-01,Fiction,Banned by Restriction,1,1,1,Unknown/Niche,0.0,1.11,1.11,0.0,100.0,,New Interest,True,10.48
Highly Illogical Behavior,Texas,2021-12-01,"Young Adult, Contemporary, Mental Health, LGBT, Fiction, Realistic Fiction, Mental Illness",Banned Pending Investigation,4,3,4,Unknown/Niche,0.0,1.11,1.11,0.0,100.0,,New Interest,True,10.48
Detective Dan and the Puzzling Pizza Mystery,Florida,2023-06-01,Juvenile Fiction,Banned from Libraries and Classrooms,1,1,1,Unknown/Niche,0.0,1.11,1.11,0.0,100.0,,New Interest,True,10.48
Attila the Hun: Leader of the Barbarian Hordes,Florida,2024-08-01,Huns,Banned by Restriction,1,1,1,Unknown/Niche,0.0,1.11,1.11,0.0,100.0,,New Interest,True,10.48
"Fruits Basket, Vol. 14",Pennsylvania,2023-02-01,"Comics & Graphic Novels, Astrology, Chinese, Comic books, strips, etc",Banned Pending Investigation,1,1,1,Unknown/Niche,0.0,1.11,1.11,0.0,100.0,,New Interest,True,10.48
Hold Me Closer: The Tiny Cooper Story,Florida,2023-06-01,Young Adult Fiction,Banned from Libraries and Classrooms,4,2,4,Unknown/Niche,0.0,1.11,1.11,0.0,100.0,,New Interest,True,10.48
"At Last, Jedi: A Christina Starspeeder Story",Florida,2024-04-01,"Brothers and sisters, Juvenile Fiction, JUVENILE FICTION",Banned Pending Investigation,1,1,1,Unknown/Niche,0.0,1.11,1.11,0.0,100.0,,New Interest,True,10.48
The Painter from Shanghai,Florida,2024-06-01,"Fiction, Biographical fiction",Banned by Restriction,1,1,1,Unknown/Niche,0.0,1.11,1.11,0.0,100.0,,New Interest,True,10.48
Bad Girls Never Say Die,Texas,2024-08-01,Young Adult Fiction,Banned,1,1,1,Unknown/Niche,0.0,1.11,1.11,0.0,100.0,,New Interest,True,10.48
Diamond and Dawn,Texas,2023-03-01,"Young Adult Fiction, Fiction",Banned from Libraries,1,1,1,Unknown/Niche,0.0,1.11,1.11,0.0,100.0,,New Interest,True,10.48
As Old as Time: A Twisted Tail,Florida,2023-09-01,"Fantasy, Young Adult, Retellings, Romance, Fiction, Fairy Tales, Beauty and The Beast",Banned by Restriction,1,1,1,Unknown/Niche,0.0,1.11,1.11,0.0,100.0,,New Interest,True,10.48
Notes from a Young Black Chef (Adapted for Young Adults),Florida,2023-06-01,"Biography & Autobiography, Young Adult Nonfiction, Cooking",Banned Pending Investigation,1,1,1,Unknown/Niche,0.0,1.11,1.11,0.0,100.0,,New Interest,True,10.48
Diego Velazquez 1599-1660: The Face of Spain,Tennessee,2025-04-01,"Painters, Art, Artists",Banned,1,1,1,Unknown/Niche,0.0,1.11,1.11,0.0,100.0,,New Interest,True,10.48
Dorothy Must Die,Wisconsin,2023-11-01,"Fantasy, Young Adult, Retellings, Fiction, Magic, Fairy Tales, Adventure",Banned Pending Investigation,1,1,1,Unknown/Niche,0.0,1.11,1.11,0.0,100.0,,New Interest,True,10.48
Indestructible Object,Tennessee,2022-02-01,"Contemporary, LGBT, Young Adult, Romance, Queer, Lesbian, Polyamory",Banned Pending Investigation,1,1,1,Unknown/Niche,0.0,1.11,1.11,0.0,100.0,,New Interest,True,10.48
The Thing About Jellyfish,Florida,2023-07-01,"Juvenile Fiction, JUVENILE FICTION",Banned by Restriction,1,1,1,Unknown/Niche,0.0,1.11,1.11,0.0,100.0,,New Interest,True,10.48
If You're a Kid Like Gavin: The True Story of a Young Trans Activist,Iowa,2024-06-01,Juvenile Nonfiction,Banned Pending Investigation,2,2,2,Unknown/Niche,0.0,1.11,1.11,0.0,100.0,,New Interest,True,10.48
The Story of the Three Wise Kings,Florida,2023-06-01,"Juvenile Fiction, Christmas",Banned from Libraries and Classrooms,1,1,1,Unknown/Niche,0.0,1.11,1.11,0.0,100.0,,New Interest,True,10.48
Annotated Art,Tennessee,2025-04-01,"Art, Painters",Banned,1,1,1,Unknown/Niche,0.0,1.11,1.11,0.0,100.0,,New Interest,True,10.48
The Story of Christmas: Words from the Gospels of Matthew and Luke,Florida,2023-06-01,"Juvenile Nonfiction, Religion",Banned from Libraries and Classrooms,1,1,1,Unknown/Niche,0.0,1.11,1.11,0.0,100.0,,New Interest,True,10.48
The Porcupine of Truth,Tennessee,2022-02-01,"Young Adult, LGBT, Realistic Fiction, Fiction, Contemporary, Queer, Teen",Banned Pending Investigation,5,3,5,Unknown/Niche,0.0,1.11,1.11,0.0,100.0,,New Interest,True,10.48
Art and Architecture in Mexico,Tennessee,2025-04-01,"Antiques & Collectibles, Art",Banned,1,1,1,Unknown/Niche,0.0,1.11,1.11,0.0,100.0,,New Interest,True,10.48
In Praise of Black Women: Ancient African Queens,Tennessee,2025-04-01,"Art, African American women",Banned,1,1,1,Unknown/Niche,0.0,1.11,1.11,0.0,100.0,,New Interest,True,10.48
Nine Months Luciana,Texas,2023-08-01,,Banned,1,1,1,Unknown/Niche,0.0,1.11,1.11,0.0,100.0,,New Interest,True,10.48
Do You Dream of Terr-Two?,Tennessee,2025-02-01,Fiction,Banned,1,1,1,Unknown/Niche,0.0,1.11,1.11,0.0,100.0,,New Interest,True,10.48
The Sigh of Haruhi Suzumiya,Texas,2022-10-01,"Comics & Graphic Novels, Clubs, Young Adult Fiction, FICTION",Banned from Libraries,1,1,1,Unknown/Niche,0.0,1.11,1.11,0.0,100.0,,New Interest,True,10.48
The Seven Days of Creation,Florida,2023-06-01,"Bible and science, Religion",Banned from Libraries and Classrooms,1,1,1,Unknown/Niche,0.0,1.11,1.11,0.0,100.0,,New Interest,True,10.48
Foxfire: Confessions of a Girl Gang,Florida,2023-10-01,"Fiction, Gangs, Drowning victims",Banned,1,1,1,Unknown/Niche,0.0,1.11,1.11,0.0,100.0,,New Interest,True,10.48
The Turtle of Oman (The Turtle of Oman Series),Florida,2022-01-01,"Middle Grade, Fiction, Realistic Fiction, Childrens, Family, Cultural, Young Adult",Banned Pending Investigation,1,1,1,Unknown/Niche,0.0,1.11,1.11,0.0,100.0,,New Interest,True,10.48
Art: An A-Z Guide,Tennessee,2025-04-01,Juvenile Nonfiction,Banned,1,1,1,Unknown/Niche,0.0,1.11,1.11,0.0,100.0,,New Interest,True,10.48
Discovering Mythology - Gods and Goddesses,Missouri,2022-09-01,Juvenile Nonfiction,Banned Pending Investigation,1,1,1,Unknown/Niche,0.0,1.11,1.11,0.0,100.0,,New Interest,True,10.48
Myths and Civilization of the Ancient Greeks,Tennessee,2025-02-01,"Greece, History, Folklore",Banned,1,1,1,Unknown/Niche,0.0,1.11,1.11,0.0,100.0,,New Interest,True,10.48
Child Abuse (WD),Tennessee,2025-02-01,"Family & Relationships, Child molesters, Children and death",Banned,1,1,1,Unknown/Niche,0.0,1.11,1.11,0.0,100.0,,New Interest,True,10.48
The Body: A Guide for Occupants,Maine,2023-08-01,"Nonfiction, Science, Health, Audiobook, Biology, Medicine, Medical",Banned by Restriction,4,3,4,Unknown/Niche,0.0,1.11,1.11,0.0,100.0,,New Interest,True,10.48
Baroque and Rococo art,Florida,2023-08-01,"Art, Fiction",Banned Pending Investigation,1,1,1,Unknown/Niche,0.0,1.11,1.11,0.0,100.0,,New Interest,True,10.48
Baptism of Fire,Tennessee,2024-10-01,"Fiction, FICTION",Banned,1,1,1,Unknown/Niche,0.0,1.11,1.11,0.0,100.0,,New Interest,True,10.48
Hidden (House of Night Series),Florida,2021-11-01,"Fantasy, Young Adult, Vampires, Paranormal, Romance, Fiction, Supernatural",Banned from Libraries and Classrooms,1,1,1,Unknown/Niche,0.0,1.11,1.11,0.0,100.0,,New Interest,True,10.48
Bent Heavens,Florida,2023-08-01,Young Adult Fiction,Banned Pending Investigation,1,1,1,Unknown/Niche,0.0,1.11,1.11,0.0,100.0,,New Interest,True,10.48
"Hikaru No Go (Series, Title Not Specified)",Texas,2024-11-01,Comics & Graphic Novels,Banned,1,1,1,Unknown/Niche,0.0,1.11,1.11,0.0,100.0,,New Interest,True,10.48
Fifteen Hundred Miles from the Sun,Tennessee,2022-02-01,"LGBT, Romance, Young Adult, Contemporary, Queer, Fiction, Gay",Banned Pending Investigation,4,2,4,Unknown/Niche,0.0,1.11,1.11,0.0,100.0,,New Interest,True,10.48
"Hider, Seeker, Secret Keeper",Texas,2024-11-01,Young Adult Fiction,Banned,1,1,1,Unknown/Niche,0.0,1.11,1.11,0.0,100.0,,New Interest,True,10.48
"David and Goliath: Underdogs, Misfits, and the Art of Battling Giants",Florida,2024-10-01,"Nonfiction, Psychology, Business, Audiobook, Self Help, Sociology, Science",Banned,1,1,1,Unknown/Niche,0.0,1.11,1.11,0.0,100.0,,New Interest,True,10.48
The Last Juror,Florida,2023-08-01,"Fiction, Thriller, Mystery, Crime, Legal Thriller, Suspense, Mystery Thriller",Banned Pending Investigation,1,1,1,Unknown/Niche,0.0,1.11,1.11,0.0,100.0,,New Interest,True,10.48
"Hold Me Closer: The Tiny Cooper Story (Will Grayson, Will Grayson Series)",Texas,2021-10-01,Young Adult Fiction,Banned Pending Investigation,3,2,3,Unknown/Niche,0.0,1.11,1.11,0.0,100.0,,New Interest,True,10.48
Gender Issues (Living with a Special Need),Texas,2021-12-01,Young Adult Nonfiction,Banned from Libraries,4,2,4,Unknown/Niche,0.0,1.11,1.11,0.0,100.0,,New Interest,True,10.48
Out Stealing Horses,Florida,2023-12-01,"Fiction, Historical Fiction, Scandinavian Literature, Novels, Literary Fiction, Book Club, Contemporary",Banned Pending Investigation,1,1,1,Unknown/Niche,0.0,1.11,1.11,0.0,100.0,,New Interest,True,10.48
Ordinary Heroes,Florida,2024-06-01,"Fiction, Historical Fiction, Mystery, War, World War II, Mystery Thriller, Audiobook",Banned by Restriction,1,1,1,Unknown/Niche,0.0,1.11,1.11,0.0,100.0,,New Interest,True,10.48
The International Children's Devotional Bible,Florida,2023-06-01,"Bibles, Bible, Religion",Banned from Libraries and Classrooms,1,1,1,Unknown/Niche,0.0,1.11,1.11,0.0,100.0,,New Interest,True,10.48
Choices: Making Right Decisions in a Complex World,Tennessee,2025-02-01,"Conduct of life, Philosophy, Self-Help",Banned,1,1,1,Unknown/Niche,0.0,1.11,1.11,0.0,100.0,,New Interest,True,10.48
"Hello, I Lied",Texas,2021-12-01,Young Adult Fiction,Banned from Libraries,1,1,1,Unknown/Niche,0.0,1.11,1.11,0.0,100.0,,New Interest,True,10.48
The Island of Dr. Moreau,Tennessee,2025-04-01,"Classics, Science Fiction, Fiction, Horror, Fantasy, Literature, 19th Century",Banned,1,1,1,Unknown/Niche,0.0,1.11,1.11,0.0,100.0,,New Interest,True,10.48
City of Fallen Angels,Florida,2023-08-01,"Fantasy, Young Adult, Romance, Paranormal, Urban Fantasy, Vampires, Fiction",Banned Pending Investigation,3,2,3,Unknown/Niche,0.0,1.11,1.11,0.0,100.0,,New Interest,True,10.48
The Ku Klux Klan: A Century of Infamy,Tennessee,2025-02-01,"Social Science, KU KLUX KLAN.",Banned,1,1,1,Unknown/Niche,0.0,1.11,1.11,0.0,100.0,,New Interest,True,10.48
The Inheritance Of Loss,Florida,2024-06-01,"Fiction, Historical Fiction, Indian Literature, Literary Fiction, Asia, Literature, Novels",Banned by Restriction,1,1,1,Unknown/Niche,0.0,1.11,1.11,0.0,100.0,,New Interest,True,10.48
November Blues,Florida,2023-08-01,Juvenile Nonfiction,Banned Pending Investigation,3,1,3,Unknown/Niche,0.0,1.11,1.11,0.0,100.0,,New Interest,True,10.48
Gilgamesh: A Graphic Novel,Missouri,2022-08-01,Comics & Graphic Novels,Banned from Libraries and Classrooms,1,1,1,Unknown/Niche,0.0,1.11,1.11,0.0,100.0,,New Interest,True,10.48
"Harley, Like a Person",Florida,2023-08-01,Young Adult Fiction,Banned Pending Investigation,1,1,1,Unknown/Niche,0.0,1.11,1.11,0.0,100.0,,New Interest,True,10.48
Haunted Homes,Tennessee,2025-02-01,"Children's stories, Juvenile Nonfiction, Body, Mind & Spirit, Children's audiobooks",Banned,1,1,1,Unknown/Niche,0.0,1.11,1.11,0.0,100.0,,New Interest,True,10.48
Nobody Does It Better: A Gossip Girl Novel,Florida,2023-06-01,Young Adult Fiction,Banned Pending Investigation,3,1,3,Unknown/Niche,0.0,1.11,1.11,0.0,100.0,,New Interest,True,10.48
"Berserk (Series, Title Not Specified)",Pennsylvania,2024-09-01,Comics & Graphic Novels,Banned,1,1,1,Unknown/Niche,0.0,1.11,1.11,0.0,100.0,,New Interest,True,10.48
"Bend, Don't Shatter: Poets on the Beginning of Desire",Texas,2021-12-01,,Banned from Libraries and Classrooms,2,2,2,Unknown/Niche,0.0,1.11,1.11,0.0,100.0,,New Interest,True,10.48
Home Life in Ancient Egypt,Tennessee,2025-02-01,"History, Juvenile Nonfiction",Banned,1,1,1,Unknown/Niche,0.0,1.11,1.11,0.0,100.0,,New Interest,True,10.48
"Fairy Tail, Vol. 1",Florida,2024-04-01,Comics & Graphic Novels,Banned,4,1,4,Unknown/Niche,0.0,1.11,1.11,0.0,100.0,,New Interest,True,10.48
My Life Among the Serial Killers: Inside the Minds of the World's Most Notorious Murders,Pennsylvania,2023-02-01,"Biography & Autobiography, Social Science, Criminal psychology",Banned Pending Investigation,1,1,1,Unknown/Niche,0.0,1.11,1.11,0.0,100.0,,New Interest,True,10.48
How to Make A Mummy Talk,Tennessee,2025-02-01,Embalming,Banned,1,1,1,Unknown/Niche,0.0,1.11,1.11,0.0,100.0,,New Interest,True,10.48
The Murder Complex,Texas,2025-03-01,"Young Adult Fiction, Fiction",Banned,1,1,1,Unknown/Niche,0.0,1.11,1.11,0.0,100.0,,New Interest,True,10.48
The Moneylender's Daughter,Tennessee,2025-02-01,"Juvenile Fiction, Fiction, North Carolina",Banned,1,1,1,Unknown/Niche,0.0,1.11,1.11,0.0,100.0,,New Interest,True,10.48
Human Anatomy: The Definitive Visual Guide,Tennessee,2025-04-01,"Medical, Human anatomy",Banned,1,1,1,Unknown/Niche,0.0,1.11,1.11,0.0,100.0,,New Interest,True,10.48
Gay and Lesbian Role Models,Texas,2021-12-01,Juvenile Nonfiction,Banned from Libraries,1,1,1,Unknown/Niche,0.0,1.11,1.11,0.0,100.0,,New Interest,True,10.48
"Online Pornography (Title only, no further information)",Tennessee,2025-02-01,"Young Adult Nonfiction, Pornography",Banned,1,1,1,Unknown/Niche,0.0,1.11,1.11,0.0,100.0,,New Interest,True,10.48
Gearbreakers (Gearbreakers Series),Tennessee,2022-02-01,"Science Fiction, Lesbian, LGBT, Young Adult, Queer, Fantasy, Romance",Banned Pending Investigation,1,1,1,Unknown/Niche,0.0,1.11,1.11,0.0,100.0,,New Interest,True,10.48
The Mystery Knight,Florida,2024-06-01,"Comics & Graphic Novels, Fantasy comic books, strips, etc, Boys, Fiction",Banned by Restriction,1,1,1,Unknown/Niche,0.0,1.11,1.11,0.0,100.0,,New Interest,True,10.48
Any Way the Wind Blows,Florida,2023-06-01,"Fantasy, Young Adult, LGBT, Queer, Fiction, Audiobook, Magic",Banned from Libraries and Classrooms,4,2,4,Unknown/Niche,0.0,1.11,1.11,0.0,100.0,,New Interest,True,10.48
Hoop City: Detroit,Texas,2024-06-01,"Sports, Young Adult",Banned,1,1,1,Unknown/Niche,0.0,1.11,1.11,0.0,100.0,,New Interest,True,10.48
Benedict Arnold: American Hero and Traitor,Texas,2024-08-01,Juvenile Nonfiction,Banned,1,1,1,Unknown/Niche,0.0,1.11,1.11,0.0,100.0,,New Interest,True,10.48
On Top of Glass: My Stories as a Queer Girl in Figure Skating,Texas,2024-08-01,Young Adult Nonfiction,Banned by Restriction,1,1,1,Unknown/Niche,0.0,1.11,1.11,0.0,100.0,,New Interest,True,10.48
Dealing with Gender Dysphoria,Texas,2024-08-01,"Young Adult Nonfiction, Sexual minorities",Banned by Restriction,1,1,1,Unknown/Niche,0.0,1.11,1.11,0.0,100.0,,New Interest,True,10.48
The Lost Years of Merlin,Texas,2022-10-01,"Juvenile Fiction, Fiction, Merlin (Legendary character)",Banned from Libraries,1,1,1,Unknown/Niche,0.0,1.11,1.11,0.0,100.0,,New Interest,True,10.48
Days of Infamy: How A Century of Bigotry Led to Japenese American Internment,Iowa,2023-10-01,"Young Adult Nonfiction, Social Science",Banned Pending Investigation,1,1,1,Unknown/Niche,0.0,1.11,1.11,0.0,100.0,,New Interest,True,10.48
The Magical Misfits: The Minor Third,Florida,2024-08-01,"Juvenile Fiction, Friendship",Banned by Restriction,1,1,1,Unknown/Niche,0.0,1.11,1.11,0.0,100.0,,New Interest,True,10.48
Genesis: The Jewish Children's Bible,Florida,2023-06-01,"Juvenile Nonfiction, Bible stories, English",Banned from Libraries and Classrooms,1,1,1,Unknown/Niche,0.0,1.11,1.11,0.0,100.0,,New Interest,True,10.48
Gendercide: The Implications of Sex Selection,Texas,2024-06-01,"Health & Fitness, Education",Banned,1,1,1,Unknown/Niche,0.0,1.11,1.11,0.0,100.0,,New Interest,True,10.48
"Get a Grip, Vivy Cohen",Florida,2023-12-01,Juvenile Fiction,Banned Pending Investigation,1,1,1,Unknown/Niche,0.0,1.11,1.11,0.0,100.0,,New Interest,True,10.48
Aristotle and Dante Discover the Secrets of the Universe (Aristotle and Dante Series),Texas,2021-11-01,"Young Adult, LGBT, Contemporary, Fiction, Queer, Audiobook, Coming Of Age",Banned Pending Investigation,4,3,4,Unknown/Niche,0.0,1.11,1.11,0.0,100.0,,New Interest,True,10.48
Dead End Girls,Texas,2024-08-01,Young Adult Fiction,Banned by Restriction,1,1,1,Unknown/Niche,0.0,1.11,1.11,0.0,100.0,,New Interest,True,10.48
The Voting Booth,Florida,2025-04-01,"Young Adult Fiction, Young Adult Nonfiction",Banned Pending Investigation,1,1,1,Unknown/Niche,0.0,1.11,1.11,0.0,100.0,,New Interest,True,10.48
The Last True Poets of the Sea,Florida,2023-08-01,Young Adult Fiction,Banned,6,1,6,Unknown/Niche,0.0,1.11,1.11,0.0,100.0,,New Interest,True,10.48
My Name Is Sally Little Song,Florida,2022-01-01,"Historical Fiction, Middle Grade, Historical, Fiction, Native American, Childrens, Juvenile",Banned Pending Investigation,1,1,1,Unknown/Niche,0.0,1.11,1.11,0.0,100.0,,New Interest,True,10.48
"Kill Shakespeare, Vol. 3 - The Tide of Blood",Tennessee,2025-04-01,"COMICS & GRAPHIC NOVELS, Comics & Graphic Novels",Banned,1,1,1,Unknown/Niche,0.0,1.11,1.11,0.0,100.0,,New Interest,True,10.48
The Breakaways,Texas,2021-09-01,"Graphic Novels, Middle Grade, LGBT, Sports, Comics, Realistic Fiction, Fiction",Banned from Libraries,21,6,21,Unknown/Niche,0.0,1.11,1.11,0.0,100.0,,New Interest,True,10.48
Kisses From Hell,Florida,2023-12-01,"Young Adult, Vampires, Fantasy, Paranormal, Romance, Anthologies, Short Stories",Banned Pending Investigation,1,1,1,Unknown/Niche,0.0,1.11,1.11,0.0,100.0,,New Interest,True,10.48
Love to Langston,Florida,2023-03-01,Juvenile Nonfiction,Banned from Libraries,1,1,1,Unknown/Niche,0.0,1.11,1.11,0.0,100.0,,New Interest,True,10.48
"Love, Hate and Other Filters",Texas,2024-11-01,Young Adult Fiction,Banned by Restriction,1,1,1,Unknown/Niche,0.0,1.11,1.11,0.0,100.0,,New Interest,True,10.48
Love and Other Fiascos with Lydia Goldblatt and Julie Graham-Chang,Florida,2023-09-01,Juvenile Fiction,Banned Pending Investigation,1,1,1,Unknown/Niche,0.0,1.11,1.11,0.0,100.0,,New Interest,True,10.48
Knight of the Cape: Definitely Dominguita,Iowa,2024-06-01,"Realistic Fiction, Chapter Books, Adventure, Middle Grade, Juvenile, Fiction, Childrens",Banned Pending Investigation,1,1,1,Unknown/Niche,0.0,1.11,1.11,0.0,100.0,,New Interest,True,10.48
Age of God-Kings: Timeframe 3000-1500 BC,Tennessee,2025-02-01,,Banned,1,1,1,Unknown/Niche,0.0,1.11,1.11,0.0,100.0,,New Interest,True,10.48
Love Drugged,Texas,2021-12-01,"Young Adult, LGBT, Gay, Realistic Fiction, Fiction, Contemporary, Romance",Banned Pending Investigation,1,1,1,Unknown/Niche,0.0,1.11,1.11,0.0,100.0,,New Interest,True,10.48
Al Capsella and the Watchdogs,Florida,2024-06-01,"Juvenile Fiction, Australia",Banned by Restriction,1,1,1,Unknown/Niche,0.0,1.11,1.11,0.0,100.0,,New Interest,True,10.48
Perfect Chemistry,Florida,2023-07-01,"Romance, Young Adult, Contemporary, High School, Contemporary Romance, Fiction, New Adult",Banned,18,5,18,Unknown/Niche,0.0,1.11,1.11,0.0,100.0,,New Interest,True,10.48
La Jaula Del Rey,Texas,2025-06-01,"Young Adult Fiction, Literary Criticism",Banned,1,1,1,Unknown/Niche,0.0,1.11,1.11,0.0,100.0,,New Interest,True,10.48
Lulu is a Rhinoceros,Florida,2023-10-01,"Picture Books, Childrens, Animals, Dogs, Fiction, Humor, Graphic Novels",Banned Pending Investigation,1,1,1,Unknown/Niche,0.0,1.11,1.11,0.0,100.0,,New Interest,True,10.48
Under the Microscope: The Human Body,Florida,2023-08-01,"Human anatomy, Body, Human, Juvenile Nonfiction",Banned Pending Investigation,1,1,1,Unknown/Niche,0.0,1.11,1.11,0.0,100.0,,New Interest,True,10.48
Deogratias: A Tale of Rwanda,Florida,2021-11-01,"Graphic Novels, Comics, Historical Fiction, Africa, Fiction, War, Rwanda",Banned from Libraries and Classrooms,17,7,17,Unknown/Niche,0.0,1.11,1.11,0.0,100.0,,New Interest,True,10.48
Twelve Sharp,Iowa,2024-06-01,"Mystery, Fiction, Humor, Chick Lit, Romance, Crime, Audiobook",Banned,1,1,1,Unknown/Niche,0.0,1.11,1.11,0.0,100.0,,New Interest,True,10.48
The Assassin's Blade,Florida,2023-02-01,"Fantasy, Young Adult, Romance, Fiction, Young Adult Fantasy, High Fantasy, Short Stories",Banned Pending Investigation,16,8,16,Unknown/Niche,0.0,1.11,1.11,0.0,100.0,,New Interest,True,10.48
Malala: A Hero for All (Step into Reading Series),Florida,2022-01-01,"Biography, Nonfiction, Childrens, Picture Books, Education, History",Banned Pending Investigation,1,1,1,Unknown/Niche,0.0,1.11,1.11,0.0,100.0,,New Interest,True,10.48
Malcolm: The Life of a Man Who Changed Black America,Florida,2023-08-01,"History, Biography, Race, Social Justice",Banned Pending Investigation,1,1,1,Unknown/Niche,0.0,1.11,1.11,0.0,100.0,,New Interest,True,10.48
UnSouled,Wisconsin,2023-11-01,"Juvenile Fiction, Young Adult Fiction, Fiction",Banned Pending Investigation,1,1,1,Unknown/Niche,0.0,1.11,1.11,0.0,100.0,,New Interest,True,10.48
What My Mother Doesn't Know,Florida,2023-02-01,"Young Adult, Poetry, Romance, Realistic Fiction, Fiction, Contemporary, Teen",Banned Pending Investigation,14,6,14,Unknown/Niche,0.0,1.11,1.11,0.0,100.0,,New Interest,True,10.48
All This Twisted Glory,Florida,2024-05-01,"Young Adult Fiction, Fiction",Banned Pending Investigation,1,1,1,Unknown/Niche,0.0,1.11,1.11,0.0,100.0,,New Interest,True,10.48
"Kekkaishi (Series, Title Not Specified)",Texas,2024-11-01,Comics & Graphic Novels,Banned,1,1,1,Unknown/Niche,0.0,1.11,1.11,0.0,100.0,,New Interest,True,10.48
Kids Helping Kids Break the Silence of Sexual Abuse,Iowa,2024-06-01,Juvenile Nonfiction,Banned Pending Investigation,1,1,1,Unknown/Niche,0.0,1.11,1.11,0.0,100.0,,New Interest,True,10.48
Untamed (House of Night Series),Florida,2021-11-01,"Fantasy, Young Adult, Retellings, Romance, Magic, Fairy Tales, Audiobook",Banned from Libraries and Classrooms,1,1,1,Unknown/Niche,0.0,1.11,1.11,0.0,100.0,,New Interest,True,10.48
Loving Frank,Utah,2022-11-01,"Historical Fiction, Fiction, Book Club, Historical, Architecture, Romance, Adult Fiction",Banned from Libraries and Classrooms,1,1,1,Unknown/Niche,0.0,1.11,1.11,0.0,100.0,,New Interest,True,10.48
Everyone We've Been,Texas,2024-09-01,"Young Adult Fiction, Authors, American, American literature",Banned,1,1,1,Unknown/Niche,0.0,1.11,1.11,0.0,100.0,,New Interest,True,10.48
Lakelore,Texas,2024-08-01,Young Adult Fiction,Banned,2,2,2,Unknown/Niche,0.0,1.11,1.11,0.0,100.0,,New Interest,True,10.48
Wander in the Dark,Florida,2025-04-01,Young Adult Fiction,Banned,1,1,1,Unknown/Niche,0.0,1.11,1.11,0.0,100.0,,New Interest,True,10.48
A Wounded Name,Florida,2023-08-01,Young Adult Fiction,Banned Pending Investigation,1,1,1,Unknown/Niche,0.0,1.11,1.11,0.0,100.0,,New Interest,True,10.48
Lobizona (Wolves of No World Series),Tennessee,2022-02-01,"Fantasy, Young Adult, Fiction, Magical Realism, Paranormal, Urban Fantasy, Young Adult Fantasy",Banned Pending Investigation,1,1,1,Unknown/Niche,0.0,1.11,1.11,0.0,100.0,,New Interest,True,10.48
Victories Greater Than Death (Unstoppable Series),Tennessee,2022-02-01,"Science Fiction, Young Adult, LGBT, Fiction, Fantasy, Queer, Space Opera",Banned Pending Investigation,1,1,1,Unknown/Niche,0.0,1.11,1.11,0.0,100.0,,New Interest,True,10.48
Little Mercies,Wisconsin,2023-11-01,"Fiction, Contemporary, Chick Lit, Mystery, Suspense, Womens Fiction, Thriller",Banned by Restriction,1,1,1,Unknown/Niche,0.0,1.11,1.11,0.0,100.0,,New Interest,True,10.48
"Life, the Universe and Everything",Florida,2023-12-01,"Science Fiction, Fiction, Humor, Fantasy, Comedy, Science Fiction Fantasy, Classics",Banned Pending Investigation,1,1,1,Unknown/Niche,0.0,1.11,1.11,0.0,100.0,,New Interest,True,10.48
Let Me List the Ways,Iowa,2023-10-01,Young Adult Fiction,Banned Pending Investigation,1,1,1,Unknown/Niche,0.0,1.11,1.11,0.0,100.0,,New Interest,True,10.48
Vincent's Starry Night and Other Stories: A Children's History of Art,Tennessee,2025-02-01,"Art, Juvenile Nonfiction",Banned,1,1,1,Unknown/Niche,0.0,1.11,1.11,0.0,100.0,,New Interest,True,10.48
"Etched in Clay: The Life of Dave, Enslaved Potter and Poet",Texas,2022-01-01,Juvenile Nonfiction,Banned from Libraries,1,1,1,Unknown/Niche,0.0,1.11,1.11,0.0,100.0,,New Interest,True,10.48
Even Cowgirls Get the Blues,Florida,2023-10-01,"Fiction, Humor, Literature, Novels, Magical Realism, Contemporary, Literary Fiction",Banned,1,1,1,Unknown/Niche,0.0,1.11,1.11,0.0,100.0,,New Interest,True,10.48
Valient: A Modern Tale of Faerie,Florida,2025-01-01,"Juvenile Fiction, Young Adult Fiction, Fairies",Banned,1,1,1,Unknown/Niche,0.0,1.11,1.11,0.0,100.0,,New Interest,True,10.48
Under the Never Sky,Iowa,2023-10-01,"Young Adult, Dystopia, Romance, Fantasy, Science Fiction, Fiction, Post Apocalyptic",Banned Pending Investigation,1,1,1,Unknown/Niche,0.0,1.11,1.11,0.0,100.0,,New Interest,True,10.48
A Clash of Kings,Pennsylvania,2022-09-01,"Fantasy, Fiction, Epic Fantasy, High Fantasy, Science Fiction Fantasy, Adult, Adventure",Banned Pending Investigation,36,9,35,Unknown/Niche,0.0,1.11,1.11,0.0,100.0,,New Interest,True,10.48
Africa: Cultural Atlas For Young People,Florida,2023-08-01,"Africa, History, Nonfiction, Geography",Banned Pending Investigation,1,1,1,Unknown/Niche,0.0,1.11,1.11,0.0,100.0,,New Interest,True,10.48
Long Day's Journey Into Night,Florida,2024-06-01,"Plays, Drama, Classics, Fiction, Theatre, Literature, American",Banned by Restriction,1,1,1,Unknown/Niche,0.0,1.11,1.11,0.0,100.0,,New Interest,True,10.48
Aesop Lake,Tennessee,2022-02-01,"Young Adult, LGBT, Fiction, Contemporary",Banned Pending Investigation,1,1,1,Unknown/Niche,0.0,1.11,1.11,0.0,100.0,,New Interest,True,10.48
Lost and Found Cat : The True Story of Kunkush's Incredible Journey,Florida,2022-01-01,"Picture Books, Nonfiction, Cats, Animals, Childrens, Family, History",Banned Pending Investigation,1,1,1,Unknown/Niche,0.0,1.11,1.11,0.0,100.0,,New Interest,True,10.48
Vampire Knight: Official Fanbook,Texas,2024-06-01,"Comics & Graphic Novels, Comic books, strips, etc",Banned,1,1,1,Unknown/Niche,0.0,1.11,1.11,0.0,100.0,,New Interest,True,10.48
Last True Poets of the Sea,Iowa,2023-10-01,"Young Adult Fiction, Drake (Name), American poetry",Banned Pending Investigation,1,1,1,Unknown/Niche,0.0,1.11,1.11,0.0,100.0,,New Interest,True,10.48
Empire of Storms (Throne of Glass Series),Florida,2022-05-01,"Fantasy, Young Adult, Romance, Fae, Fiction, New Adult, Romantasy",Banned Pending Investigation,1,1,1,Unknown/Niche,0.0,1.11,1.11,0.0,100.0,,New Interest,True,10.48
Elvis Presley's Love Me Tender,Iowa,2024-06-01,"Juvenile Fiction, Love songs",Banned Pending Investigation,1,1,1,Unknown/Niche,0.0,1.11,1.11,0.0,100.0,,New Interest,True,10.48
Losing the Girl: Book 1 (Life on Earth),Texas,2021-11-01,"Young Adult Fiction, Alien abduction",Banned from Libraries and Classrooms,1,1,1,Unknown/Niche,0.0,1.11,1.11,0.0,100.0,,New Interest,True,10.48
Tribe: Endangered Peoples Around the World,Tennessee,2025-04-01,Indigenous peoples,Banned,1,1,1,Unknown/Niche,0.0,1.11,1.11,0.0,100.0,,New Interest,True,10.48
El Sol Y Sus Flores,Florida,2023-08-01,"Poetry, Feminism, Nonfiction, Contemporary, Adult, Romance, Mental Health",Banned Pending Investigation,1,1,1,Unknown/Niche,0.0,1.11,1.11,0.0,100.0,,New Interest,True,10.48
My Summer of Pink and Green,Iowa,2024-06-01,"Juvenile Fiction, Young Adult Fiction",Banned Pending Investigation,1,1,1,Unknown/Niche,0.0,1.11,1.11,0.0,100.0,,New Interest,True,10.48
"Kim Jiyoung, Born 1982",Florida,2024-06-01,Fiction,Banned by Restriction,1,1,1,Unknown/Niche,0.0,1.11,1.11,0.0,100.0,,New Interest,True,10.48
There's Going To Be A Baby,Tennessee,2024-12-01,"Juvenile Fiction, Babies",Banned,1,1,1,Unknown/Niche,0.0,1.11,1.11,0.0,100.0,,New Interest,True,10.48
Joshua and the City,Florida,2021-11-01,"Fiction, Christian Fiction, Religion, Spirituality, Christian, Inspirational, Christianity",Banned Pending Investigation,1,1,1,Unknown/Niche,0.0,1.11,1.11,0.0,100.0,,New Interest,True,10.48
Joseph and His Coat of Many Colors,Florida,2023-06-01,Bible stories,Banned from Libraries and Classrooms,1,1,1,Unknown/Niche,0.0,1.11,1.11,0.0,100.0,,New Interest,True,10.48
"Heartstopper, Vol. 3",Florida,2022-11-01,Young Adult Fiction,Banned Pending Investigation,7,5,7,Unknown/Niche,0.0,1.11,1.11,0.0,100.0,,New Interest,True,10.48
It's Always the Husband,Florida,2024-06-01,"Mystery, Thriller, Fiction, Mystery Thriller, Audiobook, Suspense, Psychological Thriller",Banned by Restriction,1,1,1,Unknown/Niche,0.0,1.11,1.11,0.0,100.0,,New Interest,True,10.48
"It Happened to Nancy: By An Anonymous Teenager, A True Story from Her Diary",Florida,2023-12-01,Young Adult Fiction,Banned Pending Investigation,1,1,1,Unknown/Niche,0.0,1.11,1.11,0.0,100.0,,New Interest,True,10.48
There's a Hair In My Dirt: A Worm's Story,Iowa,2023-10-01,"Humor, Fiction, Picture Books, Comics, Childrens, Graphic Novels, Comedy",Banned by Restriction,1,1,1,Unknown/Niche,0.0,1.11,1.11,0.0,100.0,,New Interest,True,10.48
The Will of the Empress (The Circle Reforged Series),Tennessee,2022-02-01,"Fantasy, Young Adult, Fiction, Magic, Young Adult Fantasy, High Fantasy, Teen",Banned Pending Investigation,1,1,1,Unknown/Niche,0.0,1.11,1.11,0.0,100.0,,New Interest,True,10.48
Draw the Line (KO),Iowa,2023-10-01,"Young Adult, LGBT, Contemporary, Romance, Fiction, Realistic Fiction, Coming Of Age",Banned Pending Investigation,1,1,1,Unknown/Niche,0.0,1.11,1.11,0.0,100.0,,New Interest,True,10.48
"Moreta, Dragonlady of Pern",Florida,2023-08-01,"Dragons, Fiction",Banned Pending Investigation,1,1,1,Unknown/Niche,0.0,1.11,1.11,0.0,100.0,,New Interest,True,10.48
"Assassination Classroom, Vol. 11",Florida,2023-03-01,Comics & Graphic Novels,Banned from Libraries and Classrooms,7,3,7,Unknown/Niche,0.0,1.11,1.11,0.0,100.0,,New Interest,True,10.48
Moses and Judaism,Tennessee,2025-02-01,"Juvenile Nonfiction, Judaism",Banned,1,1,1,Unknown/Niche,0.0,1.11,1.11,0.0,100.0,,New Interest,True,10.48
Molly's Family,Florida,2023-07-01,"Picture Books, LGBT, Family, Childrens, Fiction, School, Queer",Banned by Restriction,1,1,1,Unknown/Niche,0.0,1.11,1.11,0.0,100.0,,New Interest,True,10.48
The Witch Boy (The Witch Boy Series),Florida,2021-11-01,"Graphic Novels, Fantasy, Middle Grade, Comics, LGBT, Queer, Young Adult",Banned from Libraries and Classrooms,1,1,1,Unknown/Niche,0.0,1.11,1.11,0.0,100.0,,New Interest,True,10.48
First Facts about the Ancient Romans,Tennessee,2025-02-01,"Juvenile Nonfiction, Romans, History",Banned,1,1,1,Unknown/Niche,0.0,1.11,1.11,0.0,100.0,,New Interest,True,10.48
The Girl Who Loved Tom Gordon,Florida,2024-05-01,"Horror, Fiction, Thriller, Suspense, Mystery, Fantasy, Audiobook",Banned,6,3,6,Unknown/Niche,0.0,1.11,1.11,0.0,100.0,,New Interest,True,10.48
"An Infinite Number of Parallel Universes: In Real Life, You Need Real Friends",Texas,2024-08-01,Young Adult Fiction,Banned by Restriction,1,1,1,Unknown/Niche,0.0,1.11,1.11,0.0,100.0,,New Interest,True,10.48
Mummies Made in Egypt,Tennessee,2025-02-01,Mummies,Banned,1,1,1,Unknown/Niche,0.0,1.11,1.11,0.0,100.0,,New Interest,True,10.48
Ancient Greece and Rome: Myths and Beliefs,Texas,2024-08-01,"Juvenile Nonfiction, Art, Gods, Greek",Banned,1,1,1,Unknown/Niche,0.0,1.11,1.11,0.0,100.0,,New Interest,True,10.48
Interracial Relationships,Pennsylvania,2024-08-01,"Interracial dating, Fiction",Banned Pending Investigation,1,1,1,Unknown/Niche,0.0,1.11,1.11,0.0,100.0,,New Interest,True,10.48
The Girl Who Fell from the Sky,Kansas,2021-11-01,"Fiction, Young Adult, Historical Fiction, Coming Of Age, Audiobook, African American, Race",Banned Pending Investigation,6,5,6,Unknown/Niche,0.0,1.11,1.11,0.0,100.0,,New Interest,True,10.48
Murder Complex,Texas,2022-11-01,Young Adult Fiction,Banned from Libraries,1,1,1,Unknown/Niche,0.0,1.11,1.11,0.0,100.0,,New Interest,True,10.48
Bianca Torre is Afraid of Everything,Texas,2024-08-01,Young Adult Fiction,Banned,2,2,2,Unknown/Niche,0.0,1.11,1.11,0.0,100.0,,New Interest,True,10.48
Mindset: The New Psychology of Success,Florida,2024-06-01,"Psychology, Nonfiction, Self Help, Business, Personal Development, Leadership, Parenting",Banned by Restriction,1,1,1,Unknown/Niche,0.0,1.11,1.11,0.0,100.0,,New Interest,True,10.48
Going Bovine,Florida,2023-08-01,Confederate States of America,Banned Pending Investigation,8,3,7,Unknown/Niche,0.0,1.11,1.11,0.0,100.0,,New Interest,True,10.48
Joe Hill's The Cape: 1969,Missouri,2022-09-01,Comics & Graphic Novels,Banned Pending Investigation,1,1,1,Unknown/Niche,0.0,1.11,1.11,0.0,100.0,,New Interest,True,10.48
Thirteen Plus One,Florida,2025-05-01,"Camps, Juvenile Fiction, Atlanta (Ga.)",Banned by Restriction,1,1,1,Unknown/Niche,0.0,1.11,1.11,0.0,100.0,,New Interest,True,10.48
Killing Time in Crystal City,Florida,2023-08-01,"Young Adult, Contemporary, Fiction, Realistic Fiction, Family",Banned Pending Investigation,1,1,1,Unknown/Niche,0.0,1.11,1.11,0.0,100.0,,New Interest,True,10.48
Killing Lincoln: A Shocking Assassination that Changed America Forever,Florida,2024-05-01,"History, Nonfiction, Biography, Historical, American History, Civil War, Audiobook",Banned Pending Investigation,1,1,1,Unknown/Niche,0.0,1.11,1.11,0.0,100.0,,New Interest,True,10.48
The Midnight Lie,Florida,2022-09-01,"Fantasy, Young Adult, LGBT, Lesbian, Romance, Queer, Young Adult Fantasy",Banned from Libraries and Classrooms,11,3,10,Unknown/Niche,0.0,1.11,1.11,0.0,100.0,,New Interest,True,10.48
Timequake,Maine,2023-08-01,"Fiction, Science Fiction, Classics, Humor, Time Travel, Literature, Novels",Banned by Restriction,1,1,1,Unknown/Niche,0.0,1.11,1.11,0.0,100.0,,New Interest,True,10.48
Brazen: Rebel Ladies Who Rocked the World,Florida,2022-09-01,Young Adult Nonfiction,Banned Pending Investigation,10,4,10,Unknown/Niche,0.0,1.11,1.11,0.0,100.0,,New Interest,True,10.48
"Mates, Dates, and Inflatable Bras",Florida,2023-08-01,"Juvenile Nonfiction, Young Adult Fiction, Astrology",Banned Pending Investigation,1,1,1,Unknown/Niche,0.0,1.11,1.11,0.0,100.0,,New Interest,True,10.48
Amazing Fantastic Incredible: A Marvelous Memoir,Texas,2024-08-01,Biography & Autobiography,Banned,1,1,1,Unknown/Niche,0.0,1.11,1.11,0.0,100.0,,New Interest,True,10.48
Matisse: LA Danse,Missouri,2022-09-01,,Banned Pending Investigation,1,1,1,Unknown/Niche,0.0,1.11,1.11,0.0,100.0,,New Interest,True,10.48
Amelia Earhart: Legendary Aviator,Texas,2024-08-01,"Juvenile Nonfiction, Biography & Autobiography",Banned,1,1,1,Unknown/Niche,0.0,1.11,1.11,0.0,100.0,,New Interest,True,10.48
This Book is Feminist: An Intersecting Primer for Next-Gen Changemakers,Texas,2024-08-01,"Juvenile Nonfiction, Young Adult Nonfiction, Political Science, Feminism",Banned,1,1,1,Unknown/Niche,0.0,1.11,1.11,0.0,100.0,,New Interest,True,10.48
Meg & Linus,Texas,2022-01-01,"LGBT, Young Adult, Contemporary, Romance, Fiction, Queer, Young Adult Contemporary",Banned Pending Investigation,1,1,1,Unknown/Niche,0.0,1.11,1.11,0.0,100.0,,New Interest,True,10.48
The Mighty Heart of Sunny St. James,Texas,2021-12-01,"Middle Grade, LGBT, Contemporary, Realistic Fiction, Romance, Queer, Fiction",Banned Pending Investigation,8,4,8,Unknown/Niche,0.0,1.11,1.11,0.0,100.0,,New Interest,True,10.48
Thomas Paine: Crusader for Liberty,Florida,2023-08-01,"Biography, History, Nonfiction, American History, Politics, Middle Grade, Historical",Banned Pending Investigation,1,1,1,Unknown/Niche,0.0,1.11,1.11,0.0,100.0,,New Interest,True,10.48
"Dune: House Atreides, Vol. 3 (The Graphic Novel)",Kentucky,2023-10-01,Comics & Graphic Novels,Banned,1,1,1,Unknown/Niche,0.0,1.11,1.11,0.0,100.0,,New Interest,True,10.48
Dune: House Harkonnen,Florida,2023-10-01,"Science Fiction, Fiction, Fantasy, Science Fiction Fantasy, Audiobook, Space Opera, Adventure",Banned,1,1,1,Unknown/Niche,0.0,1.11,1.11,0.0,100.0,,New Interest,True,10.48
Fathersonfather,Texas,2024-08-01,Juvenile Fiction,Banned by Restriction,1,1,1,Unknown/Niche,0.0,1.11,1.11,0.0,100.0,,New Interest,True,10.48
Girl Mans Up,Texas,2021-12-01,Young Adult Fiction,Banned Pending Investigation,10,5,10,Unknown/Niche,0.0,1.11,1.11,0.0,100.0,,New Interest,True,10.48
Dubliners and A Portrait of the Artist as a Young Man and Other Works,Florida,2023-08-01,"Classics, Poetry, Fiction, Short Stories, Horror, Literature, Ireland",Banned Pending Investigation,1,1,1,Unknown/Niche,0.0,1.11,1.11,0.0,100.0,,New Interest,True,10.48
Julián at the Wedding (Julián Series),Texas,2021-12-01,"Picture Books, LGBT, Childrens, Queer, Realistic Fiction, Family, Love",Banned Pending Investigation,1,1,1,Unknown/Niche,0.0,1.11,1.11,0.0,100.0,,New Interest,True,10.48
An Age of License: A Travelogue,Wisconsin,2023-11-01,Comics & Graphic Novels,Banned Pending Investigation,1,1,1,Unknown/Niche,0.0,1.11,1.11,0.0,100.0,,New Interest,True,10.48
"Mexican, Central & South American Art",Tennessee,2025-02-01,"Juvenile Nonfiction, Art, Neo-Mexicanism",Banned,1,1,1,Unknown/Niche,0.0,1.11,1.11,0.0,100.0,,New Interest,True,10.48
The true meaning of cleavage,Florida,2023-08-01,"Young Adult, Romance, Teen, Realistic Fiction, Contemporary, Chick Lit, High School",Banned Pending Investigation,1,1,1,Unknown/Niche,0.0,1.11,1.11,0.0,100.0,,New Interest,True,10.48
Hate Crime in America: From Prejudice to Violence,Texas,2024-08-01,Juvenile Nonfiction,Banned,1,1,1,Unknown/Niche,0.0,1.11,1.11,0.0,100.0,,New Interest,True,10.48
Helter Skelter: The True Story of the Manson Murders,Maine,2023-08-01,"True Crime, Nonfiction, Crime, History, Horror, Biography, Audiobook",Banned by Restriction,1,1,1,Unknown/Niche,0.0,1.11,1.11,0.0,100.0,,New Interest,True,10.48
Brides of Eden: A True Story Imagined,Florida,2023-10-01,"Historical Fiction, Young Adult, Fiction, Historical, Cults, Teen, Literature",Banned,1,1,1,Unknown/Niche,0.0,1.11,1.11,0.0,100.0,,New Interest,True,10.48
The Adventures and the Memoirs of Sherlock Holmes,Florida,2023-08-01,"Classics, Mystery, Fiction, Short Stories, Crime, Detective, Literature",Banned Pending Investigation,1,1,1,Unknown/Niche,0.0,1.11,1.11,0.0,100.0,,New Interest,True,10.48
The Dragon Republic,Iowa,2024-06-01,Fiction,Banned Pending Investigation,1,1,1,Unknown/Niche,0.0,1.11,1.11,0.0,100.0,,New Interest,True,10.48
Wishtree,Florida,2021-11-01,"Middle Grade, Fantasy, Fiction, Childrens, Audiobook, Animals, Young Adult",Banned from Libraries and Classrooms,3,3,3,Unknown/Niche,0.0,1.11,1.11,0.0,100.0,,New Interest,True,10.48
The Dream Thieves,Florida,2023-09-01,"Juvenile Fiction, Comics & Graphic Novels, Young Adult Fiction",Banned Pending Investigation,1,1,1,Unknown/Niche,0.0,1.11,1.11,0.0,100.0,,New Interest,True,10.48
Vicious Spirits,Florida,2023-08-01,"Fantasy, Young Adult, Romance, Mythology, Young Adult Fantasy, Urban Fantasy, Paranormal",Banned Pending Investigation,2,1,2,Unknown/Niche,0.0,1.11,1.11,0.0,100.0,,New Interest,True,10.48
The Decorative Arts of Africa,Florida,2023-08-01,"Art, Juvenile Nonfiction, Art, West African",Banned Pending Investigation,1,1,1,Unknown/Niche,0.0,1.11,1.11,0.0,100.0,,New Interest,True,10.48
Blackfish City,Florida,2024-06-01,"Fiction, Motion picture plays",Banned by Restriction,1,1,1,Unknown/Niche,0.0,1.11,1.11,0.0,100.0,,New Interest,True,10.48
"Bleach (Series, Title Not Specified)",Texas,2024-06-01,Comics & Graphic Novels,Banned,1,1,1,Unknown/Niche,0.0,1.11,1.11,0.0,100.0,,New Interest,True,10.48
Blade Runner (do Androids Dream of Electric Sheep),Florida,2023-12-01,"Science Fiction, Dystopia, Cyberpunk, Science Fiction Fantasy, Fantasy, Novels, Audiobook",Banned Pending Investigation,1,1,1,Unknown/Niche,0.0,1.11,1.11,0.0,100.0,,New Interest,True,10.48
The Cupcake Bible: More Than 150 Recipes for Fun and Delicious Cupcakes,Florida,2023-06-01,,Banned from Libraries and Classrooms,1,1,1,Unknown/Niche,0.0,1.11,1.11,0.0,100.0,,New Interest,True,10.48
Recuerda aquella vez,Texas,2025-02-01,Juvenile Fiction,Banned,1,1,1,Unknown/Niche,0.0,1.11,1.11,0.0,100.0,,New Interest,True,10.48
The Abortion Debate: Understanding the Issues (Issues in Focus Today),Texas,2021-12-01,Juvenile Nonfiction,Banned from Libraries,1,1,1,Unknown/Niche,0.0,1.11,1.11,0.0,100.0,,New Interest,True,10.48
BZRK,Florida,2023-10-01,Young Adult Fiction,Banned,2,1,2,Unknown/Niche,0.0,1.11,1.11,0.0,100.0,,New Interest,True,10.48
Five Dark Fates,Florida,2023-08-01,"Fantasy, Young Adult, Young Adult Fantasy, Audiobook, Fiction, Magic, Romance",Banned Pending Investigation,2,1,2,Unknown/Niche,0.0,1.11,1.11,0.0,100.0,,New Interest,True,10.48
"The Sandman (Series, Title Not Specified)",Pennsylvania,2024-10-01,Comics & Graphic Novels,Banned,2,2,2,Unknown/Niche,0.0,1.11,1.11,0.0,100.0,,New Interest,True,10.48
That's Disgusting: Unraveling the Mysteries of Repulsion,Pennsylvania,2023-02-01,"Science, Psychology",Banned Pending Investigation,1,1,1,Unknown/Niche,0.0,1.11,1.11,0.0,100.0,,New Interest,True,10.48
Thanksgiving Poems,Florida,2023-06-01,"Christian life, Bible, Poetry",Banned from Libraries and Classrooms,1,1,1,Unknown/Niche,0.0,1.11,1.11,0.0,100.0,,New Interest,True,10.48
Tiger Honor,Iowa,2024-06-01,Juvenile Fiction,Banned Pending Investigation,3,3,3,Unknown/Niche,0.0,1.11,1.11,0.0,100.0,,New Interest,True,10.48
"Bleach, Vol. 60",Texas,2024-10-01,Comics & Graphic Novels,Banned,1,1,1,Unknown/Niche,0.0,1.11,1.11,0.0,100.0,,New Interest,True,10.48
The Crown of Eden,Florida,2024-06-01,Middle Ages,Banned by Restriction,1,1,1,Unknown/Niche,0.0,1.11,1.11,0.0,100.0,,New Interest,True,10.48
Send No Flowers,Florida,2023-12-01,"Fiction, Los Angeles (Calif.)",Banned Pending Investigation,1,1,1,Unknown/Niche,0.0,1.11,1.11,0.0,100.0,,New Interest,True,10.48
"InuYasha (Series, Title not Specified)",Tennessee,2024-10-01,,Banned,2,2,2,Unknown/Niche,0.0,1.11,1.11,0.0,100.0,,New Interest,True,10.48
The Real Riley Mayes,Iowa,2023-10-01,"Graphic Novels, Middle Grade, LGBT, Comics, Queer, Realistic Fiction, Fiction",Banned Pending Investigation,3,3,3,Unknown/Niche,0.0,1.11,1.11,0.0,100.0,,New Interest,True,10.48
The Gift (DS),Florida,2023-10-01,"Romance, Fiction, Chick Lit, Adult, Drama, Contemporary, Contemporary Romance",Banned Pending Investigation,3,2,3,Unknown/Niche,0.0,1.11,1.11,0.0,100.0,,New Interest,True,10.48
Girl Crushed,Texas,2021-12-01,"LGBT, Romance, Young Adult, Contemporary, Queer, Fiction, Lesbian",Banned Pending Investigation,2,2,2,Unknown/Niche,0.0,1.11,1.11,0.0,100.0,,New Interest,True,10.48
The Inexplicable Logic of My Life,Tennessee,2022-02-01,"Young Adult, Contemporary, LGBT, Fiction, Queer, Realistic Fiction, Audiobook",Banned Pending Investigation,2,2,2,Unknown/Niche,0.0,1.11,1.11,0.0,100.0,,New Interest,True,10.48
Perfect on Paper,Tennessee,2022-02-01,"Romance, Young Adult, LGBT, Contemporary, Queer, Lesbian, Fiction",Banned Pending Investigation,2,2,2,Unknown/Niche,0.0,1.11,1.11,0.0,100.0,,New Interest,True,10.48
Isla and the Happily Ever After,Florida,2023-08-01,Juvenile Fiction,Banned Pending Investigation,2,2,2,Unknown/Niche,0.0,1.11,1.11,0.0,100.0,,New Interest,True,10.48
"Black Bird, Vol. 8",Florida,2023-08-01,"Comic books, strips, etc",Banned Pending Investigation,1,1,1,Unknown/Niche,0.0,1.11,1.11,0.0,100.0,,New Interest,True,10.48
Black Enough: Stories of Being Young and Black in America,Florida,2023-08-01,"Young Adult, Short Stories, Contemporary, Anthologies, Fiction, LGBT, Audiobook",Banned Pending Investigation,1,1,1,Unknown/Niche,0.0,1.11,1.11,0.0,100.0,,New Interest,True,10.48
"Black Clover (Series, Title Not Specified)",Texas,2025-06-01,Comics & Graphic Novels,Banned,1,1,1,Unknown/Niche,0.0,1.11,1.11,0.0,100.0,,New Interest,True,10.48
"Ranma 1/2, Vol. 21",Texas,2024-08-01,Comics & Graphic Novels,Banned by Restriction,1,1,1,Unknown/Niche,0.0,1.11,1.11,0.0,100.0,,New Interest,True,10.48
Teaching When the World Is on Fire,Tennessee,2022-02-01,"Education, Teaching, Nonfiction, Politics, Race, Academic, School",Banned Pending Investigation,1,1,1,Unknown/Niche,0.0,1.11,1.11,0.0,100.0,,New Interest,True,10.48
The Devouring Wolf,Texas,2024-08-01,"Juvenile Fiction, Robbers and outlaws, Drama",Banned by Restriction,1,1,1,Unknown/Niche,0.0,1.11,1.11,0.0,100.0,,New Interest,True,10.48
Black Lives Matter (SEB),Pennsylvania,2024-08-01,Juvenile Nonfiction,Banned,2,2,2,Unknown/Niche,0.0,1.11,1.11,0.0,100.0,,New Interest,True,10.48
The Essential Johannes Vermeer,Missouri,2022-09-01,"Art, Painters",Banned Pending Investigation,1,1,1,Unknown/Niche,0.0,1.11,1.11,0.0,100.0,,New Interest,True,10.48
The Epic Story of Every Living Thing,Florida,2023-08-01,"Young Adult, Contemporary, Fiction, Realistic Fiction, Audiobook, Teen, Coming Of Age",Banned Pending Investigation,1,1,1,Unknown/Niche,0.0,1.11,1.11,0.0,100.0,,New Interest,True,10.48
A High Five for Glenn Burke,Iowa,2023-10-01,Juvenile Fiction,Banned Pending Investigation,3,3,3,Unknown/Niche,0.0,1.11,1.11,0.0,100.0,,New Interest,True,10.48
"The Encyclopedia of Mythology: Gods, Heroes, and Legends of the Greeks and Romans",Florida,2023-08-01,"Gods, Greek, Religion",Banned Pending Investigation,1,1,1,Unknown/Niche,0.0,1.11,1.11,0.0,100.0,,New Interest,True,10.48
The Elegant Gathering of White Snows,Florida,2024-06-01,"Fiction, Chick Lit, Book Club, Contemporary, Womens Fiction, Womens, Adult Fiction",Banned by Restriction,1,1,1,Unknown/Niche,0.0,1.11,1.11,0.0,100.0,,New Interest,True,10.48
"Unbroken: A World War II Story of Survival, Resilience, and Redemption",Florida,2023-08-01,"Biography & Autobiography, Airplane crash survival, Juvenile Nonfiction",Banned Pending Investigation,2,2,2,Unknown/Niche,0.0,1.11,1.11,0.0,100.0,,New Interest,True,10.48
"The Digestive System (Title and author only, no further information)",Tennessee,2025-02-01,Juvenile Nonfiction,Banned,1,1,1,Unknown/Niche,0.0,1.11,1.11,0.0,100.0,,New Interest,True,10.48
The Collected Plays,Florida,2024-06-01,Drama,Banned by Restriction,1,1,1,Unknown/Niche,0.0,1.11,1.11,0.0,100.0,,New Interest,True,10.48
Season of Storms,Tennessee,2024-10-01,Fiction,Banned,1,1,1,Unknown/Niche,0.0,1.11,1.11,0.0,100.0,,New Interest,True,10.48
Alice the Fairy,Tennessee,2024-10-01,Juvenile Fiction,Banned,3,1,3,Unknown/Niche,0.0,1.11,1.11,0.0,100.0,,New Interest,True,10.48
Traffick (Tricks Series),Texas,2021-11-01,"Young Adult, Poetry, Fiction, Contemporary, Realistic Fiction, LGBT, Audiobook",Banned from Libraries and Classrooms,2,2,2,Unknown/Niche,0.0,1.11,1.11,0.0,100.0,,New Interest,True,10.48
"The Talk: Conversations about Race, Love and Truth",Florida,2022-07-01,Juvenile Nonfiction,Banned from Libraries and Classrooms,3,2,3,Unknown/Niche,0.0,1.11,1.11,0.0,100.0,,New Interest,True,10.48
The Bloody Chamber and Other Stories,Florida,2024-06-01,"Short Stories, Fantasy, Fiction, Horror, Gothic, Classics, Fairy Tales",Banned by Restriction,1,1,1,Unknown/Niche,0.0,1.11,1.11,0.0,100.0,,New Interest,True,10.48
What Happened to Lani Garver,Texas,2021-12-01,"Young Adult, Fiction, LGBT, Mystery, Contemporary, Queer, Teen",Banned Pending Investigation,2,2,2,Unknown/Niche,0.0,1.11,1.11,0.0,100.0,,New Interest,True,10.48
Archenemies,Florida,2023-08-01,"Fantasy, Young Adult, Science Fiction, Dystopia, Romance, Fiction, Audiobook",Banned by Restriction,2,1,2,Unknown/Niche,0.0,1.11,1.11,0.0,100.0,,New Interest,True,10.48
When Mr. Dog Bites,Florida,2023-08-01,"Young Adult, Fiction, Contemporary, Disability, Realistic Fiction, Humor, Audiobook",Banned Pending Investigation,2,1,2,Unknown/Niche,0.0,1.11,1.11,0.0,100.0,,New Interest,True,10.48
Doodleville,Florida,2023-10-01,"Juvenile Fiction, Art",Banned Pending Investigation,2,2,2,Unknown/Niche,0.0,1.11,1.11,0.0,100.0,,New Interest,True,10.48
The Best American Short Stories 2015,Florida,2023-12-01,"Short Stories, Fiction, Anthologies, Literature, Collections, Contemporary, Short Story Collection",Banned Pending Investigation,1,1,1,Unknown/Niche,0.0,1.11,1.11,0.0,100.0,,New Interest,True,10.48
Running the Road to ABC,Florida,2022-01-01,"Picture Books, Cultural, Childrens, Banned Books, Multicultural Literature",Banned Pending Investigation,1,1,1,Unknown/Niche,0.0,1.11,1.11,0.0,100.0,,New Interest,True,10.48
Wings (DS),Florida,2023-03-01,"Picture Books, Fiction, Childrens, Fantasy, Cultural, Poetry, Kids",Banned from Libraries and Classrooms,2,1,2,Unknown/Niche,0.0,1.11,1.11,0.0,100.0,,New Interest,True,10.48
The Berenstain Bears and the Big Question (The Berenstain Bears Series),Florida,2022-01-01,"Picture Books, Childrens, Christian, Animals, Fiction, Religion, Juvenile",Banned Pending Investigation,1,1,1,Unknown/Niche,0.0,1.11,1.11,0.0,100.0,,New Interest,True,10.48
RoseBlood,Florida,2023-08-01,"Fantasy, Young Adult, Retellings, Romance, Paranormal, Vampires, Fiction",Banned Pending Investigation,1,1,1,Unknown/Niche,0.0,1.11,1.11,0.0,100.0,,New Interest,True,10.48
The Beauty Queen of Leenane,Florida,2024-06-01,Drama,Banned by Restriction,1,1,1,Unknown/Niche,0.0,1.11,1.11,0.0,100.0,,New Interest,True,10.48
The Bible Story for Boys and Girls,Florida,2023-06-01,Bible,Banned from Libraries and Classrooms,1,1,1,Unknown/Niche,0.0,1.11,1.11,0.0,100.0,,New Interest,True,10.48
The Bitter Kingdom,Texas,2025-03-01,"Young Adult Fiction, Carson family",Banned,1,1,1,Unknown/Niche,0.0,1.11,1.11,0.0,100.0,,New Interest,True,10.48
"Boys, Bears, and a Serious Pair of Hiking Boots",Florida,2024-06-01,Juvenile Fiction,Banned by Restriction,1,1,1,Unknown/Niche,0.0,1.11,1.11,0.0,100.0,,New Interest,True,10.48
This Would Make a Good Story Someday,Florida,2023-05-01,Juvenile Fiction,Banned Pending Investigation,2,1,2,Unknown/Niche,0.0,1.11,1.11,0.0,100.0,,New Interest,True,10.48
"Boy v. Girl?: How Gender Shapes Who We Are, What We Want, and How We Get Along",Tennessee,2025-02-01,,Banned,1,1,1,Unknown/Niche,0.0,1.11,1.11,0.0,100.0,,New Interest,True,10.48
Coding in Scratch for Beginners,Texas,2024-08-01,"Juvenile Nonfiction, Computers, Games & Activities",Banned,1,1,1,Unknown/Niche,0.0,1.11,1.11,0.0,100.0,,New Interest,True,10.48
Saving Faith,Florida,2023-08-01,"Fiction, Washington (D.C.)",Banned Pending Investigation,1,1,1,Unknown/Niche,0.0,1.11,1.11,0.0,100.0,,New Interest,True,10.48
Booker T. Washington: Gran educador Norteamericano,Texas,2024-08-01,Juvenile Nonfiction,Banned,1,1,1,Unknown/Niche,0.0,1.11,1.11,0.0,100.0,,New Interest,True,10.48
Sarah Bishop,Florida,2024-08-01,Juvenile Fiction,Banned by Restriction,1,1,1,Unknown/Niche,0.0,1.11,1.11,0.0,100.0,,New Interest,True,10.48
The Book of Pride: LGBTQ Heroes Who Changed the World,Florida,2023-06-01,Biography & Autobiography,Banned Pending Investigation,1,1,1,Unknown/Niche,0.0,1.11,1.11,0.0,100.0,,New Interest,True,10.48
The American Spirit: Meeting the Challenge of September 11,Texas,2024-06-01,Photography,Banned,1,1,1,Unknown/Niche,0.0,1.11,1.11,0.0,100.0,,New Interest,True,10.48
Althea and Oliver,Florida,2023-10-01,Juvenile Fiction,Banned,2,2,2,Unknown/Niche,0.0,1.11,1.11,0.0,100.0,,New Interest,True,10.48
"Bloom Into You (Series, Title not Specified)",Tennessee,2024-10-01,Comics & Graphic Novels,Banned,1,1,1,Unknown/Niche,0.0,1.11,1.11,0.0,100.0,,New Interest,True,10.48
Coming Out: Telling Family and Friends,Texas,2021-12-01,"LGBT, Young Adult, Gay, Lesbian",Banned from Libraries,2,1,2,Unknown/Niche,0.0,1.11,1.11,0.0,100.0,,New Interest,True,10.48
Love & Sex: Ten Stories of Truth,Texas,2022-03-01,,Banned Pending Investigation,2,2,2,Unknown/Niche,0.0,1.11,1.11,0.0,100.0,,New Interest,True,10.48
Bruja Born (Brooklyn Brujas Series),Tennessee,2022-02-01,"Fantasy, Young Adult, Witches, Urban Fantasy, Paranormal, Magic, Fiction",Banned Pending Investigation,1,1,1,Unknown/Niche,0.0,1.11,1.11,0.0,100.0,,New Interest,True,10.48
Brisingr,Texas,2022-10-01,"Fantasy, Young Adult, Fiction, Dragons, Adventure, Magic, High Fantasy",Banned from Libraries,1,1,1,Unknown/Niche,0.0,1.11,1.11,0.0,100.0,,New Interest,True,10.48
Rising Above: How 11 Athletes Overcame Challenges in Their Youth to Become Stars,Florida,2023-08-01,"Biography & Autobiography, Athletes, Juvenile Nonfiction",Banned Pending Investigation,1,1,1,Unknown/Niche,0.0,1.11,1.11,0.0,100.0,,New Interest,True,10.48
"Brother Eagle, Sister Sky",Florida,2022-01-01,Human ecology,Banned Pending Investigation,1,1,1,Unknown/Niche,0.0,1.11,1.11,0.0,100.0,,New Interest,True,10.48
"Breakthrough! How Three People Saved ""Blue Babies"" and Changed Medicine Forever",Texas,2024-08-01,Juvenile Nonfiction,Banned,1,1,1,Unknown/Niche,0.0,1.11,1.11,0.0,100.0,,New Interest,True,10.48
The Barbarian Tides: Timeframe 1500-600 BC,Tennessee,2025-02-01,,Banned,1,1,1,Unknown/Niche,0.0,1.11,1.11,0.0,100.0,,New Interest,True,10.48
Lies You Never Told Me,Florida,2023-10-01,Young Adult Fiction,Banned Pending Investigation,2,1,2,Unknown/Niche,0.0,1.11,1.11,0.0,100.0,,New Interest,True,10.48
The Adventures of Captain Underpants,Pennsylvania,2023-02-01,"Childrens, Humor, Fiction, Graphic Novels, Middle Grade, Banned Books, Comics",Banned Pending Investigation,2,2,2,Unknown/Niche,0.0,1.11,1.11,0.0,100.0,,New Interest,True,10.48
Edward Hopper: A Modern Master,Missouri,2022-09-01,Art,Banned Pending Investigation,2,2,2,Unknown/Niche,0.0,1.11,1.11,0.0,100.0,,New Interest,True,10.48
The Art of Fielding,Tennessee,2022-02-01,"Fiction, Sports, Baseball, Contemporary, Literary Fiction, Audiobook, Novels",Banned Pending Investigation,2,2,2,Unknown/Niche,0.0,1.11,1.11,0.0,100.0,,New Interest,True,10.48
The Bondwoman's Narrative,Florida,2024-06-01,"Historical Fiction, Fiction, African American, Classics, Historical, Gothic, African American Literature",Banned by Restriction,1,1,1,Unknown/Niche,0.0,1.11,1.11,0.0,100.0,,New Interest,True,10.48
Coping with Breakups and Jealousy,Texas,2024-06-01,Juvenile Nonfiction,Banned,1,1,1,Unknown/Niche,0.0,1.11,1.11,0.0,100.0,,New Interest,True,10.48
Seduction by Design,Florida,2023-12-01,Fiction,Banned Pending Investigation,1,1,1,Unknown/Niche,0.0,1.11,1.11,0.0,100.0,,New Interest,True,10.48
Salma the Syrian Chef,Iowa,2024-06-01,"Juvenile Fiction, JUVENILE FICTION",Banned Pending Investigation,1,1,1,Unknown/Niche,0.0,1.11,1.11,0.0,100.0,,New Interest,True,10.48
Dive Smack,Florida,2023-08-01,Young Adult Fiction,Banned Pending Investigation,2,1,2,Unknown/Niche,0.0,1.11,1.11,0.0,100.0,,New Interest,True,10.48
"Black Bird, Vol. 18",Florida,2023-08-01,Demonology,Banned Pending Investigation,1,1,1,Unknown/Niche,0.0,1.11,1.11,0.0,100.0,,New Interest,True,10.48
The Hidden Witch,Florida,2023-09-01,Blessing and cursing,Banned by Restriction,3,2,3,Unknown/Niche,0.0,1.11,1.11,0.0,100.0,,New Interest,True,10.48
Something Like Gravity,Texas,2021-12-01,"Romance, LGBT, Young Adult, Contemporary, Queer, Young Adult Contemporary, Realistic Fiction",Banned Pending Investigation,3,2,3,Unknown/Niche,0.0,1.11,1.11,0.0,100.0,,New Interest,True,10.48
"Gyo, Vol. 1: The Death-Stench Creeps",Pennsylvania,2023-02-01,Comics & Graphic Novels,Banned Pending Investigation,1,1,1,Unknown/Niche,0.0,1.11,1.11,0.0,100.0,,New Interest,True,10.48
Blood of a Thousand Stars,Texas,2023-03-01,,Banned from Libraries,2,1,2,Unknown/Niche,0.0,1.11,1.11,0.0,100.0,,New Interest,True,10.48
Bible Lands,Florida,2023-06-01,"Juvenile Nonfiction, JUVENILE NONFICTION, Bible",Banned from Libraries and Classrooms,1,1,1,Unknown/Niche,0.0,1.11,1.11,0.0,100.0,,New Interest,True,10.48
Girls with Sharp Sticks,Texas,2024-11-01,Young Adult Fiction,Banned,1,1,1,Unknown/Niche,0.0,1.11,1.11,0.0,100.0,,New Interest,True,10.48
Blacktop Wasteland,Florida,2023-08-01,Fiction,Banned Pending Investigation,2,1,2,Unknown/Niche,0.0,1.11,1.11,0.0,100.0,,New Interest,True,10.48
Grandad's Camper,Florida,2023-06-01,"Juvenile Fiction, Adventure stories",Banned Pending Investigation,1,1,1,Unknown/Niche,0.0,1.11,1.11,0.0,100.0,,New Interest,True,10.48
Great Masterpieces of the World,Missouri,2022-09-01,"Art, Art, American",Banned Pending Investigation,1,1,1,Unknown/Niche,0.0,1.11,1.11,0.0,100.0,,New Interest,True,10.48
That's Not What Happened,Florida,2023-10-01,"Young Adult, Contemporary, Fiction, Realistic Fiction, Mystery, Mental Health, LGBT",Banned by Restriction,2,2,2,Unknown/Niche,0.0,1.11,1.11,0.0,100.0,,New Interest,True,10.48
Dancing in my nuddy-pants: Even further confessions of Georgia Nicolson,Pennsylvania,2023-02-01,Young Adult Fiction,Banned from Libraries and Classrooms,1,1,1,Unknown/Niche,0.0,1.11,1.11,0.0,100.0,,New Interest,True,10.48
"The Hazards of Love, Book One: Bright World",Texas,2024-08-01,"Young Adult Fiction, Comics & Graphic Novels, Gender-nonconforming people",Banned by Restriction,1,1,1,Unknown/Niche,0.0,1.11,1.11,0.0,100.0,,New Interest,True,10.48
Bill and Pete,Florida,2023-10-01,Juvenile Fiction,Banned,1,1,1,Unknown/Niche,0.0,1.11,1.11,0.0,100.0,,New Interest,True,10.48
"Bioethics: Sex, Genetics & Human Reproduction",Tennessee,2025-02-01,"Health & Fitness, Science",Banned,1,1,1,Unknown/Niche,0.0,1.11,1.11,0.0,100.0,,New Interest,True,10.48
Black Art: A Cultural History,Tennessee,2025-04-01,Art,Banned,1,1,1,Unknown/Niche,0.0,1.11,1.11,0.0,100.0,,New Interest,True,10.48
"Pointe, Claw",Florida,2023-08-01,Young Adult Fiction,Banned Pending Investigation,1,1,1,Unknown/Niche,0.0,1.11,1.11,0.0,100.0,,New Interest,True,10.48
Forever in Blue: The Fourth Summer of the Sisterhood,Florida,2023-12-01,Juvenile Fiction,Banned by Restriction,3,1,3,Unknown/Niche,0.0,1.11,1.11,0.0,100.0,,New Interest,True,10.48
Simmers DHO Health Science,Virginia,2024-08-01,"Health & Fitness, Allied health personnel",Banned by Restriction,1,1,1,Unknown/Niche,0.0,1.11,1.11,0.0,100.0,,New Interest,True,10.48
Crier's War (Crier's War Series),Tennessee,2022-02-01,"Fantasy, Lesbian, LGBT, Young Adult, Queer, Romance, Science Fiction",Banned Pending Investigation,1,1,1,Unknown/Niche,0.0,1.11,1.11,0.0,100.0,,New Interest,True,10.48
Plum Lucky,Iowa,2024-06-01,"Fiction, Bounty hunters",Banned,1,1,1,Unknown/Niche,0.0,1.11,1.11,0.0,100.0,,New Interest,True,10.48
"Perrine's Literature Structure, Sound, and Sense",Virginia,2024-08-01,Literary Collections,Banned by Restriction,1,1,1,Unknown/Niche,0.0,1.11,1.11,0.0,100.0,,New Interest,True,10.48
Pharaoh's Daughter: A Novel of Ancient Egypt,Florida,2023-06-01,"Juvenile Fiction, Egypt",Banned from Libraries and Classrooms,1,1,1,Unknown/Niche,0.0,1.11,1.11,0.0,100.0,,New Interest,True,10.48
"Spy x Family, Vol. 5",Texas,2022-10-01,Comics & Graphic Novels,Banned from Libraries,1,1,1,Unknown/Niche,0.0,1.11,1.11,0.0,100.0,,New Interest,True,10.48
Charcoal & Pastels,Tennessee,2025-02-01,Charcoal drawing,Banned,1,1,1,Unknown/Niche,0.0,1.11,1.11,0.0,100.0,,New Interest,True,10.48
"Child Sexual Abuse in the Catholic Church (Title only, no further information)",Tennessee,2025-02-01,,Banned,1,1,1,Unknown/Niche,0.0,1.11,1.11,0.0,100.0,,New Interest,True,10.48
Bible Stories for Children,Florida,2023-06-01,Juvenile Nonfiction,Banned from Libraries and Classrooms,1,1,1,Unknown/Niche,0.0,1.11,1.11,0.0,100.0,,New Interest,True,10.48
Miss Peregrine’s Home for Peculiar Children,Wisconsin,2023-11-01,Young Adult Fiction,Banned Pending Investigation,3,3,3,Unknown/Niche,0.0,1.11,1.11,0.0,100.0,,New Interest,True,10.48
Big Nate: Say Good-bye to Dork City,Florida,2023-08-01,"American wit and humor, Pictorial, Juvenile Fiction",Banned Pending Investigation,1,1,1,Unknown/Niche,0.0,1.11,1.11,0.0,100.0,,New Interest,True,10.48
Dating Makes Perfect,Iowa,2023-10-01,"Romance, Young Adult, Contemporary, Young Adult Contemporary, Young Adult Romance, Enemies To Lovers, Fiction",Banned Pending Investigation,1,1,1,Unknown/Niche,0.0,1.11,1.11,0.0,100.0,,New Interest,True,10.48
The Gunslinger - The Man in Black,Tennessee,2024-10-01,Comics & Graphic Novels,Banned,1,1,1,Unknown/Niche,0.0,1.11,1.11,0.0,100.0,,New Interest,True,10.48
Halfway Perfect,Florida,2023-08-01,Young Adult Fiction,Banned Pending Investigation,1,1,1,Unknown/Niche,0.0,1.11,1.11,0.0,100.0,,New Interest,True,10.48
The Degenerates,Texas,2024-06-01,"Juvenile Fiction, Fiction, Biographical fiction",Banned,2,2,2,Unknown/Niche,0.0,1.11,1.11,0.0,100.0,,New Interest,True,10.48
Chasing Harry Winston,Florida,2023-12-01,"Chick Lit, Fiction, Romance, Contemporary, Adult, Adult Fiction, Contemporary Romance",Banned Pending Investigation,1,1,1,Unknown/Niche,0.0,1.11,1.11,0.0,100.0,,New Interest,True,10.48
The Heartstopper Yearbook,Texas,2024-08-01,Young Adult Fiction,Banned,2,2,2,Unknown/Niche,0.0,1.11,1.11,0.0,100.0,,New Interest,True,10.48
Nightmares and Dreamscapes,Florida,2024-05-01,Fiction,Banned,3,2,3,Unknown/Niche,0.0,1.11,1.11,0.0,100.0,,New Interest,True,10.48
"She/He/They/Me: For the Sisters, Misters, and Binary Resisters",Tennessee,2022-02-01,Social Science,Banned from Libraries and Classrooms,2,2,2,Unknown/Niche,0.0,1.11,1.11,0.0,100.0,,New Interest,True,10.48
She is a Haunting,Texas,2024-08-01,Young Adult Fiction,Banned by Restriction,1,1,1,Unknown/Niche,0.0,1.11,1.11,0.0,100.0,,New Interest,True,10.48
Happily Ever After (NR),Florida,2025-06-01,Fiction,Banned Pending Investigation,1,1,1,Unknown/Niche,0.0,1.11,1.11,0.0,100.0,,New Interest,True,10.48
Chainbreaker (Timekeeper Series),Texas,2021-12-01,Young Adult Fiction,Banned from Libraries,1,1,1,Unknown/Niche,0.0,1.11,1.11,0.0,100.0,,New Interest,True,10.48
"Loveboat, Taipei",Florida,2023-10-01,Young Adult Fiction,Banned,3,2,3,Unknown/Niche,0.0,1.11,1.11,0.0,100.0,,New Interest,True,10.48
"Guinness Book of World Records, 2020",Florida,2023-08-01,Video gamers,Banned Pending Investigation,1,1,1,Unknown/Niche,0.0,1.11,1.11,0.0,100.0,,New Interest,True,10.48
Picking Cotton: Our Memoir of Injustice and Redemption,Florida,2023-12-01,Biography & Autobiography,Banned Pending Investigation,1,1,1,Unknown/Niche,0.0,1.11,1.11,0.0,100.0,,New Interest,True,10.48
Pushing the Limits (KM),Florida,2024-10-01,"Romance, Young Adult, Contemporary, New Adult, Contemporary Romance, High School, Realistic Fiction",Banned Pending Investigation,3,2,3,Unknown/Niche,0.0,1.11,1.11,0.0,100.0,,New Interest,True,10.48
My Invented Life,Texas,2021-12-01,"Young Adult, LGBT, Queer, Romance, Teen, Contemporary, Realistic Fiction",Banned from Libraries,2,1,2,Unknown/Niche,0.0,1.11,1.11,0.0,100.0,,New Interest,True,10.48
The Giver: Graphic Novel,Missouri,2022-09-01,"Young Adult Fiction, Education",Banned Pending Investigation,1,1,1,Unknown/Niche,0.0,1.11,1.11,0.0,100.0,,New Interest,True,10.48
I Stop Somewhere,Florida,2024-04-01,Juvenile Fiction,Banned Pending Investigation,2,2,2,Unknown/Niche,0.0,1.11,1.11,0.0,100.0,,New Interest,True,10.48
The Walls Around Us,Florida,2023-08-01,Young Adult Fiction,Banned,3,1,3,Unknown/Niche,0.0,1.11,1.11,0.0,100.0,,New Interest,True,10.48
Pirate Latitudes,Florida,2025-04-01,Fiction,Banned,1,1,1,Unknown/Niche,0.0,1.11,1.11,0.0,100.0,,New Interest,True,10.48
The Girl From Earth's End,Kentucky,2023-10-01,Juvenile Fiction,Banned,1,1,1,Unknown/Niche,0.0,1.11,1.11,0.0,100.0,,New Interest,True,10.48
Sex on the Brain: The Biological Differences Between Men and Women,Florida,2023-12-01,"Science, Psychology, Nonfiction, Sexuality, Biology, Gender, Neuroscience",Banned Pending Investigation,1,1,1,Unknown/Niche,0.0,1.11,1.11,0.0,100.0,,New Interest,True,10.48
We Set the Dark on Fire,Florida,2023-08-01,"Fantasy, Young Adult, LGBT, Lesbian, Queer, Fiction, Romance",Banned Pending Investigation,2,2,2,Unknown/Niche,0.0,1.11,1.11,0.0,100.0,,New Interest,True,10.48
Puzzleheart,Texas,2024-08-01,Juvenile Fiction,Banned,1,1,1,Unknown/Niche,0.0,1.11,1.11,0.0,100.0,,New Interest,True,10.48
Becoming Chloe,Florida,2023-08-01,"Young Adult, Fiction, Realistic Fiction, LGBT, Travel, Road Trip, Contemporary",Banned by Restriction,2,2,2,Unknown/Niche,0.0,1.11,1.11,0.0,100.0,,New Interest,True,10.48
The Girl of Fire and Thorns,Texas,2025-03-01,"Juvenile Fiction, Young Adult Fiction",Banned,1,1,1,Unknown/Niche,0.0,1.11,1.11,0.0,100.0,,New Interest,True,10.48
"Attack on Titan (Series, Title Not Specified)",Texas,2024-06-01,Comics & Graphic Novels,Banned,3,2,3,Unknown/Niche,0.0,1.11,1.11,0.0,100.0,,New Interest,True,10.48
"Dad, Jackie, and Me",Florida,2022-01-01,Juvenile Fiction,Banned Pending Investigation,1,1,1,Unknown/Niche,0.0,1.11,1.11,0.0,100.0,,New Interest,True,10.48
Strange Fruit: Why Both Sides Are Wrong in the Race Debate,Florida,2021-11-01,"Politics, Nonfiction, Sociology, Race, Anthropology, Science, History",Banned Pending Investigation,1,1,1,Unknown/Niche,0.0,1.11,1.11,0.0,100.0,,New Interest,True,10.48
Crimes and Criminals of the Holocaust,Tennessee,2025-02-01,Juvenile Nonfiction,Banned,1,1,1,Unknown/Niche,0.0,1.11,1.11,0.0,100.0,,New Interest,True,10.48
The Girl Who Drew Butterflies: How Maria Merian's Art Changed Science,Florida,2024-07-01,Juvenile Nonfiction,Banned by Restriction,1,1,1,Unknown/Niche,0.0,1.11,1.11,0.0,100.0,,New Interest,True,10.48
Sexually Transmitted Diseases: A Hot Issue,Florida,2023-08-01,Juvenile Nonfiction,Banned Pending Investigation,1,1,1,Unknown/Niche,0.0,1.11,1.11,0.0,100.0,,New Interest,True,10.48
Vampire Academy (A Graphic Novel),Florida,2023-10-01,"Graphic Novels, Vampires, Young Adult, Fantasy, Paranormal, Romance, Comics",Banned,3,1,3,Unknown/Niche,0.0,1.11,1.11,0.0,100.0,,New Interest,True,10.48
Strangeworlds Travel Agency,Florida,2024-05-01,"Middle Grade, Fantasy, Adventure, Fiction, Childrens, Magic, Magical Realism",Banned Pending Investigation,1,1,1,Unknown/Niche,0.0,1.11,1.11,0.0,100.0,,New Interest,True,10.48
The First Americans: The Story of Where They Came From and Who They Became,Tennessee,2025-02-01,Juvenile Nonfiction,Banned,1,1,1,Unknown/Niche,0.0,1.11,1.11,0.0,100.0,,New Interest,True,10.48
The Friday Night Knitting Club,Wisconsin,2023-11-01,Fiction,Banned by Restriction,1,1,1,Unknown/Niche,0.0,1.11,1.11,0.0,100.0,,New Interest,True,10.48
Numb8rs,Florida,2023-12-01,,Banned Pending Investigation,2,2,2,Unknown/Niche,0.0,1.11,1.11,0.0,100.0,,New Interest,True,10.48
The Girl Guide: 50 Ways to Love Your Changing Body,Texas,2024-05-01,"Juvenile Nonfiction, Beauty, Personal",Banned,1,1,1,Unknown/Niche,0.0,1.11,1.11,0.0,100.0,,New Interest,True,10.48
When We Make It: A Nuyorican Novel,Florida,2023-12-01,Young Adult Fiction,Banned by Restriction,3,1,3,Unknown/Niche,0.0,1.11,1.11,0.0,100.0,,New Interest,True,10.48
The Van Alen Legacy,Texas,2022-10-01,,Banned from Libraries,3,2,3,Unknown/Niche,0.0,1.11,1.11,0.0,100.0,,New Interest,True,10.48
The Lotterys Plus One,Florida,2023-06-01,Juvenile Fiction,Banned Pending Investigation,3,2,3,Unknown/Niche,0.0,1.11,1.11,0.0,100.0,,New Interest,True,10.48
The Diviners,Florida,2023-08-01,"Fantasy, Young Adult, Historical Fiction, Paranormal, Mystery, Historical, Horror",Banned Pending Investigation,3,2,3,Unknown/Niche,0.0,1.11,1.11,0.0,100.0,,New Interest,True,10.48
Plague Land Reborn,Tennessee,2024-10-01,"Young Adult Fiction, Juvenile Fiction",Banned,1,1,1,Unknown/Niche,0.0,1.11,1.11,0.0,100.0,,New Interest,True,10.48
"Pox, Pus and Plague",Texas,2022-09-01,"Juvenile Nonfiction, Diseases, Communicable diseases",Banned from Libraries,1,1,1,Unknown/Niche,0.0,1.11,1.11,0.0,100.0,,New Interest,True,10.48
"Cantarella, Vol. 8",Pennsylvania,2024-09-01,"Comic books, strips, etc",Banned,1,1,1,Unknown/Niche,0.0,1.11,1.11,0.0,100.0,,New Interest,True,10.48
"Shakespeare Remains: Theater to Film, Early Modern to Postmodern",Tennessee,2025-02-01,"Literary Criticism, Performing Arts, Drama",Banned,1,1,1,Unknown/Niche,0.0,1.11,1.11,0.0,100.0,,New Interest,True,10.48
Summer Bird Blue,Tennessee,2022-02-01,"Contemporary, Young Adult, LGBT, Queer, Fiction, Mental Health, Young Adult Contemporary",Banned Pending Investigation,1,1,1,Unknown/Niche,0.0,1.11,1.11,0.0,100.0,,New Interest,True,10.48
Young Palestinians Speak: Living Under Occupation,New York,2024-04-01,Juvenile Nonfiction,Banned by Restriction,1,1,1,Unknown/Niche,0.0,1.11,1.11,0.0,100.0,,New Interest,True,10.48
"City of Light, City of Dark",Texas,2022-10-01,"Caricatures and cartoons, Juvenile Fiction",Banned from Libraries,1,1,1,Unknown/Niche,0.0,1.11,1.11,0.0,100.0,,New Interest,True,10.48
I Am Margaret Moore,Texas,2023-11-01,Young Adult Fiction,Banned,3,2,3,Unknown/Niche,0.0,1.11,1.11,0.0,100.0,,New Interest,True,10.48
Poseidon (RR),Tennessee,2025-04-01,Juvenile Nonfiction,Banned,1,1,1,Unknown/Niche,0.0,1.11,1.11,0.0,100.0,,New Interest,True,10.48
The Death of Bees,Texas,2022-10-01,"Fiction, Law",Banned Pending Investigation,2,2,2,Unknown/Niche,0.0,1.11,1.11,0.0,100.0,,New Interest,True,10.48
The Bridges of Madison County,Florida,2023-11-01,"Fiction, Romance, Classics, Chick Lit, Contemporary, Novels, Historical Fiction",Banned by Restriction,3,2,3,Low Interest,2.97,4.08,1.1099999999999999,100.0,100.0,37.45,Strong Spike,True,16.74
Patience,Missouri,2022-09-01,Comics & Graphic Novels,Banned Pending Investigation,1,1,1,Very Popular,78.78,79.89,1.1099999999999994,100.0,100.0,1.41,Mild Increase,True,10.49
Skin,South Carolina,2022-10-01,"Young Adult, Fiction, Realistic Fiction, Contemporary, Romance, Teen, Illness",Banned Pending Investigation,2,2,2,Very Popular,86.07,87.17,1.1000000000000085,100.0,100.0,1.28,Mild Increase,True,4.76
Finding the Dream,Florida,2023-03-01,"Fiction, Friendship, Divorced women",Banned from Libraries and Classrooms,1,1,1,Low Interest,1.93,3.02,1.09,100.0,100.0,56.32,Strong Spike,True,14.76
The Little Red Train: El trenecito rojo,Texas,2025-03-01,"Juvenile Fiction, Compact discs",Banned,1,1,1,Low Interest,1.11,2.19,1.0799999999999998,100.0,100.0,97.0,Strong Spike,True,12.68
Please Send Help,Texas,2024-08-01,Young Adult Fiction,Banned by Restriction,1,1,1,Low Interest,1.11,2.19,1.0799999999999998,100.0,100.0,97.0,Strong Spike,True,12.68
Never Cry Werewolf,Florida,2024-06-01,Young Adult Fiction,Banned by Restriction,1,1,1,Low Interest,1.11,2.19,1.0799999999999998,100.0,100.0,97.0,Strong Spike,True,12.68
Just Ella,Tennessee,2025-02-01,"Young Adult Fiction, Princesses",Banned,1,1,1,Low Interest,1.11,2.19,1.0799999999999998,100.0,100.0,97.0,Strong Spike,True,12.68
Leverage,Florida,2023-08-01,"Sports, Young Adult, Realistic Fiction, Contemporary, Teen, High School, Football",Banned Pending Investigation,3,2,3,Very Popular,70.27,71.34,1.0700000000000074,100.0,100.0,1.53,Mild Increase,True,11.86
Not Otherwise Specified,Florida,2023-06-01,Juvenile Fiction,Banned Pending Investigation,2,2,2,Low Interest,1.11,2.18,1.07,100.0,100.0,96.0,Strong Spike,True,12.63
Blue Noon,Florida,2023-08-01,"Young Adult, Fantasy, Paranormal, Fiction, Urban Fantasy, Science Fiction, Supernatural",Banned Pending Investigation,1,1,1,Low Interest,1.11,2.18,1.07,100.0,100.0,96.0,Strong Spike,True,12.63
Whale Talk,Oklahoma,2021-10-01,"Young Adult, Fiction, Sports, Realistic Fiction, Teen, Banned Books, Contemporary",Banned Pending Investigation,3,3,3,Low Interest,1.11,2.18,1.07,100.0,100.0,96.0,Strong Spike,True,12.63
Down Sand Mountain,Virginia,2024-08-01,"Juvenile Fiction, Young Adult Fiction, Photography, Blue Mountains (N.S.W.)",Banned by Restriction,1,1,1,Low Interest,1.11,2.17,1.0599999999999998,100.0,100.0,95.0,Strong Spike,True,11.55
Ship Breaker,Florida,2023-08-01,"Juvenile Fiction, Fiction",Banned by Restriction,1,1,1,Low Interest,1.11,2.16,1.05,100.0,100.0,94.0,Strong Spike,True,12.55
The History of the Blues,Missouri,2022-09-01,Blues (Music),Banned Pending Investigation,1,1,1,Low Interest,1.11,2.16,1.05,100.0,100.0,94.0,Strong Spike,True,12.55
"A Game of Thrones: The Graphic Novel, Vol. 3",Missouri,2022-09-01,Comics & Graphic Novels,Banned from Libraries,4,2,4,Low Interest,1.11,2.16,1.05,100.0,100.0,94.0,Strong Spike,True,12.55
Read Me Like a Book,Texas,2024-08-01,Young Adult Fiction,Banned by Restriction,1,1,1,Low Interest,1.79,2.83,1.04,100.0,100.0,58.39,Strong Spike,True,14.01
Hawks,Texas,2024-11-01,Juvenile Nonfiction,Banned,1,1,1,Popular,38.19,39.22,1.0300000000000011,100.0,100.0,2.71,Mild Increase,True,15.2
Fight For Freedom: The American Revolutionary War,Tennessee,2025-02-01,"United States, History",Banned,1,1,1,Low Interest,1.11,2.14,1.03,100.0,100.0,93.0,Strong Spike,True,12.51
Kissing Kate,Texas,2021-12-01,"Young Adult, LGBT, Romance, Queer, Fiction, Contemporary, Lesbian",Banned Pending Investigation,10,4,10,Low Interest,1.11,2.14,1.03,100.0,100.0,93.0,Strong Spike,True,12.51
The Gilded Ones,Florida,2023-08-01,Young Adult Fiction,Banned Pending Investigation,1,1,1,Low Interest,1.11,2.13,1.0199999999999998,100.0,100.0,92.0,Strong Spike,True,12.47
The Mists of Avalon,Florida,2024-06-01,"Fantasy, Fiction, Historical Fiction, Arthurian, Mythology, Classics, Historical",Banned by Restriction,1,1,1,Low Interest,1.11,2.13,1.0199999999999998,100.0,100.0,92.0,Strong Spike,True,12.47
I Know Why The Caged Bird Sings,Oklahoma,2021-10-01,"Nonfiction, Classics, Memoir, Biography, Autobiography, Poetry, Feminism",Banned from Libraries and Classrooms,44,10,44,Popular,25.5,26.52,1.0199999999999996,100.0,100.0,4.01,Mild Increase,True,30.55
The Princess Present: A Princess Diaries Book,Florida,2023-08-01,"Young Adult, Romance, Fiction, Chick Lit, Contemporary, Teen, Humor",Banned Pending Investigation,2,1,2,Low Interest,1.11,2.12,1.01,100.0,100.0,91.0,Strong Spike,True,12.43
Jane Steele,Florida,2023-11-01,"Historical Fiction, Fiction, Mystery, Historical, Retellings, Romance, Gothic",Banned by Restriction,2,2,2,Low Interest,1.11,2.12,1.01,100.0,100.0,91.0,Strong Spike,True,12.43
Here the Whole Time,Tennessee,2022-02-01,"Romance, LGBT, Young Adult, Queer, Contemporary, Fiction, Gay",Banned Pending Investigation,1,1,1,Low Interest,1.11,2.11,0.9999999999999998,100.0,100.0,90.0,Strong Spike,True,12.39
Blue Moon (AN),Florida,2023-08-01,"Young Adult, Fantasy, Paranormal, Romance, Supernatural, Paranormal Romance, Fiction",Banned by Restriction,1,1,1,Low Interest,1.11,2.11,0.9999999999999998,100.0,100.0,90.0,Strong Spike,True,10.94
Triumph of the Darksword,Florida,2024-06-01,"Fiction, Fantasy fiction",Banned by Restriction,1,1,1,Low Interest,1.11,2.1,0.99,100.0,100.0,89.0,Strong Spike,True,12.35
Gays and Lesbians,Florida,2023-06-01,"Gay parents, Fiction",Banned Pending Investigation,1,1,1,Low Interest,1.11,2.09,0.9799999999999998,100.0,100.0,88.0,Strong Spike,True,12.31
Things That Make White People Uncomfortable (Adapted for Young Adults),Texas,2021-12-01,"Nonfiction, Social Justice, Sports, Memoir, Race, Teen",Banned Pending Investigation,2,2,2,Low Interest,1.11,2.09,0.9799999999999998,100.0,100.0,88.0,Strong Spike,True,12.31
The Waiting Tree,Tennessee,2024-10-01,Families,Banned,1,1,1,Low Interest,1.11,2.09,0.9799999999999998,100.0,100.0,88.0,Strong Spike,True,12.31
Maiden and Princess,Florida,2023-03-01,Juvenile Fiction,Banned Pending Investigation,1,1,1,Low Interest,1.11,2.08,0.97,100.0,100.0,87.0,Strong Spike,True,12.27
Trust Exercise,Iowa,2023-10-01,"Fiction, Biography",Banned,1,1,1,Low Interest,2.41,3.37,0.96,100.0,100.0,39.63,Strong Spike,True,14.75
Even When Your Voice Shakes,Tennessee,2025-05-01,Young Adult Fiction,Banned,1,1,1,Low Interest,1.11,2.07,0.9599999999999997,100.0,100.0,86.0,Strong Spike,True,12.23
Losers Bracket,Texas,2025-04-01,Young Adult Fiction,Banned by Restriction,1,1,1,Low Interest,1.11,2.07,0.9599999999999997,100.0,100.0,86.0,Strong Spike,True,12.23
The Year of Secret Assignments,Florida,2023-12-01,"Young Adult, Contemporary, Fiction, Romance, Realistic Fiction, Humor, Teen",Banned Pending Investigation,1,1,1,Low Interest,1.11,2.07,0.9599999999999997,100.0,100.0,86.0,Strong Spike,True,12.23
Dark Sons,Florida,2023-08-01,"Juvenile Fiction, Young Adult Fiction",Banned,1,1,1,Low Interest,1.11,2.06,0.95,100.0,100.0,85.0,Strong Spike,True,12.2
The Book Of Lost Things,Florida,2025-05-01,"Fantasy, Fiction, Young Adult, Horror, Fairy Tales, Books About Books, Adventure",Banned,1,1,1,Low Interest,1.11,2.06,0.95,100.0,100.0,85.0,Strong Spike,True,12.2
The Bell Jar,Texas,2021-11-01,"Fiction, Feminism, Mental Health, Psychology, Literature, Literary Fiction, Novels",Banned Pending Investigation,2,2,2,Popular,28.82,29.77,0.9499999999999993,100.0,100.0,3.28,Mild Increase,True,19.13
Pretties,Tennessee,2025-02-01,"Young Adult, Dystopia, Science Fiction, Fiction, Fantasy, Romance, Teen",Banned,1,1,1,Popular,25.88,26.81,0.9299999999999997,100.0,100.0,3.61,Mild Increase,True,32.16
Flush,Florida,2023-08-01,Juvenile Fiction,Banned Pending Investigation,1,1,1,Very Popular,89.79,90.72,0.9299999999999926,100.0,100.0,1.04,Mild Increase,True,4.11
Fable,Florida,2022-09-01,"Fantasy, Young Adult, Romance, Pirates, Young Adult Fantasy, Fiction, Audiobook",Banned Pending Investigation,6,1,6,Very Popular,73.29,74.22,0.9299999999999926,100.0,100.0,1.27,Mild Increase,True,7.99
Release,Florida,2023-10-01,Young Adult Fiction,Banned,4,1,4,Very Popular,78.62,79.54,0.9200000000000017,100.0,100.0,1.17,Mild Increase,True,5.79
Empress of the World,Texas,2024-08-01,"Young Adult, LGBT, Romance, Fiction, Queer, Lesbian, Contemporary",Banned by Restriction,1,1,1,Low Interest,2.04,2.94,0.8999999999999999,100.0,100.0,44.02,Strong Spike,True,14.83
Understanding Greek Myths,Tennessee,2025-04-01,"Greece, Mythology, Classical",Banned,1,1,1,Low Interest,1.11,2.01,0.8999999999999997,100.0,100.0,81.0,Strong Spike,True,12.05
M Butterfly,Florida,2024-06-01,"Drama, Actors",Banned by Restriction,1,1,1,Moderate Interest,5.2,6.1,0.8999999999999995,100.0,100.0,17.31,Mild Increase,True,18.48
The Truth and Lies of Ella Black,Florida,2023-08-01,Young Adult Fiction,Banned Pending Investigation,2,1,2,Low Interest,1.11,2.0,0.8899999999999999,100.0,100.0,80.0,Strong Spike,True,12.01
The Third Twin,Florida,2023-08-01,"Fiction, Thriller, Mystery, Suspense, Science Fiction, Crime, Mystery Thriller",Banned Pending Investigation,1,1,1,Low Interest,1.11,2.0,0.8899999999999999,100.0,100.0,80.0,Strong Spike,True,12.01
Hidden,Florida,2023-08-01,"Fantasy, Young Adult, Vampires, Paranormal, Romance, Fiction, Supernatural",Banned Pending Investigation,5,4,5,Very Popular,76.06,76.94,0.8799999999999955,100.0,100.0,1.17,Mild Increase,True,7.43
The Cutting Room Floor,Texas,2021-12-01,"Young Adult, Mystery, Thriller, Romance, Contemporary, Mystery Thriller, Horror",Banned Pending Investigation,2,1,2,Low Interest,1.11,1.98,0.8699999999999999,100.0,100.0,78.0,Strong Spike,True,11.94
Beach Read,Iowa,2023-10-01,Fiction,Banned Pending Investigation,2,2,2,Very Popular,55.73,56.58,0.8500000000000014,100.0,100.0,1.52,Mild Increase,True,21.67
All the Pretty Things,Florida,2023-08-01,"Mystery, Young Adult, Thriller, Mystery Thriller, Contemporary, Audiobook, Murder Mystery",Banned Pending Investigation,2,1,2,Low Interest,2.07,2.92,0.8500000000000001,100.0,100.0,41.4,Strong Spike,True,14.83
Holding Up the Universe,Florida,2023-08-01,"Young Adult, Romance, Contemporary, Fiction, Mental Health, Realistic Fiction, Audiobook",Banned by Restriction,6,3,6,Low Interest,1.11,1.96,0.8499999999999999,100.0,100.0,76.0,Strong Spike,True,11.87
Betwixt,Florida,2024-06-01,Juvenile Fiction,Banned by Restriction,1,1,1,Moderate Interest,7.24,8.08,0.8399999999999999,100.0,100.0,11.5,Mild Increase,True,21.2
"The Hardy Boys Graphic Novels: Undercover Brothers (Series, Title Not Specified)",Texas,2025-03-01,"Juvenile Fiction, Comics & Graphic Novels",Banned,1,1,1,Low Interest,1.11,1.94,0.8299999999999998,100.0,100.0,75.0,Strong Spike,True,11.83
Having Young,Iowa,2023-10-01,"Children's stories, English, Juvenile Nonfiction, Wit and humor",Banned Pending Investigation,1,1,1,Very Popular,64.99,65.82,0.8299999999999983,100.0,100.0,1.28,Mild Increase,True,14.02
Welcome to St. Hell: My Trans Teen Misadventure: A Graphic Novel,Florida,2024-08-01,Young Adult Fiction,Banned,4,4,4,Low Interest,1.11,1.91,0.7999999999999998,100.0,100.0,72.0,Strong Spike,True,11.73
Friends Forever,Florida,2022-10-01,"Graphic Novels, Middle Grade, Memoir, Mental Health, Comics, Realistic Fiction, Childrens",Banned from Libraries and Classrooms,7,2,7,Very Popular,60.39,61.18,0.7899999999999991,100.0,100.0,1.31,Mild Increase,True,10.59
Man O' War,Florida,2025-06-01,Young Adult Fiction,Banned,1,1,1,Low Interest,2.09,2.86,0.77,100.0,100.0,36.7,Strong Spike,True,14.71
Ready When You Are,Georgia,2023-08-01,Young Adult Fiction,Banned Pending Investigation,2,2,2,Very Popular,66.3,67.07,0.769999999999996,100.0,100.0,1.16,Mild Increase,True,13.23
Beyond Dreams,Florida,2023-09-01,"Realistic Fiction, Young Adult",Banned,2,1,2,Low Interest,1.11,1.87,0.76,100.0,100.0,68.0,Strong Spike,True,11.6
The Incredible Magic of Being,Florida,2023-07-01,"Middle Grade, Realistic Fiction, Fiction, Audiobook, Magical Realism, Contemporary, Young Adult",Banned by Restriction,1,1,1,Low Interest,1.97,2.71,0.74,100.0,100.0,37.85,Strong Spike,True,14.02
Gnomon,Florida,2023-08-01,"Science Fiction, Fiction, Dystopia, Mystery, Fantasy, Science Fiction Fantasy, Cyberpunk",Banned Pending Investigation,1,1,1,Popular,24.48,25.22,0.7399999999999984,100.0,100.0,3.04,Mild Increase,True,32.62
American Gods,Michigan,2022-09-01,"Fantasy, Fiction, Mythology, Urban Fantasy, Audiobook, Science Fiction, Science Fiction Fantasy",Banned from Classrooms,6,4,6,Very Popular,53.66,54.39,0.730000000000004,100.0,100.0,1.37,Mild Increase,True,13.36
Sleeping Beauties,Florida,2024-03-01,"Horror, Fantasy, Fiction, Thriller, Audiobook, Mystery, Science Fiction",Banned,6,3,6,Low Interest,3.51,4.24,0.7300000000000004,100.0,100.0,20.89,Mild Increase,True,15.71
Lone Wolf,Florida,2023-02-01,Fiction,Banned from Libraries and Classrooms,3,1,3,Very Popular,72.04,72.77,0.7299999999999898,100.0,100.0,1.0,Mild Increase,True,8.99
Cut Both Ways,Texas,2021-12-01,"LGBT, Young Adult, Contemporary, Romance, Realistic Fiction, Fiction, Gay",Banned Pending Investigation,6,2,6,Low Interest,1.11,1.83,0.72,100.0,100.0,65.0,Strong Spike,True,11.51
Date Abuse,Tennessee,2025-02-01,Juvenile Nonfiction,Banned,1,1,1,Moderate Interest,7.22,7.92,0.7000000000000002,100.0,100.0,9.69,Mild Increase,True,23.61
The Questions Within,Texas,2024-08-01,Fiction,Banned by Restriction,1,1,1,Very Popular,53.06,53.72,0.6599999999999966,100.0,100.0,1.26,Mild Increase,True,25.89
If I Stay,Texas,2022-10-01,"Young Adult, Romance, Contemporary, Fiction, Realistic Fiction, Teen, Music",Banned from Libraries,9,5,9,Very Popular,82.22,82.88,0.6599999999999966,100.0,100.0,0.8,Mild Increase,True,6.9
The Tommyknockers,Florida,2023-08-01,"Horror, Fiction, Science Fiction, Thriller, Fantasy, Aliens, Audiobook",Banned,7,2,7,Low Interest,2.14,2.77,0.6299999999999999,100.0,100.0,29.02,Strong Spike,True,14.66
The Land and People of South Africa,Florida,2023-08-01,"South Africa, Fiction, History",Banned Pending Investigation,1,1,1,Low Interest,1.11,1.74,0.6299999999999999,100.0,100.0,57.0,Strong Spike,True,11.27
The Glass Menagerie,Wisconsin,2023-11-01,"Plays, Classics, Drama, Fiction, School, Theatre, Literature",Banned Pending Investigation,1,1,1,Popular,30.14,30.74,0.5999999999999979,100.0,100.0,1.99,Mild Increase,True,33.08
Anna Karenina,Florida,2023-10-01,"Classics, Fiction, Romance, Russia, Historical Fiction, Russian Literature, Literature",Banned,2,2,2,Very Popular,59.48,60.03,0.5500000000000043,100.0,100.0,0.93,Mild Increase,True,14.39
Perfume: The Story of a Murderer,Florida,2023-08-01,"Fiction, Classics, Historical Fiction, Horror, Thriller, Mystery, Crime",Banned Pending Investigation,2,2,2,Low Interest,1.11,1.64,0.5299999999999998,100.0,100.0,48.0,Strong Spike,True,11.05
Party Princess,Florida,2025-02-01,"Juvenile Fiction, Diary fiction",Banned,1,1,1,Very Popular,59.89,60.39,0.5,100.0,100.0,0.83,Mild Increase,True,14.97
Late to the Party,Texas,2021-12-01,"LGBT, Romance, Young Adult, Contemporary, Lesbian, Queer, Fiction",Banned Pending Investigation,2,2,2,Popular,26.58,27.08,0.5,100.0,100.0,1.88,Mild Increase,True,31.46
Unite Me,Florida,2023-08-01,"Fantasy, Dystopia, Young Adult, Romance, Fiction, Novella, Science Fiction",Banned Pending Investigation,4,3,4,Low Interest,3.61,4.1,0.48999999999999977,100.0,100.0,13.54,Mild Increase,True,18.03
The Golden Lily,Florida,2024-01-01,"Young Adult, Vampires, Fantasy, Paranormal, Romance, Urban Fantasy, Magic",Banned Pending Investigation,1,1,1,Low Interest,1.11,1.58,0.47,100.0,100.0,42.0,Strong Spike,True,10.62
The Whispers,Texas,2021-12-01,"Middle Grade, LGBT, Fantasy, Fiction, Young Adult, Queer, Mystery",Banned Pending Investigation,3,2,3,Very Popular,63.0,63.47,0.46999999999999886,100.0,100.0,0.74,Mild Increase,True,12.45
The Shack,Florida,2023-10-01,"Fiction, Christian, Christian Fiction, Spirituality, Faith, Religion, Inspirational",Banned,1,1,1,Very Popular,67.07,67.51,0.44000000000001194,100.0,100.0,0.66,Mild Increase,True,12.05
The White Darkness,Florida,2023-08-01,"Juvenile Fiction, Antarctica, Castaways",Banned Pending Investigation,1,1,1,Moderate Interest,5.06,5.49,0.4300000000000006,100.0,100.0,8.57,Mild Increase,True,20.1
Jack,Tennessee,2022-01-01,"Fiction, Young Adult, LGBT, Banned Books, Coming Of Age, Contemporary, Queer",Banned Pending Investigation,3,2,3,Very Popular,64.98,65.39,0.4099999999999966,100.0,100.0,0.63,Mild Increase,True,8.36
The Chocolate War,Florida,2023-08-01,"Young Adult, Fiction, Classics, Banned Books, Realistic Fiction, School, Teen",Banned Pending Investigation,10,3,10,Low Interest,4.27,4.66,0.39000000000000057,100.0,100.0,9.11,Mild Increase,True,18.03
Code of Honor,Texas,2022-10-01,Young Adult Fiction,Banned from Libraries,1,1,1,Popular,36.68,37.07,0.39000000000000057,100.0,100.0,1.06,Mild Increase,True,30.92
Special Topics in Calamity Physics,Texas,2023-11-01,"Fiction, Mystery, Contemporary, Literary Fiction, Young Adult, Novels, Coming Of Age",Banned,2,2,2,Low Interest,1.11,1.5,0.3899999999999999,100.0,100.0,35.0,Strong Spike,True,10.78
Strange Truth,Florida,2023-06-01,Young Adult Fiction,Banned Pending Investigation,5,3,5,Low Interest,1.66,2.04,0.3800000000000001,100.0,100.0,23.49,Mild Increase,True,12.66
The Fight,Texas,2024-08-01,"Young Adult Fiction, Juvenile Fiction",Banned by Restriction,1,1,1,Moderate Interest,18.33,18.7,0.370000000000001,100.0,100.0,2.0,Mild Increase,True,10.43
Bullet Point,Florida,2023-08-01,"Young Adult Fiction, History, Jews",Banned Pending Investigation,1,1,1,Very Popular,61.64,62.0,0.35999999999999943,100.0,100.0,0.58,Mild Increase,True,20.01
Sold,Texas,2021-11-01,"Young Adult, Fiction, Realistic Fiction, Poetry, Banned Books, Historical Fiction, Contemporary",Banned Pending Investigation,136,19,134,Very Popular,80.08,80.43,0.3500000000000085,100.0,100.0,0.44,Mild Increase,True,5.36
Daughters of Eve,Iowa,2023-10-01,"Young Adult, Fiction, Horror, Mystery, Thriller, Banned Books, Suspense",Banned,1,1,1,Low Interest,2.19,2.54,0.3500000000000001,100.0,100.0,16.24,Mild Increase,True,14.28
Traffick,Florida,2022-10-01,"Young Adult, Poetry, Fiction, Contemporary, Realistic Fiction, LGBT, Audiobook",Banned Pending Investigation,38,8,38,Moderate Interest,10.5,10.83,0.33000000000000007,100.0,100.0,3.17,Mild Increase,True,22.02
Acceptance,Texas,2022-09-01,"Science Fiction, Fiction, Horror, Fantasy, Audiobook, Mystery, Science Fiction Fantasy",Banned Pending Investigation,2,2,2,Very Popular,79.31,79.63,0.3199999999999932,100.0,100.0,0.41,Mild Increase,True,8.56
The Witch Boy,Florida,2023-04-01,"Graphic Novels, Fantasy, Middle Grade, Comics, LGBT, Queer, Young Adult",Banned Pending Investigation,5,2,5,Moderate Interest,5.91,6.22,0.3099999999999996,100.0,100.0,5.26,Mild Increase,True,20.63
Plainsong,Florida,2023-10-01,"Fiction, Literary Fiction, Contemporary, Novels, Literature, Adult Fiction, Audiobook",Banned,2,1,2,Low Interest,2.94,3.22,0.28000000000000025,100.0,100.0,9.43,Mild Increase,True,15.63
Drugs and Sports,Tennessee,2025-02-01,"Juvenile Nonfiction, Anabolic steroids",Banned,1,1,1,Low Interest,2.82,3.09,0.27,100.0,100.0,9.45,Mild Increase,True,16.01
Witch and Wizard,Texas,2022-10-01,"Juvenile Fiction, Young Adult Fiction",Banned from Libraries,2,2,2,Moderate Interest,5.23,5.5,0.2699999999999996,100.0,100.0,5.1,Mild Increase,True,19.19
Art and Culture of the Renaissance World,Tennessee,2025-02-01,"Juvenile Nonfiction, Literary Criticism, Biography & Autobiography",Banned,1,1,1,Low Interest,1.87,2.12,0.25,100.0,100.0,13.69,Mild Increase,True,13.37
Obsidian,Idaho,2023-02-01,"Young Adult, Fantasy, Romance, Paranormal, Aliens, Science Fiction, Paranormal Romance",Banned Pending Investigation,2,2,2,Very Popular,81.01,81.24,0.22999999999998977,100.0,100.0,0.29,Mild Increase,True,6.37
Valiant,Florida,2023-08-01,"Fantasy, Young Adult, Urban Fantasy, Fae, Romance, Fairies, Fiction",Banned Pending Investigation,1,1,1,Very Popular,77.88,78.09,0.21000000000000796,100.0,100.0,0.27,Mild Increase,True,7.26
Fifty Shades of Grey,Florida,2023-12-01,"Fiction, Erotica, BDSM, Adult, Contemporary, Contemporary Romance, Chick Lit",Banned Pending Investigation,1,1,1,Popular,37.32,37.53,0.21000000000000085,100.0,100.0,0.57,Mild Increase,True,14.21
The Lady in the Lake,Florida,2023-12-01,"Mystery, Fiction, Crime, Noir, Classics, Detective, Thriller",Banned Pending Investigation,1,1,1,Popular,36.81,37.02,0.21000000000000085,100.0,100.0,0.57,Mild Increase,True,28.16
The Casual Vacancy,Florida,2023-12-01,"Fiction, Contemporary, Mystery, Adult, Adult Fiction, Audiobook, Drama",Banned by Restriction,5,3,5,Low Interest,1.99,2.2,0.2100000000000002,100.0,100.0,10.61,Mild Increase,True,13.96
Lost in Time,Texas,2022-10-01,"Vampires, Young Adult, Fantasy, Paranormal, Romance, Angels, Paranormal Romance",Banned from Libraries,2,2,2,Popular,41.9,42.1,0.20000000000000284,100.0,100.0,0.48,Mild Increase,True,10.71
The Titan's Curse,Tennessee,2025-02-01,"Fantasy, Young Adult, Mythology, Fiction, Middle Grade, Adventure, Greek Mythology",Banned,1,1,1,Low Interest,1.78,1.98,0.19999999999999996,100.0,100.0,11.25,Mild Increase,True,12.7
Commencement,Florida,2024-06-01,"Fiction, Chick Lit, Contemporary, Feminism, Adult Fiction, Adult, Novels",Banned by Restriction,1,1,1,Popular,26.14,26.34,0.1999999999999993,100.0,100.0,0.76,Mild Increase,True,19.88
Red Glass,Florida,2023-08-01,"Young Adult, Fiction, Realistic Fiction, Cultural, Romance, Travel, Coming Of Age",Banned Pending Investigation,1,1,1,Very Popular,76.97,77.16,0.18999999999999773,100.0,100.0,0.25,Mild Increase,True,9.93
Keeper,Florida,2023-07-01,"Fantasy, Middle Grade, Fiction, Young Adult, Childrens, Magical Realism, Mermaids",Banned by Restriction,1,1,1,Popular,47.81,47.99,0.17999999999999972,100.0,100.0,0.37,Mild Increase,True,8.68
Into the Still Blue,Florida,2023-08-01,,Banned Pending Investigation,4,2,4,Low Interest,1.93,2.09,0.15999999999999992,100.0,100.0,8.05,Mild Increase,True,13.44
Motor Mouth,Iowa,2024-06-01,Fiction,Banned,1,1,1,Low Interest,4.14,4.28,0.14000000000000057,100.0,100.0,3.22,Mild Increase,True,18.56
The Fiery Cross,Florida,2023-08-01,"Historical Fiction, Romance, Fantasy, Fiction, Time Travel, Historical, Historical Romance",Banned Pending Investigation,1,1,1,Low Interest,2.04,2.18,0.14000000000000012,100.0,100.0,6.52,Mild Increase,True,14.04
The Nerdy and the Dirty,Texas,2021-11-01,"Young Adult, Romance, Contemporary, Audiobook, Humor, Teen, Realistic Fiction",Banned Pending Investigation,17,4,16,Low Interest,2.06,2.17,0.10999999999999988,100.0,100.0,5.41,Mild Increase,True,14.03
The Remedy,Texas,2022-10-01,Juvenile Fiction,Banned from Libraries,3,2,3,Very Popular,81.32,81.42,0.10000000000000853,100.0,100.0,0.12,Mild Increase,True,8.99
Only in Your Dreams,Iowa,2024-06-01,"Young Adult Fiction, Juvenile Fiction",Banned,1,1,1,Low Interest,1.97,2.07,0.09999999999999987,100.0,100.0,5.08,Mild Increase,True,13.46
Little and Lion,Florida,2023-10-01,Young Adult Fiction,Banned Pending Investigation,12,4,12,Moderate Interest,6.21,6.31,0.09999999999999964,100.0,100.0,1.61,Mild Increase,True,20.54
"Akira (Series, Title not Specified)",Tennessee,2024-10-01,Comics & Graphic Novels,Banned,1,1,1,Low Interest,2.01,2.09,0.08000000000000007,100.0,100.0,3.87,Mild Increase,True,13.65
Behind the Gates,Florida,2023-12-01,"Dystopia, Young Adult, Science Fiction, Middle Grade, Childrens, Adventure, Mystery",Banned Pending Investigation,1,1,1,Low Interest,2.13,2.21,0.08000000000000007,100.0,100.0,3.65,Mild Increase,True,14.42
Invisibility,Florida,2023-08-01,,Banned Pending Investigation,1,1,1,Very Popular,64.1,64.17,0.07000000000000739,100.0,100.0,0.1,Mild Increase,True,13.07
Health,Virginia,2024-08-01,Health & Fitness,Banned by Restriction,1,1,1,Very Popular,76.2,76.27,0.06999999999999318,100.0,100.0,0.09,Mild Increase,True,20.52
Fang,Florida,2023-02-01,"Young Adult Fiction, Fiction",Banned from Libraries,1,1,1,Popular,46.86,46.92,0.060000000000002274,100.0,100.0,0.14,Mild Increase,True,8.83
The Death Cure,Florida,2023-08-01,"Young Adult, Dystopia, Science Fiction, Fiction, Fantasy, Adventure, Post Apocalyptic",Banned by Restriction,2,2,2,Popular,21.99,22.03,0.0400000000000027,100.0,100.0,0.2,Mild Increase,True,31.51
The Revenge of Seven,Florida,2023-08-01,Young Adult Fiction,Banned Pending Investigation,1,1,1,Low Interest,2.1,2.14,0.040000000000000036,100.0,100.0,2.12,Mild Increase,True,14.09
The Queen of Nothing,Florida,2023-08-01,"Fantasy, Young Adult, Romance, Enemies To Lovers, Fae, Young Adult Fantasy, Fiction",Banned Pending Investigation,5,2,4,Low Interest,3.83,3.87,0.040000000000000036,100.0,100.0,0.87,Mild Increase,True,17.18
Lady Smoke,Florida,2023-08-01,"Fantasy, Young Adult, Romance, Young Adult Fantasy, Fiction, Magic, Audiobook",Banned Pending Investigation,1,1,1,Low Interest,4.01,4.04,0.03000000000000025,100.0,100.0,0.83,Mild Increase,True,18.76
Crooked Kingdom,Florida,2025-06-01,"Young Adult Fiction, Basic reader, Juvenile Fiction",Banned,1,1,1,Low Interest,2.0,2.03,0.029999999999999805,100.0,100.0,1.67,Mild Increase,True,13.45
The Last Words We Said,Florida,2023-08-01,"Young Adult, Romance, Contemporary, Jewish, Realistic Fiction, Fiction, Judaism",Banned Pending Investigation,1,1,1,Low Interest,2.07,2.08,0.010000000000000231,100.0,100.0,0.54,Mild Increase,True,13.78
Greek and Roman Mythology A to Z: A Young Reader's Compansion,Tennessee,2025-02-01,Juvenile Nonfiction,Banned,2,1,2,Low Interest,1.11,1.11,0.0,100.0,100.0,0.0,No Change,False,10.48
All-American Girl,Florida,2023-08-01,"Young Adult, Romance, Fiction, Chick Lit, Contemporary, Teen, Childrens",Banned Pending Investigation,2,2,2,Low Interest,1.11,1.11,0.0,100.0,100.0,0.0,No Change,False,10.48
All the Truth That's In Me,Florida,2023-08-01,"Young Adult, Historical Fiction, Mystery, Romance, Historical, Fiction, Thriller",Banned Pending Investigation,2,1,2,Low Interest,1.11,1.11,0.0,100.0,100.0,0.0,No Change,False,10.48
The Dark Days of Hamburger Halpin,Florida,2023-08-01,"Young Adult Fiction, Juvenile Fiction",Banned Pending Investigation,2,1,2,Low Interest,1.11,1.11,0.0,100.0,100.0,0.0,No Change,False,10.48
Roe v. Wade: The Untold Story of the Landmark Supreme Court Decision that Made Abortion Legal,Texas,2021-12-01,"Social Science, Abortion, Law",Banned from Libraries,2,1,2,Low Interest,1.11,1.11,0.0,100.0,100.0,0.0,No Change,False,10.48
Poison Study,Florida,2023-08-01,Fiction,Banned Pending Investigation,2,1,2,Low Interest,1.11,1.11,0.0,100.0,100.0,0.0,No Change,False,10.48
Slouching Towards Bethlehem,Virginia,2024-08-01,"Nonfiction, Essays, Memoir, Classics, History, Short Stories, Journalism",Banned by Restriction,1,1,1,Low Interest,1.11,1.11,0.0,100.0,100.0,0.0,No Change,False,10.48
My Awesome/Awful Popularity Plan (Justin Goldblatt Series),Texas,2022-01-01,"Young Adult, LGBT, Humor, Fiction, Contemporary, Gay, Audiobook",Banned Pending Investigation,1,1,1,Low Interest,1.11,1.11,0.0,100.0,100.0,0.0,No Change,False,10.48
Dreadnought (Nemesis Series),Texas,2021-12-01,"Fantasy, Young Adult, LGBT, Queer, Fiction, Superheroes, Science Fiction",Banned from Libraries,1,1,1,Low Interest,1.11,1.11,0.0,100.0,100.0,0.0,No Change,False,10.48
Sir Apropos of Nothing,Florida,2024-06-01,"Fiction, Apropos of Nothing, Sir (Fictitious character), Fantasy comic books, strips, etc",Banned by Restriction,1,1,1,Low Interest,1.11,1.11,0.0,100.0,100.0,0.0,No Change,False,10.48
The Darkest Legacy,Texas,2023-03-01,"Young Adult Fiction, Juvenile Fiction",Banned from Libraries,1,1,1,Low Interest,1.11,1.11,0.0,100.0,100.0,0.0,No Change,False,10.48
On Mystic Lake,Iowa,2024-06-01,"Fiction, Romance, Chick Lit, Contemporary, Contemporary Romance, Adult Fiction, Adult",Banned,1,1,1,Low Interest,1.11,1.11,0.0,100.0,100.0,0.0,No Change,False,10.48
Modern Romance: An Investigation,Missouri,2021-10-01,"Nonfiction, Humor, Audiobook, Romance, Comedy, Sociology, Psychology",Banned Pending Investigation,1,1,1,Low Interest,1.11,1.11,0.0,100.0,100.0,0.0,No Change,False,10.48
The Dangerous Gift,Kentucky,2023-10-01,Fantasy,Banned,1,1,1,Low Interest,1.11,1.11,0.0,100.0,100.0,0.0,No Change,False,10.48
My Christian Faith,Florida,2023-06-01,"Juvenile Nonfiction, Religion",Banned from Libraries and Classrooms,1,1,1,Low Interest,1.11,1.11,0.0,100.0,100.0,0.0,No Change,False,10.48
Little Blog on the Prairie,Texas,2022-11-01,"Young Adult, Realistic Fiction, Fiction, Middle Grade, Contemporary, Humor, Romance",Banned from Libraries,2,1,2,Low Interest,1.11,1.11,0.0,100.0,100.0,0.0,No Change,False,10.48
The Complete Persepolis: Volumes 1 and 2,Tennessee,2024-10-01,Comics & Graphic Novels,Banned,1,1,1,Low Interest,1.11,1.11,0.0,100.0,100.0,0.0,No Change,False,10.48
Texas Gothic,Florida,2023-08-01,Young Adult Fiction,Banned Pending Investigation,2,1,2,Low Interest,1.11,1.11,0.0,100.0,100.0,0.0,No Change,False,10.48
Insect (LM),Florida,2023-06-01,Juvenile Nonfiction,Banned from Libraries,2,1,2,Low Interest,1.11,1.11,0.0,100.0,100.0,0.0,No Change,False,10.48
Firehorse,Tennessee,2025-02-01,"Young Adult Fiction, Arson",Banned,1,1,1,Low Interest,1.11,1.11,0.0,100.0,100.0,0.0,No Change,False,10.48
Bloodlust and Bonnets,Missouri,2022-09-01,Comics & Graphic Novels,Banned Pending Investigation,1,1,1,Low Interest,1.11,1.11,0.0,100.0,100.0,0.0,No Change,False,10.48
"Blue Flag, Vol. 2 (Blue Flag Series)",Tennessee,2022-02-01,Comics & Graphic Novels,Banned Pending Investigation,1,1,1,Low Interest,1.11,1.11,0.0,100.0,100.0,0.0,No Change,False,10.48
"Cagaster (Series, Title Not Specified)",Texas,2024-08-01,Comics & Graphic Novels,Banned,1,1,1,Low Interest,1.11,1.11,0.0,100.0,100.0,0.0,No Change,False,10.48
Moving Target: Princess Leia Adventure,Texas,2025-02-01,"Juvenile Fiction, Imaginary wars and battles",Banned,1,1,1,Low Interest,1.11,1.11,0.0,100.0,100.0,0.0,No Change,False,10.48
The Book of Fred,Florida,2023-08-01,Fiction,Banned Pending Investigation,1,1,1,Low Interest,1.11,1.11,0.0,100.0,100.0,0.0,No Change,False,10.48
The Battle of the Labyrinth,Tennessee,2025-02-01,"Fantasy, Young Adult, Mythology, Fiction, Middle Grade, Adventure, Greek Mythology",Banned,1,1,1,Low Interest,1.11,1.11,0.0,100.0,100.0,0.0,No Change,False,10.48
Victoria and the Rogue,Texas,2022-10-01,"Young Adult, Romance, Historical Fiction, Historical Romance, Historical, Chick Lit, Fiction",Banned from Libraries and Classrooms,2,1,2,Low Interest,1.11,1.11,0.0,100.0,100.0,0.0,No Change,False,10.48
Hani and Ishu's Guide to Fake Dating,Florida,2024-04-01,Young Adult Fiction,Banned Pending Investigation,2,2,2,Low Interest,1.11,1.11,0.0,100.0,100.0,0.0,No Change,False,10.48
Flight of the Raven,Tennessee,2025-02-01,Juvenile Fiction,Banned,1,1,1,Low Interest,1.11,1.11,0.0,100.0,100.0,0.0,No Change,False,10.48
The Autobiography of Malcolm X,Florida,2023-08-01,"Nonfiction, Biography, History, Memoir, Autobiography, Race, Politics",Banned Pending Investigation,1,1,1,Low Interest,1.11,1.11,0.0,100.0,100.0,0.0,No Change,False,10.48
"The Architecture and Design of Man and Woman: The Marvel of the Human Body, Revealed",Tennessee,2025-02-01,"Medical, Health & Fitness",Banned,1,1,1,Low Interest,1.11,1.11,0.0,100.0,100.0,0.0,No Change,False,10.48
"Sherlock Bones (Series, Title Not Specified)",Texas,2025-02-01,,Banned,1,1,1,Low Interest,1.11,1.11,0.0,100.0,100.0,0.0,No Change,False,10.48
Texas Fridays: Houston,Texas,2024-06-01,,Banned,1,1,1,Low Interest,1.11,1.11,0.0,100.0,100.0,0.0,No Change,False,10.48
The Art of Saving the World,Texas,2021-12-01,"Fantasy, Science Fiction, Young Adult, LGBT, Queer, Fiction, Lesbian",Banned Pending Investigation,2,1,2,Low Interest,1.11,1.11,0.0,100.0,100.0,0.0,No Change,False,10.48
Daring to Dream,Florida,2023-03-01,"Fiction, Friendship",Banned from Libraries and Classrooms,1,1,1,Low Interest,1.11,1.11,0.0,100.0,100.0,0.0,No Change,False,10.48
"RWBY: Official Manga Anthology (Series, Title Not Specified)",Texas,2025-02-01,Comics & Graphic Novels,Banned,1,1,1,Low Interest,1.11,1.11,0.0,100.0,100.0,0.0,No Change,False,10.48
Crimson Bound,Florida,2023-10-01,,Banned Pending Investigation,1,1,1,Low Interest,1.11,1.11,0.0,100.0,100.0,0.0,No Change,False,10.48
The Lords of Discipline,Florida,2023-10-01,"Fiction, Historical Fiction, Military Fiction, Southern, Classics, Literature, Coming Of Age",Banned,2,1,2,Low Interest,1.11,1.11,0.0,100.0,100.0,0.0,No Change,False,10.48
Protect and Defend (Kerry Kilcannon Series),Texas,2021-12-01,Fiction,Banned Pending Investigation,1,1,1,Low Interest,1.11,1.11,0.0,100.0,100.0,0.0,No Change,False,10.48
Ophelia After All,Georgia,2023-08-01,Young Adult Fiction,Banned Pending Investigation,2,2,2,Low Interest,1.11,1.11,0.0,100.0,100.0,0.0,No Change,False,10.48
God's Best Promises for Kids,Florida,2023-06-01,"Juvenile Nonfiction, Christian life, Religion",Banned from Libraries and Classrooms,1,1,1,Low Interest,1.11,1.11,0.0,100.0,100.0,0.0,No Change,False,10.48
I'll Give you the Sun,Texas,2024-11-01,"Young Adult, Contemporary, Romance, Fiction, LGBT, Queer, Realistic Fiction",Banned by Restriction,1,1,1,Low Interest,1.11,1.11,0.0,100.0,100.0,0.0,No Change,False,10.48
Pinch Hit,Texas,2025-01-01,Juvenile Fiction,Banned,1,1,1,Low Interest,1.11,1.11,0.0,100.0,100.0,0.0,No Change,False,10.48
Pierre Auguste Renoir,Tennessee,2025-04-01,"Painting, French, Art",Banned,1,1,1,Low Interest,1.11,1.11,0.0,100.0,100.0,0.0,No Change,False,10.48
Girls Like Me (KB),Texas,2024-06-01,Young Adult Fiction,Banned,1,1,1,Low Interest,1.11,1.11,0.0,100.0,100.0,0.0,No Change,False,10.48
NYPD Red,Florida,2023-08-01,"Mystery, Fiction, Thriller, Crime, Audiobook, Mystery Thriller, Suspense",Banned Pending Investigation,1,1,1,Low Interest,1.11,1.11,0.0,100.0,100.0,0.0,No Change,False,10.48
Pieces: A Collection of New Voices,Florida,2023-12-01,Young Adult Fiction,Banned Pending Investigation,1,1,1,Low Interest,1.11,1.11,0.0,100.0,100.0,0.0,No Change,False,10.48
HIV infection: The Facts You Need to Know,Florida,2023-08-01,Juvenile Nonfiction,Banned Pending Investigation,1,1,1,Low Interest,1.11,1.11,0.0,100.0,100.0,0.0,No Change,False,10.48
Deep Dark Fears,Missouri,2022-09-01,"Comics & Graphic Novels, Fear",Banned Pending Investigation,1,1,1,Low Interest,1.11,1.11,0.0,100.0,100.0,0.0,No Change,False,10.48
Human Body: A Book with Guts!,Texas,2024-11-01,"Juvenile Nonfiction, Human body",Banned,1,1,1,Low Interest,1.11,1.11,0.0,100.0,100.0,0.0,No Change,False,10.48
Heart-Shaped Box,Wisconsin,2023-11-01,"Horror, Fiction, Thriller, Paranormal, Ghosts, Fantasy, Supernatural",Banned Pending Investigation,1,1,1,Low Interest,1.11,1.11,0.0,100.0,100.0,0.0,No Change,False,10.48
Helen Keller: Courageous Advocate,Texas,2024-11-01,Juvenile Nonfiction,Banned,1,1,1,Low Interest,1.11,1.11,0.0,100.0,100.0,0.0,No Change,False,10.48
Home Life in Ancient Rome,Tennessee,2025-02-01,History,Banned,1,1,1,Low Interest,1.11,1.11,0.0,100.0,100.0,0.0,No Change,False,10.48
Deadly School and Campus Violence,Tennessee,2025-02-01,History,Banned,1,1,1,Low Interest,1.11,1.11,0.0,100.0,100.0,0.0,No Change,False,10.48
"Honey, Baby, Sweetheart",Florida,2023-08-01,"Young Adult, Romance, Contemporary, Fiction, Teen, Realistic Fiction, Chick Lit",Banned Pending Investigation,1,1,1,Low Interest,1.11,1.11,0.0,100.0,100.0,0.0,No Change,False,10.48
Batman: The Dark Knight Strikes Again,Missouri,2022-09-01,Comics & Graphic Novels,Banned Pending Investigation,2,2,2,Low Interest,1.11,1.11,0.0,100.0,100.0,0.0,No Change,False,10.48
I'm A Gay Wizard,Virginia,2021-11-01,"Fantasy, LGBT, Young Adult, Queer, Romance, Gay, Fiction",Banned Pending Investigation,1,1,1,Low Interest,1.11,1.11,0.0,100.0,100.0,0.0,No Change,False,10.48
"Assassination Classroom, Vol. 18",Florida,2023-05-01,Comics & Graphic Novels,Banned from Libraries and Classrooms,3,2,3,Low Interest,1.11,1.11,0.0,100.0,100.0,0.0,No Change,False,10.48
The Midnight Lie (Forgotten Gods Series),Tennessee,2022-01-01,"Fantasy, Young Adult, LGBT, Lesbian, Romance, Queer, Young Adult Fantasy",Banned Pending Investigation,2,2,2,Low Interest,1.11,1.11,0.0,100.0,100.0,0.0,No Change,False,10.48
Forever or a Long Long Time,Florida,2025-05-01,"Juvenile Fiction, Young Adult Fiction, Arnold, Eli (fictitious character)",Banned by Restriction,1,1,1,Low Interest,1.11,1.11,0.0,100.0,100.0,0.0,No Change,False,10.48
Chosen (House of Night Series),Florida,2021-11-01,"Young Adult, Vampires, Fantasy, Paranormal, Romance, Fiction, Supernatural",Banned from Libraries and Classrooms,1,1,1,Low Interest,1.11,1.11,0.0,100.0,100.0,0.0,No Change,False,10.48
Shattered Warrior,Missouri,2022-09-01,"Comics & Graphic Novels, Human-alien encounters",Banned Pending Investigation,1,1,1,Low Interest,1.11,1.11,0.0,100.0,100.0,0.0,No Change,False,10.48
"Seven Deadly Sins (Series, Title not Specified)",Tennessee,2024-10-01,Comics & Graphic Novels,Banned,1,1,1,Low Interest,1.11,1.11,0.0,100.0,100.0,0.0,No Change,False,10.48
"Shackled: A Tale of Wronged Kids, Rogue Judges, and a Town that Looked Away",Florida,2024-08-01,Young Adult Nonfiction,Banned by Restriction,1,1,1,Low Interest,1.11,1.11,0.0,100.0,100.0,0.0,No Change,False,10.48
Incarceron,Florida,2023-08-01,"Fantasy, Young Adult, Dystopia, Science Fiction, Steampunk, Fiction, Adventure",Banned by Restriction,1,1,1,Low Interest,1.11,1.11,0.0,100.0,100.0,0.0,No Change,False,10.48
The Summer Prince,Florida,2023-10-01,"Young Adult, Science Fiction, Fantasy, Dystopia, Romance, Fiction, LGBT",Banned Pending Investigation,3,3,3,Low Interest,1.11,1.11,0.0,100.0,100.0,0.0,No Change,False,10.48
City of Thieves (AL),Kentucky,2023-10-01,"Historical Fiction, Fiction, War, Historical, Russia, World War II, Audiobook",Banned,1,1,1,Low Interest,1.11,1.11,0.0,100.0,100.0,0.0,No Change,False,10.48
"Soul Eater, Vol. 11",Pennsylvania,2024-09-01,Comics & Graphic Novels,Banned,2,2,2,Low Interest,1.11,1.11,0.0,100.0,100.0,0.0,No Change,False,10.48
The Blind Assassin,Florida,2024-06-01,"Fiction, Historical Fiction, Mystery, Canada, Literary Fiction, Classics, Contemporary",Banned by Restriction,2,2,2,Low Interest,1.11,1.11,0.0,100.0,100.0,0.0,No Change,False,10.48
Say You're One of Them,Florida,2023-12-01,"Fiction, Short Stories, Africa, Historical Fiction, War, African Literature, Rwanda",Banned Pending Investigation,1,1,1,Low Interest,1.11,1.11,0.0,100.0,100.0,0.0,No Change,False,10.48
Safe is Not Enough: Better Schools for LGBTQ Students,Texas,2024-08-01,"Education, Discrimination in education",Banned,2,2,2,Low Interest,1.11,1.11,0.0,100.0,100.0,0.0,No Change,False,10.48
News from Nowhere and Other Writings,Florida,2024-06-01,"Political Science, Fiction, Literary Collections",Banned by Restriction,1,1,1,Low Interest,1.11,1.11,0.0,100.0,100.0,0.0,No Change,False,10.48
Next Top Villain,Texas,2025-01-01,"Boarding schools, Juvenile Fiction",Banned,1,1,1,Low Interest,1.11,1.11,0.0,100.0,100.0,0.0,No Change,False,10.48
Come Back: A Mother and Daughter's Journey Through Hell and Back,Florida,2023-12-01,"Memoir, Nonfiction, Biography, Biography Memoir, Parenting, Psychology, Adult",Banned Pending Investigation,1,1,1,Low Interest,1.11,1.11,0.0,100.0,100.0,0.0,No Change,False,10.48
No More Excuses: Dismantling Rape Culture,Texas,2024-06-01,"Nonfiction, Feminism, Adult, Social Issues, Politics, Womens, Womens Studies",Banned,1,1,1,Low Interest,1.11,1.11,0.0,100.0,100.0,0.0,No Change,False,10.48
Rules (CL),Florida,2023-06-01,"Realistic Fiction, Young Adult, Middle Grade, Fiction, Autistic Spectrum Disorder, Childrens, Contemporary",Banned Pending Investigation,1,1,1,Low Interest,1.11,1.11,0.0,100.0,100.0,0.0,No Change,False,10.48
Divine Secrets of the Ya-Ya Sisterhood,Florida,2023-08-01,"Fiction, Chick Lit, Contemporary, Adult Fiction, Historical Fiction, Southern, Adult",Banned Pending Investigation,1,1,1,Low Interest,1.11,1.11,0.0,100.0,100.0,0.0,No Change,False,10.48
Royal Assassin,Florida,2023-12-01,"Fantasy, Fiction, Epic Fantasy, High Fantasy, Audiobook, Magic, Adult",Banned Pending Investigation,1,1,1,Low Interest,1.11,1.11,0.0,100.0,100.0,0.0,No Change,False,10.48
Fallout (Crank Series),Texas,2022-03-01,"Young Adult, Poetry, Fiction, Contemporary, Realistic Fiction, Mental Health, Teen",Banned from Libraries and Classrooms,2,2,2,Low Interest,1.11,1.11,0.0,100.0,100.0,0.0,No Change,False,10.48
It Began with a Page: How Gyo Fujikawa Drew the Way,Florida,2022-01-01,"Picture Books, Biography, Art, Nonfiction, History, Childrens, Biography Memoir",Banned Pending Investigation,1,1,1,Low Interest,1.11,1.11,0.0,100.0,100.0,0.0,No Change,False,10.48
Millennium Prophecies,Florida,2023-06-01,Juvenile Nonfiction,Banned from Libraries and Classrooms,1,1,1,Low Interest,1.11,1.11,0.0,100.0,100.0,0.0,No Change,False,10.48
The Lady's Guide to Petticoats and Piracy (Montague Siblings Series),Tennessee,2022-02-01,"Historical Fiction, Young Adult, LGBT, Historical, Fantasy, Queer, Audiobook",Banned Pending Investigation,1,1,1,Low Interest,1.11,1.11,0.0,100.0,100.0,0.0,No Change,False,10.48
The Square Root of Summer,Tennessee,2025-02-01,"Juvenile Fiction, Young Adult Fiction",Banned,1,1,1,Low Interest,1.11,1.11,0.0,100.0,100.0,0.0,No Change,False,10.48
"L8R, G8R",Florida,2025-06-01,Young Adult Fiction,Banned,1,1,1,Low Interest,1.11,1.11,0.0,100.0,100.0,0.0,No Change,False,10.48
Arthur's Birthday,Florida,2023-07-01,"Animals, Juvenile Fiction",Banned Pending Investigation,1,1,1,Low Interest,1.11,1.11,0.0,100.0,100.0,0.0,No Change,False,10.48
Ashes in the Snow,Florida,2023-08-01,"Historical Fiction, Young Adult, Fiction, Historical, War, World War II, Audiobook",Banned Pending Investigation,1,1,1,Low Interest,1.11,1.11,0.0,100.0,100.0,0.0,No Change,False,10.48
The Quest Begins,Texas,2025-04-01,"Juvenile Fiction, Bears",Banned,1,1,1,Low Interest,1.11,1.11,0.0,100.0,100.0,0.0,No Change,False,10.48
The Paris Project,Iowa,2024-06-01,"Middle Grade, Realistic Fiction, Fiction, Young Adult, LGBT, Contemporary, Childrens",Banned Pending Investigation,1,1,1,Low Interest,1.11,1.11,0.0,100.0,100.0,0.0,No Change,False,10.48
The Pilgrims and the First Thanksgiving,Texas,2025-04-01,Juvenile Nonfiction,Banned,1,1,1,Low Interest,1.11,1.11,0.0,100.0,100.0,0.0,No Change,False,10.48
The Orphan of Awkward Falls,Texas,2025-03-01,Juvenile Fiction,Banned,1,1,1,Low Interest,1.11,1.11,0.0,100.0,100.0,0.0,No Change,False,10.48
Born a Crime: Stories from a South African Childhood,Wisconsin,2023-11-01,"Nonfiction, Memoir, Biography, Audiobook, Humor, Autobiography, Africa",Banned Pending Investigation,4,3,4,Low Interest,1.11,1.11,0.0,100.0,100.0,0.0,No Change,False,10.48
Afterworlds,Texas,2022-10-01,Juvenile Fiction,Banned Pending Investigation,4,3,4,Low Interest,1.11,1.11,0.0,100.0,100.0,0.0,No Change,False,10.48
Gwendy's Button Box,Florida,2024-05-01,Fiction,Banned,4,1,4,Low Interest,1.11,1.11,0.0,100.0,100.0,0.0,No Change,False,10.48
"A Game of Thrones: The Graphic Novel, Vol. 2",Missouri,2022-09-01,Comics & Graphic Novels,Banned from Libraries,4,2,4,Low Interest,1.11,1.11,0.0,100.0,100.0,0.0,No Change,False,10.48
Dragon's Oath,Florida,2023-08-01,Young Adult Fiction,Banned,4,2,4,Low Interest,1.11,1.11,0.0,100.0,100.0,0.0,No Change,False,10.48
The Loners (LT),Tennessee,2024-10-01,"Juvenile Fiction, Young Adult Fiction",Banned,1,1,1,Low Interest,1.11,1.11,0.0,100.0,100.0,0.0,No Change,False,10.48
Ben Y and the Ghost in the Machine: The Kids Under the Stairs,Iowa,2024-06-01,Juvenile Fiction,Banned,1,1,1,Low Interest,1.11,1.11,0.0,100.0,100.0,0.0,No Change,False,10.48
Rhymes with Witches,Pennsylvania,2023-02-01,"Young Adult, Fantasy, Witches, Fiction, Horror, Paranormal, Chick Lit",Banned Pending Investigation,6,4,6,Low Interest,1.11,1.11,0.0,100.0,100.0,0.0,No Change,False,10.48
"Love, Cajun Style",Florida,2023-08-01,Juvenile Fiction,Banned Pending Investigation,1,1,1,Low Interest,1.11,1.11,0.0,100.0,100.0,0.0,No Change,False,10.48
Kingdom of the Wicked (KM),Tennessee,2024-10-01,"Fiction, Young Adult Fiction",Banned,1,1,1,Low Interest,1.11,1.11,0.0,100.0,100.0,0.0,No Change,False,10.48
"Lamb: The Gospel According to Biff, Christ's Childhood Pal",Florida,2023-10-01,"Fiction, Humor, Historical Fiction, Fantasy, Religion, Comedy, Historical",Banned,1,1,1,Low Interest,1.11,1.11,0.0,100.0,100.0,0.0,No Change,False,10.48
A Year Without a Name,Maine,2023-08-01,"Memoir, Nonfiction, LGBT, Queer, Transgender, Audiobook, Biography Memoir",Banned by Restriction,1,1,1,Low Interest,1.11,1.11,0.0,100.0,100.0,0.0,No Change,False,10.48
Vanishing Girls,Florida,2023-08-01,"Young Adult Fiction, Juvenile Fiction",Banned Pending Investigation,1,1,1,Low Interest,1.11,1.11,0.0,100.0,100.0,0.0,No Change,False,10.48
Storm and Fury,Florida,2023-06-01,"Fantasy, Romance, Young Adult, Paranormal, Audiobook, Urban Fantasy, Fiction",Banned Pending Investigation,30,5,29,Low Interest,1.11,1.11,0.0,100.0,100.0,0.0,No Change,False,10.48
The Black Flamingo,Texas,2021-11-01,"Poetry, LGBT, Young Adult, Contemporary, Queer, Fiction, Audiobook",Banned Pending Investigation,25,10,23,Low Interest,1.11,1.11,0.0,100.0,100.0,0.0,No Change,False,10.48
Lark and Kasim Start a Revolution,Georgia,2023-08-01,Young Adult Fiction,Banned Pending Investigation,1,1,1,Low Interest,1.11,1.11,0.0,100.0,100.0,0.0,No Change,False,10.48
Twisted (GS),Florida,2024-03-01,"Young Adult, Fiction, Realistic Fiction, Contemporary, Teen, Coming Of Age, High School",Banned Pending Investigation,1,1,1,Low Interest,1.11,1.11,0.0,100.0,100.0,0.0,No Change,False,10.48
Graceling,Florida,2022-09-01,"Fantasy, Young Adult, Romance, Fiction, Young Adult Fantasy, Adventure, Magic",Banned from Libraries and Classrooms,14,3,13,Low Interest,3.23,3.23,0.0,100.0,100.0,0.0,No Change,False,17.42
A Quick & Easy Guide to Queer & Trans Identities,Tennessee,2021-11-01,Social Science,Banned from Libraries and Classrooms,7,4,7,Low Interest,1.11,1.11,0.0,100.0,100.0,0.0,No Change,False,10.48
Later Gator,Maine,2023-04-01,Fiction,Banned Pending Investigation,1,1,1,Low Interest,1.11,1.11,0.0,100.0,100.0,0.0,No Change,False,10.48
Third Time's a Charm,Florida,2023-06-01,"Juvenile Fiction, Artists, JUVENILE FICTION",Banned Pending Investigation,1,1,1,Low Interest,1.11,1.11,0.0,100.0,100.0,0.0,No Change,False,10.48
This Poison Heart,Florida,2024-06-01,"Young Adult Fiction, Juvenile Fiction",Banned Pending Investigation,1,1,1,Low Interest,1.11,1.11,0.0,100.0,100.0,0.0,No Change,False,10.48
#Hockey,Florida,2022-11-01,,Banned Pending Investigation,7,3,7,Low Interest,1.11,1.11,0.0,100.0,100.0,0.0,No Change,False,10.48
"Love, Penelope: Letters from a Big Sister Who Knows About Life",Iowa,2024-06-01,Juvenile Fiction,Banned Pending Investigation,1,1,1,Low Interest,1.11,1.11,0.0,100.0,100.0,0.0,No Change,False,10.48
The Woman's Encyclopedia of Myths and Secrets,Florida,2024-06-01,"Reference, Social Science, Religion",Banned by Restriction,1,1,1,Low Interest,1.11,1.11,0.0,100.0,100.0,0.0,No Change,False,10.48
Julie of the Wolves,Florida,2023-09-01,"Young adult fiction, adventure, realistic fiction",Banned by Restriction,4,2,4,Low Interest,1.11,1.11,0.0,100.0,100.0,0.0,No Change,False,10.48
"On the Come Up: A Novel, Based on a True Story",Texas,2021-12-01,Fiction,Banned from Libraries,1,1,1,Low Interest,1.11,1.11,0.0,100.0,100.0,0.0,No Change,False,10.48
"Saga, Vol. 1",Iowa,2023-10-01,Comics & Graphic Novels,Banned Pending Investigation,3,1,3,Low Interest,1.11,1.11,0.0,100.0,100.0,0.0,No Change,False,10.48
Big Nate: I Can’t Take It,Florida,2023-08-01,"Graphic Novels, Comics, Childrens, Humor, Fiction, Juvenile, Comic Book",Banned,1,1,1,Low Interest,1.11,1.11,0.0,100.0,100.0,0.0,No Change,False,10.48
The Fourth Closet: Five Nights at Freddy’s,Florida,2023-06-01,"Young Adult Fiction, Juvenile Fiction",Banned Pending Investigation,1,1,1,Low Interest,1.11,1.11,0.0,100.0,100.0,0.0,No Change,False,10.48
The First Strawberries,Florida,2022-01-01,"Picture Books, Native American, Childrens, Indigenous, Cultural, Folklore, Fiction",Banned Pending Investigation,1,1,1,Low Interest,1.11,1.11,0.0,100.0,100.0,0.0,No Change,False,10.48
Fathers Are Part of a Family,Florida,2023-06-01,Juvenile Nonfiction,Banned from Libraries,1,1,1,Low Interest,1.11,1.11,0.0,100.0,100.0,0.0,No Change,False,10.48
James Dean: Rebel Life,Florida,2023-08-01,Biography & Autobiography,Banned Pending Investigation,1,1,1,Low Interest,1.11,1.11,0.0,100.0,100.0,0.0,No Change,False,10.48
The Handsome Girl & Her Beautiful Boy,Texas,2021-11-01,Juvenile Fiction,Banned from Libraries and Classrooms,4,3,4,Low Interest,1.11,1.11,0.0,100.0,100.0,0.0,No Change,False,10.48
The Hope Chest,Tennessee,2021-10-01,"Historical Fiction, Middle Grade, Fiction, Historical, Childrens, School, Feminism",Banned Pending Investigation,1,1,1,Low Interest,1.11,1.11,0.0,100.0,100.0,0.0,No Change,False,10.48
Kapaemahu,Iowa,2024-06-01,Juvenile Fiction,Banned,1,1,1,Low Interest,1.11,1.11,0.0,100.0,100.0,0.0,No Change,False,10.48
Excuse Me While I Ugly Cry,Florida,2024-03-01,Young Adult Fiction,Banned Pending Investigation,3,2,3,Low Interest,1.11,1.11,0.0,100.0,100.0,0.0,No Change,False,10.48
The Farming of Bones,Florida,2023-10-01,"Fiction, Language Arts & Disciplines, Cooking",Banned,1,1,1,Low Interest,1.11,1.11,0.0,100.0,100.0,0.0,No Change,False,10.48
The Education of Margot Sanchez,Florida,2023-08-01,"Juvenile Fiction, Young Adult Fiction, Education",Banned Pending Investigation,1,1,1,Low Interest,1.11,1.11,0.0,100.0,100.0,0.0,No Change,False,10.48
Anger Is a Gift,Tennessee,2022-02-01,"Young Adult, Contemporary, LGBT, Fiction, Queer, Realistic Fiction, Mental Health",Banned Pending Investigation,3,3,3,Low Interest,1.11,1.11,0.0,100.0,100.0,0.0,No Change,False,10.48
The Grand Escape: The Greatest Prison Breakout of the 20th Century,Texas,2022-10-01,"Young Adult Nonfiction, Juvenile Nonfiction, History",Banned from Libraries,1,1,1,Low Interest,1.11,1.11,0.0,100.0,100.0,0.0,No Change,False,10.48
She's Come Undone,Florida,2023-10-01,"Fiction, Contemporary, Chick Lit, Coming Of Age, Adult Fiction, Novels, Adult",Banned,3,2,3,Low Interest,1.11,1.11,0.0,100.0,100.0,0.0,No Change,False,10.48
In Deeper Waters,Tennessee,2022-02-01,"Fantasy, LGBT, Romance, Young Adult, Queer, Pirates, Historical Fiction",Banned Pending Investigation,3,3,3,Low Interest,1.11,1.11,0.0,100.0,100.0,0.0,No Change,False,10.48
The Invisible War: A Tale on Two Scales,Missouri,2022-09-01,"Human body, Young Adult Fiction, Bacteria",Banned Pending Investigation,1,1,1,Low Interest,1.11,1.11,0.0,100.0,100.0,0.0,No Change,False,10.48
Missing Clarissa,Texas,2024-08-01,Young Adult Fiction,Banned by Restriction,1,1,1,Low Interest,1.11,1.11,0.0,100.0,100.0,0.0,No Change,False,10.48
Mediocre: The Dangerous Legacy of White Male America,Michigan,2022-08-01,"Social Science, BUSINESS & ECONOMICS",Banned from Libraries and Classrooms,1,1,1,Low Interest,1.11,1.11,0.0,100.0,100.0,0.0,No Change,False,10.48
The Gods and Goddesses of Greek Mythology,Texas,2025-03-01,"Juvenile Nonfiction, Goddesses, Greek",Banned,1,1,1,Low Interest,1.11,1.11,0.0,100.0,100.0,0.0,No Change,False,10.48
Defy the Night,Texas,2022-10-01,Juvenile Fiction,Banned from Libraries,1,1,1,Low Interest,2.19,2.17,-0.020000000000000018,100.0,100.0,-1.02,No Change,False,14.45
Georgia O'Keeffe,Tennessee,2025-04-01,"Art, Art, American",Banned,1,1,1,Very Popular,53.21,53.18,-0.030000000000001137,100.0,100.0,-0.06,No Change,False,15.55
Jude the Obscure,Florida,2024-06-01,"Fiction, Classics, Literature, 19th Century, Victorian, Novels, British Literature",Banned by Restriction,1,1,1,Low Interest,2.2,2.16,-0.040000000000000036,100.0,100.0,-2.02,No Change,False,14.45
Majesty,Florida,2023-11-01,Young Adult Fiction,Banned by Restriction,1,1,1,Very Popular,70.56,70.51,-0.04999999999999716,100.0,100.0,-0.06,No Change,False,8.74
"The Legend of Drizzt, Vol. 2: Exile",Tennessee,2025-02-01,"Comic books, strips, etc, Dragons, Comics & Graphic Novels, Fantasy comic books, strips, etc",Banned,1,1,1,Low Interest,2.01,1.96,-0.04999999999999982,100.0,100.0,-2.76,No Change,False,13.26
Anne of Avonlea,Texas,2022-10-01,"Classics, Fiction, Young Adult, Historical Fiction, Childrens, Historical, Romance",Banned from Libraries,1,1,1,Low Interest,3.03,2.97,-0.05999999999999961,100.0,100.0,-2.2,No Change,False,16.24
The Girl on the Train,Florida,2023-08-01,"Fiction, Mystery, Thriller, Mystery Thriller, Crime, Suspense, Audiobook",Banned,5,2,5,Moderate Interest,14.26,14.2,-0.0600000000000005,100.0,100.0,-0.39,No Change,False,10.97
The Pelican Brief,Florida,2023-08-01,"Fiction, Mystery, Thriller, Crime, Suspense, Legal Thriller, Mystery Thriller",Banned Pending Investigation,1,1,1,Moderate Interest,5.36,5.29,-0.07000000000000028,100.0,100.0,-1.24,No Change,False,15.73
Before I Die,Florida,2023-06-01,"Young Adult, Contemporary, Romance, Fiction, Realistic Fiction, Death, Teen",Banned Pending Investigation,6,2,6,Very Popular,68.04,67.97,-0.07000000000000739,100.0,100.0,-0.11,No Change,False,13.19
Crank (Crank Series),Wisconsin,2021-07-01,"Young Adult, Poetry, Fiction, Contemporary, Realistic Fiction, Banned Books, Mental Health",Banned from Libraries,12,10,12,Low Interest,2.17,2.04,-0.1299999999999999,100.0,100.0,-5.64,No Change,False,14.0
All I Need,Florida,2023-08-01,"Young Adult, Romance, Contemporary, Realistic Fiction, Teen, Fiction, Young Adult Contemporary",Banned Pending Investigation,1,1,1,Very Popular,84.46,84.3,-0.1599999999999966,100.0,100.0,-0.18,No Change,False,6.5
Suck It Up,Florida,2023-08-01,"Young Adult, Vampires, Fantasy, Paranormal, Fiction, Teen, Supernatural",Banned by Restriction,1,1,1,Popular,27.93,27.76,-0.16999999999999815,100.0,100.0,-0.64,No Change,False,30.92
City of Glass,Florida,2023-08-01,"Fantasy, Young Adult, Romance, Paranormal, Urban Fantasy, Fiction, Vampires",Banned Pending Investigation,3,2,3,Very Popular,53.63,53.46,-0.1700000000000017,100.0,100.0,-0.33,No Change,False,17.93
Tumbling,Florida,2023-10-01,"Juvenile Fiction, Tumbling, Criminal investigation",Banned,1,1,1,Very Popular,75.28,75.1,-0.18000000000000682,100.0,100.0,-0.24,No Change,False,9.44
Star-Crossed,Texas,2021-12-01,"Middle Grade, LGBT, Contemporary, Romance, Queer, Realistic Fiction, Fiction",Banned Pending Investigation,5,3,5,Low Interest,4.31,4.12,-0.1899999999999995,100.0,100.0,-4.38,No Change,False,16.01
Practical Photography,Tennessee,2025-02-01,Photography,Banned,1,1,1,Low Interest,2.16,1.97,-0.19000000000000017,100.0,100.0,-8.76,No Change,False,13.74
The Eternal Flame,Texas,2022-10-01,"Juvenile Fiction, Avalon (Legendary place), Canadian wit and humor, Pictorial",Banned from Libraries,1,1,1,Low Interest,4.18,3.98,-0.19999999999999973,100.0,100.0,-4.79,No Change,False,18.98
Black Like Me,Florida,2023-08-01,"Nonfiction, History, Memoir, Classics, Biography, Race, African American",Banned Pending Investigation,2,2,2,Very Popular,64.94,64.74,-0.20000000000000284,100.0,100.0,-0.31,No Change,False,13.95
Calamity,Florida,2023-08-01,"Fantasy, Young Adult, Science Fiction, Fiction, Dystopia, Audiobook, Urban Fantasy",Banned by Restriction,1,1,1,Very Popular,73.24,73.03,-0.20999999999999375,100.0,100.0,-0.29,No Change,False,10.52
All Eyes on Us,Texas,2021-12-01,"Mystery, Young Adult, LGBT, Thriller, Contemporary, Audiobook, Lesbian",Banned Pending Investigation,2,2,2,Low Interest,3.84,3.62,-0.21999999999999975,100.0,100.0,-5.78,No Change,False,16.77
Telling,Florida,2023-07-01,Juvenile Fiction,Banned,3,1,3,Very Popular,79.11,78.87,-0.23999999999999488,100.0,100.0,-0.31,No Change,False,9.03
Why We Broke Up,Pennsylvania,2023-02-01,"Young Adult, Romance, Contemporary, Fiction, Realistic Fiction, Teen, Young Adult Contemporary",Banned Pending Investigation,5,4,5,Low Interest,2.07,1.83,-0.23999999999999977,100.0,100.0,-11.29,Decline,False,13.11
Unspeakable,Florida,2023-12-01,"Fiction, Biography & Autobiography, New Zealand poetry, Bible",Banned Pending Investigation,1,1,1,Very Popular,63.17,62.89,-0.28000000000000114,100.0,100.0,-0.44,No Change,False,11.81
For the Wolf,Iowa,2024-06-01,"Fantasy, Romance, Retellings, Young Adult, Fiction, Magic, Adult",Banned,1,1,1,Very Popular,75.99,75.69,-0.29999999999999716,100.0,100.0,-0.39,No Change,False,11.25
The Coldest Winter Ever,Florida,2023-10-01,Fiction,Banned,2,1,2,Low Interest,3.03,2.71,-0.31999999999999984,100.0,100.0,-10.62,Decline,False,15.63
Last Night at the Telegraph Club,Tennessee,2022-02-01,"Historical Fiction, LGBT, Romance, Young Adult, Queer, Lesbian, Fiction",Banned Pending Investigation,68,12,64,Low Interest,4.88,4.56,-0.3200000000000003,100.0,100.0,-6.61,No Change,False,19.75
Red Thunder,Florida,2023-12-01,Fiction,Banned Pending Investigation,1,1,1,Very Popular,60.81,60.47,-0.3400000000000034,100.0,100.0,-0.57,No Change,False,14.35
Second Skin,Florida,2024-06-01,"Fiction, Literature, American, The United States Of America, Novels, 20th Century, Literary Fiction",Banned by Restriction,1,1,1,Very Popular,75.74,75.39,-0.3499999999999943,100.0,100.0,-0.47,No Change,False,10.88
Challenger Deep,Texas,2022-10-01,Young Adult Fiction,Banned from Libraries,2,1,2,Popular,32.86,32.5,-0.35999999999999943,100.0,100.0,-1.08,No Change,False,31.09
A Court of Silver Flames,Texas,2023-10-01,"Fantasy, Romance, Romantasy, Fiction, Fae, Fantasy Romance, Audiobook",Banned,2,2,2,Popular,37.42,37.03,-0.39000000000000057,100.0,100.0,-1.04,No Change,False,15.32
Iron Gold,Missouri,2024-06-01,"Science Fiction, Fantasy, Fiction, Dystopia, Audiobook, Young Adult, Adult",Banned by Restriction,1,1,1,Very Popular,69.9,69.48,-0.4200000000000017,100.0,100.0,-0.6,No Change,False,11.19
The Bourne Supremacy,Florida,2023-12-01,"Fiction, Thriller, Mystery, Suspense, Espionage, Action, Adventure",Banned Pending Investigation,2,2,2,Low Interest,4.37,3.94,-0.43000000000000016,100.0,100.0,-9.67,No Change,False,17.53
Ash Princess,Florida,2023-08-01,"Fantasy, Young Adult, Romance, Young Adult Fantasy, Fiction, Magic, High Fantasy",Banned Pending Investigation,1,1,1,Low Interest,2.66,2.18,-0.48,100.0,100.0,-17.99,Decline,False,14.5
The Associate,Florida,2023-08-01,"Fiction, Thriller, Mystery, Legal Thriller, Crime, Suspense, Mystery Thriller",Banned Pending Investigation,1,1,1,Very Popular,64.66,64.14,-0.519999999999996,100.0,100.0,-0.79,No Change,False,16.51
The Night Is For Hunting,Florida,2023-08-01,"Young Adult, Fiction, War, Dystopia, Australia, Adventure, Action",Banned Pending Investigation,1,1,1,Low Interest,1.64,1.11,-0.5299999999999998,100.0,100.0,-32.43,Decline,False,11.05
If You'll Have Me,Texas,2024-08-01,Young Adult Fiction,Banned,1,1,1,Low Interest,1.72,1.11,-0.6099999999999999,100.0,100.0,-35.48,Decline,False,11.22
Anya's Ghost,Florida,2023-07-01,"Graphic Novels, Young Adult, Comics, Fantasy, Fiction, Horror, Paranormal",Banned Pending Investigation,1,1,1,Low Interest,1.73,1.11,-0.6199999999999999,100.0,100.0,-35.9,Decline,False,11.25
The Midnight Star,Florida,2023-08-01,"Fantasy, Young Adult, Romance, Dystopia, Young Adult Fantasy, Fiction, Magic",Banned by Restriction,1,1,1,Low Interest,2.7,2.08,-0.6200000000000001,100.0,100.0,-23.05,Decline,False,14.3
Take Me On,Tennessee,2024-10-01,"Juvenile Fiction, Fiction",Banned,1,1,1,Very Popular,84.47,83.84,-0.6299999999999955,100.0,100.0,-0.74,No Change,False,6.48
Mary's Story,Florida,2023-06-01,Juvenile Nonfiction,Banned from Libraries and Classrooms,1,1,1,Low Interest,1.78,1.11,-0.6699999999999999,100.0,100.0,-37.5,Decline,False,11.36
The Kitchen House,Wisconsin,2023-11-01,"Historical Fiction, Fiction, Historical, Book Club, Audiobook, Adult, Adult Fiction",Banned Pending Investigation,1,1,1,Very Popular,71.04,70.36,-0.6800000000000068,100.0,100.0,-0.97,No Change,False,11.76
Suicide Notes,Texas,2021-12-01,"Young Adult, Mental Health, Contemporary, Fiction, LGBT, Mental Illness, Realistic Fiction",Banned from Libraries,1,1,1,Moderate Interest,8.89,8.2,-0.6900000000000013,100.0,100.0,-7.75,No Change,False,25.77
The Drawing of the Three - Lady of Shadows,Tennessee,2024-10-01,Comics & Graphic Novels,Banned,1,1,1,Low Interest,2.84,2.13,-0.71,100.0,100.0,-25.0,Decline,False,14.82
Aftermath,Florida,2023-08-01,"Young Adult, Mystery, Thriller, Contemporary, Fiction, Romance, Mystery Thriller",Banned Pending Investigation,1,1,1,Popular,37.62,36.91,-0.7100000000000009,100.0,100.0,-1.89,No Change,False,14.13
LGBTQ+ Discrimination,Texas,2024-08-01,Juvenile Nonfiction,Banned by Restriction,1,1,1,Very Popular,69.83,69.09,-0.7399999999999949,100.0,100.0,-1.07,No Change,False,12.86
That Night,Florida,2023-08-01,"Young Adult, Contemporary, Romance, Realistic Fiction, Mental Health, Fiction, Family",Banned Pending Investigation,1,1,1,Very Popular,70.04,69.29,-0.75,100.0,100.0,-1.08,No Change,False,12.55
Pornography,Tennessee,2025-02-01,Juvenile Nonfiction,Banned,1,1,1,Very Popular,79.42,78.67,-0.75,100.0,100.0,-0.95,No Change,False,7.62
Sing You Home,Florida,2023-02-01,"Fiction, LGBT, Contemporary, Romance, Chick Lit, Adult, Adult Fiction",Banned from Libraries and Classrooms,5,1,5,Low Interest,2.84,2.08,-0.7599999999999998,100.0,100.0,-26.95,Decline,False,14.65
Now and Forever,Iowa,2023-10-01,"Young Adult Fiction, Celebrities",Banned Pending Investigation,1,1,1,Very Popular,55.54,54.77,-0.769999999999996,100.0,100.0,-1.4,No Change,False,23.7
Falling Through Darkness,Texas,2024-09-01,Juvenile Fiction,Banned,1,1,1,Low Interest,1.88,1.11,-0.7699999999999998,100.0,100.0,-40.83,Decline,False,11.63
The Winds of War,Florida,2023-08-01,"Historical Fiction, Fiction, World War II, War, Historical, Classics, Audiobook",Banned Pending Investigation,1,1,1,Low Interest,1.9,1.11,-0.7899999999999998,100.0,100.0,-41.52,Decline,False,11.7
Sword of Destiny,Iowa,2024-06-01,"Fantasy, Fiction, Short Stories, Audiobook, High Fantasy, Adventure, Polish Literature",Banned,2,2,2,Low Interest,2.88,2.09,-0.79,100.0,100.0,-27.41,Decline,False,14.77
Betrayed,Florida,2023-08-01,"Young Adult, Fantasy, Vampires, Paranormal, Romance, Fiction, Supernatural",Banned Pending Investigation,10,4,10,Very Popular,77.66,76.86,-0.7999999999999972,100.0,100.0,-1.03,No Change,False,9.26
Combat Zone,Texas,2021-12-01,"Juvenile Fiction, Religion",Banned Pending Investigation,2,1,2,Popular,20.53,19.72,-0.8100000000000023,100.0,100.0,-3.95,No Change,False,31.53
Lucky,Florida,2021-11-01,"Nonfiction, Memoir, Biography, True Crime, Biography Memoir, Autobiography, Adult",Banned Pending Investigation,23,10,23,Very Popular,76.72,75.9,-0.8199999999999932,100.0,100.0,-1.07,No Change,False,7.67
A Court of Mist and Fury,Florida,2022-07-01,"Fantasy, Romance, Young Adult, Romantasy, Fiction, New Adult, Fae",Banned from Libraries,105,19,104,Popular,27.31,26.47,-0.8399999999999999,100.0,100.0,-3.09,No Change,False,15.8
Uprising,Texas,2024-06-01,"Historical Fiction, Young Adult, Historical, Fiction, School, Middle Grade, Young Adult Historical Fiction",Banned,1,1,1,Very Popular,50.13,49.29,-0.8400000000000034,100.0,100.0,-1.68,No Change,False,10.23
Like A Love Story,Texas,2025-03-01,Young Adult Fiction,Banned by Restriction,1,1,1,Popular,39.07,38.19,-0.8800000000000026,100.0,100.0,-2.25,No Change,False,32.07
In the Belly of the Beast: Letters From Prison,Florida,2024-06-01,"Nonfiction, Biography, True Crime, Crime, Memoir, Psychology, Biography Memoir",Banned by Restriction,2,2,2,Low Interest,2.0,1.11,-0.8899999999999999,100.0,100.0,-44.44,Decline,False,12.01
Distant Shores,Iowa,2024-06-01,"Fiction, Romance, Chick Lit, Contemporary, Drama, Womens Fiction, Audiobook",Banned,1,1,1,Low Interest,2.01,1.11,-0.8999999999999997,100.0,100.0,-44.75,Decline,False,12.05
"On the Bright Side, I'm Now the Girlfriend of a Sex God",Florida,2025-01-01,,Banned Pending Investigation,3,3,3,Low Interest,2.01,1.11,-0.8999999999999997,100.0,100.0,-44.75,Decline,False,12.05
"Assassination Classroom, Vol. 20",Florida,2023-05-01,Comics & Graphic Novels,Banned from Libraries and Classrooms,3,2,3,Low Interest,2.01,1.11,-0.8999999999999997,100.0,100.0,-44.75,Decline,False,12.05
Restore Me,Virginia,2023-01-01,Young Adult Fiction,Banned from Libraries and Classrooms,5,4,5,Very Popular,58.22,57.31,-0.9099999999999966,100.0,100.0,-1.56,No Change,False,12.85
The City We Became: A Novel,Texas,2022-10-01,Fiction,Banned Pending Investigation,1,1,1,Low Interest,2.02,1.11,-0.9099999999999999,100.0,100.0,-45.05,Decline,False,12.08
Portrait in Death,Florida,2024-06-01,"Mystery, Romance, Crime, Fiction, Romantic Suspense, Futuristic, Suspense",Banned by Restriction,1,1,1,Low Interest,2.03,1.11,-0.9199999999999997,100.0,100.0,-45.36,Decline,False,12.12
Singin' and Swingin' and Gettin' Merry Like Christmas,Florida,2023-12-01,"Nonfiction, Memoir, Biography, Autobiography, Biography Memoir, African American, Classics",Banned Pending Investigation,1,1,1,Low Interest,2.03,1.11,-0.9199999999999997,100.0,100.0,-45.36,Decline,False,12.12
Second Glance,Florida,2023-02-01,Fiction,Banned from Libraries and Classrooms,5,2,5,Moderate Interest,5.51,4.59,-0.9199999999999999,100.0,100.0,-16.73,Decline,False,19.96
Crazy House,Texas,2024-06-01,"Young Adult Fiction, Fiction",Banned,1,1,1,Very Popular,66.51,65.59,-0.9200000000000017,100.0,100.0,-1.39,No Change,False,13.37
When You Trap A Tiger,Florida,2023-07-01,"Middle Grade, Fantasy, Magical Realism, Fiction, Audiobook, Childrens, Family",Banned by Restriction,4,3,4,Low Interest,2.04,1.11,-0.9299999999999999,100.0,100.0,-45.65,Decline,False,12.16
Watch for Me By Moonlight,Florida,2023-08-01,Young Adult Fiction,Banned Pending Investigation,1,1,1,Low Interest,2.04,1.11,-0.9299999999999999,100.0,100.0,-45.65,Decline,False,12.16
Art Deco: 1910-1939,Texas,2024-08-01,"Art deco, Art museums",Banned,1,1,1,Low Interest,2.06,1.11,-0.95,100.0,100.0,-45.95,Decline,False,12.2
This is What Happy Looks Like,Texas,2025-04-01,"Young Adult Fiction, Happiness, Commercial catalogs",Banned by Restriction,1,1,1,Low Interest,2.96,2.01,-0.9500000000000002,100.0,100.0,-31.95,Decline,False,14.77
Taliban Shuffle: Strange Days in Afghanistan and Pakistan,Iowa,2023-10-01,"Nonfiction, Memoir, History, Biography, War, Politics, Pakistan",Banned,1,1,1,Low Interest,2.08,1.11,-0.97,100.0,100.0,-46.52,Decline,False,12.27
Master of the Game,Florida,2023-08-01,"Fiction, Thriller, Mystery, Suspense, Mystery Thriller, Romance, Drama",Banned Pending Investigation,1,1,1,Moderate Interest,16.91,15.94,-0.9700000000000006,100.0,100.0,-5.72,No Change,False,30.42
After Summer,Florida,2023-08-01,"Young Adult, Fiction, Romance, Australia, Contemporary, Teen, Realistic Fiction",Banned Pending Investigation,1,1,1,Very Popular,64.41,63.42,-0.9899999999999949,100.0,100.0,-1.54,No Change,False,12.96
The Time of Contempt,Tennessee,2024-10-01,Fiction,Banned,1,1,1,Low Interest,2.1,1.11,-0.99,100.0,100.0,-47.09,Decline,False,12.35
The Ballad of Ami Miles,Tennessee,2022-02-01,"Young Adult, Dystopia, LGBT, Science Fiction, Fiction, Romance, Cults",Banned Pending Investigation,2,2,2,Low Interest,2.1,1.11,-0.99,100.0,100.0,-47.09,Decline,False,12.35
Teen Idol,Florida,2023-08-01,"Juvenile Fiction, Actors and actresses, Juvenile Nonfiction, Children's stories, Diaries",Banned Pending Investigation,1,1,1,Low Interest,4.2,3.21,-0.9900000000000002,100.0,100.0,-23.54,Decline,False,15.66
Cold Sassy Tree,Wisconsin,2023-11-01,"Fiction, Historical Fiction, Classics, Southern, Historical, Adult Fiction, Coming Of Age",Banned Pending Investigation,1,1,1,Low Interest,2.11,1.11,-0.9999999999999998,100.0,100.0,-47.37,Decline,False,12.39
Love Letters for Joy,Texas,2024-08-01,Young Adult Fiction,Banned by Restriction,1,1,1,Low Interest,2.12,1.11,-1.01,100.0,100.0,-47.64,Decline,False,12.43
Dali: The Persistence of Memory,Missouri,2022-09-01,,Banned Pending Investigation,1,1,1,Low Interest,2.12,1.11,-1.01,100.0,100.0,-47.64,Decline,False,12.43
Scorpia,Texas,2022-10-01,"Adventure stories, Juvenile Fiction, England, Fiction",Banned from Libraries,1,1,1,Moderate Interest,8.18,7.16,-1.0199999999999996,100.0,100.0,-12.5,Decline,False,22.65
Angela's Ashes: A Memoir,Florida,2023-08-01,Biography & Autobiography,Banned Pending Investigation,3,2,3,Low Interest,2.13,1.11,-1.0199999999999998,100.0,100.0,-47.92,Decline,False,12.47
Leonardo and The Last Supper,Missouri,2022-09-01,"History, Art",Banned Pending Investigation,1,1,1,Low Interest,2.13,1.11,-1.0199999999999998,100.0,100.0,-47.92,Decline,False,12.47
The Geography of Girlhood,Florida,2024-06-01,"Young Adult, Poetry, Teen, Realistic Fiction, Fiction, Coming Of Age, Contemporary",Banned by Restriction,1,1,1,Low Interest,2.14,1.11,-1.03,100.0,100.0,-48.19,Decline,False,12.51
The River,Texas,2022-10-01,"Young Adult Fiction, Books and reading, Rivers, Fiction",Banned from Libraries,1,1,1,Very Popular,73.36,72.31,-1.0499999999999972,100.0,100.0,-1.42,No Change,False,9.89
The Parthenon of Ancient Greece,Tennessee,2025-02-01,"Architecture, History, Greece",Banned,1,1,1,Low Interest,2.16,1.11,-1.05,100.0,100.0,-48.45,Decline,False,12.55
Don't Tell a Soul,Texas,2024-09-01,"Young Adult Fiction, Devotional literature",Banned,1,1,1,Low Interest,2.16,1.11,-1.05,100.0,100.0,-48.45,Decline,False,12.55
Ice Wolves,Florida,2025-04-01,"Juvenile Fiction, Animals, Mythical, Fiction",Banned by Restriction,1,1,1,Moderate Interest,8.93,7.87,-1.0599999999999996,100.0,100.0,-11.94,Decline,False,24.17
An Abundance of Katherines,Florida,2023-08-01,"Young Adult, Fiction, Romance, Contemporary, Realistic Fiction, Coming Of Age, Teen",Banned,7,4,7,Low Interest,2.17,1.11,-1.0599999999999998,100.0,100.0,-48.72,Decline,False,12.59
Pride of Baghdad,Florida,2023-10-01,"Graphic Novels, Comics, Fiction, War, Graphic Novels Comics, Animals, Historical Fiction",Banned,4,1,4,Low Interest,2.17,1.11,-1.0599999999999998,100.0,100.0,-48.72,Decline,False,12.59
The Sun and Her Flowers,Florida,2022-08-01,"Poetry, Feminism, Nonfiction, Adult, Contemporary, Romance, Mental Health",Banned from Libraries and Classrooms,51,13,50,Low Interest,2.17,1.11,-1.0599999999999998,100.0,100.0,-48.72,Decline,False,12.59
Thud!,Missouri,2024-06-01,"Fantasy, Fiction, Humor, Comedy, Science Fiction Fantasy, Audiobook, Mystery",Banned by Restriction,1,1,1,Popular,36.79,35.72,-1.0700000000000003,100.0,100.0,-2.9,No Change,False,29.54
This is Not Forgiveness,Wisconsin,2023-11-01,"Young Adult, Contemporary, Romance, Mystery, Realistic Fiction, Drama, Fiction",Banned Pending Investigation,1,1,1,Low Interest,2.19,1.11,-1.0799999999999998,100.0,100.0,-49.24,Decline,False,12.68
Forests of the Night,Texas,2024-10-01,"Juvenile Fiction, Apparitions",Banned,1,1,1,Low Interest,2.19,1.11,-1.0799999999999998,100.0,100.0,-49.24,Decline,False,12.68
The Girl from the Sea,Florida,2023-06-01,Young Adult Fiction,Banned Pending Investigation,2,2,2,Low Interest,2.19,1.11,-1.0799999999999998,100.0,100.0,-49.24,Decline,False,12.68
The First to Die at the End,Florida,2024-11-01,Young Adult Fiction,Banned Pending Investigation,3,2,3,Low Interest,2.19,1.11,-1.0799999999999998,100.0,100.0,-49.24,Decline,False,12.68
Parachute Kids,Iowa,2024-06-01,Juvenile Fiction,Banned Pending Investigation,1,1,1,Moderate Interest,5.18,4.1,-1.08,100.0,100.0,-20.82,Decline,False,19.34
King of Scars,Florida,2023-08-01,"Young Adult, Fiction, Young Adult Fantasy, Romance, Fantasy, Magic, High Fantasy",Banned Pending Investigation,1,1,1,Low Interest,2.91,1.83,-1.08,100.0,100.0,-37.02,Decline,False,14.21
Super Sisters,Missouri,2022-09-01,"Juvenile Fiction, Ability, Humor",Banned Pending Investigation,1,1,1,Low Interest,2.2,1.11,-1.09,100.0,100.0,-49.49,Decline,False,12.72
Wolfsbane,Florida,2023-10-01,"Young Adult, Fantasy, Paranormal, Werewolves, Romance, Paranormal Romance, Supernatural",Banned,4,1,4,Very Popular,53.44,52.34,-1.0999999999999943,100.0,100.0,-2.06,No Change,False,23.75
"Dragon Ball, Vol. 2",Tennessee,2025-05-01,"Comics & Graphic Novels, Comic books, strips, etc",Banned,1,1,1,Low Interest,2.21,1.11,-1.0999999999999999,100.0,100.0,-49.75,Decline,False,12.76
The Dead Inside: A True Story,Texas,2025-03-01,"Drug addicts, Young adult fiction, Young Adult Nonfiction",Banned,1,1,1,Low Interest,1.11,0.0,-1.11,100.0,0.0,-100.0,Strong Decline,False,10.48
Midnight at the Houdini,Florida,2024-08-01,"Young Adult Fiction, Criminals",Banned by Restriction,1,1,1,Low Interest,1.11,0.0,-1.11,100.0,0.0,-100.0,Strong Decline,False,10.48
The Columbine School Shootings,Tennessee,2025-02-01,Young Adult Nonfiction,Banned,1,1,1,Low Interest,1.11,0.0,-1.11,100.0,0.0,-100.0,Strong Decline,False,10.48
The Drinking Gourd: A Story of the Underground Railroad,Florida,2022-01-01,"Historical Fiction, Childrens, Fiction, Picture Books, American History, Historical, Classics",Banned Pending Investigation,1,1,1,Low Interest,1.11,0.0,-1.11,100.0,0.0,-100.0,Strong Decline,False,10.48
The End of Your Life Book Club,Wisconsin,2023-11-01,"Nonfiction, Memoir, Books About Books, Biography, Biography Memoir, Audiobook, Death",Banned by Restriction,1,1,1,Low Interest,1.11,0.0,-1.11,100.0,0.0,-100.0,Strong Decline,False,10.48
Mirror in the Sky,Florida,2024-06-01,Juvenile Fiction,Banned by Restriction,1,1,1,Low Interest,1.11,0.0,-1.11,100.0,0.0,-100.0,Strong Decline,False,10.48
Jesus Sat Down and Said,Florida,2023-06-01,Juvenile Nonfiction,Banned from Libraries and Classrooms,1,1,1,Low Interest,1.11,0.0,-1.11,100.0,0.0,-100.0,Strong Decline,False,10.48
Jacob's Room to Choose,Texas,2021-12-01,"Picture Books, LGBT, Childrens, Gender, Fiction, Gender Identity, School",Banned Pending Investigation,3,3,3,Low Interest,1.11,0.0,-1.11,100.0,0.0,-100.0,Strong Decline,False,10.48
The History of Archaeology: Great Excavations of the World,Tennessee,2025-04-01,"Archaeology, Social Science, History",Banned,1,1,1,Low Interest,1.11,0.0,-1.11,100.0,0.0,-100.0,Strong Decline,False,10.48
"Blood Lad, Vol. 1",Tennessee,2025-05-01,Comics & Graphic Novels,Banned,1,1,1,Low Interest,1.11,0.0,-1.11,100.0,0.0,-100.0,Strong Decline,False,10.48
Blood on the River: James Town 1607,Florida,2024-08-01,Juvenile Fiction,Banned by Restriction,1,1,1,Low Interest,1.11,0.0,-1.11,100.0,0.0,-100.0,Strong Decline,False,10.48
"Black Panther: A Nation Under Our Feet, Vol. 1",Florida,2023-08-01,"Insurgency, Comics & Graphic Novels",Banned Pending Investigation,1,1,1,Low Interest,1.11,0.0,-1.11,100.0,0.0,-100.0,Strong Decline,False,10.48
Fans of the Impossible Life,Texas,2022-01-01,"Young Adult, LGBT, Contemporary, Mental Health, Romance, Fiction, Queer",Banned Pending Investigation,3,2,3,Low Interest,1.11,0.0,-1.11,100.0,0.0,-100.0,Strong Decline,False,10.48
The Beauty of Darkness,Texas,2022-10-01,Young Adult Fiction,Banned from Libraries,3,2,3,Low Interest,1.11,0.0,-1.11,100.0,0.0,-100.0,Strong Decline,False,10.48
Annie on My Mind,Texas,2021-12-01,"LGBT, Young Adult, Romance, Queer, Fiction, Lesbian, Classics",Banned from Libraries,2,2,2,Low Interest,1.11,0.0,-1.11,100.0,0.0,-100.0,Strong Decline,False,10.48
Transgender Rights and Protections,Texas,2021-11-01,Young Adult,Banned Pending Investigation,2,1,2,Low Interest,1.11,0.0,-1.11,100.0,0.0,-100.0,Strong Decline,False,10.48
Black-eyed Suzie,Texas,2024-08-01,Juvenile Fiction,Banned,1,1,1,Low Interest,1.11,0.0,-1.11,100.0,0.0,-100.0,Strong Decline,False,10.48
The Curse of the Mummy: Uncovering Tutankhamun's Tomb,Texas,2025-03-01,"Juvenile Nonfiction, JUVENILE NONFICTION",Banned,1,1,1,Low Interest,1.11,0.0,-1.11,100.0,0.0,-100.0,Strong Decline,False,10.48
"Mobile Suit Gundam Thunderbolt (Series, Title Not Specified)",Tennessee,2025-04-01,Comics & Graphic Novels,Banned,1,1,1,Low Interest,1.11,0.0,-1.11,100.0,0.0,-100.0,Strong Decline,False,10.48
Dress Codes for Small Towns,Iowa,2024-06-01,Young Adult Fiction,Banned Pending Investigation,1,1,1,Low Interest,1.11,0.0,-1.11,100.0,0.0,-100.0,Strong Decline,False,10.48
Living Proud! Coming Out and Seeking Support (Living Proud! Growing Up Lgbtq),Tennessee,2021-11-01,,Banned Pending Investigation,2,2,2,Low Interest,1.11,0.0,-1.11,100.0,0.0,-100.0,Strong Decline,False,10.48
Living Dead in Dallas,Florida,2024-02-01,"Fantasy, Vampires, Paranormal, Urban Fantasy, Romance, Fiction, Mystery",Banned,2,1,2,Low Interest,1.11,0.0,-1.11,100.0,0.0,-100.0,Strong Decline,False,10.48
Drug Use on Your Streets,Tennessee,2025-02-01,"Cooking, Juvenile Nonfiction, Psychology, Drug abuse",Banned,1,1,1,Low Interest,1.11,0.0,-1.11,100.0,0.0,-100.0,Strong Decline,False,10.48
Milk Glass Moon,Florida,2024-06-01,"Fiction, Chick Lit, Romance, Contemporary, Adult Fiction, Southern, Audiobook",Banned by Restriction,1,1,1,Low Interest,1.11,0.0,-1.11,100.0,0.0,-100.0,Strong Decline,False,10.48
"The Hips on the Drag Queen Go Swish, Swish, Swish",Texas,2024-08-01,Juvenile Fiction,Banned,1,1,1,Low Interest,1.11,0.0,-1.11,100.0,0.0,-100.0,Strong Decline,False,10.48
The Extraordinaries (The Extraordinaries Series),Tennessee,2022-02-01,Young Adult Fiction,Banned Pending Investigation,1,1,1,Low Interest,1.11,0.0,-1.11,100.0,0.0,-100.0,Strong Decline,False,10.48
Big Nate All Work and No Play: A Collection of Sundays,Florida,2023-08-01,"Humor, Juvenile Fiction",Banned Pending Investigation,1,1,1,Low Interest,1.11,0.0,-1.11,100.0,0.0,-100.0,Strong Decline,False,10.48
"Black Bird, Vol. 10",Florida,2023-08-01,Demonology,Banned Pending Investigation,1,1,1,Low Interest,1.11,0.0,-1.11,100.0,0.0,-100.0,Strong Decline,False,10.48
Kindred: A Graphic Novel Adaptation,Missouri,2022-09-01,"Graphic Novels, Historical Fiction, Fiction, Science Fiction, Time Travel, Fantasy, Historical",Banned Pending Investigation,3,3,3,Low Interest,1.11,0.0,-1.11,100.0,0.0,-100.0,Strong Decline,False,10.48
The Great Nijinsky: God of Dance,Kentucky,2023-10-01,"Nonfiction, Biography, LGBT, History, Art, Teen, Russia",Banned,1,1,1,Low Interest,1.11,0.0,-1.11,100.0,0.0,-100.0,Strong Decline,False,10.48
"Jacob's School Play: Starring He, She, and They",Texas,2024-08-01,Juvenile Fiction,Banned,1,1,1,Low Interest,1.11,0.0,-1.11,100.0,0.0,-100.0,Strong Decline,False,10.48
The Great Big Book of Families,Maryland,2024-07-01,Juvenile Nonfiction,Banned by Restriction,1,1,1,Low Interest,1.11,0.0,-1.11,100.0,0.0,-100.0,Strong Decline,False,10.48
Female Serial Killers: How and Why Women Become Monsters,Florida,2023-08-01,True Crime,Banned Pending Investigation,1,1,1,Low Interest,1.11,0.0,-1.11,100.0,0.0,-100.0,Strong Decline,False,10.48
The Gold-Threaded Dress,Florida,2022-01-01,"Cultural, Childrens, Fiction, Realistic Fiction, Chapter Books, Family, Juvenile",Banned Pending Investigation,1,1,1,Low Interest,1.11,0.0,-1.11,100.0,0.0,-100.0,Strong Decline,False,10.48
The Essential Henri Matisse,Missouri,2022-09-01,Painters,Banned Pending Investigation,1,1,1,Low Interest,1.11,0.0,-1.11,100.0,0.0,-100.0,Strong Decline,False,10.48
The Hidden Children of the Holocaust: Teens Who Hid from the Nazis,Tennessee,2025-02-01,Juvenile Nonfiction,Banned,1,1,1,Low Interest,1.11,0.0,-1.11,100.0,0.0,-100.0,Strong Decline,False,10.48
Journeys with Elijah: Eight Tales of the Prophet,Florida,2023-06-01,,Banned from Libraries and Classrooms,1,1,1,Low Interest,1.11,0.0,-1.11,100.0,0.0,-100.0,Strong Decline,False,10.48
The Heart Forger,Florida,2023-08-01,,Banned by Restriction,1,1,1,Low Interest,1.11,0.0,-1.11,100.0,0.0,-100.0,Strong Decline,False,10.48
"Me, Him, Them and It",Florida,2023-08-01,Juvenile Nonfiction,Banned,3,1,3,Low Interest,1.11,0.0,-1.11,100.0,0.0,-100.0,Strong Decline,False,10.48
Big Nate: Genius Mode,Florida,2023-08-01,"Graphic Novels, Comics, Childrens, Middle Grade, Juvenile, Humor, Graphic Novels Comics",Banned Pending Investigation,1,1,1,Low Interest,1.11,0.0,-1.11,100.0,0.0,-100.0,Strong Decline,False,10.48
Mosquitoland,Florida,2023-08-01,"Young Adult, Contemporary, Fiction, Realistic Fiction, Mental Health, Coming Of Age, Mental Illness",Banned by Restriction,3,1,3,Low Interest,1.11,0.0,-1.11,100.0,0.0,-100.0,Strong Decline,False,10.48
Bit of a Blur: the Autobiography,Florida,2023-12-01,"Biography & Autobiography, Arkansas",Banned Pending Investigation,1,1,1,Low Interest,1.11,0.0,-1.11,100.0,0.0,-100.0,Strong Decline,False,10.48
"It's Christmas, David",Tennessee,2024-10-01,Juvenile Fiction,Banned,3,1,3,Low Interest,1.11,0.0,-1.11,100.0,0.0,-100.0,Strong Decline,False,10.48
A Quick & Easy Guide to They/Them Pronouns,Tennessee,2022-02-01,Social Science,Banned from Libraries and Classrooms,4,4,4,Low Interest,1.11,0.0,-1.11,100.0,0.0,-100.0,Strong Decline,False,10.48
The Facts Speak for Themselves,Florida,2021-11-01,"Young Adult, Banned Books, Fiction, Realistic Fiction, Teen, Novels",Banned Pending Investigation,3,3,3,Low Interest,1.11,0.0,-1.11,100.0,0.0,-100.0,Strong Decline,False,10.48
The Game of Love and Death,Texas,2024-06-01,Young Adult Fiction,Banned,1,1,1,Low Interest,1.11,0.0,-1.11,100.0,0.0,-100.0,Strong Decline,False,10.48
Born Ready: The True Story of a Boy Named Penelope,Florida,2022-10-01,"Picture Books, LGBT, Childrens, Gender, Nonfiction, Family, Transgender",Banned Pending Investigation,4,3,4,Low Interest,1.11,0.0,-1.11,100.0,0.0,-100.0,Strong Decline,False,10.48
Anna and the French Kiss,Florida,2023-08-01,"Romance, Young Adult, Contemporary, Fiction, Chick Lit, Realistic Fiction, Contemporary Romance",Banned Pending Investigation,3,3,3,Low Interest,1.11,0.0,-1.11,100.0,0.0,-100.0,Strong Decline,False,10.48
The Girl at Midnight,Wisconsin,2023-11-01,"Young Adult Fiction, Juvenile Fiction",Banned Pending Investigation,1,1,1,Low Interest,1.11,0.0,-1.11,100.0,0.0,-100.0,Strong Decline,False,10.48
The Underground Girls of Kabul: in Search of a Hidden Resistance in Afghanistan,Texas,2021-11-01,"Nonfiction, History, Feminism, Politics, Womens, Audiobook, Asia",Banned Pending Investigation,3,1,3,Low Interest,1.11,0.0,-1.11,100.0,0.0,-100.0,Strong Decline,False,10.48
Understanding Sexual Orientation and Gender Identity,Florida,2023-06-01,Homosexuality,Banned Pending Investigation,3,1,3,Low Interest,1.11,0.0,-1.11,100.0,0.0,-100.0,Strong Decline,False,10.48
The Hundred-Dollar Robber: A Mystery with Money,Texas,2025-03-01,Juvenile Fiction,Banned,1,1,1,Low Interest,1.11,0.0,-1.11,100.0,0.0,-100.0,Strong Decline,False,10.48
The Figure in Clay: Contemporary Sculpting Techniques by Master Artists,Tennessee,2025-04-01,Art,Banned,1,1,1,Low Interest,1.11,0.0,-1.11,100.0,0.0,-100.0,Strong Decline,False,10.48
Michelangelo and His Times,Tennessee,2025-02-01,Juvenile Nonfiction,Banned,1,1,1,Low Interest,1.11,0.0,-1.11,100.0,0.0,-100.0,Strong Decline,False,10.48
"MeruPuri: Märchen Prince (Series, Title Not Specified)",Texas,2024-11-01,"Comics & Graphic Novels, Fantasy comic books, strips, etc",Banned,1,1,1,Low Interest,1.11,0.0,-1.11,100.0,0.0,-100.0,Strong Decline,False,10.48
The Human Body (BF),Tennessee,2025-02-01,Human anantomy,Banned,1,1,1,Low Interest,1.11,0.0,-1.11,100.0,0.0,-100.0,Strong Decline,False,10.48
"The Guy Book: An Owner's Manual for Teens: Maintenance, Safety, and Operating Instructions",Tennessee,2025-02-01,Adolescence,Banned,1,1,1,Low Interest,1.11,0.0,-1.11,100.0,0.0,-100.0,Strong Decline,False,10.48
All the Invisible Things,Tennessee,2022-02-01,"LGBT, Young Adult, Contemporary, Queer, Romance, Fiction, Bisexual",Banned Pending Investigation,3,2,3,Low Interest,1.11,0.0,-1.11,100.0,0.0,-100.0,Strong Decline,False,10.48
Judaism (MAM),Florida,2023-06-01,"Juvenile Nonfiction, Jewish way of life, Religion, Anglo-Israelism",Banned from Libraries and Classrooms,1,1,1,Low Interest,1.11,0.0,-1.11,100.0,0.0,-100.0,Strong Decline,False,10.48
Are These My Basoomas I See Before Me: Fab Final Confessions of Georgia Nicolson,Iowa,2024-06-01,"Young Adult, Romance, Humor, Fiction, Contemporary, Chick Lit, Teen",Banned Pending Investigation,3,3,3,Low Interest,1.11,0.0,-1.11,100.0,0.0,-100.0,Strong Decline,False,10.48
The Complete Idiot's Guide to Drawing People Illustrated,Missouri,2022-09-01,"Drawing, Art",Banned Pending Investigation,1,1,1,Low Interest,1.11,0.0,-1.11,100.0,0.0,-100.0,Strong Decline,False,10.48
9-Nov,Florida,2022-10-01,,Banned Pending Investigation,3,3,3,Low Interest,1.11,0.0,-1.11,100.0,0.0,-100.0,Strong Decline,False,10.48
Taking Responsibility: A Teen's Guide to Contraception and Pregnancy,Texas,2021-12-01,"Contraception, Young Adult Nonfiction",Banned from Libraries,1,1,1,Low Interest,1.11,0.0,-1.11,100.0,0.0,-100.0,Strong Decline,False,10.48
Tales From Watership Down,Florida,2023-08-01,"Fantasy, Fiction, Classics, Animals, Short Stories, Young Adult, Adventure",Banned Pending Investigation,1,1,1,Low Interest,1.11,0.0,-1.11,100.0,0.0,-100.0,Strong Decline,False,10.48
Sword in the Stars (Once & Future Series),Tennessee,2022-02-01,Young Adult Fiction,Banned Pending Investigation,1,1,1,Low Interest,1.11,0.0,-1.11,100.0,0.0,-100.0,Strong Decline,False,10.48
Syphilis and Other Sexually Transmitted Diseases,Florida,2023-08-01,Juvenile Nonfiction,Banned Pending Investigation,1,1,1,Low Interest,1.11,0.0,-1.11,100.0,0.0,-100.0,Strong Decline,False,10.48
"My Hero Academia: Origin, Vol. 5",Florida,2025-06-01,Comics & Graphic Novels,Banned Pending Investigation,1,1,1,Low Interest,1.11,0.0,-1.11,100.0,0.0,-100.0,Strong Decline,False,10.48
Is It Still Cheating If I Don't Get Caught?,Pennsylvania,2024-08-01,Juvenile Nonfiction,Banned Pending Investigation,1,1,1,Low Interest,1.11,0.0,-1.11,100.0,0.0,-100.0,Strong Decline,False,10.48
Mr. Watson's Chickens,Florida,2023-07-01,"Picture Books, LGBT, Animals, Humor, Childrens, Storytime, Fiction",Banned by Restriction,1,1,1,Low Interest,1.11,0.0,-1.11,100.0,0.0,-100.0,Strong Decline,False,10.48
"Bury the Dead: Tombs, Corpses, Mummies, Skeletons and Rituals",Florida,2023-03-01,"Burial, Mummies",Banned from Libraries and Classrooms,1,1,1,Low Interest,1.11,0.0,-1.11,100.0,0.0,-100.0,Strong Decline,False,10.48
Tell Them We Remember: The Story of the Holocaust,Tennessee,2025-02-01,,Banned,1,1,1,Low Interest,1.11,0.0,-1.11,100.0,0.0,-100.0,Strong Decline,False,10.48
"Teen Titans (Series, Title Not Specified)",Florida,2024-10-01,"Comics & Graphic Novels, Juvenile Fiction",Banned,1,1,1,Low Interest,1.11,0.0,-1.11,100.0,0.0,-100.0,Strong Decline,False,10.48
"Technically, You Started It",Florida,2023-07-01,"Young Adult Fiction, Cotton, United States",Banned Pending Investigation,1,1,1,Low Interest,1.11,0.0,-1.11,100.0,0.0,-100.0,Strong Decline,False,10.48
Teen Killers in Love,Texas,2025-02-01,Young Adult Fiction,Banned by Restriction,1,1,1,Low Interest,1.11,0.0,-1.11,100.0,0.0,-100.0,Strong Decline,False,10.48
The Abduction (MN),Florida,2023-10-01,Juvenile Fiction,Banned,1,1,1,Low Interest,1.11,0.0,-1.11,100.0,0.0,-100.0,Strong Decline,False,10.48
"Isaac the Alchemist: Secrets of Isaac Newton, Reveal'd",Texas,2022-10-01,Juvenile Nonfiction,Banned from Libraries,1,1,1,Low Interest,1.11,0.0,-1.11,100.0,0.0,-100.0,Strong Decline,False,10.48
Tess of the Road,Florida,2023-08-01,"Fantasy, Young Adult, Dragons, Fiction, Young Adult Fantasy, Adventure, Audiobook",Banned Pending Investigation,1,1,1,Low Interest,1.11,0.0,-1.11,100.0,0.0,-100.0,Strong Decline,False,10.48
Tall Cool One,Florida,2023-12-01,"Juvenile Fiction, JUVENILE FICTION, High schools",Banned Pending Investigation,1,1,1,Low Interest,1.11,0.0,-1.11,100.0,0.0,-100.0,Strong Decline,False,10.48
My First Bible in Pictures,Florida,2023-06-01,"Bible stories, Juvenile Nonfiction",Banned from Libraries and Classrooms,1,1,1,Low Interest,1.11,0.0,-1.11,100.0,0.0,-100.0,Strong Decline,False,10.48
Ink Exchange,Florida,2023-10-01,"Fantasy, Young Adult, Paranormal, Urban Fantasy, Romance, Fairies, Fae",Banned,2,1,2,Low Interest,1.11,0.0,-1.11,100.0,0.0,-100.0,Strong Decline,False,10.48
"Cantarella, Vol. 4",Pennsylvania,2024-09-01,"Comic books, strips, etc, Borgia, Cesare, Demonology",Banned,1,1,1,Low Interest,1.11,0.0,-1.11,100.0,0.0,-100.0,Strong Decline,False,10.48
Carols and Chaos,Texas,2024-11-01,,Banned by Restriction,1,1,1,Low Interest,1.11,0.0,-1.11,100.0,0.0,-100.0,Strong Decline,False,10.48
Carve the Mark,Tennessee,2025-02-01,"Fantasy, Young Adult, Science Fiction, Romance, Fiction, Dystopia, Audiobook",Banned,1,1,1,Low Interest,1.11,0.0,-1.11,100.0,0.0,-100.0,Strong Decline,False,10.48
"Spy x Family, Vol. 2",Texas,2022-10-01,Comics & Graphic Novels,Banned from Libraries,1,1,1,Low Interest,1.11,0.0,-1.11,100.0,0.0,-100.0,Strong Decline,False,10.48
My Absolute Darling,Florida,2023-08-01,"Fiction, Contemporary, Young Adult, Audiobook, Literary Fiction, Coming Of Age, Thriller",Banned Pending Investigation,1,1,1,Low Interest,1.11,0.0,-1.11,100.0,0.0,-100.0,Strong Decline,False,10.48
"Sticks & Scones (Check, Please! Series)",Tennessee,2022-02-01,"Young Adult Fiction, College students, College sports",Banned Pending Investigation,1,1,1,Low Interest,1.11,0.0,-1.11,100.0,0.0,-100.0,Strong Decline,False,10.48
Stand Up for LGBTQ rights,Texas,2024-08-01,"Young Adult Nonfiction, Gays",Banned by Restriction,1,1,1,Low Interest,1.11,0.0,-1.11,100.0,0.0,-100.0,Strong Decline,False,10.48
"Can We Talk About Consent: A Book About Freedom, Choices and Agreement",Texas,2024-06-01,Juvenile Nonfiction,Banned,1,1,1,Low Interest,1.11,0.0,-1.11,100.0,0.0,-100.0,Strong Decline,False,10.48
Flirtin' with the Monster: Your Favorite Authors on Ellen Hopkins' Crank and Glass,Florida,2025-06-01,"Nonfiction, Poetry, Short Stories, Teen, Realistic Fiction, Contemporary, High School",Banned Pending Investigation,2,1,2,Low Interest,1.11,0.0,-1.11,100.0,0.0,-100.0,Strong Decline,False,10.48
GLBTQ*: The Survival Guide for Queer & Questioning Teens,Texas,2021-12-01,Juvenile Nonfiction,Banned from Libraries,2,2,2,Low Interest,1.11,0.0,-1.11,100.0,0.0,-100.0,Strong Decline,False,10.48
I Hate Everyone But You,Tennessee,2024-10-01,Juvenile Fiction,Banned,2,2,2,Low Interest,1.11,0.0,-1.11,100.0,0.0,-100.0,Strong Decline,False,10.48
Sudden Fiction: American Short Stories,Florida,2024-06-01,"Short Stories, Fiction, Anthologies, Flash Fiction, Literary Fiction, Contemporary, School",Banned by Restriction,1,1,1,Low Interest,1.11,0.0,-1.11,100.0,0.0,-100.0,Strong Decline,False,10.48
How Prevalent Is Racism in Society?,Texas,2021-12-01,Affirmative action programs,Banned from Libraries,2,1,2,Low Interest,1.11,0.0,-1.11,100.0,0.0,-100.0,Strong Decline,False,10.48
Stuck In Tte Middle: 17 Comics from an Unpleasant Age,Florida,2024-10-01,,Banned,1,1,1,Low Interest,1.11,0.0,-1.11,100.0,0.0,-100.0,Strong Decline,False,10.48
Infinity Son,Florida,2022-10-01,"Fantasy, Young Adult, LGBT, Queer, Fiction, Urban Fantasy, Audiobook",Banned Pending Investigation,2,2,2,Low Interest,1.11,0.0,-1.11,100.0,0.0,-100.0,Strong Decline,False,10.48
The Accidental Apprentice,Florida,2023-09-01,Juvenile Fiction,Banned Pending Investigation,1,1,1,Low Interest,1.11,0.0,-1.11,100.0,0.0,-100.0,Strong Decline,False,10.48
Bum Rush the Page: A Def Poetry Jam,Texas,2024-10-01,,Banned,1,1,1,Low Interest,1.11,0.0,-1.11,100.0,0.0,-100.0,Strong Decline,False,10.48
The Constant Princess,Iowa,2024-06-01,"Historical Fiction, Fiction, Historical, Romance, Tudor Period, British Literature, Adult",Banned,1,1,1,Low Interest,1.11,0.0,-1.11,100.0,0.0,-100.0,Strong Decline,False,10.48
You Don't Live Here,Kentucky,2023-10-01,"Young Adult Fiction, Deerfield (Mass.)",Banned,2,2,2,Low Interest,1.11,0.0,-1.11,100.0,0.0,-100.0,Strong Decline,False,10.48
The Witches (Graphic Novel Verson),Florida,2023-07-01,"Graphic Novels, Fantasy, Bande Dessinée, Middle Grade, Comics, Childrens, Fiction",Banned by Restriction,2,1,2,Low Interest,1.11,0.0,-1.11,100.0,0.0,-100.0,Strong Decline,False,10.48
The Blood Countess (Lady Slayers Series),Texas,2021-12-01,"Historical Fiction, Horror, Young Adult, Historical, LGBT, Fantasy, Lesbian",Banned Pending Investigation,1,1,1,Low Interest,1.11,0.0,-1.11,100.0,0.0,-100.0,Strong Decline,False,10.48
"Bone Parish, Vol. 2",Missouri,2022-09-01,"Comics & Graphic Novels, Drug dealers",Banned Pending Investigation,1,1,1,Low Interest,1.11,0.0,-1.11,100.0,0.0,-100.0,Strong Decline,False,10.48
"The Vampire Diaries (Series, Title Not Specified)",Florida,2023-08-01,Juvenile Fiction,Banned Pending Investigation,2,2,2,Low Interest,1.11,0.0,-1.11,100.0,0.0,-100.0,Strong Decline,False,10.48
The Boy from the Basement,Texas,2025-03-01,"Young Adult Fiction, Juvenile Fiction",Banned,1,1,1,Low Interest,1.11,0.0,-1.11,100.0,0.0,-100.0,Strong Decline,False,10.48
The Book of Dust: La Belle Sauvage,Florida,2023-12-01,"Juvenile Fiction, Young Adult Fiction, Fiction",Banned Pending Investigation,1,1,1,Low Interest,1.11,0.0,-1.11,100.0,0.0,-100.0,Strong Decline,False,10.48
"Monstress (Series, Title Not Specified)",Texas,2024-06-01,Comics & Graphic Novels,Banned,1,1,1,Low Interest,1.11,0.0,-1.11,100.0,0.0,-100.0,Strong Decline,False,10.48
The Ten Things We Did (and Probably Shouldn't Have),Florida,2023-08-01,"Young Adult, Romance, Contemporary, Chick Lit, Realistic Fiction, Fiction, Teen",Banned Pending Investigation,2,2,2,Low Interest,1.11,0.0,-1.11,100.0,0.0,-100.0,Strong Decline,False,10.48
Jaya and Rasa: A Love Story,Texas,2021-12-01,"Romance, Young Adult, Contemporary, LGBT, Queer, Fiction, Transgender",Banned Pending Investigation,3,2,3,Low Interest,1.11,0.0,-1.11,100.0,0.0,-100.0,Strong Decline,False,10.48
Chinese Handcuffs,Iowa,2023-10-01,"Young Adult, Sports, Realistic Fiction, Fiction, Contemporary, Teen, Coming Of Age",Banned Pending Investigation,3,1,3,Low Interest,1.11,0.0,-1.11,100.0,0.0,-100.0,Strong Decline,False,10.48
"Blue Period, Vol. 6",Tennessee,2025-04-01,"Comics & Graphic Novels, Art schools",Banned,1,1,1,Low Interest,1.11,0.0,-1.11,100.0,0.0,-100.0,Strong Decline,False,10.48
The Brothers Torres,Florida,2024-06-01,"Young Adult, Realistic Fiction, Fiction, Romance, Contemporary, Coming Of Age, Teen",Banned by Restriction,1,1,1,Low Interest,1.11,0.0,-1.11,100.0,0.0,-100.0,Strong Decline,False,10.48
The Bunker Diary,Wisconsin,2023-11-01,"Young Adult Fiction, Juvenile Fiction",Banned Pending Investigation,1,1,1,Low Interest,1.11,0.0,-1.11,100.0,0.0,-100.0,Strong Decline,False,10.48
The Camelot Betrayal,Texas,2022-10-01,"Young Adult Fiction, Fiction",Banned from Libraries,1,1,1,Low Interest,1.11,0.0,-1.11,100.0,0.0,-100.0,Strong Decline,False,10.48
The Canterbury Tales of Geoffrey Chaucer: A New Modern English Prose Translation,Texas,2025-06-01,"Christian pilgrims and pilgrimages--Poetry, Christian pilgrims and pilgrimages",Banned,1,1,1,Low Interest,1.11,0.0,-1.11,100.0,0.0,-100.0,Strong Decline,False,10.48
The Beast and the Bethany,Florida,2023-06-01,Juvenile Fiction,Banned Pending Investigation,1,1,1,Low Interest,1.11,0.0,-1.11,100.0,0.0,-100.0,Strong Decline,False,10.48
Montana 1948,Florida,2024-06-01,"Fiction, Historical Fiction, Westerns, Coming Of Age, School, Classics, Literary Fiction",Banned by Restriction,1,1,1,Low Interest,1.11,0.0,-1.11,100.0,0.0,-100.0,Strong Decline,False,10.48
Everything You Love Will Burn: Inside the Rebirth of White Nationalism in America,Texas,2021-12-01,"Nonfiction, Politics, History, Race, Audiobook, Sociology, American History",Banned Pending Investigation,2,1,2,Low Interest,1.11,0.0,-1.11,100.0,0.0,-100.0,Strong Decline,False,10.48
What They Always Tell Us,Texas,2021-12-01,"Young Adult, LGBT, Contemporary, Fiction, Realistic Fiction, Romance, Gay",Banned Pending Investigation,2,1,2,Low Interest,1.11,0.0,-1.11,100.0,0.0,-100.0,Strong Decline,False,10.48
Bright We Burn,Texas,2024-08-01,Young Adult Fiction,Banned,1,1,1,Low Interest,1.11,0.0,-1.11,100.0,0.0,-100.0,Strong Decline,False,10.48
Genuine Fraud,Florida,2023-08-01,"Young Adult, Mystery, Thriller, Contemporary, Fiction, Mystery Thriller, Audiobook",Banned Pending Investigation,2,2,2,Low Interest,1.11,0.0,-1.11,100.0,0.0,-100.0,Strong Decline,False,10.48
What I Saw And How I Lied,Florida,2024-10-01,"Young Adult, Historical Fiction, Mystery, Fiction, Historical, Romance, Teen",Banned by Restriction,2,2,2,Low Interest,1.11,0.0,-1.11,100.0,0.0,-100.0,Strong Decline,False,10.48
The Angel Experiment,Florida,2023-02-01,"Young Adult, Fantasy, Science Fiction, Fiction, Adventure, Paranormal, Action",Banned from Libraries,1,1,1,Low Interest,1.11,0.0,-1.11,100.0,0.0,-100.0,Strong Decline,False,10.48
The Age of Miracles,Wisconsin,2023-11-01,"Fiction, Young Adult, Science Fiction, Dystopia, Coming Of Age, Fantasy, Audiobook",Banned Pending Investigation,1,1,1,Low Interest,1.11,0.0,-1.11,100.0,0.0,-100.0,Strong Decline,False,10.48
When Aidan Became A Brother,Virginia,2022-01-01,"Picture Books, LGBT, Family, Childrens, Realistic Fiction, Queer, Gender",Banned from Libraries and Classrooms,2,2,2,Low Interest,1.11,0.0,-1.11,100.0,0.0,-100.0,Strong Decline,False,10.48
A Spark of Light,Florida,2024-06-01,"Fiction, Contemporary, Audiobook, Adult, Adult Fiction, Realistic Fiction, Chick Lit",Banned by Restriction,2,1,2,Low Interest,1.11,0.0,-1.11,100.0,0.0,-100.0,Strong Decline,False,10.48
La carta de Ivy Aberdeen al mundo/Ivy Aberdeen's Letter to the World,Texas,2021-12-01,"Middle Grade, LGBT, Contemporary, Realistic Fiction, Queer, Young Adult, Fiction",Banned Pending Investigation,2,2,2,Low Interest,1.11,0.0,-1.11,100.0,0.0,-100.0,Strong Decline,False,10.48
Brave Leaders and Activists,Florida,2021-11-01,"Juvenile Nonfiction, Political Science",Banned from Libraries and Classrooms,1,1,1,Low Interest,1.11,0.0,-1.11,100.0,0.0,-100.0,Strong Decline,False,10.48
Girls Like Us (2019),Florida,2021-11-01,"Young Adult, Realistic Fiction, Fiction, Teen, Contemporary, Disability, Coming Of Age",Banned from Libraries,2,2,2,Low Interest,1.11,0.0,-1.11,100.0,0.0,-100.0,Strong Decline,False,10.48
His Hideous Heart: Thirteen of Edgar Allan Poe's Most Unsettling Tales Reimagined,Florida,2023-08-01,,Banned Pending Investigation,2,1,2,Low Interest,1.11,0.0,-1.11,100.0,0.0,-100.0,Strong Decline,False,10.48
The Atonement Child,Florida,2023-12-01,"Fiction, Abortion, Religious fiction, English",Banned Pending Investigation,1,1,1,Low Interest,1.11,0.0,-1.11,100.0,0.0,-100.0,Strong Decline,False,10.48
An Echo in the Bone,Florida,2023-08-01,"Historical Fiction, Romance, Fantasy, Fiction, Time Travel, Historical, Historical Romance",Banned Pending Investigation,2,2,2,Low Interest,1.11,0.0,-1.11,100.0,0.0,-100.0,Strong Decline,False,10.48
Anansi Boys,Texas,2022-10-01,"Fantasy, Fiction, Urban Fantasy, Mythology, Audiobook, Science Fiction Fantasy, Humor",Banned Pending Investigation,2,2,2,Low Interest,1.11,0.0,-1.11,100.0,0.0,-100.0,Strong Decline,False,10.48
Still Life with Tornado,Florida,2023-08-01,Family & Relationships,Banned Pending Investigation,3,3,3,Low Interest,1.11,0.0,-1.11,100.0,0.0,-100.0,Strong Decline,False,10.48
Maya and the Rising Dark,Florida,2024-03-01,"Juvenile Fiction, JUVENILE FICTION",Banned Pending Investigation,1,1,1,Low Interest,1.11,0.0,-1.11,100.0,0.0,-100.0,Strong Decline,False,10.48
Beware the Kitten Holy,Iowa,2024-06-01,"Camps, Juvenile Fiction, Best friends",Banned Pending Investigation,2,2,2,Low Interest,1.11,0.0,-1.11,100.0,0.0,-100.0,Strong Decline,False,10.48
Always Human (Always Human Series),Tennessee,2022-02-01,"Graphic Novels, Romance, LGBT, Science Fiction, Comics, Lesbian, Queer",Banned Pending Investigation,1,1,1,Low Interest,1.11,0.0,-1.11,100.0,0.0,-100.0,Strong Decline,False,10.48
La sangre del Olimpo,Texas,2024-11-01,"Young Adult Fiction, Action and adventure fiction, Juvenile Fiction",Banned by Restriction,1,1,1,Low Interest,1.11,0.0,-1.11,100.0,0.0,-100.0,Strong Decline,False,10.48
The Witch King (The Witch King Series),Tennessee,2022-02-01,Young Adult Fiction,Banned Pending Investigation,1,1,1,Low Interest,1.11,0.0,-1.11,100.0,0.0,-100.0,Strong Decline,False,10.48
A Certain Slant of Light,Florida,2021-11-01,"Young Adult, Fantasy, Paranormal, Romance, Ghosts, Fiction, Supernatural",Banned from Libraries,7,2,7,Low Interest,1.11,0.0,-1.11,100.0,0.0,-100.0,Strong Decline,False,10.48
These Unlucky Stars,Florida,2024-08-01,Juvenile Fiction,Banned by Restriction,1,1,1,Low Interest,1.11,0.0,-1.11,100.0,0.0,-100.0,Strong Decline,False,10.48
Ember Queen,Florida,2023-08-01,"Fantasy, Young Adult, Romance, Young Adult Fantasy, Fiction, Magic, Audiobook",Banned Pending Investigation,1,1,1,Low Interest,1.11,0.0,-1.11,100.0,0.0,-100.0,Strong Decline,False,10.48
The fae keeper,Texas,2024-08-01,Young Adult Fiction,Banned by Restriction,1,1,1,Low Interest,1.11,0.0,-1.11,100.0,0.0,-100.0,Strong Decline,False,10.48
Delores Claiborne,Pennsylvania,2023-02-01,Fiction,Banned Pending Investigation,8,4,8,Low Interest,1.11,0.0,-1.11,100.0,0.0,-100.0,Strong Decline,False,10.48
"The legend of Drizzt, Vol. 7: The Legacy",Tennessee,2025-02-01,"Comics & Graphic Novels, Dragons, Comic books, strips, etc",Banned,1,1,1,Low Interest,1.11,0.0,-1.11,100.0,0.0,-100.0,Strong Decline,False,10.48
Symptoms of Being Human,Texas,2021-10-01,"Young Adult, LGBT, Contemporary, Fiction, Queer, Realistic Fiction, Mental Health",Banned Pending Investigation,9,5,9,Low Interest,1.11,0.0,-1.11,100.0,0.0,-100.0,Strong Decline,False,10.48
"Assassination Classroom, Vol. 5",Florida,2023-02-01,Comics & Graphic Novels,Banned Pending Investigation,9,4,9,Low Interest,1.11,0.0,-1.11,100.0,0.0,-100.0,Strong Decline,False,10.48
"American Colonies: The Settling of North America, Vo1. 1",Florida,2023-12-01,"History, USA - Geschichte",Banned Pending Investigation,1,1,1,Low Interest,1.11,0.0,-1.11,100.0,0.0,-100.0,Strong Decline,False,10.48
How It All Blew Up,Texas,2021-12-01,"Young Adult, LGBT, Contemporary, Romance, Queer, Fiction, Audiobook",Banned Pending Investigation,9,4,8,Low Interest,1.11,0.0,-1.11,100.0,0.0,-100.0,Strong Decline,False,10.48
La teoría de lo perfecto,Texas,2024-08-01,Juvenile Fiction,Banned by Restriction,1,1,1,Low Interest,1.11,0.0,-1.11,100.0,0.0,-100.0,Strong Decline,False,10.48
This Song Will Save Your Life,Wisconsin,2023-11-01,"Juvenile Fiction, Young Adult Fiction",Banned Pending Investigation,1,1,1,Low Interest,1.11,0.0,-1.11,100.0,0.0,-100.0,Strong Decline,False,10.48
This Delicious Death,Tennessee,2025-04-01,Young Adult Fiction,Banned,1,1,1,Low Interest,1.11,0.0,-1.11,100.0,0.0,-100.0,Strong Decline,False,10.48
Everything Grows,Texas,2024-08-01,"Young Adult Fiction, FICTION, Gardening",Banned by Restriction,1,1,1,Low Interest,1.11,0.0,-1.11,100.0,0.0,-100.0,Strong Decline,False,10.48
The Word for Yes,Iowa,2024-06-01,"Young Adult, Contemporary, Realistic Fiction, Fiction, Young Adult Contemporary, Social Issues, High School",Banned Pending Investigation,1,1,1,Low Interest,1.11,0.0,-1.11,100.0,0.0,-100.0,Strong Decline,False,10.48
Stella Brings the Family,Florida,2022-01-01,"Picture Books, LGBT, Family, Childrens, Realistic Fiction, Fiction, School",Banned Pending Investigation,6,3,6,Low Interest,1.11,0.0,-1.11,100.0,0.0,-100.0,Strong Decline,False,10.48
The Usborne first thousand words in Spanish : with easy pronunciation guide,Texas,2024-06-01,"Spanish language, Picture dictionaries, Spanish",Banned,1,1,1,Low Interest,1.11,0.0,-1.11,100.0,0.0,-100.0,Strong Decline,False,10.48
LGBTQ Rights and the Law,Texas,2024-08-01,Juvenile Nonfiction,Banned,2,2,2,Low Interest,1.11,0.0,-1.11,100.0,0.0,-100.0,Strong Decline,False,10.48
Queen of Air and Darkness,Texas,2022-10-01,Young Adult Fiction,Banned from Libraries,5,3,5,Low Interest,1.11,0.0,-1.11,100.0,0.0,-100.0,Strong Decline,False,10.48
Another Day (Every Day Series),North Carolina,2022-02-01,"Young Adult, Romance, Fantasy, Fiction, Contemporary, LGBT, Audiobook",Banned from Libraries,1,1,1,Low Interest,1.11,0.0,-1.11,100.0,0.0,-100.0,Strong Decline,False,10.48
Princess on the Brink,Florida,2024-03-01,"Young Adult, Romance, Contemporary, Fiction, Chick Lit, Teen, Childrens",Banned Pending Investigation,5,1,5,Low Interest,1.11,0.0,-1.11,100.0,0.0,-100.0,Strong Decline,False,10.48
The Tightrope Walkers,Florida,2023-08-01,"Young Adult Fiction, Juvenile Fiction",Banned Pending Investigation,1,1,1,Low Interest,1.11,0.0,-1.11,100.0,0.0,-100.0,Strong Decline,False,10.48
"Stronger, Faster, and More Beautiful",Florida,2023-10-01,Juvenile Fiction,Banned,5,1,5,Low Interest,1.11,0.0,-1.11,100.0,0.0,-100.0,Strong Decline,False,10.48
The Ultimate Guys' Body Book: Not-So-Stupid Questions About Your Body,Texas,2021-12-01,"Science, Parenting, Childrens, Health, Family, Nonfiction",Banned Pending Investigation,1,1,1,Low Interest,1.11,0.0,-1.11,100.0,0.0,-100.0,Strong Decline,False,10.48
How the Garcia Girls Lost Their Accents,Florida,2023-08-01,Fiction,Banned,6,2,6,Low Interest,1.11,0.0,-1.11,100.0,0.0,-100.0,Strong Decline,False,10.48
The Umbrella Academy: Dallas,Tennessee,2024-10-01,"Comics & Graphic Novels, Comic books, strips, etc",Banned,1,1,1,Low Interest,1.11,0.0,-1.11,100.0,0.0,-100.0,Strong Decline,False,10.48
The True and Outstanding Adventures of the Hunt Sisters,Florida,2023-12-01,"Fiction, Chick Lit, Contemporary, Novels, Humor, Adult Fiction, Family",Banned Pending Investigation,1,1,1,Low Interest,1.11,0.0,-1.11,100.0,0.0,-100.0,Strong Decline,False,10.48
The Truth As Told By Mason Buttle,Idaho,2024-03-01,"Middle Grade, Realistic Fiction, Mystery, Fiction, Young Adult, Audiobook, Family",Banned,1,1,1,Low Interest,1.11,0.0,-1.11,100.0,0.0,-100.0,Strong Decline,False,10.48
The Letter Q: Queer Writers' Notes to Their Younger Selves,Florida,2024-01-01,Young Adult Nonfiction,Banned by Restriction,6,3,6,Low Interest,1.11,0.0,-1.11,100.0,0.0,-100.0,Strong Decline,False,10.48
"The Walking Dead: A Continuing Story of Survival Horror, Book 8",Missouri,2022-09-01,"Comics & Graphic Novels, Horror comic books, strips, etc, Comic books, strips, etc",Banned Pending Investigation,1,1,1,Low Interest,1.11,0.0,-1.11,100.0,0.0,-100.0,Strong Decline,False,10.48
Anatomy of a Single Girl,Florida,2022-10-01,"Young Adult, Romance, New Adult, Contemporary, Realistic Fiction, Fiction, Young Adult Contemporary",Banned from Libraries and Classrooms,6,3,6,Low Interest,1.11,0.0,-1.11,100.0,0.0,-100.0,Strong Decline,False,10.48
Things You Shouldn't Say Past Midnight: A Comedy in Three Beds,Florida,2024-06-01,"Plays, Audiobook, Theatre, Drama, Humor",Banned by Restriction,1,1,1,Low Interest,1.11,0.0,-1.11,100.0,0.0,-100.0,Strong Decline,False,10.48
"All You Need is Kill, Book 1",Tennessee,2025-04-01,Comics & Graphic Novels,Banned,1,1,1,Low Interest,1.11,0.0,-1.11,100.0,0.0,-100.0,Strong Decline,False,10.48
Going Viral: A Socially Distant Love Story,Iowa,2023-10-01,"Romance, LGBT, Young Adult, Realistic Fiction, Fiction, Queer, Contemporary",Banned Pending Investigation,3,2,3,Low Interest,1.11,0.0,-1.11,100.0,0.0,-100.0,Strong Decline,False,10.48
Thurgood Marshall: American Revolutionary,Florida,2023-08-01,"Biography, History, Nonfiction, Law, Politics, American History, Race",Banned Pending Investigation,1,1,1,Low Interest,1.11,0.0,-1.11,100.0,0.0,-100.0,Strong Decline,False,10.48
Lisa Bright and Dark,Iowa,2024-06-01,"Young Adult, Fiction, Mental Health, Mental Illness, Psychology, Realistic Fiction, Classics",Banned,1,1,1,Low Interest,1.11,0.0,-1.11,100.0,0.0,-100.0,Strong Decline,False,10.48
Ask the Passengers,Texas,2021-12-01,"Young Adult, LGBT, Contemporary, Romance, Fiction, Realistic Fiction, Queer",Banned Pending Investigation,23,8,23,Low Interest,1.11,0.0,-1.11,100.0,0.0,-100.0,Strong Decline,False,10.48
Vanished Civilizations of the Ancient World,Tennessee,2025-04-01,"Civilization, Ancient",Banned,1,1,1,Low Interest,1.11,0.0,-1.11,100.0,0.0,-100.0,Strong Decline,False,10.48
After the Ink Dries,Texas,2024-06-01,Young Adult Fiction,Banned,1,1,1,Low Interest,1.11,0.0,-1.11,100.0,0.0,-100.0,Strong Decline,False,10.48
"Locke & Key, Vol. 5: Clockworks",Missouri,2022-09-01,"Comics & Graphic Novels, Demonology",Banned Pending Investigation,1,1,1,Low Interest,1.11,0.0,-1.11,100.0,0.0,-100.0,Strong Decline,False,10.48
Life as A Gladiator: An Interactive History Adventure,Tennessee,2025-02-01,Juvenile Fiction,Banned,1,1,1,Low Interest,1.11,0.0,-1.11,100.0,0.0,-100.0,Strong Decline,False,10.48
Virgie Goes to School with Us Boys,Florida,2022-01-01,"Picture Books, Historical Fiction, African American, Childrens, 2nd Grade, Cultural, Historical",Banned Pending Investigation,1,1,1,Low Interest,1.11,0.0,-1.11,100.0,0.0,-100.0,Strong Decline,False,10.48
Vive La France The French Resistance W.W.2,Tennessee,2025-02-01,"World War, 1939-1945",Banned,1,1,1,Low Interest,1.11,0.0,-1.11,100.0,0.0,-100.0,Strong Decline,False,10.48
The Nowhere Girls,Florida,2021-09-01,"Young Adult, Contemporary, Feminism, LGBT, Fiction, Realistic Fiction, Young Adult Contemporary",Banned Pending Investigation,46,10,46,Low Interest,1.11,0.0,-1.11,100.0,0.0,-100.0,Strong Decline,False,10.48
"Life During the Great Civilizations (Series, Title Not Specified)",Tennessee,2025-02-01,Juvenile Nonfiction,Banned,1,1,1,Low Interest,1.11,0.0,-1.11,100.0,0.0,-100.0,Strong Decline,False,10.48
Encyclopedia of Sex & Gender: 4 Volume Set,Tennessee,2022-02-01,Sex,Banned Pending Investigation,1,1,1,Low Interest,1.11,0.0,-1.11,100.0,0.0,-100.0,Strong Decline,False,10.48
Empire of Storms,Florida,2022-09-01,"Fantasy, Young Adult, Romance, Fae, Fiction, New Adult, Romantasy",Banned from Libraries and Classrooms,98,18,97,Low Interest,1.11,0.0,-1.11,100.0,0.0,-100.0,Strong Decline,False,10.48
We Are Lost and Found,Texas,2021-12-01,"LGBT, Young Adult, Historical Fiction, Queer, Contemporary, Romance, Historical",Banned from Libraries,1,1,1,Low Interest,1.11,0.0,-1.11,100.0,0.0,-100.0,Strong Decline,False,10.48
Wayward Witch,Texas,2024-08-01,"Fantasy, Young Adult, Witches, Magic, Paranormal, Fiction, Urban Fantasy",Banned by Restriction,1,1,1,Low Interest,1.11,0.0,-1.11,100.0,0.0,-100.0,Strong Decline,False,10.48
Warcross,Florida,2023-08-01,"Young Adult, Science Fiction, Fantasy, Dystopia, Fiction, Romance, Audiobook",Banned Pending Investigation,1,1,1,Low Interest,1.11,0.0,-1.11,100.0,0.0,-100.0,Strong Decline,False,10.48
"Leonardo da Vinci: Artist, Inventor and Scientist of the Renaissance",Tennessee,2025-04-01,"Art, Juvenile Nonfiction, Art, Renaissance",Banned,1,1,1,Low Interest,1.11,0.0,-1.11,100.0,0.0,-100.0,Strong Decline,False,10.48
Infandous,Florida,2021-10-01,"Young Adult, Contemporary, Realistic Fiction, Fairy Tales, Banned Books, Fiction, Teen",Banned Pending Investigation,18,7,17,Low Interest,1.11,0.0,-1.11,100.0,0.0,-100.0,Strong Decline,False,10.48
Alexander and His Times,Tennessee,2025-02-01,Juvenile Nonfiction,Banned,1,1,1,Low Interest,1.11,0.0,-1.11,100.0,0.0,-100.0,Strong Decline,False,10.48
Slaughterhouse-Five: The Graphic Novel,Florida,2022-09-01,"Graphic Novels, Comics, Fiction, Classics, Science Fiction, Historical Fiction, War",Banned Pending Investigation,12,6,12,Low Interest,1.11,0.0,-1.11,100.0,0.0,-100.0,Strong Decline,False,10.48
Anatomy of a Boyfriend,Virginia,2022-10-01,"Young Adult, Romance, Contemporary, Fiction, Realistic Fiction, Teen, Chick Lit",Banned from Libraries and Classrooms,10,3,9,Low Interest,1.11,0.0,-1.11,100.0,0.0,-100.0,Strong Decline,False,10.48
Toulouse-Lautrec: At the Moulin Rouge,Missouri,2022-09-01,Expressionism (Art),Banned Pending Investigation,1,1,1,Low Interest,1.11,0.0,-1.11,100.0,0.0,-100.0,Strong Decline,False,10.48
Too Soon For Jeff,Florida,2023-10-01,"Fiction, Young Adult, Teen",Banned,1,1,1,Low Interest,1.11,0.0,-1.11,100.0,0.0,-100.0,Strong Decline,False,10.48
Top 10 Worst Things About Ancient Egypt You Wouldn't Want To Know!,Tennessee,2025-02-01,"Egypt, Greece, Rome, Art",Banned,1,1,1,Low Interest,1.11,0.0,-1.11,100.0,0.0,-100.0,Strong Decline,False,10.48
Furyborn,Virginia,2023-01-01,"Fantasy, Young Adult, Young Adult Fantasy, Romance, Fiction, High Fantasy, Magic",Banned from Libraries and Classrooms,13,5,13,Low Interest,1.11,0.0,-1.11,100.0,0.0,-100.0,Strong Decline,False,10.48
Trono de cristal,Texas,2025-04-01,Young Adult Fiction,Banned,1,1,1,Low Interest,1.11,0.0,-1.11,100.0,0.0,-100.0,Strong Decline,False,10.48
Emeraldalicious: A Springtime Book For Kids,Texas,2024-09-01,,Banned,1,1,1,Low Interest,1.11,0.0,-1.11,100.0,0.0,-100.0,Strong Decline,False,10.48
"Alex Cross (Series, Title not Specified)",Iowa,2024-06-01,Fiction,Banned,1,1,1,Low Interest,1.11,0.0,-1.11,100.0,0.0,-100.0,Strong Decline,False,10.48
Loud Awake and Lost,Florida,2023-08-01,"Young Adult, Mystery, Contemporary, Fiction, Romance, Realistic Fiction, Audiobook",Banned Pending Investigation,1,1,1,Low Interest,1.11,0.0,-1.11,100.0,0.0,-100.0,Strong Decline,False,10.48
Layoverland,Florida,2023-08-01,"Young Adult, Romance, Fantasy, Contemporary, Fiction, Magical Realism, Humor",Banned Pending Investigation,1,1,1,Low Interest,1.11,0.0,-1.11,100.0,0.0,-100.0,Strong Decline,False,10.48
Where I End and You Begin,Florida,2022-09-01,"Young Adult, Romance, Contemporary, LGBT, Fantasy, Fiction, Magical Realism",Banned Pending Investigation,15,4,15,Low Interest,1.11,0.0,-1.11,100.0,0.0,-100.0,Strong Decline,False,10.48
Twilight: The Graphic Novel,Texas,2025-05-01,"Comics & Graphic Novels, Young Adult Fiction, Cullen, Edward (Fictitious character), Large print books",Banned,1,1,1,Low Interest,1.11,0.0,-1.11,100.0,0.0,-100.0,Strong Decline,False,10.48
Under the Jolly Roger: Being an Account of the Further Nautical Adventures of Jacky Faber,Florida,2023-08-01,"Historical Fiction, Young Adult, Adventure, Pirates, Historical, Fiction, Audiobook",Banned Pending Investigation,1,1,1,Low Interest,1.11,0.0,-1.11,100.0,0.0,-100.0,Strong Decline,False,10.48
Lailah's Lunchbox: A Ramadan Story,Florida,2022-01-01,"Picture Books, Childrens, Muslims, Cultural, Religion, Holiday, Realistic Fiction",Banned Pending Investigation,1,1,1,Low Interest,1.11,0.0,-1.11,100.0,0.0,-100.0,Strong Decline,False,10.48
The Stonewall Riots: The Fight for LGBT Rights,Pennsylvania,2024-08-01,Juvenile Nonfiction,Banned,2,2,2,Low Interest,1.11,0.0,-1.11,100.0,0.0,-100.0,Strong Decline,False,10.48
The Stone Diaries,Florida,2024-06-01,"Fiction, Canada, Historical Fiction, Literary Fiction, Literature, Novels, Classics",Banned by Restriction,1,1,1,Low Interest,1.11,0.0,-1.11,100.0,0.0,-100.0,Strong Decline,False,10.48
The Story of Daniel and the Lions,Florida,2023-06-01,Religion,Banned from Libraries and Classrooms,1,1,1,Low Interest,1.11,0.0,-1.11,100.0,0.0,-100.0,Strong Decline,False,10.48
The Girl Who Played with Fire,Florida,2023-08-01,"Fiction, Mystery, Thriller, Crime, Mystery Thriller, Suspense, Audiobook",Banned,5,4,5,Low Interest,1.11,0.0,-1.11,100.0,0.0,-100.0,Strong Decline,False,10.48
"Soul Eater, Vol. 4",Texas,2022-10-01,Comics & Graphic Novels,Banned from Libraries,4,4,4,Low Interest,1.11,0.0,-1.11,100.0,0.0,-100.0,Strong Decline,False,10.48
Marilyn Monroe: The Biography,Florida,2023-08-01,"Biography & Autobiography, Motion picture actors and actresses",Banned Pending Investigation,1,1,1,Low Interest,1.11,0.0,-1.11,100.0,0.0,-100.0,Strong Decline,False,10.48
The Life of Rosa Parks (Famous Lives Series),Florida,2022-01-01,Banned Books,Banned Pending Investigation,1,1,1,Low Interest,1.11,0.0,-1.11,100.0,0.0,-100.0,Strong Decline,False,10.48
Margaux with an X,Tennessee,2025-02-01,Juvenile Fiction,Banned,1,1,1,Low Interest,1.11,0.0,-1.11,100.0,0.0,-100.0,Strong Decline,False,10.48
The Magician’s Land,Florida,2023-10-01,"Fantasy, Fiction, Magic, Audiobook, Urban Fantasy, Science Fiction Fantasy, Adult",Banned,1,1,1,Low Interest,1.11,0.0,-1.11,100.0,0.0,-100.0,Strong Decline,False,10.48
The Man from St. Petersburg,Florida,2023-08-01,"Fiction, Historical Fiction, Thriller, Mystery, Historical, Suspense, Espionage",Banned Pending Investigation,1,1,1,Low Interest,1.11,0.0,-1.11,100.0,0.0,-100.0,Strong Decline,False,10.48
Lord of Shadows,Texas,2022-10-01,Juvenile Fiction,Banned from Libraries,4,3,4,Low Interest,1.11,0.0,-1.11,100.0,0.0,-100.0,Strong Decline,False,10.48
Last Man: The Royal Cup,Missouri,2022-09-01,"Comics, Graphic Novels, Fantasy, Manga, Bande Dessinée, Young Adult, France",Banned from Libraries,4,3,4,Low Interest,1.11,0.0,-1.11,100.0,0.0,-100.0,Strong Decline,False,10.48
Baton Twirling is for Me,Florida,2023-06-01,Juvenile Nonfiction,Banned from Libraries and Classrooms,1,1,1,Low Interest,1.11,0.0,-1.11,100.0,0.0,-100.0,Strong Decline,False,10.48
Be Dazzled,Tennessee,2022-02-01,"Young Adult, Romance, Contemporary, LGBT, Queer, Fiction, Audiobook",Banned Pending Investigation,1,1,1,Low Interest,1.11,0.0,-1.11,100.0,0.0,-100.0,Strong Decline,False,10.48
The Misadventures of the Family Fletcher (Family Fletcher Series),Florida,2022-01-01,"Middle Grade, Realistic Fiction, LGBT, Family, Humor, Fiction, Childrens",Banned Pending Investigation,1,1,1,Low Interest,1.11,0.0,-1.11,100.0,0.0,-100.0,Strong Decline,False,10.48
The Mermaid Chair,Iowa,2024-06-01,"Fiction, Romance, Chick Lit, Contemporary, Adult Fiction, Adult, Novels",Banned,1,1,1,Low Interest,1.11,0.0,-1.11,100.0,0.0,-100.0,Strong Decline,False,10.48
Massacre at Virginia Tech: Disaster & Survival,Tennessee,2025-02-01,Campus violence,Banned,1,1,1,Low Interest,1.11,0.0,-1.11,100.0,0.0,-100.0,Strong Decline,False,10.48
The Nobleman's Guide to Scandal and Shipwrecks,Tennessee,2025-04-01,Young Adult Fiction,Banned,1,1,1,Low Interest,1.11,0.0,-1.11,100.0,0.0,-100.0,Strong Decline,False,10.48
Killing Comendatore,Texas,2024-11-01,Fiction,Banned by Restriction,1,1,1,Low Interest,1.11,0.0,-1.11,100.0,0.0,-100.0,Strong Decline,False,10.48
Becoming Billie Holiday,Texas,2024-11-01,Juvenile Nonfiction,Banned by Restriction,1,1,1,Low Interest,1.11,0.0,-1.11,100.0,0.0,-100.0,Strong Decline,False,10.48
Beethoven Was One-sixteenth Black: and Other Stories,Texas,2024-06-01,"Fiction, Biography & Autobiography",Banned,1,1,1,Low Interest,1.11,0.0,-1.11,100.0,0.0,-100.0,Strong Decline,False,10.48
Camp Quiltbag,Iowa,2023-10-01,Juvenile Fiction,Banned Pending Investigation,5,4,5,Low Interest,1.11,0.0,-1.11,100.0,0.0,-100.0,Strong Decline,False,10.48
Carved in Stone: Clues About Cultures,Tennessee,2025-02-01,Juvenile Nonfiction,Banned,1,1,1,Low Interest,1.11,0.0,-1.11,100.0,0.0,-100.0,Strong Decline,False,10.48
Durarara!! Vol. 2,Tennessee,2024-10-01,Comics & Graphic Novels,Banned,1,1,1,Low Interest,1.11,0.0,-1.11,100.0,0.0,-100.0,Strong Decline,False,10.48
Easter Rising: A Memoir of Roots and Rebellion,Florida,2023-12-01,Biography & Autobiography,Banned Pending Investigation,1,1,1,Low Interest,1.11,0.0,-1.11,100.0,0.0,-100.0,Strong Decline,False,10.48
"Soul Eater, Vol. 17",Florida,2023-08-01,Comics & Graphic Novels,Banned Pending Investigation,3,3,3,Low Interest,1.11,0.0,-1.11,100.0,0.0,-100.0,Strong Decline,False,10.48
Hollow City: The Graphic Novel,Missouri,2022-09-01,Comics & Graphic Novels,Banned Pending Investigation,3,3,3,Low Interest,1.11,0.0,-1.11,100.0,0.0,-100.0,Strong Decline,False,10.48
"The Journal of James Edmond Pease: A Civil War Union Soldier, Virginia, 1863",Florida,2024-08-01,,Banned by Restriction,1,1,1,Low Interest,1.11,0.0,-1.11,100.0,0.0,-100.0,Strong Decline,False,10.48
Far Eastern Art,Tennessee,2025-02-01,"History, Art",Banned,1,1,1,Low Interest,1.11,0.0,-1.11,100.0,0.0,-100.0,Strong Decline,False,10.48
The Last Field Party,Tennessee,2024-10-01,"Young Adult Fiction, Juvenile Fiction",Banned,1,1,1,Low Interest,1.11,0.0,-1.11,100.0,0.0,-100.0,Strong Decline,False,10.48
Every Heart a Doorway,Florida,2023-07-01,"Fantasy, Young Adult, Fiction, Mystery, Audiobook, LGBT, Novella",Banned,4,1,4,Low Interest,1.11,0.0,-1.11,100.0,0.0,-100.0,Strong Decline,False,10.48
On Writing: A Memoir of the Craft,Florida,2024-05-01,"Nonfiction, Writing, Memoir, Biography, Reference, Audiobook, Autobiography",Banned,4,1,4,Low Interest,1.11,0.0,-1.11,100.0,0.0,-100.0,Strong Decline,False,10.48
The Last Summer of the Death Warriors,Florida,2023-08-01,Young Adult Fiction,Banned Pending Investigation,1,1,1,Low Interest,1.11,0.0,-1.11,100.0,0.0,-100.0,Strong Decline,False,10.48
The Impossible Knife of Memory,Florida,2023-08-01,"Young Adult, Contemporary, Realistic Fiction, Fiction, Romance, Mental Health, Mental Illness",Banned Pending Investigation,4,2,4,Low Interest,1.11,0.0,-1.11,100.0,0.0,-100.0,Strong Decline,False,10.48
Daughter of Smoke and Bone,Indiana,2022-11-01,Young Adult Fiction,Banned from Libraries,4,3,4,Low Interest,1.11,0.0,-1.11,100.0,0.0,-100.0,Strong Decline,False,10.48
The Language of Flowers: Symbols and Myths,Texas,2025-03-01,Art,Banned,1,1,1,Low Interest,1.11,0.0,-1.11,100.0,0.0,-100.0,Strong Decline,False,10.48
"Family Violence (Title only, no further information)",Tennessee,2025-02-01,,Banned,1,1,1,Low Interest,1.11,0.0,-1.11,100.0,0.0,-100.0,Strong Decline,False,10.48
Eclipse (Twilight Series),Oklahoma,2021-10-01,"Fantasy, Young Adult, Romance, Vampires, Fiction, Paranormal, Paranormal Romance",Banned from Libraries,1,1,1,Low Interest,1.11,0.0,-1.11,100.0,0.0,-100.0,Strong Decline,False,10.48
The Need to Know Library: Everything You Need to Know About Date Rape,Florida,2023-08-01,Acquaintance rape,Banned Pending Investigation,1,1,1,Low Interest,1.11,0.0,-1.11,100.0,0.0,-100.0,Strong Decline,False,10.48
Hunger: A Memoir of (My) Body,Florida,2021-11-01,"Nonfiction, Memoir, Feminism, Audiobook, Biography, Biography Memoir, Mental Health",Banned from Libraries and Classrooms,4,3,4,Low Interest,1.11,0.0,-1.11,100.0,0.0,-100.0,Strong Decline,False,10.48
"The Sandman, Vol. 6: Fables and Reflections",Florida,2023-08-01,"Comics & Graphic Novels, Dreams",Banned Pending Investigation,1,1,1,Low Interest,1.11,0.0,-1.11,100.0,0.0,-100.0,Strong Decline,False,10.48
Extreme Faith: Twelve Radical Young Believers from the Bible Who Changed Our World,Florida,2023-06-01,"Young Adult Nonfiction, Bible",Banned from Libraries and Classrooms,1,1,1,Low Interest,1.11,0.0,-1.11,100.0,0.0,-100.0,Strong Decline,False,10.48
King Arthur and the Knights of the Round Table,Florida,2023-08-01,"Classics, Fantasy, Fiction, Arthurian, Mythology, Historical Fiction, Medieval",Banned Pending Investigation,1,1,1,Low Interest,1.11,0.0,-1.11,100.0,0.0,-100.0,Strong Decline,False,10.48
As Dead As It Gets,Florida,2023-08-01,"Juvenile Fiction, Detective and mystery stories",Banned Pending Investigation,1,1,1,Low Interest,1.11,0.0,-1.11,100.0,0.0,-100.0,Strong Decline,False,10.48
We Contain Multitudes,Florida,2023-10-01,Young Adult Fiction,Banned,5,2,5,Low Interest,1.11,0.0,-1.11,100.0,0.0,-100.0,Strong Decline,False,10.48
The Serpent's Secret,Texas,2025-04-01,Juvenile Fiction,Banned,1,1,1,Low Interest,1.11,0.0,-1.11,100.0,0.0,-100.0,Strong Decline,False,10.48
The Secret Life of Prince Charming,Florida,2023-08-01,"Juvenile Fiction, Fiction, Young Adult Fiction",Banned Pending Investigation,1,1,1,Low Interest,1.11,0.0,-1.11,100.0,0.0,-100.0,Strong Decline,False,10.48
The Sleeping Prince,Texas,2023-03-01,"Juvenile Fiction, Bodyguards",Banned from Libraries,1,1,1,Low Interest,1.11,0.0,-1.11,100.0,0.0,-100.0,Strong Decline,False,10.48
A Great and Terrible Beauty,Florida,2023-08-01,"Fantasy, Young Adult, Historical Fiction, Fiction, Historical, Paranormal, Romance",Banned Pending Investigation,5,3,5,Low Interest,1.11,0.0,-1.11,100.0,0.0,-100.0,Strong Decline,False,10.48
The Snowflake: Winter's Secret Beauty,Texas,2024-06-01,"Snowflakes, Nature, Photography",Banned,1,1,1,Low Interest,1.11,0.0,-1.11,100.0,0.0,-100.0,Strong Decline,False,10.48
LGBTQ Human Rights Movement,Texas,2024-08-01,Juvenile Nonfiction,Banned,2,2,2,Low Interest,1.11,0.0,-1.11,100.0,0.0,-100.0,Strong Decline,False,10.48
Art That Changed the World,Missouri,2022-09-01,Art,Banned Pending Investigation,1,1,1,Low Interest,1.11,0.0,-1.11,100.0,0.0,-100.0,Strong Decline,False,10.48
Arrow to the Moon,Tennessee,2024-10-01,Young Adult Fiction,Banned,1,1,1,Low Interest,1.11,0.0,-1.11,100.0,0.0,-100.0,Strong Decline,False,10.48
The Story of Jonah (AJD),Florida,2023-06-01,Biography & Autobiography,Banned from Libraries and Classrooms,1,1,1,Low Interest,1.11,0.0,-1.11,100.0,0.0,-100.0,Strong Decline,False,10.48
My Jim: A Novel,Florida,2022-07-01,Fiction,Banned Pending Investigation,5,2,5,Low Interest,1.11,0.0,-1.11,100.0,0.0,-100.0,Strong Decline,False,10.48
Male/Female Roles (AO),Kentucky,2023-10-01,"Sex role, Fiction",Banned,1,1,1,Low Interest,1.11,0.0,-1.11,100.0,0.0,-100.0,Strong Decline,False,10.48
The Rookie Bookie,Florida,2023-10-01,"Sports, Realistic Fiction, Mathematics, Middle Grade, Fiction, Humor, Childrens",Banned Pending Investigation,1,1,1,Low Interest,1.11,0.0,-1.11,100.0,0.0,-100.0,Strong Decline,False,10.48
Kill Her Twice,Florida,2024-08-01,"Young Adult Fiction, Fiction, Murderers",Banned by Restriction,1,1,1,Low Interest,1.11,0.0,-1.11,100.0,0.0,-100.0,Strong Decline,False,10.48
Elatsoe,Florida,2023-08-01,Young Adult Fiction,Banned Pending Investigation,1,1,1,Low Interest,1.11,0.0,-1.11,100.0,0.0,-100.0,Strong Decline,False,10.48
From a Buick 8,Florida,2024-05-01,"Horror, Fiction, Fantasy, Thriller, Science Fiction, Mystery, Supernatural",Banned,4,1,4,Low Interest,1.11,0.0,-1.11,100.0,0.0,-100.0,Strong Decline,False,10.48
Babylonian Mythology,Missouri,2022-09-01,"Young Adult Nonfiction, Religion, Creation, Death, Gods",Banned Pending Investigation,1,1,1,Low Interest,1.11,0.0,-1.11,100.0,0.0,-100.0,Strong Decline,False,10.48
The Plotters,Florida,2023-08-01,"Fiction, Thriller, Mystery, Crime, Mystery Thriller, Asia, Audiobook",Banned Pending Investigation,1,1,1,Low Interest,1.11,0.0,-1.11,100.0,0.0,-100.0,Strong Decline,False,10.48
El último héroe del Olimpo,Texas,2024-09-01,"Juvenile Fiction, Animals, Mythical",Banned by Restriction,1,1,1,Low Interest,1.11,0.0,-1.11,100.0,0.0,-100.0,Strong Decline,False,10.48
El épico fracaso de Arturo Zamora,Texas,2024-09-01,Juvenile Fiction,Banned,1,1,1,Low Interest,1.11,0.0,-1.11,100.0,0.0,-100.0,Strong Decline,False,10.48
Manga Shakespere: The Tempest,Tennessee,2024-10-01,"Young Adult Fiction, Drama, Comics & Graphic Novels",Banned,1,1,1,Low Interest,1.11,0.0,-1.11,100.0,0.0,-100.0,Strong Decline,False,10.48
At the Mountain's Base,Florida,2022-01-01,"Juvenile Fiction, FICTION",Banned Pending Investigation,1,1,1,Low Interest,1.11,0.0,-1.11,100.0,0.0,-100.0,Strong Decline,False,10.48
The Rocky Road Trip of Lydia Goldblatt and Julie Graham-Chang,Florida,2023-09-01,"Middle Grade, Graphic Novels, Childrens, Humor, Realistic Fiction, Fiction, LGBT",Banned Pending Investigation,1,1,1,Low Interest,1.11,0.0,-1.11,100.0,0.0,-100.0,Strong Decline,False,10.48
"Attack on Titan, Vol 2",Tennessee,2024-12-01,Comics & Graphic Novels,Banned,1,1,1,Low Interest,1.11,0.0,-1.11,100.0,0.0,-100.0,Strong Decline,False,10.48
The Primal Blueprint,Florida,2023-12-01,Health & Fitness,Banned Pending Investigation,1,1,1,Low Interest,1.11,0.0,-1.11,100.0,0.0,-100.0,Strong Decline,False,10.48
The Quilter's Block Bible,Florida,2023-06-01,"Quilting, Crafts & Hobbies, Color in textile crafts, Art, Patchwork",Banned from Libraries and Classrooms,1,1,1,Low Interest,1.11,0.0,-1.11,100.0,0.0,-100.0,Strong Decline,False,10.48
Make Way for Dyamonde Daniel (Dyamonde Daniel Series),Florida,2022-01-01,Juvenile Fiction,Banned Pending Investigation,1,1,1,Low Interest,1.11,0.0,-1.11,100.0,0.0,-100.0,Strong Decline,False,10.48
Twenty Boy Summer,Florida,2024-03-01,Young Adult Fiction,Banned,5,2,5,Low Interest,1.11,0.0,-1.11,100.0,0.0,-100.0,Strong Decline,False,10.48
The Runaway Jury,Florida,2024-05-01,"Fiction, Thriller, Mystery, Crime, Legal Thriller, Suspense, Mystery Thriller",Banned Pending Investigation,1,1,1,Low Interest,1.11,0.0,-1.11,100.0,0.0,-100.0,Strong Decline,False,10.48
Rural Voices: 15 Authors Challenge Assumptions About Small-Town America,Florida,2023-08-01,Young Adult Fiction,Banned by Restriction,2,2,2,Low Interest,1.11,0.0,-1.11,100.0,0.0,-100.0,Strong Decline,False,10.48
Escape the Mask,Texas,2024-06-01,"Fantasy, Young Adult, Dystopia, Childrens",Banned,1,1,1,Low Interest,1.11,0.0,-1.11,100.0,0.0,-100.0,Strong Decline,False,10.48
Safe Sex 101: An Overview for Teens,Texas,2021-12-01,"Juvenile Nonfiction, Young Adult Nonfiction",Banned from Libraries,2,1,2,Low Interest,1.11,0.0,-1.11,100.0,0.0,-100.0,Strong Decline,False,10.48
The Queen of Everything,Florida,2023-08-01,Young Adult Fiction,Banned Pending Investigation,2,1,2,Low Interest,1.11,0.0,-1.11,100.0,0.0,-100.0,Strong Decline,False,10.48
Ida and Jake Hunt for Treasure!,Florida,2023-03-01,Readers (Primary),Banned from Classrooms,1,1,1,Low Interest,1.11,0.0,-1.11,100.0,0.0,-100.0,Strong Decline,False,10.48
Russian Hacking in American Elections (Special Reports),Florida,2023-06-01,Juvenile Nonfiction,Banned Pending Investigation,1,1,1,Low Interest,1.11,0.0,-1.11,100.0,0.0,-100.0,Strong Decline,False,10.48
Music From Another World,Florida,2025-06-01,"Historical Fiction, LGBT, Young Adult, Romance, Lesbian, Historical, Queer",Banned Pending Investigation,2,1,2,Low Interest,1.11,0.0,-1.11,100.0,0.0,-100.0,Strong Decline,False,10.48
My Heart Underwater,Texas,2021-12-01,"Young Adult, LGBT, Contemporary, Romance, Fiction, Audiobook, Family",Banned Pending Investigation,2,2,2,Low Interest,1.11,0.0,-1.11,100.0,0.0,-100.0,Strong Decline,False,10.48
Coping with Gender Fluidity,Texas,2024-08-01,Young Adult Nonfiction,Banned,2,2,2,Low Interest,1.11,0.0,-1.11,100.0,0.0,-100.0,Strong Decline,False,10.48
Frannie and Tru,Texas,2024-08-01,Young Adult Fiction,Banned by Restriction,1,1,1,Low Interest,1.11,0.0,-1.11,100.0,0.0,-100.0,Strong Decline,False,10.48
Coping As a Survivor of Violent Crime,Florida,2023-08-01,"Juvenile Nonfiction, Social Science",Banned Pending Investigation,1,1,1,Low Interest,1.11,0.0,-1.11,100.0,0.0,-100.0,Strong Decline,False,10.48
"Hoop City: Washington, D.C",Texas,2024-06-01,Juvenile Nonfiction,Banned,1,1,1,Low Interest,1.11,0.0,-1.11,100.0,0.0,-100.0,Strong Decline,False,10.48
"Roll of Thunder, Hear My Cry",Florida,2022-07-01,"Historical Fiction, Young Adult, Fiction, Classics, Middle Grade, Childrens, School",Banned Pending Investigation,1,1,1,Low Interest,1.11,0.0,-1.11,100.0,0.0,-100.0,Strong Decline,False,10.48
Revealed (MPH),Texas,2024-06-01,"Science Fiction, Time Travel, Young Adult, Historical Fiction, Middle Grade, Fiction, Fantasy",Banned,1,1,1,Low Interest,1.11,0.0,-1.11,100.0,0.0,-100.0,Strong Decline,False,10.48
Ask Me How I Got Here,Texas,2021-12-01,"Young Adult, Poetry, Contemporary, Fiction, LGBT, Realistic Fiction, Romance",Banned Pending Investigation,2,1,1,Low Interest,1.11,0.0,-1.11,100.0,0.0,-100.0,Strong Decline,False,10.48
Company Commander: The Classic Infantry Memoir of World War II,Florida,2024-06-01,"History, Soldiers, Biography & Autobiography",Banned by Restriction,1,1,1,Low Interest,1.11,0.0,-1.11,100.0,0.0,-100.0,Strong Decline,False,10.48
Only Ashes Remain,Tennessee,2024-10-01,Juvenile Fiction,Banned,1,1,1,Low Interest,1.11,0.0,-1.11,100.0,0.0,-100.0,Strong Decline,False,10.48
Richard Jolley: Sculptor of Glass,Tennessee,2025-04-01,"Glass sculpture, American, Glass art, Glass sculpture",Banned,1,1,1,Low Interest,1.11,0.0,-1.11,100.0,0.0,-100.0,Strong Decline,False,10.48
Fragile Remedy,Tennessee,2022-02-01,"LGBT, Young Adult, Science Fiction, Fantasy, Dystopia, Queer, Romance",Banned Pending Investigation,1,1,1,Low Interest,1.11,0.0,-1.11,100.0,0.0,-100.0,Strong Decline,False,10.48
Ripley's Believe It or Not!: Seeing Is Believing,Florida,2023-08-01,"Nonfiction, Reference",Banned Pending Investigation,1,1,1,Low Interest,1.11,0.0,-1.11,100.0,0.0,-100.0,Strong Decline,False,10.48
River's End,Florida,2023-10-01,Fiction,Banned,1,1,1,Low Interest,1.11,0.0,-1.11,100.0,0.0,-100.0,Strong Decline,False,10.48
"The Promised Neverland (Series, Title Not Specified)",Tennessee,2024-10-01,"Manga, Horror, Fantasy, Graphic Novels, Mystery, Young Adult, Fiction",Banned,2,1,2,Low Interest,1.11,0.0,-1.11,100.0,0.0,-100.0,Strong Decline,False,10.48
"Gay People of Color: Facing Prejudices, Forging Identities",Texas,2021-12-01,Juvenile Nonfiction,Banned from Libraries,1,1,1,Low Interest,1.11,0.0,-1.11,100.0,0.0,-100.0,Strong Decline,False,10.48
Remarkably Ruby,Florida,2023-08-01,"Graphic Novels, Middle Grade, Realistic Fiction, Fiction, Childrens, Poetry, Contemporary",Banned by Restriction,1,1,1,Low Interest,1.11,0.0,-1.11,100.0,0.0,-100.0,Strong Decline,False,10.48
Meet Cute: Some People Are Destined to Meet,Texas,2022-01-01,"Romance, Young Adult, Short Stories, Contemporary, Anthologies, LGBT, Fiction",Banned Pending Investigation,3,3,3,Low Interest,1.11,0.0,-1.11,100.0,0.0,-100.0,Strong Decline,False,10.48
Restless Spirit: The Life and Work of Dorothea Lange,Florida,2024-08-01,Juvenile Nonfiction,Banned by Restriction,1,1,1,Low Interest,1.11,0.0,-1.11,100.0,0.0,-100.0,Strong Decline,False,10.48
No Ashes in the Fire: Coming of Age Black and Free in America,Tennessee,2022-02-01,"Memoir, Nonfiction, LGBT, Race, Social Justice, Queer, Biography",Banned Pending Investigation,2,2,2,Low Interest,1.11,0.0,-1.11,100.0,0.0,-100.0,Strong Decline,False,10.48
"Monstress, Vol. 1: Awakening",Texas,2022-10-01,"Asia, Comics & Graphic Novels, FICTION",Banned from Libraries and Classrooms,2,1,2,Low Interest,1.11,0.0,-1.11,100.0,0.0,-100.0,Strong Decline,False,10.48
Research for the Social Improvement and General Betterment of Lydia Goldblatt and Julie Graham-Chang,Florida,2023-09-01,"Middle Grade, Graphic Novels, Humor, Realistic Fiction, Fiction, Childrens, Juvenile",Banned Pending Investigation,1,1,1,Low Interest,1.11,0.0,-1.11,100.0,0.0,-100.0,Strong Decline,False,10.48
The Boleyn Inheritance,Iowa,2024-06-01,"Historical Fiction, Fiction, Historical, Romance, Tudor Period, British Literature, Adult",Banned,2,2,2,Low Interest,1.11,0.0,-1.11,100.0,0.0,-100.0,Strong Decline,False,10.48
"Dear Diary, I'm Pregnant: Teenagers Talk About their Pregnancy",Texas,2022-10-01,Family & Relationships,Banned Pending Investigation,1,1,1,Low Interest,1.11,0.0,-1.11,100.0,0.0,-100.0,Strong Decline,False,10.48
Horror in Maryland,Wisconsin,2023-02-01,Juvenile Nonfiction,Banned from Libraries,1,1,1,Low Interest,1.11,0.0,-1.11,100.0,0.0,-100.0,Strong Decline,False,10.48
Folk and Fairy Tales: A Handbook,Texas,2024-10-01,"Social Science, Fairy tales, Literary Criticism, Folklore",Banned,1,1,1,Low Interest,1.11,0.0,-1.11,100.0,0.0,-100.0,Strong Decline,False,10.48
The Alex Crow,Florida,2023-08-01,"Young Adult Fiction, Adoption, Juvenile Fiction, Short stories",Banned Pending Investigation,2,2,2,Low Interest,1.11,0.0,-1.11,100.0,0.0,-100.0,Strong Decline,False,10.48
Christopher Columbus: Explorer of the New World,Florida,2023-08-01,Juvenile Nonfiction,Banned Pending Investigation,1,1,1,Low Interest,1.11,0.0,-1.11,100.0,0.0,-100.0,Strong Decline,False,10.48
Deadly Drive,Texas,2024-06-01,Young Adult Fiction,Banned,1,1,1,Low Interest,1.11,0.0,-1.11,100.0,0.0,-100.0,Strong Decline,False,10.48
Sexuality and Gender Identity,Texas,2024-08-01,Fiction,Banned,2,2,2,Low Interest,1.11,0.0,-1.11,100.0,0.0,-100.0,Strong Decline,False,10.48
Doom of the Darksword,Florida,2024-06-01,"Fantasy, Fiction, Science Fiction Fantasy, High Fantasy, Magic, Epic Fantasy, Dragonlance",Banned by Restriction,1,1,1,Low Interest,1.11,0.0,-1.11,100.0,0.0,-100.0,Strong Decline,False,10.48
Ciudades de Papel,Texas,2024-08-01,Young Adult Fiction,Banned,1,1,1,Low Interest,1.11,0.0,-1.11,100.0,0.0,-100.0,Strong Decline,False,10.48
Symptoms of a Heartbreak,Florida,2023-08-01,Young Adult Fiction,Banned Pending Investigation,2,1,2,Low Interest,1.11,0.0,-1.11,100.0,0.0,-100.0,Strong Decline,False,10.48
Dogchild,Tennessee,2024-10-01,Young Adult Fiction,Banned,1,1,1,Low Interest,2.22,1.11,-1.11,100.0,100.0,-50.0,Strong Decline,False,12.8
Never-Contented Things,Texas,2024-08-01,Young Adult Fiction,Banned by Restriction,1,1,1,Low Interest,1.11,0.0,-1.11,100.0,0.0,-100.0,Strong Decline,False,10.48
Scene of the Crime: Tracking Down Criminals with Forensic Science,Missouri,2022-09-01,Juvenile Nonfiction,Banned Pending Investigation,1,1,1,Low Interest,1.11,0.0,-1.11,100.0,0.0,-100.0,Strong Decline,False,10.48
"Boruto: Naruto Next Generations (Series, Title Not Specified)",Tennessee,2024-08-01,Comics & Graphic Novels,Banned,2,2,2,Low Interest,1.11,0.0,-1.11,100.0,0.0,-100.0,Strong Decline,False,10.48
Nicki Minaj: Conquering Hip Hop,Florida,2023-08-01,Young Adult Nonfiction,Banned Pending Investigation,1,1,1,Low Interest,1.11,0.0,-1.11,100.0,0.0,-100.0,Strong Decline,False,10.48
Sapphique,Florida,2023-08-01,"Fantasy, Young Adult, Dystopia, Science Fiction, Steampunk, Fiction, Adventure",Banned by Restriction,1,1,1,Low Interest,1.11,0.0,-1.11,100.0,0.0,-100.0,Strong Decline,False,10.48
Sandy Skoglund,Tennessee,2025-04-01,"Art, Art and photography, Installations (Art)",Banned,1,1,1,Low Interest,1.11,0.0,-1.11,100.0,0.0,-100.0,Strong Decline,False,10.48
Night Shine (Night Shine Series),Tennessee,2022-02-01,Juvenile Fiction,Banned Pending Investigation,1,1,1,Low Interest,1.11,0.0,-1.11,100.0,0.0,-100.0,Strong Decline,False,10.48
Color Outside the Lines: Stories About Love,Georgia,2023-08-01,,Banned Pending Investigation,1,1,1,Low Interest,1.11,0.0,-1.11,100.0,0.0,-100.0,Strong Decline,False,10.48
Dealing With Sexual Harassment,Texas,2024-09-01,Sex discrimination in employment,Banned,1,1,1,Low Interest,1.11,0.0,-1.11,100.0,0.0,-100.0,Strong Decline,False,10.48
My Mixed-Up Berry Blue Summer,Texas,2021-12-01,"Middle Grade, LGBT, Realistic Fiction, Fiction, Childrens, Family, Young Adult",Banned from Libraries,2,1,2,Low Interest,1.11,0.0,-1.11,100.0,0.0,-100.0,Strong Decline,False,10.48
"Nevertheless, We Persisted: 48 Voices of Defiance, Strength, and Courage",Texas,2024-08-01,,Banned,1,1,1,Low Interest,1.11,0.0,-1.11,100.0,0.0,-100.0,Strong Decline,False,10.48
"Assassination Classroom, Vol. 13",Florida,2023-05-01,Comics & Graphic Novels,Banned from Libraries and Classrooms,3,2,3,Low Interest,1.11,0.0,-1.11,100.0,0.0,-100.0,Strong Decline,False,10.48
The Rumor Game,Florida,2023-10-01,"Young Adult, Contemporary, Mystery, Thriller, Mental Health, Mystery Thriller, Realistic Fiction",Banned by Restriction,2,2,2,Low Interest,1.11,0.0,-1.11,100.0,0.0,-100.0,Strong Decline,False,10.48
Rainbow Boys (Rainbow Trilogy Series),Texas,2021-11-01,"Young Adult, LGBT, Fiction, Romance, Queer, Gay, Realistic Fiction",Banned Pending Investigation,2,2,2,Low Interest,1.11,0.0,-1.11,100.0,0.0,-100.0,Strong Decline,False,10.48
Gangs and Wanting to Belong,Florida,2024-06-01,"Juvenile Nonfiction, Crips (Gang)",Banned by Restriction,1,1,1,Low Interest,1.11,0.0,-1.11,100.0,0.0,-100.0,Strong Decline,False,10.48
2021 Book of World Records,Florida,2023-08-01,"Curiosities and wonders, History, Modern, JUVENILE NONFICTION",Banned Pending Investigation,1,1,1,Low Interest,1.11,0.0,-1.11,100.0,0.0,-100.0,Strong Decline,False,10.48
Yoko (Yoko Series),Florida,2022-01-01,"Juvenile Fiction, Juvenile Nonfiction",Banned Pending Investigation,1,1,1,Low Interest,1.11,0.0,-1.11,100.0,0.0,-100.0,Strong Decline,False,10.48
Godslayers,Texas,2024-11-01,Young Adult Fiction,Banned,1,1,1,Low Interest,1.11,0.0,-1.11,100.0,0.0,-100.0,Strong Decline,False,10.48
Grim Lovelies,Florida,2023-08-01,"Fantasy, Young Adult, Young Adult Fantasy, Witches, Magic, Fiction, Urban Fantasy",Banned Pending Investigation,1,1,1,Low Interest,1.11,0.0,-1.11,100.0,0.0,-100.0,Strong Decline,False,10.48
Grounded for All Eternity,Texas,2024-11-01,Juvenile Fiction,Banned,1,1,1,Low Interest,1.11,0.0,-1.11,100.0,0.0,-100.0,Strong Decline,False,10.48
Guardian (JL),Florida,2023-08-01,"Historical Fiction, Young Adult, Historical, African American, Teen, Realistic Fiction, Fiction",Banned Pending Investigation,1,1,1,Low Interest,1.11,0.0,-1.11,100.0,0.0,-100.0,Strong Decline,False,10.48
Greek Legends and Stories,Tennessee,2025-04-01,"Mythology, Greek",Banned,1,1,1,Low Interest,1.11,0.0,-1.11,100.0,0.0,-100.0,Strong Decline,False,10.48
"Hymns for a Kid's Heart, Vol. 1",Florida,2023-06-01,"Juvenile Nonfiction, Music, Religion",Banned from Libraries and Classrooms,1,1,1,Low Interest,1.11,0.0,-1.11,100.0,0.0,-100.0,Strong Decline,False,10.48
Graphic Classics Volume 8: Mark Twain - 2nd Edition,Missouri,2022-09-01,Fiction,Banned Pending Investigation,1,1,1,Low Interest,1.11,0.0,-1.11,100.0,0.0,-100.0,Strong Decline,False,10.48
People of Pride: 25 Great LGBTO Americans,Texas,2024-08-01,Juvenile Nonfiction,Banned,2,2,2,Low Interest,1.11,0.0,-1.11,100.0,0.0,-100.0,Strong Decline,False,10.48
"Guns and Violence (Title only, no further information)",Tennessee,2025-02-01,,Banned,1,1,1,Low Interest,1.11,0.0,-1.11,100.0,0.0,-100.0,Strong Decline,False,10.48
Diego Rivera: An Artist for the People,Texas,2024-09-01,Juvenile Nonfiction,Banned,1,1,1,Low Interest,1.11,0.0,-1.11,100.0,0.0,-100.0,Strong Decline,False,10.48
Gabriella and Alexander: Two Tales of Palace Intrigue and Royal Romance,Florida,2024-06-01,Fiction,Banned by Restriction,1,1,1,Low Interest,1.11,0.0,-1.11,100.0,0.0,-100.0,Strong Decline,False,10.48
"Guinness Book of World Records, 2018",Florida,2023-08-01,Video gamers,Banned Pending Investigation,1,1,1,Low Interest,1.11,0.0,-1.11,100.0,0.0,-100.0,Strong Decline,False,10.48
Hank and Jim: The Fifty-Year Friendship of Henry Fonda and James Stewart,Florida,2023-08-01,Biography & Autobiography,Banned Pending Investigation,1,1,1,Low Interest,1.11,0.0,-1.11,100.0,0.0,-100.0,Strong Decline,False,10.48
Hachiko: The True Story of a Loyal Dog,Florida,2022-01-01,"Picture Books, Dogs, Japan, Animals, Nonfiction, Childrens, Asia",Banned Pending Investigation,1,1,1,Low Interest,1.11,0.0,-1.11,100.0,0.0,-100.0,Strong Decline,False,10.48
Denton Little's Deathdate,Wisconsin,2023-11-01,"Young Adult, Humor, Science Fiction, Fiction, Contemporary, Mystery, Audiobook",Banned Pending Investigation,1,1,1,Low Interest,1.11,0.0,-1.11,100.0,0.0,-100.0,Strong Decline,False,10.48
Girl Boy Etc,Florida,2024-06-01,Fiction,Banned by Restriction,1,1,1,Low Interest,1.11,0.0,-1.11,100.0,0.0,-100.0,Strong Decline,False,10.48
Dear Juno,Florida,2022-01-01,"Picture Books, Family, Childrens, Cultural, Fiction, Writing, Asia",Banned Pending Investigation,1,1,1,Low Interest,1.11,0.0,-1.11,100.0,0.0,-100.0,Strong Decline,False,10.48
Outlaw Princess of Sherwood,Florida,2024-08-01,Juvenile Fiction,Banned by Restriction,1,1,1,Low Interest,1.11,0.0,-1.11,100.0,0.0,-100.0,Strong Decline,False,10.48
Pauli Murray: The Life of a Pioneering Feminist and Civil Rights Activist,Texas,2024-08-01,Juvenile Nonfiction,Banned by Restriction,1,1,1,Low Interest,1.11,0.0,-1.11,100.0,0.0,-100.0,Strong Decline,False,10.48
Hero Tales: A Family Treasury of True Stories from the Lives of Christian Heroes,Florida,2023-06-01,Christian biography,Banned from Libraries and Classrooms,1,1,1,Low Interest,1.11,0.0,-1.11,100.0,0.0,-100.0,Strong Decline,False,10.48
Overkill: Mass Murder and Serial Killing Exposed,Pennsylvania,2023-02-01,Social Science,Banned Pending Investigation,1,1,1,Low Interest,1.11,0.0,-1.11,100.0,0.0,-100.0,Strong Decline,False,10.48
Portraits of African-American Heroes,Florida,2023-07-01,"History, Nonfiction, Picture Books, African American, Childrens, Biography",Banned by Restriction,1,1,1,Low Interest,1.11,0.0,-1.11,100.0,0.0,-100.0,Strong Decline,False,10.48
Digital Art: A Complete Guide to Making Your Own Computer Artworks,Tennessee,2025-04-01,"Art, Computer art",Banned,1,1,1,Low Interest,1.11,0.0,-1.11,100.0,0.0,-100.0,Strong Decline,False,10.48
Quotations for Kids,Florida,2023-06-01,"Quotations, English",Banned from Libraries and Classrooms,1,1,1,Low Interest,1.11,0.0,-1.11,100.0,0.0,-100.0,Strong Decline,False,10.48
"Spy x Family, Vol. 3",Texas,2022-10-01,Comics & Graphic Novels,Banned from Libraries,1,1,1,Low Interest,1.11,0.0,-1.11,100.0,0.0,-100.0,Strong Decline,False,10.48
"Coyotes, Vol. 2",Missouri,2022-09-01,Comics & Graphic Novels,Banned Pending Investigation,1,1,1,Low Interest,1.11,0.0,-1.11,100.0,0.0,-100.0,Strong Decline,False,10.48
Court of the Undying Season,Texas,2024-08-01,Young Adult Fiction,Banned by Restriction,1,1,1,Low Interest,1.11,0.0,-1.11,100.0,0.0,-100.0,Strong Decline,False,10.48
The Last Exit to Normal,Texas,2021-12-01,"Young Adult, LGBT, Realistic Fiction, Teen, Fiction, Abuse, Gay",Banned from Libraries,2,1,2,Low Interest,1.11,0.0,-1.11,100.0,0.0,-100.0,Strong Decline,False,10.48
Notes from My Captivity,Tennessee,2024-10-01,Young Adult Fiction,Banned,1,1,1,Low Interest,1.11,0.0,-1.11,100.0,0.0,-100.0,Strong Decline,False,10.48
Dash and Lily's Book of Dares,Florida,2023-08-01,"Young Adult, Romance, Contemporary, Christmas, Fiction, Holiday, Realistic Fiction",Banned Pending Investigation,2,1,2,Low Interest,1.11,0.0,-1.11,100.0,0.0,-100.0,Strong Decline,False,10.48
History of Western Art in Comics Part One: From Prehistory to the Renaissance,Missouri,2022-09-01,Juvenile Nonfiction,Banned Pending Investigation,1,1,1,Low Interest,1.11,0.0,-1.11,100.0,0.0,-100.0,Strong Decline,False,10.48
Pride: Celebrating Diversity & Community,Texas,2021-12-01,"Juvenile Nonfiction, Juvenile Fiction",Banned Pending Investigation,2,2,2,Low Interest,1.11,0.0,-1.11,100.0,0.0,-100.0,Strong Decline,False,10.48
Rebelwing,Florida,2023-08-01,Young Adult Fiction,Banned Pending Investigation,1,1,1,Low Interest,1.11,0.0,-1.11,100.0,0.0,-100.0,Strong Decline,False,10.48
Rabbit at Rest,Florida,2023-10-01,"Fiction, Classics, American, Novels, Literature, Literary Fiction, 20th Century",Banned,1,1,1,Low Interest,1.11,0.0,-1.11,100.0,0.0,-100.0,Strong Decline,False,10.48
Does My Head Look Big in This?,Florida,2023-08-01,"Young Adult, Fiction, Contemporary, Realistic Fiction, Religion, Islam, Teen",Banned Pending Investigation,2,1,2,Low Interest,1.11,0.0,-1.11,100.0,0.0,-100.0,Strong Decline,False,10.48
13 Artists Children Should Know,Texas,2024-08-01,"Juvenile Nonfiction, Art",Banned,1,1,1,Low Interest,1.11,0.0,-1.11,100.0,0.0,-100.0,Strong Decline,False,10.48
Cress Watercress,Florida,2024-02-01,"Middle Grade, Fantasy, Animals, Childrens, Fiction, Adventure, Family",Banned by Restriction,1,1,1,Low Interest,1.11,0.0,-1.11,100.0,0.0,-100.0,Strong Decline,False,10.48
Nothing Ever Happens Here,Texas,2024-08-01,Juvenile Fiction,Banned,2,2,2,Low Interest,1.11,0.0,-1.11,100.0,0.0,-100.0,Strong Decline,False,10.48
Before She Was Harriet,Florida,2022-01-01,"Picture Books, Biography, Nonfiction, History, Poetry, Childrens, African American",Banned Pending Investigation,2,1,2,Low Interest,1.11,0.0,-1.11,100.0,0.0,-100.0,Strong Decline,False,10.48
Projekt 1065: A Novel of World War II,Florida,2023-07-01,Juvenile Fiction,Banned,1,1,1,Low Interest,1.11,0.0,-1.11,100.0,0.0,-100.0,Strong Decline,False,10.48
Puberty is Gross but Also Really Awesome,Missouri,2022-09-01,Juvenile Nonfiction,Banned Pending Investigation,2,2,2,Low Interest,1.11,0.0,-1.11,100.0,0.0,-100.0,Strong Decline,False,10.48
Of Ice and Shadows (Of Fire and Stars Series),Texas,2021-12-01,"Fantasy, LGBT, Young Adult, Lesbian, Queer, Romance, Fiction",Banned Pending Investigation,2,2,2,Low Interest,1.11,0.0,-1.11,100.0,0.0,-100.0,Strong Decline,False,10.48
D'Aulaires Book of Greek Myths,Tennessee,2025-02-01,,Banned,1,1,1,Low Interest,1.11,0.0,-1.11,100.0,0.0,-100.0,Strong Decline,False,10.48
Diary of a Misfit: A Memoir and a Mystery,Kentucky,2023-10-01,Biography & Autobiography,Banned,3,3,3,Low Interest,1.11,0.0,-1.11,100.0,0.0,-100.0,Strong Decline,False,10.48
Project Mulberry,Florida,2023-07-01,"Juvenile Fiction, Friendship, History",Banned by Restriction,1,1,1,Low Interest,1.11,0.0,-1.11,100.0,0.0,-100.0,Strong Decline,False,10.48
1215: The Year of Magna Carta,Florida,2024-06-01,History,Banned by Restriction,1,1,1,Low Interest,1.11,0.0,-1.11,100.0,0.0,-100.0,Strong Decline,False,10.48
In the Houses of the Holy: Led Zeppelin and the Power of Rock Music,Texas,2024-08-01,Music,Banned by Restriction,1,1,1,Low Interest,1.11,0.0,-1.11,100.0,0.0,-100.0,Strong Decline,False,10.48
I'm with Cupid,Iowa,2024-06-01,Juvenile Fiction,Banned Pending Investigation,1,1,1,Low Interest,1.11,0.0,-1.11,100.0,0.0,-100.0,Strong Decline,False,10.48
Sometime After Midnight,Tennessee,2022-02-01,Young Adult Fiction,Banned Pending Investigation,1,1,1,Low Interest,1.11,0.0,-1.11,100.0,0.0,-100.0,Strong Decline,False,10.48
"Okay, Cupid",Texas,2024-08-01,Young Adult Fiction,Banned,2,2,2,Low Interest,1.11,0.0,-1.11,100.0,0.0,-100.0,Strong Decline,False,10.48
Social Intercourse,Tennessee,2024-10-01,"Young Adult Fiction, Alienation (Social psychology), Psychology, Rotuma Island (Fiji)",Banned,1,1,1,Low Interest,1.11,0.0,-1.11,100.0,0.0,-100.0,Strong Decline,False,10.48
Demian: Die Geschichte von Emil Sinclairs Jugend,Florida,2023-12-01,"Fiction, Classics, Philosophy, German Literature, Literature, Novels, Germany",Banned Pending Investigation,1,1,1,Low Interest,1.11,0.0,-1.11,100.0,0.0,-100.0,Strong Decline,False,10.48
The Fever Code,Florida,2023-08-01,"Juvenile Fiction, Young Adult Fiction",Banned by Restriction,2,2,2,Low Interest,1.11,0.0,-1.11,100.0,0.0,-100.0,Strong Decline,False,10.48
"Sleeping Beauties, Vol. 1",Tennessee,2025-04-01,Comics & Graphic Novels,Banned,1,1,1,Low Interest,1.11,0.0,-1.11,100.0,0.0,-100.0,Strong Decline,False,10.48
My Wicked Wicked Ways: Poems,Florida,2024-06-01,"Poetry, Fiction, Latino, Feminism, Contemporary, Latin American, Womens",Banned by Restriction,1,1,1,Low Interest,1.11,0.0,-1.11,100.0,0.0,-100.0,Strong Decline,False,10.48
The Butterfly Clues,Florida,2023-08-01,"Juvenile Fiction, Brothers",Banned Pending Investigation,2,2,2,Low Interest,1.11,0.0,-1.11,100.0,0.0,-100.0,Strong Decline,False,10.48
The Gods of Tango,Texas,2021-12-01,"Historical Fiction, Fiction, LGBT, Queer, Historical, Music, Romance",Banned Pending Investigation,2,1,2,Low Interest,1.11,0.0,-1.11,100.0,0.0,-100.0,Strong Decline,False,10.48
InuYasha Vol. 1,Tennessee,2025-05-01,Comics & Graphic Novels,Banned,1,1,1,Low Interest,1.11,0.0,-1.11,100.0,0.0,-100.0,Strong Decline,False,10.48
Sister Wendy's Story of Painting: The Essential Guide to the History of Western Art,Tennessee,2025-04-01,"Painting, American, Art",Banned,1,1,1,Low Interest,1.11,0.0,-1.11,100.0,0.0,-100.0,Strong Decline,False,10.48
Near-Death Experiences,Texas,2025-01-01,"Juvenile Nonfiction, Body, Mind & Spirit",Banned,1,1,1,Low Interest,1.11,0.0,-1.11,100.0,0.0,-100.0,Strong Decline,False,10.48
"So Cute It Hurts!!, Vol. 13",Tennessee,2025-04-01,Comics & Graphic Novels,Banned,1,1,1,Low Interest,1.11,0.0,-1.11,100.0,0.0,-100.0,Strong Decline,False,10.48
My Life as an Ice Cream Sandwich,Florida,2023-06-01,"African Americans, Juvenile Fiction",Banned Pending Investigation,1,1,1,Low Interest,1.11,0.0,-1.11,100.0,0.0,-100.0,Strong Decline,False,10.48
My Moms Love Me,Iowa,2023-10-01,"Picture Books, LGBT, Family, Childrens, Storytime, Queer, Love",Banned Pending Investigation,1,1,1,Low Interest,1.11,0.0,-1.11,100.0,0.0,-100.0,Strong Decline,False,10.48
Children's Book of Art,Texas,2024-08-01,Juvenile Nonfiction,Banned,1,1,1,Low Interest,1.11,0.0,-1.11,100.0,0.0,-100.0,Strong Decline,False,10.48
Eleanor and Park,Florida,2023-08-01,Juvenile Fiction,Banned,26,8,26,Moderate Interest,6.58,5.44,-1.1399999999999997,100.0,100.0,-17.23,Decline,False,21.91
The Murder Room,Florida,2023-08-01,"Fiction, Dalgliesh, Adam (Fictitious character)",Banned Pending Investigation,1,1,1,Moderate Interest,6.19,5.01,-1.1800000000000006,100.0,100.0,-19.03,Decline,False,20.45
All My Friends Are Dead,Florida,2024-06-01,"Humor, Fiction, Graphic Novels, Picture Books, Comics, Comedy, Childrens",Banned by Restriction,1,1,1,Popular,24.47,23.24,-1.2300000000000004,100.0,100.0,-5.0,No Change,False,31.63
Ride On,Florida,2024-08-01,"Juvenile Fiction, Fiction, Riding clubs",Banned by Restriction,1,1,1,Very Popular,81.34,80.11,-1.230000000000004,100.0,100.0,-1.52,No Change,False,7.4
Princess Mia,Florida,2025-04-01,"Young Adult Fiction, Juvenile Fiction, Juvenile Nonfiction, Diary fiction, American",Banned Pending Investigation,1,1,1,Moderate Interest,10.8,9.53,-1.2700000000000014,100.0,100.0,-11.73,Decline,False,25.89
Revelations,Texas,2022-10-01,"Vampires, Young Adult, Horror, Paranormal, Angels, Fantasy, Romance",Banned from Libraries,4,2,4,Very Popular,65.28,64.0,-1.2800000000000011,100.0,100.0,-1.96,No Change,False,9.41
Crown of Feathers (Crown of Feathers Series),Tennessee,2022-02-01,"Fantasy, Young Adult, Young Adult Fantasy, Fiction, Romance, High Fantasy, Audiobook",Banned Pending Investigation,1,1,1,Low Interest,2.41,1.11,-1.3,100.0,100.0,-53.92,Strong Decline,False,12.09
Fly Away,Florida,2023-12-01,"Fiction, Chick Lit, Audiobook, Contemporary, Romance, Adult, Drama",Banned Pending Investigation,2,2,2,Very Popular,74.97,73.66,-1.3100000000000023,100.0,100.0,-1.75,No Change,False,10.17
Hard Eight,Florida,2023-10-01,"Mystery, Fiction, Humor, Chick Lit, Romance, Crime, Comedy",Banned,2,1,2,Popular,48.06,46.71,-1.3500000000000014,100.0,100.0,-2.8,No Change,False,21.79
The Memory Book,Florida,2023-12-01,"Young Adult Fiction, Juvenile Fiction, Fiction, Memory",Banned Pending Investigation,1,1,1,Popular,42.0,40.62,-1.3800000000000026,100.0,100.0,-3.28,No Change,False,27.82
The Mirror Season,Texas,2024-08-01,"Young Adult Fiction, Juvenile Fiction, Fiction",Banned by Restriction,1,1,1,Moderate Interest,7.29,5.87,-1.42,100.0,100.0,-19.51,Decline,False,22.82
Golden Boy,Tennessee,2022-02-01,"Fiction, Young Adult, LGBT, Contemporary, Queer, Coming Of Age, Adult",Banned Pending Investigation,1,1,1,Very Popular,53.14,51.7,-1.4399999999999977,100.0,100.0,-2.72,No Change,False,11.59
Iron Widow,Florida,2024-06-01,"Fantasy, Science Fiction, Young Adult, LGBT, Queer, Fiction, Romance",Banned by Restriction,1,1,1,Moderate Interest,16.52,15.08,-1.4399999999999995,100.0,100.0,-8.74,No Change,False,29.11
The Picture of Dorian Gray,Iowa,2023-10-01,"Classics, Fiction, Horror, Gothic, Fantasy, Literature, Novels",Banned,2,1,2,Popular,35.73,34.28,-1.4499999999999957,100.0,100.0,-4.07,No Change,False,18.11
The Dog Knight,Texas,2024-08-01,Juvenile Fiction,Banned,2,2,2,Low Interest,3.59,2.13,-1.46,100.0,100.0,-40.56,Decline,False,15.56
The Magician King,Florida,2023-10-01,"Fantasy, Fiction, Magic, Audiobook, Urban Fantasy, Science Fiction Fantasy, Young Adult",Banned,4,1,4,Low Interest,2.58,1.11,-1.47,100.0,100.0,-56.9,Strong Decline,False,12.49
Nobody Does It Better,Iowa,2024-06-01,Young Adult Fiction,Banned,1,1,1,Low Interest,4.81,3.31,-1.4999999999999996,100.0,100.0,-31.18,Decline,False,17.95
My Rainbow,Florida,2022-07-01,Juvenile Nonfiction,Banned Pending Investigation,6,4,6,Very Popular,74.72,73.21,-1.5100000000000051,100.0,100.0,-2.02,No Change,False,10.11
The Choice,Florida,2024-06-01,"Romance, Fiction, Chick Lit, Contemporary, Adult, Adult Fiction, Contemporary Romance",Banned by Restriction,2,1,2,Very Popular,55.84,54.32,-1.5200000000000031,100.0,100.0,-2.73,No Change,False,14.7
The Day of the Jackal,Florida,2024-05-01,"Fiction, Thriller, Mystery, Crime, Espionage, Historical Fiction, Mystery Thriller",Banned,3,1,3,Low Interest,4.44,2.91,-1.5300000000000002,100.0,100.0,-34.5,Decline,False,14.68
Stay In Line,Florida,2023-12-01,,Banned Pending Investigation,1,1,1,Very Popular,50.11,48.58,-1.5300000000000011,100.0,100.0,-3.06,No Change,False,23.61
The Boy I Love,Texas,2022-01-01,"Young Adult, Romance, LGBT, Contemporary",Banned Pending Investigation,2,1,2,Popular,46.06,44.51,-1.5500000000000043,100.0,100.0,-3.35,No Change,False,23.84
Perfect (CA),Texas,2025-01-01,"Young Adult, Mystery, Fiction, Contemporary, Romance, Chick Lit, Thriller",Banned by Restriction,1,1,1,Moderate Interest,14.24,12.66,-1.58,100.0,100.0,-11.15,Decline,False,29.39
TTYL,Florida,2025-06-01,"Young Adult, Fiction, Contemporary, Realistic Fiction, Chick Lit, Banned Books, Romance",Banned,1,1,1,Very Popular,68.37,66.78,-1.5900000000000034,100.0,100.0,-2.32,No Change,False,13.42
Too Bright to See,Florida,2022-07-01,Juvenile Fiction,Banned Pending Investigation,13,6,13,Low Interest,2.71,1.11,-1.5999999999999999,100.0,100.0,-59.02,Strong Decline,False,12.86
Heather Has Two Mommies,Pennsylvania,2021-12-01,"LGBT, Picture Books, Banned Books, Childrens, Fiction, Family, Queer",Banned from Libraries and Classrooms,1,1,1,Low Interest,1.62,0.0,-1.62,100.0,0.0,-100.0,Strong Decline,False,10.97
99 Days,Florida,2023-08-01,Young Adult Fiction,Banned Pending Investigation,3,2,3,Popular,24.34,22.72,-1.620000000000001,100.0,100.0,-6.66,No Change,False,27.16
The Bean Trees,Florida,2023-08-01,"Fiction, Contemporary, Literary Fiction, Novels, Adult Fiction, Classics, Adult",Banned Pending Investigation,1,1,1,Moderate Interest,10.06,8.42,-1.6400000000000006,100.0,100.0,-16.24,Decline,False,23.48
Romiette and Julio,Florida,2022-05-01,"Young Adult, Romance, Fiction, Realistic Fiction, Retellings, African American, Teen",Banned from Libraries,1,1,1,Low Interest,2.77,1.11,-1.66,100.0,100.0,-59.84,Strong Decline,False,13.0
10th Anniversary,Iowa,2024-06-01,"Mystery, Fiction, Crime, Thriller, Suspense, Mystery Thriller, Audiobook",Banned,1,1,1,Very Popular,52.79,51.11,-1.6799999999999997,100.0,100.0,-3.18,No Change,False,13.22
It Ends With Us,Florida,2022-10-01,"Romance, Fiction, Contemporary, New Adult, Contemporary Romance, Audiobook, Adult",Banned Pending Investigation,31,13,31,Popular,40.19,38.51,-1.6799999999999997,100.0,100.0,-4.17,No Change,False,12.68
Desert Angel,Tennessee,2025-02-01,"California, Body, Mind & Spirit, Angels",Banned,1,1,1,Low Interest,4.73,3.04,-1.6900000000000004,100.0,100.0,-35.68,Decline,False,18.13
Dark Lover,Iowa,2024-06-01,"Paranormal, Vampires, Paranormal Romance, Fantasy, Urban Fantasy, Adult, Fiction",Banned Pending Investigation,1,1,1,Low Interest,3.81,2.11,-1.7000000000000002,100.0,100.0,-44.61,Decline,False,16.16
"Locke & Key (Series, Title Not Specified)",Tennessee,2025-04-01,Comics & Graphic Novels,Banned,1,1,1,Low Interest,1.73,0.0,-1.73,100.0,0.0,-100.0,Strong Decline,False,11.96
The Graduate,Florida,2023-12-01,"Drama, Reference, Business schools",Banned Pending Investigation,1,1,1,Very Popular,72.06,70.32,-1.740000000000009,100.0,100.0,-2.41,No Change,False,14.91
The Wedding,Florida,2024-06-01,"Romance, Fiction, Chick Lit, Contemporary, Adult, Contemporary Romance, Adult Fiction",Banned by Restriction,2,2,2,Very Popular,77.86,76.11,-1.75,100.0,100.0,-2.24,No Change,False,7.69
The Program,Texas,2022-10-01,"Young Adult, Dystopia, Romance, Science Fiction, Fiction, Mental Health, Fantasy",Banned from Libraries,4,2,4,Very Popular,75.62,73.83,-1.7900000000000063,100.0,100.0,-2.37,No Change,False,16.16
Six of Crows (Six of Crows Series),Tennessee,2022-02-01,"Fantasy, Young Adult, Fiction, Young Adult Fantasy, Romance, LGBT, Adventure",Banned Pending Investigation,1,1,1,Low Interest,3.91,2.09,-1.8200000000000003,100.0,100.0,-46.59,Decline,False,16.22
Wither,Florida,2023-06-01,"Juvenile Fiction, Young Adult Fiction, Genetic engineering, Fiction",Banned Pending Investigation,2,1,2,Very Popular,75.77,73.94,-1.8299999999999983,100.0,100.0,-2.41,No Change,False,10.51
All the Stars and Teeth,Iowa,2023-10-01,"Young Adult Fiction, Fiction, Juvenile Fiction",Banned Pending Investigation,1,1,1,Low Interest,1.83,0.0,-1.83,100.0,0.0,-100.0,Strong Decline,False,12.44
The Book of David,Florida,2023-10-01,Young Adult Fiction,Banned,2,2,2,Very Popular,56.58,54.74,-1.8399999999999963,100.0,100.0,-3.24,No Change,False,18.14
Enough,Florida,2023-08-01,"Young Adult Fiction, Ballistic missile defenses",Banned Pending Investigation,1,1,1,Very Popular,84.53,82.69,-1.8400000000000034,100.0,100.0,-2.18,No Change,False,5.65
The Spectacular Now,Florida,2023-12-01,"Young Adult, Contemporary, Romance, Fiction, Realistic Fiction, Coming Of Age, Young Adult Contemporary",Banned Pending Investigation,1,1,1,Moderate Interest,11.48,9.63,-1.8499999999999996,100.0,100.0,-16.07,Decline,False,25.88
Alien Abductions,Tennessee,2025-02-01,"Juvenile Nonfiction, Alien abduction, Unidentified flying objects",Banned,1,1,1,Low Interest,1.86,0.0,-1.86,100.0,0.0,-100.0,Strong Decline,False,12.55
The Secret Box,Texas,2025-04-01,Juvenile Fiction,Banned,1,1,1,Popular,22.6,20.73,-1.870000000000001,100.0,100.0,-8.26,No Change,False,31.33
The Thousandth Floor,Texas,2022-10-01,Young Adult Fiction,Banned from Libraries,5,2,5,Low Interest,1.88,0.0,-1.88,100.0,0.0,-100.0,Strong Decline,False,12.67
Violet Made of Thorns,Iowa,2023-10-01,"Young Adult Fiction, Fiction",Banned,1,1,1,Low Interest,1.88,0.0,-1.88,100.0,0.0,-100.0,Strong Decline,False,12.67
The Love that Split the World,Iowa,2023-10-01,"Young Adult, Romance, Fantasy, Contemporary, Time Travel, Magical Realism, Fiction",Banned,1,1,1,Low Interest,1.89,0.0,-1.89,100.0,0.0,-100.0,Strong Decline,False,12.73
Front Desk,Florida,2023-06-01,"Middle Grade, Realistic Fiction, Fiction, Childrens, Audiobook, Historical Fiction, Contemporary",Banned Pending Investigation,2,1,2,Very Popular,82.03,80.14,-1.8900000000000006,100.0,100.0,-2.3,No Change,False,11.19
Men Without Women,Florida,2024-06-01,"Short Stories, Fiction, Japanese Literature, Contemporary, Magical Realism, Literature, Audiobook",Banned by Restriction,1,1,1,Very Popular,51.67,49.77,-1.8999999999999986,100.0,100.0,-3.68,No Change,False,26.19
The Elephant in the Room,Florida,2023-06-01,"Juvenile Fiction, New Jersey",Banned Pending Investigation,1,1,1,Very Popular,55.39,53.49,-1.8999999999999986,100.0,100.0,-3.43,No Change,False,23.46
Revolting Rhymes,Florida,2024-02-01,"Poetry, Childrens, Fiction, Fantasy, Humor, Classics, Picture Books",Banned by Restriction,2,1,2,Low Interest,1.9,0.0,-1.9,100.0,0.0,-100.0,Strong Decline,False,12.79
Killer of Enemies,Texas,2023-03-01,Young Adult Fiction,Banned from Libraries,1,1,1,Low Interest,1.91,0.0,-1.91,100.0,0.0,-100.0,Strong Decline,False,12.85
ttyl (Internet Girls Series),Wisconsin,2021-12-01,"Young Adult, Fiction, Contemporary, Realistic Fiction, Chick Lit, Banned Books, Romance",Banned from Libraries,2,2,2,Low Interest,1.91,0.0,-1.91,100.0,0.0,-100.0,Strong Decline,False,12.85
The Darkness Outside Us,Tennessee,2022-02-01,"Science Fiction, LGBT, Young Adult, Queer, Fantasy, Fiction, Audiobook",Banned Pending Investigation,1,1,1,Low Interest,1.91,0.0,-1.91,100.0,0.0,-100.0,Strong Decline,False,12.85
Counterfeit Son,Florida,2023-07-01,"Young Adult, Mystery, Fiction, Thriller, Realistic Fiction, Abuse, Teen",Banned Pending Investigation,1,1,1,Low Interest,1.91,0.0,-1.91,100.0,0.0,-100.0,Strong Decline,False,12.85
How Stella Got Her Groove Back,Florida,2023-10-01,"Fiction, African American actors",Banned,1,1,1,Low Interest,4.42,2.51,-1.9100000000000001,100.0,100.0,-43.22,Decline,False,16.5
LGBTQ In America,Kentucky,2023-10-01,Gay rights,Banned,3,2,3,Low Interest,3.04,1.11,-1.93,100.0,100.0,-63.5,Strong Decline,False,13.82
Michelangelo Buonarroti,Tennessee,2025-04-01,"Art, Painters, Painting, Italian",Banned,1,1,1,Low Interest,3.04,1.11,-1.93,100.0,100.0,-63.5,Strong Decline,False,13.83
Lore Olympus: Volume Four,Florida,2023-08-01,"Graphic Novels, Fantasy, Romance, Mythology, Comics, Retellings, Greek Mythology",Banned Pending Investigation,1,1,1,Low Interest,1.93,0.0,-1.93,100.0,0.0,-100.0,Strong Decline,False,12.97
Until Friday Night,Florida,2023-09-01,"Romance, Young Adult, Contemporary, Sports, Sports Romance, New Adult, High School",Banned,4,1,4,Low Interest,1.94,0.0,-1.94,100.0,0.0,-100.0,Strong Decline,False,13.03
Tell Me How You Really Feel,Florida,2023-07-01,"Romance, LGBT, Young Adult, Contemporary, Lesbian, Queer, Fiction",Banned Pending Investigation,1,1,1,Low Interest,1.94,0.0,-1.94,100.0,0.0,-100.0,Strong Decline,False,13.03
The Waste Lands,Florida,2023-08-01,"Fantasy, Fiction, Horror, Science Fiction, Audiobook, Adventure, Westerns",Banned,6,2,6,Low Interest,1.94,0.0,-1.94,100.0,0.0,-100.0,Strong Decline,False,13.03
The Here and Now,Florida,2023-08-01,Juvenile Fiction,Banned Pending Investigation,2,1,2,Very Popular,59.13,57.17,-1.9600000000000009,100.0,100.0,-3.33,No Change,False,18.34
The Truth about Forever,Florida,2023-08-01,"Young Adult, Romance, Contemporary, Fiction, Chick Lit, Realistic Fiction, Teen",Banned Pending Investigation,3,2,3,Low Interest,1.97,0.0,-1.97,100.0,0.0,-100.0,Strong Decline,False,13.16
The Vanquishers,Florida,2024-06-01,"Middle Grade, Fantasy, Vampires, Horror, Paranormal, Mystery, Childrens",Banned Pending Investigation,1,1,1,Low Interest,1.97,0.0,-1.97,100.0,0.0,-100.0,Strong Decline,False,13.16
The Food Chain (Play),Florida,2024-06-01,"Plays, Theatre, Drama",Banned by Restriction,1,1,1,Low Interest,3.09,1.11,-1.9799999999999998,100.0,100.0,-64.03,Strong Decline,False,13.95
Blackwood Farm,Florida,2023-10-01,Fiction,Banned,1,1,1,Low Interest,3.1,1.11,-1.99,100.0,100.0,-64.16,Strong Decline,False,14.0
The Year I Didn't Eat,Texas,2025-04-01,Young Adult Fiction,Banned,1,1,1,Low Interest,2.0,0.0,-2.0,100.0,0.0,-100.0,Strong Decline,False,13.35
The Long Road to Gettysburg,Tennessee,2025-02-01,"Juvenile Nonfiction, History, Diaries",Banned,1,1,1,Low Interest,2.0,0.0,-2.0,100.0,0.0,-100.0,Strong Decline,False,13.35
Un final para Rachel,Florida,2023-08-01,"Young Adult Fiction, Families",Banned Pending Investigation,1,1,1,Low Interest,2.01,0.0,-2.01,100.0,0.0,-100.0,Strong Decline,False,13.42
Dear Medusa,Texas,2024-06-01,"Poetry, Young Adult, Contemporary, LGBT, Mental Health, Fiction, Queer",Banned,2,2,2,Low Interest,2.01,0.0,-2.01,100.0,0.0,-100.0,Strong Decline,False,13.42
Imagine Me,Virginia,2023-01-01,"Fantasy, Dystopia, Romance, Young Adult, Science Fiction, Fiction, Romantasy",Banned from Libraries and Classrooms,5,4,5,Very Popular,68.97,66.96,-2.010000000000005,100.0,100.0,-2.92,No Change,False,11.18
50 Artists You Should Know,Missouri,2022-09-01,Art,Banned Pending Investigation,1,1,1,Low Interest,2.03,0.0,-2.03,100.0,0.0,-100.0,Strong Decline,False,13.55
The Many Half-Lived Lives of Sam Sylvester,Texas,2024-08-01,Young Adult Fiction,Banned,2,2,2,Low Interest,2.03,0.0,-2.03,100.0,0.0,-100.0,Strong Decline,False,13.55
Identity: A Story of Transitioning,Texas,2021-12-01,"Graphic Novels, Comics, Young Adult, LGBT, Queer, Graphic Novels Manga, Coming Of Age",Banned Pending Investigation,4,3,4,Low Interest,2.03,0.0,-2.03,100.0,0.0,-100.0,Strong Decline,False,13.55
My Two Moms and Me,Florida,2022-01-01,"LGBT, Picture Books, Family, Childrens, Banned Books, Queer, Lesbian",Banned Pending Investigation,1,1,1,Low Interest,2.03,0.0,-2.03,100.0,0.0,-100.0,Strong Decline,False,13.55
Things We Couldn't Say,Tennessee,2022-02-01,"Young Adult, LGBT, Contemporary, Romance, Queer, Fiction, Sports",Banned Pending Investigation,5,3,5,Low Interest,2.04,0.0,-2.04,100.0,0.0,-100.0,Strong Decline,False,13.61
"Beyond the Clouds: The Girl Who Fell from the Sky (Series, Title Not Specified)",Texas,2024-08-01,Comics & Graphic Novels,Banned,1,1,1,Low Interest,2.04,0.0,-2.04,100.0,0.0,-100.0,Strong Decline,False,13.61
Cursed Pirate Girl,Texas,2022-09-01,"Juvenile Fiction, Comics & Graphic Novels, Art, Fantasy comic books, strips, etc",Banned from Libraries and Classrooms,1,1,1,Low Interest,2.04,0.0,-2.04,100.0,0.0,-100.0,Strong Decline,False,13.61
Chain Of Thorns,Florida,2023-12-01,"Fantasy, Young Adult, Romance, Historical Fiction, Young Adult Fantasy, Paranormal, Urban Fantasy",Banned Pending Investigation,1,1,1,Low Interest,3.17,1.11,-2.0599999999999996,100.0,100.0,-64.91,Strong Decline,False,14.2
Unusual Chickens for the Exceptional Poultry Farmer (Unusual Chickens Series),Florida,2022-01-01,"Middle Grade, Fantasy, Humor, Animals, Childrens, Fiction, Magical Realism",Banned Pending Investigation,1,1,1,Low Interest,2.06,0.0,-2.06,100.0,0.0,-100.0,Strong Decline,False,13.68
"Dragon Ball, Vol. 9",Florida,2023-10-01,"Comics & Graphic Novels, Juvenile Fiction",Banned,2,2,2,Low Interest,2.06,0.0,-2.06,100.0,0.0,-100.0,Strong Decline,False,13.68
The Dharma Bums,Florida,2023-10-01,"Fiction, Classics, Literature, Novels, Travel, Philosophy, American",Banned Pending Investigation,1,1,1,Low Interest,2.06,0.0,-2.06,100.0,0.0,-100.0,Strong Decline,False,13.68
The Forest of Hands and Teeth,Texas,2022-10-01,"Young Adult, Zombies, Horror, Fantasy, Dystopia, Fiction, Post Apocalyptic",Banned from Libraries,1,1,1,Low Interest,2.07,0.0,-2.07,100.0,0.0,-100.0,Strong Decline,False,13.75
"Fabulous Creatures, Mythical Monsters, and Animal Power Symbols: A Handbook",Texas,2024-09-01,Social Science,Banned,1,1,1,Low Interest,2.07,0.0,-2.07,100.0,0.0,-100.0,Strong Decline,False,13.75
The Girls I've Been,Tennessee,2022-02-01,"Young Adult, Thriller, LGBT, Mystery, Contemporary, Fiction, Lesbian",Banned Pending Investigation,5,4,5,Low Interest,3.18,1.11,-2.0700000000000003,100.0,100.0,-65.03,Strong Decline,False,14.23
Freedom's Choice,Florida,2024-06-01,"Fiction, Science fiction, American",Banned by Restriction,1,1,1,Low Interest,2.08,0.0,-2.08,100.0,0.0,-100.0,Strong Decline,False,13.82
God: A Brief History,Tennessee,2025-04-01,"Religion, Philosophy, God",Banned,1,1,1,Low Interest,2.08,0.0,-2.08,100.0,0.0,-100.0,Strong Decline,False,13.82
"Naruto, Vol. 52: Cell Seven Reunion",Florida,2023-08-01,"Comics & Graphic Novels, Graphic novels",Banned Pending Investigation,1,1,1,Low Interest,2.09,0.0,-2.09,100.0,0.0,-100.0,Strong Decline,False,13.88
A Sin Such As This,Iowa,2023-10-01,"Romance, Fiction, Contemporary, Adult, Mystery, Thriller, Poetry",Banned Pending Investigation,4,2,4,Low Interest,2.09,0.0,-2.09,100.0,0.0,-100.0,Strong Decline,False,13.88
"Today, Tonight, Tomorrow",Florida,2023-08-01,Young Adult Fiction,Banned by Restriction,3,1,2,Low Interest,2.09,0.0,-2.09,100.0,0.0,-100.0,Strong Decline,False,13.88
And Eternity,Florida,2024-06-01,"Fiction, Philosophy",Banned by Restriction,1,1,1,Very Popular,59.53,57.44,-2.0900000000000034,100.0,100.0,-3.51,No Change,False,19.99
Rainbow Road,Florida,2023-06-01,Young Adult Fiction,Banned Pending Investigation,5,2,5,Very Popular,68.11,66.01,-2.0999999999999943,100.0,100.0,-3.08,No Change,False,12.53
Flesh and Spirit,Florida,2024-06-01,Photography,Banned by Restriction,1,1,1,Moderate Interest,6.81,4.71,-2.0999999999999996,100.0,100.0,-30.83,Decline,False,19.85
The Artist's Eye,Tennessee,2025-02-01,"Architecture, Art",Banned,1,1,1,Low Interest,2.1,0.0,-2.1,100.0,0.0,-100.0,Strong Decline,False,13.95
"The Early Modern World, 1492 to 1783",Texas,2025-03-01,,Banned,1,1,1,Low Interest,2.1,0.0,-2.1,100.0,0.0,-100.0,Strong Decline,False,13.95
"Two Parties, One Tux, and a Very Short Film about The Grapes of Wrath",Texas,2021-12-01,"Fiction, Juvenile Fiction",Banned Pending Investigation,2,2,2,Low Interest,2.1,0.0,-2.1,100.0,0.0,-100.0,Strong Decline,False,13.95
I Am Alfonso Jones,Florida,2021-11-01,"Graphic Novels, Young Adult, Fiction, Realistic Fiction, Comics, Contemporary, Social Justice",Banned from Libraries and Classrooms,3,2,3,Low Interest,2.1,0.0,-2.1,100.0,0.0,-100.0,Strong Decline,False,13.95
"Naruto (Series, Title Not Specified)",Texas,2024-12-01,"Comics & Graphic Novels, Graphic novel, Art",Banned,1,1,1,Low Interest,2.11,0.0,-2.11,100.0,0.0,-100.0,Strong Decline,False,14.02
"Art: Over 2,500 Works from Cave to Contemporary",Texas,2024-08-01,"Art, Postmodernism",Banned,1,1,1,Low Interest,2.11,0.0,-2.11,100.0,0.0,-100.0,Strong Decline,False,14.02
Kingdom of the Feared,Iowa,2024-06-01,Young Adult Fiction,Banned,4,3,4,Low Interest,2.11,0.0,-2.11,100.0,0.0,-100.0,Strong Decline,False,14.02
In the Lake of the Woods,Texas,2022-10-01,"Fiction, Domestic fiction, Married people",Banned Pending Investigation,1,1,1,Moderate Interest,15.86,13.74,-2.119999999999999,100.0,100.0,-13.31,Decline,False,29.17
"TBH, IDK What's Next",Florida,2024-08-01,"Juvenile Nonfiction, Juvenile Fiction",Banned by Restriction,1,1,1,Low Interest,2.12,0.0,-2.12,100.0,0.0,-100.0,Strong Decline,False,14.09
Tin Star,Florida,2023-08-01,"Science Fiction, Young Adult, Aliens, Space, Romance, Fiction, Dystopia",Banned Pending Investigation,1,1,1,Very Popular,52.66,50.53,-2.1299999999999955,100.0,100.0,-4.03,No Change,False,23.52
After (AE),Florida,2023-08-01,"New Adult, Contemporary, Young Adult, Fiction, College, Contemporary Romance, Enemies To Lovers",Banned by Restriction,9,5,9,Moderate Interest,13.1,10.97,-2.129999999999999,100.0,100.0,-16.28,Decline,False,27.38
The LGBT Rights Movement,Texas,2024-08-01,Gay rights,Banned,2,2,2,Low Interest,2.13,0.0,-2.13,100.0,0.0,-100.0,Strong Decline,False,14.16
Violet y Finch,Texas,2025-05-01,"Emotional problems, Juvenile Fiction",Banned,1,1,1,Low Interest,2.13,0.0,-2.13,100.0,0.0,-100.0,Strong Decline,False,14.16
So Much Closer,Iowa,2023-10-01,Young Adult Fiction,Banned Pending Investigation,2,2,2,Low Interest,4.21,2.07,-2.14,100.0,100.0,-50.92,Strong Decline,False,15.84
Twisted Myths: 20 Classic Stories With a Dark and Dangerous Heart,Tennessee,2025-04-01,Folklore,Banned,1,1,1,Low Interest,2.14,0.0,-2.14,100.0,0.0,-100.0,Strong Decline,False,14.23
The Afterlife: And Other Stories,Florida,2023-10-01,Fiction,Banned,1,1,1,Low Interest,2.14,0.0,-2.14,100.0,0.0,-100.0,Strong Decline,False,14.23
Lucky Penny,Florida,2023-08-01,"Graphic Novels, Romance, Young Adult, Humor, Fiction, Graphic Novels Comics, Contemporary",Banned Pending Investigation,1,1,1,Popular,38.06,35.92,-2.1400000000000006,100.0,100.0,-5.61,No Change,False,17.23
Abraham Lincoln: Vampire Hunter,Wisconsin,2023-11-01,"Fiction, Fantasy, Historical Fiction, Horror, Vampires, Paranormal, Historical",Banned Pending Investigation,1,1,1,Moderate Interest,13.32,11.18,-2.1400000000000006,100.0,100.0,-16.1,Decline,False,24.5
Corona cruel,Texas,2024-08-01,Young Adult Fiction,Banned,1,1,1,Low Interest,2.16,0.0,-2.16,100.0,0.0,-100.0,Strong Decline,False,14.31
Paul Gaugin,Tennessee,2025-04-01,,Banned,1,1,1,Low Interest,2.16,0.0,-2.16,100.0,0.0,-100.0,Strong Decline,False,14.31
Three Dark Crowns,Florida,2023-08-01,"Young Adult Fiction, Juvenile Fiction",Banned Pending Investigation,1,1,1,Low Interest,2.16,0.0,-2.16,100.0,0.0,-100.0,Strong Decline,False,14.31
"American Gods, Vol. 1: Shadows",Missouri,2022-10-01,"Comics & Graphic Novels, Fiction",Banned from Libraries and Classrooms,1,1,1,Low Interest,2.17,0.0,-2.17,100.0,0.0,-100.0,Strong Decline,False,14.38
Parents' Day,Iowa,2024-06-01,"COMICS & GRAPHIC NOVELS, Juvenile Fiction",Banned Pending Investigation,1,1,1,Low Interest,2.18,0.0,-2.18,100.0,0.0,-100.0,Strong Decline,False,14.45
The Last Time We Say Goodbye,Wisconsin,2023-11-01,"Young Adult Fiction, Juvenile Fiction",Banned Pending Investigation,1,1,1,Low Interest,2.18,0.0,-2.18,100.0,0.0,-100.0,Strong Decline,False,14.45
Secrets of the Human Body,Tennessee,2025-04-01,"SCIENCE, Human body, Juvenile Nonfiction",Banned,1,1,1,Low Interest,2.18,0.0,-2.18,100.0,0.0,-100.0,Strong Decline,False,14.45
We Speak in Storms,Florida,2023-08-01,Young Adult Fiction,Banned Pending Investigation,2,2,2,Low Interest,2.18,0.0,-2.18,100.0,0.0,-100.0,Strong Decline,False,14.45
The Captive Kingdom,Florida,2023-08-01,Juvenile Fiction,Banned by Restriction,1,1,1,Low Interest,2.19,0.0,-2.19,100.0,0.0,-100.0,Strong Decline,False,14.52
Frankie and Bug,Iowa,2023-10-01,"Middle Grade, LGBT, Historical Fiction, Realistic Fiction, Audiobook, Fiction, Historical",Banned Pending Investigation,4,4,4,Low Interest,2.19,0.0,-2.19,100.0,0.0,-100.0,Strong Decline,False,14.52
Those Who Save Us,Florida,2023-10-01,"Historical Fiction, Fiction, World War II, Holocaust, Historical, War, Germany",Banned,1,1,1,Low Interest,2.2,0.0,-2.2,100.0,0.0,-100.0,Strong Decline,False,14.59
Golden Boy: Blue-eyed Boy or Girl Next Door,Texas,2023-07-01,Fiction,Banned,2,2,2,Low Interest,2.2,0.0,-2.2,100.0,0.0,-100.0,Strong Decline,False,14.59
"Not Your Idol (Series, Title Not Specified)",Texas,2025-01-01,Comics & Graphic Novels,Banned,1,1,1,Low Interest,2.2,0.0,-2.2,100.0,0.0,-100.0,Strong Decline,False,14.59
Should Teens Have Access to Birth Control?,Texas,2021-12-01,"Birth control, Family & Relationships",Banned from Libraries,2,2,2,Low Interest,2.2,0.0,-2.2,100.0,0.0,-100.0,Strong Decline,False,14.59
Laverne Cox (ES),Texas,2024-08-01,Juvenile Nonfiction,Banned,2,2,2,Low Interest,2.21,0.0,-2.21,100.0,0.0,-100.0,Strong Decline,False,14.67
Just Shy of Ordinary,Texas,2024-08-01,Juvenile Fiction,Banned,2,2,2,Low Interest,2.22,0.0,-2.22,100.0,0.0,-100.0,Strong Decline,False,14.74
"The Human Body Book: An Illustrated Guide to its Structure, Function, and Disorders",Tennessee,2025-02-01,"Science, Human anatomy",Banned,1,1,1,Low Interest,2.22,0.0,-2.22,100.0,0.0,-100.0,Strong Decline,False,14.74
Swim the Fly,Florida,2023-08-01,Juvenile Fiction,Banned Pending Investigation,1,1,1,Low Interest,2.22,0.0,-2.22,100.0,0.0,-100.0,Strong Decline,False,14.74
Dragonquest,Florida,2023-08-01,Fiction,Banned Pending Investigation,1,1,1,Moderate Interest,5.77,3.54,-2.2299999999999995,100.0,100.0,-38.54,Decline,False,19.49
Snow Flower and the Secret Fan,Utah,2022-11-01,"Historical Fiction, Fiction, China, Historical, Asia, Book Club, Adult",Banned from Libraries and Classrooms,1,1,1,Low Interest,3.96,1.73,-2.23,100.0,100.0,-56.18,Strong Decline,False,15.28
The Christmas Story,Florida,2023-06-01,Christmas,Banned from Libraries and Classrooms,1,1,1,Very Popular,61.47,59.2,-2.269999999999996,100.0,100.0,-3.69,No Change,False,19.26
Human Trafficking,Iowa,2023-10-01,Political Science,Banned Pending Investigation,1,1,1,Popular,39.96,37.69,-2.270000000000003,100.0,100.0,-5.67,No Change,False,17.39
The Cruel Prince,Florida,2023-08-01,"Fantasy, Young Adult, Romance, Fiction, Young Adult Fantasy, Fae, Magic",Banned Pending Investigation,1,1,1,Very Popular,67.57,65.28,-2.289999999999992,100.0,100.0,-3.39,No Change,False,12.77
The Testaments,Texas,2021-11-01,"Fiction, Dystopia, Science Fiction, Feminism, Audiobook, Classics, Literary Fiction",Banned Pending Investigation,15,5,15,Low Interest,3.42,1.11,-2.3099999999999996,100.0,100.0,-67.53,Strong Decline,False,13.66
A Family Is a Family Is a Family,Florida,2022-01-01,"Picture Books, Family, LGBT, Childrens, Adoption, Fiction, Storytime",Banned Pending Investigation,3,2,3,Very Popular,75.11,72.79,-2.319999999999993,100.0,100.0,-3.09,No Change,False,14.22
The Sea of Tranquility,Florida,2024-04-01,"Romance, Young Adult, Contemporary, New Adult, Fiction, Contemporary Romance, Abuse",Banned,3,1,3,Low Interest,2.34,0.0,-2.34,100.0,0.0,-100.0,Strong Decline,False,13.24
Chew,Florida,2023-11-01,Comics & Graphic Novels,Banned Pending Investigation,1,1,1,Very Popular,90.16,87.78,-2.3799999999999955,100.0,100.0,-2.64,No Change,False,4.88
Reckless,Iowa,2024-06-01,"Juvenile Fiction, JUVENILE FICTION",Banned,1,1,1,Very Popular,58.36,55.97,-2.3900000000000006,100.0,100.0,-4.09,No Change,False,7.27
Know My Name,Iowa,2024-06-01,"Nonfiction, Memoir, Audiobook, Feminism, Biography, True Crime, Biography Memoir",Banned Pending Investigation,1,1,1,Very Popular,77.39,74.99,-2.4000000000000057,100.0,100.0,-3.1,No Change,False,10.01
Before,Florida,2023-08-01,Fiction,Banned Pending Investigation,3,3,3,Very Popular,85.79,83.38,-2.410000000000011,100.0,100.0,-2.81,No Change,False,6.27
Stella,Florida,2023-06-01,,Banned Pending Investigation,1,1,1,Very Popular,80.93,78.5,-2.430000000000007,100.0,100.0,-3.01,No Change,False,6.94
Into White,Florida,2023-12-01,"Young Adult, Fiction, Magical Realism, Audiobook, African American, Race, Cultural",Banned Pending Investigation,1,1,1,Very Popular,69.66,67.22,-2.4399999999999977,100.0,100.0,-3.49,No Change,False,17.89
The Firm,Florida,2023-08-01,"Fiction, Thriller, Mystery, Crime, Suspense, Mystery Thriller, Legal Thriller",Banned Pending Investigation,2,1,2,Very Popular,61.84,59.4,-2.440000000000005,100.0,100.0,-3.95,No Change,False,15.42
Scars,Texas,2021-12-01,"Young Adult, Mental Health, Fiction, Contemporary, Mental Illness, LGBT, Realistic Fiction",Banned Pending Investigation,12,5,12,Very Popular,84.37,81.92,-2.450000000000003,100.0,100.0,-2.9,No Change,False,7.24
Dark Flame,Florida,2023-08-01,"Young Adult, Fantasy, Paranormal, Romance, Fiction, Supernatural, Paranormal Romance",Banned Pending Investigation,2,2,2,Moderate Interest,18.86,16.39,-2.469999999999999,100.0,100.0,-13.08,Decline,False,27.04
Crescendo,Florida,2023-08-01,"Young Adult, Fantasy, Angels, Romance, Paranormal, Paranormal Romance, Supernatural",Banned Pending Investigation,1,1,1,Very Popular,66.71,64.24,-2.469999999999999,100.0,100.0,-3.7,No Change,False,12.12
Water For Elephants,Florida,2025-06-01,"Fiction, Historical Fiction, Romance, Historical, Adult, Adult Fiction, Contemporary",Banned,1,1,1,Popular,44.98,42.5,-2.479999999999997,100.0,100.0,-5.51,No Change,False,19.57
Tess of the D'Urbervilles,Florida,2023-08-01,"Classics, Fiction, Romance, Literature, Historical Fiction, 19th Century, Victorian",Banned Pending Investigation,1,1,1,Moderate Interest,5.08,2.58,-2.5,100.0,100.0,-49.23,Decline,False,17.95
Bumped,Florida,2022-09-01,Young Adult Fiction,Banned Pending Investigation,10,4,10,Very Popular,66.39,63.89,-2.5,100.0,100.0,-3.77,No Change,False,12.1
Vincent,Iowa,2023-10-01,"Graphic Novels, Art, Comics, Nonfiction, Biography, Graphic Novels Comics, History",Banned Pending Investigation,1,1,1,Very Popular,84.69,82.19,-2.5,100.0,100.0,-2.95,No Change,False,6.56
Luna nueva,Texas,2024-11-01,"Juvenile Fiction, High schools, Juvenile Nonfiction, Young Adult Fiction",Banned,1,1,1,Moderate Interest,12.0,9.47,-2.5299999999999994,100.0,100.0,-21.11,Decline,False,25.68
So Long and Thanks for All the Fish,Florida,2023-12-01,"Science Fiction, Fiction, Humor, Fantasy, Comedy, Science Fiction Fantasy, Audiobook",Banned Pending Investigation,1,1,1,Low Interest,3.67,1.11,-2.5599999999999996,100.0,100.0,-69.7,Strong Decline,False,13.38
Raven Summer,Tennessee,2024-10-01,Young Adult Fiction,Banned,1,1,1,Low Interest,3.69,1.11,-2.58,100.0,100.0,-69.88,Strong Decline,False,14.32
Serpent and Dove,Florida,2023-10-01,,Banned,3,2,3,Moderate Interest,6.86,4.27,-2.5900000000000007,100.0,100.0,-37.76,Decline,False,21.93
The Migration North,Texas,2021-12-01,Banned Books,Banned Pending Investigation,2,1,2,Moderate Interest,19.81,17.21,-2.599999999999998,100.0,100.0,-13.12,Decline,False,29.89
Night Road,Iowa,2023-10-01,Fiction,Banned Pending Investigation,1,1,1,Very Popular,73.2,70.57,-2.6300000000000097,100.0,100.0,-3.6,No Change,False,10.79
Heroes,Florida,2023-12-01,"Young Adult, Historical Fiction, Fiction, School, War, Historical, Classics",Banned Pending Investigation,1,1,1,Very Popular,86.73,84.1,-2.6300000000000097,100.0,100.0,-3.04,No Change,False,5.06
We Are All Liars,Florida,2024-06-01,Fiction,Banned by Restriction,1,1,1,Low Interest,3.76,1.11,-2.6499999999999995,100.0,100.0,-70.41,Strong Decline,False,14.5
Medieval Art,Texas,2024-11-01,"Art, Artists, Dutch",Banned,1,1,1,Very Popular,52.62,49.94,-2.6799999999999997,100.0,100.0,-5.09,No Change,False,20.71
I Am the Cheese,Florida,2024-06-01,"Young Adult, Fiction, Mystery, Classics, Teen, School, Thriller",Banned by Restriction,1,1,1,Low Interest,2.68,0.0,-2.68,100.0,0.0,-100.0,Strong Decline,False,14.67
Plague Land,Texas,2024-06-01,"Young Adult Fiction, Epidemics",Banned,2,2,2,Low Interest,2.72,0.0,-2.72,100.0,0.0,-100.0,Strong Decline,False,14.85
After We Collided,Florida,2023-08-01,"Romance, New Adult, Young Adult, Contemporary, Fiction, College, Contemporary Romance",Banned Pending Investigation,3,3,3,Popular,35.17,32.38,-2.789999999999999,100.0,100.0,-7.93,No Change,False,13.82
Cloud Atlas,Florida,2024-06-01,"Fiction, Science Fiction, Fantasy, Historical Fiction, Dystopia, Literary Fiction, Contemporary",Banned by Restriction,1,1,1,Popular,49.83,47.04,-2.789999999999999,100.0,100.0,-5.6,No Change,False,18.46
Breathless,Florida,2022-05-01,"Romance, Young Adult, Contemporary, Fiction, Realistic Fiction, Coming Of Age, Young Adult Contemporary",Banned Pending Investigation,13,6,13,Very Popular,63.01,60.21,-2.799999999999997,100.0,100.0,-4.44,No Change,False,9.5
Holding up the Universe,Pennsylvania,2023-02-01,"Young Adult, Romance, Contemporary, Fiction, Mental Health, Realistic Fiction, Audiobook",Banned Pending Investigation,1,1,1,Low Interest,3.91,1.11,-2.8,100.0,100.0,-71.59,Strong Decline,False,14.93
The Color of Heaven,Tennessee,2024-10-01,"Comics & Graphic Novels, First loves",Banned,1,1,1,Low Interest,2.82,0.0,-2.82,100.0,0.0,-100.0,Strong Decline,False,15.33
Nowhere Man,Florida,2024-06-01,Fiction,Banned by Restriction,1,1,1,Popular,48.26,45.44,-2.8200000000000003,100.0,100.0,-5.83,No Change,False,24.73
Diary of a Young Girl,Florida,2023-08-01,Accelerated readers,Banned Pending Investigation,1,1,1,Low Interest,2.83,0.0,-2.83,100.0,0.0,-100.0,Strong Decline,False,15.41
Sole: A Blue Novella,Florida,2024-06-01,Juvenile Fiction,Banned by Restriction,1,1,1,Low Interest,2.84,0.0,-2.84,100.0,0.0,-100.0,Strong Decline,False,15.45
Cold Day in the Sun,Florida,2023-08-01,"Romance, Young Adult, Sports, Contemporary, Hockey, Young Adult Romance, Sports Romance",Banned Pending Investigation,3,2,3,Low Interest,2.86,0.0,-2.86,100.0,0.0,-100.0,Strong Decline,False,15.57
In Every Life,Iowa,2024-06-01,"Juvenile Fiction, Religion",Banned Pending Investigation,1,1,1,Very Popular,58.16,55.27,-2.8899999999999935,100.0,100.0,-4.97,No Change,False,17.22
"My Family, Your Family, Our Family",Iowa,2024-06-01,,Banned by Restriction,1,1,1,Low Interest,2.9,0.0,-2.9,100.0,0.0,-100.0,Strong Decline,False,15.85
Such a Fun Age,Florida,2024-06-01,"Fiction, Contemporary, Audiobook, Literary Fiction, Adult, Race, Adult Fiction",Banned by Restriction,1,1,1,Moderate Interest,5.09,2.18,-2.9099999999999997,100.0,100.0,-57.21,Strong Decline,False,18.11
The Devil You Know,Florida,2023-08-01,Juvenile Fiction,Banned Pending Investigation,2,1,2,Popular,46.57,43.64,-2.9299999999999997,100.0,100.0,-6.28,No Change,False,21.22
Finding Your Identity,Texas,2024-09-01,Juvenile Nonfiction,Banned,1,1,1,Low Interest,2.96,0.0,-2.96,100.0,0.0,-100.0,Strong Decline,False,15.99
Batman: White Knight,Florida,2022-08-01,Comics & Graphic Novels,Banned Pending Investigation,6,2,5,Moderate Interest,8.67,5.71,-2.96,100.0,100.0,-34.1,Decline,False,22.67
She Gets the Girl,Maine,2023-08-01,Young Adult Fiction,Banned by Restriction,4,3,4,Popular,20.16,17.19,-2.969999999999999,100.0,100.0,-14.72,Decline,False,30.19
Be Loved,Iowa,2024-06-01,"Christian, Nonfiction, Personal Development, Christianity, Faith",Banned,1,1,1,Very Popular,77.08,74.09,-2.989999999999995,100.0,100.0,-3.88,No Change,False,9.11
Heart of A Champion,Florida,2025-06-01,Baseball,Banned by Restriction,1,1,1,Low Interest,4.97,1.98,-2.9899999999999998,100.0,100.0,-60.18,Strong Decline,False,16.36
Night Kites,Florida,2023-10-01,Young Adult Fiction,Banned,1,1,1,Low Interest,2.99,0.0,-2.99,100.0,0.0,-100.0,Strong Decline,False,16.16
The Edge,Texas,2022-10-01,"Young Adult Fiction, Photography, Fiction, History",Banned from Libraries,1,1,1,Very Popular,85.49,82.48,-3.009999999999991,100.0,100.0,-3.52,No Change,False,5.8
Seven Minutes in Heaven,Florida,2023-12-01,"Juvenile Fiction, High schools",Banned Pending Investigation,1,1,1,Moderate Interest,6.74,3.66,-3.08,100.0,100.0,-45.8,Decline,False,14.85
Ways to Live Forever,Florida,2023-06-01,"Young Adult, Fiction, Realistic Fiction, Contemporary, Middle Grade, Childrens, Death",Banned Pending Investigation,1,1,1,Low Interest,4.2,1.11,-3.09,100.0,100.0,-73.54,Strong Decline,False,15.73
The Quiet American,Florida,2024-06-01,"Fiction, Classics, Historical Fiction, War, Literature, Novels, Asia",Banned by Restriction,1,1,1,Moderate Interest,14.64,11.54,-3.1000000000000014,100.0,100.0,-21.17,Decline,False,29.21
Donald Trump,Texas,2024-09-01,"Political Science, Juvenile Nonfiction, Political culture",Banned,1,1,1,Moderate Interest,7.16,4.04,-3.12,100.0,100.0,-43.48,Decline,False,12.21
Hearts in Atlantis,Florida,2023-08-01,"Horror, Fiction, Fantasy, Short Stories, Thriller, Suspense, Mystery",Banned,6,3,6,Low Interest,3.13,0.0,-3.13,100.0,0.0,-100.0,Strong Decline,False,16.9
American Panda,Florida,2023-06-01,"Young Adult Fiction, Fiction, Social Science, American literature",Banned Pending Investigation,1,1,1,Moderate Interest,15.22,12.09,-3.130000000000001,100.0,100.0,-20.58,Decline,False,26.44
Same Difference,Texas,2023-11-01,"Young Adult, Fiction, Realistic Fiction, Teen, Contemporary, Art, Chick Lit",Banned by Restriction,1,1,1,Very Popular,66.53,63.4,-3.1300000000000026,100.0,100.0,-4.71,No Change,False,22.19
Paper Butterflies,Florida,2023-08-01,"Young Adult, Contemporary, Fiction, Abuse, Romance, Realistic Fiction, Family",Banned Pending Investigation,1,1,1,Low Interest,3.14,0.0,-3.14,100.0,0.0,-100.0,Strong Decline,False,16.96
Under the Lights,Florida,2023-08-01,"Romance, Young Adult, Contemporary, Sports Romance, Sports, High School, New Adult",Banned,5,1,5,Very Popular,65.24,62.09,-3.1499999999999915,100.0,100.0,-4.84,No Change,False,13.35
State of Fear,Florida,2023-08-01,"Fiction, Thriller, Science Fiction, Mystery, Suspense, Mystery Thriller, Adventure",Banned Pending Investigation,1,1,1,Popular,28.96,25.81,-3.150000000000002,100.0,100.0,-10.86,Decline,False,25.28
Surviving the Applewhites,Wisconsin,2023-11-01,"Young Adult, Fiction, Realistic Fiction, Middle Grade, Childrens, Humor, Contemporary",Banned by Restriction,1,1,1,Low Interest,3.16,0.0,-3.16,100.0,0.0,-100.0,Strong Decline,False,17.03
The Truth of Right Now,Florida,2023-08-01,"Young Adult, Contemporary, Romance, Coming Of Age, Realistic Fiction, Mental Health, Family",Banned Pending Investigation,2,2,2,Low Interest,3.16,0.0,-3.16,100.0,0.0,-100.0,Strong Decline,False,17.02
Living Dead Girl,Missouri,2021-11-01,"Young Adult, Horror, Contemporary, Fiction, Realistic Fiction, Abuse, Dark",Banned Pending Investigation,72,15,72,Moderate Interest,9.94,6.77,-3.17,100.0,100.0,-31.96,Decline,False,19.9
The Damned,Texas,2023-03-01,Young Adult Fiction,Banned from Libraries,4,2,4,Very Popular,62.1,58.92,-3.1799999999999997,100.0,100.0,-5.12,No Change,False,10.65
Chasing Shadows,Florida,2023-08-01,"Fantasy, Romance, Time Travel, Christian Fiction, Young Adult, Christian Fantasy",Banned by Restriction,3,2,3,Low Interest,3.19,0.0,-3.19,100.0,0.0,-100.0,Strong Decline,False,17.19
Teardrop,Florida,2023-08-01,"Fantasy, Young Adult, Romance, Paranormal, Mythology, Fiction, Magic",Banned Pending Investigation,1,1,1,Very Popular,75.64,72.44,-3.200000000000003,100.0,100.0,-4.23,No Change,False,9.73
Covet,Iowa,2023-10-01,"Fantasy, Romance, Young Adult, Paranormal, Vampires, Audiobook, Romantasy",Banned Pending Investigation,2,1,2,Very Popular,70.53,67.32,-3.210000000000008,100.0,100.0,-4.55,No Change,False,9.48
The Sky is Everywhere,Florida,2023-06-01,"Young Adult, Contemporary, Romance, Fiction, Realistic Fiction, Young Adult Contemporary, Music",Banned Pending Investigation,8,2,8,Low Interest,3.22,0.0,-3.22,100.0,0.0,-100.0,Strong Decline,False,17.36
Tiny Pretty Things,Florida,2023-08-01,"Young Adult, Contemporary, Mystery, Fiction, Romance, Thriller, Audiobook",Banned Pending Investigation,2,1,2,Moderate Interest,17.63,14.38,-3.2499999999999982,100.0,100.0,-18.46,Decline,False,30.71
The Water Knife,Texas,2025-04-01,"Science Fiction, Fiction, Dystopia, Thriller, Post Apocalyptic, Climate Change Fiction, Fantasy",Banned,1,1,1,Moderate Interest,13.44,10.17,-3.2699999999999996,100.0,100.0,-24.38,Decline,False,26.42
The Outsider,Florida,2024-05-01,"Horror, Fiction, Thriller, Mystery, Crime, Audiobook, Mystery Thriller",Banned,4,2,4,Popular,28.26,24.96,-3.3000000000000007,100.0,100.0,-11.68,Decline,False,15.6
Smoke in the Sun,Florida,2023-08-01,Young Adult Fiction,Banned,5,1,5,Low Interest,3.33,0.0,-3.33,100.0,0.0,-100.0,Strong Decline,False,15.35
Home for the Holidays,Texas,2022-11-01,Juvenile Fiction,Banned from Libraries,1,1,1,Popular,25.24,21.89,-3.349999999999998,100.0,100.0,-13.29,Decline,False,22.1
The Perfectionists,Florida,2023-08-01,"Young Adult Fiction, Fiction",Banned Pending Investigation,1,1,1,Moderate Interest,8.33,4.91,-3.42,100.0,100.0,-41.07,Decline,False,21.19
Medicine,Texas,2024-11-01,"Medical, Music, Government publications",Banned,1,1,1,Very Popular,85.58,82.16,-3.4200000000000017,100.0,100.0,-4.0,No Change,False,12.18
Girl Parts,Florida,2023-07-01,Young Adult Fiction,Banned,3,1,3,Very Popular,64.2,60.76,-3.440000000000005,100.0,100.0,-5.37,No Change,False,17.04
Vietnam War,Tennessee,2025-02-01,"Juvenile Nonfiction, Vietnam War, 1961-1975, Vietnam, Drug addicts",Banned,1,1,1,Popular,44.69,41.23,-3.460000000000001,100.0,100.0,-7.73,No Change,False,13.76
19th Century Art,Tennessee,2025-04-01,Art,Banned,1,1,1,Moderate Interest,9.24,5.76,-3.4800000000000004,100.0,100.0,-37.74,Decline,False,21.71
Batman: The Killing Joke,Missouri,2022-10-01,"Comics, Graphic Novels, Batman, Fiction, Graphic Novels Comics, Dc Comics, Comic Book",Banned from Libraries,1,1,1,Moderate Interest,14.36,10.86,-3.5,100.0,100.0,-24.38,Decline,False,26.49
Thousand Words,Florida,2023-08-01,,Banned Pending Investigation,3,2,3,Very Popular,50.0,46.5,-3.5,100.0,100.0,-7.0,No Change,False,17.21
Blue Window,Texas,2022-10-01,Juvenile Fiction,Banned from Libraries,1,1,1,Very Popular,70.97,67.42,-3.549999999999997,100.0,100.0,-4.99,No Change,False,12.74
In Darkness,Wisconsin,2023-11-01,Juvenile Fiction,Banned Pending Investigation,2,2,2,Very Popular,82.46,78.91,-3.549999999999997,100.0,100.0,-4.3,No Change,False,9.38
Pride Colors,Florida,2024-06-01,"Juvenile Fiction, Gay Pride Day, Juvenile Nonfiction",Banned by Restriction,1,1,1,Popular,25.02,21.47,-3.5500000000000007,100.0,100.0,-14.21,Decline,False,25.67
Bad Blood,Texas,2023-01-01,"Juvenile Fiction, Criminal investigation, Young Adult Fiction",Banned from Libraries,1,1,1,Very Popular,79.5,75.94,-3.5600000000000023,100.0,100.0,-4.47,No Change,False,7.15
The Story of Noah,Florida,2023-06-01,"Religion, Bible stories, English, Juvenile Fiction",Banned from Libraries and Classrooms,1,1,1,Moderate Interest,6.91,3.34,-3.5700000000000003,100.0,100.0,-51.61,Strong Decline,False,19.51
User,Tennessee,2024-10-01,"Comics & Graphic Novels, Technology & Engineering, Computers",Banned,1,1,1,Very Popular,79.76,76.19,-3.5700000000000074,100.0,100.0,-4.47,No Change,False,15.71
Cane River,Florida,2023-08-01,"Historical Fiction, Fiction, Historical, African American, Southern, Book Club, Adult",Banned Pending Investigation,1,1,1,Popular,21.99,18.4,-3.59,100.0,100.0,-16.32,Decline,False,33.04
The Complication,Florida,2023-08-01,Young Adult Fiction,Banned Pending Investigation,1,1,1,Very Popular,62.41,58.81,-3.5999999999999943,100.0,100.0,-5.77,No Change,False,17.04
Shine,Wisconsin,2021-12-01,"Young Adult, Mystery, Fiction, Realistic Fiction, Contemporary, LGBT, Teen",Banned from Libraries,52,12,51,Very Popular,67.96,64.34,-3.6199999999999903,100.0,100.0,-5.31,No Change,False,10.55
The Forever Watch,Florida,2023-08-01,"Fiction, Detective and mystery stories",Banned Pending Investigation,1,1,1,Moderate Interest,6.64,3.02,-3.6199999999999997,100.0,100.0,-54.52,Strong Decline,False,19.21
Redeeming Love,Florida,2024-02-01,"Christian Fiction, Christian, Romance, Fiction, Historical Fiction, Historical, Historical Romance",Banned by Restriction,2,1,2,Popular,34.98,31.29,-3.6899999999999977,100.0,100.0,-10.55,Decline,False,17.95
Tangerine,Texas,2024-06-01,"Juvenile Fiction, Reading comprehension",Banned,1,1,1,Very Popular,82.99,79.28,-3.7099999999999937,100.0,100.0,-4.47,No Change,False,7.97
Conversion,Florida,2023-08-01,Young Adult Fiction,Banned Pending Investigation,3,2,3,Very Popular,83.58,79.87,-3.7099999999999937,100.0,100.0,-4.44,No Change,False,8.4
The Burning God,Iowa,2024-06-01,Fiction,Banned Pending Investigation,1,1,1,Moderate Interest,5.92,2.19,-3.73,100.0,100.0,-63.04,Strong Decline,False,18.87
Just One Day,Florida,2023-08-01,Young Adult Fiction,Banned Pending Investigation,4,2,4,Very Popular,64.84,61.08,-3.760000000000005,100.0,100.0,-5.81,No Change,False,16.58
It's Kind of a Funny Story,Florida,2024-06-01,"Young Adult, Fiction, Contemporary, Mental Health, Mental Illness, Realistic Fiction, Romance",Banned by Restriction,1,1,1,Moderate Interest,13.51,9.74,-3.7699999999999996,100.0,100.0,-27.88,Decline,False,22.17
Into the River,Florida,2023-07-01,Juvenile Fiction,Banned Pending Investigation,3,2,3,Very Popular,51.08,47.3,-3.780000000000001,100.0,100.0,-7.4,No Change,False,24.36
Alphonse Mucha,Tennessee,2025-04-01,Art,Banned,1,1,1,Moderate Interest,19.6,15.82,-3.780000000000001,100.0,100.0,-19.27,Decline,False,31.98
Soccer Star,Florida,2022-01-01,"Picture Books, Sports, Soccer, Cultural, Realistic Fiction, Brazil, Childrens",Banned Pending Investigation,1,1,1,Popular,35.42,31.63,-3.7900000000000027,100.0,100.0,-10.7,Decline,False,15.16
The Yellow Birds,Texas,2022-10-01,"Fiction, War, Historical Fiction, Literary Fiction, Military Fiction, Contemporary, Literature",Banned Pending Investigation,1,1,1,Moderate Interest,7.59,3.74,-3.8499999999999996,100.0,100.0,-50.66,Strong Decline,False,21.41
The Institute,Florida,2024-04-01,"Horror, Fiction, Thriller, Science Fiction, Audiobook, Fantasy, Mystery",Banned,5,2,5,Very Popular,74.83,70.97,-3.8599999999999994,100.0,100.0,-5.17,No Change,False,13.0
Summer Sisters,Florida,2023-08-01,"Fiction, Chick Lit, Romance, Young Adult, Contemporary, Coming Of Age, Adult Fiction",Banned,4,1,4,Moderate Interest,17.26,13.38,-3.880000000000001,100.0,100.0,-22.47,Decline,False,24.94
I'll Be the One,Tennessee,2021-11-01,Young Adult Fiction,Banned Pending Investigation,2,2,2,Popular,26.56,22.64,-3.919999999999998,100.0,100.0,-14.73,Decline,False,32.73
Baby Girl,Texas,2024-08-01,"Young Adult Fiction, Juvenile Fiction, Fiction, Cooking",Banned,1,1,1,Very Popular,83.46,79.5,-3.9599999999999937,100.0,100.0,-4.74,No Change,False,7.19
This Boy,Florida,2024-03-01,"Young Adult, Realistic Fiction, Coming Of Age, Fiction, Contemporary, Romance, Teen",Banned Pending Investigation,5,5,5,Very Popular,69.63,65.64,-3.989999999999995,100.0,100.0,-5.73,No Change,False,14.75
Insurgent,Florida,2023-06-01,"Young Adult, Dystopia, Fiction, Fantasy, Science Fiction, Romance, Adventure",Banned Pending Investigation,2,1,2,Very Popular,67.73,63.69,-4.040000000000006,100.0,100.0,-5.97,No Change,False,13.15
Carry On,Florida,2023-08-01,"Fantasy, Young Adult, Romance, LGBT, Fiction, Queer, Magic",Banned Pending Investigation,5,3,5,Very Popular,85.88,81.78,-4.099999999999994,100.0,100.0,-4.77,No Change,False,6.47
Sunrise,Florida,2023-08-01,Young Adult Fiction,Banned Pending Investigation,1,1,1,Very Popular,85.31,81.19,-4.1200000000000045,100.0,100.0,-4.83,No Change,False,6.62
Stung,Florida,2023-08-01,Juvenile Fiction,Banned Pending Investigation,1,1,1,Very Popular,56.1,51.97,-4.130000000000003,100.0,100.0,-7.37,No Change,False,18.44
The Last Wish,Iowa,2024-06-01,Fiction,Banned,2,2,2,Very Popular,63.2,59.03,-4.170000000000002,100.0,100.0,-6.59,No Change,False,12.49
The Ship of the Dead,Iowa,2024-06-01,"Chase, Magnus (Fictitious character), Juvenile Fiction",Banned Pending Investigation,1,1,1,Moderate Interest,5.29,1.11,-4.18,100.0,100.0,-78.99,Strong Decline,False,16.07
Jubilee,Florida,2023-10-01,"Historical Fiction, Fiction, Classics, African American, Historical, Civil War, Audiobook",Banned,1,1,1,Very Popular,67.86,63.68,-4.18,100.0,100.0,-6.16,No Change,False,10.41
Sarah's Key,Florida,2024-08-01,"Historical Fiction, Fiction, Holocaust, Historical, World War II, France, War",Banned by Restriction,1,1,1,Low Interest,4.18,0.0,-4.18,100.0,0.0,-100.0,Strong Decline,False,19.39
The Good Lord Bird,Florida,2024-06-01,Fiction,Banned by Restriction,1,1,1,Low Interest,4.22,0.0,-4.22,100.0,0.0,-100.0,Strong Decline,False,17.75
Christmas in México,Texas,2024-08-01,Juvenile Nonfiction,Banned,1,1,1,Low Interest,4.22,0.0,-4.22,100.0,0.0,-100.0,Strong Decline,False,19.62
Friction,Florida,2023-08-01,"Young Adult, Realistic Fiction, Abuse, Contemporary, Fiction, Teen, Coming Of Age",Banned,6,2,6,Very Popular,56.24,52.01,-4.230000000000004,100.0,100.0,-7.53,No Change,False,21.94
Abandon,Florida,2023-08-01,Young Adult Fiction,Banned Pending Investigation,2,1,2,Very Popular,82.53,78.22,-4.310000000000002,100.0,100.0,-5.22,No Change,False,8.18
Out of the Easy,Florida,2021-11-01,"Historical Fiction, Young Adult, Historical, Fiction, Mystery, Romance, Coming Of Age",Banned from Libraries and Classrooms,8,5,8,Popular,47.83,43.5,-4.329999999999998,100.0,100.0,-9.06,No Change,False,24.57
The One Tree,Florida,2024-06-01,"Fantasy, Fiction, Science Fiction Fantasy, Epic Fantasy, Science Fiction, High Fantasy, Epic",Banned by Restriction,1,1,1,Very Popular,67.13,62.77,-4.359999999999992,100.0,100.0,-6.5,No Change,False,15.58
In Nightfall,Florida,2024-08-01,"Young Adult Fiction, Children's stories",Banned by Restriction,1,1,1,Moderate Interest,11.5,7.13,-4.37,100.0,100.0,-37.97,Decline,False,23.74
Making Friends,Florida,2023-06-01,Juvenile Fiction,Banned Pending Investigation,1,1,1,Very Popular,74.01,69.52,-4.490000000000009,100.0,100.0,-6.07,No Change,False,12.74
Marc Chagall,Florida,2023-08-01,"Art, Picture Books, Nonfiction, Biography, Childrens",Banned Pending Investigation,1,1,1,Popular,29.38,24.81,-4.57,100.0,100.0,-15.54,Decline,False,29.95
Two Truths and a Lie,Texas,2025-05-01,"Dead, Juvenile Fiction, Fiction, Young Adult Fiction",Banned,1,1,1,Popular,35.1,30.42,-4.68,100.0,100.0,-13.33,Decline,False,31.78
Authority,Texas,2022-10-01,"Fiction, Explorers",Banned Pending Investigation,1,1,1,Very Popular,75.79,71.06,-4.730000000000004,100.0,100.0,-6.25,No Change,False,18.35
Slammed,Iowa,2023-10-01,"Romance, New Adult, Young Adult, Contemporary, Contemporary Romance, Fiction, Chick Lit",Banned,8,2,8,Very Popular,82.83,78.0,-4.829999999999998,100.0,100.0,-5.84,No Change,False,8.99
This Light Between Us,Texas,2025-04-01,"Young Adult Fiction, YOUNG ADULT FICTION",Banned by Restriction,1,1,1,Moderate Interest,10.78,5.87,-4.909999999999999,100.0,100.0,-45.57,Decline,False,23.61
Gravity,Texas,2022-01-01,"LGBT, Young Adult, Queer, Fiction, Jewish, Religion, Realistic Fiction",Banned Pending Investigation,1,1,1,Very Popular,86.91,81.93,-4.97999999999999,100.0,100.0,-5.73,No Change,False,7.66
The Thorn Birds,Maine,2023-08-01,"Fiction, Historical Fiction, Romance, Classics, Australia, Historical, Historical Romance",Banned by Restriction,1,1,1,Moderate Interest,10.77,5.76,-5.01,100.0,100.0,-46.54,Decline,False,21.35
Starry Eyes,Iowa,2023-10-01,"Young Adult Fiction, Children",Banned Pending Investigation,1,1,1,Moderate Interest,9.4,4.38,-5.0200000000000005,100.0,100.0,-53.43,Strong Decline,False,21.64
Punching the Air,Florida,2023-06-01,"Young Adult Fiction, YOUNG ADULT FICTION",Banned Pending Investigation,1,1,1,Moderate Interest,5.09,0.0,-5.09,100.0,0.0,-100.0,Strong Decline,False,21.12
Slightly Single,Florida,2023-12-01,"Chick Lit, Fiction, Romance, Adult, Contemporary, Contemporary Romance, Womens Fiction",Banned Pending Investigation,1,1,1,Moderate Interest,7.16,2.04,-5.12,100.0,100.0,-71.43,Strong Decline,False,20.12
Bird,Texas,2024-06-01,"Young Adult Fiction, Game and game-birds, Birds",Banned,1,1,1,Very Popular,75.89,70.77,-5.1200000000000045,100.0,100.0,-6.75,No Change,False,10.77
Blazed,Iowa,2024-06-01,Young Adult Fiction,Banned from Libraries and Classrooms,4,3,4,Popular,27.94,22.77,-5.170000000000002,100.0,100.0,-18.53,Decline,False,25.3
The Dark Garden,Florida,2023-12-01,"Fiction, Bondage (Sexual behavior)",Banned Pending Investigation,1,1,1,Moderate Interest,9.21,4.03,-5.180000000000001,100.0,100.0,-56.21,Strong Decline,False,21.78
Period 8,Tennessee,2025-02-01,Young Adult Fiction,Banned,1,1,1,Very Popular,65.12,59.93,-5.190000000000005,100.0,100.0,-7.97,No Change,False,15.81
Shadow Kiss,Florida,2023-06-01,"Young Adult, Fantasy, Vampires, Paranormal, Romance, Urban Fantasy, Paranormal Romance",Banned Pending Investigation,2,1,2,Moderate Interest,7.24,2.03,-5.210000000000001,100.0,100.0,-71.93,Strong Decline,False,19.31
On the Road,Florida,2023-08-01,"Fiction, Travel, Literature, Classics, Novels, American, Adventure",Banned by Restriction,5,2,5,Very Popular,80.71,75.44,-5.269999999999996,100.0,100.0,-6.53,No Change,False,6.66
Summer and the City,Florida,2023-12-01,"Chick Lit, Young Adult, Fiction, Romance, Contemporary, Teen, Audiobook",Banned Pending Investigation,3,2,3,Popular,35.31,30.03,-5.280000000000001,100.0,100.0,-14.95,Decline,False,30.85
Quiver,Tennessee,2024-08-01,Young Adult Fiction,Banned,3,3,3,Very Popular,79.28,73.96,-5.320000000000007,100.0,100.0,-6.71,No Change,False,8.97
Stained,Texas,2021-12-01,"Young Adult, Teen, Realistic Fiction, Mystery, Banned Books, Fiction, Historical Fiction",Banned from Libraries,9,5,9,Very Popular,83.07,77.72,-5.349999999999994,100.0,100.0,-6.43,No Change,False,8.11
Antipodes,Tennessee,2024-10-01,Young Adult Fiction,Banned,1,1,1,Moderate Interest,11.69,6.32,-5.369999999999999,100.0,100.0,-45.91,Decline,False,25.08
Neither,Florida,2022-01-01,"Picture Books, LGBT, Childrens, Storytime, Fiction, Animals, Gender",Banned Pending Investigation,1,1,1,Very Popular,67.82,62.44,-5.3799999999999955,100.0,100.0,-7.93,No Change,False,19.17
Pride: An Inspirational History of the LGBTQ+ Community,Texas,2024-08-01,"Juvenile Nonfiction, Biography & Autobiography",Banned,2,2,2,Very Popular,80.8,75.4,-5.3999999999999915,100.0,100.0,-6.68,No Change,False,14.76
Noggin,Florida,2023-10-01,Young Adult Fiction,Banned,2,1,2,Very Popular,55.72,50.21,-5.509999999999998,100.0,100.0,-9.89,No Change,False,11.14
Antiracist Baby,Florida,2022-07-01,Juvenile Fiction,Banned from Libraries and Classrooms,3,2,3,Moderate Interest,5.51,0.0,-5.51,100.0,0.0,-100.0,Strong Decline,False,17.53
The Detour,Florida,2023-06-01,Juvenile Fiction,Banned Pending Investigation,4,2,4,Popular,45.49,39.96,-5.530000000000001,100.0,100.0,-12.16,Decline,False,26.14
Scylla and Charybdis,Tennessee,2025-02-01,Juvenile Nonfiction,Banned,1,1,1,Moderate Interest,14.34,8.8,-5.539999999999999,100.0,100.0,-38.65,Decline,False,24.01
Stolen Girl,Florida,2023-07-01,"Historical Fiction, Middle Grade, Historical, Young Adult, Fiction, World War II, War",Banned by Restriction,1,1,1,Moderate Interest,14.12,8.5,-5.619999999999999,100.0,100.0,-39.81,Decline,False,27.35
Fire Star,Texas,2022-10-01,"Juvenile Fiction, Arctic regions",Banned from Libraries,1,1,1,Very Popular,72.52,66.89,-5.6299999999999955,100.0,100.0,-7.77,No Change,False,10.39
The Once and Future King,Florida,2023-10-01,"Fantasy, Classics, Fiction, Historical Fiction, Arthurian, Mythology, Young Adult",Banned,1,1,1,Moderate Interest,6.78,1.11,-5.67,100.0,100.0,-83.61,Strong Decline,False,17.42
Destroy Me,Florida,2023-12-01,"Young Adult Fiction, Ability",Banned Pending Investigation,2,2,2,Very Popular,59.13,53.34,-5.789999999999999,100.0,100.0,-9.79,No Change,False,19.8
Feed,Florida,2021-11-01,"Young Adult, Science Fiction, Dystopia, Fiction, Teen, Audiobook, Fantasy",Banned Pending Investigation,14,4,14,Very Popular,60.8,55.01,-5.789999999999999,100.0,100.0,-9.52,No Change,False,10.03
Light Mage,Iowa,2023-10-01,Young Adult Fiction,Banned Pending Investigation,1,1,1,Moderate Interest,6.93,1.11,-5.819999999999999,100.0,100.0,-83.97,Strong Decline,False,18.69
Caraval,Florida,2023-08-01,"Juvenile Fiction, Young Adult Fiction, Fiction",Banned by Restriction,1,1,1,Very Popular,58.37,52.54,-5.829999999999998,100.0,100.0,-9.98,No Change,False,18.54
All That Remains,Florida,2023-12-01,"Mystery, Crime, Fiction, Thriller, Mystery Thriller, Suspense, Murder Mystery",Banned Pending Investigation,1,1,1,Very Popular,59.19,53.29,-5.899999999999999,100.0,100.0,-9.97,No Change,False,23.11
Touch,Florida,2023-06-01,Young Adult Fiction,Banned Pending Investigation,4,3,4,Very Popular,90.29,84.38,-5.910000000000011,100.0,100.0,-6.55,No Change,False,4.37
Many Waters,Florida,2023-10-01,"Fantasy, Young Adult, Fiction, Science Fiction, Childrens, Classics, Time Travel",Banned,2,1,2,Very Popular,52.21,46.28,-5.93,100.0,100.0,-11.36,Decline,False,24.53
The Betrayed,Florida,2023-08-01,Young Adult Fiction,Banned by Restriction,1,1,1,Very Popular,59.26,53.3,-5.960000000000001,100.0,100.0,-10.05,Decline,False,15.41
Maybe Now,Iowa,2023-08-01,Fiction,Banned,5,3,5,Popular,46.18,40.22,-5.960000000000001,100.0,100.0,-12.9,Decline,False,28.93
The Crossing,Florida,2024-08-01,Young Adult Fiction,Banned by Restriction,1,1,1,Very Popular,85.93,79.97,-5.960000000000008,100.0,100.0,-6.94,No Change,False,6.63
Ender's Game,Florida,2023-07-01,"Science fiction, military science fiction",Banned,3,2,3,Very Popular,52.61,46.63,-5.979999999999997,100.0,100.0,-11.36,Decline,False,16.7
Ready Player One,Florida,2023-06-01,Fiction,Banned from Libraries and Classrooms,19,6,19,Popular,47.03,41.02,-6.009999999999998,100.0,100.0,-12.78,Decline,False,15.23
Dragon's Keep,Texas,2024-06-01,"Juvenile Fiction, Fiction, British Isles",Banned,1,1,1,Moderate Interest,6.03,0.0,-6.03,100.0,0.0,-100.0,Strong Decline,False,18.16
Free to Fall,Florida,2023-08-01,"Young Adult Fiction, Boarding schools, Fiction",Banned Pending Investigation,1,1,1,Very Popular,63.42,57.38,-6.039999999999999,100.0,100.0,-9.53,No Change,False,19.32
Strange Grace,Florida,2023-08-01,"Fantasy, Young Adult, Romance, LGBT, Witches, Paranormal, Queer",Banned Pending Investigation,2,1,2,Moderate Interest,6.04,0.0,-6.04,100.0,0.0,-100.0,Strong Decline,False,21.15
As the Crow Flies,Florida,2023-07-01,"Graphic Novels, Young Adult, LGBT, Comics, Queer, Fiction, Middle Grade",Banned,2,2,2,Popular,38.68,32.57,-6.109999999999999,100.0,100.0,-15.8,Decline,False,32.71
Summer of Salt,Florida,2023-07-01,Young Adult Fiction,Banned Pending Investigation,1,1,1,Moderate Interest,6.22,0.0,-6.22,100.0,0.0,-100.0,Strong Decline,False,21.65
Don't Look Back,Florida,2023-08-01,"Young Adult, Mystery, Contemporary, Romance, Thriller, Mystery Thriller, Suspense",Banned Pending Investigation,1,1,1,Very Popular,59.53,53.3,-6.230000000000004,100.0,100.0,-10.47,Decline,False,13.6
The Tower of Babel,Florida,2023-06-01,,Banned from Libraries and Classrooms,1,1,1,Very Popular,53.54,47.29,-6.25,100.0,100.0,-11.68,Decline,False,23.52
Court,Iowa,2023-10-01,"Young Adult Fiction, Fiction, Fantasy fiction",Banned Pending Investigation,1,1,1,Very Popular,77.62,71.33,-6.290000000000006,100.0,100.0,-8.1,No Change,False,17.87
The Book of Life,Florida,2024-06-01,"Fantasy, Fiction, Romance, Paranormal, Vampires, Witches, Magic",Banned by Restriction,1,1,1,Very Popular,76.7,70.31,-6.390000000000001,100.0,100.0,-8.33,No Change,False,12.48
Norse Mythology,Florida,2024-05-01,"Fantasy, Mythology, Fiction, Audiobook, Short Stories, Historical Fiction, Classics",Banned Pending Investigation,1,1,1,Very Popular,77.13,70.68,-6.449999999999989,100.0,100.0,-8.37,No Change,False,11.93
As I Lay Dying,Florida,2023-08-01,"Classics, Fiction, Literature, Novels, American, School, Southern Gothic",Banned Pending Investigation,11,2,11,Popular,44.26,37.79,-6.469999999999999,100.0,100.0,-14.61,Decline,False,21.45
The Name of the Wind,Wisconsin,2023-11-01,"Fantasy, Fiction, Epic Fantasy, High Fantasy, Magic, Science Fiction Fantasy, Adult",Banned Pending Investigation,1,1,1,Very Popular,63.07,56.57,-6.5,100.0,100.0,-10.31,Decline,False,15.32
Fortuna,Florida,2023-09-01,"Biography & Autobiography, Computer games",Banned,1,1,1,Very Popular,77.47,70.96,-6.510000000000005,100.0,100.0,-8.41,No Change,False,7.87
All Is Not Forgotten,Florida,2024-06-01,Fiction,Banned by Restriction,1,1,1,Moderate Interest,10.12,3.57,-6.549999999999999,100.0,100.0,-64.76,Strong Decline,False,21.02
Girl with a Pearl Earring,Florida,2025-06-01,"Historical Fiction, Fiction, Classics, Historical, Art, Romance, Adult",Banned Pending Investigation,2,1,2,Moderate Interest,19.54,12.93,-6.609999999999999,100.0,100.0,-33.83,Decline,False,27.96
Tennyson,Florida,2023-06-01,Juvenile Fiction,Banned from Libraries and Classrooms,1,1,1,Very Popular,76.4,69.77,-6.63000000000001,100.0,100.0,-8.68,No Change,False,9.58
The Brethren,Florida,2023-08-01,"Fiction, Thriller, Mystery, Legal Thriller, Crime, Suspense, Mystery Thriller",Banned Pending Investigation,1,1,1,Very Popular,53.59,46.94,-6.650000000000006,100.0,100.0,-12.4,Decline,False,15.68
Embrace,Florida,2022-10-01,"Fantasy, Urban Fantasy, Paranormal, Young Adult, Romance, Angels, Demons",Banned Pending Investigation,4,2,4,Very Popular,83.19,76.5,-6.689999999999998,100.0,100.0,-8.04,No Change,False,10.59
Metro Girl,Iowa,2024-06-01,"Mystery, Romance, Fiction, Chick Lit, Humor, Contemporary, Comedy",Banned,1,1,1,Moderate Interest,10.63,3.93,-6.700000000000001,100.0,100.0,-63.01,Strong Decline,False,23.5
The Best at It,Florida,2021-11-01,"Middle Grade, LGBT, Realistic Fiction, Fiction, Contemporary, Queer, Audiobook",Banned from Libraries and Classrooms,9,2,9,Very Popular,57.1,50.4,-6.700000000000003,100.0,100.0,-11.73,Decline,False,23.34
Heart of Stone,Florida,2024-06-01,"Urban Fantasy, Fantasy, Paranormal, Romance, Vampires, Fiction, Paranormal Romance",Banned by Restriction,1,1,1,Very Popular,54.18,47.48,-6.700000000000003,100.0,100.0,-12.37,Decline,False,14.64
Asking For It,Florida,2025-06-01,"Young Adult, Contemporary, Fiction, Feminism, Mental Health, Realistic Fiction, Irish Literature",Banned Pending Investigation,1,1,1,Very Popular,70.53,63.81,-6.719999999999999,100.0,100.0,-9.53,No Change,False,14.89
Revolution,Texas,2025-02-01,"Historical Fiction, Young Adult, Historical, Fiction, Time Travel, Fantasy, Contemporary",Banned,1,1,1,Very Popular,62.78,56.06,-6.719999999999999,100.0,100.0,-10.71,Decline,False,19.06
On the Volcano,Florida,2024-06-01,"Historical Fiction, Young Adult, Westerns, Survival, Coming Of Age, Historical",Banned by Restriction,1,1,1,Very Popular,54.04,47.27,-6.769999999999996,100.0,100.0,-12.54,Decline,False,21.98
Unwind,Florida,2023-11-01,"Young Adult, Dystopia, Science Fiction, Fiction, Fantasy, Horror, Thriller",Banned Pending Investigation,2,2,2,Very Popular,74.36,67.56,-6.799999999999997,100.0,100.0,-9.15,No Change,False,14.98
Sharp Objects,Florida,2024-06-01,"Mystery, Fiction, Thriller, Mystery Thriller, Crime, Suspense, Audiobook",Banned by Restriction,2,2,2,Popular,22.23,15.43,-6.800000000000001,100.0,100.0,-30.58,Decline,False,10.56
Dance of Thieves,Florida,2023-08-01,"Fiction, Young Adult Fiction",Banned by Restriction,1,1,1,Moderate Interest,12.44,5.6,-6.84,100.0,100.0,-55.0,Strong Decline,False,26.42
Heroine,Missouri,2021-10-01,"Young Adult, Contemporary, Fiction, Realistic Fiction, Audiobook, Mental Health, Sports",Banned Pending Investigation,20,7,20,Very Popular,71.7,64.83,-6.8700000000000045,100.0,100.0,-9.58,No Change,False,8.9
Flawed,Missouri,2022-09-01,Body image,Banned Pending Investigation,2,2,2,Very Popular,62.39,55.48,-6.910000000000004,100.0,100.0,-11.08,Decline,False,14.34
Jailbait,Texas,2022-03-01,Emotional problems,Banned from Libraries and Classrooms,1,1,1,Popular,29.96,22.96,-7.0,100.0,100.0,-23.37,Decline,False,17.58
Peak,Texas,2022-10-01,"Everest, Mount (China and Nepal), History, Solar flares, Geology",Banned from Libraries,2,1,2,Very Popular,88.62,81.56,-7.060000000000002,100.0,100.0,-7.97,No Change,False,6.94
Bel Canto,Florida,2024-06-01,"Fiction, Contemporary, Literary Fiction, Historical Fiction, Audiobook, Book Club, Music",Banned by Restriction,1,1,1,Popular,29.49,22.33,-7.16,100.0,100.0,-24.27,Decline,False,30.0
The Treatment,Texas,2022-10-01,"Dystopia, Young Adult, Romance, Science Fiction, Fiction, Mental Health, Audiobook",Banned from Libraries,3,2,3,Very Popular,74.24,67.03,-7.209999999999994,100.0,100.0,-9.71,No Change,False,13.75
Little Peach,Florida,2023-08-01,Young Adult Fiction,Banned Pending Investigation,2,2,2,Popular,40.34,33.13,-7.210000000000001,100.0,100.0,-17.87,Decline,False,27.33
Public Enemies,Texas,2023-03-01,Juvenile Fiction,Banned from Libraries,2,1,2,Popular,30.14,22.9,-7.240000000000002,100.0,100.0,-24.03,Decline,False,32.83
Lucky (AS),Alaska,2023-07-01,"Nonfiction, Memoir, Biography, True Crime, Biography Memoir, Autobiography, Adult",Banned Pending Investigation,60,15,60,Popular,40.29,32.99,-7.299999999999997,100.0,100.0,-18.12,Decline,False,28.94
The Marrow Thieves,Florida,2023-12-01,Fiction,Banned,4,1,4,Moderate Interest,14.18,6.84,-7.34,100.0,100.0,-51.72,Strong Decline,False,28.44
The Luxe,Florida,2023-08-01,"Historical Fiction, Young Adult, Romance, Historical, Fiction, Historical Romance, Chick Lit",Banned by Restriction,1,1,1,Very Popular,75.62,68.27,-7.3500000000000085,100.0,100.0,-9.73,No Change,False,11.93
Story of a Girl,Florida,2023-06-01,"Young Adult, Contemporary, Fiction, Realistic Fiction, Teen, Coming Of Age, Romance",Banned Pending Investigation,4,3,4,Very Popular,64.72,57.32,-7.399999999999999,100.0,100.0,-11.43,Decline,False,14.46
I is for Immigrants,Florida,2023-06-01,Juvenile Fiction,Banned Pending Investigation,1,1,1,Moderate Interest,11.27,3.87,-7.3999999999999995,100.0,100.0,-65.68,Strong Decline,False,22.54
The Lincoln Lawyer,Florida,2024-06-01,"Mystery, Fiction, Thriller, Crime, Legal Thriller, Mystery Thriller, Suspense",Banned by Restriction,1,1,1,Popular,48.64,41.22,-7.420000000000002,100.0,100.0,-15.26,Decline,False,14.18
The Return of the King,Texas,2022-10-01,"Fantasy, Fiction, Classics, Adventure, High Fantasy, Science Fiction Fantasy, Epic Fantasy",Banned from Libraries,1,1,1,Very Popular,50.79,43.36,-7.43,100.0,100.0,-14.64,Decline,False,15.99
The Boy Toy,Maine,2023-04-01,Fiction,Banned Pending Investigation,1,1,1,Popular,25.22,17.77,-7.449999999999999,100.0,100.0,-29.56,Decline,False,27.01
Exposure,Florida,2023-10-01,"Young Adult Fiction, Chemistry, Analytic",Banned,1,1,1,Very Popular,80.78,73.27,-7.510000000000005,100.0,100.0,-9.3,No Change,False,12.34
Ambush,Texas,2022-10-01,Blessing and cursing,Banned from Libraries,1,1,1,Very Popular,67.4,59.87,-7.530000000000008,100.0,100.0,-11.18,Decline,False,12.09
Sexting,Pennsylvania,2024-08-01,Young Adult Nonfiction,Banned Pending Investigation,1,1,1,Very Popular,74.2,66.64,-7.560000000000002,100.0,100.0,-10.18,Decline,False,9.84
Chirp,Florida,2023-08-01,"Middle Grade, Realistic Fiction, Mystery, Family, Fiction, Sports, Contemporary",Banned Pending Investigation,1,1,1,Very Popular,69.36,61.8,-7.560000000000002,100.0,100.0,-10.89,Decline,False,9.36
A Tree Grows in Brooklyn,Florida,2023-11-01,"Fiction, Historical Fiction, Classics, Young Adult, Coming Of Age, Historical, New York",Banned by Restriction,3,2,3,Popular,43.39,35.8,-7.590000000000003,100.0,100.0,-17.49,Decline,False,34.68
Epileptic,Missouri,2022-09-01,"Comics & Graphic Novels, Electronic book",Banned Pending Investigation,1,1,1,Very Popular,73.39,65.71,-7.680000000000007,100.0,100.0,-10.46,Decline,False,13.7
Almost There and Almost Not,Florida,2023-07-01,"Middle Grade, Fantasy, Ghosts, Fiction, Realistic Fiction, Magical Realism, Family",Banned by Restriction,1,1,1,Popular,38.64,30.93,-7.710000000000001,100.0,100.0,-19.95,Decline,False,26.53
Tradition,Florida,2023-08-01,"Young Adult Fiction, Education",Banned Pending Investigation,2,2,2,Very Popular,74.76,66.94,-7.820000000000007,100.0,100.0,-10.45,Decline,False,12.03
Radio Silence,Florida,2023-06-01,"Young Adult Fiction, Fiction, Juvenile Fiction",Banned Pending Investigation,1,1,1,Popular,40.09,32.26,-7.830000000000005,100.0,100.0,-19.54,Decline,False,31.77
Jinx,Florida,2023-08-01,Juvenile Nonfiction,Banned Pending Investigation,2,1,2,Very Popular,64.34,56.49,-7.850000000000001,100.0,100.0,-12.21,Decline,False,13.16
Velázquez,Tennessee,2025-04-01,"Bildband - Velázquez, Diego Rodríguez de Silva y, Art",Banned,1,1,1,Popular,39.69,31.78,-7.909999999999997,100.0,100.0,-19.93,Decline,False,34.41
The Things They Carried,Florida,2021-11-01,"Fiction, Historical Fiction, Classics, War, Short Stories, School, Historical",Banned Pending Investigation,3,3,3,Popular,47.16,39.19,-7.969999999999999,100.0,100.0,-16.89,Decline,False,26.19
Iceman,Florida,2023-10-01,Young Adult Fiction,Banned,1,1,1,Popular,48.63,40.62,-8.010000000000005,100.0,100.0,-16.47,Decline,False,11.17
Hold Fast,Texas,2024-11-01,Juvenile Fiction,Banned,1,1,1,Very Popular,70.17,62.1,-8.07,100.0,100.0,-11.5,Decline,False,15.53
Set Me Free,Florida,2023-12-01,"Juvenile Fiction, History",Banned Pending Investigation,1,1,1,Very Popular,62.07,53.99,-8.079999999999998,100.0,100.0,-13.01,Decline,False,13.87
The God Box,Florida,2023-06-01,Juvenile Fiction,Banned Pending Investigation,3,1,3,Moderate Interest,15.92,7.82,-8.1,100.0,100.0,-50.87,Strong Decline,False,24.96
The Emerald Sea,Florida,2023-06-01,Young Adult Fiction,Banned Pending Investigation,1,1,1,Popular,40.23,32.12,-8.11,100.0,100.0,-20.16,Decline,False,27.93
Jewels,Florida,2023-03-01,"Fiction, France",Banned from Libraries and Classrooms,1,1,1,Popular,46.34,38.23,-8.110000000000007,100.0,100.0,-17.5,Decline,False,9.35
Layla,South Carolina,2022-10-01,Fiction,Banned Pending Investigation,6,3,6,Very Popular,55.24,47.11,-8.130000000000003,100.0,100.0,-14.72,Decline,False,9.28
Getting It,Texas,2021-12-01,"Young Adult, LGBT, Fiction, Gay, Contemporary, Teen, Realistic Fiction",Banned Pending Investigation,4,3,4,Very Popular,84.6,76.43,-8.169999999999987,100.0,100.0,-9.65,No Change,False,9.7
Half Bad,Florida,2023-08-01,,Banned by Restriction,2,2,2,Very Popular,73.98,65.77,-8.210000000000008,100.0,100.0,-11.1,Decline,False,13.93
Bloom,Tennessee,2022-02-01,"Graphic Novels, Romance, Young Adult, LGBT, Queer, Comics, Contemporary",Banned Pending Investigation,2,2,2,Very Popular,77.17,68.89,-8.280000000000001,100.0,100.0,-10.73,Decline,False,10.12
Again Again,Florida,2023-08-01,"Young Adult, Contemporary, Romance, Fiction, Audiobook, Realistic Fiction, Young Adult Contemporary",Banned Pending Investigation,1,1,1,Very Popular,78.5,70.17,-8.329999999999998,100.0,100.0,-10.62,Decline,False,7.69
Shut Up!,Florida,2023-03-01,Fiction,Banned from Libraries and Classrooms,3,1,3,Very Popular,86.41,78.01,-8.399999999999991,100.0,100.0,-9.72,No Change,False,6.42
Core,Florida,2024-06-01,"Dragons, Fantasy, Young Adult, Urban Fantasy, Fiction, Shapeshifters, Paranormal",Banned by Restriction,1,1,1,Very Popular,83.63,75.23,-8.399999999999991,100.0,100.0,-10.04,Decline,False,12.62
Kill or be Killed,Iowa,2024-06-01,Comics & Graphic Novels,Banned Pending Investigation,1,1,1,Popular,22.53,14.08,-8.450000000000001,100.0,100.0,-37.52,Decline,False,34.67
Next,Florida,2023-08-01,"Fiction, Science Fiction, Thriller, Mystery, Suspense, Audiobook, Novels",Banned Pending Investigation,2,1,2,Very Popular,85.94,77.43,-8.509999999999991,100.0,100.0,-9.9,No Change,False,7.23
Heartbreak Hotel,Florida,2024-06-01,"Fiction, Delaware, Alex (Fictitious character), Clinical psychologists",Banned by Restriction,1,1,1,Moderate Interest,18.58,10.01,-8.569999999999999,100.0,100.0,-46.11,Decline,False,21.84
Capital Crimes,Florida,2024-06-01,"Fiction, Literary Collections",Banned by Restriction,1,1,1,Moderate Interest,9.78,1.11,-8.67,100.0,100.0,-88.64,Strong Decline,False,20.59
The Fault in our Stars,Iowa,2023-08-01,"Young Adult, Fiction, Contemporary, Realistic Fiction, Coming Of Age, Teen, Novels",Banned,3,1,3,Very Popular,63.66,54.96,-8.699999999999996,100.0,100.0,-13.67,Decline,False,12.85
Bewitching,Florida,2023-08-01,"Fantasy, Young Adult, Romance, Fairy Tales, Retellings, Magic, Witches",Banned Pending Investigation,2,1,2,Moderate Interest,19.62,10.92,-8.700000000000001,100.0,100.0,-44.34,Decline,False,25.42
Manu,Florida,2024-05-01,Juvenile Fiction,Banned Pending Investigation,1,1,1,Popular,42.5,33.72,-8.780000000000001,100.0,100.0,-20.65,Decline,False,9.9
Gods and Goddesses,Tennessee,2025-04-01,Juvenile Nonfiction,Banned,1,1,1,Very Popular,59.3,50.49,-8.809999999999995,100.0,100.0,-14.86,Decline,False,20.02
London Bridges,Florida,2023-08-01,"Mystery, Fiction, Thriller, Crime, Mystery Thriller, Suspense, Audiobook",Banned Pending Investigation,1,1,1,Moderate Interest,10.66,1.81,-8.85,100.0,100.0,-83.0,Strong Decline,False,22.5
Brewster,Tennessee,2025-02-01,Fiction,Banned,1,1,1,Very Popular,67.51,58.61,-8.900000000000006,100.0,100.0,-13.18,Decline,False,8.02
Stay Gold,Tennessee,2022-02-01,"LGBT, Young Adult, Romance, Contemporary, Queer, Audiobook, Fiction",Banned Pending Investigation,5,4,5,Very Popular,60.51,51.6,-8.909999999999997,100.0,100.0,-14.73,Decline,False,15.68
Every Breath,Iowa,2024-06-01,Fiction,Banned,2,2,2,Very Popular,70.68,61.72,-8.960000000000008,100.0,100.0,-12.67,Decline,False,13.26
The Rules,Florida,2023-07-01,"Horror, Young Adult, Thriller, Mystery, Contemporary, Fiction, Mystery Thriller",Banned,1,1,1,Very Popular,78.07,69.06,-9.009999999999991,100.0,100.0,-11.54,Decline,False,14.25
Making a Play,Florida,2023-06-01,"Romance, Young Adult, Sports Romance, Contemporary, Sports, High School, Audiobook",Banned Pending Investigation,2,2,2,Very Popular,58.73,49.71,-9.019999999999996,100.0,100.0,-15.36,Decline,False,22.56
Robin Williams,Pennsylvania,2023-02-01,"Actors, Motion picture actors and actresses",Banned Pending Investigation,1,1,1,Very Popular,62.59,53.57,-9.020000000000003,100.0,100.0,-14.42,Decline,False,12.55
The Swallows,Florida,2023-10-01,Fiction,Banned,5,3,5,Very Popular,54.28,45.26,-9.020000000000003,100.0,100.0,-16.62,Decline,False,25.93
The Two Towers,Texas,2022-10-01,"Fantasy, Fiction, Classics, Adventure, High Fantasy, Science Fiction Fantasy, Epic Fantasy",Banned from Libraries and Classrooms,1,1,1,Popular,40.07,30.96,-9.11,100.0,100.0,-22.74,Decline,False,17.24
Chaz Bono,Texas,2024-08-01,Juvenile Nonfiction,Banned,2,2,2,Popular,33.76,24.61,-9.149999999999999,100.0,100.0,-27.09,Decline,False,22.4
The Catcher in the Rye,Iowa,2024-06-01,"Classics, Fiction, Young Adult, Literature, School, Coming Of Age, Novels",Banned,2,1,2,Very Popular,59.0,49.81,-9.189999999999998,100.0,100.0,-15.57,Decline,False,19.36
The Sun Also Rises,Florida,2023-10-01,"Classics, Fiction, Literature, Novels, Historical Fiction, American, Spain",Banned,1,1,1,Popular,45.59,36.38,-9.21,100.0,100.0,-20.2,Decline,False,29.78
First Date,Florida,2023-08-01,"Horror, Young Adult, Fiction, Childrens, Thriller, Mystery, Teen",Banned Pending Investigation,1,1,1,Very Popular,81.78,72.53,-9.25,100.0,100.0,-11.3,Decline,False,9.44
Passenger,Texas,2023-03-01,"Fantasy, Young Adult, Time Travel, Historical Fiction, Romance, Science Fiction, Historical",Banned from Libraries,2,1,2,Very Popular,85.37,76.1,-9.27000000000001,100.0,100.0,-10.86,Decline,False,7.98
Pioneers of LGBTQ+ Rights,Florida,2023-06-01,Young Adult Nonfiction,Banned Pending Investigation,1,1,1,Very Popular,62.04,52.64,-9.399999999999999,100.0,100.0,-15.15,Decline,False,16.9
Lexicon,Florida,2022-09-01,"Fiction, Science Fiction, Thriller, Fantasy, Mystery, Audiobook, Science Fiction Fantasy",Banned Pending Investigation,4,2,2,Very Popular,52.91,43.46,-9.449999999999996,100.0,100.0,-17.87,Decline,False,10.04
Underworld,Florida,2025-02-01,"Fiction, Literature, Novels, American, Literary Fiction, Classics, Contemporary",Banned,1,1,1,Very Popular,62.69,53.16,-9.530000000000001,100.0,100.0,-15.21,Decline,False,11.42
Take a Chance on Me,Iowa,2024-06-01,"Dating (Social customs), Juvenile Fiction, Young Adult Fiction",Banned,1,1,1,Popular,23.37,13.61,-9.760000000000002,100.0,100.0,-41.75,Decline,False,31.24
Linden Hills,Florida,2023-12-01,"Fiction, Classics, African American, Literary Fiction, African American Literature, Literature, The United States Of America",Banned Pending Investigation,1,1,1,Popular,20.93,11.13,-9.799999999999999,100.0,100.0,-46.82,Decline,False,26.4
The Naturals,Florida,2025-03-01,"Mystery, Young Adult, Thriller, Mystery Thriller, Contemporary, Crime, Romance",Banned by Restriction,2,2,2,Very Popular,65.02,55.07,-9.949999999999996,100.0,100.0,-15.31,Decline,False,12.78
Extremely Loud and Incredibly Close,Alaska,2023-08-01,"Fiction, Historical Fiction, Contemporary, Novels, Literary Fiction, Adult, Adult Fiction",Banned Pending Investigation,28,9,28,Moderate Interest,13.7,3.74,-9.959999999999999,100.0,100.0,-72.67,Strong Decline,False,20.68
Inheritance,Texas,2022-10-01,"Fantasy, Young Adult, Fiction, Dragons, Magic, Adventure, High Fantasy",Banned from Libraries,1,1,1,Popular,38.76,28.77,-9.989999999999998,100.0,100.0,-25.77,Decline,False,12.37
Happy Place,Iowa,2023-10-01,Fiction,Banned,1,1,1,Very Popular,64.36,54.36,-10.0,100.0,100.0,-15.54,Decline,False,11.72
Night Shift,Florida,2023-08-01,"Horror, Short Stories, Fiction, Thriller, Fantasy, Mystery, Anthologies",Banned Pending Investigation,2,1,2,Very Popular,83.18,73.11,-10.070000000000007,100.0,100.0,-12.1,Decline,False,8.79
Wanted,Florida,2023-08-01,"Fantasy, Young Adult, Retellings, Fairy Tales, Magic, Romance, Fairy Tale Retellings",Banned Pending Investigation,2,1,2,Very Popular,75.56,65.48,-10.079999999999998,100.0,100.0,-13.34,Decline,False,11.49
Awkward,Texas,2023-11-01,"Juvenile Fiction, Fiction",Banned by Restriction,1,1,1,Very Popular,80.2,70.11,-10.090000000000003,100.0,100.0,-12.58,Decline,False,9.04
Feminism,Iowa,2023-10-01,,Banned Pending Investigation,1,1,1,Very Popular,69.18,59.07,-10.110000000000007,100.0,100.0,-14.62,Decline,False,17.2
Illusions,Texas,2024-11-01,"Young Adult Fiction, Juvenile Fiction",Banned,1,1,1,Very Popular,66.47,56.32,-10.149999999999999,100.0,100.0,-15.26,Decline,False,12.91
Tupac Shakur,Florida,2023-08-01,Juvenile Nonfiction,Banned Pending Investigation,1,1,1,Moderate Interest,17.06,6.87,-10.189999999999998,100.0,100.0,-59.74,Strong Decline,False,13.95
The Nanny Diaries,Florida,2023-08-01,"Fiction, Chick Lit, Contemporary, Humor, Romance, Adult Fiction, Adult",Banned Pending Investigation,1,1,1,Moderate Interest,16.82,6.56,-10.260000000000002,100.0,100.0,-61.03,Strong Decline,False,21.9
Tiger Eyes,Florida,2023-06-01,"Young Adult, Fiction, Realistic Fiction, Childrens, Contemporary, Coming Of Age, Teen",Banned Pending Investigation,4,2,4,Popular,45.22,34.94,-10.280000000000001,100.0,100.0,-22.73,Decline,False,25.98
The Cellar,Florida,2023-08-01,Juvenile Fiction,Banned Pending Investigation,5,3,5,Very Popular,70.46,60.17,-10.289999999999992,100.0,100.0,-14.6,Decline,False,12.39
Eagle Strike,Texas,2022-10-01,"Young Adult, Fiction, Adventure, Mystery, Espionage, Action, Thriller",Banned from Libraries,1,1,1,Very Popular,65.38,55.09,-10.289999999999992,100.0,100.0,-15.74,Decline,False,14.54
Love and Other Words,Tennessee,2025-04-01,Fiction,Banned,1,1,1,Very Popular,54.58,44.23,-10.350000000000001,100.0,100.0,-18.95,Decline,False,27.74
Sail,Florida,2024-06-01,"Mystery, Fiction, Thriller, Suspense, Crime, Mystery Thriller, Audiobook",Banned by Restriction,1,1,1,Very Popular,79.74,69.27,-10.469999999999999,100.0,100.0,-13.14,Decline,False,8.98
Misery,Florida,2024-05-01,"Horror, Fiction, Thriller, Mystery, Suspense, Mystery Thriller, Adult",Banned,3,1,3,Very Popular,63.61,52.97,-10.64,100.0,100.0,-16.73,Decline,False,9.53
The Good Girls,Florida,2023-08-01,Young Adult Fiction,Banned Pending Investigation,1,1,1,Very Popular,81.4,70.69,-10.710000000000008,100.0,100.0,-13.16,Decline,False,12.22
The House on Mango Street,Michigan,2022-05-01,"Fiction, Classics, Young Adult, Short Stories, School, Coming Of Age, Contemporary",Banned Pending Investigation,9,4,9,Popular,40.5,29.62,-10.879999999999999,100.0,100.0,-26.86,Decline,False,27.81
Cocaine,Tennessee,2025-02-01,Juvenile Nonfiction,Banned,1,1,1,Very Popular,86.68,75.62,-11.060000000000002,100.0,100.0,-12.75,Decline,False,8.51
Grass,Missouri,2022-09-01,"Science Fiction, Fiction, Fantasy, Science Fiction Fantasy, Speculative Fiction, Dystopia, Aliens",Banned Pending Investigation,1,1,1,Very Popular,74.82,63.73,-11.089999999999996,100.0,100.0,-14.82,Decline,False,13.76
Blankets,Missouri,2021-11-01,"Graphic Novels, Comics, Fiction, Young Adult, Romance, Graphic Novels Comics, Coming Of Age",Banned from Libraries,34,15,33,Very Popular,69.37,58.21,-11.160000000000004,100.0,100.0,-16.08,Decline,False,13.56
Through My Eyes,Florida,2023-07-01,"Biography, Nonfiction, History, Picture Books, Memoir, Childrens, Autobiography",Banned by Restriction,1,1,1,Very Popular,50.99,39.82,-11.170000000000002,100.0,100.0,-21.9,Decline,False,26.84
Passenger (AS),Texas,2025-01-01,"Fantasy, Young Adult, Time Travel, Historical Fiction, Romance, Science Fiction, Historical",Banned,1,1,1,Very Popular,66.7,55.42,-11.280000000000001,100.0,100.0,-16.91,Decline,False,18.12
After Ever Happy,Iowa,2024-06-01,Fiction,Banned,4,3,4,Popular,45.79,34.4,-11.39,100.0,100.0,-24.87,Decline,False,31.52
The Horse Whisperer,Florida,2023-08-01,"Fiction, Romance, Animals, Horses, Contemporary, Drama, Adult",Banned Pending Investigation,2,1,2,Moderate Interest,11.7,0.0,-11.7,100.0,0.0,-100.0,Strong Decline,False,22.33
Pearl,Texas,2021-12-01,"Young Adult, Realistic Fiction, Fiction, Romance, Contemporary, Teen, Death",Banned Pending Investigation,1,1,1,Popular,39.58,27.72,-11.86,100.0,100.0,-29.96,Decline,False,13.57
Streetcar Named Desire,Virginia,2024-08-01,Drama,Banned by Restriction,1,1,1,Popular,43.69,31.83,-11.86,100.0,100.0,-27.14,Decline,False,17.79
Better than the Movies,Florida,2023-09-01,"Romance, Young Adult, Contemporary, Enemies To Lovers, Fiction, Audiobook, Contemporary Romance",Banned Pending Investigation,1,1,1,Very Popular,67.76,55.8,-11.960000000000008,100.0,100.0,-17.65,Decline,False,18.4
Dark Age,Missouri,2024-06-01,"Science Fiction, Fantasy, Fiction, Amazon",Banned by Restriction,1,1,1,Very Popular,71.43,59.42,-12.010000000000005,100.0,100.0,-16.81,Decline,False,11.1
Siddhartha,Florida,2023-12-01,"Fiction, Philosophy, Spirituality, Literature, Classics, Buddhism, German Literature",Banned Pending Investigation,1,1,1,Popular,45.98,33.82,-12.159999999999997,100.0,100.0,-26.44,Decline,False,15.87
Destined,Florida,2023-08-01,"Young Adult, Vampires, Fantasy, Paranormal, Romance, Supernatural, Fiction",Banned,6,4,6,Very Popular,62.44,50.07,-12.369999999999997,100.0,100.0,-19.82,Decline,False,17.91
The Dark Half,Florida,2024-05-01,"Horror, Fiction, Thriller, Fantasy, Supernatural, Mystery, Audiobook",Banned,4,1,4,Popular,42.9,30.44,-12.459999999999997,100.0,100.0,-29.03,Decline,False,32.41
Don't You Forget about Me,Florida,2023-12-01,"Young Adult, Chick Lit, Contemporary, Fiction, Romance, Teen, High School",Banned Pending Investigation,2,2,2,Popular,35.76,23.3,-12.459999999999997,100.0,100.0,-34.84,Decline,False,27.04
Wayfarer,Texas,2023-03-01,"Young Adult Fiction, Romance fiction",Banned from Libraries,2,1,2,Very Popular,73.9,61.44,-12.460000000000008,100.0,100.0,-16.85,Decline,False,11.76
Queen of the Damned,Florida,2023-10-01,"Horror, Fantasy, Vampires, Fiction, Paranormal, Supernatural, Urban Fantasy",Banned,1,1,1,Very Popular,50.26,37.72,-12.54,100.0,100.0,-24.94,Decline,False,17.94
Before I Fall,Oklahoma,2021-10-01,"Young Adult, Contemporary, Fiction, Romance, Fantasy, Paranormal, Teen",Banned Pending Investigation,9,5,9,Very Popular,65.94,53.36,-12.579999999999998,100.0,100.0,-19.09,Decline,False,19.15
Religion,Tennessee,2025-04-01,"Juvenile Nonfiction, Counseling, Religion",Banned,1,1,1,Very Popular,75.91,63.33,-12.579999999999998,100.0,100.0,-16.57,Decline,False,10.31
The School for Good and Evil,Florida,2024-03-01,Juvenile Fiction,Banned by Restriction,1,1,1,Popular,48.6,36.0,-12.600000000000001,100.0,100.0,-25.93,Decline,False,24.05
The Music of Summer,Florida,2023-08-01,"Juvenile Fiction, Music, Country music, History",Banned Pending Investigation,1,1,1,Popular,23.67,11.03,-12.640000000000002,100.0,100.0,-53.38,Strong Decline,False,25.33
True Colors,Iowa,2024-06-01,"Adventure and adventurers, Girls",Banned Pending Investigation,1,1,1,Very Popular,75.18,62.52,-12.660000000000004,100.0,100.0,-16.83,Decline,False,12.45
Calling My Name,Florida,2023-08-01,Young Adult Fiction,Banned Pending Investigation,1,1,1,Popular,44.24,31.5,-12.740000000000002,100.0,100.0,-28.8,Decline,False,27.98
Irreversible,Texas,2024-06-01,Juvenile Fiction,Banned,2,1,2,Popular,48.21,35.46,-12.75,100.0,100.0,-26.46,Decline,False,13.43
Like Water,Texas,2022-01-01,Young Adult Fiction,Banned Pending Investigation,2,1,2,Very Popular,86.09,73.29,-12.799999999999997,100.0,100.0,-14.87,Decline,False,9.56
Falling,Florida,2024-06-01,"Young Adult Fiction, Fairy tales, South African poetry (English)",Banned by Restriction,1,1,1,Very Popular,80.12,66.99,-13.13000000000001,100.0,100.0,-16.39,Decline,False,9.13
The Sound of Silence,Florida,2022-01-01,"Picture Books, Childrens, Japan, Music, Fiction, Cultural, Asia",Banned Pending Investigation,1,1,1,Very Popular,60.23,46.97,-13.259999999999998,100.0,100.0,-22.03,Decline,False,15.37
Wake,Florida,2023-10-01,Juvenile Fiction,Banned,8,3,8,Very Popular,59.07,45.61,-13.46,100.0,100.0,-22.78,Decline,False,10.77
Dracula,Florida,2023-03-01,"Classics, Horror, Fiction, Fantasy, Vampires, Gothic, Paranormal",Banned from Libraries and Classrooms,1,1,1,Very Popular,63.23,49.72,-13.509999999999998,100.0,100.0,-21.37,Decline,False,12.88
Squad,Tennessee,2022-02-01,"Graphic Novels, Young Adult, Fantasy, LGBT, Horror, Queer, Lesbian",Banned Pending Investigation,6,3,6,Very Popular,73.81,60.18,-13.630000000000003,100.0,100.0,-18.47,Decline,False,11.25
Loveless,Florida,2023-10-01,"LGBT, Young Adult, Contemporary, Queer, Fiction, Romance, Audiobook",Banned,9,6,9,Very Popular,70.69,56.99,-13.699999999999996,100.0,100.0,-19.38,Decline,False,13.23
Explorers,Tennessee,2025-02-01,"Juvenile Nonfiction, Biography & Autobiography, Education, Discoveries in geography",Banned,1,1,1,Very Popular,73.08,59.34,-13.739999999999995,100.0,100.0,-18.79,Decline,False,14.52
Rise,Florida,2024-01-01,"Young Adult, Fantasy, Paranormal, Werewolves, Romance, Magic, Supernatural",Banned,4,1,4,Very Popular,86.01,72.24,-13.77000000000001,100.0,100.0,-16.01,Decline,False,8.95
Chain Reaction,Florida,2024-04-01,"Romance, Young Adult, Contemporary, High School, Contemporary Romance, Realistic Fiction, Young Adult Romance",Banned,8,2,8,Very Popular,63.72,49.89,-13.829999999999998,100.0,100.0,-21.71,Decline,False,17.3
Albrecht Durer,Tennessee,2025-04-01,"Art, German, Art, Artists, Prints",Banned,1,1,1,Popular,40.51,26.68,-13.829999999999998,100.0,100.0,-34.15,Decline,False,35.29
The Immortal Life of Henrietta Lacks,Florida,2023-11-01,"Nonfiction, Science, History, Biography, Medicine, Audiobook, Medical",Banned by Restriction,3,3,3,Popular,38.72,24.84,-13.879999999999999,100.0,100.0,-35.84,Decline,False,33.23
47,Texas,2021-11-01,"Historical Fiction, Young Adult, Fantasy, Fiction, African American, Science Fiction, Historical",Banned from Classrooms,2,1,1,Very Popular,88.52,74.6,-13.920000000000002,100.0,100.0,-15.73,Decline,False,8.83
Tyranny,Texas,2025-05-01,Young Adult Fiction,Banned,1,1,1,Popular,46.74,32.71,-14.030000000000001,100.0,100.0,-30.02,Decline,False,15.22
Snakeroot,Florida,2023-12-01,"Young Adult, Fantasy, Paranormal, Werewolves, Romance, Magic, Supernatural",Banned Pending Investigation,1,1,1,Moderate Interest,15.18,1.11,-14.07,100.0,100.0,-92.68,Strong Decline,False,20.63
Outer Dark,Florida,2024-06-01,"Fiction, Indians of North America",Banned by Restriction,1,1,1,Popular,35.23,21.12,-14.109999999999996,100.0,100.0,-40.05,Decline,False,34.83
His Dark Materials,Florida,2023-08-01,"Fantasy, Fiction, Young Adult, Childrens, Science Fiction Fantasy, Science Fiction, Classics",Banned Pending Investigation,1,1,1,Popular,42.44,28.32,-14.119999999999997,100.0,100.0,-33.27,Decline,False,15.0
Elske,Texas,2024-09-01,Juvenile Fiction,Banned,1,1,1,Moderate Interest,16.06,1.92,-14.139999999999999,100.0,100.0,-88.03,Strong Decline,False,24.37
Birth Control,Texas,2021-12-01,Young Adult Nonfiction,Banned Pending Investigation,1,1,1,Very Popular,86.43,72.16,-14.27000000000001,100.0,100.0,-16.52,Decline,False,11.46
Autonomous,Florida,2024-11-01,Young Adult Fiction,Banned Pending Investigation,3,1,3,Very Popular,61.66,47.31,-14.349999999999994,100.0,100.0,-23.27,Decline,False,15.58
Ghost World,Florida,2023-08-01,Comics & Graphic Novels,Banned,4,1,4,Popular,44.69,30.26,-14.429999999999996,100.0,100.0,-32.3,Decline,False,12.5
The Missing Girl,Georgia,2023-08-01,"Young Adult, Mystery, Fiction, Teen, Thriller, Realistic Fiction, Abuse",Banned Pending Investigation,1,1,1,Popular,26.04,11.6,-14.44,100.0,100.0,-55.46,Strong Decline,False,15.13
Lifeblood,Texas,2023-03-01,Young Adult Fiction,Banned from Libraries,2,1,2,Popular,27.87,13.42,-14.450000000000001,100.0,100.0,-51.83,Strong Decline,False,30.09
The Black Dahlia,Iowa,2024-06-01,"Mystery, Fiction, Crime, Noir, Historical Fiction, True Crime, Thriller",Banned,1,1,1,Popular,41.74,27.26,-14.48,100.0,100.0,-34.71,Decline,False,19.58
Reign,Florida,2023-11-01,"Romance, Young Adult, Audiobook, Fiction, Contemporary, Chick Lit, Fantasy",Banned by Restriction,1,1,1,Popular,47.74,33.16,-14.580000000000005,100.0,100.0,-30.56,Decline,False,12.85
Sleepless,Florida,2023-12-01,"Horror, Young Adult, Mystery, Fiction, Supernatural, Thriller, Romance",Banned Pending Investigation,1,1,1,Very Popular,51.18,36.56,-14.619999999999997,100.0,100.0,-28.57,Decline,False,16.03
Shiver,Florida,2023-06-01,"Young Adult, Fantasy, Romance, Paranormal, Werewolves, Fiction, Paranormal Romance",Banned Pending Investigation,16,6,16,Popular,31.39,16.76,-14.629999999999999,100.0,100.0,-46.62,Decline,False,16.58
I Know Why the Caged Bird Sings,Iowa,2023-10-01,"Nonfiction, Classics, Memoir, Biography, Autobiography, Poetry, Feminism",Banned,8,4,8,Popular,24.77,9.96,-14.809999999999999,100.0,100.0,-59.8,Strong Decline,False,21.12
Private Label,Utah,2022-11-01,Young Adult Fiction,Banned from Libraries and Classrooms,1,1,1,Very Popular,70.63,55.57,-15.059999999999995,100.0,100.0,-21.33,Decline,False,13.36
Before I Let Go,Florida,2023-06-01,Fiction,Banned Pending Investigation,1,1,1,Very Popular,63.3,48.2,-15.099999999999994,100.0,100.0,-23.85,Decline,False,16.9
The Italian Renaissance,Tennessee,2025-04-01,"Art, Renaissance, Fishing, History",Banned,1,1,1,Very Popular,50.4,35.28,-15.119999999999997,100.0,100.0,-30.0,Decline,False,30.89
Deadly Class,Missouri,2022-09-01,Comics & Graphic Novels,Banned Pending Investigation,2,2,2,Popular,46.59,31.44,-15.150000000000002,100.0,100.0,-32.51,Decline,False,20.27
Fault Line,Florida,2023-08-01,"Young Adult, Fiction, Realistic Fiction, Abuse, Romance, Teen, Young Adult Contemporary",Banned Pending Investigation,2,2,2,Very Popular,52.71,37.51,-15.200000000000003,100.0,100.0,-28.84,Decline,False,15.5
Magritte,Tennessee,2025-04-01,"Art, Architecture",Banned,1,1,1,Moderate Interest,18.43,3.1,-15.33,100.0,100.0,-83.18,Strong Decline,False,13.09
And She Was,Texas,2021-12-01,"Young Adult, LGBT, Contemporary, Realistic Fiction, Fiction, Romance, Teen",Banned Pending Investigation,5,4,5,Very Popular,64.23,48.78,-15.450000000000003,100.0,100.0,-24.06,Decline,False,20.01
The Gay Rights Movement,Florida,2023-06-01,"Political Science, Gay liberation movement, Law",Banned Pending Investigation,2,2,2,Moderate Interest,16.72,1.11,-15.61,100.0,100.0,-93.36,Strong Decline,False,23.74
Voyager,Florida,2023-08-01,"Historical Fiction, Romance, Fantasy, Fiction, Time Travel, Historical, Historical Romance",Banned Pending Investigation,2,2,2,Very Popular,63.04,47.36,-15.68,100.0,100.0,-24.89,Decline,False,10.56
Bound,Tennessee,2025-02-01,"BDSM, Erotica, Romance, Fiction",Banned,1,1,1,Very Popular,83.49,67.79,-15.699999999999989,100.0,100.0,-18.8,Decline,False,11.07
Gilded,Florida,2023-06-01,"Fantasy, Young Adult, Retellings, Romance, Audiobook, Fiction, Young Adult Fantasy",Banned Pending Investigation,5,1,5,Very Popular,68.68,52.92,-15.760000000000005,100.0,100.0,-22.94,Decline,False,15.33
Insomnia,Florida,2024-05-01,"Horror, Fiction, Fantasy, Thriller, Mystery, Supernatural, Suspense",Banned,3,1,3,Very Popular,81.71,65.92,-15.789999999999992,100.0,100.0,-19.32,Decline,False,10.21
Live Through This,Iowa,2024-06-01,"Young Adult Fiction, Juvenile Fiction, Self-Help",Banned,1,1,1,Very Popular,53.19,37.34,-15.849999999999994,100.0,100.0,-29.79,Decline,False,24.49
The Street,Florida,2024-06-01,"African American women, Fiction",Banned by Restriction,1,1,1,Very Popular,88.04,72.13,-15.91000000000001,100.0,100.0,-18.07,Decline,False,9.08
Firestorm,Florida,2023-08-01,Juvenile Fiction,Banned by Restriction,1,1,1,Very Popular,67.76,51.68,-16.080000000000005,100.0,100.0,-23.73,Decline,False,14.23
Punching Bag,Florida,2023-10-01,"Young Adult, Mental Health, Abuse, Biography Memoir, Middle Grade, Teen, Survival",Banned Pending Investigation,1,1,1,Very Popular,75.27,59.08,-16.189999999999998,100.0,100.0,-21.51,Decline,False,15.13
Masquerade,Texas,2022-10-01,"Manhattan (New York, N.Y.)",Banned from Libraries,3,2,3,Very Popular,64.43,48.16,-16.27000000000001,100.0,100.0,-25.26,Decline,False,13.95
Blackout,Florida,2024-06-01,"Romance, Young Adult, Short Stories, Contemporary, LGBT, Fiction, Audiobook",Banned by Restriction,2,2,2,Very Popular,55.51,39.23,-16.28,100.0,100.0,-29.32,Decline,False,11.84
The War that Saved My Life,Iowa,2024-06-01,"Historical Fiction, Middle Grade, Fiction, Young Adult, Historical, World War II, Childrens",Banned Pending Investigation,1,1,1,Moderate Interest,17.44,1.11,-16.330000000000002,100.0,100.0,-93.63,Strong Decline,False,25.87
Watch Me,Florida,2024-06-01,"Fiction, Government investigators",Banned by Restriction,1,1,1,Very Popular,54.02,37.66,-16.360000000000007,100.0,100.0,-30.3,Decline,False,13.43
Until We Meet Again,Florida,2023-08-01,"Young Adult, Romance, Time Travel, Fantasy, Mystery, Historical Fiction, Science Fiction",Banned Pending Investigation,1,1,1,Popular,40.48,24.07,-16.409999999999997,100.0,100.0,-40.54,Decline,False,28.9
People We Meet on Vacation,Iowa,2023-10-01,"Fiction, Contemporary, Friends To Lovers, Audiobook, Contemporary Romance, Adult, Chick Lit",Banned,2,1,2,Popular,21.48,4.98,-16.5,100.0,100.0,-76.82,Strong Decline,False,26.91
The 5th Wave,Wisconsin,2023-11-01,"Young Adult, Science Fiction, Dystopia, Fiction, Fantasy, Aliens, Romance",Banned Pending Investigation,3,2,3,Popular,42.17,25.64,-16.53,100.0,100.0,-39.18,Decline,False,22.57
Far from You,Texas,2021-12-01,"Young Adult, Mystery, LGBT, Contemporary, Romance, Lesbian, Thriller",Banned Pending Investigation,2,1,2,Very Popular,86.22,69.67,-16.549999999999997,100.0,100.0,-19.2,Decline,False,12.91
The Natural,Florida,2024-06-01,"Fiction, Sports, Baseball, Classics, Novels, Literature, Literary Fiction",Banned by Restriction,1,1,1,Very Popular,71.76,55.19,-16.570000000000007,100.0,100.0,-23.09,Decline,False,19.2
The Slap,Maine,2023-08-01,"Fiction, Australia",Banned by Restriction,1,1,1,Very Popular,71.2,54.6,-16.6,100.0,100.0,-23.31,Decline,False,14.98
Life in Ancient Egypt,Tennessee,2025-02-01,Juvenile Nonfiction,Banned,2,1,2,Popular,23.68,7.02,-16.66,100.0,100.0,-70.34,Strong Decline,False,30.93
Peaches,Florida,2023-08-01,Young Adult Fiction,Banned Pending Investigation,3,2,3,Very Popular,67.29,50.6,-16.690000000000005,100.0,100.0,-24.8,Decline,False,18.81
Girl in Translation,Florida,2023-06-01,"Fiction, Historical Fiction, Young Adult, Contemporary, China, Coming Of Age, Adult Fiction",Banned Pending Investigation,15,5,15,Popular,24.31,7.59,-16.72,100.0,100.0,-68.78,Strong Decline,False,30.61
Say the Word,Texas,2021-12-01,"Young Adult, LGBT, Contemporary, Realistic Fiction, Lesbian, Romance, Queer",Banned Pending Investigation,3,2,3,Very Popular,79.97,63.11,-16.86,100.0,100.0,-21.08,Decline,False,14.61
Brave New World,Florida,2021-10-01,"Literature, Science Fiction, Novels, School, Audiobook, Banned Books, Science Fiction Fantasy",Banned from Libraries and Classrooms,40,10,40,Very Popular,60.58,43.7,-16.879999999999995,100.0,100.0,-27.86,Decline,False,15.08
Boys of Summer,Florida,2023-08-01,Young Adult Fiction,Banned Pending Investigation,1,1,1,Very Popular,69.43,52.54,-16.890000000000008,100.0,100.0,-24.32,Decline,False,17.89
Shutter,Florida,2023-08-01,Young Adult Fiction,Banned Pending Investigation,1,1,1,Very Popular,84.23,67.27,-16.960000000000008,100.0,100.0,-20.14,Decline,False,10.52
Game,Florida,2023-08-01,Young Adult Fiction,Banned Pending Investigation,4,3,4,Very Popular,63.91,46.94,-16.97,100.0,100.0,-26.55,Decline,False,17.33
Safe,Florida,2021-11-01,"Young Adult, Abuse, Realistic Fiction, Fiction, Teen, Mental Health, Contemporary",Banned Pending Investigation,2,1,2,Very Popular,89.51,72.34,-17.17,100.0,100.0,-19.18,Decline,False,10.4
Panic,Texas,2021-11-01,"Young Adult, Realistic Fiction, Mystery, Contemporary, Fiction, Thriller, Abuse",Banned from Libraries,2,1,2,Very Popular,87.6,70.22,-17.379999999999995,100.0,100.0,-19.84,Decline,False,10.43
Romanticism,Texas,2025-02-01,Juvenile Nonfiction,Banned,1,1,1,Very Popular,50.9,33.51,-17.39,100.0,100.0,-34.16,Decline,False,24.33
Mercy,Florida,2023-02-01,Fiction,Banned Pending Investigation,9,2,9,Very Popular,81.37,63.97,-17.400000000000006,100.0,100.0,-21.38,Decline,False,12.59
Blindness,Florida,2024-06-01,"Fiction, Dystopia, Science Fiction, Classics, Novels, Literature, Portugal",Banned by Restriction,2,2,2,Popular,28.86,11.34,-17.52,100.0,100.0,-60.69,Strong Decline,False,12.94
Him,Minnesota,2023-01-01,Fiction,Banned Pending Investigation,1,1,1,Very Popular,83.34,65.8,-17.540000000000006,100.0,100.0,-21.05,Decline,False,11.99
Swagger,Florida,2023-08-01,Juvenile Fiction,Banned Pending Investigation,3,2,3,Very Popular,54.51,36.87,-17.64,100.0,100.0,-32.37,Decline,False,20.4
Go Ask Alice,Michigan,2022-05-01,"Banned Books, Fiction, Young Adult, Audiobook, Thriller, Contemporary, Diary",Banned Pending Investigation,33,10,33,Popular,31.49,13.68,-17.81,100.0,100.0,-56.56,Strong Decline,False,22.57
Child Abuse,Florida,2023-12-01,"Family & Relationships, Child molesters, Children and death",Banned Pending Investigation,1,1,1,Very Popular,76.11,58.26,-17.85,100.0,100.0,-23.46,Decline,False,16.43
Back Roads,Florida,2024-06-01,"Fiction, Contemporary, Coming Of Age, Adult Fiction, Family, Novels, Literary Fiction",Banned by Restriction,1,1,1,Very Popular,70.91,53.01,-17.9,100.0,100.0,-25.24,Decline,False,22.12
Every Summer After,Iowa,2023-10-01,Fiction,Banned,1,1,1,Very Popular,51.48,32.97,-18.509999999999998,100.0,100.0,-35.96,Decline,False,29.74
Ace of Spades,Florida,2021-11-01,"Young Adult, Mystery, Thriller, LGBT, Contemporary, Fiction, Mystery Thriller",Banned from Libraries and Classrooms,13,4,13,Very Popular,75.76,57.23,-18.53000000000001,100.0,100.0,-24.45,Decline,False,13.0
Stories of Jesus,Florida,2023-06-01,"Juvenile Nonfiction, Religion",Banned from Libraries and Classrooms,1,1,1,Popular,22.82,4.24,-18.58,100.0,100.0,-81.4,Strong Decline,False,26.91
Torn,Texas,2024-06-01,"Fantasy, Young Adult, Paranormal, Romance, Paranormal Romance, Fiction, Magic",Banned,1,1,1,Very Popular,79.63,60.83,-18.799999999999997,100.0,100.0,-23.61,Decline,False,11.54
Skeleton Crew,Florida,2024-06-01,"Horror, Short Stories, Fiction, Fantasy, Thriller, Anthologies, Audiobook",Banned,7,4,7,Popular,27.09,8.29,-18.8,100.0,100.0,-69.4,Strong Decline,False,18.43
Yayoi Kusama,Tennessee,2025-04-01,"Art, Architecture, Biography & Autobiography",Banned,1,1,1,Very Popular,62.89,43.76,-19.130000000000003,100.0,100.0,-30.42,Decline,False,18.43
LaRose,Tennessee,2024-10-01,,Banned,1,1,1,Very Popular,51.56,32.4,-19.160000000000004,100.0,100.0,-37.16,Decline,False,18.65
If It Bleeds,Florida,2024-05-01,"Horror, Fiction, Short Stories, Thriller, Audiobook, Mystery, Fantasy",Banned,5,2,5,Very Popular,53.66,34.49,-19.169999999999995,100.0,100.0,-35.72,Decline,False,30.2
The Lost Hero,Iowa,2024-06-01,"Fantasy, Young Adult, Mythology, Fiction, Middle Grade, Adventure, Greek Mythology",Banned Pending Investigation,1,1,1,Popular,34.02,14.78,-19.240000000000002,100.0,100.0,-56.56,Strong Decline,False,25.54
Michelangelo,Florida,2023-08-01,"Artists, Art, Drawing",Banned Pending Investigation,1,1,1,Very Popular,66.99,47.71,-19.279999999999994,100.0,100.0,-28.78,Decline,False,14.44
All Your Perfects,Florida,2023-06-01,"Romance, Contemporary, Fiction, Contemporary Romance, Audiobook, New Adult, Adult",Banned Pending Investigation,13,3,13,Popular,42.64,23.07,-19.57,100.0,100.0,-45.91,Decline,False,29.25
Dr. Jekyll and Mr. Hyde,Texas,2024-06-01,"Classics, Horror, Fiction, Science Fiction, Mystery, Gothic, Fantasy",Banned,1,1,1,Popular,26.7,6.82,-19.88,100.0,100.0,-74.45,Strong Decline,False,27.39
Finn,Florida,2023-08-01,"Juvenile Fiction, Grandparents as parents",Banned Pending Investigation,1,1,1,Very Popular,71.54,51.57,-19.970000000000006,100.0,100.0,-27.92,Decline,False,12.3
The Girl with the Dragon Tattoo,Florida,2023-08-01,Fiction,Banned,16,6,16,Very Popular,54.03,33.98,-20.050000000000004,100.0,100.0,-37.12,Decline,False,16.49
Love,Virginia,2023-01-01,"Fiction, Biography & Autobiography",Banned from Libraries and Classrooms,1,1,1,Very Popular,84.77,64.53,-20.239999999999995,100.0,100.0,-23.87,Decline,False,12.17
How to Love,Texas,2021-12-01,"Romance, Young Adult, Contemporary, New Adult, Fiction, Realistic Fiction, Young Adult Contemporary",Banned from Libraries,5,2,5,Very Popular,87.92,67.4,-20.519999999999996,100.0,100.0,-23.34,Decline,False,12.31
One True Way,Texas,2021-12-01,"Middle Grade, LGBT, Historical Fiction, Historical, Young Adult, Romance, Realistic Fiction",Banned Pending Investigation,3,2,3,Very Popular,64.8,44.12,-20.68,100.0,100.0,-31.91,Decline,False,26.72
Love is Love,Texas,2024-08-01,"Young Adult Fiction, New Age music, Family & Relationships, Psychology",Banned,2,2,2,Very Popular,74.57,53.64,-20.929999999999993,100.0,100.0,-28.06,Decline,False,18.61
Bad Boy,Florida,2023-09-01,Young Adult Fiction,Banned,2,1,2,Very Popular,77.6,56.29,-21.309999999999995,100.0,100.0,-27.46,Decline,False,13.52
Boot Camp,Florida,2024-06-01,"Young Adult, Realistic Fiction, Fiction, Abuse, Survival, Contemporary, Adventure",Banned by Restriction,1,1,1,Very Popular,83.73,62.13,-21.6,100.0,100.0,-25.8,Decline,False,13.23
The Host,Wisconsin,2023-11-01,"Fantasy, Young Adult, Science Fiction, Romance, Fiction, Dystopia, Paranormal",Banned Pending Investigation,2,2,2,Very Popular,74.76,53.09,-21.67,100.0,100.0,-28.98,Decline,False,15.69
The Sphinx,Tennessee,2025-02-01,Juvenile Nonfiction,Banned,1,1,1,Very Popular,61.77,39.9,-21.870000000000005,100.0,100.0,-35.4,Decline,False,16.72
Plum Island,Florida,2023-08-01,"Mystery, Fiction, Thriller, Suspense, Mystery Thriller, Crime, Detective",Banned Pending Investigation,1,1,1,Very Popular,54.3,32.41,-21.89,100.0,100.0,-40.31,Decline,False,20.04
Long Way Down,Florida,2023-06-01,Juvenile Fiction,Banned Pending Investigation,3,2,3,Very Popular,53.2,31.01,-22.19,100.0,100.0,-41.71,Decline,False,22.3
Sanctuary Bay,Florida,2023-08-01,"Young Adult, Mystery, Thriller, Contemporary, Boarding School, Science Fiction, Suspense",Banned Pending Investigation,1,1,1,Popular,31.68,9.3,-22.38,100.0,100.0,-70.64,Strong Decline,False,31.85
Along for the Ride,Florida,2023-08-01,"Young Adult, Romance, Contemporary, Fiction, Chick Lit, Realistic Fiction, Teen",Banned Pending Investigation,1,1,1,Popular,46.07,23.38,-22.69,100.0,100.0,-49.25,Decline,False,27.65
Dumpling Soup,Florida,2022-01-01,Juvenile Fiction,Banned Pending Investigation,1,1,1,Very Popular,57.08,34.21,-22.869999999999997,100.0,100.0,-40.06,Decline,False,17.24
American Gangster,Florida,2023-12-01,"True Crime, Fiction, Detective and mystery stories, American",Banned Pending Investigation,1,1,1,Popular,40.77,17.89,-22.880000000000003,100.0,100.0,-56.12,Strong Decline,False,17.12
Mythology,Missouri,2022-09-01,"History, Reference, Religion, Classics, School, Literature, Short Stories",Banned Pending Investigation,1,1,1,Very Popular,83.86,60.97,-22.89,100.0,100.0,-27.3,Decline,False,15.38
The Bible Book,Florida,2023-08-01,Religion,Banned Pending Investigation,1,1,1,Very Popular,74.56,51.59,-22.97,100.0,100.0,-30.8,Decline,False,14.23
Schindler's List,Florida,2023-08-01,"History, Nonfiction, Classics, Holocaust, War, Historical, World War II",Banned Pending Investigation,2,2,2,Very Popular,57.39,34.12,-23.270000000000003,100.0,100.0,-40.54,Decline,False,16.93
Vampires,Tennessee,2025-02-01,"Juvenile Nonfiction, Fiction, History",Banned,1,1,1,Very Popular,68.18,44.7,-23.480000000000004,100.0,100.0,-34.44,Decline,False,16.59
Transgender People,Texas,2024-08-01,"Religion, Biography & Autobiography",Banned,1,1,1,Very Popular,58.74,34.56,-24.18,100.0,100.0,-41.18,Decline,False,17.57
Best Friends for Never,Florida,2023-06-01,"Juvenile Fiction, Cats",Banned Pending Investigation,1,1,1,Popular,31.34,7.1,-24.240000000000002,100.0,100.0,-77.35,Strong Decline,False,29.58
Rx,Texas,2025-02-01,"Fiction, Juvenile Fiction, English language, Activity programs in education",Banned,1,1,1,Very Popular,85.59,61.22,-24.370000000000005,100.0,100.0,-28.47,Decline,False,14.17
Mad Honey,Tennessee,2025-02-01,Fiction,Banned,1,1,1,Very Popular,55.01,30.36,-24.65,100.0,100.0,-44.82,Decline,False,17.76
Being Transgender,Florida,2023-06-01,Gender nonconformity,Banned Pending Investigation,3,1,3,Popular,45.79,20.78,-25.009999999999998,100.0,100.0,-54.62,Strong Decline,False,32.71
Death on the Nile,Florida,2023-08-01,"Mystery, Fiction, Classics, Crime, Mystery Thriller, Detective, Audiobook",Banned Pending Investigation,2,2,2,Popular,49.34,24.13,-25.210000000000004,100.0,100.0,-51.09,Strong Decline,False,20.16
Fourth Wing,Florida,2023-11-01,"Romantasy, Dragons, Fiction, Audiobook, Enemies To Lovers, Fantasy Romance, Magic",Banned Pending Investigation,3,3,3,Very Popular,65.2,39.92,-25.28,100.0,100.0,-38.77,Decline,False,16.44
The Scandal,Texas,2022-10-01,"Juvenile Fiction, Cheating, Fiction",Banned from Libraries,1,1,1,Very Popular,71.34,45.87,-25.470000000000006,100.0,100.0,-35.71,Decline,False,18.58
Station Eleven,Florida,2024-06-01,"Fiction, Science Fiction, Dystopia, Post Apocalyptic, Audiobook, Adult, Fantasy",Banned by Restriction,3,3,3,Very Popular,57.93,32.3,-25.630000000000003,100.0,100.0,-44.25,Decline,False,20.32
Left Out,Texas,2022-11-01,"Juvenile Fiction, Self-Help",Banned from Libraries,1,1,1,Very Popular,86.03,60.32,-25.71,100.0,100.0,-29.89,Decline,False,14.24
High Heat,Florida,2025-06-01,Juvenile Fiction,Banned by Restriction,1,1,1,Very Popular,82.49,56.59,-25.89999999999999,100.0,100.0,-31.4,Decline,False,16.51
This is Where it Ends,Florida,2025-06-01,Young Adult Fiction,Banned Pending Investigation,2,1,2,Popular,31.92,5.93,-25.990000000000002,100.0,100.0,-81.41,Strong Decline,False,27.58
Rebel,Florida,2023-08-01,"Young Adult Fiction, Juvenile Fiction",Banned Pending Investigation,1,1,1,Very Popular,81.83,55.59,-26.239999999999995,100.0,100.0,-32.07,Decline,False,15.27
The Merchant Of Venice,Florida,2024-06-01,"Classics, Plays, Fiction, Drama, School, Literature, Theatre",Banned by Restriction,1,1,1,Popular,27.53,1.11,-26.42,100.0,100.0,-95.96,Strong Decline,False,28.92
Hunted,Florida,2023-08-01,"Young Adult, Vampires, Fantasy, Paranormal, Romance, Fiction, Supernatural",Banned,7,4,7,Very Popular,68.2,41.57,-26.630000000000003,100.0,100.0,-39.05,Decline,False,18.8
Hook Up,Texas,2021-12-01,Young Adult Fiction,Banned from Libraries,1,1,1,Very Popular,80.09,53.36,-26.730000000000004,100.0,100.0,-33.38,Decline,False,16.24
Slay,Florida,2023-08-01,"Young Adult, Contemporary, Fiction, Audiobook, Realistic Fiction, Science Fiction, Young Adult Contemporary",Banned by Restriction,1,1,1,Very Popular,77.54,50.66,-26.88000000000001,100.0,100.0,-34.68,Decline,False,16.01
Tyrell,Florida,2023-10-01,Young Adult Fiction,Banned,4,1,4,Very Popular,62.1,34.94,-27.160000000000004,100.0,100.0,-43.73,Decline,False,16.15
The Talisman,Florida,2023-08-01,"Horror, Fantasy, Fiction, Thriller, Adventure, Mystery, Audiobook",Banned,5,2,5,Very Popular,60.09,32.83,-27.260000000000005,100.0,100.0,-45.36,Decline,False,19.78
All Because You Matter,Florida,2023-06-01,"Juvenile Fiction, African American children",Banned Pending Investigation,1,1,1,Popular,34.14,6.59,-27.55,100.0,100.0,-80.7,Strong Decline,False,27.41
13 Minutes,Florida,2023-08-01,"Young Adult, Mystery, Thriller, Fiction, Contemporary, Mystery Thriller, Crime",Banned Pending Investigation,2,2,2,Very Popular,65.8,38.19,-27.61,100.0,100.0,-41.96,Decline,False,18.37
Mockingjay,Pennsylvania,2023-02-01,"Young Adult, Dystopia, Fiction, Fantasy, Science Fiction, Romance, Adventure",Banned Pending Investigation,3,3,3,Very Popular,57.89,30.27,-27.62,100.0,100.0,-47.72,Decline,False,22.61
Separation of Power,Florida,2024-06-01,"Fiction, Thriller, Espionage, Action, Mystery, Suspense, Spy Thriller",Banned by Restriction,1,1,1,Popular,45.28,17.52,-27.76,100.0,100.0,-61.3,Strong Decline,False,30.94
Rumble,Florida,2022-09-01,Juvenile Nonfiction,Banned Pending Investigation,31,11,31,Very Popular,54.53,26.57,-27.96,100.0,100.0,-51.28,Strong Decline,False,16.88
Killer Spirit,Texas,2022-11-01,"Young Adult, Mystery, Espionage, Romance, Contemporary, High School, Action",Banned from Libraries and Classrooms,3,1,3,Popular,30.3,1.89,-28.41,100.0,100.0,-93.77,Strong Decline,False,29.61
We Are Not From Here,Florida,2023-06-01,Young Adult Fiction,Banned Pending Investigation,3,1,3,Very Popular,52.5,23.81,-28.69,100.0,100.0,-54.65,Strong Decline,False,37.07
Predator,Florida,2024-06-01,"Mystery, Fiction, Crime, Thriller, Mystery Thriller, Suspense, Murder Mystery",Banned by Restriction,1,1,1,Very Popular,79.72,50.83,-28.89,100.0,100.0,-36.24,Decline,False,16.25
Just Friends,Florida,2023-12-01,"Fiction, Actresses, Performing Arts",Banned Pending Investigation,1,1,1,Very Popular,67.47,37.87,-29.6,100.0,100.0,-43.87,Decline,False,18.01
The Hunger Games,Pennsylvania,2023-02-01,"Young adult dystopian, science fiction, thriller",Banned Pending Investigation,2,2,2,Very Popular,70.54,40.71,-29.830000000000005,100.0,100.0,-42.29,Decline,False,23.76
The Marvelous,Tennessee,2022-02-01,"Young Adult, Contemporary, Mystery, LGBT, Thriller, Queer, Fiction",Banned Pending Investigation,1,1,1,Very Popular,56.73,26.13,-30.599999999999998,100.0,100.0,-53.94,Strong Decline,False,23.23
The Taming Of The Shrew,Florida,2024-06-01,"Classics, Plays, Fiction, Drama, School, Theatre, Romance",Banned by Restriction,1,1,1,Very Popular,59.34,28.54,-30.800000000000004,100.0,100.0,-51.9,Strong Decline,False,29.06
Homecoming,Florida,2025-06-01,"Young Adult, Romance, LGBT, Fiction",Banned by Restriction,1,1,1,Very Popular,67.37,36.17,-31.200000000000003,100.0,100.0,-46.31,Decline,False,22.03
The Siren,Florida,2023-08-01,"Young Adult Fiction, Juvenile Fiction",Banned by Restriction,1,1,1,Very Popular,62.38,30.93,-31.450000000000003,100.0,100.0,-50.41,Strong Decline,False,18.67
Angel,Florida,2023-02-01,"Genetic engineering, Young Adult Fiction",Banned from Libraries,2,2,2,Very Popular,80.18,48.71,-31.470000000000006,100.0,100.0,-39.25,Decline,False,17.51
The Pillars of the Earth,Florida,2023-08-01,"Historical Fiction, Fiction, Historical, Fantasy, Classics, Audiobook, Medieval",Banned Pending Investigation,2,1,2,Popular,47.58,15.1,-32.48,100.0,100.0,-68.26,Strong Decline,False,29.4
Counting Stars,Florida,2023-10-01,"Young Adult Fiction, Juvenile Fiction",Banned Pending Investigation,1,1,1,Very Popular,67.76,35.13,-32.63,100.0,100.0,-48.15,Decline,False,21.57
Joyland,Florida,2024-06-01,"Horror, Fiction, Mystery, Thriller, Crime, Audiobook, Mystery Thriller",Banned,4,2,4,Very Popular,67.32,34.46,-32.85999999999999,100.0,100.0,-48.82,Decline,False,21.18
Rebecca,Texas,2023-01-01,"Classics, Fiction, Mystery, Gothic, Romance, Historical Fiction, Thriller",Banned from Libraries,2,1,2,Very Popular,70.84,37.98,-32.86000000000001,100.0,100.0,-46.39,Decline,False,18.2
Giants,Florida,2023-08-01,Nonfiction,Banned Pending Investigation,1,1,1,Very Popular,51.12,17.96,-33.16,100.0,100.0,-64.88,Strong Decline,False,23.79
The Martian,Wisconsin,2023-11-01,"Science Fiction, Fiction, Audiobook, Adventure, Space, Adult, Thriller",Banned Pending Investigation,1,1,1,Very Popular,71.26,38.09,-33.17,100.0,100.0,-46.55,Decline,False,19.8
The Dead Zone,Florida,2023-08-01,"Horror, Fiction, Thriller, Fantasy, Science Fiction, Paranormal, Mystery",Banned,6,2,6,Very Popular,50.78,17.27,-33.510000000000005,100.0,100.0,-66.0,Strong Decline,False,25.76
Quake,Florida,2023-08-01,"Romance, Erotica, Contemporary, Contemporary Romance, Suspense, Adult Fiction, Novella",Banned Pending Investigation,1,1,1,Very Popular,58.48,24.28,-34.199999999999996,100.0,100.0,-58.48,Strong Decline,False,20.99
Catching Fire,Pennsylvania,2023-02-01,"Young Adult, Fiction, Fantasy, Science Fiction, Romance, Audiobook, Teen",Banned Pending Investigation,4,4,4,Very Popular,70.87,35.87,-35.00000000000001,100.0,100.0,-49.39,Decline,False,24.18
Rivals,Florida,2023-11-01,"Young Adult Fiction, Fiction",Banned by Restriction,1,1,1,Very Popular,75.9,40.8,-35.10000000000001,100.0,100.0,-46.25,Decline,False,19.76
The Guest List,Florida,2024-05-01,"Mystery, Thriller, Fiction, Mystery Thriller, Audiobook, Suspense, Adult",Banned by Restriction,2,1,2,Very Popular,54.93,19.74,-35.19,100.0,100.0,-64.06,Strong Decline,False,23.87
My Riot,Missouri,2022-09-01,"Comics & Graphic Novels, Nineteen nineties",Banned Pending Investigation,1,1,1,Popular,44.76,9.02,-35.739999999999995,100.0,100.0,-79.84,Strong Decline,False,23.22
Mosque,Tennessee,2025-02-01,,Banned,1,1,1,Very Popular,59.37,23.39,-35.98,100.0,100.0,-60.6,Strong Decline,False,21.65
The Black Kids,Florida,2021-11-01,"Young Adult, Historical Fiction, Contemporary, Fiction, Audiobook, Historical, Race",Banned from Libraries and Classrooms,2,1,2,Very Popular,70.04,33.61,-36.43000000000001,100.0,100.0,-52.01,Strong Decline,False,21.4
Mirage,Florida,2023-08-01,"Fantasy, Young Adult, Science Fiction, Romance, Young Adult Fantasy, Fiction, Audiobook",Banned Pending Investigation,1,1,1,Very Popular,68.78,30.29,-38.49,100.0,100.0,-55.96,Strong Decline,False,23.31
The Dead of Night,Florida,2023-08-01,"Young Adult, Fiction, War, Dystopia, Australia, Adventure, Action",Banned Pending Investigation,1,1,1,Very Popular,67.56,28.01,-39.55,100.0,100.0,-58.54,Strong Decline,False,22.95
Someday,Florida,2022-11-01,Young Adult Fiction,Banned Pending Investigation,3,3,3,Very Popular,75.4,35.02,-40.38,100.0,100.0,-53.55,Strong Decline,False,22.25
Dreamland,Iowa,2023-10-01,"Young Adult, Contemporary, Romance, Fiction, Realistic Fiction, Chick Lit, Abuse",Banned Pending Investigation,2,2,2,Very Popular,58.78,17.23,-41.55,100.0,100.0,-70.68,Strong Decline,False,22.83
Cross Country,Florida,2024-06-01,"Fiction, African American psychologists, African American detectives",Banned by Restriction,1,1,1,Very Popular,84.43,41.69,-42.74000000000001,100.0,100.0,-50.63,Strong Decline,False,24.83
Solstice,Florida,2024-06-01,"Zombies, Horror, Young Adult, Fiction, Fantasy, Urban Fantasy, Post Apocalyptic",Banned by Restriction,1,1,1,Popular,48.31,5.5,-42.81,100.0,100.0,-88.62,Strong Decline,False,24.47
Emergency Contact,Florida,2022-10-01,"Romance, Young Adult, Contemporary, Fiction, New Adult, Audiobook, Realistic Fiction",Banned from Libraries and Classrooms,13,6,13,Very Popular,78.43,35.61,-42.82000000000001,100.0,100.0,-54.6,Strong Decline,False,24.07
Love Somebody,Texas,2024-08-01,Young Adult Fiction,Banned by Restriction,1,1,1,Very Popular,61.77,17.49,-44.28,100.0,100.0,-71.69,Strong Decline,False,25.91
Tell No One,Iowa,2024-06-01,"Mystery, Thriller, Fiction, Mystery Thriller, Crime, Suspense, Audiobook",Banned,1,1,1,Very Popular,64.54,18.86,-45.68000000000001,100.0,100.0,-70.79,Strong Decline,False,26.84
Part of Your World,Florida,2023-10-01,Fiction,Banned Pending Investigation,1,1,1,Very Popular,58.58,12.37,-46.21,100.0,100.0,-78.89,Strong Decline,False,26.04
Wilder,Florida,2023-12-01,"Young Adult, Contemporary, Fiction, Realistic Fiction, Romance, Humor, Family",Banned Pending Investigation,2,2,2,Very Popular,61.02,14.63,-46.39,100.0,100.0,-76.02,Strong Decline,False,25.56
Lush,Florida,2021-11-01,"Young Adult, Realistic Fiction, Banned Books, Fiction, Middle Grade, Teen, Contemporary",Banned Pending Investigation,10,2,10,Very Popular,80.79,34.31,-46.480000000000004,100.0,100.0,-57.53,Strong Decline,False,24.9
Pumpkin,Florida,2023-07-01,"Young Adult, LGBT, Romance, Contemporary, Audiobook, Fiction, Queer",Banned,6,4,6,Very Popular,76.64,30.0,-46.64,100.0,100.0,-60.86,Strong Decline,False,28.76
The Jester,Florida,2023-08-01,"Fiction, Mystery, Historical Fiction, Thriller, Mystery Thriller, Crime, Fantasy",Banned Pending Investigation,1,1,1,Very Popular,62.98,16.08,-46.9,100.0,100.0,-74.47,Strong Decline,False,28.08
Blessings,Florida,2023-10-01,"Fiction, Foundlings, Administration of estates",Banned,1,1,1,Very Popular,77.82,30.18,-47.63999999999999,100.0,100.0,-61.22,Strong Decline,False,25.25
Black Knight,Texas,2023-03-01,Young Adult Fiction,Banned from Libraries,1,1,1,Very Popular,70.54,21.88,-48.66000000000001,100.0,100.0,-68.99,Strong Decline,False,27.48
The Speaker,Florida,2023-08-01,Young Adult Fiction,Banned Pending Investigation,2,1,2,Very Popular,63.07,12.91,-50.16,100.0,100.0,-79.53,Strong Decline,False,29.56
Achilles,Florida,2023-08-01,Young Adult Fiction,Banned Pending Investigation,1,1,1,Very Popular,60.64,8.5,-52.14,100.0,100.0,-85.98,Strong Decline,False,27.44
Ash,Texas,2021-12-01,"Fantasy, Young Adult, LGBT, Romance, Queer, Fiction, Retellings",Banned Pending Investigation,4,1,4,Very Popular,80.94,27.77,-53.17,100.0,100.0,-65.7,Strong Decline,False,28.08
Devious,Iowa,2024-06-01,"Juvenile Fiction, Young Adult Fiction, FICTION",Banned,1,1,1,Very Popular,76.01,21.67,-54.34,100.0,100.0,-71.5,Strong Decline,False,28.79
V for Vendetta,Texas,2021-09-01,"Graphic Novels, Comics, Fiction, Dystopia, Science Fiction, Graphic Novels Comics, Classics",Banned from Libraries,3,1,3,Very Popular,66.33,11.86,-54.47,100.0,100.0,-82.13,Strong Decline,False,30.5
Delirium,Florida,2023-08-01,"Young Adult, Dystopia, Romance, Science Fiction, Fantasy, Fiction, Teen",Banned Pending Investigation,1,1,1,Very Popular,80.59,26.0,-54.59,100.0,100.0,-67.74,Strong Decline,False,28.6
Intersex,Texas,2024-08-01,,Banned by Restriction,1,1,1,Very Popular,61.37,6.5,-54.87,100.0,100.0,-89.41,Strong Decline,False,30.25
Perseus,Tennessee,2025-04-01,Juvenile Nonfiction,Banned,1,1,1,Very Popular,73.03,17.12,-55.91,100.0,100.0,-76.56,Strong Decline,False,30.32
Monkey Man,Florida,2023-12-01,Mystery,Banned Pending Investigation,1,1,1,Very Popular,69.44,7.4,-62.04,100.0,100.0,-89.34,Strong Decline,False,33.44
