book_title,ban_date,avg_search_before,avg_search_after,max_search_before,max_search_after,min_search_before,min_search_after,percent_change,absolute_change,volatility,data_collected,collection_successful,state,error
Sold,2021-11-01,80.08,80.43,100.0,100.0,72.0,69.0,0.44,0.36,5.36,2026-02-09 13:32:38,True,Texas,
Tricks,2022-07-01,80.31,86.23,100.0,100.0,69.0,73.0,7.37,5.92,6.32,2026-02-09 13:33:04,True,Arkansas,
A Court of Mist and Fury,2022-07-01,27.31,26.47,100.0,100.0,0.0,0.0,-3.09,-0.84,15.8,2026-02-09 13:33:31,True,Florida,
Empire of Storms,2022-09-01,1.11,0.0,100.0,0.0,0.0,0.0,-100.0,-1.11,10.48,2026-02-09 13:33:57,True,Florida,
A Court of Wings and Ruin,2022-07-01,12.48,16.83,100.0,100.0,0.0,0.0,34.91,4.36,27.39,2026-02-09 13:34:23,True,Florida,
Living Dead Girl,2021-11-01,9.94,6.77,100.0,100.0,0.0,0.0,-31.96,-3.18,19.9,2026-02-09 13:34:50,True,Missouri,
Kingdom of Ash,2022-10-01,7.27,10.88,100.0,100.0,0.0,0.0,49.69,3.61,24.13,2026-02-09 13:35:17,True,Florida,
Last Night at the Telegraph Club,2022-02-01,4.88,4.56,100.0,100.0,0.0,0.0,-6.61,-0.32,19.75,2026-02-09 13:35:43,True,Tennessee,
Tilt (EH),2023-07-01,0.0,0.0,0.0,0.0,0.0,0.0,0.0,0.0,0.0,2026-02-09 13:36:09,True,Alaska,
Lucky (AS),2023-07-01,40.29,32.99,100.0,100.0,0.0,0.0,-18.12,-7.3,28.94,2026-02-09 13:36:35,True,Alaska,
Beyond Magenta: Transgender Teens Speak Out,2021-10-01,0.0,0.0,0.0,0.0,0.0,0.0,0.0,0.0,0.0,2026-02-09 13:37:01,True,Texas,
The Carnival at Bray,2021-11-01,0.0,0.0,0.0,0.0,0.0,0.0,0.0,0.0,0.0,2026-02-09 13:37:28,True,Florida,
Shine,2021-12-01,67.96,64.34,100.0,100.0,40.0,47.0,-5.31,-3.61,10.55,2026-02-09 13:37:54,True,Wisconsin,
The Sun and Her Flowers,2022-08-01,2.17,1.11,100.0,100.0,0.0,0.0,-48.72,-1.06,12.59,2026-02-09 13:38:21,True,Florida,
Push,2022-03-01,81.33,84.31,100.0,100.0,57.0,69.0,3.66,2.98,7.93,2026-02-09 13:38:49,True,Florida,
The Infinite Moment of Us,2021-07-01,0.0,0.0,0.0,0.0,0.0,0.0,0.0,0.0,0.0,2026-02-09 13:39:26,True,Indiana,
The Nowhere Girls,2021-09-01,1.11,0.0,100.0,0.0,0.0,0.0,-100.0,-1.11,10.48,2026-02-09 13:40:01,True,Florida,
The Lovely Bones,2021-10-01,17.49,27.04,100.0,100.0,7.0,10.0,54.64,9.56,15.79,2026-02-09 13:40:37,True,Oklahoma,
I Know Why The Caged Bird Sings,2021-10-01,25.5,26.52,100.0,100.0,0.0,0.0,4.01,1.02,30.55,2026-02-09 13:41:08,True,Oklahoma,
The Poet X,2021-10-01,0.0,3.82,0.0,100.0,0.0,0.0,inf,3.82,17.89,2026-02-09 13:41:36,True,New York,
Brave New World,2021-10-01,60.58,43.7,100.0,100.0,28.0,22.0,-27.86,-16.88,15.08,2026-02-09 13:42:03,True,Florida,
"Red, White, and Royal Blue",2022-09-01,0.0,0.0,0.0,0.0,0.0,0.0,0.0,0.0,0.0,2026-02-09 13:42:30,True,Florida,
The Female of the Species,2022-10-01,18.61,37.99,100.0,100.0,0.0,0.0,104.12,19.38,33.46,2026-02-09 13:42:57,True,Florida,
Traffick,2022-10-01,10.5,10.83,100.0,100.0,0.0,0.0,3.17,0.33,22.02,2026-02-09 13:47:46,True,Florida,
Like a Love Story,2023-01-01,20.63,34.47,100.0,100.0,0.0,0.0,67.04,13.83,30.44,2026-02-09 13:51:44,True,Florida,
A Clash of Kings,2022-09-01,0.0,1.11,0.0,100.0,0.0,0.0,inf,1.11,10.48,2026-02-09 13:52:12,True,Pennsylvania,
Blankets,2021-11-01,69.37,58.21,100.0,100.0,51.0,32.0,-16.08,-11.16,13.56,2026-02-09 13:52:39,True,Missouri,
Oryx and Crake,2022-09-01,1.11,8.16,100.0,100.0,0.0,0.0,634.0,7.04,19.3,2026-02-09 13:53:07,True,Florida,
Go Ask Alice,2022-05-01,31.49,13.68,100.0,100.0,0.0,0.0,-56.56,-17.81,22.57,2026-02-09 13:53:33,True,Michigan,
Rumble,2022-09-01,54.53,26.57,100.0,100.0,45.0,19.0,-51.28,-27.97,16.88,2026-02-09 13:57:33,True,Florida,
Storm and Fury,2023-06-01,1.11,1.11,100.0,100.0,0.0,0.0,0.0,0.0,10.48,2026-02-09 13:58:00,True,Florida,
It Ends With Us,2022-10-01,40.19,38.51,100.0,100.0,21.0,26.0,-4.17,-1.68,12.68,2026-02-09 13:58:26,True,Florida,
Native Son,2023-02-01,23.59,60.91,100.0,100.0,0.0,0.0,158.22,37.32,25.61,2026-02-09 13:58:53,True,Florida,
Extremely Loud and Incredibly Close,2023-08-01,13.7,3.74,100.0,100.0,0.0,0.0,-72.67,-9.96,20.68,2026-02-09 13:59:20,True,Alaska,
Queen of Shadows,2022-11-01,4.02,10.56,100.0,100.0,0.0,0.0,162.43,6.53,23.66,2026-02-09 14:00:20,True,Florida,
House of Earth and Blood,2022-10-01,2.99,4.72,100.0,100.0,0.0,0.0,57.99,1.73,17.98,2026-02-09 14:00:47,True,Florida,
Allegedly,2022-09-01,57.34,66.81,100.0,100.0,35.0,28.0,16.51,9.47,15.76,2026-02-09 14:04:46,True,Florida,
Eleanor and Park,2023-08-01,6.58,5.44,100.0,100.0,0.0,0.0,-17.23,-1.13,21.91,2026-02-09 14:05:12,True,Florida,
Breaking Dawn,2022-10-01,44.4,47.7,100.0,100.0,21.0,27.0,7.43,3.3,14.14,2026-02-09 14:05:42,True,Texas,
"Gabi, a Girl in Pieces",2021-10-01,0.0,0.0,0.0,0.0,0.0,0.0,0.0,0.0,0.0,2026-02-09 14:06:09,True,Texas,
The Black Flamingo,2021-11-01,1.11,1.11,100.0,100.0,0.0,0.0,0.0,0.0,10.48,2026-02-09 14:06:36,True,Texas,
Ask the Passengers,2021-12-01,1.11,0.0,100.0,0.0,0.0,0.0,-100.0,-1.11,10.48,2026-02-09 14:07:04,True,Texas,
The Upside of Unrequited,2022-09-01,0.0,1.87,0.0,100.0,0.0,0.0,inf,1.87,12.61,2026-02-09 14:07:31,True,Florida,
Neanderthal Opens the Door to the Universe,2022-06-01,0.0,0.0,0.0,0.0,0.0,0.0,0.0,0.0,0.0,2026-02-09 14:07:57,True,Wisconsin,
Lucky,2021-11-01,76.72,75.9,100.0,100.0,65.0,61.0,-1.07,-0.82,7.67,2026-02-09 14:08:25,True,Florida,
"Let's Talk About It: The Teen's Guide to Sex, Relationships, and Being a Human (A Graphic Novel)",2022-08-01,0.0,0.0,0.0,0.0,0.0,0.0,0.0,0.0,0.0,2026-02-09 14:08:52,True,Colorado,
Chosen,2022-12-01,36.73,62.32,100.0,100.0,21.0,40.0,69.66,25.59,18.94,2026-02-09 14:09:20,True,Florida,
The Breakaways,2021-09-01,0.0,1.11,0.0,100.0,0.0,0.0,inf,1.11,10.48,2026-02-09 14:09:47,True,Texas,
Speak: The Graphic Novel,2022-09-01,0.0,0.0,0.0,0.0,0.0,0.0,0.0,0.0,0.0,2026-02-09 14:10:14,True,Florida,
Heroine,2021-10-01,71.7,64.83,100.0,100.0,57.0,50.0,-9.58,-6.87,8.9,2026-02-09 14:10:42,True,Missouri,
Their Eyes Were Watching God,2021-10-01,36.6,44.53,100.0,100.0,0.0,0.0,21.68,7.93,26.67,2026-02-09 14:11:09,True,Oklahoma,
Forever for a Year,2021-11-01,0.0,2.39,0.0,100.0,0.0,0.0,inf,2.39,13.37,2026-02-09 14:11:36,True,Texas,
Ready Player One,2023-06-01,47.03,41.02,100.0,100.0,24.0,21.0,-12.78,-6.01,15.23,2026-02-09 14:12:04,True,Florida,
Heir of Fire,2023-02-01,10.99,18.39,100.0,100.0,0.0,0.0,67.34,7.4,27.95,2026-02-09 14:12:31,True,Florida,
Tilt,2022-03-01,80.76,84.54,100.0,100.0,65.0,73.0,4.69,3.79,7.34,2026-02-09 14:12:58,True,Texas,
Perfect Chemistry,2023-07-01,0.0,1.11,0.0,100.0,0.0,0.0,inf,1.11,10.48,2026-02-09 14:13:24,True,Florida,
Paper Towns,2023-08-01,27.8,32.28,100.0,100.0,0.0,0.0,16.11,4.48,21.98,2026-02-09 14:13:51,True,Florida,
Infandous,2021-10-01,1.11,0.0,100.0,0.0,0.0,0.0,-100.0,-1.11,10.48,2026-02-09 14:14:19,True,Florida,
The Almost Moon,2023-09-01,1.11,4.52,100.0,100.0,0.0,0.0,307.0,3.41,15.41,2026-02-09 14:14:46,True,Florida,
The Nerdy and the Dirty,2021-11-01,2.06,2.17,100.0,100.0,0.0,0.0,5.41,0.11,14.03,2026-02-09 14:15:13,True,Texas,
Deogratias: A Tale of Rwanda,2021-11-01,0.0,1.11,0.0,100.0,0.0,0.0,inf,1.11,10.48,2026-02-09 14:15:39,True,Florida,
The Girl with the Dragon Tattoo,2023-08-01,54.03,33.98,100.0,100.0,23.0,20.0,-37.12,-20.06,16.49,2026-02-09 14:16:06,True,Florida,
Shiver,2023-06-01,31.39,16.76,100.0,100.0,22.0,4.0,-46.62,-14.63,16.58,2026-02-09 14:16:33,True,Florida,
"Everything, Everything",2023-08-01,0.0,1.9,0.0,100.0,0.0,0.0,inf,1.9,12.79,2026-02-09 14:17:01,True,Florida,
The Miseducation of Cameron Post,2021-12-01,1.11,7.04,100.0,100.0,0.0,0.0,534.0,5.93,18.04,2026-02-09 14:17:27,True,Texas,
The Assassin's Blade,2023-02-01,0.0,1.11,0.0,100.0,0.0,0.0,inf,1.11,10.48,2026-02-09 14:17:54,True,Florida,
Vampire Academy,2023-06-01,41.63,49.64,100.0,100.0,22.0,25.0,19.24,8.01,12.96,2026-02-09 14:18:22,True,Florida,
Fangirl,2022-09-01,22.78,27.19,100.0,100.0,0.0,0.0,19.37,4.41,32.59,2026-02-09 14:18:49,True,Florida,
The Testaments,2021-11-01,3.42,1.11,100.0,100.0,0.0,0.0,-67.53,-2.31,13.66,2026-02-09 14:19:16,True,Texas,
Relish: My Life in the Kitchen,2023-05-01,0.0,0.0,0.0,0.0,0.0,0.0,0.0,0.0,0.0,2026-02-09 14:19:42,True,Florida,
Where I End and You Begin,2022-09-01,1.11,0.0,100.0,0.0,0.0,0.0,-100.0,-1.11,10.48,2026-02-09 14:20:09,True,Florida,
Lady Midnight,2022-10-01,10.98,24.34,100.0,100.0,0.0,0.0,121.76,13.37,25.13,2026-02-09 14:20:36,True,Florida,
Feed,2021-11-01,60.8,55.01,100.0,100.0,31.0,32.0,-9.52,-5.79,10.03,2026-02-09 14:21:04,True,Florida,
Girl in Translation,2023-06-01,24.31,7.59,100.0,100.0,0.0,0.0,-68.78,-16.72,30.61,2026-02-09 14:21:31,True,Florida,
What My Mother Doesn't Know,2023-02-01,0.0,1.11,0.0,100.0,0.0,0.0,inf,1.11,10.48,2026-02-09 14:21:57,True,Florida,
Choke (CP),2023-06-01,0.0,0.0,0.0,0.0,0.0,0.0,0.0,0.0,0.0,2026-02-09 14:22:24,True,Florida,
Graceling,2022-09-01,3.23,3.23,100.0,100.0,0.0,0.0,0.0,0.0,17.42,2026-02-09 14:22:51,True,Florida,
Ace of Spades,2021-11-01,75.76,57.23,100.0,100.0,58.0,37.0,-24.45,-18.52,13.0,2026-02-09 14:23:24,True,Florida,
Emergency Contact,2022-10-01,78.43,35.61,100.0,100.0,37.0,22.0,-54.6,-42.82,24.07,2026-02-09 14:27:19,True,Florida,
1984,2023-01-01,67.49,83.72,100.0,100.0,53.0,73.0,24.05,16.23,10.17,2026-02-09 14:27:46,True,Pennsylvania,
33 Snowfish,2021-11-01,0.0,2.98,0.0,100.0,0.0,0.0,inf,2.98,14.48,2026-02-09 14:28:12,True,Idaho,
Little and Lion,2023-10-01,6.21,6.31,100.0,100.0,0.0,0.0,1.61,0.1,20.54,2026-02-09 14:28:39,True,Florida,
Crank (Crank Series),2021-07-01,2.17,2.04,100.0,100.0,0.0,0.0,-5.64,-0.12,14.0,2026-02-09 14:29:06,True,Wisconsin,
Too Bright to See,2022-07-01,2.71,1.11,100.0,100.0,0.0,0.0,-59.02,-1.6,12.86,2026-02-09 14:29:33,True,Florida,
Scars,2021-12-01,84.37,81.92,100.0,100.0,66.0,64.0,-2.9,-2.44,7.24,2026-02-09 14:30:01,True,Texas,
Slaughterhouse-Five: The Graphic Novel,2022-09-01,1.11,0.0,100.0,0.0,0.0,0.0,-100.0,-1.11,10.48,2026-02-09 14:30:30,True,Florida,
City of Heavenly Fire,2022-10-01,0.0,1.79,0.0,100.0,0.0,0.0,inf,1.79,12.22,2026-02-09 14:30:56,True,Florida,
Furyborn,2023-01-01,1.11,0.0,100.0,0.0,0.0,0.0,-100.0,-1.11,10.48,2026-02-09 14:31:23,True,Virginia,
Breathless,2022-05-01,63.01,60.21,100.0,100.0,43.0,37.0,-4.44,-2.8,9.5,2026-02-09 14:31:51,True,Florida,
All Your Perfects,2023-06-01,42.64,23.07,100.0,100.0,0.0,0.0,-45.91,-19.58,29.25,2026-02-09 14:32:18,True,Florida,
A Thousand Splendid Suns,2023-02-01,43.64,56.76,100.0,100.0,0.0,0.0,30.04,13.11,28.18,2026-02-09 14:32:45,True,Pennsylvania,
Gone Girl,2021-11-01,39.14,64.34,100.0,100.0,19.0,43.0,64.38,25.2,18.13,2026-02-09 14:33:12,True,Florida,
Untamed (PCC),2023-08-01,0.0,0.0,0.0,0.0,0.0,0.0,0.0,0.0,0.0,2026-02-09 14:33:39,True,Florida,
As I Lay Dying,2023-08-01,44.26,37.79,100.0,100.0,0.0,0.0,-14.61,-6.47,21.45,2026-02-09 14:34:06,True,Florida,
The Tenth Circle,2021-11-01,1.98,3.12,100.0,100.0,0.0,0.0,57.87,1.14,15.15,2026-02-09 14:38:03,True,Florida,
The Midnight Lie,2022-09-01,0.0,1.11,0.0,100.0,0.0,0.0,inf,1.11,10.48,2026-02-09 14:38:30,True,Florida,
The Magic Fish,2021-11-01,0.0,2.1,0.0,100.0,0.0,0.0,inf,2.1,13.95,2026-02-09 14:38:57,True,Texas,
It Starts With Us,2023-10-01,61.01,62.74,100.0,100.0,0.0,0.0,2.84,1.73,16.41,2026-02-09 14:39:25,True,Florida,
Draw Me a Star,2021-11-01,0.0,0.0,0.0,0.0,0.0,0.0,0.0,0.0,0.0,2026-02-09 14:39:51,True,Florida,
Fight Club,2023-06-01,62.58,76.5,100.0,100.0,48.0,59.0,22.25,13.92,11.99,2026-02-09 14:40:18,True,Florida,
Rainbow Boys,2022-09-01,18.72,23.17,100.0,100.0,0.0,0.0,23.74,4.44,33.39,2026-02-09 14:40:45,True,Florida,
Leah on the Offbeat,2022-09-01,0.0,0.0,0.0,0.0,0.0,0.0,0.0,0.0,0.0,2026-02-09 14:41:13,True,Florida,
Betrayed,2023-08-01,77.66,76.86,100.0,100.0,56.0,56.0,-1.03,-0.8,9.26,2026-02-09 14:45:13,True,Florida,
The Kingdom of Little Wounds,2021-11-01,0.0,0.0,0.0,0.0,0.0,0.0,0.0,0.0,0.0,2026-02-09 14:45:40,True,Florida,
Without Merit,2023-06-01,10.84,14.8,100.0,100.0,0.0,0.0,36.48,3.96,28.73,2026-02-09 14:46:06,True,Florida,
Anatomy of a Boyfriend,2022-10-01,1.11,0.0,100.0,0.0,0.0,0.0,-100.0,-1.11,10.48,2026-02-09 14:46:33,True,Virginia,
The Chocolate War,2023-08-01,4.27,4.66,100.0,100.0,0.0,0.0,9.11,0.39,18.03,2026-02-09 14:46:59,True,Florida,
Lush,2021-11-01,80.79,34.31,100.0,100.0,66.0,21.0,-57.53,-46.48,24.9,2026-02-09 14:47:26,True,Florida,
Beautiful Disaster,2023-01-01,17.71,27.97,100.0,100.0,0.0,0.0,57.9,10.26,17.22,2026-02-09 14:47:54,True,Florida,
Brazen: Rebel Ladies Who Rocked the World,2022-09-01,0.0,1.11,0.0,100.0,0.0,0.0,inf,1.11,10.48,2026-02-09 14:48:20,True,Florida,
Kissing Kate,2021-12-01,1.11,2.14,100.0,100.0,0.0,0.0,93.0,1.03,12.51,2026-02-09 14:48:47,True,Texas,
Before I Fall,2021-10-01,65.94,53.36,100.0,100.0,0.0,0.0,-19.09,-12.59,19.15,2026-02-09 14:49:13,True,Oklahoma,
Stained,2021-12-01,83.07,77.72,100.0,100.0,71.0,58.0,-6.43,-5.34,8.11,2026-02-09 14:49:41,True,Texas,
The House on Mango Street,2022-05-01,40.5,29.62,100.0,100.0,0.0,0.0,-26.86,-10.88,27.81,2026-02-09 14:50:09,True,Michigan,
The Fountainhead,2023-08-01,13.22,23.22,100.0,100.0,0.0,0.0,75.63,10.0,27.61,2026-02-09 14:50:36,True,Florida,
History Is All You Left Me,2021-12-01,0.0,0.0,0.0,0.0,0.0,0.0,0.0,0.0,0.0,2026-02-09 14:51:03,True,Texas,
"Assassination Classroom, Vol. 1",2023-02-01,0.0,0.0,0.0,0.0,0.0,0.0,0.0,0.0,0.0,2026-02-09 14:51:33,True,Florida,
Bumped,2022-09-01,66.39,63.89,100.0,100.0,44.0,36.0,-3.77,-2.5,12.1,2026-02-09 14:52:00,True,Florida,
The Handsome Girl and Her Beautiful Boy,2023-10-01,0.0,0.0,0.0,0.0,0.0,0.0,0.0,0.0,0.0,2026-02-09 14:52:28,True,Florida,
Carrie,2023-07-01,45.42,49.08,100.0,100.0,33.0,39.0,8.05,3.66,10.96,2026-02-09 14:52:56,True,Florida,
Rethinking Normal: A Memoir in Transition,2021-12-01,0.0,2.2,0.0,100.0,0.0,0.0,inf,2.2,14.59,2026-02-09 14:53:25,True,Texas,
After (AE),2023-08-01,13.1,10.97,100.0,100.0,0.0,0.0,-16.28,-2.13,27.38,2026-02-09 14:53:53,True,Florida,
The Best at It,2021-11-01,57.1,50.4,100.0,100.0,18.0,12.0,-11.73,-6.7,23.34,2026-02-09 14:54:23,True,Florida,
If I Stay,2022-10-01,82.22,82.88,100.0,100.0,69.0,65.0,0.8,0.66,6.9,2026-02-09 14:54:50,True,Texas,
If I Was Your Girl (MR),2023-10-01,0.0,0.0,0.0,0.0,0.0,0.0,0.0,0.0,0.0,2026-02-09 14:55:21,True,Florida,
Loveless,2023-10-01,70.69,56.99,100.0,100.0,49.0,37.0,-19.38,-13.7,13.23,2026-02-09 14:55:53,True,Florida,
"Assassination Classroom, Vol. 4",2023-02-01,0.0,0.0,0.0,0.0,0.0,0.0,0.0,0.0,0.0,2026-02-09 14:56:23,True,Florida,
How It All Blew Up,2021-12-01,1.11,0.0,100.0,0.0,0.0,0.0,-100.0,-1.11,10.48,2026-02-09 14:56:51,True,Texas,
Stardust,2023-08-01,57.0,73.08,100.0,100.0,42.0,57.0,28.21,16.08,12.74,2026-02-09 14:57:19,True,Florida,
Girl Mans Up,2021-12-01,0.0,1.11,0.0,100.0,0.0,0.0,inf,1.11,10.48,2026-02-09 14:57:46,True,Texas,
Mercy,2023-02-01,81.37,63.97,100.0,100.0,51.0,49.0,-21.38,-17.4,12.59,2026-02-09 14:58:15,True,Florida,
Dead Until Dark,2022-09-01,0.0,0.0,0.0,0.0,0.0,0.0,0.0,0.0,0.0,2026-02-09 14:58:43,True,Florida,
Heart Bones,2023-10-01,49.57,58.99,100.0,100.0,0.0,0.0,19.01,9.42,19.73,2026-02-09 14:59:11,True,Florida,
Lightbringer,2023-10-01,28.67,44.13,100.0,100.0,0.0,0.0,53.95,15.47,24.18,2026-02-09 14:59:39,True,Florida,
A Curse of Roses,2022-02-01,0.0,0.0,0.0,0.0,0.0,0.0,0.0,0.0,0.0,2026-02-09 15:00:07,True,Tennessee,
Ana on the Edge,2021-12-01,0.0,0.0,0.0,0.0,0.0,0.0,0.0,0.0,0.0,2026-02-09 15:00:35,True,Texas,
The League of Super Feminists,2022-09-01,0.0,0.0,0.0,0.0,0.0,0.0,0.0,0.0,0.0,2026-02-09 15:01:05,True,Florida,
I Know Why the Caged Bird Sings,2023-10-01,24.77,9.96,100.0,100.0,0.0,0.0,-59.8,-14.81,21.12,2026-02-09 15:01:33,True,Iowa,
"Assassination Classroom, Vol. 5",2023-02-01,1.11,0.0,100.0,0.0,0.0,0.0,-100.0,-1.11,10.48,2026-02-09 15:02:01,True,Florida,
Girls of Paper and Fire,2023-06-01,0.0,1.94,0.0,100.0,0.0,0.0,inf,1.94,13.03,2026-02-09 15:02:29,True,Florida,
Girl in Pieces,2022-09-01,51.22,53.8,100.0,100.0,0.0,0.0,5.03,2.58,24.46,2026-02-09 15:02:56,True,Florida,
Chain Reaction,2024-04-01,63.72,49.89,100.0,100.0,32.0,24.0,-21.71,-13.83,17.3,2026-02-09 15:03:24,True,Florida,
The Sky is Everywhere,2023-06-01,3.22,0.0,100.0,0.0,0.0,0.0,-100.0,-3.22,17.36,2026-02-09 15:03:53,True,Florida,
Out of the Easy,2021-11-01,47.83,43.5,100.0,100.0,0.0,0.0,-9.06,-4.33,24.57,2026-02-09 15:04:21,True,Florida,
Wake,2023-10-01,59.07,45.61,100.0,100.0,49.0,34.0,-22.78,-13.46,10.77,2026-02-09 15:04:49,True,Florida,
They Called Themselves The K.K.K.: The Birth of an American Terrorist Group,2021-11-01,0.0,0.0,0.0,0.0,0.0,0.0,0.0,0.0,0.0,2026-02-09 15:05:18,True,Texas,
Symptoms of Being Human,2021-10-01,1.11,0.0,100.0,0.0,0.0,0.0,-100.0,-1.11,10.48,2026-02-09 15:05:46,True,Texas,
"Assassination Classroom, Vol. 2",2023-02-01,0.0,0.0,0.0,0.0,0.0,0.0,0.0,0.0,0.0,2026-02-09 15:06:14,True,Florida,
Slammed,2023-10-01,82.83,78.0,100.0,100.0,64.0,63.0,-5.84,-4.83,8.99,2026-02-09 15:06:42,True,Iowa,
Pet Sematary,2023-02-01,44.53,48.42,100.0,100.0,26.0,22.0,8.73,3.89,11.95,2026-02-09 15:07:10,True,Pennsylvania,
The Mighty Heart of Sunny St. James,2021-12-01,0.0,1.11,0.0,100.0,0.0,0.0,inf,1.11,10.48,2026-02-09 15:07:38,True,Texas,
Delores Claiborne,2023-02-01,1.11,0.0,100.0,0.0,0.0,0.0,-100.0,-1.11,10.48,2026-02-09 15:08:06,True,Pennsylvania,
Lolita,2021-10-01,44.09,61.09,100.0,100.0,32.0,45.0,38.56,17.0,12.87,2026-02-09 15:08:35,True,Utah,
The Moon Within,2021-12-01,2.04,6.19,100.0,100.0,0.0,0.0,202.72,4.14,17.51,2026-02-09 15:09:03,True,Texas,
Going Bovine,2023-08-01,0.0,1.11,0.0,100.0,0.0,0.0,inf,1.11,10.48,2026-02-09 15:09:30,True,Florida,
#Hockey,2022-11-01,1.11,1.11,100.0,100.0,0.0,0.0,0.0,0.0,10.48,2026-02-09 15:09:58,True,Florida,
An Abundance of Katherines,2023-08-01,2.17,1.11,100.0,100.0,0.0,0.0,-48.72,-1.06,12.59,2026-02-09 15:10:27,True,Florida,
Everything I Never Told You,2023-08-01,18.91,24.84,100.0,100.0,0.0,0.0,31.37,5.93,32.35,2026-02-09 15:10:55,True,Florida,
A Separate Peace,2023-08-01,24.97,46.44,100.0,100.0,0.0,0.0,86.03,21.48,31.93,2026-02-09 15:11:22,True,Iowa,
Hunted,2023-08-01,68.2,41.57,100.0,100.0,48.0,25.0,-39.05,-26.63,18.8,2026-02-09 15:11:49,True,Florida,
My Sister Rosa,2023-08-01,0.0,0.0,0.0,0.0,0.0,0.0,0.0,0.0,0.0,2026-02-09 15:12:16,True,Florida,
The Prince and the Dressmaker,2022-05-01,0.0,1.92,0.0,100.0,0.0,0.0,inf,1.92,12.91,2026-02-09 15:12:43,True,Idaho,
Collected Poems 1947-1980,2023-12-01,0.0,0.0,0.0,0.0,0.0,0.0,0.0,0.0,0.0,2026-02-09 15:13:09,True,Florida,
Cold,2024-05-01,83.41,90.2,100.0,100.0,72.0,80.0,8.14,6.79,6.22,2026-02-09 15:13:36,True,Florida,
Friends Forever,2022-10-01,60.39,61.18,100.0,100.0,39.0,28.0,1.31,0.79,10.59,2026-02-09 15:14:03,True,Florida,
Naomi and Ely's No Kiss List,2022-01-01,0.0,0.0,0.0,0.0,0.0,0.0,0.0,0.0,0.0,2026-02-09 15:14:29,True,Texas,
"Heartstopper, Vol. 3",2022-11-01,0.0,1.11,0.0,100.0,0.0,0.0,inf,1.11,10.48,2026-02-09 15:14:55,True,Florida,
Wolves of the Calla,2023-08-01,0.0,0.0,0.0,0.0,0.0,0.0,0.0,0.0,0.0,2026-02-09 15:15:22,True,Florida,
"Assassination Classroom, Vol. 7",2023-02-01,0.0,0.0,0.0,0.0,0.0,0.0,0.0,0.0,0.0,2026-02-09 15:15:48,True,Florida,
Someone I Used to Know,2021-11-01,6.97,8.9,100.0,100.0,0.0,0.0,27.75,1.93,23.16,2026-02-09 15:16:15,True,Florida,
Skeleton Crew,2024-06-01,27.09,8.29,100.0,100.0,0.0,0.0,-69.4,-18.8,18.43,2026-02-09 15:16:41,True,Florida,
A Day No Pigs Would Die,2023-02-01,0.0,1.9,0.0,100.0,0.0,0.0,inf,1.9,12.79,2026-02-09 15:17:08,True,Florida,
A Certain Slant of Light,2021-11-01,1.11,0.0,100.0,0.0,0.0,0.0,-100.0,-1.11,10.48,2026-02-09 15:17:35,True,Florida,
The Rape of Nanking: The Forgotten Holocaust of World War II,2023-08-01,0.0,0.0,0.0,0.0,0.0,0.0,0.0,0.0,0.0,2026-02-09 15:18:02,True,Iowa,
Ulysses,2023-08-01,60.23,76.12,100.0,100.0,40.0,51.0,26.38,15.89,16.61,2026-02-09 15:18:29,True,Florida,
Invisible Monsters Remix,2023-10-01,0.0,0.0,0.0,0.0,0.0,0.0,0.0,0.0,0.0,2026-02-09 15:18:55,True,Florida,
The Tommyknockers,2023-08-01,2.14,2.77,100.0,100.0,0.0,0.0,29.02,0.62,14.66,2026-02-09 15:19:21,True,Florida,
"Jane, Unlimited",2021-12-01,0.0,0.0,0.0,0.0,0.0,0.0,0.0,0.0,0.0,2026-02-09 15:19:48,True,Texas,
Dark Places,2023-08-01,50.58,65.03,100.0,100.0,20.0,35.0,28.58,14.46,15.0,2026-02-09 15:20:14,True,Florida,
Trans Mission: My Quest to a Beard,2021-11-01,0.0,0.0,0.0,0.0,0.0,0.0,0.0,0.0,0.0,2026-02-09 15:24:52,True,Texas,
Kaffir Boy: An Autobiography - The True Story of a Black Youth's Coming of Age in Apartheid South Africa,2023-09-01,,,,,,,,,,2026-02-09 15:25:49,False,Florida,The request failed: Google returned a response with code 400
Different Seasons: Four Novellas,2023-02-01,0.0,0.0,0.0,0.0,0.0,0.0,0.0,0.0,0.0,2026-02-09 15:26:15,True,Pennsylvania,
Frankly in Love,2023-08-01,0.0,1.79,0.0,100.0,0.0,0.0,inf,1.79,12.22,2026-02-09 15:26:42,True,Florida,
Rant: The Oral Biography of Buster Casey,2023-03-01,0.0,0.0,0.0,0.0,0.0,0.0,0.0,0.0,0.0,2026-02-09 15:27:09,True,Utah,
Invisible Man,2023-08-01,34.58,41.74,100.0,100.0,20.0,21.0,20.73,7.17,13.85,2026-02-09 15:27:36,True,Florida,
The Sun Is Also a Star,2023-08-01,22.9,33.82,100.0,100.0,0.0,0.0,47.7,10.92,32.21,2026-02-09 15:28:02,True,Florida,
The Long Walk,2023-10-01,64.23,72.34,100.0,100.0,43.0,38.0,12.63,8.11,15.01,2026-02-09 15:28:29,True,Florida,
"Be Gay, Do Comics: Queer History, Memoir, and Satire",2022-08-01,0.0,0.0,0.0,0.0,0.0,0.0,0.0,0.0,0.0,2026-02-09 15:28:55,True,Missouri,
Last Sacrifice,2023-07-01,1.11,7.37,100.0,100.0,0.0,0.0,563.0,6.26,17.47,2026-02-09 15:29:22,True,Florida,
Destined,2023-08-01,62.44,50.07,100.0,100.0,27.0,15.0,-19.82,-12.38,17.91,2026-02-09 15:29:49,True,Florida,
Batman: White Knight,2022-08-01,8.67,5.71,100.0,100.0,0.0,0.0,-34.1,-2.96,22.67,2026-02-09 15:30:16,True,Florida,
Awakened,2023-08-01,39.98,69.62,100.0,100.0,22.0,52.0,74.15,29.64,21.65,2026-02-09 15:30:43,True,Florida,
"Assassination Classroom, Vol. 11",2023-03-01,0.0,1.11,0.0,100.0,0.0,0.0,inf,1.11,10.48,2026-02-09 15:31:10,True,Florida,
The Other Boy,2021-12-01,49.87,51.54,100.0,100.0,0.0,0.0,3.36,1.68,24.21,2026-02-09 15:31:39,True,Texas,
None of the Above,2021-09-01,37.67,54.61,100.0,100.0,0.0,0.0,44.99,16.94,25.75,2026-02-09 15:32:06,True,Texas,
The Revolution of Birdie Randolph,2023-08-01,0.0,1.93,0.0,100.0,0.0,0.0,inf,1.93,12.97,2026-02-09 15:32:33,True,Florida,
The Love Hypothesis,2023-10-01,48.44,52.81,100.0,100.0,0.0,0.0,9.01,4.37,25.92,2026-02-09 15:33:11,True,Florida,
Before I Die,2023-06-01,68.04,67.97,100.0,100.0,35.0,38.0,-0.11,-0.08,13.19,2026-02-09 15:33:39,True,Florida,
Needful Things,2023-08-01,28.08,33.59,100.0,100.0,0.0,0.0,19.63,5.51,32.63,2026-02-09 15:34:07,True,Florida,
A Quick & Easy Guide to Queer & Trans Identities,2021-11-01,1.11,1.11,100.0,100.0,0.0,0.0,0.0,0.0,10.48,2026-02-09 15:34:34,True,Tennessee,
The Circle,2023-08-01,60.32,81.56,100.0,100.0,43.0,58.0,35.2,21.23,18.32,2026-02-09 15:35:02,True,Florida,
See You at Harry's,2021-12-01,0.0,0.0,0.0,0.0,0.0,0.0,0.0,0.0,0.0,2026-02-09 15:35:29,True,Texas,
Friction,2023-08-01,56.24,52.01,100.0,100.0,35.0,18.0,-7.53,-4.23,21.94,2026-02-09 15:35:57,True,Florida,
Pumpkin,2023-07-01,76.64,30.0,100.0,100.0,62.0,8.0,-60.86,-46.64,28.76,2026-02-09 15:36:25,True,Florida,
Rhymes with Witches,2023-02-01,1.11,1.11,100.0,100.0,0.0,0.0,0.0,0.0,10.48,2026-02-09 15:36:51,True,Pennsylvania,
Unpregnant,2021-12-01,2.93,4.42,100.0,100.0,0.0,0.0,50.76,1.49,15.27,2026-02-09 15:37:17,True,Texas,
Cut Both Ways,2021-12-01,1.11,1.83,100.0,100.0,0.0,0.0,65.0,0.72,11.51,2026-02-09 15:37:44,True,Texas,
The Girl Who Loved Tom Gordon,2024-05-01,0.0,1.11,0.0,100.0,0.0,0.0,inf,1.11,10.48,2026-02-09 15:38:11,True,Florida,
All This Time,2023-08-01,44.32,54.22,100.0,100.0,24.0,18.0,22.34,9.9,19.64,2026-02-09 15:38:38,True,Florida,
The Dead Zone,2023-08-01,50.78,17.27,100.0,100.0,0.0,0.0,-66.0,-33.51,25.76,2026-02-09 15:39:05,True,Florida,
Squad,2022-02-01,73.81,60.18,100.0,100.0,59.0,48.0,-18.47,-13.63,11.25,2026-02-09 15:39:32,True,Tennessee,
Stella Brings the Family,2022-01-01,1.11,0.0,100.0,0.0,0.0,0.0,-100.0,-1.11,10.48,2026-02-09 15:39:58,True,Florida,
Yes Please,2024-01-01,55.03,57.74,100.0,100.0,0.0,0.0,4.93,2.71,22.94,2026-02-09 15:40:25,True,Florida,
Song of Susannah,2023-08-01,0.0,2.11,0.0,100.0,0.0,0.0,inf,2.11,14.02,2026-02-09 15:40:55,True,Florida,
Cell,2024-05-01,29.99,70.52,100.0,100.0,18.0,48.0,135.16,40.53,23.53,2026-02-09 15:41:22,True,Florida,
Hearts in Atlantis,2023-08-01,3.13,0.0,100.0,0.0,0.0,0.0,-100.0,-3.13,16.9,2026-02-09 15:41:49,True,Florida,
Holding Up the Universe,2023-08-01,1.11,1.96,100.0,100.0,0.0,0.0,76.0,0.84,11.87,2026-02-09 15:42:15,True,Florida,
Sloppy Firsts,2022-07-01,0.0,0.0,0.0,0.0,0.0,0.0,0.0,0.0,0.0,2026-02-09 15:42:42,True,Florida,
Sleeping Beauties,2024-03-01,3.51,4.24,100.0,100.0,0.0,0.0,20.89,0.73,15.71,2026-02-09 15:43:09,True,Florida,
Frostbite,2023-06-01,46.38,66.99,100.0,100.0,28.0,45.0,44.44,20.61,16.68,2026-02-09 15:43:35,True,Florida,
How the Garcia Girls Lost Their Accents,2023-08-01,1.11,0.0,100.0,0.0,0.0,0.0,-100.0,-1.11,10.48,2026-02-09 15:44:02,True,Florida,
Once and Future,2023-08-01,31.63,41.06,100.0,100.0,0.0,0.0,29.79,9.42,18.36,2026-02-09 15:44:29,True,Florida,
The Girl Who Fell from the Sky,2021-11-01,0.0,1.11,0.0,100.0,0.0,0.0,inf,1.11,10.48,2026-02-09 15:44:56,True,Kansas,
This Girl,2023-10-01,79.3,82.97,100.0,100.0,67.0,57.0,4.62,3.67,9.23,2026-02-09 15:45:23,True,Iowa,
Anatomy of a Single Girl,2022-10-01,1.11,0.0,100.0,0.0,0.0,0.0,-100.0,-1.11,10.48,2026-02-09 15:45:50,True,Florida,
Kiss Number 8,2021-12-01,0.0,0.0,0.0,0.0,0.0,0.0,0.0,0.0,0.0,2026-02-09 15:46:18,True,Texas,
The Waste Lands,2023-08-01,1.94,0.0,100.0,0.0,0.0,0.0,-100.0,-1.94,13.03,2026-02-09 15:46:45,True,Florida,
American Gods,2022-09-01,53.66,54.39,100.0,100.0,35.0,32.0,1.37,0.73,13.36,2026-02-09 15:47:13,True,Michigan,
Fable,2022-09-01,73.29,74.22,100.0,100.0,59.0,57.0,1.27,0.93,7.99,2026-02-09 15:47:42,True,Florida,
The Last True Poets of the Sea,2023-08-01,0.0,1.11,0.0,100.0,0.0,0.0,inf,1.11,10.48,2026-02-09 15:48:11,True,Florida,
Layla,2022-10-01,55.24,47.11,100.0,100.0,43.0,36.0,-14.72,-8.13,9.28,2026-02-09 15:48:38,True,South Carolina,
The List of Things That Will Not Change,2022-01-01,0.0,0.0,0.0,0.0,0.0,0.0,0.0,0.0,0.0,2026-02-09 15:49:05,True,Florida,
To Kill a Mockingbird,2021-10-01,16.83,66.38,100.0,100.0,9.0,32.0,294.32,49.54,29.24,2026-02-09 15:49:32,True,North Carolina,
Birthday,2021-12-01,31.98,64.92,100.0,100.0,22.0,48.0,103.02,32.94,19.13,2026-02-09 15:50:00,True,Texas,
The Berlin Boxing Club,2021-11-01,0.0,0.0,0.0,0.0,0.0,0.0,0.0,0.0,0.0,2026-02-09 15:50:26,True,Florida,
Smoke in the Sun,2023-08-01,3.33,0.0,100.0,0.0,0.0,0.0,-100.0,-3.33,15.35,2026-02-09 15:50:53,True,Florida,
Baseball Saved Us,2021-11-01,0.0,0.0,0.0,0.0,0.0,0.0,0.0,0.0,0.0,2026-02-09 15:51:23,True,Florida,
The Belles,2023-10-01,11.41,19.43,100.0,100.0,0.0,0.0,70.3,8.02,30.59,2026-02-09 15:51:51,True,Florida,
Calvin,2022-07-01,66.39,67.52,100.0,100.0,54.0,57.0,1.71,1.13,7.62,2026-02-09 15:52:19,True,Florida,
The Letter Q: Queer Writers' Notes to Their Younger Selves,2024-01-01,1.11,0.0,100.0,0.0,0.0,0.0,-100.0,-1.11,10.48,2026-02-09 15:52:47,True,Florida,
Sing You Home,2023-02-01,2.84,2.08,100.0,100.0,0.0,0.0,-26.95,-0.77,14.65,2026-02-09 15:53:13,True,Florida,
The Institute,2024-04-01,74.83,70.97,100.0,100.0,46.0,45.0,-5.17,-3.87,13.0,2026-02-09 15:53:41,True,Florida,
Strange Truth,2023-06-01,1.66,2.04,100.0,100.0,0.0,0.0,23.49,0.39,12.66,2026-02-09 15:58:08,True,Florida,
On the Road,2023-08-01,80.71,75.44,100.0,100.0,69.0,60.0,-6.53,-5.27,6.66,2026-02-09 15:58:40,True,Florida,
Monster,2021-10-01,,,,,,,,,,2026-02-09 16:00:01,False,Florida,"HTTPSConnectionPool(host='trends.google.com', port=443): Max retries exceeded with url: /trends/api/"
"Stronger, Faster, and More Beautiful",2023-10-01,1.11,0.0,100.0,0.0,0.0,0.0,-100.0,-1.11,10.48,2026-02-09 16:09:27,True,Florida,
Carry On,2023-08-01,85.88,81.78,100.0,100.0,73.0,65.0,-4.77,-4.1,6.47,2026-02-09 16:09:54,True,Florida,
"Assassination Classroom, Vol. 8",2023-05-01,0.0,0.0,0.0,0.0,0.0,0.0,0.0,0.0,0.0,2026-02-09 16:10:20,True,Florida,
The ABC's of LGBT+,2022-02-01,0.0,0.0,0.0,0.0,0.0,0.0,0.0,0.0,0.0,2026-02-09 16:21:26,True,Tennessee,
Safe Haven,2023-08-01,37.39,71.11,100.0,100.0,22.0,50.0,90.19,33.72,20.49,2026-02-09 16:21:54,True,Florida,
Restore Me,2023-01-01,58.22,57.31,100.0,100.0,35.0,32.0,-1.56,-0.91,12.85,2026-02-09 16:22:21,True,Virginia,
The Girls I've Been,2022-02-01,3.18,1.11,100.0,100.0,0.0,0.0,-65.03,-2.07,14.23,2026-02-09 16:22:47,True,Tennessee,
Rainbow High,2023-06-01,66.5,73.81,100.0,100.0,49.0,53.0,10.99,7.31,11.38,2026-02-09 16:23:14,True,Florida,
Rainbow Road,2023-06-01,68.11,66.01,100.0,100.0,31.0,42.0,-3.08,-2.1,12.53,2026-02-09 16:23:40,True,Florida,
Dumplin',2023-06-01,0.0,1.83,0.0,100.0,0.0,0.0,inf,1.83,12.44,2026-02-09 16:24:07,True,Florida,
The Fixer (BM),2023-12-01,0.0,0.0,0.0,0.0,0.0,0.0,0.0,0.0,0.0,2026-02-09 16:24:33,True,Florida,
Princess on the Brink,2024-03-01,1.11,0.0,100.0,0.0,0.0,0.0,-100.0,-1.11,10.48,2026-02-09 16:25:00,True,Florida,
Queen of Air and Darkness,2022-10-01,1.11,0.0,100.0,0.0,0.0,0.0,-100.0,-1.11,10.48,2026-02-09 16:25:26,True,Texas,
The Lucky One,2024-06-01,25.21,43.71,100.0,100.0,10.0,18.0,73.38,18.5,18.35,2026-02-09 16:25:53,True,Florida,
The Girl Who Played with Fire,2023-08-01,1.11,0.0,100.0,0.0,0.0,0.0,-100.0,-1.11,10.48,2026-02-09 16:26:20,True,Florida,
Dear Evan Hansen,2023-08-01,51.41,59.5,100.0,100.0,22.0,37.0,15.73,8.09,15.1,2026-02-09 16:26:46,True,Florida,
The Honeys,2024-06-01,1.11,4.21,100.0,100.0,0.0,0.0,279.0,3.1,14.58,2026-02-09 16:27:13,True,Iowa,
Of Mice and Men,2021-10-01,59.62,63.48,100.0,100.0,32.0,23.0,6.47,3.86,20.34,2026-02-09 16:27:39,True,Florida,
The Porcupine of Truth,2022-02-01,0.0,1.11,0.0,100.0,0.0,0.0,inf,1.11,10.48,2026-02-09 16:28:06,True,Tennessee,
My Jim: A Novel,2022-07-01,1.11,0.0,100.0,0.0,0.0,0.0,-100.0,-1.11,10.48,2026-02-09 16:28:33,True,Florida,
My Rainbow,2022-07-01,74.72,73.21,100.0,100.0,55.0,53.0,-2.02,-1.51,10.11,2026-02-09 16:29:00,True,Florida,
The Cellar,2023-08-01,70.46,60.17,100.0,100.0,45.0,42.0,-14.6,-10.29,12.39,2026-02-09 16:29:33,True,Florida,
The Casual Vacancy,2023-12-01,1.99,2.2,100.0,100.0,0.0,0.0,10.61,0.21,13.96,2026-02-09 16:30:02,True,Florida,
Second Glance,2023-02-01,5.51,4.59,100.0,100.0,0.0,0.0,-16.73,-0.92,19.96,2026-02-09 16:30:29,True,Florida,
Bitterblue,2023-02-01,0.0,0.0,0.0,0.0,0.0,0.0,0.0,0.0,0.0,2026-02-09 16:30:55,True,Florida,
The Girl on the Train,2023-08-01,14.26,14.2,100.0,100.0,7.0,7.0,-0.39,-0.06,10.97,2026-02-09 16:31:22,True,Florida,
"Fire Force, Vol. 1",2022-08-01,0.0,0.0,0.0,0.0,0.0,0.0,0.0,0.0,0.0,2026-02-09 16:31:48,True,Missouri,
Almost Adulting: All You Need to Know to Get it Together (Sort of),2023-09-01,0.0,0.0,0.0,0.0,0.0,0.0,0.0,0.0,0.0,2026-02-09 16:32:14,True,Florida,
Always Running: La Vida Loca: Gang Days In LA,2023-07-01,0.0,0.0,0.0,0.0,0.0,0.0,0.0,0.0,0.0,2026-02-09 16:32:40,True,Florida,
Things We Couldn't Say,2022-02-01,2.04,0.0,100.0,0.0,0.0,0.0,-100.0,-2.04,13.61,2026-02-09 16:33:07,True,Tennessee,
This Boy,2024-03-01,69.63,65.64,100.0,100.0,39.0,41.0,-5.73,-3.99,14.75,2026-02-09 16:33:33,True,Florida,
A Good Idea,2023-08-01,65.78,71.88,100.0,100.0,47.0,42.0,9.27,6.1,15.22,2026-02-09 16:34:00,True,Florida,
Far from the Tree: How Children and Their Parents Learn to Accept One Another . . . Our Differences Unite Us,2021-12-01,,,,,,,,,,2026-02-09 16:34:56,False,Texas,The request failed: Google returned a response with code 400
The Witch Boy,2023-04-01,5.91,6.22,100.0,100.0,0.0,0.0,5.26,0.31,20.63,2026-02-09 16:35:22,True,Florida,
A Bend In The Road,2023-10-01,0.0,3.2,0.0,100.0,0.0,0.0,inf,3.2,15.25,2026-02-09 16:35:50,True,Florida,
The Voice of the Night,2024-02-01,12.48,24.31,100.0,100.0,0.0,0.0,94.84,11.83,25.83,2026-02-09 16:36:16,True,Florida,
"Exit, Pursued by a Bear",2021-11-01,0.0,0.0,0.0,0.0,0.0,0.0,0.0,0.0,0.0,2026-02-09 16:36:43,True,Florida,
The Swallows,2023-10-01,54.28,45.26,100.0,100.0,0.0,0.0,-16.62,-9.02,25.93,2026-02-09 16:37:10,True,Florida,
The Talisman,2023-08-01,60.09,32.83,100.0,100.0,33.0,0.0,-45.36,-27.26,19.78,2026-02-09 16:37:37,True,Florida,
The Thousandth Floor,2022-10-01,1.88,0.0,100.0,0.0,0.0,0.0,-100.0,-1.88,12.67,2026-02-09 16:38:03,True,Texas,
Yaqui Delgado Wants to Kick Your Ass,2021-11-01,0.0,0.0,0.0,0.0,0.0,0.0,0.0,0.0,0.0,2026-02-09 16:38:29,True,Florida,
How to Love,2021-12-01,87.92,67.4,100.0,100.0,78.0,53.0,-23.34,-20.52,12.31,2026-02-09 16:38:57,True,Texas,
"Forgive Me, Leonard Peacock",2023-08-01,0.0,0.0,0.0,0.0,0.0,0.0,0.0,0.0,0.0,2026-02-09 16:39:23,True,Florida,
If It Bleeds,2024-05-01,53.66,34.49,100.0,100.0,0.0,0.0,-35.72,-19.17,30.2,2026-02-09 16:39:50,True,Florida,
We Contain Multitudes,2023-10-01,1.11,0.0,100.0,0.0,0.0,0.0,-100.0,-1.11,10.48,2026-02-09 16:40:16,True,Florida,
Adjustment Day,2023-10-01,3.99,5.17,100.0,100.0,0.0,0.0,29.53,1.18,20.0,2026-02-09 16:40:43,True,Florida,
Vigilante,2024-04-01,65.58,73.66,100.0,100.0,49.0,60.0,12.32,8.08,9.28,2026-02-09 16:41:10,True,Florida,
Imagine Me,2023-01-01,68.97,66.96,100.0,100.0,43.0,48.0,-2.92,-2.01,11.18,2026-02-09 16:41:36,True,Virginia,
Why We Broke Up,2023-02-01,2.07,1.83,100.0,100.0,0.0,0.0,-11.29,-0.23,13.11,2026-02-09 16:42:03,True,Pennsylvania,
A Great and Terrible Beauty,2023-08-01,1.11,0.0,100.0,0.0,0.0,0.0,-100.0,-1.11,10.48,2026-02-09 16:42:30,True,Florida,
Under the Lights,2023-08-01,65.24,62.09,100.0,100.0,34.0,29.0,-4.84,-3.16,13.35,2026-02-09 16:42:56,True,Florida,
Tyler Johnson was Here,2024-04-01,0.0,1.11,0.0,100.0,0.0,0.0,inf,1.11,10.48,2026-02-09 16:43:23,True,Florida,
Twenty Boy Summer,2024-03-01,1.11,0.0,100.0,0.0,0.0,0.0,-100.0,-1.11,10.48,2026-02-09 16:43:49,True,Florida,
Gilded,2023-06-01,68.68,52.92,100.0,100.0,46.0,34.0,-22.94,-15.76,15.33,2026-02-09 16:44:16,True,Florida,
Hidden,2023-08-01,76.06,76.94,100.0,100.0,63.0,63.0,1.17,0.89,7.43,2026-02-09 16:44:43,True,Florida,
To Night Owl from Dogfish,2022-01-01,0.0,0.0,0.0,0.0,0.0,0.0,0.0,0.0,0.0,2026-02-09 16:45:09,True,Florida,
Walk Two Moons,2021-11-01,11.09,27.54,100.0,100.0,0.0,0.0,148.4,16.46,32.59,2026-02-09 16:45:36,True,Tennessee,
"Girl, Unframed",2023-08-01,0.0,0.0,0.0,0.0,0.0,0.0,0.0,0.0,0.0,2026-02-09 16:46:02,True,Florida,
21 Proms,2023-07-01,0.0,0.0,0.0,0.0,0.0,0.0,0.0,0.0,0.0,2026-02-09 16:46:29,True,Florida,
The Queen of Nothing,2023-08-01,3.83,3.87,100.0,100.0,0.0,0.0,0.87,0.03,17.18,2026-02-09 16:46:55,True,Florida,
Losing Hope,2023-02-01,19.99,21.97,100.0,100.0,0.0,0.0,9.89,1.98,34.31,2026-02-09 16:47:22,True,Florida,
1984: The Graphic Novel,2022-10-01,0.0,0.0,0.0,0.0,0.0,0.0,0.0,0.0,0.0,2026-02-09 16:47:48,True,Missouri,
We Were Liars,2023-02-01,47.99,55.11,100.0,100.0,0.0,0.0,14.84,7.12,21.39,2026-02-09 16:48:15,True,Pennsylvania,
Gwendy's Final Task,2024-06-01,0.0,0.0,0.0,0.0,0.0,0.0,0.0,0.0,0.0,2026-02-09 16:48:43,True,Florida,
Maybe Now,2023-08-01,46.18,40.22,100.0,100.0,0.0,0.0,-12.9,-5.96,28.93,2026-02-09 16:49:11,True,Iowa,
Star-Crossed,2021-12-01,4.31,4.12,100.0,100.0,0.0,0.0,-4.38,-0.19,16.01,2026-02-09 16:49:38,True,Texas,
Until Friday Night,2023-09-01,1.94,0.0,100.0,0.0,0.0,0.0,-100.0,-1.94,13.03,2026-02-09 16:50:04,True,Florida,
Forever…,2023-09-01,0.0,0.0,0.0,0.0,0.0,0.0,0.0,0.0,0.0,2026-02-09 16:50:31,True,Florida,
The Girl Who Kicked the Hornet's Nest,2023-08-01,0.0,0.0,0.0,0.0,0.0,0.0,0.0,0.0,0.0,2026-02-09 16:50:58,True,Florida,
Skim,2024-06-01,81.3,86.3,100.0,100.0,63.0,69.0,6.15,5.0,7.61,2026-02-09 16:51:27,True,Florida,
Red Queen,2023-08-01,66.79,83.37,100.0,100.0,50.0,56.0,24.82,16.58,12.42,2026-02-09 16:51:53,True,Florida,
The Big Questions Book of Sex and Consent,2022-11-01,0.0,0.0,0.0,0.0,0.0,0.0,0.0,0.0,0.0,2026-02-09 16:52:20,True,Texas,
Stay Gold,2022-02-01,60.51,51.6,100.0,100.0,0.0,26.0,-14.73,-8.91,15.68,2026-02-09 16:52:46,True,Tennessee,
The Detour,2023-06-01,45.49,39.96,100.0,100.0,0.0,0.0,-12.16,-5.53,26.14,2026-02-09 16:53:17,True,Florida,
Untamed (AGH),2023-03-01,0.0,1.81,0.0,100.0,0.0,0.0,inf,1.81,12.33,2026-02-09 16:53:43,True,Texas,
Unicorn on a Roll: Another Phoebe and Her Unicorn Adventure,2023-07-01,0.0,0.0,0.0,0.0,0.0,0.0,0.0,0.0,0.0,2026-02-09 16:54:10,True,Florida,
Unite Me,2023-08-01,3.61,4.1,100.0,100.0,0.0,0.0,13.54,0.49,18.03,2026-02-09 16:54:36,True,Florida,
Uses for Boys,2023-12-01,5.17,7.1,100.0,100.0,0.0,0.0,37.42,1.93,22.23,2026-02-09 16:55:03,True,Florida,
Just One Day,2023-08-01,64.84,61.08,100.0,100.0,40.0,22.0,-5.81,-3.77,16.58,2026-02-09 16:55:30,True,Florida,
Tiger Eyes,2023-06-01,45.22,34.94,100.0,100.0,0.0,0.0,-22.73,-10.28,25.98,2026-02-09 16:55:56,True,Florida,
Highly Illogical Behavior,2021-12-01,0.0,1.11,0.0,100.0,0.0,0.0,inf,1.11,10.48,2026-02-09 16:56:23,True,Texas,
Pride of Baghdad,2023-10-01,2.17,1.11,100.0,100.0,0.0,0.0,-48.72,-1.06,12.59,2026-02-09 16:56:49,True,Florida,
Hold Me Closer: The Tiny Cooper Story,2023-06-01,0.0,1.11,0.0,100.0,0.0,0.0,inf,1.11,10.48,2026-02-09 16:57:15,True,Florida,
Touch,2023-06-01,90.29,84.38,100.0,100.0,82.0,77.0,-6.55,-5.91,4.37,2026-02-09 16:57:42,True,Florida,
Into the Still Blue,2023-08-01,1.93,2.09,100.0,100.0,0.0,0.0,8.05,0.16,13.44,2026-02-09 16:58:09,True,Florida,
Summer Sisters,2023-08-01,17.26,13.38,100.0,100.0,0.0,0.0,-22.47,-3.88,24.94,2026-02-09 16:58:38,True,Florida,
Joyland,2024-06-01,67.32,34.46,100.0,100.0,35.0,19.0,-48.82,-32.87,21.18,2026-02-09 16:59:06,True,Florida,
Firestarter (SK),2024-03-01,0.0,0.0,0.0,0.0,0.0,0.0,0.0,0.0,0.0,2026-02-09 16:59:35,True,Florida,
The Program,2022-10-01,75.62,73.83,100.0,100.0,49.0,27.0,-2.37,-1.79,16.16,2026-02-09 17:00:11,True,Texas,
When You Trap A Tiger,2023-07-01,2.04,1.11,100.0,100.0,0.0,0.0,-45.65,-0.93,12.16,2026-02-09 17:00:39,True,Florida,
Tyrell,2023-10-01,62.1,34.94,100.0,100.0,44.0,22.0,-43.73,-27.16,16.15,2026-02-09 17:01:06,True,Florida,
Catching Fire,2023-02-01,70.87,35.87,100.0,100.0,52.0,15.0,-49.39,-35.0,24.18,2026-02-09 17:01:33,True,Pennsylvania,
Milo Imagines the World,2023-03-01,0.0,3.2,0.0,100.0,0.0,0.0,inf,3.2,17.25,2026-02-09 17:02:04,True,Florida,
What If It's Us,2023-08-01,8.72,12.34,100.0,100.0,0.0,0.0,41.53,3.62,21.47,2026-02-09 17:02:31,True,Florida,
What Was Stonewall?,2023-06-01,0.0,0.0,0.0,0.0,0.0,0.0,0.0,0.0,0.0,2026-02-09 17:02:58,True,Florida,
Just One Year,2023-08-01,38.98,50.66,100.0,100.0,0.0,0.0,29.96,11.68,21.01,2026-02-09 17:03:25,True,Florida,
From a Buick 8,2024-05-01,1.11,0.0,100.0,0.0,0.0,0.0,-100.0,-1.11,10.48,2026-02-09 17:03:51,True,Florida,
The Becoming of Noah Shaw,2023-08-01,0.0,0.0,0.0,0.0,0.0,0.0,0.0,0.0,0.0,2026-02-09 17:04:17,True,Florida,
Bloodrose: Nightshade Novel,2023-08-01,0.0,0.0,0.0,0.0,0.0,0.0,0.0,0.0,0.0,2026-02-09 17:04:44,True,Florida,
The Bazaar of Bad Dreams,2024-03-01,0.0,0.0,0.0,0.0,0.0,0.0,0.0,0.0,0.0,2026-02-09 17:05:10,True,Florida,
Born a Crime: Stories from a South African Childhood,2023-11-01,1.11,1.11,100.0,100.0,0.0,0.0,0.0,0.0,10.48,2026-02-09 17:05:36,True,Wisconsin,
Serendipity: Ten Romantic Tropes Transformed,2024-05-01,0.0,0.0,0.0,0.0,0.0,0.0,0.0,0.0,0.0,2026-02-09 17:06:02,True,Florida,
Howl,2024-06-01,16.19,73.69,100.0,100.0,11.0,58.0,355.18,57.5,30.15,2026-02-09 17:06:29,True,Florida,
I'm Glad My Mom Died,2024-04-01,20.97,25.28,100.0,100.0,0.0,0.0,20.56,4.31,19.77,2026-02-09 17:06:55,True,Florida,
We All Fall Down,2023-08-01,4.36,6.23,100.0,100.0,0.0,0.0,43.11,1.88,20.07,2026-02-09 17:07:21,True,Florida,
War Storm,2022-10-01,59.51,61.24,100.0,100.0,30.0,32.0,2.91,1.73,14.76,2026-02-09 17:07:48,True,Texas,
Game,2023-08-01,63.91,46.94,100.0,100.0,47.0,27.0,-26.55,-16.97,17.33,2026-02-09 17:08:15,True,Florida,
Hunger: A Memoir of (My) Body,2021-11-01,1.11,0.0,100.0,0.0,0.0,0.0,-100.0,-1.11,10.48,2026-02-09 17:08:41,True,Florida,
The Body: A Guide for Occupants,2023-08-01,0.0,1.11,0.0,100.0,0.0,0.0,inf,1.11,10.48,2026-02-09 17:09:07,True,Maine,
A Sin Such As This,2023-10-01,2.09,0.0,100.0,0.0,0.0,0.0,-100.0,-2.09,13.88,2026-02-09 17:09:34,True,Iowa,
Where We Go From Here,2022-02-01,13.53,34.8,100.0,100.0,0.0,0.0,157.14,21.27,25.37,2026-02-09 17:10:00,True,Tennessee,
City of Ashes,2023-08-01,1.98,4.06,100.0,100.0,0.0,0.0,105.06,2.08,16.31,2026-02-09 17:10:27,True,Florida,
She Gets the Girl,2023-08-01,20.16,17.19,100.0,100.0,0.0,0.0,-14.72,-2.97,30.19,2026-02-09 17:10:53,True,Maine,
Afterworlds,2022-10-01,1.11,1.11,100.0,100.0,0.0,0.0,0.0,0.0,10.48,2026-02-09 17:11:23,True,Texas,
Rise,2024-01-01,86.01,72.24,100.0,100.0,75.0,61.0,-16.01,-13.77,8.95,2026-02-09 17:11:52,True,Florida,
Rise to the Sun,2022-02-01,30.9,57.37,100.0,100.0,0.0,0.0,85.65,26.47,28.35,2026-02-09 17:12:20,True,Tennessee,
Revelations,2022-10-01,65.28,64.0,100.0,100.0,50.0,46.0,-1.96,-1.28,9.41,2026-02-09 17:12:46,True,Texas,
After Ever Happy,2024-06-01,45.79,34.4,100.0,100.0,0.0,0.0,-24.87,-11.39,31.52,2026-02-09 17:13:13,True,Iowa,
The Daughters of Ys,2022-09-01,0.0,0.0,0.0,0.0,0.0,0.0,0.0,0.0,0.0,2026-02-09 17:13:41,True,Missouri,
"Vegan, Virgin, Valentine",2023-08-01,0.0,0.0,0.0,0.0,0.0,0.0,0.0,0.0,0.0,2026-02-09 17:14:08,True,Florida,
Getting It,2021-12-01,84.6,76.43,100.0,100.0,65.0,53.0,-9.65,-8.17,9.7,2026-02-09 17:14:35,True,Texas,
Gwendy's Button Box,2024-05-01,1.11,1.11,100.0,100.0,0.0,0.0,0.0,0.0,10.48,2026-02-09 17:15:01,True,Florida,
Release,2023-10-01,78.62,79.54,100.0,100.0,68.0,68.0,1.17,0.92,5.79,2026-02-09 17:15:29,True,Florida,
The Damned,2023-03-01,62.1,58.92,100.0,100.0,49.0,39.0,-5.12,-3.18,10.65,2026-02-09 17:15:56,True,Texas,
The Dark Half,2024-05-01,42.9,30.44,100.0,100.0,0.0,0.0,-29.03,-12.46,32.41,2026-02-09 17:16:23,True,Florida,
Love in the Time of Global Warming,2023-08-01,0.0,0.0,0.0,0.0,0.0,0.0,0.0,0.0,0.0,2026-02-09 17:16:49,True,Florida,
Any Way the Wind Blows,2023-06-01,0.0,1.11,0.0,100.0,0.0,0.0,inf,1.11,10.48,2026-02-09 17:17:16,True,Florida,
Antisocial,2023-08-01,60.33,74.12,100.0,100.0,40.0,51.0,22.85,13.79,12.42,2026-02-09 17:17:42,True,Florida,
One of Us is Next,2022-10-01,32.39,44.76,100.0,100.0,0.0,0.0,38.18,12.37,30.88,2026-02-09 17:18:09,True,Texas,
Obie is Man Enough,2023-10-01,0.0,0.0,0.0,0.0,0.0,0.0,0.0,0.0,0.0,2026-02-09 17:18:35,True,Iowa,
Death Wind,2021-12-01,11.11,25.99,100.0,100.0,0.0,0.0,133.9,14.88,31.77,2026-02-09 17:19:02,True,Texas,
"Soul Eater, Vol. 3",2022-10-01,0.0,0.0,0.0,0.0,0.0,0.0,0.0,0.0,0.0,2026-02-09 17:19:29,True,Texas,
The Time Traveler's Wife,2024-06-01,17.03,19.42,100.0,100.0,0.0,0.0,14.02,2.39,24.34,2026-02-09 17:19:56,True,Florida,
Kingdom of the Feared,2024-06-01,2.11,0.0,100.0,0.0,0.0,0.0,-100.0,-2.11,14.02,2026-02-09 17:20:22,True,Iowa,
Without Annette,2023-08-01,0.0,0.0,0.0,0.0,0.0,0.0,0.0,0.0,0.0,2026-02-09 17:20:49,True,Florida,
One Man Guy,2021-12-01,10.84,20.07,100.0,100.0,0.0,0.0,85.04,9.22,27.98,2026-02-09 17:21:15,True,Texas,
"Fairy Tail, Vol. 1",2024-04-01,0.0,1.11,0.0,100.0,0.0,0.0,inf,1.11,10.48,2026-02-09 17:21:42,True,Florida,
37 Things I Love (in no particular order),2023-07-01,0.0,0.0,0.0,0.0,0.0,0.0,0.0,0.0,0.0,2026-02-09 17:22:08,True,Florida,
"A Game of Thrones: The Graphic Novel, Vol. 3",2022-09-01,1.11,2.16,100.0,100.0,0.0,0.0,94.0,1.04,12.55,2026-02-09 17:22:35,True,Missouri,
"A Game of Thrones: The Graphic Novel, Vol. 2",2022-09-01,1.11,1.11,100.0,100.0,0.0,0.0,0.0,0.0,10.48,2026-02-09 17:23:01,True,Missouri,
Leaving Time,2023-02-01,64.56,67.42,100.0,100.0,29.0,37.0,4.44,2.87,15.38,2026-02-09 17:23:27,True,Florida,
Last Man: The Royal Cup,2022-09-01,1.11,0.0,100.0,0.0,0.0,0.0,-100.0,-1.11,10.48,2026-02-09 17:23:53,True,Missouri,
Lonesome Dove,2023-10-01,43.79,52.04,100.0,100.0,21.0,34.0,18.85,8.26,12.96,2026-02-09 17:24:20,True,Florida,
Lord of Shadows,2022-10-01,1.11,0.0,100.0,0.0,0.0,0.0,-100.0,-1.11,10.48,2026-02-09 17:24:46,True,Texas,
The Summer I Turned Pretty,2023-10-01,20.69,57.6,100.0,100.0,3.0,36.0,178.41,36.91,23.89,2026-02-09 17:25:13,True,Florida,
Dragon's Oath,2023-08-01,1.11,1.11,100.0,100.0,0.0,0.0,0.0,0.0,10.48,2026-02-09 17:25:59,True,Florida,
The Obsession,2024-05-01,61.36,70.26,100.0,100.0,37.0,36.0,14.51,8.9,13.7,2026-02-09 17:26:25,True,Florida,
"Soul Eater, Vol. 5",2022-10-01,0.0,0.0,0.0,0.0,0.0,0.0,0.0,0.0,0.0,2026-02-09 17:26:51,True,Texas,
Annexed,2023-08-01,29.5,39.46,100.0,100.0,0.0,0.0,33.75,9.96,23.44,2026-02-09 17:27:18,True,Florida,
Story of a Girl,2023-06-01,64.72,57.32,100.0,100.0,36.0,29.0,-11.43,-7.4,14.46,2026-02-09 17:27:44,True,Florida,
Y: The Last Man,2021-09-01,7.81,15.03,100.0,100.0,0.0,2.0,92.46,7.22,15.98,2026-02-09 17:28:11,True,Texas,
"Soul Eater, Vol. 4",2022-10-01,1.11,0.0,100.0,0.0,0.0,0.0,-100.0,-1.11,10.48,2026-02-09 17:28:37,True,Texas,
And She Was,2021-12-01,64.23,48.78,100.0,100.0,29.0,14.0,-24.06,-15.46,20.01,2026-02-09 17:29:04,True,Texas,
The Marrow Thieves,2023-12-01,14.18,6.84,100.0,100.0,0.0,0.0,-51.72,-7.33,28.44,2026-02-09 17:29:30,True,Florida,
Ash,2021-12-01,80.94,27.77,100.0,100.0,72.0,19.0,-65.7,-53.18,28.08,2026-02-09 17:29:57,True,Texas,
Aristotle and Dante Discover the Secrets of the Universe (Aristotle and Dante Series),2021-11-01,0.0,1.11,0.0,100.0,0.0,0.0,inf,1.11,10.48,2026-02-09 17:30:24,True,Texas,
Lexicon,2022-09-01,52.91,43.46,100.0,100.0,40.0,27.0,-17.87,-9.46,10.04,2026-02-09 17:30:51,True,Florida,
Camp Quiltbag,2023-10-01,1.11,0.0,100.0,0.0,0.0,0.0,-100.0,-1.11,10.48,2026-02-09 17:31:18,True,Iowa,
The Magician King,2023-10-01,2.58,1.11,100.0,100.0,0.0,0.0,-56.9,-1.47,12.49,2026-02-09 17:31:45,True,Florida,
Every Heart a Doorway,2023-07-01,1.11,0.0,100.0,0.0,0.0,0.0,-100.0,-1.11,10.48,2026-02-09 17:32:11,True,Florida,
Sisterhood of the Traveling Pants,2023-08-01,33.36,44.92,100.0,100.0,17.0,21.0,34.68,11.57,14.57,2026-02-09 17:32:37,True,Florida,
The Pride Guide: A Guide to Sexual and Social Health for LGBTQ Youth,2022-02-01,0.0,0.0,0.0,0.0,0.0,0.0,0.0,0.0,0.0,2026-02-09 17:33:03,True,Tennessee,
Ghost World,2023-08-01,44.69,30.26,100.0,100.0,25.0,18.0,-32.3,-14.43,12.5,2026-02-09 17:33:30,True,Florida,
Every Day,2023-06-01,79.22,86.86,100.0,100.0,61.0,76.0,9.64,7.63,7.75,2026-02-09 17:33:57,True,Florida,
The Outsider,2024-05-01,28.26,24.96,100.0,100.0,15.0,12.0,-11.68,-3.3,15.6,2026-02-09 17:34:23,True,Florida,
Fade (RC),2023-08-01,0.0,0.0,0.0,0.0,0.0,0.0,0.0,0.0,0.0,2026-02-09 17:34:50,True,Florida,
Permanent Record,2023-08-01,18.08,27.19,100.0,100.0,0.0,0.0,50.4,9.11,29.15,2026-02-09 17:35:16,True,Florida,
The Baby Tree,2021-12-01,24.61,26.17,100.0,100.0,0.0,0.0,6.32,1.56,25.71,2026-02-09 17:35:44,True,Texas,
Feral Youth,2023-08-01,0.0,0.0,0.0,0.0,0.0,0.0,0.0,0.0,0.0,2026-02-09 17:36:10,True,Florida,
Julie of the Wolves,2023-09-01,1.11,1.11,100.0,100.0,0.0,0.0,0.0,0.0,10.48,2026-02-09 17:36:36,True,Florida,
Fifteen Hundred Miles from the Sun,2022-02-01,0.0,1.11,0.0,100.0,0.0,0.0,inf,1.11,10.48,2026-02-09 17:37:02,True,Tennessee,
Daughter of Smoke and Bone,2022-11-01,1.11,0.0,100.0,0.0,0.0,0.0,-100.0,-1.11,10.48,2026-02-09 17:37:28,True,Indiana,
The Infinite Sea,2023-08-01,0.0,0.0,0.0,0.0,0.0,0.0,0.0,0.0,0.0,2026-02-09 17:37:55,True,Florida,
The Awakening (KA),2023-08-01,0.0,0.0,0.0,0.0,0.0,0.0,0.0,0.0,0.0,2026-02-09 17:38:22,True,Florida,
The Impossible Knife of Memory,2023-08-01,1.11,0.0,100.0,0.0,0.0,0.0,-100.0,-1.11,10.48,2026-02-09 17:38:48,True,Florida,
The Weight of Blood,2023-10-01,45.94,57.98,100.0,100.0,0.0,0.0,26.19,12.03,23.31,2026-02-09 17:39:15,True,Florida,
CAMP,2024-06-01,69.23,71.01,100.0,100.0,55.0,39.0,2.57,1.78,13.53,2026-02-09 17:39:42,True,Florida,
An Ember in the Ashes,2023-03-01,1.11,3.1,100.0,100.0,0.0,0.0,179.0,1.99,14.01,2026-02-09 17:40:08,True,Texas,
Wolfsbane,2023-10-01,53.44,52.34,100.0,100.0,0.0,0.0,-2.06,-1.1,23.75,2026-02-09 17:40:35,True,Florida,
Embrace,2022-10-01,83.19,76.5,100.0,100.0,65.0,48.0,-8.04,-6.69,10.59,2026-02-09 17:41:01,True,Florida,
On Writing: A Memoir of the Craft,2024-05-01,1.11,0.0,100.0,0.0,0.0,0.0,-100.0,-1.11,10.48,2026-02-09 17:41:27,True,Florida,
"Hold Me Closer: The Tiny Cooper Story (Will Grayson, Will Grayson Series)",2021-10-01,0.0,1.11,0.0,100.0,0.0,0.0,inf,1.11,10.48,2026-02-09 17:41:53,True,Texas,
Gender Issues (Living with a Special Need),2021-12-01,0.0,1.11,0.0,100.0,0.0,0.0,inf,1.11,10.48,2026-02-09 17:42:20,True,Texas,
Sissy: A Coming of Gender Story,2024-08-01,0.0,2.1,0.0,100.0,0.0,0.0,inf,2.1,13.95,2026-02-09 17:42:48,True,Tennessee,
House of Night: The Beginning - Marked and Betrayed,2023-08-01,0.0,0.0,0.0,0.0,0.0,0.0,0.0,0.0,0.0,2026-02-09 17:43:14,True,Florida,
Chasing Shadows,2023-08-01,3.19,0.0,100.0,0.0,0.0,0.0,-100.0,-3.19,17.19,2026-02-09 17:43:40,True,Florida,
Go Tell It on the Mountain,2023-08-01,9.46,24.41,100.0,100.0,0.0,0.0,158.17,14.96,31.27,2026-02-09 17:44:07,True,Florida,
Change of Heart: A Novel,2023-02-01,0.0,2.96,0.0,100.0,0.0,0.0,inf,2.96,16.01,2026-02-09 17:44:34,True,Florida,
I Am Alfonso Jones,2021-11-01,2.1,0.0,100.0,0.0,0.0,0.0,-100.0,-2.1,13.95,2026-02-09 17:45:00,True,Florida,
"Soul Eater, Vol. 7",2023-08-01,0.0,0.0,0.0,0.0,0.0,0.0,0.0,0.0,0.0,2026-02-09 17:45:26,True,Florida,
"Heartstopper, Vol. 5",2024-08-01,0.0,0.0,0.0,0.0,0.0,0.0,0.0,0.0,0.0,2026-02-09 17:45:52,True,Florida,
Cheer Up: Love and Pompoms,2022-02-01,0.0,0.0,0.0,0.0,0.0,0.0,0.0,0.0,0.0,2026-02-09 17:46:19,True,Tennessee,
Someday,2022-11-01,75.4,35.02,100.0,100.0,61.0,23.0,-53.55,-40.38,22.25,2026-02-09 17:46:45,True,Florida,
High School,2024-03-01,75.73,80.9,100.0,100.0,29.0,49.0,6.82,5.17,15.78,2026-02-09 17:47:12,True,Florida,
She's Come Undone,2023-10-01,1.11,1.11,100.0,100.0,0.0,0.0,0.0,0.0,10.48,2026-02-09 17:47:38,True,Florida,
Shut Up!,2023-03-01,86.41,78.01,100.0,100.0,73.0,68.0,-9.72,-8.4,6.42,2026-02-09 17:48:05,True,Florida,
Girl Parts,2023-07-01,64.2,60.76,100.0,100.0,0.0,0.0,-5.37,-3.44,17.04,2026-02-09 17:48:31,True,Florida,
Sister Mischief,2021-12-01,0.0,0.0,0.0,0.0,0.0,0.0,0.0,0.0,0.0,2026-02-09 17:48:58,True,Texas,
City of Fallen Angels,2023-08-01,0.0,1.11,0.0,100.0,0.0,0.0,inf,1.11,10.48,2026-02-09 17:49:24,True,Florida,
A Clash of Steel: A Treasure Island Remix,2023-03-01,0.0,0.0,0.0,0.0,0.0,0.0,0.0,0.0,0.0,2026-02-09 17:49:50,True,Texas,
Hollow City: The Graphic Novel,2022-09-01,1.11,0.0,100.0,0.0,0.0,0.0,-100.0,-1.11,10.48,2026-02-09 17:50:17,True,Missouri,
Her Royal Highness,2021-12-01,0.0,0.0,0.0,0.0,0.0,0.0,0.0,0.0,0.0,2026-02-09 17:50:43,True,Texas,
"Gender Danger: Survivors of Rape, Human Trafficking, and Honor Killings",2021-12-01,0.0,0.0,0.0,0.0,0.0,0.0,0.0,0.0,0.0,2026-02-09 17:51:09,True,Texas,
"Soul Eater, Vol. 17",2023-08-01,1.11,0.0,100.0,0.0,0.0,0.0,-100.0,-1.11,10.48,2026-02-09 17:51:35,True,Florida,
City of Glass,2023-08-01,53.63,53.46,100.0,100.0,0.0,0.0,-0.33,-0.18,17.93,2026-02-09 17:52:01,True,Florida,
Going Viral: A Socially Distant Love Story,2023-10-01,1.11,0.0,100.0,0.0,0.0,0.0,-100.0,-1.11,10.48,2026-02-09 17:52:28,True,Iowa,
Chinese Handcuffs,2023-10-01,1.11,0.0,100.0,0.0,0.0,0.0,-100.0,-1.11,10.48,2026-02-09 17:52:54,True,Iowa,
Still Life with Tornado,2023-08-01,1.11,0.0,100.0,0.0,0.0,0.0,-100.0,-1.11,10.48,2026-02-09 17:53:20,True,Florida,
November Blues,2023-08-01,0.0,1.11,0.0,100.0,0.0,0.0,inf,1.11,10.48,2026-02-09 17:53:46,True,Florida,
Dear Justyce,2022-10-01,1.11,2.97,100.0,100.0,0.0,0.0,167.0,1.86,13.58,2026-02-09 17:55:25,True,Florida,
Like Water for Chocolate,2023-08-01,24.1,33.32,100.0,100.0,0.0,0.0,38.27,9.22,31.48,2026-02-09 17:55:53,True,Florida,
Leverage,2023-08-01,70.27,71.34,100.0,100.0,49.0,45.0,1.53,1.08,11.86,2026-02-09 17:56:19,True,Florida,
Station Eleven,2024-06-01,57.93,32.3,100.0,100.0,27.0,11.0,-44.25,-25.63,20.32,2026-02-09 17:56:47,True,Florida,
Nobody Does It Better: A Gossip Girl Novel,2023-06-01,0.0,1.11,0.0,100.0,0.0,0.0,inf,1.11,10.48,2026-02-09 17:57:13,True,Florida,
Long Way Down,2023-06-01,53.2,31.01,100.0,100.0,17.0,0.0,-41.71,-22.19,22.3,2026-02-09 17:57:40,True,Florida,
Lone Wolf,2023-02-01,72.04,72.77,100.0,100.0,55.0,57.0,1.0,0.72,8.99,2026-02-09 17:58:06,True,Florida,
Never Never,2023-10-01,52.43,89.63,100.0,100.0,46.0,73.0,70.95,37.2,19.59,2026-02-09 17:58:33,True,Iowa,
Our Skin: A First Conversation About Race,2021-09-01,0.0,0.0,0.0,0.0,0.0,0.0,0.0,0.0,0.0,2026-02-09 17:58:59,True,New Jersey,
Killer Spirit,2022-11-01,30.3,1.89,100.0,100.0,0.0,0.0,-93.77,-28.41,29.61,2026-02-09 17:59:25,True,Texas,
Fans of the Impossible Life,2022-01-01,1.11,0.0,100.0,0.0,0.0,0.0,-100.0,-1.11,10.48,2026-02-09 17:59:53,True,Texas,
LGBTQ In America,2023-10-01,3.04,1.11,100.0,100.0,0.0,0.0,-63.5,-1.93,13.82,2026-02-09 18:00:19,True,Kentucky,
Excuse Me While I Ugly Cry,2024-03-01,1.11,1.11,100.0,100.0,0.0,0.0,0.0,0.0,10.48,2026-02-09 18:00:46,True,Florida,
"On the Bright Side, I'm Now the Girlfriend of a Sex God",2025-01-01,2.01,1.11,100.0,100.0,0.0,0.0,-44.75,-0.9,12.05,2026-02-09 18:01:12,True,Florida,
One Hot Second: Stories About Desire,2022-03-01,0.0,1.99,0.0,100.0,0.0,0.0,inf,1.99,13.29,2026-02-09 18:01:38,True,Texas,
One True Way,2021-12-01,64.8,44.12,100.0,100.0,0.0,0.0,-31.91,-20.68,26.72,2026-02-09 18:02:04,True,Texas,
Laughing at My Nightmare,2023-10-01,0.0,0.0,0.0,0.0,0.0,0.0,0.0,0.0,0.0,2026-02-09 18:02:30,True,Iowa,
"Monstress, Vol. 2: The Blood",2022-10-01,0.0,0.0,0.0,0.0,0.0,0.0,0.0,0.0,0.0,2026-02-09 18:02:56,True,Texas,
Margo Zimmerman Gets the Girl,2025-06-01,0.0,0.0,0.0,0.0,0.0,0.0,0.0,0.0,0.0,2026-02-09 18:03:23,True,Florida,
Miss Peregrine’s Home for Peculiar Children,2023-11-01,0.0,1.11,0.0,100.0,0.0,0.0,inf,1.11,10.48,2026-02-09 18:03:49,True,Wisconsin,
Mockingjay,2023-02-01,57.89,30.27,100.0,100.0,22.0,9.0,-47.72,-27.62,22.61,2026-02-09 18:04:16,True,Pennsylvania,
Misery,2024-05-01,63.61,52.97,100.0,100.0,49.0,40.0,-16.73,-10.64,9.53,2026-02-09 18:04:44,True,Florida,
Midnight Sun,2023-08-01,28.93,65.13,100.0,100.0,15.0,42.0,125.12,36.2,20.87,2026-02-09 18:05:12,True,Florida,
Monument 14: Savage Drift,2023-08-01,0.0,0.0,0.0,0.0,0.0,0.0,0.0,0.0,0.0,2026-02-09 18:05:38,True,Florida,
Mosquitoland,2023-08-01,1.11,0.0,100.0,0.0,0.0,0.0,-100.0,-1.11,10.48,2026-02-09 18:06:04,True,Florida,
Message in a Bottle,2023-12-01,25.02,47.43,100.0,100.0,10.0,20.0,89.56,22.41,16.48,2026-02-09 18:06:30,True,Florida,
Middlesex,2021-12-01,66.8,69.94,100.0,100.0,35.0,41.0,4.71,3.14,12.45,2026-02-09 18:06:57,True,Texas,
Nightmares and Dreamscapes,2024-05-01,0.0,1.11,0.0,100.0,0.0,0.0,inf,1.11,10.48,2026-02-09 18:18:06,True,Florida,
Ender's Game,2023-07-01,52.61,46.63,100.0,100.0,24.0,19.0,-11.36,-5.98,16.7,2026-02-09 18:18:33,True,Florida,
Ensnared,2023-03-01,0.0,5.71,0.0,100.0,0.0,0.0,inf,5.71,21.48,2026-02-09 18:33:57,True,Texas,
My Book of Life by Angel,2021-11-01,0.0,0.0,0.0,0.0,0.0,0.0,0.0,0.0,0.0,2026-02-09 18:34:24,True,Florida,
Masquerade,2022-10-01,64.43,48.16,100.0,100.0,50.0,32.0,-25.26,-16.28,13.95,2026-02-09 18:34:50,True,Texas,
"Loveboat, Taipei",2023-10-01,0.0,1.11,0.0,100.0,0.0,0.0,inf,1.11,10.48,2026-02-09 18:35:17,True,Florida,
"Naruto, Vol 1: Uzumaki Naruto",2023-06-01,0.0,0.0,0.0,0.0,0.0,0.0,0.0,0.0,0.0,2026-02-09 18:35:43,True,Utah,
"Me, Him, Them and It",2023-08-01,1.11,0.0,100.0,0.0,0.0,0.0,-100.0,-1.11,10.48,2026-02-09 18:36:09,True,Florida,
Music from Another World,2022-02-01,0.0,0.0,0.0,0.0,0.0,0.0,0.0,0.0,0.0,2026-02-09 18:51:33,True,Tennessee,
Self-Made Boys: A Great Gatsby Remix,2023-10-01,0.0,0.0,0.0,0.0,0.0,0.0,0.0,0.0,0.0,2026-02-09 18:52:00,True,Iowa,
Icebreaker (HG),2023-08-01,0.0,0.0,0.0,0.0,0.0,0.0,0.0,0.0,0.0,2026-02-09 18:52:26,True,Iowa,
Identity: A Story of Transitioning,2021-12-01,2.03,0.0,100.0,0.0,0.0,0.0,-100.0,-2.03,13.55,2026-02-09 18:52:52,True,Texas,
Conversion,2023-08-01,83.58,79.87,100.0,100.0,70.0,62.0,-4.44,-3.71,8.4,2026-02-09 18:53:19,True,Florida,
"Saga, Vol. 1",2023-10-01,1.11,1.11,100.0,100.0,0.0,0.0,0.0,0.0,10.48,2026-02-09 18:53:45,True,Iowa,
In Deeper Waters,2022-02-01,1.11,1.11,100.0,100.0,0.0,0.0,0.0,0.0,10.48,2026-02-09 18:54:13,True,Tennessee,
Red: A Crayon's Story,2022-10-01,0.0,0.0,0.0,0.0,0.0,0.0,0.0,0.0,0.0,2026-02-09 18:55:34,True,Florida,
Remember When,2023-03-01,67.43,77.23,100.0,100.0,41.0,52.0,14.53,9.8,13.2,2026-02-09 18:56:00,True,Florida,
Cold Day in the Sun,2023-08-01,2.86,0.0,100.0,0.0,0.0,0.0,-100.0,-2.86,15.57,2026-02-09 19:00:26,True,Florida,
Serpent and Dove,2023-10-01,6.86,4.27,100.0,100.0,0.0,0.0,-37.76,-2.59,21.93,2026-02-09 19:08:03,True,Florida,
Clockwork Prince,2023-08-01,0.0,0.0,0.0,0.0,0.0,0.0,0.0,0.0,0.0,2026-02-09 19:12:16,True,Florida,
I Hunt Killers,2023-08-01,0.0,0.0,0.0,0.0,0.0,0.0,0.0,0.0,0.0,2026-02-09 19:12:42,True,Florida,
Future of Us,2023-08-01,36.58,57.58,100.0,100.0,0.0,0.0,57.41,21.0,24.03,2026-02-09 19:13:18,True,Florida,
Say What You Will,2023-08-01,53.64,60.33,100.0,100.0,29.0,23.0,12.47,6.69,18.11,2026-02-09 19:13:44,True,Florida,
Coldest Girl in Coldtown,2023-07-01,0.0,0.0,0.0,0.0,0.0,0.0,0.0,0.0,0.0,2026-02-09 19:29:10,True,Florida,
Frankie and Bug,2023-10-01,2.19,0.0,100.0,0.0,0.0,0.0,-100.0,-2.19,14.52,2026-02-09 19:30:44,True,Iowa,
Fourth Wing,2023-11-01,65.2,39.92,100.0,100.0,50.0,27.0,-38.77,-25.28,16.44,2026-02-09 19:31:11,True,Florida,
Say the Word,2021-12-01,79.97,63.11,100.0,100.0,55.0,38.0,-21.08,-16.86,14.61,2026-02-09 19:32:26,True,Texas,
I Am Water,2022-02-01,58.89,77.49,100.0,100.0,36.0,55.0,31.58,18.6,13.92,2026-02-09 19:47:50,True,Tennessee,
Darius the Great Deserves Better (Darius the Great Series),2021-12-01,0.0,0.0,0.0,0.0,0.0,0.0,0.0,0.0,0.0,2026-02-09 19:48:16,True,Texas,
Jaws,2023-11-01,35.06,72.79,100.0,100.0,25.0,58.0,107.64,37.73,21.12,2026-02-09 19:52:54,True,Florida,
"It's So Amazing!: A Book about Eggs, Sperm, Birth, Babies, and Families",2023-09-01,0.0,0.0,0.0,0.0,0.0,0.0,0.0,0.0,0.0,2026-02-09 20:08:33,True,Florida,
Jack,2022-01-01,64.98,65.39,100.0,100.0,54.0,52.0,0.63,0.41,8.36,2026-02-09 20:09:03,True,Tennessee,
Rising Out,2022-02-01,55.73,72.31,100.0,100.0,26.0,44.0,29.74,16.58,15.39,2026-02-09 20:09:29,True,Tennessee,
Firefly Lane,2023-10-01,46.94,56.6,100.0,100.0,24.0,31.0,20.57,9.66,16.67,2026-02-09 20:12:04,True,Iowa,
Peaches,2023-08-01,67.29,50.6,100.0,100.0,47.0,23.0,-24.8,-16.69,18.81,2026-02-09 20:27:28,True,Florida,
Extraordinary Means,2023-08-01,0.0,0.0,0.0,0.0,0.0,0.0,0.0,0.0,0.0,2026-02-09 20:27:54,True,Florida,
Kindred: A Graphic Novel Adaptation,2022-09-01,1.11,0.0,100.0,0.0,0.0,0.0,-100.0,-1.11,10.48,2026-02-09 20:28:20,True,Missouri,
Pretty Little Liars,2023-08-01,64.4,72.81,100.0,100.0,41.0,55.0,13.06,8.41,11.23,2026-02-09 20:43:45,True,Florida,
Into the River,2023-07-01,51.08,47.3,100.0,100.0,19.0,19.0,-7.4,-3.78,24.36,2026-02-09 20:44:11,True,Florida,
Insomnia,2024-05-01,81.71,65.92,100.0,100.0,71.0,56.0,-19.32,-15.79,10.21,2026-02-09 20:55:29,True,Florida,
Forever in Blue: The Fourth Summer of the Sisterhood,2023-12-01,0.0,1.11,0.0,100.0,0.0,0.0,inf,1.11,10.48,2026-02-09 20:55:55,True,Florida,
Follow Your Arrow,2022-02-01,1.11,3.1,100.0,100.0,0.0,0.0,179.0,1.99,14.0,2026-02-09 21:09:37,True,Tennessee,
"It's Christmas, David",2024-10-01,1.11,0.0,100.0,0.0,0.0,0.0,-100.0,-1.11,10.48,2026-02-09 21:10:06,True,Tennessee,
"Finding Me: A Decade of Darkness, A Life Reclaimed: A Memoir",2023-08-01,0.0,0.0,0.0,0.0,0.0,0.0,0.0,0.0,0.0,2026-02-09 21:10:32,True,Maine,
"It Doesn't Have to Be Awkward: Dealing with Relationships, Consent, and Other Hard-to-Talk-About Stuff",2022-02-01,,,,,,,,,,2026-02-09 21:11:28,False,Tennessee,The request failed: Google returned a response with code 400
Pushing the Limits (KM),2024-10-01,0.0,1.11,0.0,100.0,0.0,0.0,inf,1.11,10.48,2026-02-09 21:11:54,True,Florida,
Flight of the Puffin,2024-06-01,0.0,0.0,0.0,0.0,0.0,0.0,0.0,0.0,0.0,2026-02-09 21:12:21,True,Iowa,
The Crown of Gilded Bones,2025-06-01,0.0,2.98,0.0,100.0,0.0,0.0,inf,2.98,16.09,2026-02-09 21:12:47,True,Florida,
A Quick & Easy Guide to They/Them Pronouns,2022-02-01,1.11,0.0,100.0,0.0,0.0,0.0,-100.0,-1.11,10.48,2026-02-09 21:16:05,True,Tennessee,
The Lost Symbol,2023-08-01,13.04,25.11,100.0,100.0,0.0,0.0,92.5,12.07,30.19,2026-02-09 21:16:32,True,Florida,
The Day of the Jackal,2024-05-01,4.44,2.91,100.0,100.0,0.0,0.0,-34.5,-1.53,14.68,2026-02-09 21:16:58,True,Florida,
The Year of Living Awkwardly,2023-08-01,0.0,0.0,0.0,0.0,0.0,0.0,0.0,0.0,0.0,2026-02-09 21:17:24,True,Florida,
The Whispers,2021-12-01,63.0,63.47,100.0,100.0,34.0,38.0,0.74,0.47,12.45,2026-02-09 21:17:51,True,Texas,
Welcome to St. Hell: My Trans Teen Misadventure: A Graphic Novel,2024-08-01,1.11,1.91,100.0,100.0,0.0,0.0,72.0,0.8,11.73,2026-02-09 21:18:17,True,Florida,
Beartown,2022-09-01,43.1,62.22,100.0,100.0,0.0,0.0,44.37,19.12,22.88,2026-02-09 21:18:43,True,Florida,
We Now Return to Regular Life,2021-12-01,0.0,0.0,0.0,0.0,0.0,0.0,0.0,0.0,0.0,2026-02-09 21:19:09,True,Texas,
The Lotterys Plus One,2023-06-01,0.0,1.11,0.0,100.0,0.0,0.0,inf,1.11,10.48,2026-02-09 21:19:35,True,Florida,
The Diviners,2023-08-01,0.0,1.11,0.0,100.0,0.0,0.0,inf,1.11,10.48,2026-02-09 21:20:01,True,Florida,
The Lucky List,2022-02-01,1.11,4.03,100.0,100.0,0.0,0.0,263.0,2.92,15.27,2026-02-09 21:20:27,True,Tennessee,
The Facts Speak for Themselves,2021-11-01,1.11,0.0,100.0,0.0,0.0,0.0,-100.0,-1.11,10.48,2026-02-09 21:20:53,True,Florida,
Thinner,2024-06-01,88.18,89.76,100.0,100.0,73.0,73.0,1.79,1.58,5.4,2026-02-09 21:21:19,True,Florida,
The Van Alen Legacy,2022-10-01,0.0,1.11,0.0,100.0,0.0,0.0,inf,1.11,10.48,2026-02-09 21:21:46,True,Texas,
When We Make It: A Nuyorican Novel,2023-12-01,0.0,1.11,0.0,100.0,0.0,0.0,inf,1.11,10.48,2026-02-09 21:22:12,True,Florida,
The Walls Around Us,2023-08-01,0.0,1.11,0.0,100.0,0.0,0.0,inf,1.11,10.48,2026-02-09 21:22:38,True,Florida,
A Tree Grows in Brooklyn,2023-11-01,43.39,35.8,100.0,100.0,0.0,0.0,-17.49,-7.59,34.68,2026-02-09 21:23:04,True,Florida,
The Only Black Girls in Town,2023-06-01,0.0,0.0,0.0,0.0,0.0,0.0,0.0,0.0,0.0,2026-02-09 21:23:30,True,Florida,
Apt Pupil,2023-07-01,3.18,5.11,100.0,100.0,0.0,0.0,60.84,1.93,18.36,2026-02-09 21:23:56,True,Florida,
The Bridges of Madison County,2023-11-01,2.97,4.08,100.0,100.0,0.0,0.0,37.45,1.11,16.74,2026-02-09 21:24:22,True,Florida,
Born Ready: The True Story of a Boy Named Penelope,2022-10-01,1.11,0.0,100.0,0.0,0.0,0.0,-100.0,-1.11,10.48,2026-02-09 21:24:48,True,Florida,
A Torch Against the Night,2023-03-01,0.0,0.0,0.0,0.0,0.0,0.0,0.0,0.0,0.0,2026-02-09 21:25:14,True,Texas,
Anna and the French Kiss,2023-08-01,1.11,0.0,100.0,0.0,0.0,0.0,-100.0,-1.11,10.48,2026-02-09 21:25:40,True,Florida,
Anger Is a Gift,2022-02-01,1.11,1.11,100.0,100.0,0.0,0.0,0.0,0.0,10.48,2026-02-09 21:26:39,True,Tennessee,
Angela's Ashes: A Memoir,2023-08-01,2.13,1.11,100.0,100.0,0.0,0.0,-47.92,-1.02,12.47,2026-02-09 21:27:05,True,Florida,
What Riley Wore,2022-11-01,0.0,0.0,0.0,0.0,0.0,0.0,0.0,0.0,0.0,2026-02-09 21:27:31,True,South Carolina,
Whale Talk,2021-10-01,1.11,2.18,100.0,100.0,0.0,0.0,96.0,1.07,12.63,2026-02-09 21:27:57,True,Oklahoma,
The Truth about Forever,2023-08-01,1.97,0.0,100.0,0.0,0.0,0.0,-100.0,-1.97,13.16,2026-02-09 21:28:23,True,Florida,
"Attack on Titan (Series, Title Not Specified)",2024-06-01,0.0,1.11,0.0,100.0,0.0,0.0,inf,1.11,10.48,2026-02-09 21:28:49,True,Texas,
The Underground Girls of Kabul: in Search of a Hidden Resistance in Afghanistan,2021-11-01,1.11,0.0,100.0,0.0,0.0,0.0,-100.0,-1.11,10.48,2026-02-09 21:29:15,True,Texas,
Vampire Academy (A Graphic Novel),2023-10-01,0.0,1.11,0.0,100.0,0.0,0.0,inf,1.11,10.48,2026-02-09 21:29:42,True,Florida,
Understanding Sexual Orientation and Gender Identity,2023-06-01,1.11,0.0,100.0,0.0,0.0,0.0,-100.0,-1.11,10.48,2026-02-09 21:30:08,True,Florida,
The Immortal Life of Henrietta Lacks,2023-11-01,38.72,24.84,100.0,100.0,0.0,0.0,-35.84,-13.88,33.23,2026-02-09 21:30:33,True,Florida,
We Are Not From Here,2023-06-01,52.5,23.81,100.0,100.0,0.0,0.0,-54.65,-28.69,37.07,2026-02-09 21:30:59,True,Florida,
The God Box,2023-06-01,15.92,7.82,100.0,100.0,0.0,0.0,-50.87,-8.1,24.96,2026-02-09 21:31:26,True,Florida,
Between Mom and Jo,2021-12-01,0.0,0.0,0.0,0.0,0.0,0.0,0.0,0.0,0.0,2026-02-09 21:31:52,True,Texas,
Understanding Gender,2021-12-01,3.36,7.44,100.0,100.0,0.0,0.0,121.85,4.09,18.56,2026-02-09 21:32:18,True,Texas,
Afterworlds (Afterworlds Series),2021-12-01,0.0,0.0,0.0,0.0,0.0,0.0,0.0,0.0,0.0,2026-02-09 21:32:44,True,Texas,
"Today, Tonight, Tomorrow",2023-08-01,2.09,0.0,100.0,0.0,0.0,0.0,-100.0,-2.09,13.88,2026-02-09 21:33:09,True,Florida,
The Hidden Witch,2023-09-01,0.0,1.11,0.0,100.0,0.0,0.0,inf,1.11,10.48,2026-02-09 21:33:35,True,Florida,
The Help,2023-08-01,53.06,67.19,100.0,100.0,36.0,35.0,26.64,14.13,20.94,2026-02-09 21:34:03,True,Florida,
"Tomorrow, When the War Began",2023-10-01,0.0,0.0,0.0,0.0,0.0,0.0,0.0,0.0,0.0,2026-02-09 21:34:29,True,Florida,
The Hit,2024-06-01,43.37,72.72,100.0,100.0,33.0,59.0,67.69,29.36,17.34,2026-02-09 21:34:55,True,Florida,
Tweak: Growing Up on Methamphetamines,2024-04-01,0.0,0.0,0.0,0.0,0.0,0.0,0.0,0.0,0.0,2026-02-09 21:35:21,True,Florida,
Alice the Fairy,2024-10-01,0.0,1.11,0.0,100.0,0.0,0.0,inf,1.11,10.48,2026-02-09 21:35:47,True,Tennessee,
V for Vendetta,2021-09-01,66.33,11.86,100.0,100.0,32.0,4.0,-82.13,-54.48,30.5,2026-02-09 21:36:13,True,Texas,
Tilt (AC),2023-10-01,0.0,0.0,0.0,0.0,0.0,0.0,0.0,0.0,0.0,2026-02-09 21:36:40,True,Iowa,
Being Transgender,2023-06-01,45.79,20.78,100.0,100.0,0.0,0.0,-54.62,-25.01,32.71,2026-02-09 21:37:05,True,Florida,
All the Invisible Things,2022-02-01,1.11,0.0,100.0,0.0,0.0,0.0,-100.0,-1.11,10.48,2026-02-09 21:37:31,True,Tennessee,
After We Collided,2023-08-01,35.17,32.38,100.0,100.0,0.0,16.0,-7.93,-2.79,13.82,2026-02-09 21:37:58,True,Florida,
We Know It Was You,2023-08-01,41.54,50.6,100.0,100.0,0.0,0.0,21.8,9.06,24.11,2026-02-09 21:38:24,True,Texas,
Blazed,2024-06-01,27.94,22.77,100.0,100.0,0.0,0.0,-18.53,-5.18,25.3,2026-02-09 21:38:50,True,Iowa,
We Are Okay,2022-02-01,8.87,40.58,100.0,100.0,0.0,0.0,357.64,31.71,33.59,2026-02-09 21:39:16,True,Tennessee,
The Gift (DS),2023-10-01,0.0,1.11,0.0,100.0,0.0,0.0,inf,1.11,10.48,2026-02-09 21:39:42,True,Florida,
Before,2023-08-01,85.79,83.38,100.0,100.0,78.0,65.0,-2.81,-2.41,6.27,2026-02-09 21:40:08,True,Florida,
The Handsome Girl & Her Beautiful Boy,2021-11-01,1.11,1.11,100.0,100.0,0.0,0.0,0.0,0.0,10.48,2026-02-09 21:40:34,True,Texas,
Thousand Words,2023-08-01,50.0,46.5,100.0,100.0,0.0,0.0,-7.0,-3.5,17.21,2026-02-09 21:41:00,True,Florida,
"Black Brother, Black Brother",2022-09-01,0.0,0.0,0.0,0.0,0.0,0.0,0.0,0.0,0.0,2026-02-09 21:41:27,True,Florida,
The Fault in our Stars,2023-08-01,63.66,54.96,100.0,100.0,42.0,33.0,-13.67,-8.7,12.85,2026-02-09 21:41:54,True,Iowa,
"Always and Forever, Lara Jean",2022-10-01,0.0,0.0,0.0,0.0,0.0,0.0,0.0,0.0,0.0,2026-02-09 21:42:20,True,Texas,
The Lesbiana's Guide to Catholic School,2024-03-01,0.0,0.0,0.0,0.0,0.0,0.0,0.0,0.0,0.0,2026-02-09 21:42:47,True,Montana,
The First to Die at the End,2024-11-01,2.19,1.11,100.0,100.0,0.0,0.0,-49.24,-1.08,12.68,2026-02-09 21:43:13,True,Florida,
The Bachman Books,2024-06-01,0.0,0.0,0.0,0.0,0.0,0.0,0.0,0.0,0.0,2026-02-09 21:43:40,True,Florida,
A High Five for Glenn Burke,2023-10-01,0.0,1.11,0.0,100.0,0.0,0.0,inf,1.11,10.48,2026-02-09 21:44:06,True,Iowa,
Stolen,2022-10-01,61.37,82.98,100.0,100.0,53.0,68.0,35.22,21.61,12.31,2026-02-09 21:44:33,True,Texas,
The Treatment,2022-10-01,74.24,67.03,100.0,100.0,55.0,27.0,-9.71,-7.21,13.75,2026-02-09 21:45:01,True,Texas,
Stonewall: Breaking Out in the Fight for Gay Rights,2023-06-01,0.0,0.0,0.0,0.0,0.0,0.0,0.0,0.0,0.0,2026-02-09 21:45:27,True,Florida,
Swagger,2023-08-01,54.51,36.87,100.0,100.0,21.0,18.0,-32.37,-17.64,20.4,2026-02-09 21:45:54,True,Florida,
Autonomous,2024-11-01,61.66,47.31,100.0,100.0,33.0,22.0,-23.27,-14.34,15.58,2026-02-09 21:49:52,True,Florida,
The 5th Wave,2023-11-01,42.17,25.64,100.0,100.0,0.0,0.0,-39.18,-16.52,22.57,2026-02-09 21:50:18,True,Wisconsin,
A Home for Goddesses and Dogs,2021-12-01,0.0,0.0,0.0,0.0,0.0,0.0,0.0,0.0,0.0,2026-02-09 21:50:45,True,Texas,
The Big Bad Wolf,2023-08-01,21.58,30.58,100.0,100.0,0.0,0.0,41.71,9.0,31.12,2026-02-09 21:51:11,True,Florida,
The Beautiful,2023-03-01,69.94,82.41,100.0,100.0,55.0,66.0,17.82,12.47,8.72,2026-02-09 21:51:39,True,Texas,
The Remedy,2022-10-01,81.32,81.42,100.0,100.0,63.0,60.0,0.12,0.1,8.99,2026-02-09 21:52:06,True,Texas,
Telling,2023-07-01,79.11,78.87,100.0,100.0,63.0,66.0,-0.31,-0.24,9.03,2026-02-09 21:52:33,True,Florida,
The Rescue,2023-08-01,46.61,66.94,100.0,100.0,35.0,46.0,43.62,20.33,12.91,2026-02-09 21:53:00,True,Florida,
"10,000 Dresses",2022-01-01,0.0,0.0,0.0,0.0,0.0,0.0,0.0,0.0,0.0,2026-02-09 21:53:26,True,Florida,
Teenage Sex and Pregnancy,2021-12-01,0.0,0.0,0.0,0.0,0.0,0.0,0.0,0.0,0.0,2026-02-09 21:53:58,True,Texas,
A Family Is a Family Is a Family,2022-01-01,75.11,72.79,100.0,100.0,48.0,44.0,-3.09,-2.32,14.22,2026-02-09 21:54:26,True,Florida,
The Real Riley Mayes,2023-10-01,0.0,1.11,0.0,100.0,0.0,0.0,inf,1.11,10.48,2026-02-09 21:54:52,True,Iowa,
Tar Baby,2022-10-01,16.2,26.67,100.0,100.0,0.0,0.0,64.61,10.47,29.33,2026-02-09 21:55:19,True,Virginia,
The Summer Prince,2023-10-01,1.11,1.11,100.0,100.0,0.0,0.0,0.0,0.0,10.48,2026-02-09 21:55:45,True,Florida,
Wishtree,2021-11-01,0.0,1.11,0.0,100.0,0.0,0.0,inf,1.11,10.48,2026-02-09 21:56:11,True,Florida,
Winter's Bone,2023-09-01,10.16,13.29,100.0,100.0,0.0,0.0,30.85,3.13,23.63,2026-02-09 21:56:37,True,Florida,
99 Days,2023-08-01,24.34,22.72,100.0,100.0,0.0,0.0,-6.66,-1.62,27.16,2026-02-09 21:57:03,True,Florida,
Are These My Basoomas I See Before Me: Fab Final Confessions of Georgia Nicolson,2024-06-01,1.11,0.0,100.0,0.0,0.0,0.0,-100.0,-1.11,10.48,2026-02-09 21:57:29,True,Iowa,
The Beauty of Darkness,2022-10-01,1.11,0.0,100.0,0.0,0.0,0.0,-100.0,-1.11,10.48,2026-02-09 21:57:56,True,Texas,
Summer and the City,2023-12-01,35.31,30.03,100.0,100.0,0.0,0.0,-14.95,-5.28,30.85,2026-02-09 21:58:22,True,Florida,
Boys I Know,2023-10-01,25.39,39.62,100.0,100.0,0.0,0.0,56.06,14.23,33.35,2026-02-09 21:58:48,True,Iowa,
Antiracist Baby,2022-07-01,5.51,0.0,100.0,0.0,0.0,0.0,-100.0,-5.51,17.53,2026-02-09 21:59:15,True,Florida,
Wild: From Lost to Found on the Pacific Coast,2023-02-01,0.0,0.0,0.0,0.0,0.0,0.0,0.0,0.0,0.0,2026-02-09 21:59:41,True,Pennsylvania,
Spontaneous,2023-08-01,67.31,73.66,100.0,100.0,52.0,41.0,9.43,6.34,14.35,2026-02-09 22:00:07,True,Florida,
The Things They Carried,2021-11-01,47.16,39.19,100.0,100.0,0.0,0.0,-16.89,-7.97,26.19,2026-02-09 22:00:33,True,Florida,
"Assassination Classroom, Vol. 19",2023-03-01,0.0,0.0,0.0,0.0,0.0,0.0,0.0,0.0,0.0,2026-02-09 22:01:00,True,Florida,
"Assassination Classroom, Vol. 21",2023-03-01,0.0,0.0,0.0,0.0,0.0,0.0,0.0,0.0,0.0,2026-02-09 22:04:49,True,Florida,
The Sea of Tranquility,2024-04-01,2.34,0.0,100.0,0.0,0.0,0.0,-100.0,-2.34,13.24,2026-02-09 22:05:16,True,Florida,
Julián at the Wedding,2023-04-01,0.0,0.0,0.0,0.0,0.0,0.0,0.0,0.0,0.0,2026-02-09 22:05:42,True,Florida,
Flawed,2022-09-01,62.39,55.48,100.0,100.0,33.0,22.0,-11.08,-6.91,14.34,2026-02-09 22:06:09,True,Missouri,
Lulu and Milagro's Search for Clarity,2024-03-01,0.0,0.0,0.0,0.0,0.0,0.0,0.0,0.0,0.0,2026-02-09 22:06:35,True,Florida,
Fallout (Crank Series),2022-03-01,1.11,1.11,100.0,100.0,0.0,0.0,0.0,0.0,10.48,2026-02-09 22:07:01,True,Texas,
All We Can Do Is Wait,2021-12-01,0.0,0.0,0.0,0.0,0.0,0.0,0.0,0.0,0.0,2026-02-09 22:07:27,True,Texas,
Falling Hard: 100 Love Poems by Teenagers,2024-06-01,0.0,0.0,0.0,0.0,0.0,0.0,0.0,0.0,0.0,2026-02-09 22:07:53,True,Iowa,
Art That Changed the World: Transformative Art Movements and the Paintings That Inspired Them,2024-08-01,0.0,0.0,0.0,0.0,0.0,0.0,0.0,0.0,0.0,2026-02-09 22:08:19,True,Tennessee,
Living Proud! Coming Out and Seeking Support (Living Proud! Growing Up Lgbtq),2021-11-01,1.11,0.0,100.0,0.0,0.0,0.0,-100.0,-1.11,10.48,2026-02-09 22:08:45,True,Tennessee,
Living Dead in Dallas,2024-02-01,1.11,0.0,100.0,0.0,0.0,0.0,-100.0,-1.11,10.48,2026-02-09 22:09:11,True,Florida,
"All the Days Past, All the Days to Come",2023-08-01,0.0,0.0,0.0,0.0,0.0,0.0,0.0,0.0,0.0,2026-02-09 22:09:37,True,Florida,
Field Notes on Love,2023-03-01,0.0,0.0,0.0,0.0,0.0,0.0,0.0,0.0,0.0,2026-02-09 22:10:03,True,Texas,
All-American Girl,2023-08-01,1.11,1.11,100.0,100.0,0.0,0.0,0.0,0.0,10.48,2026-02-09 22:10:29,True,Florida,
All the Truth That's In Me,2023-08-01,1.11,1.11,100.0,100.0,0.0,0.0,0.0,0.0,10.48,2026-02-09 22:10:55,True,Florida,
Five Dark Fates,2023-08-01,0.0,1.11,0.0,100.0,0.0,0.0,inf,1.11,10.48,2026-02-09 22:11:21,True,Florida,
The Summer of Owen Todd,2023-08-01,0.0,0.0,0.0,0.0,0.0,0.0,0.0,0.0,0.0,2026-02-09 22:11:47,True,Florida,
Tiger Honor,2024-06-01,0.0,1.11,0.0,100.0,0.0,0.0,inf,1.11,10.48,2026-02-09 22:12:13,True,Iowa,
All for One,2023-08-01,50.49,57.89,100.0,100.0,30.0,19.0,14.66,7.4,21.08,2026-02-09 22:12:41,True,Florida,
Firestarter (Timekeeper Series),2021-12-01,0.0,0.0,0.0,0.0,0.0,0.0,0.0,0.0,0.0,2026-02-09 22:13:07,True,Texas,
Transgender Rights and Protections,2021-11-01,1.11,0.0,100.0,0.0,0.0,0.0,-100.0,-1.11,10.48,2026-02-09 22:13:33,True,Texas,
Living with Religion and Faith,2021-12-01,0.0,0.0,0.0,0.0,0.0,0.0,0.0,0.0,0.0,2026-02-09 22:13:59,True,Texas,
Eona: The Last Dragoneye,2023-10-01,0.0,0.0,0.0,0.0,0.0,0.0,0.0,0.0,0.0,2026-02-09 22:14:25,True,Florida,
Annie on My Mind,2021-12-01,1.11,0.0,100.0,0.0,0.0,0.0,-100.0,-1.11,10.48,2026-02-09 22:14:51,True,Texas,
"Jojo's Bizarre Adventure: Part 1 - Phantom Blood, Vol. 2",2022-10-01,0.0,0.0,0.0,0.0,0.0,0.0,0.0,0.0,0.0,2026-02-09 22:15:17,True,Texas,
Little Brother,2023-08-01,29.06,73.51,100.0,100.0,20.0,58.0,153.0,44.46,24.41,2026-02-09 22:15:44,True,Florida,
Tradition,2023-08-01,74.76,66.94,100.0,100.0,60.0,45.0,-10.45,-7.81,12.03,2026-02-09 22:17:06,True,Florida,
As the Crow Flies,2023-07-01,38.68,32.57,100.0,100.0,0.0,0.0,-15.8,-6.11,32.71,2026-02-09 22:18:52,True,Florida,
As She Fades,2024-10-01,0.0,0.0,0.0,0.0,0.0,0.0,0.0,0.0,0.0,2026-02-09 22:19:18,True,Tennessee,
Jacob's Room to Choose,2021-12-01,1.11,0.0,100.0,0.0,0.0,0.0,-100.0,-1.11,10.48,2026-02-09 22:36:38,True,Texas,
Traffick (Tricks Series),2021-11-01,0.0,1.11,0.0,100.0,0.0,0.0,inf,1.11,10.48,2026-02-09 22:37:05,True,Texas,
Jekel Loves Hyde,2023-08-01,0.0,0.0,0.0,0.0,0.0,0.0,0.0,0.0,0.0,2026-02-09 22:37:31,True,Florida,
Little Blog on the Prairie,2022-11-01,1.11,1.11,100.0,100.0,0.0,0.0,0.0,0.0,10.48,2026-02-09 22:54:04,True,Texas,
Tiny Pretty Things,2023-08-01,17.63,14.38,100.0,100.0,0.0,0.0,-18.46,-3.26,30.71,2026-02-09 22:54:30,True,Florida,
Anna and the Swallow Man,2023-08-01,0.0,0.0,0.0,0.0,0.0,0.0,0.0,0.0,0.0,2026-02-09 22:59:54,True,Florida,
Althea and Oliver,2023-10-01,0.0,1.11,0.0,100.0,0.0,0.0,inf,1.11,10.48,2026-02-09 23:00:20,True,Florida,
Altered,2023-08-01,77.92,83.37,100.0,100.0,61.0,67.0,6.99,5.44,8.82,2026-02-09 23:00:46,True,Florida,
Jinx,2023-08-01,64.34,56.49,100.0,100.0,46.0,38.0,-12.21,-7.86,13.16,2026-02-09 23:01:12,True,Florida,
Jane Steele,2023-11-01,1.11,2.12,100.0,100.0,0.0,0.0,91.0,1.01,12.43,2026-02-09 23:01:38,True,Florida,
Little Peach,2023-08-01,40.34,33.13,100.0,100.0,0.0,0.0,-17.87,-7.21,27.33,2026-02-09 23:02:04,True,Florida,
Anne Frank: The Anne Frank House Authorized Graphic Biography,2023-08-01,0.0,0.0,0.0,0.0,0.0,0.0,0.0,0.0,0.0,2026-02-09 23:02:30,True,Florida,
Jaya and Rasa: A Love Story,2021-12-01,1.11,0.0,100.0,0.0,0.0,0.0,-100.0,-1.11,10.48,2026-02-09 23:02:56,True,Texas,
Esperanza Rising,2022-01-01,37.12,38.67,100.0,100.0,0.0,0.0,4.16,1.54,25.32,2026-02-09 23:03:22,True,Texas,
Let's Go Swimming on Doomsday,2023-08-01,0.0,0.0,0.0,0.0,0.0,0.0,0.0,0.0,0.0,2026-02-09 23:03:48,True,Florida,
The Tyrant's Daughter,2023-08-01,0.0,0.0,0.0,0.0,0.0,0.0,0.0,0.0,0.0,2026-02-09 23:04:14,True,Florida,
"Fairy Tail (Series, Title Not Specified)",2024-09-01,0.0,0.0,0.0,0.0,0.0,0.0,0.0,0.0,0.0,2026-02-09 23:04:40,True,Pennsylvania,
The Ten Things We Did (and Probably Shouldn't Have),2023-08-01,1.11,0.0,100.0,0.0,0.0,0.0,-100.0,-1.11,10.48,2026-02-09 23:05:06,True,Florida,
Angel,2023-02-01,80.18,48.71,100.0,100.0,67.0,39.0,-39.25,-31.47,17.51,2026-02-09 23:05:33,True,Florida,
Lies You Never Told Me,2023-10-01,0.0,1.11,0.0,100.0,0.0,0.0,inf,1.11,10.48,2026-02-09 23:05:59,True,Florida,
Anna Karenina,2023-10-01,59.48,60.03,100.0,100.0,24.0,37.0,0.93,0.56,14.39,2026-02-09 23:06:25,True,Florida,
The Truth About Sexual Behavior and Unplanned Pregnancy,2023-02-01,0.0,0.0,0.0,0.0,0.0,0.0,0.0,0.0,0.0,2026-02-09 23:11:49,True,Pennsylvania,
Life in Ancient Egypt,2025-02-01,23.68,7.02,100.0,100.0,0.0,0.0,-70.34,-16.66,30.93,2026-02-09 23:12:16,True,Tennessee,
Tithe,2023-08-01,57.33,59.16,100.0,100.0,37.0,38.0,3.18,1.82,13.67,2026-02-09 23:17:40,True,Florida,
LGBTQ Discrimination in America,2024-08-01,0.0,0.0,0.0,0.0,0.0,0.0,0.0,0.0,0.0,2026-02-09 23:18:06,True,Texas,
Kingdom of the Wicked,2022-09-01,20.49,34.33,100.0,100.0,0.0,0.0,67.57,13.84,28.83,2026-02-09 23:22:45,True,Missouri,
Late to the Party,2021-12-01,26.58,27.08,100.0,100.0,0.0,0.0,1.88,0.5,31.46,2026-02-09 23:23:11,True,Texas,
Like Water,2022-01-01,86.09,73.29,100.0,100.0,69.0,59.0,-14.87,-12.8,9.56,2026-02-09 23:28:35,True,Texas,
Lightlark,2023-08-01,9.16,14.29,100.0,100.0,0.0,0.0,56.07,5.13,25.08,2026-02-09 23:29:01,True,Florida,
Learning to Swim: a memoir,2023-08-01,0.0,0.0,0.0,0.0,0.0,0.0,0.0,0.0,0.0,2026-02-09 23:43:00,True,Florida,
"The Walking Dead: A Continuing Story of Survival Horror, Book 10",2022-09-01,0.0,0.0,0.0,0.0,0.0,0.0,0.0,0.0,0.0,2026-02-09 23:43:27,True,Missouri,
"Annie's Baby: The Diary of Anonymous, a Pregnant Teenager",2023-10-01,0.0,0.0,0.0,0.0,0.0,0.0,0.0,0.0,0.0,2026-02-10 00:00:19,True,Florida,
The Truth and Lies of Ella Black,2023-08-01,1.11,2.0,100.0,100.0,0.0,0.0,80.0,0.89,12.01,2026-02-10 00:00:47,True,Florida,
"The Vampire Diaries (Series, Title Not Specified)",2023-08-01,1.11,0.0,100.0,0.0,0.0,0.0,-100.0,-1.11,10.48,2026-02-10 00:01:36,True,Florida,
Lifeblood,2023-03-01,27.87,13.42,100.0,100.0,0.0,0.0,-51.83,-14.44,30.09,2026-02-10 00:02:02,True,Texas,
The Truth of Right Now,2023-08-01,3.16,0.0,100.0,0.0,0.0,0.0,-100.0,-3.16,17.02,2026-02-10 00:17:06,True,Florida,
Learning to Breathe,2024-03-01,0.0,0.0,0.0,0.0,0.0,0.0,0.0,0.0,0.0,2026-02-10 00:32:39,True,Florida,
"The Talk: Conversations about Race, Love and Truth",2022-07-01,0.0,1.11,0.0,100.0,0.0,0.0,inf,1.11,10.48,2026-02-10 00:33:06,True,Florida,
Every Breath,2024-06-01,70.68,61.72,100.0,100.0,44.0,40.0,-12.67,-8.96,13.26,2026-02-10 00:49:23,True,Iowa,
This is Where it Ends,2025-06-01,31.92,5.93,100.0,100.0,0.0,0.0,-81.41,-25.99,27.58,2026-02-10 00:49:49,True,Florida,
Kin,2023-08-01,49.24,83.5,100.0,100.0,39.0,72.0,69.56,34.26,18.53,2026-02-10 01:05:27,True,Florida,
Archenemies,2023-08-01,0.0,1.11,0.0,100.0,0.0,0.0,inf,1.11,10.48,2026-02-10 01:05:54,True,Florida,
Killer,2023-08-01,42.13,59.62,100.0,100.0,32.0,42.0,41.51,17.49,13.72,2026-02-10 01:06:21,True,Florida,
Fade (Wake Series),2022-03-01,0.0,3.04,0.0,100.0,0.0,0.0,inf,3.04,16.44,2026-02-10 01:21:59,True,Texas,
Fairest: Levana's Story,2023-08-01,0.0,0.0,0.0,0.0,0.0,0.0,0.0,0.0,0.0,2026-02-10 01:22:25,True,Florida,
Extra Credit,2022-01-01,51.78,74.17,100.0,100.0,30.0,45.0,43.24,22.39,16.2,2026-02-10 01:38:08,True,Florida,
The Stolen Heir,2023-08-01,1.97,4.5,100.0,100.0,0.0,0.0,128.81,2.53,16.22,2026-02-10 01:54:03,True,Florida,
All the Pretty Things,2023-08-01,2.07,2.92,100.0,100.0,0.0,0.0,41.4,0.86,14.83,2026-02-10 01:54:29,True,Florida,
Fault Line,2023-08-01,52.71,37.51,100.0,100.0,27.0,15.0,-28.84,-15.2,15.5,2026-02-10 02:12:10,True,Florida,
Just Ash,2022-02-01,1.11,2.57,100.0,100.0,0.0,0.0,131.0,1.46,11.9,2026-02-10 02:12:37,True,Tennessee,
The State of Us,2023-08-01,41.91,60.72,100.0,100.0,22.0,21.0,44.88,18.81,22.43,2026-02-10 02:13:03,True,Georgia,
The Witches (Graphic Novel Verson),2023-07-01,1.11,0.0,100.0,0.0,0.0,0.0,-100.0,-1.11,10.48,2026-02-10 02:29:42,True,Florida,
Everything You Love Will Burn: Inside the Rebirth of White Nationalism in America,2021-12-01,1.11,0.0,100.0,0.0,0.0,0.0,-100.0,-1.11,10.48,2026-02-10 02:30:08,True,Texas,
And Still I Rise,2021-12-01,1.11,6.5,100.0,100.0,0.0,0.0,485.0,5.39,14.68,2026-02-10 02:45:35,True,Texas,
La carta de Ivy Aberdeen al mundo/Ivy Aberdeen's Letter to the World,2021-12-01,1.11,0.0,100.0,0.0,0.0,0.0,-100.0,-1.11,10.48,2026-02-10 03:01:28,True,Texas,
Ancient Roman Art and Architecture,2024-08-01,0.0,2.09,0.0,100.0,0.0,0.0,inf,2.09,13.88,2026-02-10 03:01:55,True,Tennessee,
Far from You,2021-12-01,86.22,69.67,100.0,100.0,69.0,48.0,-19.2,-16.56,12.91,2026-02-10 03:18:48,True,Texas,
The Wedding,2024-06-01,77.86,76.11,100.0,100.0,66.0,65.0,-2.24,-1.74,7.69,2026-02-10 03:19:16,True,Florida,
This is Why They Hate Us,2024-08-01,0.0,0.0,0.0,0.0,0.0,0.0,0.0,0.0,0.0,2026-02-10 03:35:15,True,Tennessee,
Anansi Boys,2022-10-01,1.11,0.0,100.0,0.0,0.0,0.0,-100.0,-1.11,10.48,2026-02-10 03:35:41,True,Texas,
Fan Art,2021-12-01,79.24,81.68,100.0,100.0,63.0,55.0,3.07,2.43,9.39,2026-02-10 03:51:58,True,Texas,
Keys to the Repository,2023-08-01,0.0,0.0,0.0,0.0,0.0,0.0,0.0,0.0,0.0,2026-02-10 04:09:42,True,Florida,
This Is Our Story,2023-08-01,35.19,38.66,100.0,100.0,0.0,0.0,9.85,3.47,30.09,2026-02-10 04:10:08,True,Florida,
Kalona's Fall,2023-08-01,0.0,0.0,0.0,0.0,0.0,0.0,0.0,0.0,0.0,2026-02-10 04:10:34,True,Florida,
This Would Make a Good Story Someday,2023-05-01,0.0,1.11,0.0,100.0,0.0,0.0,inf,1.11,10.48,2026-02-10 04:14:48,True,Florida,
An Echo in the Bone,2023-08-01,1.11,0.0,100.0,0.0,0.0,0.0,-100.0,-1.11,10.48,2026-02-10 04:15:14,True,Florida,
A Pocket Dictionary of Greek and Roman Gods and Goddesses,2024-08-01,0.0,0.0,0.0,0.0,0.0,0.0,0.0,0.0,0.0,2026-02-10 04:33:16,True,Tennessee,
His Hideous Heart: Thirteen of Edgar Allan Poe's Most Unsettling Tales Reimagined,2023-08-01,1.11,0.0,100.0,0.0,0.0,0.0,-100.0,-1.11,10.48,2026-02-10 04:50:03,True,Florida,
Girl Gone Viral,2023-08-01,0.0,0.0,0.0,0.0,0.0,0.0,0.0,0.0,0.0,2026-02-10 05:06:32,True,Florida,
Heaven,2023-08-01,48.36,74.54,100.0,100.0,40.0,64.0,54.16,26.19,15.45,2026-02-10 05:06:59,True,Florida,
Helen of Troy,2023-08-01,42.26,46.36,100.0,100.0,0.0,0.0,9.7,4.1,14.29,2026-02-10 05:24:48,True,Florida,
Help for the Haunted Heroine,2023-11-01,0.0,0.0,0.0,0.0,0.0,0.0,0.0,0.0,0.0,2026-02-10 05:25:15,True,Wisconsin,
When You Get the Chance,2022-02-01,6.74,16.31,100.0,100.0,0.0,0.0,141.85,9.57,25.71,2026-02-10 05:41:14,True,Tennessee,
Girl Crushed,2021-12-01,0.0,1.11,0.0,100.0,0.0,0.0,inf,1.11,10.48,2026-02-10 05:41:40,True,Texas,
Hell Followed With Us,2024-08-01,0.0,2.0,0.0,100.0,0.0,0.0,inf,2.0,13.35,2026-02-10 05:57:12,True,Tennessee,
Girls Like Us (2019),2021-11-01,1.11,0.0,100.0,0.0,0.0,0.0,-100.0,-1.11,10.48,2026-02-10 06:13:29,True,Florida,
Girls In Pants: The Third Summer Of The Sisterhood,2024-06-01,0.0,0.0,0.0,0.0,0.0,0.0,0.0,0.0,0.0,2026-02-10 06:13:56,True,Florida,
Girls of Storm and Shadow,2024-06-01,0.0,0.0,0.0,0.0,0.0,0.0,0.0,0.0,0.0,2026-02-10 06:14:22,True,Texas,
Willow,2023-10-01,81.59,87.02,100.0,100.0,71.0,76.0,6.66,5.43,5.85,2026-02-10 06:15:51,True,Florida,
Wilder,2023-12-01,61.02,14.63,100.0,100.0,49.0,9.0,-76.02,-46.39,25.56,2026-02-10 06:16:17,True,Florida,
A Court of Silver Flames,2023-10-01,37.42,37.03,100.0,100.0,0.0,0.0,-1.04,-0.39,15.32,2026-02-10 06:28:59,True,Texas,
Wings (DS),2023-03-01,0.0,1.11,0.0,100.0,0.0,0.0,inf,1.11,10.48,2026-02-10 06:44:36,True,Florida,
When Mr. Dog Bites,2023-08-01,0.0,1.11,0.0,100.0,0.0,0.0,inf,1.11,10.48,2026-02-10 06:45:02,True,Florida,
A Reaper at the Gates,2023-03-01,0.0,0.0,0.0,0.0,0.0,0.0,0.0,0.0,0.0,2026-02-10 07:02:06,True,Texas,
What Happened to Lani Garver,2021-12-01,0.0,1.11,0.0,100.0,0.0,0.0,inf,1.11,10.48,2026-02-10 07:02:33,True,Texas,
A Spark of Light,2024-06-01,1.11,0.0,100.0,0.0,0.0,0.0,-100.0,-1.11,10.48,2026-02-10 07:03:54,True,Florida,
What They Always Tell Us,2021-12-01,1.11,0.0,100.0,0.0,0.0,0.0,-100.0,-1.11,10.48,2026-02-10 07:04:21,True,Texas,
A Million Junes,2023-08-01,0.0,0.0,0.0,0.0,0.0,0.0,0.0,0.0,0.0,2026-02-10 07:04:54,True,Florida,
"Fullmetal Alchemist (Series, Title Not Specified)",2024-06-01,0.0,0.0,0.0,0.0,0.0,0.0,0.0,0.0,0.0,2026-02-10 07:05:20,True,Texas,
When Aidan Became A Brother,2022-01-01,1.11,0.0,100.0,0.0,0.0,0.0,-100.0,-1.11,10.48,2026-02-10 07:09:14,True,Virginia,
What I Saw And How I Lied,2024-10-01,1.11,0.0,100.0,0.0,0.0,0.0,-100.0,-1.11,10.48,2026-02-10 07:09:40,True,Florida,
House of Night: Legacy,2024-03-01,0.0,0.0,0.0,0.0,0.0,0.0,0.0,0.0,0.0,2026-02-10 07:16:57,True,Iowa,
Where the Stars Still Shine,2023-08-01,0.0,0.0,0.0,0.0,0.0,0.0,0.0,0.0,0.0,2026-02-10 07:32:25,True,Florida,
Gender Identity: The Ultimate Teen Guide,2021-12-01,0.0,0.0,0.0,0.0,0.0,0.0,0.0,0.0,0.0,2026-02-10 07:32:52,True,Texas,
Genuine Fraud,2023-08-01,1.11,0.0,100.0,0.0,0.0,0.0,-100.0,-1.11,10.48,2026-02-10 07:39:24,True,Florida,
Horde,2022-09-01,54.28,68.03,100.0,100.0,42.0,50.0,25.34,13.76,11.47,2026-02-10 07:39:51,True,Missouri,
Who I Was with Her,2021-12-01,,,,,,,,,,2026-02-10 07:51:02,False,Texas,"HTTPSConnectionPool(host='trends.google.com', port=443): Max retries exceeded with url: /trends/api/"
White Space,2023-08-01,67.54,72.9,100.0,100.0,42.0,45.0,7.93,5.36,12.94,2026-02-10 07:52:19,True,Florida,
A Sitting in St. James,2023-06-01,0.0,0.0,0.0,0.0,0.0,0.0,0.0,0.0,0.0,2026-02-10 08:17:46,True,Florida,
Greek and Roman Mythology A to Z: A Young Reader's Compansion,2025-02-01,1.11,1.11,100.0,100.0,0.0,0.0,0.0,0.0,10.48,2026-02-10 08:41:28,True,Tennessee,
You Don't Live Here,2023-10-01,1.11,0.0,100.0,0.0,0.0,0.0,-100.0,-1.11,10.48,2026-02-10 08:41:56,True,Kentucky,
13 Minutes,2023-08-01,65.8,38.19,100.0,100.0,36.0,21.0,-41.96,-27.61,18.37,2026-02-10 08:42:25,True,Florida,
101 Questions About Reproduction: Or How 1 + 1 = 3 or 4 or More,2021-12-01,6.24,13.34,100.0,100.0,0.0,0.0,113.7,7.1,21.95,2026-02-10 08:42:52,True,Texas,
Hani and Ishu's Guide to Fake Dating,2024-04-01,1.11,1.11,100.0,100.0,0.0,0.0,0.0,0.0,10.48,2026-02-10 08:43:19,True,Florida,
Zom-B: Gladiator,2023-03-01,0.0,0.0,0.0,0.0,0.0,0.0,0.0,0.0,0.0,2026-02-10 08:43:45,True,Texas,
ttyl (Internet Girls Series),2021-12-01,1.91,0.0,100.0,0.0,0.0,0.0,-100.0,-1.91,12.85,2026-02-10 08:44:12,True,Wisconsin,
Zenn Diagram,2023-08-01,0.0,0.0,0.0,0.0,0.0,0.0,0.0,0.0,0.0,2026-02-10 08:44:38,True,Florida,
9 Days and 9 Nights,2023-08-01,0.0,0.0,0.0,0.0,0.0,0.0,0.0,0.0,0.0,2026-02-10 08:45:05,True,Florida,
ttfn (Internet Girls Series),2021-12-01,0.0,0.0,0.0,0.0,0.0,0.0,0.0,0.0,0.0,2026-02-10 08:45:31,True,Wisconsin,
Girl with a Pearl Earring,2025-06-01,19.54,12.93,100.0,100.0,0.0,0.0,-33.83,-6.61,27.96,2026-02-10 08:45:59,True,Florida,
You're the One That I Want,2023-12-01,17.04,20.17,100.0,100.0,0.0,0.0,18.32,3.12,33.23,2026-02-10 08:46:25,True,Florida,
You Should See Me in a Crown,2022-02-01,6.1,10.73,100.0,100.0,0.0,0.0,75.96,4.63,23.57,2026-02-10 08:46:52,True,Tennessee,
Gravity (SD),2023-08-01,0.0,0.0,0.0,0.0,0.0,0.0,0.0,0.0,0.0,2026-02-10 08:47:19,True,Florida,
You and Me and Him,2022-01-01,57.1,68.4,100.0,100.0,0.0,32.0,19.79,11.3,15.45,2026-02-10 08:47:46,True,Texas,
You Know Me Well,2021-12-01,36.8,58.46,100.0,100.0,0.0,0.0,58.85,21.66,26.61,2026-02-10 08:48:12,True,Texas,
You Don't Have to Be Everything: Poems for Girls Becoming Themselves,2023-06-01,0.0,0.0,0.0,0.0,0.0,0.0,0.0,0.0,0.0,2026-02-10 08:48:40,True,Florida,
Gray's Anatomy: The Anatomical Basis of Medicine and Surgery,2025-02-01,0.0,0.0,0.0,0.0,0.0,0.0,0.0,0.0,0.0,2026-02-10 08:49:07,True,Tennessee,
9-Nov,2022-10-01,1.11,0.0,100.0,0.0,0.0,0.0,-100.0,-1.11,10.48,2026-02-10 08:49:35,True,Florida,
"Hearts, Strings, and Other Breakable Things",2023-10-01,0.0,0.0,0.0,0.0,0.0,0.0,0.0,0.0,0.0,2026-02-10 08:53:22,True,Iowa,
Hard Eight,2023-10-01,48.06,46.71,100.0,100.0,0.0,0.0,-2.8,-1.34,21.79,2026-02-10 08:53:49,True,Florida,
A Good Girl's Guide to Murder,2023-08-01,12.12,21.47,100.0,100.0,0.0,0.0,77.09,9.34,29.15,2026-02-10 08:54:16,True,Florida,
7 Days at the Hot Corner,2021-12-01,0.0,0.0,0.0,0.0,0.0,0.0,0.0,0.0,0.0,2026-02-10 08:54:43,True,Texas,
Who Was Harvey Milk?,2023-10-01,0.0,0.0,0.0,0.0,0.0,0.0,0.0,0.0,0.0,2026-02-10 08:55:10,True,Iowa,
Half Bad,2023-08-01,73.98,65.77,100.0,100.0,42.0,39.0,-11.1,-8.21,13.93,2026-02-10 08:55:37,True,Florida,
A Little Piece of Ground,2022-01-01,,,,,,,,,,2026-02-10 09:21:20,False,Florida,Retries exhausted
Why Comics?: From Underground to Everywhere,2022-08-01,,,,,,,,,,2026-02-10 10:34:00,False,Missouri,Retries exhausted
Zorro,2023-08-01,,,,,,,,,,2026-02-10 10:54:59,False,Florida,"HTTPSConnectionPool(host='trends.google.com', port=443): Max retries exceeded with url: /trends/api/"
Yes No Maybe So,2023-08-01,,,,,,,,,,2026-02-10 10:56:19,False,Florida,"HTTPSConnectionPool(host='trends.google.com', port=443): Max retries exceeded with url: /trends/api/"
Graceling (Graceling Realm Series),2021-11-01,,,,,,,,,,2026-02-10 13:02:30,False,Michigan,Retries exhausted
Witch and Wizard,2022-10-01,5.23,5.5,100.0,100.0,0.0,0.0,5.1,0.27,19.19,2026-02-10 13:50:35,True,Texas,
Golden Boy: Blue-eyed Boy or Girl Next Door,2023-07-01,2.2,0.0,100.0,0.0,0.0,0.0,-100.0,-2.2,14.59,2026-02-10 13:51:02,True,Texas,
Wrecked,2024-06-01,35.1,64.82,100.0,100.0,24.0,48.0,84.68,29.72,17.8,2026-02-10 13:51:28,True,Florida,
A Cave in the Clouds: A Young Woman's Escape from Isis,2023-10-01,0.0,0.0,0.0,0.0,0.0,0.0,0.0,0.0,0.0,2026-02-10 13:55:16,True,Iowa,
Wither,2023-06-01,75.77,73.94,100.0,100.0,56.0,53.0,-2.41,-1.82,10.51,2026-02-10 13:55:44,True,Florida,
A ​Court of Silver Flames (A Court of Thorns and Roses Series),2021-11-01,0.0,0.0,0.0,0.0,0.0,0.0,0.0,0.0,0.0,2026-02-10 13:56:10,True,Florida,
Abandon,2023-08-01,82.53,78.22,100.0,100.0,62.0,60.0,-5.22,-4.31,8.18,2026-02-10 13:56:39,True,Florida,
Waiting For You,2023-10-01,37.39,81.67,100.0,100.0,30.0,53.0,118.42,44.28,23.98,2026-02-10 13:57:06,True,Iowa,
Voyager,2023-08-01,63.04,47.36,100.0,100.0,55.0,37.0,-24.89,-15.69,10.56,2026-02-10 13:57:33,True,Florida,
Airhead,2023-08-01,70.07,75.23,100.0,100.0,52.0,44.0,7.37,5.17,10.89,2026-02-10 13:58:00,True,Florida,
If You Come Softly,2023-06-01,0.0,2.7,0.0,100.0,0.0,0.0,inf,2.7,14.75,2026-02-10 13:58:27,True,Florida,
"Age of Bronze, Vol. 2: Sacrie",2024-10-01,0.0,0.0,0.0,0.0,0.0,0.0,0.0,0.0,0.0,2026-02-10 13:58:53,True,Tennessee,
Alex As Well,2021-12-01,0.0,0.0,0.0,0.0,0.0,0.0,0.0,0.0,0.0,2026-02-10 13:59:20,True,Texas,
In the Time of the Butterflies,2023-08-01,17.64,29.62,100.0,100.0,0.0,0.0,67.88,11.98,31.74,2026-02-10 13:59:47,True,Florida,
"Vampire Knight (Series, Title Not Specified)",2024-06-01,0.0,0.0,0.0,0.0,0.0,0.0,0.0,0.0,0.0,2026-02-10 14:00:14,True,Texas,
Fly Away,2023-12-01,74.97,73.66,100.0,100.0,53.0,48.0,-1.75,-1.31,10.17,2026-02-10 14:00:42,True,Florida,
Violent Ends,2023-10-01,1.63,2.93,100.0,100.0,0.0,0.0,79.59,1.3,13.89,2026-02-10 14:01:10,True,Florida,
In Too Deep,2023-08-01,46.06,55.14,100.0,100.0,27.0,24.0,19.73,9.09,13.22,2026-02-10 14:01:37,True,Florida,
Victoria and the Rogue,2022-10-01,1.11,1.11,100.0,100.0,0.0,0.0,0.0,0.0,10.48,2026-02-10 14:02:04,True,Texas,
In the Belly of the Beast: Letters From Prison,2024-06-01,2.0,1.11,100.0,100.0,0.0,0.0,-44.44,-0.89,12.01,2026-02-10 14:02:31,True,Florida,
Vicious Spirits,2023-08-01,0.0,1.11,0.0,100.0,0.0,0.0,inf,1.11,10.48,2026-02-10 14:02:58,True,Florida,
In Darkness,2023-11-01,82.46,78.91,100.0,100.0,63.0,56.0,-4.3,-3.54,9.38,2026-02-10 14:03:25,True,Wisconsin,
Unwind,2023-11-01,74.36,67.56,100.0,100.0,41.0,27.0,-9.15,-6.8,14.98,2026-02-10 14:03:52,True,Florida,
All Eyes on Us,2021-12-01,3.84,3.62,100.0,100.0,0.0,0.0,-5.78,-0.22,16.77,2026-02-10 14:04:22,True,Texas,
All Eyes On Her,2023-10-01,26.76,37.27,100.0,100.0,0.0,0.0,39.29,10.51,31.09,2026-02-10 14:04:49,True,Florida,
"InuYasha (Series, Title not Specified)",2024-10-01,0.0,1.11,0.0,100.0,0.0,0.0,inf,1.11,10.48,2026-02-10 14:05:15,True,Tennessee,
"Unbroken: A World War II Story of Survival, Resilience, and Redemption",2023-08-01,0.0,1.11,0.0,100.0,0.0,0.0,inf,1.11,10.48,2026-02-10 14:05:42,True,Florida,
"Two Parties, One Tux, and a Very Short Film about The Grapes of Wrath",2021-12-01,2.1,0.0,100.0,0.0,0.0,0.0,-100.0,-2.1,13.95,2026-02-10 14:06:09,True,Texas,
Flirtin' With the Monster: Your Favorite Authors on Ellen Hopkins' Crank and Glass,2023-03-01,0.0,0.0,0.0,0.0,0.0,0.0,0.0,0.0,0.0,2026-02-10 14:06:36,True,Florida,
Isla and the Happily Ever After,2023-08-01,0.0,1.11,0.0,100.0,0.0,0.0,inf,1.11,10.48,2026-02-10 14:07:02,True,Florida,
Irreversible,2024-06-01,48.21,35.46,100.0,100.0,22.0,13.0,-26.46,-12.76,13.43,2026-02-10 14:07:29,True,Texas,
Insect (LM),2023-06-01,1.11,1.11,100.0,100.0,0.0,0.0,0.0,0.0,10.48,2026-02-10 14:07:55,True,Florida,
Ink Exchange,2023-10-01,1.11,0.0,100.0,0.0,0.0,0.0,-100.0,-1.11,10.48,2026-02-10 14:08:22,True,Florida,
Insurgent,2023-06-01,67.73,63.69,100.0,100.0,40.0,36.0,-5.97,-4.04,13.15,2026-02-10 14:08:48,True,Florida,
Flirtin' with the Monster: Your Favorite Authors on Ellen Hopkins' Crank and Glass,2025-06-01,1.11,0.0,100.0,0.0,0.0,0.0,-100.0,-1.11,10.48,2026-02-10 14:09:15,True,Florida,
Unicorns Are the Worst!,2023-10-01,0.0,0.0,0.0,0.0,0.0,0.0,0.0,0.0,0.0,2026-02-10 14:09:41,True,Florida,
Forever (MS),2023-08-01,0.0,0.0,0.0,0.0,0.0,0.0,0.0,0.0,0.0,2026-02-10 14:10:11,True,Florida,
Infinity Son,2022-10-01,1.11,0.0,100.0,0.0,0.0,0.0,-100.0,-1.11,10.48,2026-02-10 14:10:37,True,Florida,
I'll Be the One,2021-11-01,26.56,22.64,100.0,100.0,0.0,0.0,-14.73,-3.91,32.73,2026-02-10 14:11:04,True,Tennessee,
Front Desk,2023-06-01,82.03,80.14,100.0,100.0,50.0,53.0,-2.3,-1.89,11.19,2026-02-10 14:11:31,True,Florida,
"I Love You, Beth Cooper",2023-08-01,0.0,0.0,0.0,0.0,0.0,0.0,0.0,0.0,0.0,2026-02-10 14:11:57,True,Florida,
I Stop Somewhere,2024-04-01,0.0,1.11,0.0,100.0,0.0,0.0,inf,1.11,10.48,2026-02-10 14:12:23,True,Florida,
A Raisin in the Sun,2021-10-01,24.48,35.98,100.0,100.0,0.0,0.0,46.98,11.5,21.08,2026-02-10 14:12:50,True,Oklahoma,
"Hunter X Hunter (Series, Title Not Specified)",2024-10-01,0.0,0.0,0.0,0.0,0.0,0.0,0.0,0.0,0.0,2026-02-10 14:13:17,True,Tennessee,
Frozen,2023-08-01,71.82,75.33,100.0,100.0,58.0,61.0,4.89,3.51,9.33,2026-02-10 14:13:45,True,Florida,
How Prevalent Is Racism in Society?,2021-12-01,1.11,0.0,100.0,0.0,0.0,0.0,-100.0,-1.11,10.48,2026-02-10 14:14:12,True,Texas,
How Moon Fuentez Fell in Love with the Universe,2023-10-01,0.0,0.0,0.0,0.0,0.0,0.0,0.0,0.0,0.0,2026-02-10 14:14:39,True,Iowa,
Gender Identity (OG),2023-10-01,0.0,0.0,0.0,0.0,0.0,0.0,0.0,0.0,0.0,2026-02-10 14:15:05,True,Kentucky,
Gender Fulfilled: Being Transgender,2024-08-01,0.0,0.0,0.0,0.0,0.0,0.0,0.0,0.0,0.0,2026-02-10 14:15:33,True,Texas,
We Set the Dark on Fire,2023-08-01,0.0,1.11,0.0,100.0,0.0,0.0,inf,1.11,10.48,2026-02-10 14:16:00,True,Florida,
We Are Not Broken,2022-02-01,0.0,11.34,0.0,100.0,0.0,0.0,inf,11.34,29.19,2026-02-10 14:16:27,True,Tennessee,
A Thousand Pieces of You,2023-08-01,0.0,0.0,0.0,0.0,0.0,0.0,0.0,0.0,0.0,2026-02-10 14:16:54,True,Florida,
I Am Margaret Moore,2023-11-01,0.0,1.11,0.0,100.0,0.0,0.0,inf,1.11,10.48,2026-02-10 14:17:22,True,Texas,
Icebreaker,2023-06-01,60.71,71.31,100.0,100.0,36.0,32.0,17.46,10.6,14.37,2026-02-10 14:17:48,True,Florida,
We Speak in Storms,2023-08-01,2.18,0.0,100.0,0.0,0.0,0.0,-100.0,-2.18,14.45,2026-02-10 14:18:15,True,Florida,
"Friendship, Dating, and Relationships (Teens: Being Gay, Lesbian, Bisexual, or Transgender)",2021-12-01,0.0,0.0,0.0,0.0,0.0,0.0,0.0,0.0,0.0,2026-02-10 14:18:42,True,Texas,
A Swift Pure Cry,2023-08-01,0.0,0.0,0.0,0.0,0.0,0.0,0.0,0.0,0.0,2026-02-10 14:19:08,True,Florida,
I Hate Everyone But You,2024-10-01,1.11,0.0,100.0,0.0,0.0,0.0,-100.0,-1.11,10.48,2026-02-10 14:19:36,True,Tennessee,
GLBTQ*: The Survival Guide for Queer & Questioning Teens,2021-12-01,1.11,0.0,100.0,0.0,0.0,0.0,-100.0,-1.11,10.48,2026-02-10 14:20:02,True,Texas,
Wayward Son,2022-07-01,32.51,45.49,100.0,100.0,16.0,29.0,39.92,12.98,13.04,2026-02-10 14:20:29,True,Florida,
Wanted,2023-08-01,75.56,65.48,100.0,100.0,61.0,49.0,-13.34,-10.08,11.49,2026-02-10 14:20:59,True,Florida,
Acceptance,2022-09-01,79.31,79.63,100.0,100.0,56.0,61.0,0.41,0.32,8.56,2026-02-10 14:21:26,True,Texas,
We Can't Be Friends: A True Story,2022-12-01,0.0,2.18,0.0,100.0,0.0,0.0,inf,2.18,14.45,2026-02-10 14:21:53,True,Texas,
Wayfarer,2023-03-01,73.9,61.44,100.0,100.0,53.0,42.0,-16.85,-12.46,11.76,2026-02-10 14:22:20,True,Texas,
Redeeming Love,2024-02-01,34.98,31.29,100.0,100.0,0.0,0.0,-10.55,-3.69,17.95,2026-02-10 14:22:47,True,Florida,
Ruthless,2023-08-01,59.4,72.38,100.0,100.0,36.0,52.0,21.85,12.98,11.27,2026-02-10 14:23:13,True,Florida,
Safe,2021-11-01,89.51,72.34,100.0,100.0,82.0,64.0,-19.18,-17.17,10.4,2026-02-10 14:23:40,True,Florida,
The Dark Days of Hamburger Halpin,2023-08-01,1.11,1.11,100.0,100.0,0.0,0.0,0.0,0.0,10.48,2026-02-10 14:24:08,True,Florida,
The Cutting Room Floor,2021-12-01,1.11,1.98,100.0,100.0,0.0,0.0,78.0,0.87,11.94,2026-02-10 14:24:35,True,Texas,
The Death of Bees,2022-10-01,0.0,1.11,0.0,100.0,0.0,0.0,inf,1.11,10.48,2026-02-10 14:25:02,True,Texas,
Rural Voices: 15 Authors Challenge Assumptions About Small-Town America,2023-08-01,1.11,0.0,100.0,0.0,0.0,0.0,-100.0,-1.11,10.48,2026-02-10 14:25:32,True,Florida,
SEX: If You're Scared of The Truth Don't Read This!,2021-12-01,0.0,0.0,0.0,0.0,0.0,0.0,0.0,0.0,0.0,2026-02-10 14:25:59,True,Texas,
Safe Sex 101: An Overview for Teens,2021-12-01,1.11,0.0,100.0,0.0,0.0,0.0,-100.0,-1.11,10.48,2026-02-10 14:26:26,True,Texas,
The Doubt Factory,2023-08-01,0.0,1.93,0.0,100.0,0.0,0.0,inf,1.93,12.97,2026-02-10 14:26:53,True,Florida,
The Family Fletcher Takes Rock Island,2023-01-01,0.0,0.0,0.0,0.0,0.0,0.0,0.0,0.0,0.0,2026-02-10 14:27:21,True,Florida,
The Facts in the Case of the Departure of Miss Finch,2023-05-01,0.0,0.0,0.0,0.0,0.0,0.0,0.0,0.0,0.0,2026-02-10 14:27:48,True,Florida,
Blood Sport,2021-12-01,25.81,36.79,100.0,100.0,0.0,0.0,42.53,10.98,33.73,2026-02-10 14:28:19,True,Texas,
The Dangerous Art of Blending In,2022-02-01,0.0,0.0,0.0,0.0,0.0,0.0,0.0,0.0,0.0,2026-02-10 14:28:47,True,Tennessee,
Blood of a Thousand Stars,2023-03-01,0.0,1.11,0.0,100.0,0.0,0.0,inf,1.11,10.48,2026-02-10 14:29:15,True,Texas,
"Blood Meridian, or, The Evening Redness in the West",2023-08-01,0.0,0.0,0.0,0.0,0.0,0.0,0.0,0.0,0.0,2026-02-10 14:29:43,True,Florida,
Blindness,2024-06-01,28.86,11.34,100.0,100.0,19.0,7.0,-60.69,-17.51,12.94,2026-02-10 14:30:11,True,Florida,
Sasha Masha,2022-02-01,0.0,0.0,0.0,0.0,0.0,0.0,0.0,0.0,0.0,2026-02-10 14:30:39,True,Tennessee,
Savor the Moment,2023-03-01,0.0,0.0,0.0,0.0,0.0,0.0,0.0,0.0,0.0,2026-02-10 14:31:06,True,Florida,
The Choice,2024-06-01,55.84,54.32,100.0,100.0,27.0,30.0,-2.73,-1.52,14.7,2026-02-10 14:31:34,True,Florida,
Schindler's List,2023-08-01,57.39,34.12,100.0,100.0,32.0,20.0,-40.54,-23.27,16.93,2026-02-10 14:32:00,True,Florida,
Cometas en el cielo,2023-08-01,0.0,0.0,0.0,0.0,0.0,0.0,0.0,0.0,0.0,2026-02-10 14:32:29,True,Florida,
The Christopher Killer,2023-08-01,0.0,2.09,0.0,100.0,0.0,0.0,inf,2.09,13.88,2026-02-10 14:32:56,True,Florida,
Salt to the Sea,2022-10-01,47.82,51.36,100.0,100.0,0.0,0.0,7.39,3.53,25.12,2026-02-10 14:33:25,True,Texas,
The Children's Bible,2022-09-01,6.84,15.84,100.0,100.0,0.0,0.0,131.49,9.0,26.44,2026-02-10 14:33:52,True,Florida,
Coming Out As Transgender,2024-08-01,0.0,0.0,0.0,0.0,0.0,0.0,0.0,0.0,0.0,2026-02-10 14:35:59,True,Pennsylvania,
The Butterfly Clues,2023-08-01,1.11,0.0,100.0,0.0,0.0,0.0,-100.0,-1.11,10.48,2026-02-10 14:36:50,True,Florida,
Roots: The Saga of An American Family,2024-06-01,0.0,0.0,0.0,0.0,0.0,0.0,0.0,0.0,0.0,2026-02-10 14:37:27,True,Iowa,
Run Away With Me,2023-03-01,12.9,16.59,100.0,100.0,0.0,0.0,28.6,3.69,29.01,2026-02-10 14:37:56,True,Kansas,
Roe v. Wade: The Untold Story of the Landmark Supreme Court Decision that Made Abortion Legal,2021-12-01,1.11,1.11,100.0,100.0,0.0,0.0,0.0,0.0,10.48,2026-02-10 14:38:23,True,Texas,
Confessions of a High School Disaster,2023-08-01,0.0,0.0,0.0,0.0,0.0,0.0,0.0,0.0,0.0,2026-02-10 14:38:50,True,Florida,
"Bloody Jack: Being an Account of the Curious Adventures of Mary ""Jacky"" Faber, Ship's Boy",2023-08-01,0.0,0.0,0.0,0.0,0.0,0.0,0.0,0.0,0.0,2026-02-10 14:39:16,True,Florida,
Bloom,2022-02-01,77.17,68.89,100.0,100.0,63.0,49.0,-10.73,-8.28,10.12,2026-02-10 14:39:44,True,Tennessee,
The Catcher in the Rye,2024-06-01,59.0,49.81,100.0,100.0,21.0,23.0,-15.57,-9.19,19.36,2026-02-10 14:40:11,True,Iowa,
See All the Stars,2023-10-01,13.23,21.52,100.0,100.0,0.0,0.0,62.64,8.29,30.63,2026-02-10 14:40:37,True,Florida,
Critical Perspectives on Gender Identity,2023-10-01,0.0,0.0,0.0,0.0,0.0,0.0,0.0,0.0,0.0,2026-02-10 14:41:05,True,Kentucky,
Crushed,2023-08-01,50.53,87.3,100.0,100.0,39.0,76.0,72.76,36.77,20.64,2026-02-10 14:41:33,True,Florida,
The Firm,2023-08-01,61.84,59.4,100.0,100.0,43.0,27.0,-3.95,-2.44,15.42,2026-02-10 14:42:01,True,Florida,
Public Enemies,2023-03-01,30.14,22.9,100.0,100.0,0.0,0.0,-24.03,-7.24,32.83,2026-02-10 14:42:28,True,Texas,
The Fever Code,2023-08-01,1.11,0.0,100.0,0.0,0.0,0.0,-100.0,-1.11,10.48,2026-02-10 14:42:56,True,Florida,
Prodigy,2023-08-01,28.24,43.9,100.0,100.0,7.0,7.0,55.43,15.66,28.15,2026-02-10 14:43:24,True,Florida,
Protest Movements: Then and Now,2022-03-01,0.0,0.0,0.0,0.0,0.0,0.0,0.0,0.0,0.0,2026-02-10 14:43:52,True,Wisconsin,
Proxy (Proxy Series),2021-12-01,0.0,0.0,0.0,0.0,0.0,0.0,0.0,0.0,0.0,2026-02-10 14:44:19,True,Texas,
Playing a Part,2022-01-01,18.99,40.11,100.0,100.0,0.0,0.0,111.23,21.12,33.21,2026-02-10 14:44:46,True,Texas,
Poison Study,2023-08-01,1.11,1.11,100.0,100.0,0.0,0.0,0.0,0.0,10.48,2026-02-10 14:45:13,True,Florida,
"Portrait of a Killer: Jack the Ripper, Case Closed",2023-08-01,0.0,0.0,0.0,0.0,0.0,0.0,0.0,0.0,0.0,2026-02-10 14:45:39,True,Florida,
The Gods of Tango,2021-12-01,1.11,0.0,100.0,0.0,0.0,0.0,-100.0,-1.11,10.48,2026-02-10 14:46:07,True,Texas,
Quiver,2024-08-01,79.28,73.96,100.0,100.0,60.0,50.0,-6.71,-5.32,8.97,2026-02-10 14:46:39,True,Tennessee,
Plague Land,2024-06-01,2.72,0.0,100.0,0.0,0.0,0.0,-100.0,-2.72,14.85,2026-02-10 14:47:06,True,Texas,
The Guest List,2024-05-01,54.93,19.74,100.0,100.0,0.0,0.0,-64.06,-35.19,23.87,2026-02-10 14:47:33,True,Florida,
Dark Flame,2023-08-01,18.86,16.39,100.0,100.0,0.0,0.0,-13.08,-2.47,27.04,2026-02-10 14:47:59,True,Florida,
Black Like Me,2023-08-01,64.94,64.74,100.0,100.0,33.0,38.0,-0.31,-0.2,13.95,2026-02-10 14:48:27,True,Florida,
Plainsong,2023-10-01,2.94,3.22,100.0,100.0,0.0,0.0,9.43,0.28,15.63,2026-02-10 14:48:54,True,Florida,
Rage: A Love Story,2021-12-01,0.0,0.0,0.0,0.0,0.0,0.0,0.0,0.0,0.0,2026-02-10 14:49:22,True,Texas,
The Death Cure,2023-08-01,21.99,22.03,100.0,100.0,0.0,0.0,0.2,0.04,31.51,2026-02-10 14:49:49,True,Florida,
Rani Patel in Full Effect,2023-12-01,0.0,0.0,0.0,0.0,0.0,0.0,0.0,0.0,0.0,2026-02-10 14:50:17,True,Florida,
Crush,2021-12-01,80.71,83.79,100.0,100.0,69.0,68.0,3.81,3.08,6.28,2026-02-10 14:50:45,True,Texas,
The Devil You Know,2023-08-01,46.57,43.64,100.0,100.0,0.0,0.0,-6.28,-2.92,21.22,2026-02-10 14:51:13,True,Florida,
"Rabbit, Run",2023-10-01,0.0,0.0,0.0,0.0,0.0,0.0,0.0,0.0,0.0,2026-02-10 14:51:40,True,Florida,
Rainbow Boys (Rainbow Trilogy Series),2021-11-01,1.11,0.0,100.0,0.0,0.0,0.0,-100.0,-1.11,10.48,2026-02-10 14:52:09,True,Texas,
Revolting Rhymes,2024-02-01,1.9,0.0,100.0,0.0,0.0,0.0,-100.0,-1.9,12.79,2026-02-10 14:52:41,True,Florida,
The Degenerates,2024-06-01,0.0,1.11,0.0,100.0,0.0,0.0,inf,1.11,10.48,2026-02-10 14:53:12,True,Texas,
The Girl With the Dragon Tattoo,2023-10-01,32.08,39.46,100.0,100.0,14.0,19.0,23.0,7.38,12.75,2026-02-10 15:06:13,True,Iowa,
Cursed,2023-08-01,54.71,62.58,100.0,100.0,44.0,46.0,14.38,7.87,8.4,2026-02-10 15:08:44,True,Florida,
The Girl from the Sea,2023-06-01,2.19,1.11,100.0,100.0,0.0,0.0,-49.24,-1.08,12.68,2026-02-10 15:10:47,True,Florida,
Rebecca,2023-01-01,70.84,37.98,100.0,100.0,56.0,30.0,-46.39,-32.87,18.2,2026-02-10 15:15:00,True,Texas,
The Gathering (KA),2023-08-01,0.0,0.0,0.0,0.0,0.0,0.0,0.0,0.0,0.0,2026-02-10 15:15:30,True,Florida,
Covet,2023-10-01,70.53,67.32,100.0,100.0,48.0,47.0,-4.55,-3.21,9.48,2026-02-10 15:16:00,True,Iowa,
Ready When You Are,2023-08-01,66.3,67.07,100.0,100.0,36.0,31.0,1.16,0.77,13.23,2026-02-10 15:16:27,True,Georgia,
Blackout,2024-06-01,55.51,39.23,100.0,100.0,46.0,32.0,-29.32,-16.28,11.84,2026-02-10 15:16:55,True,Florida,
Blacktop Wasteland,2023-08-01,0.0,1.11,0.0,100.0,0.0,0.0,inf,1.11,10.48,2026-02-10 15:17:22,True,Florida,
Tempted (CVZ),2023-12-01,0.0,0.0,0.0,0.0,0.0,0.0,0.0,0.0,0.0,2026-02-10 15:17:49,True,Florida,
Teens and LGBT Issues,2022-10-01,0.0,0.0,0.0,0.0,0.0,0.0,0.0,0.0,0.0,2026-02-10 15:18:16,True,Texas,
That's Not What Happened,2023-10-01,0.0,1.11,0.0,100.0,0.0,0.0,inf,1.11,10.48,2026-02-10 15:18:43,True,Florida,
"Thanks a Lot, Universe",2021-11-01,0.0,0.0,0.0,0.0,0.0,0.0,0.0,0.0,0.0,2026-02-10 15:19:10,True,Florida,
The Coldest Touch,2022-02-01,0.0,0.0,0.0,0.0,0.0,0.0,0.0,0.0,0.0,2026-02-10 15:19:37,True,Tennessee,
Some Girls Bind,2024-08-01,0.0,0.0,0.0,0.0,0.0,0.0,0.0,0.0,0.0,2026-02-10 15:20:04,True,Texas,
Something Like Gravity,2021-12-01,0.0,1.11,0.0,100.0,0.0,0.0,inf,1.11,10.48,2026-02-10 15:20:31,True,Texas,
So Much Closer,2023-10-01,4.21,2.07,100.0,100.0,0.0,0.0,-50.92,-2.14,15.84,2026-02-10 15:20:58,True,Iowa,
Texas Gothic,2023-08-01,1.11,1.11,100.0,100.0,0.0,0.0,0.0,0.0,10.48,2026-02-10 15:21:26,True,Florida,
The Alex Crow,2023-08-01,1.11,0.0,100.0,0.0,0.0,0.0,-100.0,-1.11,10.48,2026-02-10 15:21:53,True,Florida,
Sisters/Hermanas,2021-11-01,0.0,0.0,0.0,0.0,0.0,0.0,0.0,0.0,0.0,2026-02-10 15:22:20,True,Florida,
Skin,2022-10-01,86.07,87.17,100.0,100.0,75.0,74.0,1.28,1.1,4.76,2026-02-10 15:22:47,True,South Carolina,
The Art of Saving the World,2021-12-01,1.11,1.11,100.0,100.0,0.0,0.0,0.0,0.0,10.48,2026-02-10 15:23:14,True,Texas,
Burn Baby Burn,2021-09-01,58.28,64.01,100.0,100.0,0.0,0.0,9.84,5.73,20.17,2026-02-10 15:23:41,True,Indiana,
Chlorine Sky,2024-06-01,0.0,3.02,0.0,100.0,0.0,0.0,inf,3.02,16.4,2026-02-10 15:24:08,True,Texas,
Take Me With You When You Go,2023-10-01,6.68,16.36,100.0,100.0,0.0,0.0,144.93,9.68,26.79,2026-02-10 15:24:35,True,Florida,
Sword of Destiny,2024-06-01,2.88,2.09,100.0,100.0,0.0,0.0,-27.41,-0.79,14.77,2026-02-10 15:25:03,True,Iowa,
Tattoo Atlas,2021-12-01,1.11,2.94,100.0,100.0,0.0,0.0,165.0,1.83,12.68,2026-02-10 15:25:33,True,Texas,
Surrender Your Sons,2023-10-01,0.0,0.0,0.0,0.0,0.0,0.0,0.0,0.0,0.0,2026-02-10 15:26:02,True,Iowa,
Challenger Deep,2022-10-01,32.86,32.5,100.0,100.0,0.0,0.0,-1.08,-0.36,31.09,2026-02-10 15:26:29,True,Texas,
"Soul Eater, Vol. 15",2024-09-01,0.0,0.0,0.0,0.0,0.0,0.0,0.0,0.0,0.0,2026-02-10 15:26:56,True,Pennsylvania,
Summer in the City of Roses,2022-02-01,0.0,0.0,0.0,0.0,0.0,0.0,0.0,0.0,0.0,2026-02-10 15:27:23,True,Tennessee,
Solace of the Road,2023-08-01,0.0,0.0,0.0,0.0,0.0,0.0,0.0,0.0,0.0,2026-02-10 15:28:01,True,Florida,
Stage Dreams,2023-08-01,2.01,26.7,100.0,100.0,0.0,0.0,1227.62,24.69,29.96,2026-02-10 15:28:29,True,Florida,
Stargirl,2023-01-01,27.8,53.82,100.0,100.0,11.0,34.0,93.61,26.02,18.85,2026-02-10 15:28:58,True,Texas,
Starfish (ADB),2023-08-01,0.0,0.0,0.0,0.0,0.0,0.0,0.0,0.0,0.0,2026-02-10 15:29:25,True,Florida,
State of Wonder,2023-11-01,6.73,10.67,100.0,100.0,0.0,0.0,58.42,3.93,24.88,2026-02-10 15:29:52,True,Florida,
"Sofia Valdez, Future Prez",2024-01-01,0.0,0.0,0.0,0.0,0.0,0.0,0.0,0.0,0.0,2026-02-10 15:30:19,True,Florida,
Special Topics in Calamity Physics,2023-11-01,1.11,1.5,100.0,100.0,0.0,0.0,35.0,0.39,10.78,2026-02-10 15:30:46,True,Texas,
Strange Grace,2023-08-01,6.04,0.0,100.0,0.0,0.0,0.0,-100.0,-6.04,21.15,2026-02-10 15:31:12,True,Florida,
Speak Up!,2024-08-01,58.99,64.64,100.0,100.0,20.0,28.0,9.59,5.66,17.96,2026-02-10 15:31:39,True,Texas,
"Sucktown, Alaska",2023-08-01,0.0,0.0,0.0,0.0,0.0,0.0,0.0,0.0,0.0,2026-02-10 15:32:06,True,Florida,
"Soul Eater, Vol. 11",2024-09-01,1.11,1.11,100.0,100.0,0.0,0.0,0.0,0.0,10.48,2026-02-10 15:32:33,True,Pennsylvania,
"Soul Eater, Vol. 22",2023-08-01,0.0,0.0,0.0,0.0,0.0,0.0,0.0,0.0,0.0,2026-02-10 15:32:59,True,Florida,
Symptoms of a Heartbreak,2023-08-01,1.11,0.0,100.0,0.0,0.0,0.0,-100.0,-1.11,10.48,2026-02-10 15:33:26,True,Florida,
Sexual Violence,2023-08-01,49.26,63.13,100.0,100.0,0.0,0.0,28.18,13.88,22.47,2026-02-10 15:33:53,True,Florida,
The Boleyn Inheritance,2024-06-01,1.11,0.0,100.0,0.0,0.0,0.0,-100.0,-1.11,10.48,2026-02-10 15:34:21,True,Iowa,
The Blind Assassin,2024-06-01,1.11,1.11,100.0,100.0,0.0,0.0,0.0,0.0,10.48,2026-02-10 15:34:51,True,Florida,
"Boruto: Naruto Next Generations (Series, Title Not Specified)",2024-08-01,1.11,0.0,100.0,0.0,0.0,0.0,-100.0,-1.11,10.48,2026-02-10 15:35:20,True,Tennessee,
The Ancient Greeks,2022-09-01,27.09,50.11,100.0,100.0,0.0,0.0,84.99,23.02,27.26,2026-02-10 15:35:48,True,Missouri,
The Boy I Love,2022-01-01,46.06,44.51,100.0,100.0,0.0,0.0,-3.35,-1.54,23.84,2026-02-10 15:36:16,True,Texas,
The Book of David,2023-10-01,56.58,54.74,100.0,100.0,0.0,29.0,-3.24,-1.83,18.14,2026-02-10 15:36:44,True,Florida,
The Blue Girl,2023-08-01,66.22,70.52,100.0,100.0,44.0,54.0,6.49,4.3,10.98,2026-02-10 15:37:13,True,Florida,
Silent to the Bone,2023-10-01,0.0,0.0,0.0,0.0,0.0,0.0,0.0,0.0,0.0,2026-02-10 15:37:43,True,Florida,
The Coldest Winter Ever,2023-10-01,3.03,2.71,100.0,100.0,0.0,0.0,-10.62,-0.32,15.63,2026-02-10 15:38:12,True,Florida,
Combat Zone,2021-12-01,20.53,19.72,100.0,100.0,0.0,0.0,-3.95,-0.81,31.53,2026-02-10 15:38:41,True,Texas,
Coming Out: Telling Family and Friends,2021-12-01,0.0,1.11,0.0,100.0,0.0,0.0,inf,1.11,10.48,2026-02-10 15:39:10,True,Texas,
Shadow and Bone,2023-08-01,59.42,65.89,100.0,100.0,37.0,41.0,10.88,6.47,13.06,2026-02-10 15:39:38,True,Florida,
Shadow Kiss,2023-06-01,7.24,2.03,100.0,100.0,0.0,0.0,-71.93,-5.21,19.31,2026-02-10 15:40:16,True,Florida,
"Christian, the Hugging Lion",2023-06-01,0.0,0.0,0.0,0.0,0.0,0.0,0.0,0.0,0.0,2026-02-10 15:42:38,True,Florida,
Bog Child,2023-08-01,0.0,0.0,0.0,0.0,0.0,0.0,0.0,0.0,0.0,2026-02-10 15:51:29,True,Florida,
The Black Kids,2021-11-01,70.04,33.61,100.0,100.0,39.0,20.0,-52.01,-36.43,21.4,2026-02-10 15:52:02,True,Florida,
Sexting Tips for Women: 100 Tips to Turn Him On,2023-10-01,0.0,0.0,0.0,0.0,0.0,0.0,0.0,0.0,0.0,2026-02-10 15:52:53,True,Iowa,
The Bell Jar,2021-11-01,28.82,29.77,100.0,100.0,0.0,0.0,3.28,0.94,19.13,2026-02-10 15:53:21,True,Texas,
"The Beautiful Stories of Life: Six Greeks Myths, Retold",2022-09-01,0.0,0.0,0.0,0.0,0.0,0.0,0.0,0.0,0.0,2026-02-10 15:53:51,True,Missouri,
The Bible,2023-05-01,61.29,73.66,100.0,100.0,51.0,62.0,20.18,12.37,10.43,2026-02-10 15:54:21,True,Utah,
Bridge to Terabithia,2021-10-01,26.08,54.4,100.0,100.0,12.0,29.0,108.61,28.32,20.12,2026-02-10 15:54:50,True,Oklahoma,
The Accident Season,2023-08-01,0.0,2.18,0.0,100.0,0.0,0.0,inf,2.18,14.45,2026-02-10 15:55:18,True,Florida,
The Adventures of Captain Underpants,2023-02-01,0.0,1.11,0.0,100.0,0.0,0.0,inf,1.11,10.48,2026-02-10 15:55:45,True,Pennsylvania,
Broken Throne: A Red Queen Collection,2023-08-01,0.0,0.0,0.0,0.0,0.0,0.0,0.0,0.0,0.0,2026-02-10 15:56:47,True,Florida,
The Art of Fielding,2022-02-01,0.0,1.11,0.0,100.0,0.0,0.0,inf,1.11,10.48,2026-02-10 15:57:14,True,Tennessee,
The Bourne Supremacy,2023-12-01,4.37,3.94,100.0,100.0,0.0,0.0,-9.67,-0.42,17.53,2026-02-10 15:57:42,True,Florida,
Shiny Broken Pieces,2023-08-01,0.0,0.0,0.0,0.0,0.0,0.0,0.0,0.0,0.0,2026-02-10 15:58:10,True,Florida,
Should Teens Have Access to Birth Control?,2021-12-01,2.2,0.0,100.0,0.0,0.0,0.0,-100.0,-2.2,14.59,2026-02-10 15:58:38,True,Texas,
The Beginning of Everything: Everyone Gets a Tragedy,2023-12-01,0.0,0.0,0.0,0.0,0.0,0.0,0.0,0.0,0.0,2026-02-10 15:59:06,True,Florida,
The Ballad of Ami Miles,2022-02-01,2.1,1.11,100.0,100.0,0.0,0.0,-47.09,-0.99,12.35,2026-02-10 15:59:34,True,Tennessee,
Sharp Objects,2024-06-01,22.23,15.43,100.0,100.0,13.0,6.0,-30.58,-6.8,10.56,2026-02-10 16:00:03,True,Florida,
Breakfast of Champions,2022-09-01,9.6,11.4,100.0,100.0,0.0,0.0,18.75,1.8,26.48,2026-02-10 16:00:32,True,Missouri,
The Beginning of Everything,2023-08-01,15.72,25.01,100.0,100.0,0.0,0.0,59.08,9.29,32.54,2026-02-10 16:01:00,True,Florida,
Bastard out of Carolina,2023-08-01,8.13,12.11,100.0,100.0,0.0,0.0,48.91,3.98,19.79,2026-02-10 16:01:29,True,Maine,
The Picture of Dorian Gray,2023-10-01,35.73,34.28,100.0,100.0,0.0,0.0,-4.07,-1.46,18.11,2026-02-10 16:02:46,True,Iowa,
My Princess Boy,2022-06-01,0.0,0.0,0.0,0.0,0.0,0.0,0.0,0.0,0.0,2026-02-10 16:03:15,True,Florida,
Atlas Shrugged,2023-08-01,39.11,44.4,100.0,100.0,16.0,27.0,13.52,5.29,12.41,2026-02-10 16:03:42,True,Florida,
Playing the Field,2021-12-01,14.12,24.73,100.0,100.0,0.0,0.0,75.14,10.61,22.19,2026-02-10 16:04:10,True,Texas,
My Invented Life,2021-12-01,0.0,1.11,0.0,100.0,0.0,0.0,inf,1.11,10.48,2026-02-10 16:04:37,True,Texas,
The Pillars of the Earth,2023-08-01,47.58,15.1,100.0,100.0,0.0,0.0,-68.26,-32.48,29.4,2026-02-10 16:05:04,True,Florida,
"The Mermaid, The Witch, and The Sea",2023-07-01,0.0,0.0,0.0,0.0,0.0,0.0,0.0,0.0,0.0,2026-02-10 16:05:30,True,Florida,
My Mixed-Up Berry Blue Summer,2021-12-01,1.11,0.0,100.0,0.0,0.0,0.0,-100.0,-1.11,10.48,2026-02-10 16:05:56,True,Texas,
"Dragon Ball, Vol. 5",2023-10-01,0.0,0.0,0.0,0.0,0.0,0.0,0.0,0.0,0.0,2026-02-10 16:06:23,True,Florida,
Dragonfly in Amber,2023-08-01,0.0,0.0,0.0,0.0,0.0,0.0,0.0,0.0,0.0,2026-02-10 16:06:49,True,Florida,
"Assassination Classroom, Vol. 20",2023-05-01,2.01,1.11,100.0,100.0,0.0,0.0,-44.75,-0.9,12.05,2026-02-10 16:07:16,True,Florida,
More Than This,2023-08-01,41.22,51.86,100.0,100.0,21.0,10.0,25.8,10.63,23.52,2026-02-10 16:12:22,True,Florida,
Dreamland,2023-10-01,58.78,17.23,100.0,100.0,43.0,10.0,-70.68,-41.54,22.83,2026-02-10 16:12:52,True,Iowa,
Bad Boy,2023-09-01,77.6,56.29,100.0,100.0,60.0,43.0,-27.46,-21.31,13.52,2026-02-10 16:13:21,True,Florida,
"Monstress, Vol. 1: Awakening",2022-10-01,1.11,0.0,100.0,0.0,0.0,0.0,-100.0,-1.11,10.48,2026-02-10 16:13:49,True,Texas,
Mister Death's Blue-Eyed Girls,2023-08-01,0.0,0.0,0.0,0.0,0.0,0.0,0.0,0.0,0.0,2026-02-10 16:14:17,True,Florida,
The Other Talk: Reckoning with Our White Privilege,2022-03-01,0.0,0.0,0.0,0.0,0.0,0.0,0.0,0.0,0.0,2026-02-10 16:14:47,True,Texas,
The Naturals,2025-03-01,65.02,55.07,100.0,100.0,40.0,33.0,-15.31,-9.96,12.78,2026-02-10 16:15:16,True,Florida,
No Ashes in the Fire: Coming of Age Black and Free in America,2022-02-01,1.11,0.0,100.0,0.0,0.0,0.0,-100.0,-1.11,10.48,2026-02-10 16:15:51,True,Tennessee,
Next,2023-08-01,85.94,77.43,100.0,100.0,77.0,66.0,-9.9,-8.51,7.23,2026-02-10 16:16:28,True,Florida,
The Midnight Lie (Forgotten Gods Series),2022-01-01,1.11,1.11,100.0,100.0,0.0,0.0,0.0,0.0,10.48,2026-02-10 16:17:06,True,Tennessee,
The O'Reilly Factor for Kids: A Survival Guide for America's Families,2024-07-01,0.0,0.0,0.0,0.0,0.0,0.0,0.0,0.0,0.0,2026-02-10 16:17:36,True,Florida,
Don't You Forget about Me,2023-12-01,35.76,23.3,100.0,100.0,0.0,0.0,-34.84,-12.46,27.04,2026-02-10 16:18:03,True,Florida,
Doodleville,2023-10-01,0.0,1.11,0.0,100.0,0.0,0.0,inf,1.11,10.48,2026-02-10 16:18:30,True,Florida,
The Odyssey (Graphic Novel),2024-10-01,0.0,2.64,0.0,100.0,0.0,0.0,inf,2.64,14.52,2026-02-10 16:18:57,True,Tennessee,
Music From Another World,2025-06-01,1.11,0.0,100.0,0.0,0.0,0.0,-100.0,-1.11,10.48,2026-02-10 16:19:25,True,Florida,
Beach Read,2023-10-01,55.73,56.58,100.0,100.0,0.0,0.0,1.52,0.84,21.67,2026-02-10 16:19:52,True,Iowa,
My Footprints,2024-06-01,1.11,3.07,100.0,100.0,0.0,0.0,176.0,1.96,13.91,2026-02-10 16:20:19,True,Iowa,
My Heart Underwater,2021-12-01,1.11,0.0,100.0,0.0,0.0,0.0,-100.0,-1.11,10.48,2026-02-10 16:20:46,True,Texas,
"Dragon Ball, Vol. 9",2023-10-01,2.06,0.0,100.0,0.0,0.0,0.0,-100.0,-2.06,13.68,2026-02-10 16:21:14,True,Florida,
"Dragon Ball, Vol. 7",2023-10-01,0.0,0.0,0.0,0.0,0.0,0.0,0.0,0.0,0.0,2026-02-10 16:21:40,True,Florida,
The Midwife's Apprentice,2023-07-01,0.0,1.97,0.0,100.0,0.0,0.0,inf,1.97,13.16,2026-02-10 16:22:11,True,Florida,
The Migration North,2021-12-01,19.81,17.21,100.0,100.0,0.0,0.0,-13.12,-2.6,29.89,2026-02-10 16:22:39,True,Texas,
Night Shift,2023-08-01,83.18,73.11,100.0,100.0,61.0,58.0,-12.1,-10.07,8.79,2026-02-10 16:23:06,True,Florida,
Maybe He Just Likes You,2022-03-01,0.0,0.0,0.0,0.0,0.0,0.0,0.0,0.0,0.0,2026-02-10 16:23:32,True,Texas,
The Princess Present: A Princess Diaries Book,2023-08-01,1.11,2.12,100.0,100.0,0.0,0.0,91.0,1.01,12.43,2026-02-10 16:24:06,True,Florida,
The Privilege of Youth: A Teenager's Story,2023-10-01,0.0,0.0,0.0,0.0,0.0,0.0,0.0,0.0,0.0,2026-02-10 16:24:32,True,Iowa,
"Assassination Classroom, Vol. 18",2023-05-01,1.11,1.11,100.0,100.0,0.0,0.0,0.0,0.0,10.48,2026-02-10 16:24:59,True,Florida,
The Queen of Everything,2023-08-01,1.11,0.0,100.0,0.0,0.0,0.0,-100.0,-1.11,10.48,2026-02-10 16:25:26,True,Florida,
The Project,2023-08-01,71.56,77.24,100.0,100.0,54.0,48.0,7.95,5.69,12.31,2026-02-10 16:25:54,True,Florida,
Edward Hopper: A Modern Master,2022-09-01,0.0,1.11,0.0,100.0,0.0,0.0,inf,1.11,10.48,2026-02-10 16:26:20,True,Missouri,
Many Waters,2023-10-01,52.21,46.28,100.0,100.0,0.0,0.0,-11.36,-5.93,24.53,2026-02-10 16:26:47,True,Florida,
Ashes to Asheville,2022-01-01,0.0,0.0,0.0,0.0,0.0,0.0,0.0,0.0,0.0,2026-02-10 16:27:13,True,Florida,
Ask Me How I Got Here,2021-12-01,1.11,0.0,100.0,0.0,0.0,0.0,-100.0,-1.11,10.48,2026-02-10 16:27:39,True,Texas,
The Short Second Life of Bree Tanner: An Eclipse Novella,2025-02-01,0.0,0.0,0.0,0.0,0.0,0.0,0.0,0.0,0.0,2026-02-10 16:28:05,True,Tennessee,
Lost in Time,2022-10-01,41.9,42.1,100.0,100.0,24.0,14.0,0.48,0.2,10.71,2026-02-10 16:28:32,True,Texas,
"The Promised Neverland (Series, Title Not Specified)",2024-10-01,1.11,0.0,100.0,0.0,0.0,0.0,-100.0,-1.11,10.48,2026-02-10 16:29:00,True,Tennessee,
The Seven Wonders of the Historic World,2025-02-01,0.0,0.0,0.0,0.0,0.0,0.0,0.0,0.0,0.0,2026-02-10 16:29:27,True,Tennessee,
Elevation,2022-02-01,70.38,77.61,100.0,100.0,54.0,61.0,10.28,7.23,9.55,2026-02-10 16:29:54,True,Tennessee,
The Speaker,2023-08-01,63.07,12.91,100.0,100.0,44.0,3.0,-79.53,-50.16,29.56,2026-02-10 16:30:21,True,Florida,
Max,2023-02-01,79.04,80.71,100.0,100.0,68.0,71.0,2.11,1.67,6.28,2026-02-10 16:30:48,True,Florida,
Love & Sex: Ten Stories of Truth,2022-03-01,0.0,1.11,0.0,100.0,0.0,0.0,inf,1.11,10.48,2026-02-10 16:31:14,True,Texas,
Meet Cute: Some People Are Destined to Meet,2022-01-01,1.11,0.0,100.0,0.0,0.0,0.0,-100.0,-1.11,10.48,2026-02-10 16:31:41,True,Texas,
"Assassination Classroom, Vol. 13",2023-05-01,1.11,0.0,100.0,0.0,0.0,0.0,-100.0,-1.11,10.48,2026-02-10 16:32:11,True,Florida,
Meet Cute Diary,2023-10-01,0.0,0.0,0.0,0.0,0.0,0.0,0.0,0.0,0.0,2026-02-10 16:32:37,True,Kentucky,
Medieval European Art and Architecture,2024-11-01,0.0,0.0,0.0,0.0,0.0,0.0,0.0,0.0,0.0,2026-02-10 16:33:03,True,Tennessee,
"Assassination Classroom, Vol. 15",2023-05-01,0.0,0.0,0.0,0.0,0.0,0.0,0.0,0.0,0.0,2026-02-10 16:33:30,True,Florida,
East of Eden,2023-08-01,21.12,32.0,100.0,100.0,11.0,17.0,51.5,10.88,11.69,2026-02-10 16:33:56,True,Florida,
Moxie,2023-08-01,64.73,77.3,100.0,100.0,49.0,55.0,19.41,12.57,10.73,2026-02-10 16:34:22,True,Florida,
"Assassination Classroom, Vol. 17",2023-05-01,0.0,0.0,0.0,0.0,0.0,0.0,0.0,0.0,0.0,2026-02-10 16:34:49,True,Florida,
Marcelo in the Real World,2023-12-01,0.0,0.0,0.0,0.0,0.0,0.0,0.0,0.0,0.0,2026-02-10 16:35:15,True,Florida,
Madame Bovary: A Story of Provincial Life,2023-08-01,0.0,0.0,0.0,0.0,0.0,0.0,0.0,0.0,0.0,2026-02-10 16:35:41,True,Florida,
Making a Play,2023-06-01,58.73,49.71,100.0,100.0,0.0,0.0,-15.36,-9.02,22.56,2026-02-10 16:36:08,True,Florida,
The Return,2024-06-01,69.24,77.77,100.0,100.0,46.0,65.0,12.31,8.52,9.85,2026-02-10 16:36:41,True,Iowa,
Avalon High,2023-08-01,12.83,15.86,100.0,100.0,0.0,0.0,23.55,3.02,25.66,2026-02-10 16:37:08,True,Florida,
The Realm of Possibility,2022-05-01,0.0,0.0,0.0,0.0,0.0,0.0,0.0,0.0,0.0,2026-02-10 16:37:36,True,Michigan,
"The Sandman (Series, Title Not Specified)",2024-10-01,0.0,1.11,0.0,100.0,0.0,0.0,inf,1.11,10.48,2026-02-10 16:38:02,True,Pennsylvania,
The Rumor Game,2023-10-01,1.11,0.0,100.0,0.0,0.0,0.0,-100.0,-1.11,10.48,2026-02-10 16:38:32,True,Florida,
BZRK,2023-10-01,0.0,1.11,0.0,100.0,0.0,0.0,inf,1.11,10.48,2026-02-10 16:38:59,True,Florida,
"Minecraft, Vol 1",2023-07-01,0.0,0.0,0.0,0.0,0.0,0.0,0.0,0.0,0.0,2026-02-10 16:39:29,True,Florida,
Passenger,2023-03-01,85.37,76.1,100.0,100.0,67.0,66.0,-10.86,-9.27,7.98,2026-02-10 16:39:57,True,Texas,
Out Now: Queer We Go Again!,2022-02-01,0.0,0.0,0.0,0.0,0.0,0.0,0.0,0.0,0.0,2026-02-10 16:40:24,True,Tennessee,
The Last Wish,2024-06-01,63.2,59.03,100.0,100.0,41.0,28.0,-6.59,-4.17,12.49,2026-02-10 16:40:51,True,Iowa,
The Last of August,2023-08-01,,,,,,,,,,2026-02-10 16:48:25,False,Florida,"HTTPSConnectionPool(host='trends.google.com', port=443): Max retries exceeded with url: /trends/api/"
Pandemonium,2023-08-01,,,,,,,,,,2026-02-10 16:50:29,False,Florida,"HTTPSConnectionPool(host='trends.google.com', port=443): Max retries exceeded with url: /trends/api/"
Orbiting Jupiter,2024-06-01,,,,,,,,,,2026-02-10 16:52:02,False,Florida,"HTTPSConnectionPool(host='trends.google.com', port=443): Max retries exceeded with url: /trends/api/"
The Last Exit to Normal,2021-12-01,1.11,0.0,100.0,0.0,0.0,0.0,-100.0,-1.11,10.48,2026-02-10 17:11:52,True,Texas,
The Hiding Place: The Triumphant True Story of Corrie Ten Boom,2021-10-01,0.0,0.0,0.0,0.0,0.0,0.0,0.0,0.0,0.0,2026-02-10 17:12:20,True,Oklahoma,
Panic,2021-11-01,87.6,70.22,100.0,100.0,76.0,55.0,-19.84,-17.38,10.43,2026-02-10 17:12:48,True,Texas,
The Key to You and Me,2022-02-01,3.08,15.06,100.0,100.0,0.0,0.0,389.17,11.98,24.2,2026-02-10 17:13:17,True,Tennessee,
The Kill Order,2023-08-01,47.7,52.33,100.0,100.0,0.0,0.0,9.71,4.63,24.38,2026-02-10 17:13:44,True,Florida,
Once and for All,2023-08-01,40.56,52.87,100.0,100.0,17.0,15.0,30.36,12.31,21.69,2026-02-10 17:14:11,True,Florida,
Defending Taylor,2023-03-01,0.0,2.21,0.0,100.0,0.0,0.0,inf,2.21,14.67,2026-02-10 17:14:38,True,Texas,
On A Pale Horse,2024-05-01,0.0,2.02,0.0,100.0,0.0,0.0,inf,2.02,13.48,2026-02-10 17:15:05,True,Florida,
Off the Record,2025-01-01,68.57,70.44,100.0,100.0,35.0,33.0,2.74,1.88,12.86,2026-02-10 17:15:31,True,Tennessee,
Painting the Black,2023-08-01,40.5,55.31,100.0,100.0,0.0,0.0,36.57,14.81,31.57,2026-02-10 17:15:58,True,Florida,
Parable of the Sower,2022-10-01,48.24,51.66,100.0,100.0,26.0,20.0,7.07,3.41,14.76,2026-02-10 17:16:24,True,Texas,
"Parasyte (Series, Title Not Specified)",2024-10-01,0.0,0.0,0.0,0.0,0.0,0.0,0.0,0.0,0.0,2026-02-10 17:16:50,True,Tennessee,
The Imitation Game: Alan Turing Decoded,2022-02-01,0.0,0.0,0.0,0.0,0.0,0.0,0.0,0.0,0.0,2026-02-10 17:17:17,True,Tennessee,
Perfect (SS),2023-10-01,0.0,0.0,0.0,0.0,0.0,0.0,0.0,0.0,0.0,2026-02-10 17:17:43,True,Iowa,
Peak,2022-10-01,88.62,81.56,100.0,100.0,78.0,66.0,-7.97,-7.07,6.94,2026-02-10 17:18:10,True,Texas,
Dash and Lily's Book of Dares,2023-08-01,1.11,0.0,100.0,0.0,0.0,0.0,-100.0,-1.11,10.48,2026-02-10 17:18:37,True,Florida,
The Goats,2023-10-01,72.72,75.33,100.0,100.0,47.0,53.0,3.59,2.61,10.17,2026-02-10 17:19:16,True,Florida,
Pretty Dead,2023-08-01,20.01,24.92,100.0,100.0,0.0,0.0,24.54,4.91,29.38,2026-02-10 17:19:43,True,Florida,
Pride: Celebrating Diversity & Community,2021-12-01,1.11,0.0,100.0,0.0,0.0,0.0,-100.0,-1.11,10.48,2026-02-10 17:20:10,True,Texas,
The Grapes of Wrath,2023-11-01,21.1,48.89,100.0,100.0,0.0,0.0,131.7,27.79,24.89,2026-02-10 17:20:37,True,Wisconsin,
The Here and Now,2023-08-01,59.13,57.17,100.0,100.0,0.0,0.0,-3.33,-1.97,18.34,2026-02-10 17:21:03,True,Florida,
Deadly Class,2022-09-01,46.59,31.44,100.0,100.0,0.0,0.0,-32.51,-15.14,20.27,2026-02-10 17:21:39,True,Missouri,
The Horse Whisperer,2023-08-01,11.7,0.0,100.0,0.0,0.0,0.0,-100.0,-11.7,22.33,2026-02-10 17:23:42,True,Florida,
Petals on the Wind,2023-12-01,2.84,4.84,100.0,100.0,0.0,0.0,70.31,2.0,17.44,2026-02-10 17:30:06,True,Florida,
People We Meet on Vacation,2023-10-01,21.48,4.98,100.0,100.0,0.0,0.0,-76.82,-16.5,26.91,2026-02-10 17:30:33,True,Iowa,
The Host,2023-11-01,74.76,53.09,100.0,100.0,46.0,33.0,-28.98,-21.67,15.69,2026-02-10 17:41:21,True,Wisconsin,
Perfume: The Story of a Murderer,2023-08-01,1.11,1.64,100.0,100.0,0.0,0.0,48.0,0.53,11.05,2026-02-10 17:41:52,True,Florida,
Perfect on Paper,2022-02-01,0.0,1.11,0.0,100.0,0.0,0.0,inf,1.11,10.48,2026-02-10 17:42:21,True,Tennessee,
The Inexplicable Logic of My Life,2022-02-01,0.0,1.11,0.0,100.0,0.0,0.0,inf,1.11,10.48,2026-02-10 17:42:48,True,Tennessee,
The Hunger Games,2023-02-01,70.54,40.71,100.0,100.0,54.0,17.0,-42.29,-29.83,23.76,2026-02-10 17:43:20,True,Pennsylvania,
The Masked Truth,2023-08-01,0.0,0.0,0.0,0.0,0.0,0.0,0.0,0.0,0.0,2026-02-10 17:43:46,True,Florida,
Dive Smack,2023-08-01,0.0,1.11,0.0,100.0,0.0,0.0,inf,1.11,10.48,2026-02-10 17:44:15,True,Florida,
Does My Head Look Big in This?,2023-08-01,1.11,0.0,100.0,0.0,0.0,0.0,-100.0,-1.11,10.48,2026-02-10 17:44:41,True,Florida,
No One Else Can Have You,2023-10-01,2.11,14.81,100.0,100.0,0.0,0.0,601.58,12.7,24.29,2026-02-10 17:45:07,True,Florida,
Beast,2021-12-01,75.72,76.88,100.0,100.0,63.0,61.0,1.53,1.16,8.83,2026-02-10 17:45:35,True,Texas,
Different Can Be Great: All Kinds of Families,2023-07-01,0.0,0.0,0.0,0.0,0.0,0.0,0.0,0.0,0.0,2026-02-10 17:46:01,True,Florida,
Batman: The Dark Knight Strikes Again,2022-09-01,1.11,1.11,100.0,100.0,0.0,0.0,0.0,0.0,10.48,2026-02-10 17:46:27,True,Missouri,
Dear John,2023-08-01,14.98,25.27,100.0,100.0,6.0,16.0,68.69,10.29,12.81,2026-02-10 17:46:53,True,Florida,
Never Fall Down,2023-10-01,1.11,8.77,100.0,100.0,0.0,0.0,689.0,7.66,20.49,2026-02-10 17:47:19,True,Florida,
The New Queer Conscience,2022-02-01,0.0,0.0,0.0,0.0,0.0,0.0,0.0,0.0,0.0,2026-02-10 17:47:46,True,Tennessee,
The Nightingale,2023-11-01,56.61,68.91,100.0,100.0,40.0,38.0,21.73,12.3,13.21,2026-02-10 17:48:13,True,Florida,
"Doing It Right: Making Smart, Safe, and Satisfying Choices About Sex",2021-07-01,0.0,0.0,0.0,0.0,0.0,0.0,0.0,0.0,0.0,2026-02-10 17:48:39,True,Texas,
Noggin,2023-10-01,55.72,50.21,100.0,100.0,29.0,33.0,-9.89,-5.51,11.14,2026-02-10 17:50:01,True,Florida,
Not After Everything,2023-10-01,26.03,50.79,100.0,100.0,0.0,0.0,95.09,24.76,31.35,2026-02-10 17:50:29,True,Florida,
Not Otherwise Specified,2023-06-01,1.11,2.18,100.0,100.0,0.0,0.0,96.0,1.07,12.63,2026-02-10 17:50:55,True,Florida,
The Lords of Discipline,2023-10-01,1.11,1.11,100.0,100.0,0.0,0.0,0.0,0.0,10.48,2026-02-10 17:51:22,True,Florida,
Not My Idea: A Book About Whiteness,2023-06-01,0.0,0.0,0.0,0.0,0.0,0.0,0.0,0.0,0.0,2026-02-10 17:51:49,True,Florida,
Deposing Nathan,2021-12-01,0.0,0.0,0.0,0.0,0.0,0.0,0.0,0.0,0.0,2026-02-10 17:52:15,True,Texas,
Destroy Me,2023-12-01,59.13,53.34,100.0,100.0,0.0,0.0,-9.79,-5.79,19.8,2026-02-10 17:52:42,True,Florida,
The List,2023-10-01,64.48,73.86,100.0,100.0,49.0,46.0,14.54,9.38,18.01,2026-02-10 17:53:10,True,Iowa,
Before She Was Harriet,2022-01-01,1.11,0.0,100.0,0.0,0.0,0.0,-100.0,-1.11,10.48,2026-02-10 17:53:36,True,Florida,
Becoming Chloe,2023-08-01,0.0,1.11,0.0,100.0,0.0,0.0,inf,1.11,10.48,2026-02-10 17:54:54,True,Florida,
Ophelia After All,2023-08-01,1.11,1.11,100.0,100.0,0.0,0.0,0.0,0.0,10.48,2026-02-10 17:55:20,True,Georgia,
Bewitching,2023-08-01,19.62,10.92,100.0,100.0,0.0,0.0,-44.34,-8.7,25.42,2026-02-10 17:55:46,True,Florida,
Beyond Dreams,2023-09-01,1.11,1.87,100.0,100.0,0.0,0.0,68.0,0.76,11.6,2026-02-10 17:56:12,True,Florida,
Death on the Nile,2023-08-01,49.34,24.13,100.0,100.0,23.0,9.0,-51.09,-25.21,20.16,2026-02-10 17:56:38,True,Florida,
Being Transgender in America,2024-08-01,0.0,0.0,0.0,0.0,0.0,0.0,0.0,0.0,0.0,2026-02-10 17:57:04,True,Texas,
The Learning Tree,2023-10-01,11.72,43.72,100.0,100.0,0.0,0.0,272.99,32.0,32.46,2026-02-10 17:57:31,True,Florida,
Of Ice and Shadows (Of Fire and Stars Series),2021-12-01,1.11,0.0,100.0,0.0,0.0,0.0,-100.0,-1.11,10.48,2026-02-10 17:57:57,True,Texas,
Because I'm Worth It,2024-06-01,0.0,0.0,0.0,0.0,0.0,0.0,0.0,0.0,0.0,2026-02-10 17:58:23,True,Iowa,
Dear Medusa,2024-06-01,2.01,0.0,100.0,0.0,0.0,0.0,-100.0,-2.01,13.42,2026-02-10 17:58:49,True,Texas,
Diary of a Misfit: A Memoir and a Mystery,2023-10-01,1.11,0.0,100.0,0.0,0.0,0.0,-100.0,-1.11,10.48,2026-02-10 17:59:16,True,Kentucky,
Numb8rs,2023-12-01,0.0,1.11,0.0,100.0,0.0,0.0,inf,1.11,10.48,2026-02-10 17:59:42,True,Florida,
Obsidian,2023-02-01,81.01,81.24,100.0,100.0,66.0,66.0,0.29,0.23,6.37,2026-02-10 18:00:09,True,Idaho,
¿Quién es Carmen Sandiego?,2024-08-01,0.0,0.0,0.0,0.0,0.0,0.0,0.0,0.0,0.0,2026-02-10 18:00:35,True,Texas,
#famous,2023-10-01,0.0,0.0,0.0,0.0,0.0,0.0,0.0,0.0,0.0,2026-02-10 18:01:01,True,Iowa,
10 Things I Can See From Here,2025-06-01,0.0,0.0,0.0,0.0,0.0,0.0,0.0,0.0,0.0,2026-02-10 18:01:27,True,Florida,
100 Bible Stories,2023-08-01,0.0,0.0,0.0,0.0,0.0,0.0,0.0,0.0,0.0,2026-02-10 18:01:53,True,Florida,
100 Sideways Miles,2023-08-01,0.0,0.0,0.0,0.0,0.0,0.0,0.0,0.0,0.0,2026-02-10 18:02:19,True,Florida,
"1001 Comics You Must Read Before You Die: The Ultimate Guide to Comic Books, Graphic Novels, and Manga",2022-09-01,,,,,,,,,,2026-02-10 18:03:15,False,Missouri,The request failed: Google returned a response with code 400
10th Anniversary,2024-06-01,52.79,51.11,100.0,100.0,28.0,29.0,-3.18,-1.68,13.22,2026-02-10 18:03:41,True,Iowa,
1215: The Year of Magna Carta,2024-06-01,1.11,0.0,100.0,0.0,0.0,0.0,-100.0,-1.11,10.48,2026-02-10 18:04:08,True,Florida,
13 Artists Children Should Know,2024-08-01,1.11,0.0,100.0,0.0,0.0,0.0,-100.0,-1.11,10.48,2026-02-10 18:04:34,True,Texas,
145th Street: Short Stories,2023-08-01,0.0,0.0,0.0,0.0,0.0,0.0,0.0,0.0,0.0,2026-02-10 18:05:00,True,Florida,
1900-10: New Ways of Seeing,2024-08-01,0.0,0.0,0.0,0.0,0.0,0.0,0.0,0.0,0.0,2026-02-10 18:05:26,True,Texas,
Young Palestinians Speak: Living Under Occupation,2024-04-01,0.0,1.11,0.0,100.0,0.0,0.0,inf,1.11,10.48,2026-02-10 18:05:52,True,New York,
Your Own Safety,2024-08-01,11.69,31.66,100.0,100.0,0.0,0.0,170.82,19.97,34.45,2026-02-10 18:07:01,True,Texas,
300 years of San Antonio and Bexar County,2024-06-01,0.0,0.0,0.0,0.0,0.0,0.0,0.0,0.0,0.0,2026-02-10 18:07:27,True,Texas,
47,2021-11-01,88.52,74.6,100.0,100.0,75.0,62.0,-15.73,-13.92,8.83,2026-02-10 18:07:54,True,Texas,
50 Artists You Should Know,2022-09-01,2.03,0.0,100.0,0.0,0.0,0.0,-100.0,-2.03,13.55,2026-02-10 18:08:20,True,Missouri,
"20,000 Leagues Under the Sea (Graphic Novel)",2022-09-01,0.0,0.0,0.0,0.0,0.0,0.0,0.0,0.0,0.0,2026-02-10 18:08:47,True,Texas,
2021 Book of World Records,2023-08-01,1.11,0.0,100.0,0.0,0.0,0.0,-100.0,-1.11,10.48,2026-02-10 18:09:13,True,Florida,
Yes! No! A First Conversation about Consent,2024-08-01,0.0,0.0,0.0,0.0,0.0,0.0,0.0,0.0,0.0,2026-02-10 18:09:40,True,Texas,
Yo No Soy Tu Perfecta Hija Mexicana,2023-08-01,0.0,0.0,0.0,0.0,0.0,0.0,0.0,0.0,0.0,2026-02-10 18:19:58,True,Florida,
Yoko (Yoko Series),2022-01-01,1.11,0.0,100.0,0.0,0.0,0.0,-100.0,-1.11,10.48,2026-02-10 18:20:25,True,Florida,
19th Century Art,2025-04-01,9.24,5.76,100.0,100.0,0.0,0.0,-37.74,-3.49,21.71,2026-02-10 18:20:52,True,Tennessee,
Yayoi Kusama,2025-04-01,62.89,43.76,100.0,100.0,29.0,0.0,-30.42,-19.13,18.43,2026-02-10 18:21:20,True,Tennessee,
Godslayers,2024-11-01,1.11,0.0,100.0,0.0,0.0,0.0,-100.0,-1.11,10.48,2026-02-10 18:21:47,True,Texas,
Going Down Home with Daddy,2022-01-01,0.0,0.0,0.0,0.0,0.0,0.0,0.0,0.0,0.0,2026-02-10 18:22:14,True,Florida,
Gold Wings Rising (Skybound Series),2022-02-01,0.0,0.0,0.0,0.0,0.0,0.0,0.0,0.0,0.0,2026-02-10 18:22:41,True,Tennessee,
Golden Boy,2022-02-01,53.14,51.7,100.0,100.0,29.0,36.0,-2.72,-1.44,11.59,2026-02-10 18:26:33,True,Tennessee,
God's People: Stories from the Old Testament,2023-06-01,0.0,0.0,0.0,0.0,0.0,0.0,0.0,0.0,0.0,2026-02-10 18:27:00,True,Florida,
God: A Brief History,2025-04-01,2.08,0.0,100.0,0.0,0.0,0.0,-100.0,-2.08,13.82,2026-02-10 18:27:28,True,Tennessee,
Godless,2023-11-01,53.06,63.57,100.0,100.0,0.0,30.0,19.81,10.51,16.65,2026-02-10 18:27:55,True,Wisconsin,
Gods and Goddesses,2025-04-01,59.3,50.49,100.0,100.0,25.0,0.0,-14.86,-8.81,20.02,2026-02-10 18:28:22,True,Tennessee,
Gnomon,2023-08-01,24.48,25.22,100.0,100.0,0.0,0.0,3.04,0.74,32.62,2026-02-10 18:28:49,True,Florida,
Goat Girls: Two Weetzie Bat Books,2023-08-01,,,,,,,,,,2026-02-10 18:43:59,False,Florida,"HTTPSConnectionPool(host='trends.google.com', port=443): Max retries exceeded with url: /trends/api/"
God Emperor of Dune,2023-10-01,0.0,0.0,0.0,0.0,0.0,0.0,0.0,0.0,0.0,2026-02-10 18:45:08,True,Florida,
God's Best Promises for Kids,2023-06-01,1.11,1.11,100.0,100.0,0.0,0.0,0.0,0.0,10.48,2026-02-10 18:45:35,True,Florida,
Goth Girl Rising,2025-06-01,0.0,0.0,0.0,0.0,0.0,0.0,0.0,0.0,0.0,2026-02-10 18:46:02,True,Florida,
Goya,2025-04-01,56.03,80.74,100.0,100.0,45.0,61.0,44.1,24.71,14.78,2026-02-10 18:46:29,True,Tennessee,
Glimpse: A YA Paranormal Romance,2023-12-01,,,,,,,,,,2026-02-10 18:48:12,False,Florida,"HTTPSConnectionPool(host='trends.google.com', port=443): Max retries exceeded with url: /trends/api/"
Glory O'Brien's History of the Future,2023-08-01,0.0,0.0,0.0,0.0,0.0,0.0,0.0,0.0,0.0,2026-02-10 18:48:59,True,Florida,
Grim Lovelies,2023-08-01,1.11,0.0,100.0,0.0,0.0,0.0,-100.0,-1.11,10.48,2026-02-10 20:33:51,True,Florida,
Grounded for All Eternity,2024-11-01,1.11,0.0,100.0,0.0,0.0,0.0,-100.0,-1.11,10.48,2026-02-10 21:25:46,True,Texas,
Growing up LGBTQ,2024-11-01,0.0,0.0,0.0,0.0,0.0,0.0,0.0,0.0,0.0,2026-02-10 21:26:13,True,Texas,
Guardian (JL),2023-08-01,1.11,0.0,100.0,0.0,0.0,0.0,-100.0,-1.11,10.48,2026-02-10 21:26:41,True,Florida,
Greece,2025-02-01,65.78,80.83,100.0,100.0,48.0,67.0,22.89,15.06,11.42,2026-02-10 21:27:09,True,Tennessee,
Greek Legends and Stories,2025-04-01,1.11,0.0,100.0,0.0,0.0,0.0,-100.0,-1.11,10.48,2026-02-10 21:27:36,True,Tennessee,
Greek Warrior,2025-02-01,12.19,13.46,100.0,100.0,0.0,0.0,10.39,1.27,28.53,2026-02-10 21:28:03,True,Tennessee,
Grendel,2023-10-01,43.71,60.11,100.0,100.0,15.0,32.0,37.52,16.4,23.06,2026-02-10 21:28:32,True,Iowa,
Graphic Design,2023-08-01,75.79,76.98,100.0,100.0,54.0,48.0,1.57,1.19,13.39,2026-02-10 21:28:59,True,Florida,
Grass,2022-09-01,74.82,63.73,100.0,100.0,63.0,39.0,-14.82,-11.09,13.76,2026-02-10 21:29:28,True,Missouri,
Gravity,2022-01-01,86.91,81.93,100.0,100.0,67.0,64.0,-5.73,-4.98,7.66,2026-02-10 21:29:56,True,Texas,
Great Masterpieces of the World,2022-09-01,0.0,1.11,0.0,100.0,0.0,0.0,inf,1.11,10.48,2026-02-10 21:30:23,True,Missouri,
Grandad's Camper,2023-06-01,0.0,1.11,0.0,100.0,0.0,0.0,inf,1.11,10.48,2026-02-10 21:30:50,True,Florida,
Grandfather Tang's Story,2022-01-01,0.0,0.0,0.0,0.0,0.0,0.0,0.0,0.0,0.0,2026-02-10 21:31:17,True,Florida,
Graphic Classics Volume 8: Mark Twain - 2nd Edition,2022-09-01,1.11,0.0,100.0,0.0,0.0,0.0,-100.0,-1.11,10.48,2026-02-10 21:31:44,True,Missouri,
Girls with Sharp Sticks,2024-11-01,0.0,1.11,0.0,100.0,0.0,0.0,inf,1.11,10.48,2026-02-10 21:32:11,True,Texas,
Gladiator,2025-02-01,23.41,33.96,100.0,100.0,6.0,21.0,45.04,10.54,16.51,2026-02-10 21:32:39,True,Tennessee,
"Gyo, Vol. 1: The Death-Stench Creeps",2023-02-01,0.0,1.11,0.0,100.0,0.0,0.0,inf,1.11,10.48,2026-02-10 21:33:08,True,Pennsylvania,
H.G. Wells: The Invisible Man,2024-10-01,0.0,0.0,0.0,0.0,0.0,0.0,0.0,0.0,0.0,2026-02-10 21:33:35,True,Tennessee,
Girls Like Me (KB),2024-06-01,1.11,1.11,100.0,100.0,0.0,0.0,0.0,0.0,10.48,2026-02-10 21:34:02,True,Texas,
Girls from Da Hood,2023-02-01,0.0,0.0,0.0,0.0,0.0,0.0,0.0,0.0,0.0,2026-02-10 21:34:28,True,Pennsylvania,
Girls on Film,2024-11-01,1.11,3.71,100.0,100.0,0.0,0.0,234.0,2.6,14.38,2026-02-10 21:34:56,True,Texas,
Girls with Razor Hearts,2024-11-01,0.0,0.0,0.0,0.0,0.0,0.0,0.0,0.0,0.0,2026-02-10 21:35:23,True,Texas,
"Guns and Violence (Title only, no further information)",2025-02-01,1.11,0.0,100.0,0.0,0.0,0.0,-100.0,-1.11,10.48,2026-02-10 21:35:50,True,Tennessee,
Gutless,2025-04-01,0.0,0.0,0.0,0.0,0.0,0.0,0.0,0.0,0.0,2026-02-10 21:36:16,True,Florida,
"Girl: Love, Sex, Romance and Being You",2023-12-01,0.0,0.0,0.0,0.0,0.0,0.0,0.0,0.0,0.0,2026-02-10 21:36:43,True,Texas,
Girlness: Deal With it Body and Soul,2024-08-01,0.0,0.0,0.0,0.0,0.0,0.0,0.0,0.0,0.0,2026-02-10 21:37:10,True,Texas,
Guilty Pleasures,2023-07-01,5.71,11.29,100.0,100.0,0.0,0.0,97.67,5.58,25.01,2026-02-10 21:37:37,True,Florida,
"Guinness Book of World Records, 2018",2023-08-01,1.11,0.0,100.0,0.0,0.0,0.0,-100.0,-1.11,10.48,2026-02-10 21:38:03,True,Florida,
"Guinness Book of World Records, 2020",2023-08-01,0.0,1.11,0.0,100.0,0.0,0.0,inf,1.11,10.48,2026-02-10 21:38:30,True,Florida,
"Gun Control (Title only, no further information)",2025-02-01,0.0,0.0,0.0,0.0,0.0,0.0,0.0,0.0,0.0,2026-02-10 21:38:57,True,Tennessee,
Happily Ever After,2023-03-01,29.08,38.9,100.0,100.0,9.0,18.0,33.78,9.82,15.11,2026-02-10 21:39:24,True,Florida,
Happily Ever After (NR),2025-06-01,0.0,1.11,0.0,100.0,0.0,0.0,inf,1.11,10.48,2026-02-10 21:39:52,True,Florida,
Happy Place,2023-10-01,64.36,54.36,100.0,100.0,44.0,29.0,-15.54,-10.0,11.72,2026-02-10 21:40:20,True,Iowa,
"Hama-Kimi: For You In Full Blossom, Vol. 1",2023-02-01,0.0,0.0,0.0,0.0,0.0,0.0,0.0,0.0,0.0,2026-02-10 21:40:49,True,Pennsylvania,
"Hana-Kimi: For You in Full Blossom (Series, Title Not Specified)",2024-06-01,0.0,0.0,0.0,0.0,0.0,0.0,0.0,0.0,0.0,2026-02-10 21:41:17,True,Texas,
Hands-On Bible,2023-06-01,0.0,0.0,0.0,0.0,0.0,0.0,0.0,0.0,0.0,2026-02-10 21:41:45,True,Florida,
Hank and Jim: The Fifty-Year Friendship of Henry Fonda and James Stewart,2023-08-01,1.11,0.0,100.0,0.0,0.0,0.0,-100.0,-1.11,10.48,2026-02-10 21:42:12,True,Florida,
Half Lost,2023-08-01,37.39,44.32,100.0,100.0,0.0,0.0,18.54,6.93,23.93,2026-02-10 21:42:39,True,Florida,
Halfway Perfect,2023-08-01,0.0,1.11,0.0,100.0,0.0,0.0,inf,1.11,10.48,2026-02-10 21:43:05,True,Florida,
Halloween ABC,2024-10-01,3.96,9.54,100.0,100.0,0.0,0.0,141.29,5.59,18.62,2026-02-10 21:43:32,True,Florida,
HIV infection: The Facts You Need to Know,2023-08-01,1.11,1.11,100.0,100.0,0.0,0.0,0.0,0.0,10.48,2026-02-10 21:43:59,True,Florida,
Hachiko: The True Story of a Loyal Dog,2022-01-01,1.11,0.0,100.0,0.0,0.0,0.0,-100.0,-1.11,10.48,2026-02-10 21:44:27,True,Florida,
Hades (AA),2024-12-01,0.0,0.0,0.0,0.0,0.0,0.0,0.0,0.0,0.0,2026-02-10 21:44:56,True,Florida,
Hades (KR),2025-04-01,0.0,0.0,0.0,0.0,0.0,0.0,0.0,0.0,0.0,2026-02-10 21:45:23,True,Tennessee,
Health Issues When You're Transgender,2024-08-01,0.0,0.0,0.0,0.0,0.0,0.0,0.0,0.0,0.0,2026-02-10 21:45:49,True,Texas,
Healthy Romantic Relationships,2024-11-01,0.0,0.0,0.0,0.0,0.0,0.0,0.0,0.0,0.0,2026-02-10 21:46:17,True,Texas,
Heart of A Champion,2025-06-01,4.97,1.98,100.0,100.0,0.0,0.0,-60.18,-2.99,16.36,2026-02-10 21:46:45,True,Florida,
Heart of Stone,2024-06-01,54.18,47.48,100.0,100.0,27.0,20.0,-12.37,-6.7,14.64,2026-02-10 21:47:12,True,Florida,
Hawks,2024-11-01,38.19,39.22,100.0,100.0,26.0,18.0,2.71,1.03,15.2,2026-02-10 21:47:39,True,Texas,
Head Above Water,2023-10-01,10.91,18.21,100.0,100.0,0.0,0.0,66.9,7.3,29.29,2026-02-10 21:48:05,True,Florida,
Headlock,2023-08-01,17.83,45.91,100.0,100.0,0.0,0.0,157.45,28.08,26.97,2026-02-10 21:48:33,True,Florida,
Health,2024-08-01,76.2,76.27,100.0,100.0,41.0,42.0,0.09,0.07,20.52,2026-02-10 21:49:02,True,Virginia,
Hate Crime in America: From Prejudice to Violence,2024-08-01,0.0,1.11,0.0,100.0,0.0,0.0,inf,1.11,10.48,2026-02-10 21:49:34,True,Texas,
Hate Groups,2025-02-01,22.73,34.3,100.0,100.0,0.0,0.0,50.88,11.57,34.5,2026-02-10 21:50:11,True,Tennessee,
Haunted Homes,2025-02-01,0.0,1.11,0.0,100.0,0.0,0.0,inf,1.11,10.48,2026-02-10 21:50:49,True,Tennessee,
Having Young,2023-10-01,64.99,65.82,100.0,100.0,39.0,26.0,1.28,0.83,14.02,2026-02-10 21:51:28,True,Iowa,
"Harley, Like a Person",2023-08-01,0.0,1.11,0.0,100.0,0.0,0.0,inf,1.11,10.48,2026-02-10 21:52:03,True,Florida,
"Harrison Dwight, Ballerina and Knight",2024-06-01,0.0,0.0,0.0,0.0,0.0,0.0,0.0,0.0,0.0,2026-02-10 21:52:31,True,Iowa,
Harry Versus the First 100 Days of School,2023-10-01,0.0,0.0,0.0,0.0,0.0,0.0,0.0,0.0,0.0,2026-02-10 21:53:06,True,Florida,
Girl Online: The First Novel by Zoella,2024-06-01,0.0,0.0,0.0,0.0,0.0,0.0,0.0,0.0,0.0,2026-02-10 21:53:33,True,Iowa,
Girl Talk: The Ultimate Body & Puberty Book for Girls,2022-09-01,0.0,0.0,0.0,0.0,0.0,0.0,0.0,0.0,0.0,2026-02-10 21:54:15,True,Missouri,
Heartstopper: Volume Two (Heartstopper Series),2022-02-01,0.0,0.0,0.0,0.0,0.0,0.0,0.0,0.0,0.0,2026-02-10 21:55:04,True,Tennessee,
Heather Has Two Mommies,2021-12-01,1.62,0.0,100.0,0.0,0.0,0.0,-100.0,-1.62,10.97,2026-02-10 21:55:30,True,Pennsylvania,
Gideon the Ninth (The Locked Tomb Series),2022-02-01,0.0,0.0,0.0,0.0,0.0,0.0,0.0,0.0,0.0,2026-02-10 21:56:20,True,Tennessee,
Gilgamesh: A Graphic Novel,2022-08-01,0.0,1.11,0.0,100.0,0.0,0.0,inf,1.11,10.48,2026-02-10 21:56:47,True,Missouri,
Giotto di Bondon: About 1267-1337,2025-04-01,0.0,0.0,0.0,0.0,0.0,0.0,0.0,0.0,0.0,2026-02-10 21:57:37,True,Tennessee,
Girl Boy Etc,2024-06-01,1.11,0.0,100.0,0.0,0.0,0.0,-100.0,-1.11,10.48,2026-02-10 21:58:03,True,Florida,
Ghost Houses,2024-10-01,3.56,8.07,100.0,100.0,0.0,0.0,126.88,4.51,20.39,2026-02-10 21:58:52,True,Pennsylvania,
Giant Days: Not On the Test Edition Vol. 1 - Fall Semester,2022-09-01,0.0,0.0,0.0,0.0,0.0,0.0,0.0,0.0,0.0,2026-02-10 21:59:44,True,Missouri,
Giants,2023-08-01,51.12,17.96,100.0,100.0,29.0,6.0,-64.88,-33.17,23.79,2026-02-10 22:00:11,True,Florida,
Heart-Shaped Box,2023-11-01,1.11,1.11,100.0,100.0,0.0,0.0,0.0,0.0,10.48,2026-02-10 22:00:59,True,Wisconsin,
Heartbreak Hotel,2024-06-01,18.58,10.01,100.0,100.0,0.0,0.0,-46.11,-8.57,21.84,2026-02-10 22:01:25,True,Florida,
Heartstopper: Volume One (Heartstopper Series),2022-02-01,0.0,0.0,0.0,0.0,0.0,0.0,0.0,0.0,0.0,2026-02-10 22:02:14,True,Tennessee,
Hernan Cortes,2023-08-01,26.0,44.88,100.0,100.0,0.0,0.0,72.61,18.88,31.23,2026-02-10 22:02:40,True,Florida,
Hero Tales: A Family Treasury of True Stories from the Lives of Christian Heroes,2023-06-01,1.11,0.0,100.0,0.0,0.0,0.0,-100.0,-1.11,10.48,2026-02-10 22:09:17,True,Florida,
Heroes,2023-12-01,86.73,84.1,100.0,100.0,75.0,73.0,-3.04,-2.63,5.06,2026-02-10 22:09:45,True,Florida,
Heroin,2025-02-01,63.17,79.82,100.0,100.0,44.0,65.0,26.37,16.66,12.47,2026-02-10 22:10:12,True,Tennessee,
"Henry VIII's Last Victim: The Life and Times of Henry Howard, Earl of Surrey",2024-06-01,0.0,0.0,0.0,0.0,0.0,0.0,0.0,0.0,0.0,2026-02-10 22:10:40,True,Florida,
Her Royal Highness (Royals Series),2022-02-01,0.0,0.0,0.0,0.0,0.0,0.0,0.0,0.0,0.0,2026-02-10 22:11:07,True,Tennessee,
Here the Whole Time,2022-02-01,1.11,2.11,100.0,100.0,0.0,0.0,90.0,1.0,12.39,2026-02-10 22:11:47,True,Tennessee,
Heretics of Dune,2023-08-01,0.0,0.0,0.0,0.0,0.0,0.0,0.0,0.0,0.0,2026-02-10 22:12:14,True,Florida,
"Hello, I Lied",2021-12-01,0.0,1.11,0.0,100.0,0.0,0.0,inf,1.11,10.48,2026-02-10 22:12:40,True,Texas,
Helter Skelter: The True Story of the Manson Murders,2023-08-01,0.0,1.11,0.0,100.0,0.0,0.0,inf,1.11,10.48,2026-02-10 22:13:07,True,Maine,
Henri Matisse,2023-08-01,36.43,55.7,100.0,100.0,0.0,0.0,52.88,19.27,29.19,2026-02-10 22:14:08,True,Florida,
Henry Taylor: B Side,2025-04-01,0.0,0.0,0.0,0.0,0.0,0.0,0.0,0.0,0.0,2026-02-10 22:14:35,True,Tennessee,
"Heels, Heartache and Headlines",2024-06-01,0.0,0.0,0.0,0.0,0.0,0.0,0.0,0.0,0.0,2026-02-10 22:15:24,True,Florida,
Helen Keller: Courageous Advocate,2024-11-01,1.11,1.11,100.0,100.0,0.0,0.0,0.0,0.0,10.48,2026-02-10 22:15:51,True,Texas,
"Hello Melancholic (Series, Title Not Specified)",2023-08-01,0.0,0.0,0.0,0.0,0.0,0.0,0.0,0.0,0.0,2026-02-10 22:16:21,True,Georgia,
Hockey Girl Loves Drama Boy,2024-08-01,0.0,0.0,0.0,0.0,0.0,0.0,0.0,0.0,0.0,2026-02-10 22:16:48,True,Texas,
Hold Fast,2024-11-01,70.17,62.1,100.0,100.0,35.0,29.0,-11.5,-8.07,15.53,2026-02-10 22:17:15,True,Texas,
Holding up the Universe,2023-02-01,3.91,1.11,100.0,100.0,0.0,0.0,-71.59,-2.8,14.93,2026-02-10 22:17:43,True,Pennsylvania,
Holes,2024-11-01,75.7,86.13,100.0,100.0,65.0,57.0,13.78,10.43,7.68,2026-02-10 22:18:10,True,Texas,
Him,2023-01-01,83.34,65.8,100.0,100.0,60.0,52.0,-21.05,-17.54,11.99,2026-02-10 22:18:37,True,Minnesota,
His Dark Materials,2023-08-01,42.44,28.32,100.0,100.0,20.0,13.0,-33.27,-14.12,15.0,2026-02-10 22:19:03,True,Florida,
History of Western Art in Comics Part One: From Prehistory to the Renaissance,2022-09-01,1.11,0.0,100.0,0.0,0.0,0.0,-100.0,-1.11,10.48,2026-02-10 22:19:29,True,Missouri,
Hitler Youth: Growing Up in Hitler's Shadow,2025-02-01,0.0,0.0,0.0,0.0,0.0,0.0,0.0,0.0,0.0,2026-02-10 22:19:55,True,Tennessee,
Hidden Figures: the American Dream and the Untold Story of the Black Women Mathematicians Who Helped Win the Space Race,2025-02-01,,,,,,,,,,2026-02-10 22:20:51,False,Tennessee,The request failed: Google returned a response with code 400
"Hider, Seeker, Secret Keeper",2024-11-01,0.0,1.11,0.0,100.0,0.0,0.0,inf,1.11,10.48,2026-02-10 22:21:18,True,Texas,
High Heat,2025-06-01,82.49,56.59,100.0,100.0,61.0,38.0,-31.4,-25.9,16.51,2026-02-10 22:21:44,True,Florida,
"Hikaru No Go (Series, Title Not Specified)",2024-11-01,0.0,1.11,0.0,100.0,0.0,0.0,inf,1.11,10.48,2026-02-10 22:22:10,True,Texas,
Herzog,2024-06-01,9.92,64.78,100.0,100.0,5.0,39.0,552.86,54.86,29.87,2026-02-10 22:22:36,True,Florida,
"Hi, Jack!",2024-06-01,0.0,0.0,0.0,0.0,0.0,0.0,0.0,0.0,0.0,2026-02-10 22:23:02,True,Florida,
Hidden (House of Night Series),2021-11-01,0.0,1.11,0.0,100.0,0.0,0.0,inf,1.11,10.48,2026-02-10 22:23:28,True,Florida,
Home,2023-08-01,78.36,82.88,100.0,100.0,71.0,75.0,5.77,4.52,4.75,2026-02-10 22:23:54,True,Florida,
Home Again,2024-06-01,46.56,74.49,100.0,100.0,35.0,57.0,60.0,27.93,16.35,2026-02-10 22:24:20,True,Iowa,
Home Life in Ancient Egypt,2025-02-01,0.0,1.11,0.0,100.0,0.0,0.0,inf,1.11,10.48,2026-02-10 22:24:46,True,Tennessee,
Home Life in Ancient Rome,2025-02-01,1.11,1.11,100.0,100.0,0.0,0.0,0.0,0.0,10.48,2026-02-10 22:25:14,True,Tennessee,
Georgia O'Keeffe,2025-04-01,53.21,53.18,100.0,100.0,25.0,28.0,-0.06,-0.03,15.55,2026-02-10 22:25:39,True,Tennessee,
Gertrude and Claudius,2023-10-01,2.77,18.03,100.0,100.0,0.0,0.0,551.81,15.27,23.23,2026-02-10 22:26:05,True,Florida,
"Get a Grip, Vivy Cohen",2023-12-01,0.0,1.11,0.0,100.0,0.0,0.0,inf,1.11,10.48,2026-02-10 22:43:07,True,Florida,
Gendercide: The Implications of Sex Selection,2024-06-01,0.0,1.11,0.0,100.0,0.0,0.0,inf,1.11,10.48,2026-02-10 22:43:35,True,Texas,
Genesis: The Jewish Children's Bible,2023-06-01,0.0,1.11,0.0,100.0,0.0,0.0,inf,1.11,10.48,2026-02-10 22:59:14,True,Florida,
Gentle Annie: The True Story of a Civil War Nurse,2024-08-01,0.0,0.0,0.0,0.0,0.0,0.0,0.0,0.0,0.0,2026-02-10 22:59:58,True,Florida,
Gentlemen,2025-02-01,33.71,65.8,100.0,100.0,14.0,49.0,95.19,32.09,21.9,2026-02-10 23:00:24,True,Tennessee,
Holocaust Rescue and Liberation,2022-09-01,0.0,0.0,0.0,0.0,0.0,0.0,0.0,0.0,0.0,2026-02-10 23:01:38,True,Missouri,
Gender Issues,2024-08-01,27.34,39.88,100.0,100.0,0.0,0.0,45.84,12.53,31.66,2026-02-10 23:02:05,True,Texas,
Gender Outlaws: The Next Generation,2022-10-01,0.0,0.0,0.0,0.0,0.0,0.0,0.0,0.0,0.0,2026-02-10 23:02:31,True,Missouri,
"Gender Rebels: 30 Trans, Nonbinary, and Gender Expansive Heroes Past and Present",2024-08-01,0.0,0.0,0.0,0.0,0.0,0.0,0.0,0.0,0.0,2026-02-10 23:03:17,True,Texas,
Hoop City: Los Angeles,2024-06-01,0.0,0.0,0.0,0.0,0.0,0.0,0.0,0.0,0.0,2026-02-10 23:03:43,True,Texas,
"Hoop City: Washington, D.C",2024-06-01,1.11,0.0,100.0,0.0,0.0,0.0,-100.0,-1.11,10.48,2026-02-10 23:04:31,True,Texas,
Hoot,2023-08-01,72.36,74.81,100.0,100.0,50.0,55.0,3.39,2.46,10.48,2026-02-10 23:04:58,True,Florida,
Horror in Maryland,2023-02-01,1.11,0.0,100.0,0.0,0.0,0.0,-100.0,-1.11,10.48,2026-02-10 23:05:47,True,Wisconsin,
"Honey, Baby, Sweetheart",2023-08-01,1.11,1.11,100.0,100.0,0.0,0.0,0.0,0.0,10.48,2026-02-10 23:06:13,True,Florida,
Hook Up,2021-12-01,80.09,53.36,100.0,100.0,64.0,38.0,-33.38,-26.73,16.24,2026-02-10 23:08:41,True,Texas,
Hoop City: Baltimore,2024-06-01,0.0,0.0,0.0,0.0,0.0,0.0,0.0,0.0,0.0,2026-02-10 23:09:32,True,Texas,
Hoop City: Detroit,2024-06-01,0.0,1.11,0.0,100.0,0.0,0.0,inf,1.11,10.48,2026-02-10 23:09:58,True,Texas,
Homecoming (Fat Angie Series),2022-02-01,0.0,0.0,0.0,0.0,0.0,0.0,0.0,0.0,0.0,2026-02-10 23:10:47,True,Tennessee,
Homosexuality,2024-08-01,57.88,67.99,100.0,100.0,39.0,48.0,17.47,10.11,11.81,2026-02-10 23:11:13,True,Pennsylvania,
"Homosexuality Around the World: Safe Havens, Cultural Challenges",2021-12-01,0.0,0.0,0.0,0.0,0.0,0.0,0.0,0.0,0.0,2026-02-10 23:13:53,True,Texas,
Honestly Ben (Openly Straight Series),2021-12-01,0.0,0.0,0.0,0.0,0.0,0.0,0.0,0.0,0.0,2026-02-10 23:14:19,True,Texas,
Home and Family Relationships,2024-08-01,0.0,2.18,0.0,100.0,0.0,0.0,inf,2.18,14.45,2026-02-10 23:15:07,True,Texas,
Home for the Holidays,2022-11-01,25.24,21.89,100.0,100.0,0.0,0.0,-13.29,-3.36,22.1,2026-02-10 23:15:33,True,Texas,
Homecoming,2025-06-01,67.37,36.17,100.0,100.0,54.0,15.0,-46.31,-31.2,22.03,2026-02-10 23:19:44,True,Florida,
Gays and Lesbians,2023-06-01,1.11,2.09,100.0,100.0,0.0,0.0,88.0,0.98,12.31,2026-02-10 23:20:32,True,Florida,
Gearbreakers (Gearbreakers Series),2022-02-01,0.0,1.11,0.0,100.0,0.0,0.0,inf,1.11,10.48,2026-02-10 23:20:58,True,Tennessee,
Geektastic: Stories from the Nerd Herd,2023-12-01,0.0,0.0,0.0,0.0,0.0,0.0,0.0,0.0,0.0,2026-02-10 23:21:44,True,Florida,
Gender Expansive,2024-08-01,0.0,0.0,0.0,0.0,0.0,0.0,0.0,0.0,0.0,2026-02-10 23:22:13,True,Texas,
"Gay People of Color: Facing Prejudices, Forging Identities",2021-12-01,1.11,0.0,100.0,0.0,0.0,0.0,-100.0,-1.11,10.48,2026-02-10 23:22:46,True,Texas,
Gay Rights (RK),2023-06-01,0.0,0.0,0.0,0.0,0.0,0.0,0.0,0.0,0.0,2026-02-10 23:23:12,True,Florida,
"Gay and Lesbian History for Kids: The Century-Long Struggle LGBT Rights, with 21 Activities",2023-10-01,0.0,0.0,0.0,0.0,0.0,0.0,0.0,0.0,0.0,2026-02-10 23:24:01,True,South Carolina,
Gay and Lesbian Role Models,2021-12-01,0.0,1.11,0.0,100.0,0.0,0.0,inf,1.11,10.48,2026-02-10 23:25:13,True,Texas,
House of Sky and Breath (Crescent City Series),2022-05-01,0.0,0.0,0.0,0.0,0.0,0.0,0.0,0.0,0.0,2026-02-10 23:25:57,True,Florida,
Gay & Lesbian Youth,2023-06-01,0.0,0.0,0.0,0.0,0.0,0.0,0.0,0.0,0.0,2026-02-10 23:26:23,True,Florida,
Gay Believers: Homosexuality and Religion,2021-12-01,0.0,0.0,0.0,0.0,0.0,0.0,0.0,0.0,0.0,2026-02-10 23:27:11,True,Texas,
Hotel on the Corner of Bitter and Sweet,2023-11-01,0.0,2.11,0.0,100.0,0.0,0.0,inf,2.11,14.02,2026-02-10 23:28:01,True,Wisconsin,
House of Dark Shadows,2022-10-01,1.11,2.86,100.0,100.0,0.0,0.0,157.0,1.74,11.21,2026-02-10 23:28:27,True,Texas,
House of Furies (House of Furies Series),2021-10-01,0.0,0.0,0.0,0.0,0.0,0.0,0.0,0.0,0.0,2026-02-10 23:29:16,True,Oklahoma,
"House of Night (Series, Title not Specified)",2023-10-01,0.0,0.0,0.0,0.0,0.0,0.0,0.0,0.0,0.0,2026-02-10 23:29:42,True,Iowa,
Howl and Other Poems,2023-12-01,0.0,0.0,0.0,0.0,0.0,0.0,0.0,0.0,0.0,2026-02-10 23:30:32,True,Florida,
Human Anatomy: The Definitive Visual Guide,2025-04-01,0.0,1.11,0.0,100.0,0.0,0.0,inf,1.11,10.48,2026-02-10 23:30:59,True,Tennessee,
Human Body: A Book with Guts!,2024-11-01,1.11,1.11,100.0,100.0,0.0,0.0,0.0,0.0,10.48,2026-02-10 23:31:35,True,Texas,
Human Rights in Focus: The LGBT Community,2024-08-01,0.0,0.0,0.0,0.0,0.0,0.0,0.0,0.0,0.0,2026-02-10 23:32:22,True,Texas,
How the Prince of Elfhame Learned to Hate Stories,2023-08-01,0.0,0.0,0.0,0.0,0.0,0.0,0.0,0.0,0.0,2026-02-10 23:32:50,True,Florida,
How to Become a Planet,2023-08-01,1.11,6.1,100.0,100.0,0.0,0.0,449.0,4.99,16.31,2026-02-10 23:33:43,True,Florida,
How to Make A Mummy Talk,2025-02-01,0.0,1.11,0.0,100.0,0.0,0.0,inf,1.11,10.48,2026-02-10 23:34:09,True,Tennessee,
How It Went Down,2023-08-01,29.68,36.36,100.0,100.0,0.0,0.0,22.5,6.68,33.07,2026-02-10 23:34:59,True,Florida,
How Not to Disappear,2024-11-01,11.04,20.2,100.0,100.0,0.0,0.0,82.9,9.16,30.01,2026-02-10 23:35:53,True,Texas,
How Stella Got Her Groove Back,2023-10-01,4.42,2.51,100.0,100.0,0.0,0.0,-43.22,-1.91,16.5,2026-02-10 23:36:19,True,Florida,
Gender Identity,2024-08-01,23.2,57.03,100.0,100.0,9.0,22.0,145.83,33.83,21.64,2026-02-10 23:37:08,True,Texas,
How Dare The Sun Rise: Memoirs Of A War Child,2024-06-01,0.0,0.0,0.0,0.0,0.0,0.0,0.0,0.0,0.0,2026-02-10 23:37:34,True,Florida,
How I Grew,2023-08-01,34.91,41.3,100.0,100.0,0.0,0.0,18.3,6.39,32.48,2026-02-10 23:38:23,True,Florida,
How I Made It to Eighteen: A Mostly True Story,2023-11-01,0.0,0.0,0.0,0.0,0.0,0.0,0.0,0.0,0.0,2026-02-10 23:38:52,True,Wisconsin,
GLBT Teens and Society,2021-12-01,0.0,0.0,0.0,0.0,0.0,0.0,0.0,0.0,0.0,2026-02-10 23:39:44,True,Texas,
Gabriella and Alexander: Two Tales of Palace Intrigue and Royal Romance,2024-06-01,1.11,0.0,100.0,0.0,0.0,0.0,-100.0,-1.11,10.48,2026-02-10 23:40:33,True,Florida,
Galatea: A Short Story,2025-06-01,0.0,0.0,0.0,0.0,0.0,0.0,0.0,0.0,0.0,2026-02-10 23:40:59,True,Florida,
Gangs and Wanting to Belong,2024-06-01,1.11,0.0,100.0,0.0,0.0,0.0,-100.0,-1.11,10.48,2026-02-10 23:41:48,True,Florida,
"Fruits Basket, Vol. 14",2023-02-01,0.0,1.11,0.0,100.0,0.0,0.0,inf,1.11,10.48,2026-02-10 23:42:14,True,Pennsylvania,
Frío cae blanco,2024-08-01,0.0,0.0,0.0,0.0,0.0,0.0,0.0,0.0,0.0,2026-02-10 23:43:03,True,Texas,
Full House,2023-10-01,25.1,60.36,100.0,100.0,18.0,44.0,140.46,35.26,20.49,2026-02-10 23:43:30,True,Florida,
"Hush, Hush",2023-11-01,0.0,0.0,0.0,0.0,0.0,0.0,0.0,0.0,0.0,2026-02-10 23:44:40,True,Wisconsin,
"Hymns for a Kid's Heart, Vol. 1",2023-06-01,1.11,0.0,100.0,0.0,0.0,0.0,-100.0,-1.11,10.48,2026-02-10 23:45:06,True,Florida,
Front Lines,2023-08-01,57.42,67.01,100.0,100.0,34.0,29.0,16.7,9.59,15.55,2026-02-10 23:45:54,True,Florida,
Human Trafficking,2023-10-01,39.96,37.69,100.0,100.0,22.0,21.0,-5.67,-2.27,17.39,2026-02-10 23:46:44,True,Iowa,
Humvees,2024-11-01,1.11,3.01,100.0,100.0,0.0,0.0,171.0,1.9,12.92,2026-02-10 23:47:10,True,Texas,
Hunting by Stars,2023-08-01,0.0,0.0,0.0,0.0,0.0,0.0,0.0,0.0,0.0,2026-02-10 23:47:58,True,Florida,
Hush! A Thai Lullaby,2022-01-01,0.0,0.0,0.0,0.0,0.0,0.0,0.0,0.0,0.0,2026-02-10 23:48:24,True,Florida,
I is for Immigrants,2023-06-01,11.27,3.87,100.0,100.0,0.0,0.0,-65.68,-7.4,22.54,2026-02-10 23:49:14,True,Florida,
I'll Be Gone in the Dark: One Woman's Obsessive Search for the Golden State Killer,2023-08-01,0.0,0.0,0.0,0.0,0.0,0.0,0.0,0.0,0.0,2026-02-10 23:49:40,True,Maine,
I'll Give you the Sun,2024-11-01,1.11,1.11,100.0,100.0,0.0,0.0,0.0,0.0,10.48,2026-02-10 23:50:15,True,Texas,
I Think I Love You,2022-02-01,66.22,78.79,100.0,100.0,33.0,52.0,18.98,12.57,12.82,2026-02-10 23:50:42,True,Tennessee,
I Was a Teenage Fairy,2023-12-01,0.0,0.0,0.0,0.0,0.0,0.0,0.0,0.0,0.0,2026-02-10 23:51:24,True,Florida,
I Will Call it Georgie's Blues,2023-10-01,0.0,0.0,0.0,0.0,0.0,0.0,0.0,0.0,0.0,2026-02-10 23:52:12,True,Florida,
I Wish You All the Best (I Wish You All the Best Series),2022-02-01,0.0,1.11,0.0,100.0,0.0,0.0,inf,1.11,10.48,2026-02-10 23:52:39,True,Tennessee,
I Kissed Alice,2022-02-01,0.0,0.0,0.0,0.0,0.0,0.0,0.0,0.0,0.0,2026-02-10 23:53:29,True,Tennessee,
I Must Betray You,2023-09-01,6.21,20.64,100.0,100.0,0.0,0.0,232.38,14.43,28.88,2026-02-10 23:53:58,True,Florida,
"I See London, I see France",2024-10-01,0.0,0.0,0.0,0.0,0.0,0.0,0.0,0.0,0.0,2026-02-10 23:54:48,True,Tennessee,
I Am the Cheese,2024-06-01,2.68,0.0,100.0,0.0,0.0,0.0,-100.0,-2.68,14.67,2026-02-10 23:55:14,True,Florida,
I Hadn't Meant to Tell You This,2023-08-01,0.0,0.0,0.0,0.0,0.0,0.0,0.0,0.0,0.0,2026-02-10 23:55:46,True,Florida,
"I Heart You, You Haunt Me",2023-08-01,0.0,1.11,0.0,100.0,0.0,0.0,inf,1.11,10.48,2026-02-10 23:56:13,True,Florida,
From the Desk of Zoe Washington,2023-06-01,0.0,0.0,0.0,0.0,0.0,0.0,0.0,0.0,0.0,2026-02-10 23:57:02,True,Florida,
"I, Emma Freke",2024-08-01,0.0,0.0,0.0,0.0,0.0,0.0,0.0,0.0,0.0,2026-02-10 23:57:28,True,Florida,
Ice Kissed,2023-08-01,0.0,0.0,0.0,0.0,0.0,0.0,0.0,0.0,0.0,2026-02-10 23:58:17,True,Florida,
Ice Wolves,2025-04-01,8.93,7.87,100.0,100.0,0.0,0.0,-11.94,-1.07,24.17,2026-02-10 23:58:42,True,Florida,
"Frida Kahlo, 1907-1954: Pain and Passion",2025-04-01,0.0,0.0,0.0,0.0,0.0,0.0,0.0,0.0,0.0,2026-02-10 23:59:32,True,Tennessee,
Friendship to the Max,2024-06-01,0.0,0.0,0.0,0.0,0.0,0.0,0.0,0.0,0.0,2026-02-11 00:00:04,True,Iowa,
From Ashes,2024-06-01,69.33,73.83,100.0,100.0,47.0,52.0,6.49,4.5,10.57,2026-02-11 00:00:33,True,Iowa,
From Where I Watch You,2023-12-01,13.78,16.61,100.0,100.0,0.0,0.0,20.56,2.83,30.01,2026-02-11 00:01:45,True,Florida,
Free to Fall,2023-08-01,63.42,57.38,100.0,100.0,29.0,13.0,-9.53,-6.04,19.32,2026-02-11 00:04:37,True,Florida,
Freedom's Choice,2024-06-01,2.08,0.0,100.0,0.0,0.0,0.0,-100.0,-2.08,13.82,2026-02-11 00:05:02,True,Florida,
Frequently Asked Questions About Same-Sex Marriage and When A Parent is Gay,2023-10-01,0.0,0.0,0.0,0.0,0.0,0.0,0.0,0.0,0.0,2026-02-11 00:05:49,True,Iowa,
I'll Meet You There,2023-08-01,0.0,0.0,0.0,0.0,0.0,0.0,0.0,0.0,0.0,2026-02-11 00:06:15,True,Florida,
I'm A Gay Wizard,2021-11-01,1.11,1.11,100.0,100.0,0.0,0.0,0.0,0.0,10.48,2026-02-11 00:07:07,True,Virginia,
I'm with Cupid,2024-06-01,1.11,0.0,100.0,0.0,0.0,0.0,-100.0,-1.11,10.48,2026-02-11 00:10:32,True,Iowa,
Free Speech Handbook: A Practical Framework for Understanding Our Free Speech Protections,2024-08-01,0.0,0.0,0.0,0.0,0.0,0.0,0.0,0.0,0.0,2026-02-11 00:11:01,True,Virginia,
Fragile Remedy,2022-02-01,1.11,0.0,100.0,0.0,0.0,0.0,-100.0,-1.11,10.48,2026-02-11 00:11:46,True,Tennessee,
Frankenstein,2023-03-01,54.8,68.98,100.0,100.0,28.0,43.0,25.87,14.18,17.55,2026-02-11 00:12:12,True,Florida,
Frannie and Tru,2024-08-01,1.11,0.0,100.0,0.0,0.0,0.0,-100.0,-1.11,10.48,2026-02-11 00:16:48,True,Texas,
Freaky Green Eyes,2025-02-01,0.0,0.0,0.0,0.0,0.0,0.0,0.0,0.0,0.0,2026-02-11 00:17:32,True,Tennessee,
Fortuna,2023-09-01,77.47,70.96,100.0,100.0,63.0,59.0,-8.41,-6.51,7.87,2026-02-11 00:17:59,True,Florida,
"Foundations in Personal Finance, 2022, 4th Edition",2025-06-01,0.0,0.0,0.0,0.0,0.0,0.0,0.0,0.0,0.0,2026-02-11 00:18:47,True,Florida,
"Four Feet, Two Sandals",2022-01-01,0.0,0.0,0.0,0.0,0.0,0.0,0.0,0.0,0.0,2026-02-11 00:19:13,True,Florida,
Foxfire: Confessions of a Girl Gang,2023-10-01,0.0,1.11,0.0,100.0,0.0,0.0,inf,1.11,10.48,2026-02-11 00:23:36,True,Florida,
Identify,2024-08-01,56.96,62.93,100.0,100.0,40.0,24.0,10.5,5.98,17.46,2026-02-11 00:24:02,True,Texas,
If I Grow Up,2023-08-01,11.16,17.11,100.0,100.0,0.0,0.0,53.39,5.96,28.32,2026-02-11 00:24:41,True,Florida,
Forget Me Not (CD),2024-03-01,0.0,0.0,0.0,0.0,0.0,0.0,0.0,0.0,0.0,2026-02-11 00:25:07,True,Iowa,
Iceman,2023-10-01,48.63,40.62,100.0,100.0,30.0,29.0,-16.47,-8.01,11.17,2026-02-11 00:25:53,True,Florida,
Icy Sparks,2024-06-01,0.0,0.0,0.0,0.0,0.0,0.0,0.0,0.0,0.0,2026-02-11 00:26:41,True,Florida,
Ida and Jake Hunt for Treasure!,2023-03-01,1.11,0.0,100.0,0.0,0.0,0.0,-100.0,-1.11,10.48,2026-02-11 00:27:08,True,Florida,
Ida and Jake Versus Mister Plant,2023-03-01,0.0,0.0,0.0,0.0,0.0,0.0,0.0,0.0,0.0,2026-02-11 00:27:57,True,Florida,
In Every Life,2024-06-01,58.16,55.27,100.0,100.0,25.0,29.0,-4.97,-2.89,17.22,2026-02-11 00:28:23,True,Iowa,
In Nightfall,2024-08-01,11.5,7.13,100.0,100.0,0.0,0.0,-37.97,-4.37,23.74,2026-02-11 00:29:13,True,Florida,
In Praise of Black Women: Ancient African Queens,2025-04-01,0.0,1.11,0.0,100.0,0.0,0.0,inf,1.11,10.48,2026-02-11 00:29:39,True,Tennessee,
In Your Dreams,2023-10-01,69.76,77.66,100.0,100.0,50.0,57.0,11.33,7.9,9.38,2026-02-11 00:30:28,True,Florida,
"Imogen, Obviously",2024-08-01,0.0,0.0,0.0,0.0,0.0,0.0,0.0,0.0,0.0,2026-02-11 00:30:55,True,Texas,
Imperio de Tormentas,2023-08-01,0.0,0.0,0.0,0.0,0.0,0.0,0.0,0.0,0.0,2026-02-11 00:31:44,True,Florida,
"Impressionism and Post-Impressionism: The Hermitage, Leningrad, the Pushkin Museum of Fine Arts, Moscow, and the National Gallery of Art, Washington",2025-04-01,,,,,,,,,,2026-02-11 00:33:02,False,Tennessee,The request failed: Google returned a response with code 400
In A Glass Grimmly,2024-12-01,0.0,0.0,0.0,0.0,0.0,0.0,0.0,0.0,0.0,2026-02-11 00:33:34,True,Tennessee,
Illegal,2022-10-01,57.76,84.21,100.0,100.0,48.0,70.0,45.81,26.46,14.96,2026-02-11 00:34:01,True,Texas,
Illusions,2024-11-01,66.47,56.32,100.0,100.0,49.0,29.0,-15.26,-10.14,12.91,2026-02-11 00:34:47,True,Texas,
"Imbeciles: The Supreme Court, American Eugenics, and the Sterilization of Carrie Buck",2021-11-01,0.0,0.0,0.0,0.0,0.0,0.0,0.0,0.0,0.0,2026-02-11 00:35:13,True,Florida,
If They Come for Us: Poems,2024-06-01,0.0,0.0,0.0,0.0,0.0,0.0,0.0,0.0,0.0,2026-02-11 00:36:04,True,Iowa,
If You Leave,2024-06-01,85.89,89.11,100.0,100.0,74.0,77.0,3.75,3.22,5.34,2026-02-11 00:39:25,True,Iowa,
If You'll Have Me,2024-08-01,1.72,1.11,100.0,100.0,0.0,0.0,-35.48,-0.61,11.22,2026-02-11 00:39:51,True,Texas,
If You're a Kid Like Gavin: The True Story of a Young Trans Activist,2024-06-01,0.0,1.11,0.0,100.0,0.0,0.0,inf,1.11,10.48,2026-02-11 00:40:19,True,Iowa,
Incarceron,2023-08-01,1.11,1.11,100.0,100.0,0.0,0.0,0.0,0.0,10.48,2026-02-11 00:40:45,True,Florida,
Indestructible Object,2022-02-01,0.0,1.11,0.0,100.0,0.0,0.0,inf,1.11,10.48,2026-02-11 00:44:36,True,Tennessee,
Inexcusable,2023-10-01,3.7,9.99,100.0,100.0,0.0,0.0,169.97,6.29,21.71,2026-02-11 00:45:02,True,Iowa,
Infinite in Between,2023-10-01,10.07,16.62,100.0,100.0,0.0,0.0,65.12,6.56,28.43,2026-02-11 00:45:48,True,Iowa,
For the Love: Fighting for Grace in a World of Impossible Standards,2023-07-01,0.0,0.0,0.0,0.0,0.0,0.0,0.0,0.0,0.0,2026-02-11 00:46:16,True,Florida,
For the Wolf,2024-06-01,75.99,75.69,100.0,100.0,44.0,52.0,-0.39,-0.3,11.25,2026-02-11 00:47:06,True,Iowa,
Forests of the Night,2024-10-01,2.19,1.11,100.0,100.0,0.0,0.0,-49.24,-1.08,12.68,2026-02-11 00:47:54,True,Texas,
Forever or a Long Long Time,2025-05-01,1.11,1.11,100.0,100.0,0.0,0.0,0.0,0.0,10.48,2026-02-11 00:48:20,True,Florida,
Flush,2023-08-01,89.79,90.72,100.0,100.0,79.0,79.0,1.04,0.93,4.11,2026-02-11 00:49:09,True,Florida,
Folk and Fairy Tales: A Handbook,2024-10-01,1.11,0.0,100.0,0.0,0.0,0.0,-100.0,-1.11,10.48,2026-02-11 00:49:36,True,Texas,
For Colored Girls Who Have Considered Suicide / When the Rainbow Is Enuf: A Choreopoem,2024-06-01,0.0,0.0,0.0,0.0,0.0,0.0,0.0,0.0,0.0,2026-02-11 00:50:25,True,Florida,
In the Beauty of the Lilies,2023-10-01,0.0,0.0,0.0,0.0,0.0,0.0,0.0,0.0,0.0,2026-02-11 00:50:53,True,Florida,
In the Houses of the Holy: Led Zeppelin and the Power of Rock Music,2024-08-01,1.11,0.0,100.0,0.0,0.0,0.0,-100.0,-1.11,10.48,2026-02-11 00:51:43,True,Texas,
In the Lake of the Woods,2022-10-01,15.86,13.74,100.0,100.0,0.0,0.0,-13.31,-2.11,29.17,2026-02-11 00:52:31,True,Texas,
In the Neighborhood of True,2023-08-01,4.38,10.31,100.0,100.0,0.0,0.0,135.53,5.93,22.42,2026-02-11 00:52:58,True,Florida,
InuYasha Vol. 1,2025-05-01,1.11,0.0,100.0,0.0,0.0,0.0,-100.0,-1.11,10.48,2026-02-11 00:53:37,True,Tennessee,
Invisibility,2023-08-01,64.1,64.17,100.0,100.0,35.0,36.0,0.1,0.07,13.07,2026-02-11 00:54:04,True,Florida,
Invisible Heroes of World War II: Extraordinary Wartime Stories of Ordinary People,2024-11-01,0.0,1.87,0.0,100.0,0.0,0.0,inf,1.87,12.61,2026-02-11 00:54:55,True,Texas,
Iron Gold,2024-06-01,69.9,69.48,100.0,100.0,46.0,39.0,-0.6,-0.42,11.19,2026-02-11 00:55:21,True,Missouri,
Intersex,2024-08-01,61.37,6.5,100.0,100.0,38.0,3.0,-89.41,-54.87,30.25,2026-02-11 00:55:52,True,Texas,
Into White,2023-12-01,69.66,67.22,100.0,100.0,36.0,33.0,-3.49,-2.43,17.89,2026-02-11 00:56:19,True,Florida,
Into the Water,2023-08-01,42.66,57.04,100.0,100.0,24.0,18.0,33.73,14.39,25.43,2026-02-11 00:57:07,True,Florida,
Introducing Frankenstein Meets the Wolf Man,2024-06-01,0.0,0.0,0.0,0.0,0.0,0.0,0.0,0.0,0.0,2026-02-11 00:57:34,True,Texas,
Insatiable,2023-08-01,49.93,61.92,100.0,100.0,33.0,44.0,24.01,11.99,13.22,2026-02-11 00:58:23,True,Florida,
International Children's Story Bible,2023-06-01,0.0,0.0,0.0,0.0,0.0,0.0,0.0,0.0,0.0,2026-02-11 00:58:49,True,Florida,
Internet Famous,2024-11-01,8.78,18.43,100.0,100.0,0.0,0.0,110.0,9.66,25.73,2026-02-11 00:59:37,True,Texas,
Interracial Relationships,2024-08-01,0.0,1.11,0.0,100.0,0.0,0.0,inf,1.11,10.48,2026-02-11 01:00:03,True,Pennsylvania,
Infinity Reaper (Infinity Cycle Series),2021-11-01,0.0,2.17,0.0,100.0,0.0,0.0,inf,2.17,14.38,2026-02-11 01:00:52,True,Texas,
Inheritance,2022-10-01,38.76,28.77,100.0,100.0,29.0,17.0,-25.77,-9.99,12.37,2026-02-11 01:04:25,True,Texas,
Inkmistress,2023-08-01,0.0,0.0,0.0,0.0,0.0,0.0,0.0,0.0,0.0,2026-02-11 01:04:54,True,Florida,
Innocence,2024-06-01,17.18,65.97,100.0,100.0,10.0,42.0,284.02,48.79,27.61,2026-02-11 01:05:39,True,Iowa,
Irving Penn: A Career In Photography,2022-09-01,0.0,0.0,0.0,0.0,0.0,0.0,0.0,0.0,0.0,2026-02-11 01:06:06,True,Missouri,
Is It Still Cheating If I Don't Get Caught?,2024-08-01,1.11,0.0,100.0,0.0,0.0,0.0,-100.0,-1.11,10.48,2026-02-11 01:06:55,True,Pennsylvania,
"Isaac the Alchemist: Secrets of Isaac Newton, Reveal'd",2022-10-01,1.11,0.0,100.0,0.0,0.0,0.0,-100.0,-1.11,10.48,2026-02-11 01:07:21,True,Texas,
"It Ain't So Awful, Falafel",2022-01-01,0.0,0.0,0.0,0.0,0.0,0.0,0.0,0.0,0.0,2026-02-11 01:08:10,True,Florida,
"Five, Six, Seven, Nate",2023-07-01,0.0,0.0,0.0,0.0,0.0,0.0,0.0,0.0,0.0,2026-02-11 01:08:36,True,Florida,
Flawless (Pretty Little Liars Series),2022-02-01,0.0,0.0,0.0,0.0,0.0,0.0,0.0,0.0,0.0,2026-02-11 01:09:25,True,Tennessee,
Flesh and Spirit,2024-06-01,6.81,4.71,100.0,100.0,0.0,0.0,-30.83,-2.1,19.85,2026-02-11 01:10:14,True,Florida,
Flight of the Raven,2025-02-01,1.11,1.11,100.0,100.0,0.0,0.0,0.0,0.0,10.48,2026-02-11 01:10:40,True,Tennessee,
First Facts about the Ancient Romans,2025-02-01,0.0,1.11,0.0,100.0,0.0,0.0,inf,1.11,10.48,2026-02-11 01:20:10,True,Tennessee,
First French Kiss: And Other Traumas,2025-02-01,0.0,2.08,0.0,100.0,0.0,0.0,inf,2.08,13.82,2026-02-11 01:20:36,True,Tennessee,
First Time,2023-12-01,68.13,83.89,100.0,100.0,55.0,65.0,23.12,15.76,10.25,2026-02-11 01:21:25,True,Florida,
Iron Widow,2024-06-01,16.52,15.08,100.0,100.0,0.0,0.0,-8.74,-1.44,29.11,2026-02-11 01:21:51,True,Florida,
"Ironhead, Or, Once a Young Lady",2024-08-01,0.0,0.0,0.0,0.0,0.0,0.0,0.0,0.0,0.0,2026-02-11 01:22:40,True,Texas,
Firestorm,2023-08-01,67.76,51.68,100.0,100.0,48.0,28.0,-23.73,-16.08,14.23,2026-02-11 01:23:06,True,Florida,
First Date,2023-08-01,81.78,72.53,100.0,100.0,63.0,59.0,-11.3,-9.24,9.44,2026-02-11 01:23:55,True,Florida,
Fire Star,2022-10-01,72.52,66.89,100.0,100.0,49.0,51.0,-7.77,-5.63,10.39,2026-02-11 01:24:45,True,Texas,
Fire in the Sky,2024-10-01,37.76,44.24,100.0,100.0,15.0,0.0,17.19,6.49,14.03,2026-02-11 01:25:11,True,Texas,
Firehorse,2025-02-01,1.11,1.11,100.0,100.0,0.0,0.0,0.0,0.0,10.48,2026-02-11 01:27:09,True,Tennessee,
"It's Totally Normal!: An LGBTQIA+ Guide to Puberty, Sex, and Gender",2025-04-01,0.0,0.0,0.0,0.0,0.0,0.0,0.0,0.0,0.0,2026-02-11 01:27:36,True,Tennessee,
Finding Junie Kim,2024-05-01,0.0,0.0,0.0,0.0,0.0,0.0,0.0,0.0,0.0,2026-02-11 01:28:25,True,Florida,
Finding Your Identity,2024-09-01,2.96,0.0,100.0,0.0,0.0,0.0,-100.0,-2.96,15.99,2026-02-11 01:28:51,True,Texas,
Finding the Dream,2023-03-01,1.93,3.02,100.0,100.0,0.0,0.0,56.32,1.09,14.76,2026-02-11 01:29:40,True,Florida,
Finn,2023-08-01,71.54,51.57,100.0,100.0,62.0,38.0,-27.92,-19.98,12.3,2026-02-11 01:30:35,True,Florida,
Fight For Freedom: The American Revolutionary War,2025-02-01,1.11,2.14,100.0,100.0,0.0,0.0,93.0,1.03,12.51,2026-02-11 01:31:01,True,Tennessee,
Filmish: A Graphic Journey Through Film,2022-09-01,0.0,0.0,0.0,0.0,0.0,0.0,0.0,0.0,0.0,2026-02-11 01:31:50,True,Missouri,
Finale,2023-08-01,15.62,22.88,100.0,100.0,6.0,16.0,46.44,7.26,12.26,2026-02-11 01:32:17,True,Florida,
It Began with a Page: How Gyo Fujikawa Drew the Way,2022-01-01,1.11,1.11,100.0,100.0,0.0,0.0,0.0,0.0,10.48,2026-02-11 01:33:05,True,Florida,
"It Happened to Nancy: By An Anonymous Teenager, A True Story from Her Diary",2023-12-01,0.0,1.11,0.0,100.0,0.0,0.0,inf,1.11,10.48,2026-02-11 01:33:32,True,Florida,
It's Always the Husband,2024-06-01,0.0,1.11,0.0,100.0,0.0,0.0,inf,1.11,10.48,2026-02-11 01:34:01,True,Florida,
It's Kind of a Funny Story,2024-06-01,13.51,9.74,100.0,100.0,0.0,0.0,-27.88,-3.77,22.17,2026-02-11 01:34:27,True,Florida,
John Hedgecoe's New Book of Photography,2025-02-01,0.0,0.0,0.0,0.0,0.0,0.0,0.0,0.0,0.0,2026-02-11 01:35:15,True,Tennessee,
Jordan,2023-08-01,64.13,67.13,100.0,100.0,49.0,56.0,4.68,3.0,9.02,2026-02-11 01:44:44,True,Florida,
Joseph and His Coat of Many Colors,2023-06-01,0.0,1.11,0.0,100.0,0.0,0.0,inf,1.11,10.48,2026-02-11 01:45:10,True,Florida,
Joshua and the City,2021-11-01,0.0,1.11,0.0,100.0,0.0,0.0,inf,1.11,10.48,2026-02-11 01:45:59,True,Florida,
Jealousy,2025-02-01,79.9,85.78,100.0,100.0,49.0,71.0,7.36,5.88,8.14,2026-02-11 01:46:26,True,Tennessee,
Jesus Sat Down and Said,2023-06-01,1.11,0.0,100.0,0.0,0.0,0.0,-100.0,-1.11,10.48,2026-02-11 01:47:15,True,Florida,
Jewels,2023-03-01,46.34,38.23,100.0,100.0,36.0,28.0,-17.5,-8.11,9.35,2026-02-11 01:47:41,True,Florida,
Joe Hill's The Cape: 1969,2022-09-01,0.0,1.11,0.0,100.0,0.0,0.0,inf,1.11,10.48,2026-02-11 01:48:30,True,Missouri,
Jailbait,2022-03-01,29.96,22.96,100.0,100.0,0.0,0.0,-23.37,-7.0,17.58,2026-02-11 01:48:57,True,Texas,
James Dean: Rebel Life,2023-08-01,1.11,1.11,100.0,100.0,0.0,0.0,0.0,0.0,10.48,2026-02-11 01:49:45,True,Florida,
Jazz Jennings: Voice for LGBTQ Youth,2024-08-01,0.0,0.0,0.0,0.0,0.0,0.0,0.0,0.0,0.0,2026-02-11 01:50:35,True,Texas,
"I’d Tell You I Love You, But Then I’d Have Kill You",2023-11-01,0.0,0.0,0.0,0.0,0.0,0.0,0.0,0.0,0.0,2026-02-11 01:51:01,True,Wisconsin,
"Jackie ""The Joke Man"" Martling's Disgustingly Dirty Joke Book",2023-12-01,0.0,0.0,0.0,0.0,0.0,0.0,0.0,0.0,0.0,2026-02-11 01:51:48,True,Florida,
"Jacob's School Play: Starring He, She, and They",2024-08-01,1.11,0.0,100.0,0.0,0.0,0.0,-100.0,-1.11,10.48,2026-02-11 01:52:16,True,Texas,
Fifty Shades of Grey,2023-12-01,37.32,37.53,100.0,100.0,22.0,19.0,0.57,0.21,14.21,2026-02-11 01:53:06,True,Florida,
Jude the Obscure,2024-06-01,2.2,2.16,100.0,100.0,0.0,0.0,-2.02,-0.04,14.45,2026-02-11 01:53:32,True,Florida,
Julián at the Wedding (Julián Series),2021-12-01,0.0,1.11,0.0,100.0,0.0,0.0,inf,1.11,10.48,2026-02-11 01:54:20,True,Texas,
Feminism,2023-10-01,69.18,59.07,100.0,100.0,42.0,26.0,-14.62,-10.11,17.2,2026-02-11 01:54:46,True,Iowa,
Fence: Rivals,2024-06-01,0.0,0.0,0.0,0.0,0.0,0.0,0.0,0.0,0.0,2026-02-11 01:55:36,True,Iowa,
Festival of Colors,2022-01-01,0.0,8.62,0.0,100.0,0.0,0.0,inf,8.62,19.33,2026-02-11 01:56:02,True,Florida,
Fifty Shades Darker,2023-12-01,26.7,33.26,100.0,100.0,0.0,0.0,24.55,6.56,29.53,2026-02-11 01:56:33,True,Florida,
Fathersonfather,2024-08-01,0.0,1.11,0.0,100.0,0.0,0.0,inf,1.11,10.48,2026-02-11 01:56:59,True,Texas,
Fealess Fourteen,2024-06-01,0.0,0.0,0.0,0.0,0.0,0.0,0.0,0.0,0.0,2026-02-11 01:57:48,True,Iowa,
Fearlessly Made You: Surviving and Thriving in a Perfectly Imperfect Life,2023-08-01,0.0,0.0,0.0,0.0,0.0,0.0,0.0,0.0,0.0,2026-02-11 01:58:14,True,Florida,
Female Serial Killers: How and Why Women Become Monsters,2023-08-01,1.11,0.0,100.0,0.0,0.0,0.0,-100.0,-1.11,10.48,2026-02-11 01:59:04,True,Florida,
Journeys with Elijah: Eight Tales of the Prophet,2023-06-01,1.11,0.0,100.0,0.0,0.0,0.0,-100.0,-1.11,10.48,2026-02-11 01:59:52,True,Florida,
Jubilee,2023-10-01,67.86,63.68,100.0,100.0,56.0,49.0,-6.16,-4.18,10.41,2026-02-11 02:00:19,True,Florida,
Judaism (MAM),2023-06-01,1.11,0.0,100.0,0.0,0.0,0.0,-100.0,-1.11,10.48,2026-02-11 02:01:08,True,Florida,
Fathers Are Part of a Family,2023-06-01,1.11,1.11,100.0,100.0,0.0,0.0,0.0,0.0,10.48,2026-02-11 02:01:34,True,Florida,
"Farewell, My Lovely",2023-12-01,0.0,0.0,0.0,0.0,0.0,0.0,0.0,0.0,0.0,2026-02-11 02:02:22,True,Florida,
Fat Angie (Fat Angie Series),2022-02-01,0.0,0.0,0.0,0.0,0.0,0.0,0.0,0.0,0.0,2026-02-11 02:02:48,True,Tennessee,
"Fat Chance, Charlie Vega",2024-06-01,0.0,0.0,0.0,0.0,0.0,0.0,0.0,0.0,0.0,2026-02-11 02:03:37,True,Florida,
Kapaemahu,2024-06-01,1.11,1.11,100.0,100.0,0.0,0.0,0.0,0.0,10.48,2026-02-11 02:04:04,True,Iowa,
Famous Last Words,2024-09-01,22.16,30.41,100.0,100.0,0.0,0.0,37.26,8.26,30.15,2026-02-11 02:19:29,True,Texas,
Fang,2023-02-01,46.86,46.92,100.0,100.0,34.0,37.0,0.14,0.07,8.83,2026-02-11 02:20:12,True,Florida,
Far Eastern Art,2025-02-01,1.11,0.0,100.0,0.0,0.0,0.0,-100.0,-1.11,10.48,2026-02-11 02:20:38,True,Tennessee,
Far from Normal,2023-03-01,16.16,23.58,100.0,100.0,0.0,0.0,45.94,7.42,32.02,2026-02-11 02:36:03,True,Texas,
Falling,2024-06-01,80.12,66.99,100.0,100.0,72.0,58.0,-16.39,-13.13,9.13,2026-02-11 02:36:31,True,Florida,
Falling Through Darkness,2024-09-01,1.88,1.11,100.0,100.0,0.0,0.0,-40.83,-0.77,11.63,2026-02-11 02:37:14,True,Texas,
False Memory,2023-08-01,35.28,40.69,100.0,100.0,0.0,0.0,15.34,5.41,30.9,2026-02-11 02:37:40,True,Florida,
"Family Violence (Title only, no further information)",2025-02-01,1.11,0.0,100.0,0.0,0.0,0.0,-100.0,-1.11,10.48,2026-02-11 02:38:28,True,Tennessee,
Just Ella,2025-02-01,1.11,2.19,100.0,100.0,0.0,0.0,97.0,1.08,12.68,2026-02-11 02:38:54,True,Tennessee,
Just Friends,2023-12-01,67.47,37.87,100.0,100.0,51.0,22.0,-43.87,-29.6,18.01,2026-02-11 02:39:44,True,Florida,
Just Lizzie,2024-08-01,0.0,0.0,0.0,0.0,0.0,0.0,0.0,0.0,0.0,2026-02-11 02:40:34,True,Texas,
Just Shy of Ordinary,2024-08-01,2.22,0.0,100.0,0.0,0.0,0.0,-100.0,-2.22,14.74,2026-02-11 02:41:00,True,Texas,
Killing Comendatore,2024-11-01,1.11,0.0,100.0,0.0,0.0,0.0,-100.0,-1.11,10.48,2026-02-11 02:41:26,True,Texas,
Killing Lincoln: A Shocking Assassination that Changed America Forever,2024-05-01,0.0,1.11,0.0,100.0,0.0,0.0,inf,1.11,10.48,2026-02-11 02:41:52,True,Florida,
Killing Time in Crystal City,2023-08-01,0.0,1.11,0.0,100.0,0.0,0.0,inf,1.11,10.48,2026-02-11 02:42:18,True,Florida,
"Kim Jiyoung, Born 1982",2024-06-01,0.0,1.11,0.0,100.0,0.0,0.0,inf,1.11,10.48,2026-02-11 02:42:43,True,Florida,
Kill Her Twice,2024-08-01,1.11,0.0,100.0,0.0,0.0,0.0,-100.0,-1.11,10.48,2026-02-11 02:43:10,True,Florida,
"Kill Shakespeare, Vol. 3 - The Tide of Blood",2025-04-01,0.0,1.11,0.0,100.0,0.0,0.0,inf,1.11,10.48,2026-02-11 02:43:36,True,Tennessee,
Kill or be Killed,2024-06-01,22.53,14.08,100.0,100.0,0.0,0.0,-37.52,-8.46,34.67,2026-02-11 02:44:02,True,Iowa,
Killer of Enemies,2023-03-01,1.91,0.0,100.0,0.0,0.0,0.0,-100.0,-1.91,12.85,2026-02-11 02:44:28,True,Texas,
Kent State,2025-02-01,38.72,54.56,100.0,100.0,18.0,34.0,40.89,15.83,15.96,2026-02-11 02:44:54,True,Tennessee,
Kid Activists: True Tales of Childhood from Champions of Change,2024-06-01,0.0,0.0,0.0,0.0,0.0,0.0,0.0,0.0,0.0,2026-02-11 02:45:21,True,Iowa,
Kids Helping Kids Break the Silence of Sexual Abuse,2024-06-01,0.0,1.11,0.0,100.0,0.0,0.0,inf,1.11,10.48,2026-02-11 02:45:47,True,Iowa,
Kieli,2024-11-01,0.0,0.0,0.0,0.0,0.0,0.0,0.0,0.0,0.0,2026-02-11 02:46:13,True,Texas,
Katie the Catsitter: Best Friends for Never,2023-07-01,0.0,0.0,0.0,0.0,0.0,0.0,0.0,0.0,0.0,2026-02-11 02:46:39,True,Florida,
Keeper,2023-07-01,47.81,47.99,100.0,100.0,39.0,36.0,0.37,0.18,8.68,2026-02-11 02:47:05,True,Florida,
"Kekkaishi (Series, Title Not Specified)",2024-11-01,0.0,1.11,0.0,100.0,0.0,0.0,inf,1.11,10.48,2026-02-11 02:47:57,True,Texas,
Facts and Fallacies,2023-08-01,0.0,0.0,0.0,0.0,0.0,0.0,0.0,0.0,0.0,2026-02-11 02:48:23,True,Florida,
Fair Weather,2023-08-01,42.43,52.7,100.0,100.0,20.0,21.0,24.19,10.27,17.68,2026-02-11 02:48:49,True,Florida,
Fall on Your Knees,2023-12-01,5.84,7.91,100.0,100.0,0.0,0.0,35.36,2.07,18.8,2026-02-11 02:49:15,True,Florida,
King of King Court,2022-09-01,34.17,62.13,100.0,100.0,0.0,21.0,81.85,27.97,21.54,2026-02-11 02:49:42,True,Missouri,
Extreme Faith: Twelve Radical Young Believers from the Bible Who Changed Our World,2023-06-01,1.11,0.0,100.0,0.0,0.0,0.0,-100.0,-1.11,10.48,2026-02-11 02:50:08,True,Florida,
"Fabulous Creatures, Mythical Monsters, and Animal Power Symbols: A Handbook",2024-09-01,2.07,0.0,100.0,0.0,0.0,0.0,-100.0,-2.07,13.75,2026-02-11 02:50:34,True,Texas,
Faceless,2025-02-01,56.72,76.11,100.0,100.0,33.0,46.0,34.18,19.39,14.17,2026-02-11 02:51:00,True,Tennessee,
King Arthur and the Knights of the Round Table,2023-08-01,1.11,0.0,100.0,0.0,0.0,0.0,-100.0,-1.11,10.48,2026-02-11 02:51:26,True,Florida,
King Kong,2023-03-01,57.46,67.29,100.0,100.0,40.0,53.0,17.11,9.83,12.79,2026-02-11 02:51:53,True,Florida,
King of Battle and Blood,2024-06-01,1.11,3.27,100.0,100.0,0.0,0.0,194.0,2.16,14.52,2026-02-11 02:52:19,True,Florida,
Exposure,2023-10-01,80.78,73.27,100.0,100.0,61.0,45.0,-9.3,-7.51,12.34,2026-02-11 02:52:45,True,Florida,
LGBTQ Social Movements in America,2024-08-01,0.0,0.0,0.0,0.0,0.0,0.0,0.0,0.0,0.0,2026-02-11 02:53:11,True,Texas,
LGBTQ+ Discrimination,2024-08-01,69.83,69.09,100.0,100.0,44.0,43.0,-1.07,-0.74,12.86,2026-02-11 02:53:38,True,Texas,
"LGBTQ: The Survival Guide for Lesbian, Gay, Bisexual, Transgender, and Questioning Teens",2024-08-01,0.0,0.0,0.0,0.0,0.0,0.0,0.0,0.0,0.0,2026-02-11 02:54:04,True,Texas,
La Jaula Del Rey,2025-06-01,0.0,1.11,0.0,100.0,0.0,0.0,inf,1.11,10.48,2026-02-11 02:54:30,True,Texas,
Kung Fu,2024-11-01,52.46,64.48,100.0,100.0,38.0,44.0,22.92,12.02,13.77,2026-02-11 02:54:57,True,Texas,
"L8R, G8R",2025-06-01,1.11,1.11,100.0,100.0,0.0,0.0,0.0,0.0,10.48,2026-02-11 02:55:23,True,Florida,
LGBTQ Human Rights Movement,2024-08-01,1.11,0.0,100.0,0.0,0.0,0.0,-100.0,-1.11,10.48,2026-02-11 02:55:49,True,Texas,
LGBTQ Rights and the Law,2024-08-01,1.11,0.0,100.0,0.0,0.0,0.0,-100.0,-1.11,10.48,2026-02-11 02:56:16,True,Texas,
Kneel,2023-06-01,13.53,52.86,100.0,100.0,8.0,30.0,290.56,39.32,22.58,2026-02-11 02:56:44,True,Florida,
Knight of the Cape: Definitely Dominguita,2024-06-01,0.0,1.11,0.0,100.0,0.0,0.0,inf,1.11,10.48,2026-02-11 02:57:11,True,Iowa,
Know My Name,2024-06-01,77.39,74.99,100.0,100.0,59.0,55.0,-3.1,-2.4,10.01,2026-02-11 02:57:38,True,Iowa,
King of Scars,2023-08-01,2.91,1.83,100.0,100.0,0.0,0.0,-37.02,-1.08,14.21,2026-02-11 02:58:05,True,Florida,
Kingdom of the Wicked (KM),2024-10-01,1.11,1.11,100.0,100.0,0.0,0.0,0.0,0.0,10.48,2026-02-11 02:58:31,True,Tennessee,
"Kings, Queens, and In-Betweens",2022-02-01,0.0,0.0,0.0,0.0,0.0,0.0,0.0,0.0,0.0,2026-02-11 02:58:57,True,Tennessee,
Kisses From Hell,2023-12-01,0.0,1.11,0.0,100.0,0.0,0.0,inf,1.11,10.48,2026-02-11 02:59:23,True,Florida,
Everything is Illuminated,2024-11-01,1.11,4.93,100.0,100.0,0.0,0.0,344.0,3.82,16.37,2026-02-11 02:59:50,True,Texas,
Excelsior!: The Amazing Life of Stan Lee,2023-08-01,0.0,0.0,0.0,0.0,0.0,0.0,0.0,0.0,0.0,2026-02-11 03:00:16,True,Florida,
Exodus (BW),2023-06-01,0.0,0.0,0.0,0.0,0.0,0.0,0.0,0.0,0.0,2026-02-11 03:04:13,True,Florida,
Explorers,2025-02-01,73.08,59.34,100.0,100.0,45.0,42.0,-18.79,-13.73,14.52,2026-02-11 03:04:39,True,Tennessee,
Everything Mythology,2023-08-01,0.0,0.0,0.0,0.0,0.0,0.0,0.0,0.0,0.0,2026-02-11 03:05:06,True,Florida,
Everything You Need to Know About Birth Control,2024-06-01,0.0,0.0,0.0,0.0,0.0,0.0,0.0,0.0,0.0,2026-02-11 03:05:32,True,Texas,
Everything You Need to Know About Going to the Gynecologist,2025-02-01,0.0,0.0,0.0,0.0,0.0,0.0,0.0,0.0,0.0,2026-02-11 03:05:58,True,Tennessee,
Everything You Need to Know About the Risks of Unprotected Sex,2024-06-01,0.0,0.0,0.0,0.0,0.0,0.0,0.0,0.0,0.0,2026-02-11 03:06:24,True,Texas,
LaRose,2024-10-01,51.56,32.4,100.0,100.0,0.0,0.0,-37.16,-19.16,18.65,2026-02-11 03:06:50,True,Tennessee,
Every Young Man's Battle: Strategies for Victory in the Real World of Sexual Temptation,2024-10-01,0.0,0.0,0.0,0.0,0.0,0.0,0.0,0.0,0.0,2026-02-11 03:07:18,True,Tennessee,
Everyone We've Been,2024-09-01,0.0,1.11,0.0,100.0,0.0,0.0,inf,1.11,10.48,2026-02-11 03:07:44,True,Texas,
Everything Grows,2024-08-01,1.11,0.0,100.0,0.0,0.0,0.0,-100.0,-1.11,10.48,2026-02-11 03:08:10,True,Texas,
La luna dentro de mí,2024-08-01,0.0,0.0,0.0,0.0,0.0,0.0,0.0,0.0,0.0,2026-02-11 03:08:36,True,Texas,
La sangre del Olimpo,2024-11-01,1.11,0.0,100.0,0.0,0.0,0.0,-100.0,-1.11,10.48,2026-02-11 03:09:02,True,Texas,
La teoría de lo perfecto,2024-08-01,1.11,0.0,100.0,0.0,0.0,0.0,-100.0,-1.11,10.48,2026-02-11 03:09:28,True,Texas,
La travesía de Santiago,2024-11-01,0.0,0.0,0.0,0.0,0.0,0.0,0.0,0.0,0.0,2026-02-11 03:09:54,True,Texas,
Left Out,2022-11-01,86.03,60.32,100.0,100.0,71.0,50.0,-29.89,-25.71,14.24,2026-02-11 03:10:20,True,Texas,
Leonardo,2023-08-01,38.82,50.33,100.0,100.0,24.0,38.0,29.65,11.51,14.43,2026-02-11 03:10:47,True,Florida,
Leonardo and The Last Supper,2022-09-01,2.13,1.11,100.0,100.0,0.0,0.0,-47.92,-1.02,12.47,2026-02-11 03:11:13,True,Missouri,
Last True Poets of the Sea,2023-10-01,0.0,1.11,0.0,100.0,0.0,0.0,inf,1.11,10.48,2026-02-11 03:11:39,True,Iowa,
Later Gator,2023-04-01,1.11,1.11,100.0,100.0,0.0,0.0,0.0,0.0,10.48,2026-02-11 03:12:05,True,Maine,
Laverne Cox (ES),2024-08-01,2.21,0.0,100.0,0.0,0.0,0.0,-100.0,-2.21,14.67,2026-02-11 03:12:31,True,Texas,
Layoverland,2023-08-01,1.11,0.0,100.0,0.0,0.0,0.0,-100.0,-1.11,10.48,2026-02-11 03:12:57,True,Florida,
"Lamb: The Gospel According to Biff, Christ's Childhood Pal",2023-10-01,1.11,1.11,100.0,100.0,0.0,0.0,0.0,0.0,10.48,2026-02-11 03:13:23,True,Florida,
Land and Resources of Ancient Greece,2025-02-01,0.0,0.0,0.0,0.0,0.0,0.0,0.0,0.0,0.0,2026-02-11 03:13:49,True,Tennessee,
Lark and Kasim Start a Revolution,2023-08-01,1.11,1.11,100.0,100.0,0.0,0.0,0.0,0.0,10.48,2026-02-11 03:14:15,True,Georgia,
Last Chance Dance,2024-08-01,0.0,0.0,0.0,0.0,0.0,0.0,0.0,0.0,0.0,2026-02-11 03:14:41,True,Texas,
Ladder of Years,2024-06-01,0.0,0.0,0.0,0.0,0.0,0.0,0.0,0.0,0.0,2026-02-11 03:15:07,True,Florida,
Lady Smoke,2023-08-01,4.01,4.04,100.0,100.0,0.0,0.0,0.83,0.03,18.76,2026-02-11 03:15:33,True,Florida,
Lailah's Lunchbox: A Ramadan Story,2022-01-01,1.11,0.0,100.0,0.0,0.0,0.0,-100.0,-1.11,10.48,2026-02-11 03:15:59,True,Florida,
Lakelore,2024-08-01,0.0,1.11,0.0,100.0,0.0,0.0,inf,1.11,10.48,2026-02-11 03:16:25,True,Texas,
Every Day (Every Day Series),2021-12-01,0.0,0.0,0.0,0.0,0.0,0.0,0.0,0.0,0.0,2026-02-11 03:16:51,True,Indiana,
Every Dog in the Neighborhood,2023-08-01,0.0,0.0,0.0,0.0,0.0,0.0,0.0,0.0,0.0,2026-02-11 03:17:18,True,Florida,
Every Summer After,2023-10-01,51.48,32.97,100.0,100.0,0.0,0.0,-35.96,-18.51,29.74,2026-02-11 03:17:44,True,Iowa,
"European Art (Title only, no further information)",2024-08-01,0.0,0.0,0.0,0.0,0.0,0.0,0.0,0.0,0.0,2026-02-11 03:18:10,True,Virginia,
European Art to 1850,2025-02-01,0.0,0.0,0.0,0.0,0.0,0.0,0.0,0.0,0.0,2026-02-11 03:18:36,True,Tennessee,
Even Cowgirls Get the Blues,2023-10-01,0.0,1.11,0.0,100.0,0.0,0.0,inf,1.11,10.48,2026-02-11 03:19:02,True,Florida,
Even When Your Voice Shakes,2025-05-01,1.11,2.07,100.0,100.0,0.0,0.0,86.0,0.96,12.23,2026-02-11 03:19:28,True,Tennessee,
Let's Chat About the Bible,2023-06-01,0.0,0.0,0.0,0.0,0.0,0.0,0.0,0.0,0.0,2026-02-11 03:19:55,True,Florida,
"Etched in Clay: The Life of Dave, Enslaved Potter and Poet",2022-01-01,0.0,1.11,0.0,100.0,0.0,0.0,inf,1.11,10.48,2026-02-11 03:20:21,True,Texas,
European Architecture in Details,2024-09-01,0.0,0.0,0.0,0.0,0.0,0.0,0.0,0.0,0.0,2026-02-11 03:20:47,True,Texas,
"Leonardo da Vinci: Artist, Inventor and Scientist of the Renaissance",2025-04-01,1.11,0.0,100.0,0.0,0.0,0.0,-100.0,-1.11,10.48,2026-02-11 03:21:13,True,Tennessee,
Leroy,2024-08-01,50.92,77.72,100.0,100.0,42.0,67.0,52.63,26.8,15.0,2026-02-11 03:21:40,True,Texas,
Let Me List the Ways,2023-10-01,0.0,1.11,0.0,100.0,0.0,0.0,inf,1.11,10.48,2026-02-11 03:22:07,True,Iowa,
"Let My People Go: Bible Stories Told by a Freeman of Color to his Daughter, Charlotte in Charleston, South Carolina",2023-06-01,,,,,,,,,,2026-02-11 03:23:02,False,Florida,The request failed: Google returned a response with code 400
"Life, the Universe and Everything",2023-12-01,0.0,1.11,0.0,100.0,0.0,0.0,inf,1.11,10.48,2026-02-11 03:23:28,True,Florida,
Light Mage,2023-10-01,6.93,1.11,100.0,100.0,0.0,0.0,-83.97,-5.82,18.69,2026-02-11 03:23:55,True,Iowa,
Light in August,2023-08-01,10.2,14.22,100.0,100.0,0.0,0.0,39.43,4.02,26.98,2026-02-11 03:24:21,True,Florida,
Life as A Gladiator: An Interactive History Adventure,2025-02-01,1.11,0.0,100.0,0.0,0.0,0.0,-100.0,-1.11,10.48,2026-02-11 03:24:47,True,Tennessee,
Life in Outer Space,2021-12-01,0.0,2.17,0.0,100.0,0.0,0.0,inf,2.17,14.38,2026-02-11 03:25:13,True,Texas,
Life in the Ancient Indus River Valley,2025-02-01,0.0,0.0,0.0,0.0,0.0,0.0,0.0,0.0,0.0,2026-02-11 03:25:39,True,Tennessee,
Life of the Ancient Celts,2025-02-01,,,,,,,,,,2026-02-11 04:01:45,False,Tennessee,Retries exhausted
"Lies, Knives, and Girls in Red Dresses",2024-10-01,,,,,,,,,,2026-02-11 05:41:30,False,Tennessee,Retries exhausted
Life After Theft,2023-08-01,,,,,,,,,,2026-02-11 06:01:47,False,Florida,Retries exhausted
"Life During the Great Civilizations (Series, Title Not Specified)",2025-02-01,1.11,0.0,100.0,0.0,0.0,0.0,-100.0,-1.11,10.48,2026-02-11 06:05:36,True,Tennessee,
Life In Prison,2024-06-01,,,,,,,,,,2026-02-11 07:07:53,False,Florida,Retries exhausted
Letter from Birmingham Jail,2022-07-01,,,,,,,,,,2026-02-11 08:13:53,False,Florida,Retries exhausted
"Liar, Temptress, Soldier, Spy: Four Women Undercover in the Civil War",2022-10-01,,,,,,,,,,2026-02-11 09:39:25,False,Texas,"HTTPSConnectionPool(host='trends.google.com', port=443): Max retries exceeded with url: /trends/api/"
Libertie,2024-06-01,,,,,,,,,,2026-02-11 10:04:37,False,Iowa,Retries exhausted
Lies My Girlfriend Told Me,2021-12-01,,,,,,,,,,2026-02-11 11:41:05,False,Texas,Retries exhausted
Eragon,2022-10-01,,,,,,,,,,2026-02-11 12:18:54,False,Texas,Retries exhausted
Escape By Sea,2024-06-01,,,,,,,,,,2026-02-11 13:35:49,False,Texas,Retries exhausted
Escape the Mask,2024-06-01,1.11,0.0,100.0,0.0,0.0,0.0,-100.0,-1.11,10.48,2026-02-11 13:36:17,True,Texas,
Endgame: The Calling,2023-10-01,0.0,1.93,0.0,100.0,0.0,0.0,inf,1.93,12.97,2026-02-11 13:36:44,True,Florida,
Enemies,2024-11-01,60.72,62.08,100.0,100.0,49.0,47.0,2.23,1.36,7.42,2026-02-11 13:37:12,True,Texas,
Enough,2023-08-01,84.53,82.69,100.0,100.0,74.0,72.0,-2.18,-1.84,5.65,2026-02-11 13:37:41,True,Florida,
Epileptic,2022-09-01,73.39,65.71,100.0,100.0,50.0,30.0,-10.46,-7.68,13.7,2026-02-11 13:38:07,True,Missouri,
Encyclopedia of Sex & Gender: 4 Volume Set,2022-02-01,1.11,0.0,100.0,0.0,0.0,0.0,-100.0,-1.11,10.48,2026-02-11 13:38:35,True,Tennessee,
Endangered,2023-08-01,43.61,64.18,100.0,100.0,24.0,39.0,47.16,20.57,23.47,2026-02-11 13:39:05,True,Florida,
Ender's Shadow,2023-08-01,0.0,0.0,0.0,0.0,0.0,0.0,0.0,0.0,0.0,2026-02-11 13:39:32,True,Florida,
Like A Love Story,2025-03-01,39.07,38.19,100.0,100.0,0.0,0.0,-2.25,-0.88,32.07,2026-02-11 13:40:01,True,Texas,
Lilla the Accidental Witch,2024-08-01,0.0,0.0,0.0,0.0,0.0,0.0,0.0,0.0,0.0,2026-02-11 13:40:27,True,Texas,
Linden Hills,2023-12-01,20.93,11.13,100.0,100.0,0.0,0.0,-46.82,-9.8,26.4,2026-02-11 13:40:55,True,Florida,
Locke and Key Vol. 1: Welcomeome To Lovecraft,2024-12-01,0.0,0.0,0.0,0.0,0.0,0.0,0.0,0.0,0.0,2026-02-11 13:41:22,True,Tennessee,
"Locke and Key, Vol. 6: Alpha and Omega",2024-12-01,0.0,0.0,0.0,0.0,0.0,0.0,0.0,0.0,0.0,2026-02-11 13:41:50,True,Tennessee,
Living in a Violent Household,2024-06-01,0.0,0.0,0.0,0.0,0.0,0.0,0.0,0.0,0.0,2026-02-11 13:42:17,True,Texas,
Lobizona (Wolves of No World Series),2022-02-01,0.0,1.11,0.0,100.0,0.0,0.0,inf,1.11,10.48,2026-02-11 13:42:45,True,Tennessee,
"Locke & Key (Series, Title Not Specified)",2025-04-01,1.73,0.0,100.0,0.0,0.0,0.0,-100.0,-1.73,11.96,2026-02-11 13:43:13,True,Tennessee,
"Locke & Key, Vol. 5: Clockworks",2022-09-01,1.11,0.0,100.0,0.0,0.0,0.0,-100.0,-1.11,10.48,2026-02-11 13:43:40,True,Missouri,
Little Mercies,2023-11-01,0.0,1.11,0.0,100.0,0.0,0.0,inf,1.11,10.48,2026-02-11 13:44:08,True,Wisconsin,
Little Princes: One Man's Promise to Bring Home the Lost Children of Nepal,2023-08-01,0.0,0.0,0.0,0.0,0.0,0.0,0.0,0.0,0.0,2026-02-11 13:44:35,True,Florida,
Live Through This,2024-06-01,53.19,37.34,100.0,100.0,0.0,0.0,-29.79,-15.84,24.49,2026-02-11 13:45:05,True,Iowa,
"Lippincott Textbook for Nursing Assistants: A Humanistic Approach to Caregiving, Fifth Edition",2024-08-01,0.0,0.0,0.0,0.0,0.0,0.0,0.0,0.0,0.0,2026-02-11 13:45:32,True,Virginia,
Lisa Bright and Dark,2024-06-01,1.11,0.0,100.0,0.0,0.0,0.0,-100.0,-1.11,10.48,2026-02-11 13:46:00,True,Iowa,
Little Altars Everywhere,2024-06-01,0.0,0.0,0.0,0.0,0.0,0.0,0.0,0.0,0.0,2026-02-11 13:46:29,True,Florida,
Little Do We Know,2023-03-01,30.01,38.57,100.0,100.0,0.0,0.0,28.51,8.56,32.38,2026-02-11 13:46:57,True,Texas,
Lore Olympus: Volume Four,2023-08-01,1.93,0.0,100.0,0.0,0.0,0.0,-100.0,-1.93,12.97,2026-02-11 13:47:27,True,Florida,
Lore Olympus: Volume Three,2023-08-01,0.0,0.0,0.0,0.0,0.0,0.0,0.0,0.0,0.0,2026-02-11 13:47:54,True,Florida,
Losers Bracket,2025-04-01,1.11,2.07,100.0,100.0,0.0,0.0,86.0,0.96,12.23,2026-02-11 13:48:22,True,Texas,
Longbow Girl,2024-11-01,0.0,2.04,0.0,100.0,0.0,0.0,inf,2.04,13.61,2026-02-11 13:48:49,True,Texas,
Look Homeward: A Life of Thomas Wolfe,2023-08-01,0.0,2.52,0.0,100.0,0.0,0.0,inf,2.52,13.97,2026-02-11 13:49:19,True,Florida,
Looking For Group,2024-08-01,44.78,54.12,100.0,100.0,0.0,0.0,20.87,9.34,21.6,2026-02-11 13:49:47,True,Texas,
Looking for Bongo,2022-01-01,0.0,0.0,0.0,0.0,0.0,0.0,0.0,0.0,0.0,2026-02-11 13:50:13,True,Florida,
London Bridges,2023-08-01,10.66,1.81,100.0,100.0,0.0,0.0,-83.0,-8.84,22.5,2026-02-11 13:50:40,True,Florida,
Long Day's Journey Into Night,2024-06-01,0.0,1.11,0.0,100.0,0.0,0.0,inf,1.11,10.48,2026-02-11 13:51:07,True,Florida,
Lost Boys,2022-01-01,19.11,38.74,100.0,100.0,7.0,22.0,102.73,19.63,16.73,2026-02-11 13:51:34,True,Florida,
Lost and Found Cat : The True Story of Kunkush's Incredible Journey,2022-01-01,0.0,1.11,0.0,100.0,0.0,0.0,inf,1.11,10.48,2026-02-11 13:52:01,True,Florida,
Lost on a Mountain in Maine,2024-08-01,0.0,5.08,0.0,100.0,0.0,0.0,inf,5.08,16.41,2026-02-11 13:52:29,True,Florida,
Loud Awake and Lost,2023-08-01,1.11,0.0,100.0,0.0,0.0,0.0,-100.0,-1.11,10.48,2026-02-11 13:52:56,True,Florida,
Emeraldalicious: A Springtime Book For Kids,2024-09-01,1.11,0.0,100.0,0.0,0.0,0.0,-100.0,-1.11,10.48,2026-02-11 13:53:24,True,Texas,
Emma's Secret,2024-06-01,0.0,0.0,0.0,0.0,0.0,0.0,0.0,0.0,0.0,2026-02-11 13:57:22,True,Florida,
Empire of Storms (Throne of Glass Series),2022-05-01,0.0,1.11,0.0,100.0,0.0,0.0,inf,1.11,10.48,2026-02-11 13:57:49,True,Florida,
Empress of the World,2024-08-01,2.04,2.94,100.0,100.0,0.0,0.0,44.02,0.9,14.83,2026-02-11 13:58:16,True,Texas,
Ellie Engle Saves Herself,2024-06-01,0.0,0.0,0.0,0.0,0.0,0.0,0.0,0.0,0.0,2026-02-11 13:58:43,True,Iowa,
Elske,2024-09-01,16.06,1.92,100.0,100.0,0.0,0.0,-88.03,-14.13,24.37,2026-02-11 13:59:10,True,Texas,
Elvis Presley's Love Me Tender,2024-06-01,0.0,1.11,0.0,100.0,0.0,0.0,inf,1.11,10.48,2026-02-11 13:59:38,True,Iowa,
Ember Queen,2023-08-01,1.11,0.0,100.0,0.0,0.0,0.0,-100.0,-1.11,10.48,2026-02-11 14:00:05,True,Florida,
Losing the Girl: Book 1 (Life on Earth),2021-11-01,0.0,1.11,0.0,100.0,0.0,0.0,inf,1.11,10.48,2026-02-11 14:00:33,True,Texas,
"Eleanor Roosevelt, Fighter for Justice: Her Impact on the Civil Rights Movement, the White House, and the World",2022-10-01,,,,,,,,,,2026-02-11 14:01:30,False,Texas,The request failed: Google returned a response with code 400
Elegies for Angels Punks and Raging Queens,2023-12-01,0.0,0.0,0.0,0.0,0.0,0.0,0.0,0.0,0.0,2026-02-11 14:01:57,True,Florida,
"Love, Penelope: Letters from a Big Sister Who Knows About Life",2024-06-01,1.11,1.11,100.0,100.0,0.0,0.0,0.0,0.0,10.48,2026-02-11 14:02:24,True,Iowa,
Lovely War,2023-08-01,1.11,2.57,100.0,100.0,0.0,0.0,131.0,1.46,12.48,2026-02-11 14:02:51,True,Florida,
Loving Frank,2022-11-01,0.0,1.11,0.0,100.0,0.0,0.0,inf,1.11,10.48,2026-02-11 14:03:19,True,Utah,
Luckiest Girl Alive,2023-11-01,22.1,27.86,100.0,100.0,0.0,0.0,26.04,5.76,17.63,2026-02-11 14:03:46,True,Wisconsin,
Love to Langston,2023-03-01,0.0,1.11,0.0,100.0,0.0,0.0,inf,1.11,10.48,2026-02-11 14:04:14,True,Florida,
"Love, Cajun Style",2023-08-01,1.11,1.11,100.0,100.0,0.0,0.0,0.0,0.0,10.48,2026-02-11 14:04:41,True,Florida,
"Love, Creekwood: A Simonverse Novella (Simonverse Series)",2021-12-01,0.0,0.0,0.0,0.0,0.0,0.0,0.0,0.0,0.0,2026-02-11 14:05:08,True,Texas,
"Love, Hate and Other Filters",2024-11-01,0.0,1.11,0.0,100.0,0.0,0.0,inf,1.11,10.48,2026-02-11 14:05:35,True,Texas,
Love and Other Fiascos with Lydia Goldblatt and Julie Graham-Chang,2023-09-01,0.0,1.11,0.0,100.0,0.0,0.0,inf,1.11,10.48,2026-02-11 14:06:02,True,Florida,
Love and Other Words,2025-04-01,54.58,44.23,100.0,100.0,0.0,0.0,-18.95,-10.34,27.74,2026-02-11 14:06:29,True,Tennessee,
Love is Love,2024-08-01,74.57,53.64,100.0,100.0,60.0,31.0,-28.06,-20.92,18.61,2026-02-11 14:06:57,True,Texas,
Love is...,2023-06-01,0.0,0.0,0.0,0.0,0.0,0.0,0.0,0.0,0.0,2026-02-11 14:07:24,True,Florida,
Love,2023-01-01,84.77,64.53,100.0,100.0,73.0,55.0,-23.87,-20.23,12.17,2026-02-11 14:07:51,True,Virginia,
Love Drugged,2021-12-01,0.0,1.11,0.0,100.0,0.0,0.0,inf,1.11,10.48,2026-02-11 14:08:18,True,Texas,
Love Letters for Joy,2024-08-01,2.12,1.11,100.0,100.0,0.0,0.0,-47.64,-1.01,12.43,2026-02-11 14:08:45,True,Texas,
Love Somebody,2024-08-01,61.77,17.49,100.0,100.0,28.0,11.0,-71.69,-44.28,25.91,2026-02-11 14:09:17,True,Texas,
Maggot Moon,2023-11-01,0.0,0.0,0.0,0.0,0.0,0.0,0.0,0.0,0.0,2026-02-11 14:09:44,True,Wisconsin,
Magic To Brew (Moonstruck Series),2021-12-01,0.0,0.0,0.0,0.0,0.0,0.0,0.0,0.0,0.0,2026-02-11 14:10:11,True,Texas,
"Magical Boy, Vol 1",2024-08-01,0.0,0.0,0.0,0.0,0.0,0.0,0.0,0.0,0.0,2026-02-11 14:10:38,True,Texas,
Ma Mere L'oye,2024-06-01,0.0,0.0,0.0,0.0,0.0,0.0,0.0,0.0,0.0,2026-02-11 14:11:05,True,Florida,
Machete Season: The Killers in Rwanda Speak,2025-02-01,0.0,0.0,0.0,0.0,0.0,0.0,0.0,0.0,0.0,2026-02-11 14:11:32,True,Tennessee,
Mad Honey,2025-02-01,55.01,30.36,100.0,100.0,27.0,12.0,-44.82,-24.66,17.76,2026-02-11 14:12:01,True,Tennessee,
"Mad, Bad and Dangerous to Know",2023-08-01,0.0,0.0,0.0,0.0,0.0,0.0,0.0,0.0,0.0,2026-02-11 14:12:28,True,Florida,
Luna nueva,2024-11-01,12.0,9.47,100.0,100.0,0.0,0.0,-21.11,-2.53,25.68,2026-02-11 14:12:55,True,Texas,
Lying in the Deep,2024-10-01,0.0,0.0,0.0,0.0,0.0,0.0,0.0,0.0,0.0,2026-02-11 14:13:24,True,Tennessee,
M Butterfly,2024-06-01,5.2,6.1,100.0,100.0,0.0,0.0,17.31,0.9,18.48,2026-02-11 14:13:52,True,Florida,
MARS,2024-06-01,50.42,54.87,100.0,100.0,41.0,44.0,8.81,4.44,10.03,2026-02-11 14:14:21,True,Florida,
Lucky Penny,2023-08-01,38.06,35.92,100.0,100.0,0.0,0.0,-5.61,-2.13,17.23,2026-02-11 14:14:50,True,Florida,
Lulu is a Rhinoceros,2023-10-01,0.0,1.11,0.0,100.0,0.0,0.0,inf,1.11,10.48,2026-02-11 14:15:17,True,Florida,
Luna (JP),2024-01-01,0.0,0.0,0.0,0.0,0.0,0.0,0.0,0.0,0.0,2026-02-11 14:15:44,True,Florida,
Man O' War,2025-06-01,2.09,2.86,100.0,100.0,0.0,0.0,36.7,0.77,14.71,2026-02-11 14:16:20,True,Florida,
Man Walks on the Moon,2022-09-01,0.0,0.0,0.0,0.0,0.0,0.0,0.0,0.0,0.0,2026-02-11 14:16:48,True,Texas,
Manet,2025-04-01,7.63,25.0,100.0,100.0,3.0,13.0,227.51,17.37,13.42,2026-02-11 14:17:16,True,Tennessee,
Easy (TW),2023-02-01,0.0,0.0,0.0,0.0,0.0,0.0,0.0,0.0,0.0,2026-02-11 14:25:10,True,Idaho,
Malala: A Hero for All (Step into Reading Series),2022-01-01,0.0,1.11,0.0,100.0,0.0,0.0,inf,1.11,10.48,2026-02-11 14:25:42,True,Florida,
Malcolm: The Life of a Man Who Changed Black America,2023-08-01,0.0,1.11,0.0,100.0,0.0,0.0,inf,1.11,10.48,2026-02-11 14:26:10,True,Florida,
Male/Female Roles (AO),2023-10-01,1.11,0.0,100.0,0.0,0.0,0.0,-100.0,-1.11,10.48,2026-02-11 14:26:39,True,Kentucky,
Make Way for Dyamonde Daniel (Dyamonde Daniel Series),2022-01-01,1.11,0.0,100.0,0.0,0.0,0.0,-100.0,-1.11,10.48,2026-02-11 14:27:17,True,Florida,
Making Friends,2023-06-01,74.01,69.52,100.0,100.0,45.0,48.0,-6.07,-4.49,12.74,2026-02-11 14:27:57,True,Florida,
Making Up Megaboy,2025-02-01,0.0,2.02,0.0,100.0,0.0,0.0,inf,2.02,13.48,2026-02-11 14:28:27,True,Tennessee,
Magritte,2025-04-01,18.43,3.1,100.0,100.0,0.0,0.0,-83.18,-15.33,13.09,2026-02-11 14:28:54,True,Tennessee,
"Magus of the Library (Series, Title Not Specified)",2024-06-01,0.0,0.0,0.0,0.0,0.0,0.0,0.0,0.0,0.0,2026-02-11 14:29:27,True,Texas,
Maiden and Princess,2023-03-01,1.11,2.08,100.0,100.0,0.0,0.0,87.0,0.97,12.27,2026-02-11 14:29:57,True,Florida,
Majesty,2023-11-01,70.56,70.51,100.0,100.0,57.0,55.0,-0.06,-0.04,8.74,2026-02-11 14:30:26,True,Florida,
Elatsoe,2023-08-01,1.11,0.0,100.0,0.0,0.0,0.0,-100.0,-1.11,10.48,2026-02-11 14:30:55,True,Florida,
Manga Dinosaurs,2024-11-01,0.0,0.0,0.0,0.0,0.0,0.0,0.0,0.0,0.0,2026-02-11 14:31:23,True,Texas,
Manga Martial Arts Figures,2024-11-01,0.0,0.0,0.0,0.0,0.0,0.0,0.0,0.0,0.0,2026-02-11 14:31:59,True,Texas,
Manga Shakespere: The Tempest,2024-10-01,1.11,0.0,100.0,0.0,0.0,0.0,-100.0,-1.11,10.48,2026-02-11 16:09:25,True,Tennessee,
El cocodrilo que vino a cenar,2024-09-01,0.0,0.0,0.0,0.0,0.0,0.0,0.0,0.0,0.0,2026-02-11 17:54:15,True,Texas,
El épico fracaso de Arturo Zamora,2024-09-01,1.11,0.0,100.0,0.0,0.0,0.0,-100.0,-1.11,10.48,2026-02-11 18:35:01,True,Texas,
El libro salvaje,2024-09-01,0.0,0.0,0.0,0.0,0.0,0.0,0.0,0.0,0.0,2026-02-11 18:55:56,True,Texas,
El último héroe del Olimpo,2024-09-01,1.11,0.0,100.0,0.0,0.0,0.0,-100.0,-1.11,10.48,2026-02-11 18:56:23,True,Texas,
Eggs,2023-12-01,27.73,58.39,100.0,100.0,22.0,45.0,110.54,30.66,18.25,2026-02-11 18:56:53,True,Florida,
El Gusano de Tequila,2024-09-01,0.0,0.0,0.0,0.0,0.0,0.0,0.0,0.0,0.0,2026-02-11 18:57:21,True,Texas,
El Sol Y Sus Flores,2023-08-01,0.0,1.11,0.0,100.0,0.0,0.0,inf,1.11,10.48,2026-02-11 18:57:47,True,Florida,
Eclipse (Twilight Series),2021-10-01,1.11,0.0,100.0,0.0,0.0,0.0,-100.0,-1.11,10.48,2026-02-11 18:58:13,True,Oklahoma,
Economy and Industry in Ancient Rome,2025-02-01,0.0,0.0,0.0,0.0,0.0,0.0,0.0,0.0,0.0,2026-02-11 18:58:43,True,Tennessee,
Eden West,2023-08-01,36.23,49.66,100.0,100.0,0.0,0.0,37.04,13.42,19.13,2026-02-11 18:59:10,True,Florida,
Edge of Ready,2023-10-01,0.0,0.0,0.0,0.0,0.0,0.0,0.0,0.0,0.0,2026-02-11 18:59:36,True,Iowa,
Massacre at Virginia Tech: Disaster & Survival,2025-02-01,1.11,0.0,100.0,0.0,0.0,0.0,-100.0,-1.11,10.48,2026-02-11 19:00:02,True,Tennessee,
"Master Keaton, Vol. 10",2022-10-01,0.0,2.11,0.0,100.0,0.0,0.0,inf,2.11,14.02,2026-02-11 19:00:29,True,Texas,
"Master Keaton, Vol. 3",2022-10-01,0.0,2.16,0.0,100.0,0.0,0.0,inf,2.16,14.31,2026-02-11 19:00:55,True,Texas,
"Master Keaton, Vol. 5",2022-10-01,0.0,0.0,0.0,0.0,0.0,0.0,0.0,0.0,0.0,2026-02-11 19:01:22,True,Texas,
"Marriage, A History: How Love Conquered Marriage",2024-06-01,0.0,0.0,0.0,0.0,0.0,0.0,0.0,0.0,0.0,2026-02-11 19:01:48,True,Florida,
Mary's First Christmas,2023-06-01,0.0,0.0,0.0,0.0,0.0,0.0,0.0,0.0,0.0,2026-02-11 19:02:14,True,Florida,
Mary's Story,2023-06-01,1.78,1.11,100.0,100.0,0.0,0.0,-37.5,-0.67,11.36,2026-02-11 19:02:40,True,Florida,
Masaccio and the Brancacci Chapel,2025-04-01,0.0,0.0,0.0,0.0,0.0,0.0,0.0,0.0,0.0,2026-02-11 19:03:07,True,Tennessee,
Marc Chagall,2023-08-01,29.38,24.81,100.0,100.0,0.0,0.0,-15.54,-4.57,29.95,2026-02-11 19:03:34,True,Florida,
Margaux with an X,2025-02-01,1.11,0.0,100.0,0.0,0.0,0.0,-100.0,-1.11,10.48,2026-02-11 19:04:01,True,Tennessee,
Marilyn Monroe: The Biography,2023-08-01,1.11,0.0,100.0,0.0,0.0,0.0,-100.0,-1.11,10.48,2026-02-11 19:04:28,True,Florida,
Marriage Rights and Gay Rights: Interpretating the Constitution,2023-10-01,0.0,0.0,0.0,0.0,0.0,0.0,0.0,0.0,0.0,2026-02-11 19:04:55,True,Iowa,
"Manifest Destiny (Series, Title Not Specified)",2024-11-01,0.0,0.0,0.0,0.0,0.0,0.0,0.0,0.0,0.0,2026-02-11 19:05:22,True,Texas,
Manu,2024-05-01,42.5,33.72,100.0,100.0,34.0,25.0,-20.65,-8.78,9.9,2026-02-11 19:05:49,True,Florida,
Mapping the Bones,2025-02-01,0.0,0.0,0.0,0.0,0.0,0.0,0.0,0.0,0.0,2026-02-11 19:06:16,True,Tennessee,
Me Before You,2023-08-01,58.49,69.54,100.0,100.0,45.0,54.0,18.9,11.06,11.61,2026-02-11 19:06:42,True,Florida,
Media Violence,2025-02-01,32.89,51.81,100.0,100.0,0.0,0.0,57.53,18.92,33.6,2026-02-11 19:07:09,True,Tennessee,
Medicine,2024-11-01,85.58,82.16,100.0,100.0,63.0,56.0,-4.0,-3.42,12.18,2026-02-11 19:07:36,True,Texas,
Medieval Art,2024-11-01,52.62,49.94,100.0,100.0,0.0,0.0,-5.09,-2.68,20.71,2026-02-11 19:08:02,True,Texas,
"Maxfield Parrish, 1870-1966",2025-04-01,0.0,0.0,0.0,0.0,0.0,0.0,0.0,0.0,0.0,2026-02-11 19:08:29,True,Tennessee,
"Maximum Ride: The Manga, Vol 3",2023-08-01,0.0,0.0,0.0,0.0,0.0,0.0,0.0,0.0,0.0,2026-02-11 19:08:56,True,Florida,
Maya and the Rising Dark,2024-03-01,1.11,0.0,100.0,0.0,0.0,0.0,-100.0,-1.11,10.48,2026-02-11 19:09:23,True,Florida,
Mayo Clinic Family Health Book (Unknown Edition),2025-02-01,0.0,0.0,0.0,0.0,0.0,0.0,0.0,0.0,0.0,2026-02-11 19:09:49,True,Tennessee,
"Mates, Dates, and Inflatable Bras",2023-08-01,0.0,1.11,0.0,100.0,0.0,0.0,inf,1.11,10.48,2026-02-11 19:10:16,True,Florida,
Matisse: LA Danse,2022-09-01,0.0,1.11,0.0,100.0,0.0,0.0,inf,1.11,10.48,2026-02-11 19:10:42,True,Missouri,
Maus II: A Survivor's Tale: And Here My Troubles Began,2022-01-01,0.0,0.0,0.0,0.0,0.0,0.0,0.0,0.0,0.0,2026-02-11 19:11:08,True,Texas,
"Master Keaton, Vol. 7",2022-10-01,0.0,0.0,0.0,0.0,0.0,0.0,0.0,0.0,0.0,2026-02-11 19:11:34,True,Texas,
"Master Keaton, Vol. 9",2022-10-01,0.0,0.0,0.0,0.0,0.0,0.0,0.0,0.0,0.0,2026-02-11 19:12:00,True,Texas,
Master of the Game,2023-08-01,16.91,15.94,100.0,100.0,0.0,0.0,-5.72,-0.97,30.42,2026-02-11 19:12:27,True,Florida,
Mastiff,2023-08-01,69.07,73.56,100.0,100.0,50.0,55.0,6.5,4.49,11.86,2026-02-11 19:12:54,True,Florida,
Early Humans,2023-08-01,43.32,49.37,100.0,100.0,0.0,0.0,13.95,6.04,24.55,2026-02-11 19:13:22,True,Florida,
Earth (the book) A Visitors Guide to the Human Race,2024-06-01,0.0,0.0,0.0,0.0,0.0,0.0,0.0,0.0,0.0,2026-02-11 19:13:48,True,Florida,
Easter Rising: A Memoir of Roots and Rebellion,2023-12-01,1.11,0.0,100.0,0.0,0.0,0.0,-100.0,-1.11,10.48,2026-02-11 19:14:16,True,Florida,
Meg & Linus,2022-01-01,0.0,1.11,0.0,100.0,0.0,0.0,inf,1.11,10.48,2026-02-11 19:14:43,True,Texas,
Dune: The Butlerian Jihad,2023-10-01,0.0,0.0,0.0,0.0,0.0,0.0,0.0,0.0,0.0,2026-02-11 19:15:09,True,Florida,
Durarara!! Vol. 2,2024-10-01,1.11,0.0,100.0,0.0,0.0,0.0,-100.0,-1.11,10.48,2026-02-11 19:15:35,True,Tennessee,
Eagle Feather,2022-01-01,19.04,32.96,100.0,100.0,0.0,0.0,73.05,13.91,32.73,2026-02-11 19:16:02,True,Florida,
Eagle Strike,2022-10-01,65.38,55.09,100.0,100.0,0.0,32.0,-15.74,-10.29,14.54,2026-02-11 19:16:28,True,Texas,
Dumpling Soup,2022-01-01,57.08,34.21,100.0,100.0,18.0,17.0,-40.06,-22.87,17.24,2026-02-11 19:16:55,True,Florida,
"Dune: House Atreides, Vol. 1 (The Graphic Novel)",2023-10-01,0.0,2.03,0.0,100.0,0.0,0.0,inf,2.03,13.55,2026-02-11 19:17:21,True,Kentucky,
"Dune: House Atreides, Vol. 3 (The Graphic Novel)",2023-10-01,0.0,1.11,0.0,100.0,0.0,0.0,inf,1.11,10.48,2026-02-11 19:17:48,True,Kentucky,
Dune: House Harkonnen,2023-10-01,0.0,1.11,0.0,100.0,0.0,0.0,inf,1.11,10.48,2026-02-11 19:18:14,True,Florida,
Mediocre: The Dangerous Legacy of White Male America,2022-08-01,1.11,1.11,100.0,100.0,0.0,0.0,0.0,0.0,10.48,2026-02-11 19:18:44,True,Michigan,
Dubliners and A Portrait of the Artist as a Young Man and Other Works,2023-08-01,0.0,1.11,0.0,100.0,0.0,0.0,inf,1.11,10.48,2026-02-11 19:19:11,True,Florida,
Dumbness is a Dish Best Served Cold,2023-10-01,0.0,0.0,0.0,0.0,0.0,0.0,0.0,0.0,0.0,2026-02-11 19:19:37,True,Florida,
Michelangelo: Sculptor and Painter,2025-04-01,0.0,0.0,0.0,0.0,0.0,0.0,0.0,0.0,0.0,2026-02-11 19:20:05,True,Tennessee,
Micro,2023-08-01,75.23,86.48,100.0,100.0,67.0,78.0,14.95,11.24,7.36,2026-02-11 19:20:38,True,Florida,
Middletown,2024-08-01,59.2,83.07,100.0,100.0,48.0,68.0,40.32,23.87,13.75,2026-02-11 19:21:06,True,Texas,
"Mexican, Central & South American Art",2025-02-01,0.0,1.11,0.0,100.0,0.0,0.0,inf,1.11,10.48,2026-02-11 19:21:32,True,Tennessee,
Michelangelo,2023-08-01,66.99,47.71,100.0,100.0,48.0,35.0,-28.78,-19.28,14.44,2026-02-11 19:21:59,True,Florida,
Michelangelo Buonarroti,2025-04-01,3.04,1.11,100.0,100.0,0.0,0.0,-63.5,-1.93,13.83,2026-02-11 19:22:26,True,Tennessee,
Michelangelo and His Times,2025-02-01,1.11,0.0,100.0,0.0,0.0,0.0,-100.0,-1.11,10.48,2026-02-11 19:22:52,True,Tennessee,
"MeruPuri: Märchen Prince (Series, Title Not Specified)",2024-11-01,1.11,0.0,100.0,0.0,0.0,0.0,-100.0,-1.11,10.48,2026-02-11 19:23:18,True,Texas,
Messed Up,2023-08-01,82.29,87.3,100.0,100.0,67.0,76.0,6.09,5.01,6.3,2026-02-11 19:23:44,True,Florida,
Messing Around with Drinking Straw Construction: A Children's Museum Activisty Book,2023-08-01,0.0,2.13,0.0,100.0,0.0,0.0,inf,2.13,14.16,2026-02-11 19:24:11,True,Florida,
Metro Girl,2024-06-01,10.63,3.93,100.0,100.0,0.0,0.0,-63.01,-6.7,23.5,2026-02-11 19:24:37,True,Iowa,
Megan's Law: Protection or Privacy,2025-02-01,0.0,0.0,0.0,0.0,0.0,0.0,0.0,0.0,0.0,2026-02-11 19:25:03,True,Tennessee,
Memoirs of a Teenage Amnesiac,2024-10-01,0.0,0.0,0.0,0.0,0.0,0.0,0.0,0.0,0.0,2026-02-11 19:25:29,True,Tennessee,
Men Without Women,2024-06-01,51.67,49.77,100.0,100.0,0.0,0.0,-3.68,-1.9,26.19,2026-02-11 19:25:55,True,Florida,
Merlin's Dragon,2022-10-01,0.0,0.0,0.0,0.0,0.0,0.0,0.0,0.0,0.0,2026-02-11 19:41:25,True,Texas,
Mirage,2023-08-01,68.78,30.29,100.0,100.0,56.0,17.0,-55.96,-38.49,23.31,2026-02-11 19:55:23,True,Florida,
Mirror in the Sky,2024-06-01,1.11,0.0,100.0,0.0,0.0,0.0,-100.0,-1.11,10.48,2026-02-11 19:55:53,True,Florida,
"Mirror, Mirror",2025-02-01,33.97,35.72,100.0,100.0,0.0,0.0,5.17,1.76,31.92,2026-02-11 19:56:20,True,Florida,
Missing Clarissa,2024-08-01,1.11,1.11,100.0,100.0,0.0,0.0,0.0,0.0,10.48,2026-02-11 19:56:46,True,Texas,
"Minecraft, Volume 2",2023-07-01,0.0,0.0,0.0,0.0,0.0,0.0,0.0,0.0,0.0,2026-02-11 19:57:13,True,Florida,
Minerva Clark Gets a Clue,2024-08-01,0.0,0.0,0.0,0.0,0.0,0.0,0.0,0.0,0.0,2026-02-11 19:57:41,True,Florida,
Millennium Prophecies,2023-06-01,1.11,1.11,100.0,100.0,0.0,0.0,0.0,0.0,10.48,2026-02-11 19:58:10,True,Florida,
Mindset: The New Psychology of Success,2024-06-01,0.0,1.11,0.0,100.0,0.0,0.0,inf,1.11,10.48,2026-02-11 19:58:36,True,Florida,
Midnight at the Bright Ideas Bookstore,2024-06-01,0.0,0.0,0.0,0.0,0.0,0.0,0.0,0.0,0.0,2026-02-11 19:59:02,True,Florida,
Midnight at the Houdini,2024-08-01,1.11,0.0,100.0,0.0,0.0,0.0,-100.0,-1.11,10.48,2026-02-11 19:59:29,True,Florida,
Mighty Jack and the Goblin King,2022-09-01,0.0,0.0,0.0,0.0,0.0,0.0,0.0,0.0,0.0,2026-02-11 19:59:56,True,Florida,
Milk Glass Moon,2024-06-01,1.11,0.0,100.0,0.0,0.0,0.0,-100.0,-1.11,10.48,2026-02-11 20:00:24,True,Florida,
Drugs and the Family,2025-02-01,26.91,38.62,100.0,100.0,0.0,0.0,43.52,11.71,31.11,2026-02-11 20:00:50,True,Tennessee,
"Drums, Girls, and Dangerous Pie",2023-08-01,0.0,0.0,0.0,0.0,0.0,0.0,0.0,0.0,0.0,2026-02-11 20:01:16,True,Florida,
Modern Romance: An Investigation,2021-10-01,1.11,1.11,100.0,100.0,0.0,0.0,0.0,0.0,10.48,2026-02-11 20:01:42,True,Missouri,
Modigliani: Reclining Nude,2022-09-01,0.0,0.0,0.0,0.0,0.0,0.0,0.0,0.0,0.0,2026-02-11 20:02:10,True,Missouri,
Drown,2023-11-01,15.93,68.88,100.0,100.0,11.0,54.0,332.29,52.94,27.75,2026-02-11 20:02:43,True,Texas,
Drowning Instinct,2023-08-01,0.0,0.0,0.0,0.0,0.0,0.0,0.0,0.0,0.0,2026-02-11 21:02:58,True,Florida,
Drug Use on Your Streets,2025-02-01,1.11,0.0,100.0,0.0,0.0,0.0,-100.0,-1.11,10.48,2026-02-11 21:09:30,True,Tennessee,
Drugs and Sports,2025-02-01,2.82,3.09,100.0,100.0,0.0,0.0,9.45,0.27,16.01,2026-02-11 21:09:59,True,Tennessee,
Dreadnought (Nemesis Series),2021-12-01,1.11,1.11,100.0,100.0,0.0,0.0,0.0,0.0,10.48,2026-02-11 21:11:13,True,Texas,
Dreamplace,2023-08-01,0.0,0.0,0.0,0.0,0.0,0.0,0.0,0.0,0.0,2026-02-11 21:11:39,True,Florida,
Dress Codes for Small Towns,2024-06-01,1.11,0.0,100.0,0.0,0.0,0.0,-100.0,-1.11,10.48,2026-02-11 21:12:22,True,Iowa,
Mission Trip Impossible,2023-06-01,0.0,0.0,0.0,0.0,0.0,0.0,0.0,0.0,0.0,2026-02-11 21:12:48,True,Florida,
"Mobile Suit Gundam Thunderbolt (Series, Title Not Specified)",2025-04-01,1.11,0.0,100.0,0.0,0.0,0.0,-100.0,-1.11,10.48,2026-02-11 21:27:13,True,Tennessee,
Draw the Line (KO),2023-10-01,0.0,1.11,0.0,100.0,0.0,0.0,inf,1.11,10.48,2026-02-11 21:27:39,True,Iowa,
Drawing on Walls: A Story of Keith Haring,2024-06-01,0.0,0.0,0.0,0.0,0.0,0.0,0.0,0.0,0.0,2026-02-11 21:28:05,True,Iowa,
Moses in the Bulrushes,2023-06-01,0.0,0.0,0.0,0.0,0.0,0.0,0.0,0.0,0.0,2026-02-11 21:28:31,True,Florida,
Mosque,2025-02-01,59.37,23.39,100.0,100.0,41.0,14.0,-60.6,-35.98,21.65,2026-02-11 21:28:57,True,Tennessee,
Mostly Harmless,2023-12-01,0.0,9.41,0.0,100.0,0.0,0.0,inf,9.41,18.75,2026-02-11 21:29:23,True,Florida,
Motor Mouth,2024-06-01,4.14,4.28,100.0,100.0,0.0,0.0,3.22,0.13,18.56,2026-02-11 21:29:49,True,Iowa,
More Scary Stories to Tell in the Dark,2024-04-01,0.0,0.0,0.0,0.0,0.0,0.0,0.0,0.0,0.0,2026-02-11 21:30:16,True,Florida,
"Moreta, Dragonlady of Pern",2023-08-01,0.0,1.11,0.0,100.0,0.0,0.0,inf,1.11,10.48,2026-02-11 21:30:41,True,Florida,
Morning Star,2024-06-01,76.86,79.16,100.0,100.0,58.0,59.0,2.99,2.3,7.73,2026-02-11 21:31:08,True,Missouri,
Moses and Judaism,2025-02-01,0.0,1.11,0.0,100.0,0.0,0.0,inf,1.11,10.48,2026-02-11 21:31:34,True,Tennessee,
Monsters of Mythology (Vol. not specified),2025-02-01,0.0,0.0,0.0,0.0,0.0,0.0,0.0,0.0,0.0,2026-02-11 21:32:00,True,Tennessee,
"Monstress (Series, Title Not Specified)",2024-06-01,1.11,0.0,100.0,0.0,0.0,0.0,-100.0,-1.11,10.48,2026-02-11 21:32:26,True,Texas,
Montana 1948,2024-06-01,1.11,0.0,100.0,0.0,0.0,0.0,-100.0,-1.11,10.48,2026-02-11 21:32:52,True,Florida,
Moll Flanders,2023-10-01,0.0,0.0,0.0,0.0,0.0,0.0,0.0,0.0,0.0,2026-02-11 21:33:18,True,Florida,
Molly's Family,2023-07-01,0.0,1.11,0.0,100.0,0.0,0.0,inf,1.11,10.48,2026-02-11 21:33:44,True,Florida,
Monkey Man,2023-12-01,69.44,7.4,100.0,100.0,45.0,2.0,-89.34,-62.04,33.44,2026-02-11 21:34:10,True,Florida,
Dragonquest,2023-08-01,5.77,3.54,100.0,100.0,0.0,0.0,-38.54,-2.22,19.49,2026-02-11 21:34:36,True,Florida,
Dragonseye,2023-08-01,0.0,0.0,0.0,0.0,0.0,0.0,0.0,0.0,0.0,2026-02-11 21:35:02,True,Florida,
Drake,2024-06-01,21.38,58.62,100.0,100.0,10.0,46.0,174.22,37.24,23.73,2026-02-11 21:35:28,True,Florida,
Draw Me A Star,2024-12-01,0.0,2.19,0.0,100.0,0.0,0.0,inf,2.19,14.52,2026-02-11 21:35:54,True,Tennessee,
Dracula: Complete Original Text,2023-08-01,0.0,0.0,0.0,0.0,0.0,0.0,0.0,0.0,0.0,2026-02-11 21:36:20,True,Florida,
"Dragon Ball Z (Series, Title Not Specified)",2024-09-01,0.0,0.0,0.0,0.0,0.0,0.0,0.0,0.0,0.0,2026-02-11 21:36:46,True,Texas,
"Dragon Ball, Vol. 2",2025-05-01,2.21,1.11,100.0,100.0,0.0,0.0,-49.75,-1.1,12.76,2026-02-11 21:37:12,True,Tennessee,
Dragon's Keep,2024-06-01,6.03,0.0,100.0,0.0,0.0,0.0,-100.0,-6.03,18.16,2026-02-11 21:37:38,True,Texas,
Double Exposure,2024-08-01,10.23,15.0,100.0,100.0,0.0,0.0,46.58,4.77,16.64,2026-02-11 21:38:04,True,Texas,
Down Sand Mountain,2024-08-01,1.11,2.17,100.0,100.0,0.0,0.0,95.0,1.06,11.55,2026-02-11 21:38:30,True,Virginia,
Dr. Jekyll and Mr. Hyde,2024-06-01,26.7,6.82,100.0,100.0,0.0,0.0,-74.45,-19.88,27.39,2026-02-11 21:38:56,True,Texas,
Dracula,2023-03-01,63.23,49.72,100.0,100.0,42.0,37.0,-21.37,-13.51,12.88,2026-02-11 21:39:22,True,Florida,
Moving Target: Princess Leia Adventure,2025-02-01,1.11,1.11,100.0,100.0,0.0,0.0,0.0,0.0,10.48,2026-02-11 21:39:48,True,Texas,
Mr. Darcy Takes a Wife: A Deliciously Steamy Historical Romance that Starts After the Wedding Night,2024-06-01,0.0,0.0,0.0,0.0,0.0,0.0,0.0,0.0,0.0,2026-02-11 21:40:14,True,Florida,
Mr. Watson's Chickens,2023-07-01,1.11,0.0,100.0,0.0,0.0,0.0,-100.0,-1.11,10.48,2026-02-11 21:40:40,True,Florida,
"My Heart is on the Ground: The Diary of Nannie Little Rose, a Sioux Girl",2023-08-01,0.0,0.0,0.0,0.0,0.0,0.0,0.0,0.0,0.0,2026-02-11 21:41:06,True,Florida,
"My Hero Academia, Vigilantes Vol. 2",2024-10-01,0.0,0.0,0.0,0.0,0.0,0.0,0.0,0.0,0.0,2026-02-11 21:41:31,True,Tennessee,
"My Hero Academia, Vol. 30: Dabi's Dance",2023-08-01,0.0,1.77,0.0,100.0,0.0,0.0,inf,1.77,12.11,2026-02-11 21:41:57,True,Florida,
"My Hero Academia: Origin, Vol. 5",2025-06-01,1.11,0.0,100.0,0.0,0.0,0.0,-100.0,-1.11,10.48,2026-02-11 21:42:23,True,Florida,
"My Family, Your Family, Our Family",2024-06-01,2.9,0.0,100.0,0.0,0.0,0.0,-100.0,-2.9,15.85,2026-02-11 21:42:49,True,Iowa,
My First Bible in Pictures,2023-06-01,1.11,0.0,100.0,0.0,0.0,0.0,-100.0,-1.11,10.48,2026-02-11 21:43:15,True,Florida,
My Awesome/Awful Popularity Plan (Justin Goldblatt Series),2022-01-01,1.11,1.11,100.0,100.0,0.0,0.0,0.0,0.0,10.48,2026-02-11 21:43:41,True,Texas,
My Body Belongs to Me = Mi Cuerpo me Pertenece,2024-08-01,0.0,0.0,0.0,0.0,0.0,0.0,0.0,0.0,0.0,2026-02-11 21:44:07,True,Texas,
My Christian Faith,2023-06-01,1.11,1.11,100.0,100.0,0.0,0.0,0.0,0.0,10.48,2026-02-11 21:44:33,True,Florida,
Mummies Made in Egypt,2025-02-01,0.0,1.11,0.0,100.0,0.0,0.0,inf,1.11,10.48,2026-02-11 21:44:59,True,Tennessee,
Murder Complex,2022-11-01,0.0,1.11,0.0,100.0,0.0,0.0,inf,1.11,10.48,2026-02-11 21:45:25,True,Texas,
Murder of Crows,2023-10-01,22.71,36.63,100.0,100.0,0.0,0.0,61.3,13.92,30.34,2026-02-11 21:45:51,True,Florida,
My Absolute Darling,2023-08-01,1.11,0.0,100.0,0.0,0.0,0.0,-100.0,-1.11,10.48,2026-02-11 21:46:17,True,Florida,
My Two Moms and Me,2022-01-01,2.03,0.0,100.0,0.0,0.0,0.0,-100.0,-2.03,13.55,2026-02-11 21:46:43,True,Florida,
My Wicked Wicked Ways: Poems,2024-06-01,1.11,0.0,100.0,0.0,0.0,0.0,-100.0,-1.11,10.48,2026-02-11 21:47:09,True,Florida,
"Mysteries of Mankind (Series, Title Not Specified)",2025-02-01,0.0,0.0,0.0,0.0,0.0,0.0,0.0,0.0,0.0,2026-02-11 21:47:35,True,Tennessee,
Mystics and Psychics,2025-02-01,0.0,0.0,0.0,0.0,0.0,0.0,0.0,0.0,0.0,2026-02-11 21:48:01,True,Tennessee,
My Riot,2022-09-01,44.76,9.02,100.0,100.0,0.0,0.0,-79.84,-35.73,23.22,2026-02-11 21:48:27,True,Missouri,
My Sister Daisy,2025-06-01,0.0,0.0,0.0,0.0,0.0,0.0,0.0,0.0,0.0,2026-02-11 21:48:53,True,Florida,
My Summer of Pink and Green,2024-06-01,0.0,1.11,0.0,100.0,0.0,0.0,inf,1.11,10.48,2026-02-11 21:49:19,True,Iowa,
My Life as an Ice Cream Sandwich,2023-06-01,1.11,0.0,100.0,0.0,0.0,0.0,-100.0,-1.11,10.48,2026-02-11 21:49:45,True,Florida,
My Moms Love Me,2023-10-01,1.11,0.0,100.0,0.0,0.0,0.0,-100.0,-1.11,10.48,2026-02-11 21:50:11,True,Iowa,
My Mother's Sari,2022-01-01,0.0,0.0,0.0,0.0,0.0,0.0,0.0,0.0,0.0,2026-02-11 21:50:37,True,Florida,
My Name Is Sally Little Song,2022-01-01,0.0,1.11,0.0,100.0,0.0,0.0,inf,1.11,10.48,2026-02-11 21:51:03,True,Florida,
"My Hero Academia: School Briefs, Vol. 2: Training Camp",2023-02-01,0.0,0.0,0.0,0.0,0.0,0.0,0.0,0.0,0.0,2026-02-11 21:51:29,True,Pennsylvania,
"My Last Skirt: The Story of Jennie Hodgers, Union Soldier",2024-08-01,0.0,0.0,0.0,0.0,0.0,0.0,0.0,0.0,0.0,2026-02-11 21:51:55,True,Florida,
My Life Among the Serial Killers: Inside the Minds of the World's Most Notorious Murders,2023-02-01,0.0,1.11,0.0,100.0,0.0,0.0,inf,1.11,10.48,2026-02-11 21:52:21,True,Pennsylvania,
My Life as a Smashed Burrito With Extra Hot Sauce,2023-10-01,0.0,1.11,0.0,100.0,0.0,0.0,inf,1.11,10.48,2026-02-11 21:52:47,True,Florida,
Near-Death Experiences,2025-01-01,1.11,0.0,100.0,0.0,0.0,0.0,-100.0,-1.11,10.48,2026-02-11 21:53:13,True,Texas,
Necromancing the Stone,2025-01-01,0.0,0.0,0.0,0.0,0.0,0.0,0.0,0.0,0.0,2026-02-11 21:53:39,True,Texas,
Nectar in a Sieve,2024-06-01,0.0,2.06,0.0,100.0,0.0,0.0,inf,2.06,13.68,2026-02-11 21:54:05,True,Florida,
Needlework,2024-08-01,25.91,38.7,100.0,100.0,0.0,0.0,49.36,12.79,29.33,2026-02-11 21:54:30,True,Texas,
"Naruto, Vol. 2: Test of a Ninja",2023-08-01,0.0,0.0,0.0,0.0,0.0,0.0,0.0,0.0,0.0,2026-02-11 21:54:56,True,Florida,
"Naruto, Vol. 52: Cell Seven Reunion",2023-08-01,2.09,0.0,100.0,0.0,0.0,0.0,-100.0,-2.09,13.88,2026-02-11 21:55:22,True,Florida,
National Gallery of Art: Master Paintings from the Collection,2025-04-01,0.0,0.0,0.0,0.0,0.0,0.0,0.0,0.0,0.0,2026-02-11 21:55:48,True,Tennessee,
NYPD Red,2023-08-01,1.11,1.11,100.0,100.0,0.0,0.0,0.0,0.0,10.48,2026-02-11 21:56:14,True,Florida,
Naked,2023-12-01,78.7,80.83,100.0,100.0,65.0,67.0,2.71,2.13,7.68,2026-02-11 21:56:41,True,Florida,
"Nancy Drew, Girl Detective: The New Case Files (Series, Title Not Specified)",2024-12-01,0.0,0.0,0.0,0.0,0.0,0.0,0.0,0.0,0.0,2026-02-11 21:57:07,True,Texas,
"Naruto (Series, Title Not Specified)",2024-12-01,2.11,0.0,100.0,0.0,0.0,0.0,-100.0,-2.11,14.02,2026-02-11 21:57:33,True,Texas,
Mythology,2022-09-01,83.86,60.97,100.0,100.0,72.0,44.0,-27.3,-22.89,15.38,2026-02-11 21:57:59,True,Missouri,
Mythos: The Greek Myths Reimagined,2025-04-01,0.0,0.0,0.0,0.0,0.0,0.0,0.0,0.0,0.0,2026-02-11 21:58:25,True,Tennessee,
Myths and Civilization of the Ancient Greeks,2025-02-01,0.0,1.11,0.0,100.0,0.0,0.0,inf,1.11,10.48,2026-02-11 21:58:51,True,Tennessee,
"Myths, Legends and Sacred Stories: A Visual Encyclopedia",2022-09-01,0.0,0.0,0.0,0.0,0.0,0.0,0.0,0.0,0.0,2026-02-11 21:59:17,True,Missouri,
Dorothy Must Die,2023-11-01,0.0,1.11,0.0,100.0,0.0,0.0,inf,1.11,10.48,2026-02-11 21:59:43,True,Wisconsin,
Neither,2022-01-01,67.82,62.44,100.0,100.0,20.0,29.0,-7.93,-5.38,19.17,2026-02-11 22:00:09,True,Florida,
"Neon Genesis Evangelion: 3-in-1 edition, Vol. 1",2024-03-01,0.0,0.0,0.0,0.0,0.0,0.0,0.0,0.0,0.0,2026-02-11 22:00:35,True,Florida,
"Don't Toy With Me, Miss Nagatoro, Vol. 9",2025-04-01,0.0,0.0,0.0,0.0,0.0,0.0,0.0,0.0,0.0,2026-02-11 22:01:01,True,Tennessee,
Donald Trump,2024-09-01,7.16,4.04,100.0,100.0,2.0,1.0,-43.48,-3.11,12.21,2026-02-11 22:01:27,True,Texas,
Doom of the Darksword,2024-06-01,1.11,0.0,100.0,0.0,0.0,0.0,-100.0,-1.11,10.48,2026-02-11 22:01:53,True,Florida,
Dope Sick,2022-05-01,32.49,43.46,100.0,100.0,0.0,0.0,33.76,10.97,22.48,2026-02-11 22:02:19,True,Florida,
Don't Look Back,2023-08-01,59.53,53.3,100.0,100.0,29.0,26.0,-10.47,-6.23,13.6,2026-02-11 22:02:45,True,Florida,
Don't Tell a Soul,2024-09-01,2.16,1.11,100.0,100.0,0.0,0.0,-48.45,-1.04,12.55,2026-02-11 22:03:11,True,Texas,
"Don't Toy With Me, Miss Nagatoro, Vol. 6",2025-04-01,0.0,0.0,0.0,0.0,0.0,0.0,0.0,0.0,0.0,2026-02-11 22:03:37,True,Tennessee,
"Don't Toy With Me, Miss Nagatoro, Vol. 8",2025-04-01,0.0,0.0,0.0,0.0,0.0,0.0,0.0,0.0,0.0,2026-02-11 22:04:03,True,Tennessee,
Dog Man and Cat Kid,2023-10-01,0.0,2.19,0.0,100.0,0.0,0.0,inf,2.19,14.52,2026-02-11 22:04:29,True,Florida,
Dogchild,2024-10-01,2.22,1.11,100.0,100.0,0.0,0.0,-50.0,-1.11,12.8,2026-02-11 22:04:55,True,Tennessee,
Doll Bones,2023-11-01,0.0,0.0,0.0,0.0,0.0,0.0,0.0,0.0,0.0,2026-02-11 22:05:21,True,Wisconsin,
Don't Know Much About Mythology: Everything You Need to Know About the Greatest Stories in Human History but Never Learned,2022-09-01,,,,,,,,,,2026-02-11 22:06:17,False,Missouri,The request failed: Google returned a response with code 400
Nightbirds,2024-06-01,0.0,0.0,0.0,0.0,0.0,0.0,0.0,0.0,0.0,2026-02-11 22:06:43,True,Iowa,
Nightmares and dreamscapes,2025-06-01,0.0,2.2,0.0,100.0,0.0,0.0,inf,2.2,14.59,2026-02-11 22:07:09,True,Florida,
Nine Months Luciana,2023-08-01,0.0,1.11,0.0,100.0,0.0,0.0,inf,1.11,10.48,2026-02-11 22:07:35,True,Texas,
Nicki Minaj: Conquering Hip Hop,2023-08-01,1.11,0.0,100.0,0.0,0.0,0.0,-100.0,-1.11,10.48,2026-02-11 22:08:01,True,Florida,
Night Kites,2023-10-01,2.99,0.0,100.0,0.0,0.0,0.0,-100.0,-2.99,16.16,2026-02-11 22:08:27,True,Florida,
Night Road,2023-10-01,73.2,70.57,100.0,100.0,46.0,43.0,-3.6,-2.63,10.79,2026-02-11 22:08:53,True,Iowa,
Night Shine (Night Shine Series),2022-02-01,1.11,0.0,100.0,0.0,0.0,0.0,-100.0,-1.11,10.48,2026-02-11 22:09:19,True,Tennessee,
"Nevertheless, We Persisted: 48 Voices of Defiance, Strength, and Courage",2024-08-01,1.11,0.0,100.0,0.0,0.0,0.0,-100.0,-1.11,10.48,2026-02-11 22:09:45,True,Texas,
New Book of Herbs,2024-06-01,0.0,0.0,0.0,0.0,0.0,0.0,0.0,0.0,0.0,2026-02-11 22:10:11,True,Texas,
News from Nowhere and Other Writings,2024-06-01,1.11,1.11,100.0,100.0,0.0,0.0,0.0,0.0,10.48,2026-02-11 22:10:37,True,Florida,
Next Top Villain,2025-01-01,1.11,1.11,100.0,100.0,0.0,0.0,0.0,0.0,10.48,2026-02-11 22:11:03,True,Texas,
Netter's Atlas of the Human Body,2025-04-01,0.0,0.0,0.0,0.0,0.0,0.0,0.0,0.0,0.0,2026-02-11 22:11:29,True,Tennessee,
Never Cry Werewolf,2024-06-01,1.11,2.19,100.0,100.0,0.0,0.0,97.0,1.08,12.68,2026-02-11 22:11:55,True,Florida,
Never Say a Mean Word Again: A Tale from Medieval Spain,2022-01-01,0.0,0.0,0.0,0.0,0.0,0.0,0.0,0.0,0.0,2026-02-11 22:12:21,True,Florida,
Never-Contented Things,2024-08-01,1.11,0.0,100.0,0.0,0.0,0.0,-100.0,-1.11,10.48,2026-02-11 22:12:47,True,Texas,
No Judgements,2025-02-01,0.0,0.0,0.0,0.0,0.0,0.0,0.0,0.0,0.0,2026-02-11 22:13:13,True,Florida,
No More Excuses: Dismantling Rape Culture,2024-06-01,1.11,1.11,100.0,100.0,0.0,0.0,0.0,0.0,10.48,2026-02-11 22:13:39,True,Texas,
No Place for Fairy Tales,2024-08-01,0.0,2.02,0.0,100.0,0.0,0.0,inf,2.02,13.48,2026-02-11 22:14:05,True,Texas,
Distant Shores,2024-06-01,2.01,1.11,100.0,100.0,0.0,0.0,-44.75,-0.9,12.05,2026-02-11 22:14:31,True,Iowa,
Divine Secrets of the Ya-Ya Sisterhood,2023-08-01,1.11,1.11,100.0,100.0,0.0,0.0,0.0,0.0,10.48,2026-02-11 22:14:57,True,Florida,
Do You Dream of Terr-Two?,2025-02-01,0.0,1.11,0.0,100.0,0.0,0.0,inf,1.11,10.48,2026-02-11 22:15:22,True,Tennessee,
Doctor Zhivago,2023-08-01,2.37,3.7,100.0,100.0,0.0,0.0,56.34,1.33,12.42,2026-02-11 22:15:48,True,Florida,
Dirty Blonde,2024-06-01,73.1,74.48,100.0,100.0,51.0,49.0,1.88,1.38,10.52,2026-02-11 22:16:14,True,Florida,
Discovering Mythology - Gods and Goddesses,2022-09-01,0.0,1.11,0.0,100.0,0.0,0.0,inf,1.11,10.48,2026-02-11 22:16:40,True,Missouri,
Diseases,2023-08-01,68.2,76.59,100.0,100.0,52.0,49.0,12.3,8.39,14.79,2026-02-11 22:17:07,True,Florida,
No Bows!,2024-08-01,0.0,0.0,0.0,0.0,0.0,0.0,0.0,0.0,0.0,2026-02-11 22:17:32,True,Texas,
Diego Velazquez 1599-1660: The Face of Spain,2025-04-01,0.0,1.11,0.0,100.0,0.0,0.0,inf,1.11,10.48,2026-02-11 22:17:58,True,Tennessee,
Digital Art: A Complete Guide to Making Your Own Computer Artworks,2025-04-01,1.11,0.0,100.0,0.0,0.0,0.0,-100.0,-1.11,10.48,2026-02-11 22:18:24,True,Tennessee,
Dinner with Dimaggio: Memories of an American Hero,2023-08-01,0.0,0.0,0.0,0.0,0.0,0.0,0.0,0.0,0.0,2026-02-11 22:18:50,True,Florida,
Notes from My Captivity,2024-10-01,1.11,0.0,100.0,0.0,0.0,0.0,-100.0,-1.11,10.48,2026-02-11 22:19:16,True,Tennessee,
Notes from a Young Black Chef (Adapted for Young Adults),2023-06-01,0.0,1.11,0.0,100.0,0.0,0.0,inf,1.11,10.48,2026-02-11 22:19:42,True,Florida,
Nothing But Your Skin,2023-12-01,0.0,2.52,0.0,100.0,0.0,0.0,inf,2.52,13.95,2026-02-11 22:20:08,True,Florida,
Nothing Ever Happens Here,2024-08-01,1.11,0.0,100.0,0.0,0.0,0.0,-100.0,-1.11,10.48,2026-02-11 22:20:34,True,Texas,
Not Quite Narwhal,2023-06-01,0.0,14.97,0.0,100.0,0.0,0.0,inf,14.97,26.5,2026-02-11 22:21:00,True,Florida,
"Not Your Idol (Series, Title Not Specified)",2025-01-01,2.2,0.0,100.0,0.0,0.0,0.0,-100.0,-2.2,14.59,2026-02-11 22:21:26,True,Texas,
Not the Girls You're Looking For,2023-08-01,0.0,0.0,0.0,0.0,0.0,0.0,0.0,0.0,0.0,2026-02-11 22:21:52,True,Florida,
Nobody Does It Better,2024-06-01,4.81,3.31,100.0,100.0,0.0,0.0,-31.18,-1.5,17.95,2026-02-11 22:22:18,True,Iowa,
"Nonbinary Gender Identities: History, Culture, Resources",2022-02-01,0.0,0.0,0.0,0.0,0.0,0.0,0.0,0.0,0.0,2026-02-11 22:22:44,True,Tennessee,
Norse Mythology,2024-05-01,77.13,70.68,100.0,100.0,46.0,40.0,-8.37,-6.46,11.93,2026-02-11 22:23:09,True,Florida,
Northranger: A Modern Graphic Novel Retelling of Jane Austen's Northanger Abbey,2024-08-01,0.0,0.0,0.0,0.0,0.0,0.0,0.0,0.0,0.0,2026-02-11 22:23:35,True,Texas,
No Visible Bruises: What We Don't Know About Domestic Violence Can Kill Us,2023-12-01,0.0,0.0,0.0,0.0,0.0,0.0,0.0,0.0,0.0,2026-02-11 22:24:01,True,Florida,
Noah's Ark (JP),2023-06-01,0.0,0.0,0.0,0.0,0.0,0.0,0.0,0.0,0.0,2026-02-11 22:24:27,True,Florida,
Noah's Ark (PS),2023-06-01,0.0,0.0,0.0,0.0,0.0,0.0,0.0,0.0,0.0,2026-02-11 22:24:53,True,Florida,
Diary of a Young Girl,2023-08-01,2.83,0.0,100.0,0.0,0.0,0.0,-100.0,-2.83,15.41,2026-02-11 22:25:19,True,Florida,
Diego Rivera: An Artist for the People,2024-09-01,1.11,0.0,100.0,0.0,0.0,0.0,-100.0,-1.11,10.48,2026-02-11 22:25:45,True,Texas,
"Novels for Students, Vol. 55",2023-06-01,0.0,0.0,0.0,0.0,0.0,0.0,0.0,0.0,0.0,2026-02-11 22:26:11,True,Florida,
"Novels for Students, Vol. 61",2023-06-01,0.0,1.11,0.0,100.0,0.0,0.0,inf,1.11,10.48,2026-02-11 22:26:37,True,Florida,
Devious,2024-06-01,76.01,21.67,100.0,100.0,54.0,14.0,-71.5,-54.34,28.79,2026-02-11 22:27:03,True,Iowa,
Diamond and Dawn,2023-03-01,0.0,1.11,0.0,100.0,0.0,0.0,inf,1.11,10.48,2026-02-11 22:27:29,True,Texas,
Diana and the Underworld Odyssey,2023-09-01,0.0,0.0,0.0,0.0,0.0,0.0,0.0,0.0,0.0,2026-02-11 22:27:55,True,Florida,
Diary,2024-08-01,64.16,76.1,100.0,100.0,48.0,58.0,18.62,11.94,10.73,2026-02-11 22:28:22,True,Florida,
Desert Angel,2025-02-01,4.73,3.04,100.0,100.0,0.0,0.0,-35.68,-1.69,18.13,2026-02-11 22:28:48,True,Tennessee,
Desperation,2024-09-01,62.46,67.38,100.0,100.0,34.0,44.0,7.88,4.92,11.84,2026-02-11 22:29:14,True,Texas,
Detective Dan and the Puzzling Pizza Mystery,2023-06-01,0.0,1.11,0.0,100.0,0.0,0.0,inf,1.11,10.48,2026-02-11 22:29:40,True,Florida,
Deuteronomy: The Jewish Children's Bible,2023-06-01,0.0,1.97,0.0,100.0,0.0,0.0,inf,1.97,13.16,2026-02-11 22:30:05,True,Florida,
Nothing Lasts Forever,2024-06-01,5.98,9.92,100.0,100.0,0.0,0.0,65.99,3.94,24.08,2026-02-11 22:30:31,True,Florida,
Democracy,2022-09-01,38.03,57.01,100.0,100.0,19.0,17.0,49.9,18.98,22.98,2026-02-11 22:30:58,True,Missouri,
Demon Tide,2023-10-01,0.0,0.0,0.0,0.0,0.0,0.0,0.0,0.0,0.0,2026-02-11 22:31:23,True,Iowa,
Denton Little's Deathdate,2023-11-01,1.11,0.0,100.0,0.0,0.0,0.0,-100.0,-1.11,10.48,2026-02-11 22:31:49,True,Wisconsin,
"Deephaven: A Gothic Middle Grade Novel of Secrets, Shadows, and Unraveling Darkness at Deephaven Academy",2024-08-01,,,,,,,,,,2026-02-11 22:32:45,False,Texas,The request failed: Google returned a response with code 400
Defy the Night,2022-10-01,2.19,2.17,100.0,100.0,0.0,0.0,-1.02,-0.02,14.45,2026-02-11 22:33:11,True,Texas,
Degas: Impressions of a Great Master,2022-09-01,0.0,0.0,0.0,0.0,0.0,0.0,0.0,0.0,0.0,2026-02-11 22:33:37,True,Missouri,
Delirium,2023-08-01,80.59,26.0,100.0,100.0,56.0,17.0,-67.74,-54.59,28.6,2026-02-11 22:34:03,True,Florida,
"Death Note: Black Edition (Series, Title Not Specified)",2024-06-01,0.0,0.0,0.0,0.0,0.0,0.0,0.0,0.0,0.0,2026-02-11 22:34:29,True,Texas,
Death Prefers Blondes,2022-02-01,0.0,0.0,0.0,0.0,0.0,0.0,0.0,0.0,0.0,2026-02-11 22:34:55,True,Tennessee,
December 6: a novel,2023-08-01,0.0,0.0,0.0,0.0,0.0,0.0,0.0,0.0,0.0,2026-02-11 22:35:21,True,Florida,
Deep Dark Fears,2022-09-01,1.11,1.11,100.0,100.0,0.0,0.0,0.0,0.0,10.48,2026-02-11 22:35:47,True,Missouri,
Oceanic Art,2025-04-01,0.0,2.06,0.0,100.0,0.0,0.0,inf,2.06,13.68,2026-02-11 22:36:13,True,Tennessee,
October Sky/Rocket Boys,2024-08-01,0.0,0.0,0.0,0.0,0.0,0.0,0.0,0.0,0.0,2026-02-11 22:36:39,True,Georgia,
Of Jenny and the Aliens,2023-08-01,0.0,0.0,0.0,0.0,0.0,0.0,0.0,0.0,0.0,2026-02-11 22:37:05,True,Florida,
Dear Juno,2022-01-01,1.11,0.0,100.0,0.0,0.0,0.0,-100.0,-1.11,10.48,2026-02-11 22:37:31,True,Florida,
Now and Forever,2023-10-01,55.54,54.77,100.0,100.0,0.0,0.0,-1.4,-0.78,23.7,2026-02-11 22:37:57,True,Iowa,
Nowhere Man,2024-06-01,48.26,45.44,100.0,100.0,0.0,0.0,-5.83,-2.81,24.73,2026-02-11 22:38:23,True,Florida,
OCD Love Story,2023-08-01,0.0,0.0,0.0,0.0,0.0,0.0,0.0,0.0,0.0,2026-02-11 22:38:49,True,Florida,
"One-Punch Man (Series, Title Not Specified)",2024-06-01,0.0,0.0,0.0,0.0,0.0,0.0,0.0,0.0,0.0,2026-02-11 22:39:15,True,Texas,
"Online Pornography (Title only, no further information)",2025-02-01,0.0,1.11,0.0,100.0,0.0,0.0,inf,1.11,10.48,2026-02-11 22:39:43,True,Tennessee,
Only Ashes Remain,2024-10-01,1.11,0.0,100.0,0.0,0.0,0.0,-100.0,-1.11,10.48,2026-02-11 22:40:12,True,Tennessee,
Only in Your Dreams,2024-06-01,1.97,2.07,100.0,100.0,0.0,0.0,5.08,0.1,13.46,2026-02-11 22:40:40,True,Iowa,
On the Volcano,2024-06-01,54.04,47.27,100.0,100.0,0.0,0.0,-12.54,-6.78,21.98,2026-02-11 22:41:08,True,Florida,
Once Upon a Time: Regina Rising,2023-08-01,0.0,0.0,0.0,0.0,0.0,0.0,0.0,0.0,0.0,2026-02-11 22:41:34,True,Florida,
One For All,2024-10-01,51.49,61.4,100.0,100.0,23.0,16.0,19.25,9.91,23.02,2026-02-11 22:42:00,True,Florida,
"One Person, No Vote (YA edition): How Not All Voters Are Treated Equally",2023-06-01,0.0,0.0,0.0,0.0,0.0,0.0,0.0,0.0,0.0,2026-02-11 22:42:26,True,Florida,
On Earth We're Briefly Gorgeous,2023-10-01,12.13,14.0,100.0,100.0,0.0,0.0,15.38,1.87,26.39,2026-02-11 22:42:52,True,Iowa,
On Mystic Lake,2024-06-01,1.11,1.11,100.0,100.0,0.0,0.0,0.0,0.0,10.48,2026-02-11 22:43:18,True,Iowa,
On Top of Glass: My Stories as a Queer Girl in Figure Skating,2024-08-01,0.0,1.11,0.0,100.0,0.0,0.0,inf,1.11,10.48,2026-02-11 22:43:44,True,Texas,
"On the Come Up: A Novel, Based on a True Story",2021-12-01,1.11,1.11,100.0,100.0,0.0,0.0,0.0,0.0,10.48,2026-02-11 22:44:11,True,Texas,
Demian: Die Geschichte von Emil Sinclairs Jugend,2023-12-01,1.11,0.0,100.0,0.0,0.0,0.0,-100.0,-1.11,10.48,2026-02-11 22:44:37,True,Florida,
"Okay, Cupid",2024-08-01,1.11,0.0,100.0,0.0,0.0,0.0,-100.0,-1.11,10.48,2026-02-11 22:45:04,True,Texas,
Oliver Button is a Sissy,2023-08-01,0.0,0.0,0.0,0.0,0.0,0.0,0.0,0.0,0.0,2026-02-11 22:45:32,True,Florida,
Olympians: Artemis - Wild Goddess of the Hunt,2025-05-01,0.0,0.0,0.0,0.0,0.0,0.0,0.0,0.0,0.0,2026-02-11 22:46:00,True,Tennessee,
Dealing with Gender Dysphoria,2024-08-01,0.0,1.11,0.0,100.0,0.0,0.0,inf,1.11,10.48,2026-02-11 22:46:26,True,Texas,
"Dear Diary, I'm Pregnant: Teenagers Talk About their Pregnancy",2022-10-01,1.11,0.0,100.0,0.0,0.0,0.0,-100.0,-1.11,10.48,2026-02-11 22:46:52,True,Texas,
"Dear Girl: A Celebration of Wonderful, Smart, Beautiful You!",2024-06-01,0.0,0.0,0.0,0.0,0.0,0.0,0.0,0.0,0.0,2026-02-11 22:47:17,True,Iowa,
Orchards,2025-01-01,19.52,65.57,100.0,100.0,4.0,45.0,235.86,46.04,27.83,2026-02-11 22:47:44,True,Texas,
"Deadly Class, Vol. 1: Reagan Youth",2022-10-01,0.0,0.0,0.0,0.0,0.0,0.0,0.0,0.0,0.0,2026-02-11 22:48:09,True,Texas,
Deadly Drive,2024-06-01,1.11,0.0,100.0,0.0,0.0,0.0,-100.0,-1.11,10.48,2026-02-11 22:48:35,True,Texas,
Deadly School and Campus Violence,2025-02-01,1.11,1.11,100.0,100.0,0.0,0.0,0.0,0.0,10.48,2026-02-11 22:49:01,True,Tennessee,
Dealing With Sexual Harassment,2024-09-01,1.11,0.0,100.0,0.0,0.0,0.0,-100.0,-1.11,10.48,2026-02-11 22:49:27,True,Texas,
Days of Infamy: How A Century of Bigotry Led to Japenese American Internment,2023-10-01,0.0,1.11,0.0,100.0,0.0,0.0,inf,1.11,10.48,2026-02-11 22:49:53,True,Iowa,
Dead End Girls,2024-08-01,0.0,1.11,0.0,100.0,0.0,0.0,inf,1.11,10.48,2026-02-11 22:50:21,True,Texas,
Dead and the Dark,2022-10-01,3.2,6.27,100.0,100.0,0.0,0.0,95.83,3.07,17.23,2026-02-11 22:50:50,True,Texas,
Deadly,2023-08-01,77.38,81.28,100.0,100.0,67.0,67.0,5.04,3.9,6.9,2026-02-11 22:51:19,True,Florida,
"Opposite Sex: Gay Men on Lesbians, Lesbians on Gay Men",2023-10-01,0.0,0.0,0.0,0.0,0.0,0.0,0.0,0.0,0.0,2026-02-11 22:51:45,True,Iowa,
"Option B: Facing Adversity, Building Resilience, and Finding Joy",2023-12-01,0.0,0.0,0.0,0.0,0.0,0.0,0.0,0.0,0.0,2026-02-11 22:52:12,True,Florida,
"David and Goliath: Underdogs, Misfits, and the Art of Battling Giants",2024-10-01,0.0,1.11,0.0,100.0,0.0,0.0,inf,1.11,10.48,2026-02-11 22:52:38,True,Florida,
Day of the Dead,2022-01-01,1.91,67.73,100.0,100.0,0.0,48.0,3444.19,65.82,34.39,2026-02-11 22:53:04,True,Florida,
Over the Edge,2024-06-01,38.41,46.76,100.0,100.0,18.0,0.0,21.72,8.34,12.77,2026-02-11 22:53:30,True,Florida,
Overkill: Mass Murder and Serial Killing Exposed,2023-02-01,1.11,0.0,100.0,0.0,0.0,0.0,-100.0,-1.11,10.48,2026-02-11 22:53:58,True,Pennsylvania,
Pablo Picasso,2023-08-01,33.71,50.91,100.0,100.0,16.0,19.0,51.02,17.2,21.14,2026-02-11 22:54:24,True,Florida,
Pablo: Art Masters Series,2022-09-01,0.0,0.0,0.0,0.0,0.0,0.0,0.0,0.0,0.0,2026-02-11 22:54:50,True,Missouri,
Out of the Blue (JJ),2025-01-01,0.0,0.0,0.0,0.0,0.0,0.0,0.0,0.0,0.0,2026-02-11 22:55:18,True,Texas,
Outer Dark,2024-06-01,35.23,21.12,100.0,100.0,0.0,0.0,-40.05,-14.11,34.83,2026-02-11 22:55:46,True,Florida,
Outlaw Princess of Sherwood,2024-08-01,1.11,0.0,100.0,0.0,0.0,0.0,-100.0,-1.11,10.48,2026-02-11 22:56:12,True,Florida,
Our Country's Presidents 5th Ed.: A Complete Encyclopedia of the U.S. Presidency,2025-01-01,0.0,0.0,0.0,0.0,0.0,0.0,0.0,0.0,0.0,2026-02-11 22:56:38,True,Texas,
Our Year in Love and Parties,2023-08-01,0.0,0.0,0.0,0.0,0.0,0.0,0.0,0.0,0.0,2026-02-11 22:57:04,True,Florida,
Out Stealing Horses,2023-12-01,0.0,1.11,0.0,100.0,0.0,0.0,inf,1.11,10.48,2026-02-11 22:57:30,True,Florida,
Ordinary Heroes,2024-06-01,0.0,1.11,0.0,100.0,0.0,0.0,inf,1.11,10.48,2026-02-11 22:57:57,True,Florida,
Origins of the Holocaust,2025-02-01,0.0,0.0,0.0,0.0,0.0,0.0,0.0,0.0,0.0,2026-02-11 22:58:26,True,Tennessee,
Orr: My Story,2024-06-01,0.0,0.0,0.0,0.0,0.0,0.0,0.0,0.0,0.0,2026-02-11 22:58:54,True,Florida,
Otherwise,2024-08-01,53.38,65.01,100.0,100.0,27.0,25.0,21.79,11.63,17.92,2026-02-11 22:59:22,True,Texas,
Patience,2022-09-01,78.78,79.89,100.0,100.0,59.0,53.0,1.41,1.11,10.49,2026-02-11 22:59:50,True,Missouri,
Patron Saints of Nothing,2023-11-01,4.89,9.29,100.0,100.0,0.0,0.0,90.0,4.4,22.98,2026-02-11 23:00:18,True,Wisconsin,
Paul Gaugin,2025-04-01,2.16,0.0,100.0,0.0,0.0,0.0,-100.0,-2.16,14.31,2026-02-11 23:00:45,True,Tennessee,
Pauli Murray: The Life of a Pioneering Feminist and Civil Rights Activist,2024-08-01,1.11,0.0,100.0,0.0,0.0,0.0,-100.0,-1.11,10.48,2026-02-11 23:01:13,True,Texas,
Part of Your World,2023-10-01,58.58,12.37,100.0,100.0,31.0,5.0,-78.89,-46.21,26.04,2026-02-11 23:01:40,True,Florida,
Party Princess,2025-02-01,59.89,60.39,100.0,100.0,23.0,32.0,0.83,0.5,14.97,2026-02-11 23:02:07,True,Florida,
Passenger (AS),2025-01-01,66.7,55.42,100.0,100.0,0.0,26.0,-16.91,-11.28,18.12,2026-02-11 23:02:33,True,Texas,
Path of Night,2024-10-01,4.77,7.43,100.0,100.0,0.0,0.0,55.94,2.67,20.13,2026-02-11 23:02:59,True,Tennessee,
Parachute Kids,2024-06-01,5.18,4.1,100.0,100.0,0.0,0.0,-20.82,-1.08,19.34,2026-02-11 23:03:25,True,Iowa,
Paradise Lost and Paradise Regained,2023-12-01,0.0,2.18,0.0,100.0,0.0,0.0,inf,2.18,14.45,2026-02-11 23:03:51,True,Florida,
Parasite: A Graphic Novel in Storyboards,2024-06-01,0.0,0.0,0.0,0.0,0.0,0.0,0.0,0.0,0.0,2026-02-11 23:04:17,True,Florida,
Parents' Day,2024-06-01,2.18,0.0,100.0,0.0,0.0,0.0,-100.0,-2.18,14.45,2026-02-11 23:04:43,True,Iowa,
Palo Alto: Stories,2024-06-01,0.0,0.0,0.0,0.0,0.0,0.0,0.0,0.0,0.0,2026-02-11 23:05:09,True,Florida,
Paper Butterflies,2023-08-01,3.14,0.0,100.0,0.0,0.0,0.0,-100.0,-3.14,16.96,2026-02-11 23:05:34,True,Florida,
Paper Girls (Series Title Not Specified),2024-10-01,0.0,2.14,0.0,100.0,0.0,0.0,inf,2.14,14.23,2026-02-11 23:06:01,True,Tennessee,
Papillon,2024-06-01,49.87,76.42,100.0,100.0,35.0,58.0,53.25,26.56,16.27,2026-02-11 23:06:27,True,Florida,
David and Goliath (LF),2023-06-01,0.0,0.0,0.0,0.0,0.0,0.0,0.0,0.0,0.0,2026-02-11 23:06:53,True,Florida,
Pearl,2021-12-01,39.58,27.72,100.0,100.0,29.0,19.0,-29.96,-11.86,13.57,2026-02-11 23:07:20,True,Texas,
"Pedro and Me: Friendship, Loss, and What I Learned",2023-02-01,0.0,0.0,0.0,0.0,0.0,0.0,0.0,0.0,0.0,2026-02-11 23:07:46,True,Pennsylvania,
Daughter of Chaos,2024-10-01,0.0,2.82,0.0,100.0,0.0,0.0,inf,2.82,15.33,2026-02-11 23:08:12,True,Tennessee,
Daughter of the Pirate King,2025-03-01,0.0,3.23,0.0,100.0,0.0,0.0,inf,3.23,17.42,2026-02-11 23:08:38,True,Florida,
Daughters of Eve,2023-10-01,2.19,2.54,100.0,100.0,0.0,0.0,16.24,0.36,14.28,2026-02-11 23:09:04,True,Iowa,
David Copperfield: Adapted for Young Readers,2023-08-01,0.0,0.0,0.0,0.0,0.0,0.0,0.0,0.0,0.0,2026-02-11 23:09:30,True,Florida,
Date Violence,2025-02-01,3.79,12.96,100.0,100.0,0.0,0.0,241.94,9.17,24.72,2026-02-11 23:09:56,True,Tennessee,
Date and Acquaintance Rape,2023-12-01,0.0,0.0,0.0,0.0,0.0,0.0,0.0,0.0,0.0,2026-02-11 23:10:22,True,Iowa,
Dating Makes Perfect,2023-10-01,0.0,1.11,0.0,100.0,0.0,0.0,inf,1.11,10.48,2026-02-11 23:10:49,True,Iowa,
"Dating, Relationships, And Sexuality: What Teens Should Know",2021-12-01,0.0,0.0,0.0,0.0,0.0,0.0,0.0,0.0,0.0,2026-02-11 23:11:15,True,Texas,
"Darkness, Be My Friend",2023-08-01,0.0,0.0,0.0,0.0,0.0,0.0,0.0,0.0,0.0,2026-02-11 23:11:42,True,Florida,
Dash & Lily's Book of Dares,2023-06-01,0.0,0.0,0.0,0.0,0.0,0.0,0.0,0.0,0.0,2026-02-11 23:12:08,True,Florida,
Date Abuse,2025-02-01,7.22,7.92,100.0,100.0,0.0,0.0,9.69,0.7,23.61,2026-02-11 23:12:34,True,Tennessee,
Date Rape Drugs,2023-12-01,0.0,5.13,0.0,100.0,0.0,0.0,inf,5.13,19.68,2026-02-11 23:13:01,True,Iowa,
Picking Cotton: Our Memoir of Injustice and Redemption,2023-12-01,0.0,1.11,0.0,100.0,0.0,0.0,inf,1.11,10.48,2026-02-11 23:13:27,True,Florida,
Picture Us In the Light,2023-08-01,0.0,0.0,0.0,0.0,0.0,0.0,0.0,0.0,0.0,2026-02-11 23:13:53,True,Florida,
Pieces: A Collection of New Voices,2023-12-01,1.11,1.11,100.0,100.0,0.0,0.0,0.0,0.0,10.48,2026-02-11 23:14:21,True,Florida,
Perseus,2025-04-01,73.03,17.12,100.0,100.0,43.0,9.0,-76.56,-55.91,30.32,2026-02-11 23:14:49,True,Tennessee,
Pharaoh's Daughter: A Novel of Ancient Egypt,2023-06-01,0.0,1.11,0.0,100.0,0.0,0.0,inf,1.11,10.48,2026-02-11 23:15:17,True,Florida,
Phoenix Goes to School: A Story to Support Transgender and Gender Diverse Children,2021-07-01,0.0,0.0,0.0,0.0,0.0,0.0,0.0,0.0,0.0,2026-02-11 23:15:46,True,Indiana,
Photography: A Crash Course,2023-08-01,0.0,0.0,0.0,0.0,0.0,0.0,0.0,0.0,0.0,2026-02-11 23:16:14,True,Florida,
Perfect (CA),2025-01-01,14.24,12.66,100.0,100.0,0.0,0.0,-11.15,-1.59,29.39,2026-02-11 23:16:41,True,Texas,
Perfect Victim: The True Story of the Girl in the Box,2023-08-01,0.0,0.0,0.0,0.0,0.0,0.0,0.0,0.0,0.0,2026-02-11 23:17:07,True,Maine,
Period 8,2025-02-01,65.12,59.93,100.0,100.0,29.0,32.0,-7.97,-5.19,15.81,2026-02-11 23:17:33,True,Tennessee,
"Perrine's Literature Structure, Sound, and Sense",2024-08-01,0.0,1.11,0.0,100.0,0.0,0.0,inf,1.11,10.48,2026-02-11 23:17:59,True,Virginia,
Penultimate Quest,2022-09-01,0.0,0.0,0.0,0.0,0.0,0.0,0.0,0.0,0.0,2026-02-11 23:18:25,True,Missouri,
People of Pride: 25 Great LGBTO Americans,2024-08-01,1.11,0.0,100.0,0.0,0.0,0.0,-100.0,-1.11,10.48,2026-02-11 23:18:52,True,Texas,
Peppermint Coach Crushes,2024-06-01,0.0,0.0,0.0,0.0,0.0,0.0,0.0,0.0,0.0,2026-02-11 23:19:19,True,Iowa,
Dark Sons,2023-08-01,1.11,2.06,100.0,100.0,0.0,0.0,85.0,0.94,12.2,2026-02-11 23:19:47,True,Florida,
Darkest Hour,2025-04-01,43.23,53.52,100.0,100.0,0.0,0.0,23.8,10.29,16.64,2026-02-11 23:20:16,True,Florida,
Pioneers of LGBTQ+ Rights,2023-06-01,62.04,52.64,100.0,100.0,28.0,38.0,-15.15,-9.4,16.9,2026-02-11 23:20:43,True,Florida,
Pirate Cinema,2023-08-01,0.0,0.0,0.0,0.0,0.0,0.0,0.0,0.0,0.0,2026-02-11 23:21:09,True,Florida,
Daring to Dream,2023-03-01,1.11,1.11,100.0,100.0,0.0,0.0,0.0,0.0,10.48,2026-02-11 23:21:35,True,Florida,
Dark Age,2024-06-01,71.43,59.42,100.0,100.0,45.0,46.0,-16.81,-12.01,11.1,2026-02-11 23:22:02,True,Missouri,
Dark Eye,2024-06-01,77.71,78.86,100.0,100.0,57.0,62.0,1.47,1.14,8.68,2026-02-11 23:22:28,True,Florida,
Dark Lover,2024-06-01,3.81,2.11,100.0,100.0,0.0,0.0,-44.61,-1.7,16.16,2026-02-11 23:22:53,True,Iowa,
Dance of Thieves,2023-08-01,12.44,5.6,100.0,100.0,0.0,0.0,-55.0,-6.84,26.42,2026-02-11 23:23:19,True,Florida,
Dancing in my nuddy-pants: Even further confessions of Georgia Nicolson,2023-02-01,0.0,1.11,0.0,100.0,0.0,0.0,inf,1.11,10.48,2026-02-11 23:23:45,True,Pennsylvania,
Dangerous Woman: The Graphic Biography of Emma Goldman,2022-09-01,0.0,0.0,0.0,0.0,0.0,0.0,0.0,0.0,0.0,2026-02-11 23:24:11,True,Missouri,
Dare You To,2024-10-01,55.24,61.59,100.0,100.0,0.0,0.0,11.48,6.34,19.82,2026-02-11 23:24:37,True,Tennessee,
Pierre Auguste Renoir,2025-04-01,1.11,1.11,100.0,100.0,0.0,0.0,0.0,0.0,10.48,2026-02-11 23:25:03,True,Tennessee,
Pigs In Heaven,2023-10-01,0.0,0.0,0.0,0.0,0.0,0.0,0.0,0.0,0.0,2026-02-11 23:25:29,True,Florida,
Pinch Hit,2025-01-01,1.11,1.11,100.0,100.0,0.0,0.0,0.0,0.0,10.48,2026-02-11 23:25:55,True,Texas,
Dance Team,2024-09-01,69.69,73.43,100.0,100.0,45.0,42.0,5.37,3.74,10.88,2026-02-11 23:26:22,True,Texas,
"Pointe, Claw",2023-08-01,0.0,1.11,0.0,100.0,0.0,0.0,inf,1.11,10.48,2026-02-11 23:26:48,True,Florida,
"Poisonous, Smelly, and Amazing Plants",2023-06-01,0.0,0.0,0.0,0.0,0.0,0.0,0.0,0.0,0.0,2026-02-11 23:27:14,True,Florida,
Political Resistance in the Current Age,2021-11-01,0.0,0.0,0.0,0.0,0.0,0.0,0.0,0.0,0.0,2026-02-11 23:27:42,True,Texas,
Pornography,2025-02-01,79.42,78.67,100.0,100.0,61.0,60.0,-0.95,-0.76,7.62,2026-02-11 23:28:10,True,Tennessee,
Please Send Help,2024-08-01,1.11,2.19,100.0,100.0,0.0,0.0,97.0,1.08,12.68,2026-02-11 23:28:36,True,Texas,
Plum Island,2023-08-01,54.3,32.41,100.0,100.0,24.0,12.0,-40.31,-21.89,20.04,2026-02-11 23:29:02,True,Florida,
Plum Lucky,2024-06-01,0.0,1.11,0.0,100.0,0.0,0.0,inf,1.11,10.48,2026-02-11 23:29:28,True,Iowa,
Plunking Reggie Jackson,2023-08-01,0.0,0.0,0.0,0.0,0.0,0.0,0.0,0.0,0.0,2026-02-11 23:29:56,True,Florida,
Playback,2023-12-01,57.04,77.07,100.0,100.0,45.0,64.0,35.1,20.02,12.89,2026-02-11 23:30:23,True,Florida,
Playing Hard to Get,2023-10-01,7.96,16.33,100.0,100.0,0.0,0.0,105.31,8.38,26.31,2026-02-11 23:30:54,True,Iowa,
Pirate Latitudes,2025-04-01,0.0,1.11,0.0,100.0,0.0,0.0,inf,1.11,10.48,2026-02-11 23:31:20,True,Florida,
Pirates!,2023-08-01,44.7,57.5,100.0,100.0,27.0,29.0,28.64,12.8,17.99,2026-02-11 23:31:47,True,Florida,
Plague Land Reborn,2024-10-01,0.0,1.11,0.0,100.0,0.0,0.0,inf,1.11,10.48,2026-02-11 23:32:15,True,Tennessee,
Plan B,2023-10-01,80.51,82.1,100.0,100.0,66.0,65.0,1.97,1.59,9.27,2026-02-11 23:32:43,True,Iowa,
"Princess Jellyfish (Series, Title Not Specified)",2025-01-01,0.0,0.0,0.0,0.0,0.0,0.0,0.0,0.0,0.0,2026-02-11 23:33:10,True,Texas,
Princess Mia,2025-04-01,10.8,9.53,100.0,100.0,0.0,0.0,-11.73,-1.27,25.89,2026-02-11 23:33:38,True,Florida,
Princess in Pink,2025-02-01,4.86,19.3,100.0,100.0,0.0,0.0,297.48,14.44,29.67,2026-02-11 23:34:07,True,Florida,
Prisoners,2023-10-01,68.22,72.03,100.0,100.0,53.0,52.0,5.59,3.81,9.41,2026-02-11 23:34:36,True,Florida,
Pride Colors,2024-06-01,25.02,21.47,100.0,100.0,0.0,0.0,-14.21,-3.56,25.67,2026-02-11 23:35:04,True,Florida,
Pride: An Inspirational History of the LGBTQ+ Community,2024-08-01,80.8,75.4,100.0,100.0,53.0,50.0,-6.68,-5.4,14.76,2026-02-11 23:35:30,True,Texas,
Primal Waters,2023-08-01,0.0,0.0,0.0,0.0,0.0,0.0,0.0,0.0,0.0,2026-02-11 23:35:56,True,Florida,
Practical Photography,2025-02-01,2.16,1.97,100.0,100.0,0.0,0.0,-8.76,-0.19,13.74,2026-02-11 23:36:24,True,Tennessee,
Predator,2024-06-01,79.72,50.83,100.0,100.0,67.0,41.0,-36.24,-28.89,16.25,2026-02-11 23:36:50,True,Florida,
Pretties,2025-02-01,25.88,26.81,100.0,100.0,0.0,0.0,3.61,0.93,32.16,2026-02-11 23:37:16,True,Tennessee,
"Pretty Guardian Sailor Moon (Series, Title Not Specified)",2024-06-01,0.0,0.0,0.0,0.0,0.0,0.0,0.0,0.0,0.0,2026-02-11 23:37:42,True,Texas,
Portrait in Death,2024-06-01,2.03,1.11,100.0,100.0,0.0,0.0,-45.36,-0.92,12.12,2026-02-11 23:38:08,True,Florida,
Portraits of African-American Heroes,2023-07-01,1.11,0.0,100.0,0.0,0.0,0.0,-100.0,-1.11,10.48,2026-02-11 23:38:34,True,Florida,
Poseidon (RR),2025-04-01,0.0,1.11,0.0,100.0,0.0,0.0,inf,1.11,10.48,2026-02-11 23:38:59,True,Tennessee,
"Pox, Pus and Plague",2022-09-01,0.0,1.11,0.0,100.0,0.0,0.0,inf,1.11,10.48,2026-02-11 23:39:25,True,Texas,
Dali: The Persistence of Memory,2022-09-01,2.12,1.11,100.0,100.0,0.0,0.0,-47.64,-1.01,12.43,2026-02-11 23:39:51,True,Missouri,
Private Lessons,2024-10-01,65.19,66.64,100.0,100.0,35.0,37.0,2.23,1.46,12.93,2026-02-11 23:40:17,True,Tennessee,
Profiling Violent Crimes: An Investigative Tool,2023-08-01,0.0,0.0,0.0,0.0,0.0,0.0,0.0,0.0,0.0,2026-02-11 23:40:43,True,Florida,
Project Mulberry,2023-07-01,1.11,0.0,100.0,0.0,0.0,0.0,-100.0,-1.11,10.48,2026-02-11 23:41:09,True,Florida,
D-Day: The World War II Invasion that Changed History,2022-10-01,0.0,0.0,0.0,0.0,0.0,0.0,0.0,0.0,0.0,2026-02-11 23:41:34,True,Texas,
"Dad, Jackie, and Me",2022-01-01,0.0,1.11,0.0,100.0,0.0,0.0,inf,1.11,10.48,2026-02-11 23:42:01,True,Florida,
"Daddy, Papa, and Me",2022-01-01,0.0,0.0,0.0,0.0,0.0,0.0,0.0,0.0,0.0,2026-02-11 23:42:26,True,Florida,
Dali,2025-02-01,31.92,47.4,100.0,100.0,21.0,39.0,48.49,15.48,11.05,2026-02-11 23:42:53,True,Tennessee,
Cured,2023-08-01,71.54,88.2,100.0,100.0,62.0,74.0,23.28,16.66,9.76,2026-02-11 23:43:19,True,Florida,
Cursed Pirate Girl,2022-09-01,2.04,0.0,100.0,0.0,0.0,0.0,-100.0,-2.04,13.61,2026-02-11 23:43:45,True,Texas,
D'Aulaires Book of Greek Myths,2025-02-01,1.11,0.0,100.0,0.0,0.0,0.0,-100.0,-1.11,10.48,2026-02-11 23:44:10,True,Tennessee,
Private Label,2022-11-01,70.63,55.57,100.0,100.0,30.0,30.0,-21.33,-15.07,13.36,2026-02-11 23:44:36,True,Utah,
Cubism,2024-09-01,30.47,62.79,100.0,100.0,0.0,24.0,106.09,32.32,24.75,2026-02-11 23:45:03,True,Texas,
Queen,2023-08-01,37.04,76.12,100.0,100.0,28.0,64.0,105.49,39.08,21.81,2026-02-11 23:45:30,True,Florida,
Queen of the Damned,2023-10-01,50.26,37.72,100.0,100.0,26.0,11.0,-24.94,-12.53,17.94,2026-02-11 23:45:57,True,Florida,
Queens of Fennbirn,2023-08-01,0.0,0.0,0.0,0.0,0.0,0.0,0.0,0.0,0.0,2026-02-11 23:46:23,True,Florida,
Queer Ducks (and Other Animals): The Natural World of Animal Sexuality,2023-06-01,0.0,0.0,0.0,0.0,0.0,0.0,0.0,0.0,0.0,2026-02-11 23:46:51,True,Wisconsin,
Punching the Air,2023-06-01,5.09,0.0,100.0,0.0,0.0,0.0,-100.0,-5.09,21.12,2026-02-11 23:47:18,True,Florida,
Pushing the Limits,2024-04-01,1.11,3.04,100.0,100.0,0.0,0.0,174.0,1.93,13.82,2026-02-11 23:47:44,True,Florida,
Puzzleheart,2024-08-01,0.0,1.11,0.0,100.0,0.0,0.0,inf,1.11,10.48,2026-02-11 23:48:11,True,Texas,
Quake,2023-08-01,58.48,24.28,100.0,100.0,44.0,13.0,-58.48,-34.2,20.99,2026-02-11 23:48:38,True,Florida,
Psalm Twenty-Three,2023-06-01,0.0,0.0,0.0,0.0,0.0,0.0,0.0,0.0,0.0,2026-02-11 23:49:04,True,Florida,
Psyche in a Dress,2023-08-01,0.0,0.0,0.0,0.0,0.0,0.0,0.0,0.0,0.0,2026-02-11 23:49:30,True,Florida,
Puberty is Gross but Also Really Awesome,2022-09-01,1.11,0.0,100.0,0.0,0.0,0.0,-100.0,-1.11,10.48,2026-02-11 23:49:56,True,Missouri,
Punching Bag,2023-10-01,75.27,59.08,100.0,100.0,52.0,33.0,-21.51,-16.19,15.13,2026-02-11 23:50:23,True,Florida,
Projekt 1065: A Novel of World War II,2023-07-01,1.11,0.0,100.0,0.0,0.0,0.0,-100.0,-1.11,10.48,2026-02-11 23:50:49,True,Florida,
Protect and Defend (Kerry Kilcannon Series),2021-12-01,1.11,1.11,100.0,100.0,0.0,0.0,0.0,0.0,10.48,2026-02-11 23:51:17,True,Texas,
Protests and Riots,2023-10-01,1.11,2.91,100.0,100.0,0.0,0.0,162.0,1.8,13.44,2026-02-11 23:51:45,True,Iowa,
Cross Country,2024-06-01,84.43,41.69,100.0,100.0,71.0,25.0,-50.63,-42.74,24.83,2026-02-11 23:52:11,True,Florida,
Crossed,2025-02-01,40.62,72.66,100.0,100.0,29.0,55.0,78.86,32.03,18.32,2026-02-11 23:52:39,True,Tennessee,
Crown of Feathers (Crown of Feathers Series),2022-02-01,2.41,1.11,100.0,100.0,0.0,0.0,-53.92,-1.3,12.09,2026-02-11 23:53:05,True,Tennessee,
Crimes and Criminals of the Holocaust,2025-02-01,0.0,1.11,0.0,100.0,0.0,0.0,inf,1.11,10.48,2026-02-11 23:53:31,True,Tennessee,
Crimson Bound,2023-10-01,1.11,1.11,100.0,100.0,0.0,0.0,0.0,0.0,10.48,2026-02-11 23:53:57,True,Florida,
Criss Cross,2022-10-01,71.62,75.92,100.0,100.0,49.0,50.0,6.0,4.3,9.76,2026-02-11 23:54:23,True,Texas,
Crooked Kingdom,2025-06-01,2.0,2.03,100.0,100.0,0.0,0.0,1.67,0.03,13.45,2026-02-11 23:54:49,True,Florida,
"RWBY: Official Manga Anthology (Series, Title Not Specified)",2025-02-01,1.11,1.11,100.0,100.0,0.0,0.0,0.0,0.0,10.48,2026-02-11 23:55:17,True,Texas,
Cress Watercress,2024-02-01,1.11,0.0,100.0,0.0,0.0,0.0,-100.0,-1.11,10.48,2026-02-11 23:55:47,True,Florida,
Crier's War (Crier's War Series),2022-02-01,0.0,1.11,0.0,100.0,0.0,0.0,inf,1.11,10.48,2026-02-11 23:56:15,True,Tennessee,
Crime and Punishment: The Graphic Novel,2022-10-01,0.0,0.0,0.0,0.0,0.0,0.0,0.0,0.0,0.0,2026-02-11 23:56:43,True,Missouri,
Queer as a Five-Dollar Bill: What if You Knew a Secret from History that Could Change the World?,2024-08-01,0.0,0.0,0.0,0.0,0.0,0.0,0.0,0.0,0.0,2026-02-11 23:57:09,True,Texas,
Queerstory: An Infographic History of the Fight for LGBTQ+ Rights,2024-08-01,50.24,63.73,100.0,100.0,32.0,31.0,26.85,13.49,20.49,2026-02-11 23:57:35,True,Texas,
Quest,2025-01-01,55.04,75.16,100.0,100.0,34.0,66.0,36.54,20.11,12.68,2026-02-11 23:58:02,True,Texas,
Quotations for Kids,2023-06-01,1.11,0.0,100.0,0.0,0.0,0.0,-100.0,-1.11,10.48,2026-02-11 23:58:28,True,Florida,
Rape On Campus (BL),2023-12-01,0.0,0.0,0.0,0.0,0.0,0.0,0.0,0.0,0.0,2026-02-11 23:58:54,True,Iowa,
Raphael,2025-04-01,50.78,61.61,100.0,100.0,39.0,51.0,21.33,10.83,9.76,2026-02-11 23:59:21,True,Tennessee,
Raphael: School of Athens,2022-09-01,0.0,2.18,0.0,100.0,0.0,0.0,inf,2.18,14.45,2026-02-11 23:59:50,True,Missouri,
"Rat Queens, Vol. 1: Sass & Sorcery",2022-10-01,0.0,0.0,0.0,0.0,0.0,0.0,0.0,0.0,0.0,2026-02-12 00:00:16,True,Texas,
Rana Joon and the One and Only Now,2024-05-01,0.0,0.0,0.0,0.0,0.0,0.0,0.0,0.0,0.0,2026-02-12 00:00:43,True,Florida,
"Ranma 1/2, Vol. 11",2024-08-01,0.0,0.0,0.0,0.0,0.0,0.0,0.0,0.0,0.0,2026-02-12 00:01:09,True,Texas,
"Ranma 1/2, Vol. 21",2024-08-01,0.0,1.11,0.0,100.0,0.0,0.0,inf,1.11,10.48,2026-02-12 00:01:34,True,Texas,
Rape On Campus,2021-11-01,0.0,0.0,0.0,0.0,0.0,0.0,0.0,0.0,0.0,2026-02-12 00:02:03,True,Florida,
Rainbow High (Rainbow Trilogy Series),2021-12-01,0.0,0.0,0.0,0.0,0.0,0.0,0.0,0.0,0.0,2026-02-12 00:02:31,True,Texas,
Rainbow Road (Rainbow Trilogy Series),2021-12-01,0.0,0.0,0.0,0.0,0.0,0.0,0.0,0.0,0.0,2026-02-12 00:03:00,True,Texas,
Raising the Horseman,2024-06-01,0.0,0.0,0.0,0.0,0.0,0.0,0.0,0.0,0.0,2026-02-12 00:03:28,True,Iowa,
Crush (TW),2023-10-01,0.0,0.0,0.0,0.0,0.0,0.0,0.0,0.0,0.0,2026-02-12 00:03:54,True,Iowa,
Cryptid Hunters,2025-02-01,0.0,0.0,0.0,0.0,0.0,0.0,0.0,0.0,0.0,2026-02-12 00:04:20,True,Tennessee,
Rabbit at Rest,2023-10-01,1.11,0.0,100.0,0.0,0.0,0.0,-100.0,-1.11,10.48,2026-02-12 00:04:46,True,Florida,
Radio Silence,2023-06-01,40.09,32.26,100.0,100.0,0.0,0.0,-19.54,-7.83,31.77,2026-02-12 00:05:13,True,Florida,
Rebelwing,2023-08-01,1.11,0.0,100.0,0.0,0.0,0.0,-100.0,-1.11,10.48,2026-02-12 00:05:42,True,Florida,
Recipe Box,2023-12-01,27.87,40.78,100.0,100.0,16.0,22.0,46.33,12.91,14.5,2026-02-12 00:06:10,True,Florida,
Reckless,2024-06-01,58.36,55.97,100.0,100.0,49.0,42.0,-4.09,-2.39,7.27,2026-02-12 00:06:39,True,Iowa,
Recreated,2023-08-01,22.76,29.66,100.0,100.0,0.0,0.0,30.32,6.9,30.65,2026-02-12 00:07:06,True,Florida,
"Real Boys' Voices: Boys Speak Out About Drugs, Sex, Violence, Bullying, Sports, School, Parents, and So Much More",2025-02-01,,,,,,,,,,2026-02-12 00:08:02,False,Tennessee,The request failed: Google returned a response with code 400
Realism,2025-02-01,68.42,75.59,100.0,100.0,32.0,48.0,10.47,7.17,16.43,2026-02-12 00:08:29,True,Texas,
Rebel,2023-08-01,81.83,55.59,100.0,100.0,68.0,47.0,-32.07,-26.24,15.27,2026-02-12 00:08:59,True,Florida,
Rebellion,2023-11-01,53.8,55.97,100.0,100.0,20.0,19.0,4.03,2.17,24.19,2026-02-12 00:09:26,True,Wisconsin,
Reader's Digest Family Guide to the Bible,2023-02-01,0.0,0.0,0.0,0.0,0.0,0.0,0.0,0.0,0.0,2026-02-12 00:09:52,True,Pennsylvania,
Reading Maya Art: A Hieroglyphic Guide to Ancient Maya Painting and Sculpture,2025-01-01,0.0,0.0,0.0,0.0,0.0,0.0,0.0,0.0,0.0,2026-02-12 00:10:17,True,Texas,
"Ready or Not?: A Girl's Guide to Making Her Own Decisions about Dating, Love, and Sex",2021-12-01,0.0,0.0,0.0,0.0,0.0,0.0,0.0,0.0,0.0,2026-02-12 00:10:44,True,Texas,
"Rat Queens, Vol. 3: Demons",2022-10-01,0.0,0.0,0.0,0.0,0.0,0.0,0.0,0.0,0.0,2026-02-12 00:11:10,True,Texas,
Raven Summer,2024-10-01,3.69,1.11,100.0,100.0,0.0,0.0,-69.88,-2.58,14.32,2026-02-12 00:11:38,True,Tennessee,
Raymond Chandler: Stories and Early Novels: Pulp Stories / The Big Sleep / Farewell My Lovely / The High Window,2023-12-01,,,,,,,,,,2026-02-12 00:12:35,False,Florida,The request failed: Google returned a response with code 400
Read Me Like a Book,2024-08-01,1.79,2.83,100.0,100.0,0.0,0.0,58.39,1.04,14.01,2026-02-12 00:13:01,True,Texas,
Crazy,2023-10-01,81.17,83.99,100.0,100.0,70.0,68.0,3.48,2.82,6.29,2026-02-12 00:13:28,True,Florida,
Crazy House,2024-06-01,66.51,65.59,100.0,100.0,34.0,31.0,-1.39,-0.92,13.37,2026-02-12 00:13:54,True,Texas,
Crazy Rich Asians,2024-10-01,27.19,36.41,100.0,100.0,13.0,16.0,33.92,9.22,15.73,2026-02-12 00:14:22,True,Tennessee,
Crescendo,2023-08-01,66.71,64.24,100.0,100.0,38.0,38.0,-3.7,-2.47,12.12,2026-02-12 00:14:51,True,Florida,
Court,2023-10-01,77.62,71.33,100.0,100.0,44.0,38.0,-8.1,-6.29,17.87,2026-02-12 00:15:19,True,Iowa,
Court of the Undying Season,2024-08-01,1.11,0.0,100.0,0.0,0.0,0.0,-100.0,-1.11,10.48,2026-02-12 00:15:47,True,Texas,
Cow on the Town: Practicing the Ow Sound,2022-01-01,0.0,0.0,0.0,0.0,0.0,0.0,0.0,0.0,0.0,2026-02-12 00:16:13,True,Florida,
"Coyotes, Vol. 2",2022-09-01,1.11,0.0,100.0,0.0,0.0,0.0,-100.0,-1.11,10.48,2026-02-12 00:16:39,True,Missouri,
Costume,2025-02-01,26.64,73.94,100.0,100.0,21.0,59.0,177.52,47.3,25.13,2026-02-12 00:17:06,True,Tennessee,
Counterfeit Son,2023-07-01,1.91,0.0,100.0,0.0,0.0,0.0,-100.0,-1.91,12.85,2026-02-12 00:17:33,True,Florida,
Counting Stars,2023-10-01,67.76,35.13,100.0,100.0,29.0,0.0,-48.15,-32.62,21.57,2026-02-12 00:18:00,True,Florida,
Recuerda aquella vez,2025-02-01,0.0,1.11,0.0,100.0,0.0,0.0,inf,1.11,10.48,2026-02-12 00:18:26,True,Texas,
Red Glass,2023-08-01,76.97,77.16,100.0,100.0,53.0,57.0,0.25,0.19,9.93,2026-02-12 00:18:52,True,Florida,
Red Kayak,2025-04-01,15.71,37.07,100.0,100.0,0.0,0.0,135.93,21.36,33.54,2026-02-12 00:19:17,True,Florida,
Cosmetic Surgery,2024-08-01,72.42,75.93,100.0,100.0,44.0,52.0,4.85,3.51,12.65,2026-02-12 00:19:43,True,Texas,
"Reproductive Technologies (Title only, no further information)",2025-02-01,0.0,0.0,0.0,0.0,0.0,0.0,0.0,0.0,0.0,2026-02-12 00:20:09,True,Tennessee,
Research for the Social Improvement and General Betterment of Lydia Goldblatt and Julie Graham-Chang,2023-09-01,1.11,0.0,100.0,0.0,0.0,0.0,-100.0,-1.11,10.48,2026-02-12 00:20:36,True,Florida,
Resistance,2023-07-01,73.11,75.96,100.0,100.0,53.0,58.0,3.89,2.84,12.19,2026-02-12 00:21:02,True,Florida,
Restless Spirit: The Life and Work of Dorothea Lange,2024-08-01,1.11,0.0,100.0,0.0,0.0,0.0,-100.0,-1.11,10.48,2026-02-12 00:21:28,True,Florida,
Remote Control,2025-02-01,61.6,73.39,100.0,100.0,32.0,60.0,19.14,11.79,13.77,2026-02-12 00:21:54,True,Texas,
Renaissance Art,2025-02-01,54.46,61.22,100.0,100.0,0.0,19.0,12.43,6.77,25.09,2026-02-12 00:22:20,True,Texas,
Representing the Rainbow in Young Adult Literature: LGBTQ+ Content Since 1969,2024-08-01,0.0,0.0,0.0,0.0,0.0,0.0,0.0,0.0,0.0,2026-02-12 00:22:46,True,Texas,
Religion,2025-04-01,75.91,63.33,100.0,100.0,61.0,50.0,-16.57,-12.58,10.31,2026-02-12 00:23:13,True,Tennessee,
Remarkably Ruby,2023-08-01,1.11,0.0,100.0,0.0,0.0,0.0,-100.0,-1.11,10.48,2026-02-12 00:23:39,True,Florida,
Rembrandt: Supper at Emmaus,2022-09-01,0.0,0.0,0.0,0.0,0.0,0.0,0.0,0.0,0.0,2026-02-12 00:24:05,True,Missouri,
Red Thunder,2023-12-01,60.81,60.47,100.0,100.0,35.0,33.0,-0.57,-0.34,14.35,2026-02-12 00:24:31,True,Florida,
Reflection: A Twisted Tale,2023-10-01,0.0,0.0,0.0,0.0,0.0,0.0,0.0,0.0,0.0,2026-02-12 00:24:57,True,Iowa,
Reign,2023-11-01,47.74,33.16,100.0,100.0,30.0,23.0,-30.56,-14.59,12.85,2026-02-12 00:25:23,True,Florida,
Reincarnation,2025-02-01,80.96,82.09,100.0,100.0,51.0,63.0,1.4,1.13,7.55,2026-02-12 00:25:49,True,Tennessee,
River's End,2023-10-01,1.11,0.0,100.0,0.0,0.0,0.0,-100.0,-1.11,10.48,2026-02-12 00:26:15,True,Florida,
Roar of the Beast,2023-10-01,0.0,0.0,0.0,0.0,0.0,0.0,0.0,0.0,0.0,2026-02-12 00:26:41,True,Kentucky,
Robert Louis Stevenson's Treasure Island,2025-04-01,0.0,0.0,0.0,0.0,0.0,0.0,0.0,0.0,0.0,2026-02-12 00:27:08,True,Texas,
Robin Williams,2023-02-01,62.59,53.57,100.0,100.0,46.0,38.0,-14.42,-9.02,12.55,2026-02-12 00:27:34,True,Pennsylvania,
Ripley's Believe It or Not!: Seeing Is Believing,2023-08-01,1.11,0.0,100.0,0.0,0.0,0.0,-100.0,-1.11,10.48,2026-02-12 00:28:00,True,Florida,
Ripley's Believe it or Not! 100 Years,2023-08-01,0.0,0.0,0.0,0.0,0.0,0.0,0.0,0.0,0.0,2026-02-12 00:28:26,True,Florida,
Rising Above: How 11 Athletes Overcame Challenges in Their Youth to Become Stars,2023-08-01,0.0,1.11,0.0,100.0,0.0,0.0,inf,1.11,10.48,2026-02-12 00:28:52,True,Florida,
Rivals,2023-11-01,75.9,40.8,100.0,100.0,62.0,29.0,-46.25,-35.1,19.76,2026-02-12 00:29:18,True,Florida,
Richard Jolley: Sculptor of Glass,2025-04-01,1.11,0.0,100.0,0.0,0.0,0.0,-100.0,-1.11,10.48,2026-02-12 00:29:44,True,Tennessee,
Ride On,2024-08-01,81.34,80.11,100.0,100.0,70.0,68.0,-1.52,-1.23,7.4,2026-02-12 00:30:11,True,Florida,
Right Where I Left You,2024-08-01,1.11,9.0,100.0,100.0,0.0,0.0,710.0,7.89,19.99,2026-02-12 00:30:37,True,Texas,
Ripley's Believe It Or Not! A Century of Strange!,2023-08-01,0.0,0.0,0.0,0.0,0.0,0.0,0.0,0.0,0.0,2026-02-12 00:31:03,True,Florida,
Resurrection,2023-08-01,38.38,59.64,100.0,100.0,29.0,46.0,55.41,21.27,14.84,2026-02-12 00:31:29,True,Florida,
Reunited,2023-08-01,60.03,69.41,100.0,100.0,38.0,29.0,15.62,9.38,13.0,2026-02-12 00:31:56,True,Florida,
Revealed (MPH),2024-06-01,1.11,0.0,100.0,0.0,0.0,0.0,-100.0,-1.11,10.48,2026-02-12 00:32:22,True,Texas,
Revolution,2025-02-01,62.78,56.06,100.0,100.0,27.0,36.0,-10.71,-6.72,19.06,2026-02-12 00:32:49,True,Texas,
Corona cruel,2024-08-01,2.16,0.0,100.0,0.0,0.0,0.0,-100.0,-2.16,14.31,2026-02-12 00:33:15,True,Texas,
"Roll of Thunder, Hear My Cry",2022-07-01,1.11,0.0,100.0,0.0,0.0,0.0,-100.0,-1.11,10.48,2026-02-12 00:33:41,True,Florida,
Romanticism,2025-02-01,50.9,33.51,100.0,100.0,0.0,12.0,-34.16,-17.39,24.33,2026-02-12 00:34:07,True,Texas,
Romiette and Julio,2022-05-01,2.77,1.11,100.0,100.0,0.0,0.0,-59.84,-1.66,13.0,2026-02-12 00:34:33,True,Florida,
Coping As a Survivor of Violent Crime,2023-08-01,1.11,0.0,100.0,0.0,0.0,0.0,-100.0,-1.11,10.48,2026-02-12 00:34:59,True,Florida,
Coping with Breakups and Jealousy,2024-06-01,0.0,1.11,0.0,100.0,0.0,0.0,inf,1.11,10.48,2026-02-12 00:35:26,True,Texas,
Coping with Gender Fluidity,2024-08-01,1.11,0.0,100.0,0.0,0.0,0.0,-100.0,-1.11,10.48,2026-02-12 00:35:52,True,Texas,
Core,2024-06-01,83.63,75.23,100.0,100.0,56.0,53.0,-10.04,-8.4,12.62,2026-02-12 00:36:19,True,Florida,
Confessions of a Teenage Drag King,2024-08-01,0.0,0.0,0.0,0.0,0.0,0.0,0.0,0.0,0.0,2026-02-12 00:36:45,True,Texas,
Confronting Stereotypes,2023-08-01,0.0,0.0,0.0,0.0,0.0,0.0,0.0,0.0,0.0,2026-02-12 00:37:11,True,Georgia,
"Considering Hate: Violence, Goodness, and Justice in American Culture and Politics",2021-12-01,0.0,0.0,0.0,0.0,0.0,0.0,0.0,0.0,0.0,2026-02-12 00:37:37,True,Texas,
Contemporary Art,2024-08-01,70.27,79.89,100.0,100.0,50.0,54.0,13.69,9.62,11.16,2026-02-12 00:38:03,True,Texas,
Roe v. Wade: A Woman's Choice?,2022-01-01,0.0,0.0,0.0,0.0,0.0,0.0,0.0,0.0,0.0,2026-02-12 00:38:29,True,Texas,
Rogue Wave: And Other Red-Blooded Sea Stories,2024-08-01,0.0,0.0,0.0,0.0,0.0,0.0,0.0,0.0,0.0,2026-02-12 00:38:55,True,Florida,
Confessions of An Alleged Good Girl,2024-08-01,0.0,0.0,0.0,0.0,0.0,0.0,0.0,0.0,0.0,2026-02-12 00:39:21,True,Texas,
Confessions of a Shopaholic,2023-12-01,13.29,15.06,100.0,100.0,0.0,0.0,13.29,1.77,20.93,2026-02-12 00:39:47,True,Florida,
Rx,2025-02-01,85.59,61.22,100.0,100.0,65.0,48.0,-28.47,-24.37,14.17,2026-02-12 00:40:14,True,Texas,
SP4RX,2022-09-01,0.0,2.07,0.0,100.0,0.0,0.0,inf,2.07,13.75,2026-02-12 00:40:39,True,Missouri,
Sacred Heart,2023-12-01,40.82,44.37,100.0,100.0,21.0,28.0,8.68,3.54,10.09,2026-02-12 00:41:06,True,Iowa,
Sadar's Keep,2023-12-01,0.0,0.0,0.0,0.0,0.0,0.0,0.0,0.0,0.0,2026-02-12 00:41:32,True,Florida,
Rumors,2023-12-01,30.36,51.07,100.0,100.0,20.0,36.0,68.23,20.71,13.89,2026-02-12 00:41:58,True,Florida,
Runaway,2025-04-01,50.26,64.08,100.0,100.0,35.0,54.0,27.5,13.82,11.99,2026-02-12 00:42:25,True,Florida,
Running the Road to ABC,2022-01-01,0.0,1.11,0.0,100.0,0.0,0.0,inf,1.11,10.48,2026-02-12 00:42:51,True,Florida,
Russian Hacking in American Elections (Special Reports),2023-06-01,1.11,0.0,100.0,0.0,0.0,0.0,-100.0,-1.11,10.48,2026-02-12 00:43:17,True,Florida,
Royal Assassin,2023-12-01,1.11,1.11,100.0,100.0,0.0,0.0,0.0,0.0,10.48,2026-02-12 00:43:43,True,Florida,
Rubens: Garden of Love,2022-09-01,0.0,0.0,0.0,0.0,0.0,0.0,0.0,0.0,0.0,2026-02-12 00:44:09,True,Missouri,
Rules (CL),2023-06-01,1.11,1.11,100.0,100.0,0.0,0.0,0.0,0.0,10.48,2026-02-12 00:44:35,True,Florida,
Room to Dream,2023-11-01,15.7,18.27,100.0,100.0,0.0,0.0,16.35,2.57,30.82,2026-02-12 00:45:01,True,Florida,
"Rosario and Vampire (Series, Title Not Specified)",2024-10-01,0.0,0.0,0.0,0.0,0.0,0.0,0.0,0.0,0.0,2026-02-12 00:45:27,True,Tennessee,
RoseBlood,2023-08-01,0.0,1.11,0.0,100.0,0.0,0.0,inf,1.11,10.48,2026-02-12 00:45:53,True,Florida,
Rot & Ruin: Warrior Smart,2025-04-01,0.0,0.0,0.0,0.0,0.0,0.0,0.0,0.0,0.0,2026-02-12 00:46:19,True,Tennessee,
Company Commander: The Classic Infantry Memoir of World War II,2024-06-01,1.11,0.0,100.0,0.0,0.0,0.0,-100.0,-1.11,10.48,2026-02-12 00:46:45,True,Florida,
Compulsion,2024-06-01,39.11,41.33,100.0,100.0,0.0,0.0,5.68,2.22,12.87,2026-02-12 00:47:11,True,Florida,
Saint Odd,2024-02-01,0.0,2.09,0.0,100.0,0.0,0.0,inf,2.09,13.88,2026-02-12 00:47:37,True,Florida,
"Sakura Hime: The Legend of Princess Sakura (Series, Title Not Specified)",2024-06-01,0.0,0.0,0.0,0.0,0.0,0.0,0.0,0.0,0.0,2026-02-12 00:48:03,True,Texas,
Columbine,2025-02-01,27.57,33.18,100.0,100.0,18.0,18.0,20.35,5.61,12.05,2026-02-12 00:48:29,True,Tennessee,
Coma,2024-06-01,54.91,77.21,100.0,100.0,44.0,64.0,40.61,22.3,13.31,2026-02-12 00:48:55,True,Florida,
Come Back: A Mother and Daughter's Journey Through Hell and Back,2023-12-01,1.11,1.11,100.0,100.0,0.0,0.0,0.0,0.0,10.48,2026-02-12 00:49:21,True,Florida,
Commencement,2024-06-01,26.14,26.34,100.0,100.0,6.0,11.0,0.76,0.2,19.88,2026-02-12 00:49:47,True,Florida,
Code of Honor,2022-10-01,36.68,37.07,100.0,100.0,0.0,0.0,1.06,0.39,30.92,2026-02-12 00:50:13,True,Texas,
Coding in Scratch for Beginners,2024-08-01,0.0,1.11,0.0,100.0,0.0,0.0,inf,1.11,10.48,2026-02-12 00:50:39,True,Texas,
Cold Sassy Tree,2023-11-01,2.11,1.11,100.0,100.0,0.0,0.0,-47.37,-1.0,12.39,2026-02-12 00:51:05,True,Wisconsin,
Color Outside the Lines: Stories About Love,2023-08-01,1.11,0.0,100.0,0.0,0.0,0.0,-100.0,-1.11,10.48,2026-02-12 00:51:57,True,Georgia,
Safe is Not Enough: Better Schools for LGBTQ Students,2024-08-01,1.11,1.11,100.0,100.0,0.0,0.0,0.0,0.0,10.48,2026-02-12 00:55:44,True,Texas,
Sail,2024-06-01,79.74,69.27,100.0,100.0,63.0,58.0,-13.14,-10.48,8.98,2026-02-12 00:56:10,True,Florida,
Cocaine,2025-02-01,86.68,75.62,100.0,100.0,58.0,64.0,-12.75,-11.06,8.51,2026-02-12 00:56:37,True,Tennessee,
Saturdays with Hitchcock,2021-12-01,0.0,0.0,0.0,0.0,0.0,0.0,0.0,0.0,0.0,2026-02-12 00:57:03,True,Texas,
Saving Faith,2023-08-01,0.0,1.11,0.0,100.0,0.0,0.0,inf,1.11,10.48,2026-02-12 00:57:29,True,Florida,
Saving Zoë,2023-08-01,0.0,0.0,0.0,0.0,0.0,0.0,0.0,0.0,0.0,2026-02-12 00:57:54,True,Florida,
Say Her Name,2022-02-01,20.72,50.06,100.0,100.0,0.0,0.0,141.55,29.33,31.28,2026-02-12 00:58:20,True,Tennessee,
Sarah Bishop,2024-08-01,0.0,1.11,0.0,100.0,0.0,0.0,inf,1.11,10.48,2026-02-12 00:58:46,True,Florida,
Sarah's Key,2024-08-01,4.18,0.0,100.0,0.0,0.0,0.0,-100.0,-4.18,19.39,2026-02-12 00:59:12,True,Florida,
Sasaki and Miyano,2024-05-01,11.5,32.12,100.0,100.0,0.0,0.0,179.32,20.62,31.44,2026-02-12 00:59:38,True,Florida,
Same Difference,2023-11-01,66.53,63.4,100.0,100.0,27.0,23.0,-4.71,-3.13,22.19,2026-02-12 01:00:04,True,Texas,
Sanctuary Bay,2023-08-01,31.68,9.3,100.0,100.0,0.0,0.0,-70.64,-22.38,31.85,2026-02-12 01:00:30,True,Florida,
Sandy Skoglund,2025-04-01,1.11,0.0,100.0,0.0,0.0,0.0,-100.0,-1.11,10.48,2026-02-12 01:00:56,True,Tennessee,
Sapphique,2023-08-01,1.11,0.0,100.0,0.0,0.0,0.0,-100.0,-1.11,10.48,2026-02-12 01:01:22,True,Florida,
Salma the Syrian Chef,2024-06-01,0.0,1.11,0.0,100.0,0.0,0.0,inf,1.11,10.48,2026-02-12 01:01:48,True,Iowa,
Salvage the Bones (Bois Sauvage Series),2022-01-01,0.0,0.0,0.0,0.0,0.0,0.0,0.0,0.0,0.0,2026-02-12 01:02:14,True,Texas,
Sam is My Sister,2024-08-01,0.0,0.0,0.0,0.0,0.0,0.0,0.0,0.0,0.0,2026-02-12 01:02:40,True,Texas,
Sam's Letters to Jennifer,2023-12-01,0.0,0.0,0.0,0.0,0.0,0.0,0.0,0.0,0.0,2026-02-12 01:03:06,True,Florida,
Second Skin,2024-06-01,75.74,75.39,100.0,100.0,43.0,55.0,-0.47,-0.36,10.88,2026-02-12 01:03:32,True,Florida,
Secrets of the Human Body,2025-04-01,2.18,0.0,100.0,0.0,0.0,0.0,-100.0,-2.18,14.45,2026-02-12 01:03:58,True,Tennessee,
Seduction by Design,2023-12-01,0.0,1.11,0.0,100.0,0.0,0.0,inf,1.11,10.48,2026-02-12 01:04:24,True,Florida,
Seedfolks,2021-10-01,1.84,3.51,100.0,100.0,0.0,0.0,90.36,1.67,14.65,2026-02-12 01:04:50,True,Texas,
Scylla and Charybdis,2025-02-01,14.34,8.8,100.0,100.0,0.0,0.0,-38.65,-5.54,24.01,2026-02-12 01:05:16,True,Tennessee,
Sea Glass,2024-06-01,66.79,73.86,100.0,100.0,48.0,48.0,10.58,7.07,11.02,2026-02-12 01:05:42,True,Florida,
Season of Storms,2024-10-01,0.0,1.11,0.0,100.0,0.0,0.0,inf,1.11,10.48,2026-02-12 01:06:08,True,Tennessee,
Season of the witch,2023-08-01,25.92,28.97,100.0,100.0,0.0,0.0,11.74,3.04,16.05,2026-02-12 01:06:34,True,Florida,
School Violence,2025-02-01,45.33,57.86,100.0,100.0,0.0,0.0,27.62,12.52,25.34,2026-02-12 01:07:00,True,Tennessee,
"Science Encyclopedia: Atom Smashing, Food Chemistry, Animals, Space, and More!",2023-08-01,0.0,0.0,0.0,0.0,0.0,0.0,0.0,0.0,0.0,2026-02-12 01:07:26,True,Florida,
Scorpia,2022-10-01,8.18,7.16,100.0,100.0,0.0,0.0,-12.5,-1.02,22.65,2026-02-12 01:07:52,True,Texas,
Screenshot,2025-02-01,74.42,82.67,100.0,100.0,47.0,57.0,11.08,8.24,14.25,2026-02-12 01:08:18,True,Tennessee,
Say You're One of Them,2023-12-01,1.11,1.11,100.0,100.0,0.0,0.0,0.0,0.0,10.48,2026-02-12 01:08:44,True,Florida,
Scarpetta,2023-12-01,58.86,66.33,100.0,100.0,0.0,0.0,12.71,7.48,16.27,2026-02-12 01:09:11,True,Florida,
Scene of the Crime: Tracking Down Criminals with Forensic Science,2022-09-01,1.11,0.0,100.0,0.0,0.0,0.0,-100.0,-1.11,10.48,2026-02-12 01:09:37,True,Missouri,
Cloud Atlas,2024-06-01,49.83,47.04,100.0,100.0,0.0,0.0,-5.6,-2.79,18.46,2026-02-12 01:10:03,True,Florida,
Send No Flowers,2023-12-01,0.0,1.11,0.0,100.0,0.0,0.0,inf,1.11,10.48,2026-02-12 01:10:29,True,Florida,
Separation of Power,2024-06-01,45.28,17.52,100.0,100.0,0.0,0.0,-61.3,-27.76,30.94,2026-02-12 01:10:54,True,Florida,
Serafina's Promise,2025-02-01,0.0,0.0,0.0,0.0,0.0,0.0,0.0,0.0,0.0,2026-02-12 01:11:20,True,Texas,
Clean,2023-10-01,83.34,85.13,100.0,100.0,74.0,73.0,2.15,1.79,6.4,2026-02-12 01:11:47,True,Florida,
Cleopatra,2023-08-01,23.57,64.62,100.0,100.0,11.0,44.0,174.21,41.06,26.62,2026-02-12 01:12:13,True,Florida,
Climbing Lincoln's Steps: The African American Journey,2022-01-01,0.0,0.0,0.0,0.0,0.0,0.0,0.0,0.0,0.0,2026-02-12 01:12:39,True,Florida,
Close Range: Wyoming Stories,2023-08-01,0.0,0.0,0.0,0.0,0.0,0.0,0.0,0.0,0.0,2026-02-12 01:13:06,True,Florida,
Ciudades de Papel,2024-08-01,1.11,0.0,100.0,0.0,0.0,0.0,-100.0,-1.11,10.48,2026-02-12 01:13:32,True,Texas,
Clarion Call,2024-08-01,1.98,4.16,100.0,100.0,0.0,0.0,110.11,2.18,16.08,2026-02-12 01:13:58,True,Texas,
Classical Art from Greece to Rome,2024-08-01,0.0,0.0,0.0,0.0,0.0,0.0,0.0,0.0,0.0,2026-02-12 01:14:24,True,Texas,
Classical Mythology: Myths and Legends of the Ancient World,2025-04-01,0.0,0.0,0.0,0.0,0.0,0.0,0.0,0.0,0.0,2026-02-12 01:14:49,True,Tennessee,
Seeds of Yesterday,2024-10-01,0.0,0.0,0.0,0.0,0.0,0.0,0.0,0.0,0.0,2026-02-12 01:15:15,True,Tennessee,
Seikai 1: Crest of the Stars: Princess of the Empire,2023-12-01,0.0,0.0,0.0,0.0,0.0,0.0,0.0,0.0,0.0,2026-02-12 01:15:41,True,Florida,
City of Stone and Silence,2024-08-01,0.0,0.0,0.0,0.0,0.0,0.0,0.0,0.0,0.0,2026-02-12 01:16:08,True,Texas,
City of Thieves (AL),2023-10-01,1.11,1.11,100.0,100.0,0.0,0.0,0.0,0.0,10.48,2026-02-12 01:16:34,True,Kentucky,
Sexually Transmitted Diseases: A Hot Issue,2023-08-01,0.0,1.11,0.0,100.0,0.0,0.0,inf,1.11,10.48,2026-02-12 01:17:00,True,Florida,
"Shackled: A Tale of Wronged Kids, Rogue Judges, and a Town that Looked Away",2024-08-01,1.11,1.11,100.0,100.0,0.0,0.0,0.0,0.0,10.48,2026-02-12 01:17:26,True,Florida,
Shadow in the Empire of Light,2024-06-01,0.0,0.0,0.0,0.0,0.0,0.0,0.0,0.0,0.0,2026-02-12 01:17:52,True,Florida,
Shadow of the Hegemon,2023-08-01,0.0,0.0,0.0,0.0,0.0,0.0,0.0,0.0,0.0,2026-02-12 01:18:18,True,Florida,
Sexting,2024-08-01,74.2,66.64,100.0,100.0,52.0,48.0,-10.18,-7.56,9.84,2026-02-12 01:18:44,True,Pennsylvania,
Sexual Abuse: Let's Talk About It,2024-06-01,0.0,0.0,0.0,0.0,0.0,0.0,0.0,0.0,0.0,2026-02-12 01:19:10,True,Iowa,
"Sexual Harassment (Title only, no further information)",2025-02-01,0.0,0.0,0.0,0.0,0.0,0.0,0.0,0.0,0.0,2026-02-12 01:19:35,True,Tennessee,
Sexuality and Gender Identity,2024-08-01,1.11,0.0,100.0,0.0,0.0,0.0,-100.0,-1.11,10.48,2026-02-12 01:20:01,True,Texas,
"Sex Education (Title only, no further information)",2025-02-01,0.0,0.0,0.0,0.0,0.0,0.0,0.0,0.0,0.0,2026-02-12 01:20:27,True,Tennessee,
Sex and Gender: A Reference Handbook,2025-02-01,0.0,0.0,0.0,0.0,0.0,0.0,0.0,0.0,0.0,2026-02-12 01:20:53,True,Texas,
Sex on the Brain: The Biological Differences Between Men and Women,2023-12-01,0.0,1.11,0.0,100.0,0.0,0.0,inf,1.11,10.48,2026-02-12 01:21:19,True,Florida,
"Sex, Drugs, and Cocoa Puffs: A Low Culture Manifesto",2024-06-01,0.0,0.0,0.0,0.0,0.0,0.0,0.0,0.0,0.0,2026-02-12 01:21:45,True,Florida,
Set Me Free,2023-12-01,62.07,53.99,100.0,100.0,32.0,29.0,-13.01,-8.08,13.87,2026-02-12 01:22:11,True,Florida,
"Seven Deadly Sins (Series, Title not Specified)",2024-10-01,1.11,1.11,100.0,100.0,0.0,0.0,0.0,0.0,10.48,2026-02-12 01:22:37,True,Tennessee,
Seven Minutes in Heaven,2023-12-01,6.74,3.66,100.0,100.0,0.0,0.0,-45.8,-3.09,14.85,2026-02-12 01:23:03,True,Florida,
Sex & Violence,2022-03-01,0.0,0.0,0.0,0.0,0.0,0.0,0.0,0.0,0.0,2026-02-12 01:23:29,True,Texas,
City of Saints and Thieves,2024-10-01,0.0,0.0,0.0,0.0,0.0,0.0,0.0,0.0,0.0,2026-02-12 01:23:55,True,Georgia,
Shatter the Sky,2024-08-01,0.0,0.0,0.0,0.0,0.0,0.0,0.0,0.0,0.0,2026-02-12 01:24:21,True,Texas,
Shattered Warrior,2022-09-01,1.11,1.11,100.0,100.0,0.0,0.0,0.0,0.0,10.48,2026-02-12 01:24:47,True,Missouri,
She He They Them: Understanding Gender Identity,2024-08-01,0.0,0.0,0.0,0.0,0.0,0.0,0.0,0.0,0.0,2026-02-12 01:25:13,True,Texas,
Citizen: An American Lyric,2021-12-01,0.0,0.0,0.0,0.0,0.0,0.0,0.0,0.0,0.0,2026-02-12 01:25:39,True,Texas,
"Citrus Plus, Vol. 2",2022-10-01,0.0,0.0,0.0,0.0,0.0,0.0,0.0,0.0,0.0,2026-02-12 01:26:05,True,Missouri,
"City of Light, City of Dark",2022-10-01,0.0,1.11,0.0,100.0,0.0,0.0,inf,1.11,10.48,2026-02-12 01:26:31,True,Texas,
Chosen (House of Night Series),2021-11-01,1.11,1.11,100.0,100.0,0.0,0.0,0.0,0.0,10.48,2026-02-12 01:26:57,True,Florida,
Christmas in México,2024-08-01,4.22,0.0,100.0,0.0,0.0,0.0,-100.0,-4.22,19.62,2026-02-12 01:27:22,True,Texas,
Christopher Columbus: Explorer of the New World,2023-08-01,1.11,0.0,100.0,0.0,0.0,0.0,-100.0,-1.11,10.48,2026-02-12 01:27:48,True,Florida,
Shadows,2023-08-01,56.88,65.52,100.0,100.0,43.0,53.0,15.2,8.64,12.01,2026-02-12 01:28:15,True,Florida,
Shadowshaper,2023-06-01,0.0,0.0,0.0,0.0,0.0,0.0,0.0,0.0,0.0,2026-02-12 01:28:41,True,Florida,
"Shakespeare Remains: Theater to Film, Early Modern to Postmodern",2025-02-01,0.0,1.11,0.0,100.0,0.0,0.0,inf,1.11,10.48,2026-02-12 01:29:07,True,Tennessee,
"Shaolin Sisters (Series, Title Not Specified)",2025-02-01,0.0,0.0,0.0,0.0,0.0,0.0,0.0,0.0,0.0,2026-02-12 01:29:33,True,Texas,
"Sigh, Gone: A Misfit's Memoir of Great Books, Punk Rock, and the Fight to Fit In",2024-06-01,0.0,0.0,0.0,0.0,0.0,0.0,0.0,0.0,0.0,2026-02-12 01:29:59,True,Florida,
Silent Christmas,2023-06-01,1.11,4.07,100.0,100.0,0.0,0.0,266.0,2.96,15.38,2026-02-12 01:30:25,True,Florida,
Simmers DHO Health Science,2024-08-01,0.0,1.11,0.0,100.0,0.0,0.0,inf,1.11,10.48,2026-02-12 01:30:51,True,Virginia,
Sinews of Thy Heart,2024-06-01,0.0,2.04,0.0,100.0,0.0,0.0,inf,2.04,13.61,2026-02-12 01:31:17,True,Texas,
Si decido quedarme,2025-02-01,0.0,0.0,0.0,0.0,0.0,0.0,0.0,0.0,0.0,2026-02-12 01:31:43,True,Texas,
Siddhartha,2023-12-01,45.98,33.82,100.0,100.0,17.0,11.0,-26.44,-12.16,15.87,2026-02-12 01:32:09,True,Florida,
Side by Side: On Having a Gay or Lesbian Sibling,2024-08-01,0.0,0.0,0.0,0.0,0.0,0.0,0.0,0.0,0.0,2026-02-12 01:32:35,True,Pennsylvania,
Sideways: The Shooting Script,2024-06-01,0.0,0.0,0.0,0.0,0.0,0.0,0.0,0.0,0.0,2026-02-12 01:33:01,True,Florida,
Ship of Smoke and Steel,2024-10-01,0.0,2.13,0.0,100.0,0.0,0.0,inf,2.13,14.16,2026-02-12 01:33:27,True,Tennessee,
Shopaholic and Baby,2023-12-01,0.0,0.0,0.0,0.0,0.0,0.0,0.0,0.0,0.0,2026-02-12 01:33:52,True,Florida,
Shutter,2023-08-01,84.23,67.27,100.0,100.0,69.0,57.0,-20.14,-16.97,10.52,2026-02-12 01:34:19,True,Florida,
She is a Haunting,2024-08-01,0.0,1.11,0.0,100.0,0.0,0.0,inf,1.11,10.48,2026-02-12 01:34:45,True,Texas,
"She/He/They/Me: For the Sisters, Misters, and Binary Resisters",2022-02-01,0.0,1.11,0.0,100.0,0.0,0.0,inf,1.11,10.48,2026-02-12 01:35:11,True,Tennessee,
"Sherlock Bones (Series, Title Not Specified)",2025-02-01,1.11,1.11,100.0,100.0,0.0,0.0,0.0,0.0,10.48,2026-02-12 01:35:37,True,Texas,
Ship Breaker,2023-08-01,1.11,2.16,100.0,100.0,0.0,0.0,94.0,1.04,12.55,2026-02-12 01:36:04,True,Florida,
Chirp,2023-08-01,69.36,61.8,100.0,100.0,51.0,46.0,-10.89,-7.56,9.36,2026-02-12 01:36:31,True,Florida,
Chocolat,2024-06-01,30.06,34.6,100.0,100.0,21.0,22.0,15.12,4.54,9.35,2026-02-12 01:36:58,True,Florida,
Choices: Making Right Decisions in a Complex World,2025-02-01,0.0,1.11,0.0,100.0,0.0,0.0,inf,1.11,10.48,2026-02-12 01:37:23,True,Tennessee,
Children of Blood and Bone (Legacy of Orïsha Series),2022-01-01,0.0,0.0,0.0,0.0,0.0,0.0,0.0,0.0,0.0,2026-02-12 01:37:49,True,Texas,
"Children of Violence in America (Title only, no further information)",2025-02-01,0.0,0.0,0.0,0.0,0.0,0.0,0.0,0.0,0.0,2026-02-12 01:38:15,True,Tennessee,
"Children of the Sea (Series, Title Not Specified)",2025-04-01,0.0,0.0,0.0,0.0,0.0,0.0,0.0,0.0,0.0,2026-02-12 01:38:41,True,Tennessee,
Children's Book of Art,2024-08-01,1.11,0.0,100.0,0.0,0.0,0.0,-100.0,-1.11,10.48,2026-02-12 01:39:07,True,Texas,
Chihuly: On Fire,2024-08-01,0.0,0.0,0.0,0.0,0.0,0.0,0.0,0.0,0.0,2026-02-12 01:39:34,True,Texas,
Child Abuse,2023-12-01,76.11,58.26,100.0,100.0,42.0,28.0,-23.46,-17.86,16.43,2026-02-12 01:40:00,True,Florida,
Child Abuse (WD),2025-02-01,0.0,1.11,0.0,100.0,0.0,0.0,inf,1.11,10.48,2026-02-12 01:40:26,True,Tennessee,
"Child Sexual Abuse in the Catholic Church (Title only, no further information)",2025-02-01,0.0,1.11,0.0,100.0,0.0,0.0,inf,1.11,10.48,2026-02-12 01:40:52,True,Tennessee,
Singin' and Swingin' and Gettin' Merry Like Christmas,2023-12-01,2.03,1.11,100.0,100.0,0.0,0.0,-45.36,-0.92,12.12,2026-02-12 01:41:18,True,Florida,
Sir Apropos of Nothing,2024-06-01,1.11,1.11,100.0,100.0,0.0,0.0,0.0,0.0,10.48,2026-02-12 01:41:43,True,Florida,
"Chicken Soup for the Preteen Soul: Stories of Changes, Choices and Growing Up for Kids Ages 9-13",2025-02-01,0.0,0.0,0.0,0.0,0.0,0.0,0.0,0.0,0.0,2026-02-12 01:42:09,True,Tennessee,
"Chicken Soup for the Teenage Soul: 101 Stories of Life, Love, and Learning",2023-06-01,0.0,0.0,0.0,0.0,0.0,0.0,0.0,0.0,0.0,2026-02-12 01:42:35,True,Florida,
Small Great Things,2024-10-01,25.6,38.37,100.0,100.0,0.0,0.0,49.87,12.77,32.24,2026-02-12 01:43:02,True,Tennessee,
Small Town Girl,2023-12-01,14.26,33.24,100.0,100.0,0.0,0.0,133.2,18.99,25.96,2026-02-12 01:43:28,True,Florida,
Smoke (Burned Series),2022-03-01,0.0,0.0,0.0,0.0,0.0,0.0,0.0,0.0,0.0,2026-02-12 01:43:54,True,Texas,
"Sleeping Beauties, Vol. 1",2025-04-01,1.11,0.0,100.0,0.0,0.0,0.0,-100.0,-1.11,10.48,2026-02-12 01:44:19,True,Tennessee,
Sleepless,2023-12-01,51.18,36.56,100.0,100.0,31.0,17.0,-28.57,-14.62,16.03,2026-02-12 01:44:45,True,Florida,
Slightly Single,2023-12-01,7.16,2.04,100.0,100.0,0.0,0.0,-71.43,-5.11,20.12,2026-02-12 01:45:11,True,Florida,
Slouching Towards Bethlehem,2024-08-01,1.11,1.11,100.0,100.0,0.0,0.0,0.0,0.0,10.48,2026-02-12 01:45:37,True,Virginia,
Skin Folk: Stories,2023-10-01,0.0,0.0,0.0,0.0,0.0,0.0,0.0,0.0,0.0,2026-02-12 01:46:03,True,Florida,
Skinny Dip,2024-06-01,33.64,35.58,100.0,100.0,0.0,0.0,5.75,1.93,26.97,2026-02-12 01:46:29,True,Florida,
Slay,2023-08-01,77.54,50.66,100.0,100.0,62.0,37.0,-34.68,-26.89,16.01,2026-02-12 01:46:56,True,Florida,
Sirens,2022-09-01,60.77,70.38,100.0,100.0,43.0,49.0,15.82,9.61,10.66,2026-02-12 01:47:22,True,Missouri,
Sister Wendy's Story of Painting: The Essential Guide to the History of Western Art,2025-04-01,1.11,0.0,100.0,0.0,0.0,0.0,-100.0,-1.11,10.48,2026-02-12 01:47:48,True,Tennessee,
Six of Crows (Six of Crows Series),2022-02-01,3.91,2.09,100.0,100.0,0.0,0.0,-46.59,-1.82,16.22,2026-02-12 01:48:14,True,Tennessee,
Skating on Mars,2024-08-01,0.0,0.0,0.0,0.0,0.0,0.0,0.0,0.0,0.0,2026-02-12 01:48:39,True,Texas,
Chaucer and His World,2023-08-01,0.0,0.0,0.0,0.0,0.0,0.0,0.0,0.0,0.0,2026-02-12 01:49:05,True,Florida,
Chaz Bono,2024-08-01,33.76,24.61,100.0,100.0,0.0,0.0,-27.09,-9.14,22.4,2026-02-12 01:49:31,True,Texas,
"Check, Please! (Series, Title Not Specified)",2024-08-01,0.0,0.0,0.0,0.0,0.0,0.0,0.0,0.0,0.0,2026-02-12 01:49:57,True,Texas,
Cherokee Rose,2025-02-01,6.14,14.68,100.0,100.0,0.0,0.0,138.88,8.53,24.46,2026-02-12 01:50:23,True,Tennessee,
Charcoal & Pastels,2025-02-01,0.0,1.11,0.0,100.0,0.0,0.0,inf,1.11,10.48,2026-02-12 01:50:49,True,Tennessee,
Charmed,2021-11-01,52.56,57.32,100.0,100.0,35.0,42.0,9.07,4.77,14.1,2026-02-12 01:51:15,True,Florida,
Chasing Harry Winston,2023-12-01,0.0,1.11,0.0,100.0,0.0,0.0,inf,1.11,10.48,2026-02-12 01:51:41,True,Florida,
Chasing The Dime,2024-06-01,0.0,0.0,0.0,0.0,0.0,0.0,0.0,0.0,0.0,2026-02-12 01:52:08,True,Florida,
So Done,2023-08-01,51.81,61.54,100.0,100.0,28.0,23.0,18.79,9.73,18.28,2026-02-12 01:52:34,True,Florida,
Changeling,2023-12-01,22.63,56.98,100.0,100.0,7.0,36.0,151.74,34.34,22.54,2026-02-12 01:53:00,True,Florida,
Channel Kindness: Stories of Kindness and Community,2022-02-01,0.0,0.0,0.0,0.0,0.0,0.0,0.0,0.0,0.0,2026-02-12 01:53:26,True,Tennessee,
Snakeroot,2023-12-01,15.18,1.11,100.0,100.0,0.0,0.0,-92.68,-14.07,20.63,2026-02-12 01:53:52,True,Florida,
Snow Flower and the Secret Fan,2022-11-01,3.96,1.73,100.0,100.0,0.0,0.0,-56.18,-2.22,15.28,2026-02-12 01:54:18,True,Utah,
Snuff,2023-10-01,49.2,70.72,100.0,100.0,37.0,52.0,43.74,21.52,13.53,2026-02-12 01:54:44,True,Iowa,
"So Cute It Hurts!!, Vol. 13",2025-04-01,1.11,0.0,100.0,0.0,0.0,0.0,-100.0,-1.11,10.48,2026-02-12 01:55:10,True,Tennessee,
Something Like Home,2025-02-01,38.77,46.18,100.0,100.0,0.0,0.0,19.12,7.41,27.59,2026-02-12 01:55:36,True,Texas,
Something Worth Saving,2023-12-01,0.0,0.0,0.0,0.0,0.0,0.0,0.0,0.0,0.0,2026-02-12 01:56:02,True,Florida,
Sometime After Midnight,2022-02-01,1.11,0.0,100.0,0.0,0.0,0.0,-100.0,-1.11,10.48,2026-02-12 01:56:28,True,Tennessee,
Somewhere Towards the End,2023-08-01,0.0,2.04,0.0,100.0,0.0,0.0,inf,2.04,13.61,2026-02-12 01:56:54,True,Florida,
Sole: A Blue Novella,2024-06-01,2.84,0.0,100.0,0.0,0.0,0.0,-100.0,-2.84,15.45,2026-02-12 01:57:20,True,Florida,
Solo,2023-08-01,74.17,81.77,100.0,100.0,60.0,68.0,10.25,7.6,9.19,2026-02-12 01:57:47,True,Florida,
Solstice,2024-06-01,48.31,5.5,100.0,100.0,32.0,1.0,-88.62,-42.81,24.47,2026-02-12 01:58:13,True,Florida,
Some Kind of Hate,2024-08-01,0.0,0.0,0.0,0.0,0.0,0.0,0.0,0.0,0.0,2026-02-12 01:58:39,True,Florida,
Soccer Star,2022-01-01,35.42,31.63,100.0,100.0,0.0,0.0,-10.7,-3.79,15.16,2026-02-12 01:59:06,True,Florida,
Social Intercourse,2024-10-01,1.11,0.0,100.0,0.0,0.0,0.0,-100.0,-1.11,10.48,2026-02-12 01:59:32,True,Tennessee,
"Sojourner Truth: A life, A Symbol",2023-08-01,0.0,0.0,0.0,0.0,0.0,0.0,0.0,0.0,0.0,2026-02-12 01:59:58,True,Florida,
Chew,2023-11-01,90.16,87.78,100.0,100.0,80.0,72.0,-2.64,-2.38,4.88,2026-02-12 02:00:25,True,Florida,
Chicano Visions: American Painters on the Verge,2025-04-01,0.0,0.0,0.0,0.0,0.0,0.0,0.0,0.0,0.0,2026-02-12 02:00:51,True,Tennessee,
So Long and Thanks for All the Fish,2023-12-01,3.67,1.11,100.0,100.0,0.0,0.0,-69.7,-2.56,13.38,2026-02-12 02:01:17,True,Florida,
So Yesterday,2023-08-01,32.4,41.46,100.0,100.0,0.0,0.0,27.95,9.06,28.38,2026-02-12 02:01:43,True,Florida,
Chagall: The Falling Angel,2022-09-01,0.0,0.0,0.0,0.0,0.0,0.0,0.0,0.0,0.0,2026-02-12 02:02:09,True,Missouri,
Chain Of Thorns,2023-12-01,3.17,1.11,100.0,100.0,0.0,0.0,-64.91,-2.06,14.2,2026-02-12 02:02:35,True,Florida,
Chainbreaker (Timekeeper Series),2021-12-01,0.0,1.11,0.0,100.0,0.0,0.0,inf,1.11,10.48,2026-02-12 02:03:02,True,Texas,
"Chainsaw Man (Series, Title Not Specified)",2025-04-01,,,,,,,,,,2026-02-12 02:23:18,False,Tennessee,Retries exhausted
"Celia Cruz, Queen of Salsa",2022-01-01,,,,,,,,,,2026-02-12 02:43:33,False,Florida,Retries exhausted
Cendrillon (Opera),2023-12-01,,,,,,,,,,2026-02-12 03:03:49,False,Florida,Retries exhausted
Ceremony,2023-10-01,,,,,,,,,,2026-02-12 03:24:05,False,Florida,Retries exhausted
Cezanne: Mont Sainte Victoire,2022-09-01,,,,,,,,,,2026-02-12 03:44:22,False,Missouri,Retries exhausted
Sorrow's Kitchen: The Life and Folklore of Zora Neale Hurston,2023-08-01,,,,,,,,,,2026-02-12 04:04:38,False,Florida,Retries exhausted
Caught,2024-06-01,,,,,,,,,,2026-02-12 04:24:53,False,Texas,Retries exhausted
Cazadora,2023-08-01,,,,,,,,,,2026-02-12 04:45:09,False,Florida,Retries exhausted
Song of the Dead,2024-08-01,45.98,48.97,100.0,100.0,0.0,0.0,6.5,2.99,25.43,2026-02-12 04:55:49,True,Texas,
Sonia Sotomayor (Women Who Broke the Rules Series),2022-01-01,,,,,,,,,,2026-02-12 05:16:26,False,Florida,Retries exhausted
Sophie Hartley and the Facts of Life,2023-10-01,,,,,,,,,,2026-02-12 05:37:03,False,Kentucky,Retries exhausted
Sophomore Undercover,2023-12-01,,,,,,,,,,2026-02-12 05:57:41,False,Florida,Retries exhausted
Spin Me Right Round,2023-10-01,,,,,,,,,,2026-02-12 06:18:07,False,Kentucky,Retries exhausted
Spirits and Sorcerers,2023-06-01,,,,,,,,,,2026-02-12 06:38:23,False,Florida,Retries exhausted
Splintered,2023-08-01,,,,,,,,,,2026-02-12 06:58:39,False,Florida,Retries exhausted
Speak for Yourself,2022-02-01,,,,,,,,,,2026-02-12 07:18:55,False,Tennessee,Retries exhausted
Speaker for the Dead,2023-08-01,,,,,,,,,,2026-02-12 07:39:11,False,Florida,Retries exhausted
Specials,2025-02-01,,,,,,,,,,2026-02-12 07:59:26,False,Tennessee,Retries exhausted
Speech Sounds,2023-10-01,,,,,,,,,,2026-02-12 08:19:42,False,Iowa,Retries exhausted
Soupy Leaves Home,2022-10-01,,,,,,,,,,2026-02-12 08:39:58,False,Texas,Retries exhausted
Sovereign,2024-08-01,,,,,,,,,,2026-02-12 09:31:03,False,Texas,"HTTPSConnectionPool(host='trends.google.com', port=443): Read timed out. (read timeout=5)"
Space: a memoir,2023-08-01,,,,,,,,,,2026-02-12 10:01:56,False,Florida,Retries exhausted
Spanking Shakespeare,2023-08-01,,,,,,,,,,2026-02-12 10:22:14,False,Florida,Retries exhausted
Chanda's Secrets,2024-06-01,,,,,,,,,,2026-02-12 10:48:18,False,Iowa,Retries exhausted
"Soul Eater, Vol. 19",2024-10-01,,,,,,,,,,2026-02-12 12:12:29,False,Tennessee,Retries exhausted
"Soul Eater, Vol. 24",2024-10-01,,,,,,,,,,2026-02-12 13:55:08,False,Tennessee,Retries exhausted
Soul of Cinder (Heart of Thorns Series),2022-02-01,0.0,0.0,0.0,0.0,0.0,0.0,0.0,0.0,0.0,2026-02-12 13:55:35,True,Tennessee,
Catherine the Great: Life and Legend,2023-08-01,0.0,0.0,0.0,0.0,0.0,0.0,0.0,0.0,0.0,2026-02-12 13:56:02,True,Florida,
"Spy x Family, Vol. 3",2022-10-01,1.11,0.0,100.0,0.0,0.0,0.0,-100.0,-1.11,10.48,2026-02-12 13:57:06,True,Texas,
"Spy x Family, Vol. 5",2022-10-01,0.0,1.11,0.0,100.0,0.0,0.0,inf,1.11,10.48,2026-02-12 13:57:33,True,Texas,
Carved in Stone: Clues About Cultures,2025-02-01,1.11,0.0,100.0,0.0,0.0,0.0,-100.0,-1.11,10.48,2026-02-12 13:58:00,True,Tennessee,
Case Histories,2025-02-01,3.41,10.27,100.0,100.0,0.0,0.0,200.98,6.86,21.72,2026-02-12 13:58:28,True,Tennessee,
Castle Roogna,2023-08-01,0.0,0.0,0.0,0.0,0.0,0.0,0.0,0.0,0.0,2026-02-12 13:58:55,True,Florida,
"Catch and Kill: Lies, Spies, and a Conspiracy to Protect Predators",2023-08-01,0.0,0.0,0.0,0.0,0.0,0.0,0.0,0.0,0.0,2026-02-12 13:59:22,True,Georgia,
Carols and Chaos,2024-11-01,1.11,0.0,100.0,0.0,0.0,0.0,-100.0,-1.11,10.48,2026-02-12 13:59:48,True,Texas,
Carry On (Simon Snow Series),2022-02-01,0.0,0.0,0.0,0.0,0.0,0.0,0.0,0.0,0.0,2026-02-12 14:00:15,True,Tennessee,
Carve the Mark,2025-02-01,1.11,0.0,100.0,0.0,0.0,0.0,-100.0,-1.11,10.48,2026-02-12 14:00:43,True,Tennessee,
"Spy x Family, Vol. 2",2022-10-01,1.11,0.0,100.0,0.0,0.0,0.0,-100.0,-1.11,10.48,2026-02-12 14:01:10,True,Texas,
Captain Marvel,2023-12-01,23.27,41.52,100.0,100.0,10.0,23.0,78.46,18.26,17.83,2026-02-12 14:01:37,True,Florida,
Caravaggio: Painter on the Run,2023-08-01,0.0,0.0,0.0,0.0,0.0,0.0,0.0,0.0,0.0,2026-02-12 14:02:21,True,Florida,
Caraval,2023-08-01,58.37,52.54,100.0,100.0,0.0,0.0,-9.98,-5.82,18.54,2026-02-12 14:02:48,True,Florida,
Still Missing,2024-06-01,61.61,64.47,100.0,100.0,24.0,26.0,4.63,2.86,14.13,2026-02-12 14:03:22,True,Florida,
Stink-O-Pedia: Super Stink-Y Stuff From A to Zzzzz,2025-02-01,0.0,1.98,0.0,100.0,0.0,0.0,inf,1.98,13.22,2026-02-12 14:03:49,True,Texas,
Stolen Girl,2023-07-01,14.12,8.5,100.0,100.0,0.0,0.0,-39.81,-5.62,27.35,2026-02-12 14:04:21,True,Florida,
Stone Cold,2024-06-01,49.46,57.16,100.0,100.0,33.0,37.0,15.57,7.7,15.14,2026-02-12 14:04:49,True,Iowa,
Stella,2023-06-01,80.93,78.5,100.0,100.0,70.0,65.0,-3.01,-2.43,6.94,2026-02-12 14:05:19,True,Florida,
Stephen Spender: A Life in Modernism,2023-08-01,0.0,0.0,0.0,0.0,0.0,0.0,0.0,0.0,0.0,2026-02-12 14:05:46,True,Florida,
"Sticks & Scones (Check, Please! Series)",2022-02-01,1.11,0.0,100.0,0.0,0.0,0.0,-100.0,-1.11,10.48,2026-02-12 14:06:13,True,Tennessee,
State of Fear,2023-08-01,28.96,25.81,100.0,100.0,0.0,0.0,-10.86,-3.14,25.28,2026-02-12 14:06:40,True,Florida,
Stay In Line,2023-12-01,50.11,48.58,100.0,100.0,0.0,0.0,-3.06,-1.53,23.61,2026-02-12 14:07:07,True,Florida,
Stealing Buddha's Dinner: A Memoir,2023-11-01,0.0,0.0,0.0,0.0,0.0,0.0,0.0,0.0,0.0,2026-02-12 14:07:35,True,Texas,
Stand Up for LGBTQ rights,2024-08-01,1.11,0.0,100.0,0.0,0.0,0.0,-100.0,-1.11,10.48,2026-02-12 14:08:01,True,Texas,
Star Wars Rogue One: A Junior Novel,2025-02-01,0.0,0.0,0.0,0.0,0.0,0.0,0.0,0.0,0.0,2026-02-12 14:08:28,True,Texas,
Starfish (LF),2023-08-01,0.0,0.0,0.0,0.0,0.0,0.0,0.0,0.0,0.0,2026-02-12 14:08:56,True,Florida,
Starry Eyes,2023-10-01,9.4,4.38,100.0,100.0,0.0,0.0,-53.43,-5.02,21.64,2026-02-12 14:09:25,True,Iowa,
"Cantarella, Vol. 8",2024-09-01,0.0,1.11,0.0,100.0,0.0,0.0,inf,1.11,10.48,2026-02-12 14:09:53,True,Pennsylvania,
Capital Crimes,2024-06-01,9.78,1.11,100.0,100.0,0.0,0.0,-88.64,-8.67,20.59,2026-02-12 14:10:20,True,Florida,
Stories of Jesus,2023-06-01,22.82,4.24,100.0,100.0,0.0,0.0,-81.4,-18.58,26.91,2026-02-12 14:10:47,True,Florida,
Storm of the Century: An Original Screenplay,2024-06-01,0.0,0.0,0.0,0.0,0.0,0.0,0.0,0.0,0.0,2026-02-12 14:11:15,True,Florida,
Cane River,2023-08-01,21.99,18.4,100.0,100.0,0.0,0.0,-16.32,-3.59,33.04,2026-02-12 14:11:42,True,Florida,
"Cantarella, Vol. 2",2024-09-01,0.0,0.0,0.0,0.0,0.0,0.0,0.0,0.0,0.0,2026-02-12 14:12:09,True,Pennsylvania,
"Cantarella, Vol. 4",2024-09-01,1.11,0.0,100.0,0.0,0.0,0.0,-100.0,-1.11,10.48,2026-02-12 14:12:36,True,Pennsylvania,
"Cantarella, Vol. 6",2024-09-01,0.0,0.0,0.0,0.0,0.0,0.0,0.0,0.0,0.0,2026-02-12 14:13:03,True,Pennsylvania,
"Camp Confidential (Series, Title Not Specified)",2023-12-01,0.0,0.0,0.0,0.0,0.0,0.0,0.0,0.0,0.0,2026-02-12 14:13:35,True,Florida,
"Can We Talk About Consent: A Book About Freedom, Choices and Agreement",2024-06-01,1.11,0.0,100.0,0.0,0.0,0.0,-100.0,-1.11,10.48,2026-02-12 14:14:03,True,Texas,
Canary,2024-06-01,41.03,84.46,100.0,100.0,32.0,70.0,105.82,43.42,22.8,2026-02-12 14:14:30,True,Iowa,
Stone Fox,2023-12-01,21.77,63.56,100.0,100.0,11.0,29.0,191.99,41.79,24.58,2026-02-12 14:14:56,True,Florida,
Stonewall: A Building. An Uprising. A Revolution.,2022-01-01,0.0,0.0,0.0,0.0,0.0,0.0,0.0,0.0,0.0,2026-02-12 14:15:23,True,Florida,
Calling My Name,2023-08-01,44.24,31.5,100.0,100.0,0.0,0.0,-28.8,-12.74,27.98,2026-02-12 14:15:50,True,Florida,
"Calvin and Hobbes (Series, Title Not Specified)",2025-02-01,0.0,0.0,0.0,0.0,0.0,0.0,0.0,0.0,0.0,2026-02-12 14:16:19,True,Tennessee,
"Suicide (Title only, no further information)",2025-02-01,0.0,0.0,0.0,0.0,0.0,0.0,0.0,0.0,0.0,2026-02-12 14:16:47,True,Tennessee,
Suicide Notes,2021-12-01,8.89,8.2,100.0,100.0,0.0,0.0,-7.75,-0.69,25.77,2026-02-12 14:19:17,True,Texas,
Summer Bird Blue,2022-02-01,0.0,1.11,0.0,100.0,0.0,0.0,inf,1.11,10.48,2026-02-12 14:20:17,True,Tennessee,
Summer Island,2024-06-01,58.51,67.26,100.0,100.0,28.0,31.0,14.94,8.74,17.57,2026-02-12 14:20:47,True,Iowa,
Stung,2023-08-01,56.1,51.97,100.0,100.0,28.0,23.0,-7.37,-4.13,18.44,2026-02-12 14:21:15,True,Florida,
Such a Fun Age,2024-06-01,5.09,2.18,100.0,100.0,0.0,0.0,-57.21,-2.91,18.11,2026-02-12 14:21:43,True,Florida,
Suck It Up,2023-08-01,27.93,27.76,100.0,100.0,0.0,0.0,-0.64,-0.18,30.92,2026-02-12 14:22:12,True,Florida,
Sudden Fiction: American Short Stories,2024-06-01,1.11,0.0,100.0,0.0,0.0,0.0,-100.0,-1.11,10.48,2026-02-12 14:22:39,True,Florida,
Streetcar Named Desire,2024-08-01,43.69,31.83,100.0,100.0,0.0,15.0,-27.14,-11.86,17.79,2026-02-12 14:23:06,True,Virginia,
Strings Attached,2023-08-01,21.11,39.21,100.0,100.0,0.0,11.0,85.74,18.1,16.7,2026-02-12 14:23:33,True,Florida,
Stuck In Tte Middle: 17 Comics from an Unpleasant Age,2024-10-01,1.11,0.0,100.0,0.0,0.0,0.0,-100.0,-1.11,10.48,2026-02-12 14:23:59,True,Florida,
"Student Reader Grade 3 Unit 6: Gods, Giants, and Dwarves",2023-04-01,0.0,0.0,0.0,0.0,0.0,0.0,0.0,0.0,0.0,2026-02-12 14:24:27,True,Virginia,
Strange Fruit: Why Both Sides Are Wrong in the Race Debate,2021-11-01,0.0,1.11,0.0,100.0,0.0,0.0,inf,1.11,10.48,2026-02-12 14:24:55,True,Florida,
Stranger Than Fanfiction,2024-06-01,0.0,0.0,0.0,0.0,0.0,0.0,0.0,0.0,0.0,2026-02-12 14:25:23,True,Florida,
Strangeworlds Travel Agency,2024-05-01,0.0,1.11,0.0,100.0,0.0,0.0,inf,1.11,10.48,2026-02-12 14:25:50,True,Florida,
Street Dreams,2024-06-01,39.31,52.59,100.0,100.0,0.0,0.0,33.78,13.28,19.11,2026-02-12 14:26:17,True,Florida,
Sweat,2024-06-01,79.43,81.07,100.0,100.0,70.0,67.0,2.06,1.63,6.12,2026-02-12 14:26:45,True,Florida,
Swim the Fly,2023-08-01,2.22,0.0,100.0,0.0,0.0,0.0,-100.0,-2.22,14.74,2026-02-12 14:27:13,True,Florida,
Swimwear in Vogue Since 1910,2025-02-01,0.0,0.0,0.0,0.0,0.0,0.0,0.0,0.0,0.0,2026-02-12 14:27:41,True,Tennessee,
Switched,2023-11-01,62.96,70.16,100.0,100.0,50.0,53.0,11.44,7.2,8.89,2026-02-12 14:28:08,True,Wisconsin,
Surviving the Applewhites,2023-11-01,3.16,0.0,100.0,0.0,0.0,0.0,-100.0,-3.16,17.03,2026-02-12 14:28:35,True,Wisconsin,
Survivor,2024-06-01,22.43,62.22,100.0,100.0,15.0,48.0,177.37,39.79,22.09,2026-02-12 14:29:03,True,Florida,
Survivors: True Stories of Children in the Holocaust,2025-02-01,0.0,0.0,0.0,0.0,0.0,0.0,0.0,0.0,0.0,2026-02-12 14:29:31,True,Tennessee,
Swan Peak,2023-08-01,0.0,0.0,0.0,0.0,0.0,0.0,0.0,0.0,0.0,2026-02-12 14:29:59,True,Florida,
Super Human Encyclopedia: Discover the Amazing Things Your Body Can Do,2023-08-01,0.0,0.0,0.0,0.0,0.0,0.0,0.0,0.0,0.0,2026-02-12 14:30:28,True,Florida,
Super Sisters,2022-09-01,2.2,1.11,100.0,100.0,0.0,0.0,-49.49,-1.09,12.72,2026-02-12 14:30:55,True,Missouri,
Surrealism,2025-02-01,21.62,54.46,100.0,100.0,10.0,23.0,151.85,32.83,21.88,2026-02-12 14:31:22,True,Texas,
Summer of Salt,2023-07-01,6.22,0.0,100.0,0.0,0.0,0.0,-100.0,-6.22,21.65,2026-02-12 14:31:49,True,Florida,
Summer on Wheels: A Road Trip Like No Other,2023-12-01,0.0,0.0,0.0,0.0,0.0,0.0,0.0,0.0,0.0,2026-02-12 14:32:16,True,Florida,
"Sumomomo, Momomo: The Strongest Bride on Earth, Vol. 1",2022-08-01,0.0,0.0,0.0,0.0,0.0,0.0,0.0,0.0,0.0,2026-02-12 14:32:43,True,Missouri,
Sunrise,2023-08-01,85.31,81.19,100.0,100.0,74.0,70.0,-4.83,-4.12,6.62,2026-02-12 14:33:11,True,Florida,
Tales of Mystery and Imagination,2024-06-01,0.0,0.0,0.0,0.0,0.0,0.0,0.0,0.0,0.0,2026-02-12 14:33:39,True,Iowa,
Taliban Shuffle: Strange Days in Afghanistan and Pakistan,2023-10-01,2.08,1.11,100.0,100.0,0.0,0.0,-46.52,-0.97,12.27,2026-02-12 14:34:06,True,Iowa,
Tall Cool One,2023-12-01,1.11,0.0,100.0,0.0,0.0,0.0,-100.0,-1.11,10.48,2026-02-12 14:34:33,True,Florida,
Tangerine,2024-06-01,82.99,79.28,100.0,100.0,63.0,62.0,-4.47,-3.71,7.97,2026-02-12 14:35:04,True,Texas,
Take a Chance on Me,2024-06-01,23.37,13.61,100.0,100.0,0.0,0.0,-41.75,-9.76,31.24,2026-02-12 14:35:30,True,Iowa,
Taken at Dusk,2023-12-01,0.0,0.0,0.0,0.0,0.0,0.0,0.0,0.0,0.0,2026-02-12 14:35:57,True,Florida,
Taking Responsibility: A Teen's Guide to Contraception and Pregnancy,2021-12-01,1.11,0.0,100.0,0.0,0.0,0.0,-100.0,-1.11,10.48,2026-02-12 14:36:24,True,Texas,
Tales From Watership Down,2023-08-01,1.11,0.0,100.0,0.0,0.0,0.0,-100.0,-1.11,10.48,2026-02-12 14:36:51,True,Florida,
"TBH, Too Much Drama",2024-08-01,0.0,0.0,0.0,0.0,0.0,0.0,0.0,0.0,0.0,2026-02-12 14:37:18,True,Florida,
TTYL,2025-06-01,68.37,66.78,100.0,100.0,24.0,47.0,-2.32,-1.59,13.42,2026-02-12 14:37:45,True,Florida,
Tag-along Timothy Tours Texas,2024-06-01,0.0,0.0,0.0,0.0,0.0,0.0,0.0,0.0,0.0,2026-02-12 14:38:12,True,Texas,
Take Me On,2024-10-01,84.47,83.84,100.0,100.0,72.0,59.0,-0.74,-0.62,6.48,2026-02-12 14:38:40,True,Tennessee,
Sword in the Stars (Once & Future Series),2022-02-01,1.11,0.0,100.0,0.0,0.0,0.0,-100.0,-1.11,10.48,2026-02-12 14:39:07,True,Tennessee,
Sylvia Rivera,2024-08-01,5.6,11.2,100.0,100.0,0.0,0.0,100.0,5.6,21.81,2026-02-12 14:39:34,True,Texas,
Syphilis and Other Sexually Transmitted Diseases,2023-08-01,1.11,0.0,100.0,0.0,0.0,0.0,-100.0,-1.11,10.48,2026-02-12 14:40:01,True,Florida,
"TBH, IDK What's Next",2024-08-01,2.12,0.0,100.0,0.0,0.0,0.0,-100.0,-2.12,14.09,2026-02-12 14:40:28,True,Florida,
Tattoo History Source Book: An Anthology of Historical Records of Tattooing Throughout the World,2025-04-01,0.0,0.0,0.0,0.0,0.0,0.0,0.0,0.0,0.0,2026-02-12 14:40:54,True,Tennessee,
Teaching When the World Is on Fire,2022-02-01,0.0,1.11,0.0,100.0,0.0,0.0,inf,1.11,10.48,2026-02-12 14:41:21,True,Tennessee,
"Cagaster (Series, Title Not Specified)",2024-08-01,1.11,1.11,100.0,100.0,0.0,0.0,0.0,0.0,10.48,2026-02-12 14:41:48,True,Texas,
Calamity,2023-08-01,73.24,73.03,100.0,100.0,53.0,55.0,-0.29,-0.21,10.52,2026-02-12 14:42:16,True,Florida,
Call Down the Hawk,2023-08-01,0.0,0.0,0.0,0.0,0.0,0.0,0.0,0.0,0.0,2026-02-12 14:42:44,True,Florida,
Call Me Max,2025-03-01,0.0,2.14,0.0,100.0,0.0,0.0,inf,2.14,14.23,2026-02-12 14:43:11,True,Minnesota,
"Bury the Dead: Tombs, Corpses, Mummies, Skeletons and Rituals",2023-03-01,1.11,0.0,100.0,0.0,0.0,0.0,-100.0,-1.11,10.48,2026-02-12 14:43:38,True,Florida,
Busted,2025-02-01,83.23,86.52,100.0,100.0,61.0,75.0,3.95,3.29,5.64,2026-02-12 14:44:05,True,Tennessee,
Butts Are Everywhere,2025-04-01,0.0,0.0,0.0,0.0,0.0,0.0,0.0,0.0,0.0,2026-02-12 14:44:32,True,Tennessee,
Caddie Woodlawn,2023-08-01,0.0,0.0,0.0,0.0,0.0,0.0,0.0,0.0,0.0,2026-02-12 14:44:59,True,Florida,
Bump and Run,2024-06-01,1.11,3.03,100.0,100.0,0.0,0.0,173.0,1.92,13.78,2026-02-12 14:45:25,True,Florida,
Buried Heart,2023-08-01,,,,,,,,,,2026-02-12 14:49:05,False,Florida,"HTTPSConnectionPool(host='trends.google.com', port=443): Max retries exceeded with url: /trends/api/"
Burned (House of Night Series),2021-11-01,0.0,0.0,0.0,0.0,0.0,0.0,0.0,0.0,0.0,2026-02-12 14:56:38,True,Florida,
Burning Nation,2023-08-01,0.0,0.0,0.0,0.0,0.0,0.0,0.0,0.0,0.0,2026-02-12 15:00:07,True,Florida,
Tell Them We Remember: The Story of the Holocaust,2025-02-01,1.11,0.0,100.0,0.0,0.0,0.0,-100.0,-1.11,10.48,2026-02-12 15:00:40,True,Tennessee,
Tender,2023-10-01,76.53,79.88,100.0,100.0,64.0,69.0,4.37,3.34,6.36,2026-02-12 15:01:09,True,Iowa,
Tennyson,2023-06-01,76.4,69.77,100.0,100.0,58.0,51.0,-8.68,-6.63,9.58,2026-02-12 15:01:37,True,Florida,
Tess of the D'Urbervilles,2023-08-01,5.08,2.58,100.0,100.0,0.0,0.0,-49.23,-2.5,17.95,2026-02-12 15:02:04,True,Florida,
Tegan and Sara: Junior High,2024-06-01,0.0,0.0,0.0,0.0,0.0,0.0,0.0,0.0,0.0,2026-02-12 15:02:32,True,Iowa,
Tell Me How You Really Feel,2023-07-01,1.94,0.0,100.0,0.0,0.0,0.0,-100.0,-1.94,13.03,2026-02-12 15:02:59,True,Florida,
Tell Me Something Real,2023-08-01,0.0,0.0,0.0,0.0,0.0,0.0,0.0,0.0,0.0,2026-02-12 15:03:25,True,Florida,
Tell No One,2024-06-01,64.54,18.86,100.0,100.0,34.0,7.0,-70.79,-45.69,26.84,2026-02-12 15:03:52,True,Iowa,
"Teen Titans (Series, Title Not Specified)",2024-10-01,1.11,0.0,100.0,0.0,0.0,0.0,-100.0,-1.11,10.48,2026-02-12 15:04:21,True,Florida,
Teenage Pregnancy,2025-02-01,16.87,23.83,100.0,100.0,0.0,0.0,41.3,6.97,29.7,2026-02-12 15:04:51,True,Tennessee,
Teens & Sex,2021-12-01,0.0,0.0,0.0,0.0,0.0,0.0,0.0,0.0,0.0,2026-02-12 15:05:18,True,Texas,
Teardrop,2023-08-01,75.64,72.44,100.0,100.0,59.0,55.0,-4.23,-3.2,9.73,2026-02-12 15:05:46,True,Florida,
"Technically, You Started It",2023-07-01,1.11,0.0,100.0,0.0,0.0,0.0,-100.0,-1.11,10.48,2026-02-12 15:06:12,True,Florida,
Teen Idol,2023-08-01,4.2,3.21,100.0,100.0,0.0,0.0,-23.54,-0.99,15.66,2026-02-12 15:06:40,True,Florida,
Teen Killers in Love,2025-02-01,1.11,0.0,100.0,0.0,0.0,0.0,-100.0,-1.11,10.48,2026-02-12 15:07:06,True,Texas,
The AIDS Epidemic: Disaster and Survival,2023-08-01,0.0,0.0,0.0,0.0,0.0,0.0,0.0,0.0,0.0,2026-02-12 15:07:34,True,Florida,
The Abduction (MN),2023-10-01,1.11,0.0,100.0,0.0,0.0,0.0,-100.0,-1.11,10.48,2026-02-12 15:08:00,True,Florida,
The Abortion Debate: Understanding the Issues (Issues in Focus Today),2021-12-01,0.0,1.11,0.0,100.0,0.0,0.0,inf,1.11,10.48,2026-02-12 15:08:27,True,Texas,
Breathless (AM),2024-06-01,0.0,0.0,0.0,0.0,0.0,0.0,0.0,0.0,0.0,2026-02-12 15:08:55,True,Iowa,
That's Disgusting: Unraveling the Mysteries of Repulsion,2023-02-01,0.0,1.11,0.0,100.0,0.0,0.0,inf,1.11,10.48,2026-02-12 15:09:22,True,Pennsylvania,
The 1619 Project: A New Origin Story,2022-09-01,0.0,0.0,0.0,0.0,0.0,0.0,0.0,0.0,0.0,2026-02-12 15:09:48,True,Florida,
The 19th Century,2025-02-01,53.18,60.22,100.0,100.0,12.0,23.0,13.25,7.04,23.51,2026-02-12 15:10:15,True,Texas,
The ABCs of Black History,2023-03-01,0.0,0.0,0.0,0.0,0.0,0.0,0.0,0.0,0.0,2026-02-12 15:10:43,True,Florida,
Thanksgiving Poems,2023-06-01,0.0,1.11,0.0,100.0,0.0,0.0,inf,1.11,10.48,2026-02-12 15:11:11,True,Florida,
That Night,2023-08-01,70.04,69.29,100.0,100.0,56.0,48.0,-1.08,-0.76,12.55,2026-02-12 15:11:38,True,Florida,
That Weekend,2023-08-01,50.1,64.76,100.0,100.0,29.0,29.0,29.25,14.66,15.12,2026-02-12 15:12:06,True,Florida,
Tess of the Road,2023-08-01,1.11,0.0,100.0,0.0,0.0,0.0,-100.0,-1.11,10.48,2026-02-12 15:12:34,True,Florida,
Texas Fridays: Dallas,2024-06-01,0.0,0.0,0.0,0.0,0.0,0.0,0.0,0.0,0.0,2026-02-12 15:13:03,True,Texas,
Texas Fridays: Houston,2024-06-01,1.11,1.11,100.0,100.0,0.0,0.0,0.0,0.0,10.48,2026-02-12 15:13:30,True,Texas,
Texas Fridays: San Antonio,2024-06-01,0.0,0.0,0.0,0.0,0.0,0.0,0.0,0.0,0.0,2026-02-12 15:13:56,True,Texas,
The Accidental Apprentice,2023-09-01,1.11,0.0,100.0,0.0,0.0,0.0,-100.0,-1.11,10.48,2026-02-12 15:14:23,True,Florida,
The Accomplice,2022-10-01,8.49,13.72,100.0,100.0,0.0,0.0,61.65,5.23,26.87,2026-02-12 15:14:51,True,Texas,
The Activist,2022-10-01,48.83,59.59,100.0,100.0,0.0,0.0,22.03,10.76,22.26,2026-02-12 15:15:19,True,Texas,
The Adventures and the Memoirs of Sherlock Holmes,2023-08-01,0.0,1.11,0.0,100.0,0.0,0.0,inf,1.11,10.48,2026-02-12 15:15:45,True,Florida,
Bruja Born (Brooklyn Brujas Series),2022-02-01,0.0,1.11,0.0,100.0,0.0,0.0,inf,1.11,10.48,2026-02-12 15:16:12,True,Tennessee,
Build Strong Communities: The Power of Empathy and Respect,2024-08-01,0.0,0.0,0.0,0.0,0.0,0.0,0.0,0.0,0.0,2026-02-12 15:16:40,True,Texas,
Bullet Point,2023-08-01,61.64,62.0,100.0,100.0,24.0,26.0,0.58,0.36,20.01,2026-02-12 15:17:07,True,Florida,
Bum Rush the Page: A Def Poetry Jam,2024-10-01,1.11,0.0,100.0,0.0,0.0,0.0,-100.0,-1.11,10.48,2026-02-12 15:17:33,True,Texas,
Brisingr,2022-10-01,0.0,1.11,0.0,100.0,0.0,0.0,inf,1.11,10.48,2026-02-12 15:18:00,True,Texas,
Broken Things,2021-10-01,58.13,61.2,100.0,100.0,27.0,0.0,5.28,3.07,15.09,2026-02-12 15:18:27,True,Oklahoma,
"Brother Eagle, Sister Sky",2022-01-01,0.0,1.11,0.0,100.0,0.0,0.0,inf,1.11,10.48,2026-02-12 15:18:53,True,Florida,
Brown v. Board of Education: A Fight for Simple Justice,2022-10-01,0.0,0.0,0.0,0.0,0.0,0.0,0.0,0.0,0.0,2026-02-12 15:19:20,True,Texas,
Brewster,2025-02-01,67.51,58.61,100.0,100.0,46.0,50.0,-13.18,-8.9,8.02,2026-02-12 15:19:46,True,Tennessee,
Brides of Eden: A True Story Imagined,2023-10-01,0.0,1.11,0.0,100.0,0.0,0.0,inf,1.11,10.48,2026-02-12 15:20:12,True,Florida,
Bright We Burn,2024-08-01,1.11,0.0,100.0,0.0,0.0,0.0,-100.0,-1.11,10.48,2026-02-12 15:20:39,True,Texas,
Brighter than Gold,2024-06-01,0.0,0.0,0.0,0.0,0.0,0.0,0.0,0.0,0.0,2026-02-12 15:21:05,True,Florida,
The Art of Junji Ito: Twisted Visions,2023-06-01,0.0,0.0,0.0,0.0,0.0,0.0,0.0,0.0,0.0,2026-02-12 15:21:32,True,Florida,
The Artist's Eye,2025-02-01,2.1,0.0,100.0,0.0,0.0,0.0,-100.0,-2.1,13.95,2026-02-12 15:21:58,True,Tennessee,
The Associate,2023-08-01,64.66,64.14,100.0,100.0,39.0,28.0,-0.79,-0.51,16.51,2026-02-12 15:22:25,True,Florida,
"The Astonishing Life of Octavian Nothing, Traitor to the Nation, Volume I: The Pox Party",2023-08-01,0.0,0.0,0.0,0.0,0.0,0.0,0.0,0.0,0.0,2026-02-12 15:22:52,True,Florida,
"The Architecture and Design of Man and Woman: The Marvel of the Human Body, Revealed",2025-02-01,1.11,1.11,100.0,100.0,0.0,0.0,0.0,0.0,10.48,2026-02-12 15:23:19,True,Tennessee,
The Art of Comics,2022-09-01,0.0,2.08,0.0,100.0,0.0,0.0,inf,2.08,13.82,2026-02-12 15:23:45,True,Missouri,
The Art of Drag,2025-04-01,0.0,3.19,0.0,100.0,0.0,0.0,inf,3.19,17.18,2026-02-12 15:24:12,True,Tennessee,
The American Heritage Children's Dictionary,2023-08-01,0.0,0.0,0.0,0.0,0.0,0.0,0.0,0.0,0.0,2026-02-12 15:24:39,True,Florida,
The American Spirit: Meeting the Challenge of September 11,2024-06-01,0.0,1.11,0.0,100.0,0.0,0.0,inf,1.11,10.48,2026-02-12 15:25:05,True,Texas,
The Angel Experiment,2023-02-01,1.11,0.0,100.0,0.0,0.0,0.0,-100.0,-1.11,10.48,2026-02-12 15:25:35,True,Florida,
"The Annotated Mona Lisa, Third Edition: A Crash Court in Art History from Prehistoric to the Present (Volume 3)",2022-09-01,,,,,,,,,,2026-02-12 15:26:31,False,Missouri,The request failed: Google returned a response with code 400
The Adventures of Tom Sawyer (Sterling Illustrated Classics),2023-03-01,0.0,0.0,0.0,0.0,0.0,0.0,0.0,0.0,0.0,2026-02-12 15:26:58,True,Texas,
The Afterlife: And Other Stories,2023-10-01,2.14,0.0,100.0,0.0,0.0,0.0,-100.0,-2.14,14.23,2026-02-12 15:27:26,True,Florida,
The Age of Miracles,2023-11-01,1.11,0.0,100.0,0.0,0.0,0.0,-100.0,-1.11,10.48,2026-02-12 15:27:53,True,Wisconsin,
The Alamo,2025-02-01,26.17,59.78,100.0,100.0,16.0,42.0,128.45,33.61,19.38,2026-02-12 15:28:19,True,Texas,
"Breakthrough! How Three People Saved ""Blue Babies"" and Changed Medicine Forever",2024-08-01,0.0,1.11,0.0,100.0,0.0,0.0,inf,1.11,10.48,2026-02-12 15:28:46,True,Texas,
"The Backyard Bird Feeder's Bible: The A-Z Guide to Feeders, Seed Mixes, Projects, and Treats",2023-06-01,0.0,0.0,0.0,0.0,0.0,0.0,0.0,0.0,0.0,2026-02-12 15:29:12,True,Florida,
The Barbarian Tides: Timeframe 1500-600 BC,2025-02-01,0.0,1.11,0.0,100.0,0.0,0.0,inf,1.11,10.48,2026-02-12 15:29:39,True,Tennessee,
The Baroque and Neoclassical age,2025-02-01,0.0,0.0,0.0,0.0,0.0,0.0,0.0,0.0,0.0,2026-02-12 15:30:05,True,Texas,
"Boys, Bears, and a Serious Pair of Hiking Boots",2024-06-01,0.0,1.11,0.0,100.0,0.0,0.0,inf,1.11,10.48,2026-02-12 15:30:34,True,Florida,
Brain Jack,2023-08-01,6.66,25.38,100.0,100.0,0.0,0.0,281.3,18.72,29.72,2026-02-12 15:31:01,True,Florida,
Brave Leaders and Activists,2021-11-01,1.11,0.0,100.0,0.0,0.0,0.0,-100.0,-1.11,10.48,2026-02-12 15:31:27,True,Florida,
Brave New World Revisited,2024-06-01,0.0,0.0,0.0,0.0,0.0,0.0,0.0,0.0,0.0,2026-02-12 15:31:53,True,Florida,
"Boy v. Girl?: How Gender Shapes Who We Are, What We Want, and How We Get Along",2025-02-01,0.0,1.11,0.0,100.0,0.0,0.0,inf,1.11,10.48,2026-02-12 15:32:20,True,Tennessee,
Boyfriend Material,2023-10-01,3.74,4.94,100.0,100.0,0.0,0.0,32.05,1.2,19.06,2026-02-12 15:32:46,True,Iowa,
"Boys Run the Riot, Vol. 3",2024-08-01,0.0,0.0,0.0,0.0,0.0,0.0,0.0,0.0,0.0,2026-02-12 15:33:12,True,Texas,
Boys of Summer,2023-08-01,69.43,52.54,100.0,100.0,38.0,21.0,-24.32,-16.89,17.89,2026-02-12 15:33:39,True,Florida,
The Atonement Child,2023-12-01,1.11,0.0,100.0,0.0,0.0,0.0,-100.0,-1.11,10.48,2026-02-12 15:34:06,True,Florida,
The Authority (1999-2002): Book Two,2023-12-01,0.0,0.0,0.0,0.0,0.0,0.0,0.0,0.0,0.0,2026-02-12 15:34:33,True,Florida,
The Autobiography of Malcolm X,2023-08-01,1.11,1.11,100.0,100.0,0.0,0.0,0.0,0.0,10.48,2026-02-12 15:34:59,True,Florida,
The Awesomely Awful Melodies of Lydia Goldblatt and Julie Graham-Chang,2023-09-01,0.0,0.0,0.0,0.0,0.0,0.0,0.0,0.0,0.0,2026-02-12 15:35:26,True,Florida,
The Big Bad Wolf Tells All,2024-06-01,0.0,0.0,0.0,0.0,0.0,0.0,0.0,0.0,0.0,2026-02-12 15:35:54,True,Florida,
The Big Sleep,2024-06-01,51.49,61.28,100.0,100.0,0.0,0.0,19.01,9.79,19.37,2026-02-12 15:36:22,True,Florida,
The Bitter Kingdom,2025-03-01,0.0,1.11,0.0,100.0,0.0,0.0,inf,1.11,10.48,2026-02-12 15:36:49,True,Texas,
The Black Dahlia,2024-06-01,41.74,27.26,100.0,100.0,0.0,0.0,-34.71,-14.49,19.58,2026-02-12 15:37:16,True,Iowa,
The Best from Fantasy and Science Fiction: A Special 25th Anniversary Anthology,2023-08-01,0.0,0.0,0.0,0.0,0.0,0.0,0.0,0.0,0.0,2026-02-12 15:37:43,True,Florida,
The Betrayed,2023-08-01,59.26,53.3,100.0,100.0,0.0,22.0,-10.05,-5.96,15.41,2026-02-12 15:38:11,True,Florida,
The Bible Book,2023-08-01,74.56,51.59,100.0,100.0,58.0,39.0,-30.8,-22.97,14.23,2026-02-12 15:38:38,True,Florida,
The Bible Story for Boys and Girls,2023-06-01,0.0,1.11,0.0,100.0,0.0,0.0,inf,1.11,10.48,2026-02-12 15:39:05,True,Florida,
The Beauty Queen of Leenane,2024-06-01,0.0,1.11,0.0,100.0,0.0,0.0,inf,1.11,10.48,2026-02-12 15:39:32,True,Florida,
The Belgariad,2023-08-01,0.0,0.0,0.0,0.0,0.0,0.0,0.0,0.0,0.0,2026-02-12 15:39:59,True,Florida,
The Berenstain Bears and the Big Question (The Berenstain Bears Series),2022-01-01,0.0,1.11,0.0,100.0,0.0,0.0,inf,1.11,10.48,2026-02-12 15:40:26,True,Florida,
The Best American Short Stories 2015,2023-12-01,0.0,1.11,0.0,100.0,0.0,0.0,inf,1.11,10.48,2026-02-12 15:40:52,True,Florida,
The Battle of the Labyrinth,2025-02-01,1.11,1.11,100.0,100.0,0.0,0.0,0.0,0.0,10.48,2026-02-12 15:41:19,True,Tennessee,
The Bean Trees,2023-08-01,10.06,8.42,100.0,100.0,0.0,0.0,-16.24,-1.63,23.48,2026-02-12 15:41:45,True,Florida,
The Beast and the Bethany,2023-06-01,1.11,0.0,100.0,0.0,0.0,0.0,-100.0,-1.11,10.48,2026-02-12 15:42:11,True,Florida,
The Blacker the Berry,2023-10-01,2.03,3.83,100.0,100.0,0.0,0.0,88.52,1.8,15.07,2026-02-12 15:42:37,True,Florida,
The Blood Countess (Lady Slayers Series),2021-12-01,1.11,0.0,100.0,0.0,0.0,0.0,-100.0,-1.11,10.48,2026-02-12 15:43:04,True,Texas,
The Blood Years,2025-03-01,57.01,62.51,100.0,100.0,17.0,33.0,9.65,5.5,17.84,2026-02-12 15:43:30,True,Texas,
The Bloody Chamber and Other Stories,2024-06-01,0.0,1.11,0.0,100.0,0.0,0.0,inf,1.11,10.48,2026-02-12 15:43:56,True,Florida,
Born Confused,2025-02-01,0.0,0.0,0.0,0.0,0.0,0.0,0.0,0.0,0.0,2026-02-12 15:44:23,True,Tennessee,
Bosch: The Garden of Earthly Delights,2022-09-01,0.0,0.0,0.0,0.0,0.0,0.0,0.0,0.0,0.0,2026-02-12 15:44:49,True,Missouri,
Bound,2025-02-01,83.49,67.79,100.0,100.0,60.0,57.0,-18.8,-15.7,11.07,2026-02-12 15:45:15,True,Tennessee,
Bowery Girl,2021-11-01,0.0,0.0,0.0,0.0,0.0,0.0,0.0,0.0,0.0,2026-02-12 15:45:41,True,Florida,
Bonus Tracks,2024-06-01,2.71,4.73,100.0,100.0,0.0,0.0,74.59,2.02,13.46,2026-02-12 15:46:09,True,Iowa,
Book of Bible Stories: New International Version,2023-06-01,0.0,0.0,0.0,0.0,0.0,0.0,0.0,0.0,0.0,2026-02-12 15:46:36,True,Florida,
Booker T. Washington: Gran educador Norteamericano,2024-08-01,0.0,1.11,0.0,100.0,0.0,0.0,inf,1.11,10.48,2026-02-12 15:47:02,True,Texas,
Boot Camp,2024-06-01,83.73,62.13,100.0,100.0,66.0,41.0,-25.8,-21.6,13.23,2026-02-12 15:47:29,True,Florida,
The Black Monday Murders,2022-09-01,0.0,0.0,0.0,0.0,0.0,0.0,0.0,0.0,0.0,2026-02-12 15:47:55,True,Missouri,
Body of Evidence,2023-12-01,46.59,53.11,100.0,100.0,0.0,0.0,14.0,6.52,25.25,2026-02-12 15:48:22,True,Florida,
Bonds of Brass,2022-02-01,0.0,0.0,0.0,0.0,0.0,0.0,0.0,0.0,0.0,2026-02-12 15:48:48,True,Tennessee,
"Bone Parish, Vol. 2",2022-09-01,1.11,0.0,100.0,0.0,0.0,0.0,-100.0,-1.11,10.48,2026-02-12 15:49:14,True,Missouri,
The Boys' War: Confederate and Union Soldiers Talk About the Civil War,2025-02-01,0.0,0.0,0.0,0.0,0.0,0.0,0.0,0.0,0.0,2026-02-12 15:49:40,True,Tennessee,
The Brethren,2023-08-01,53.59,46.94,100.0,100.0,0.0,0.0,-12.4,-6.64,15.68,2026-02-12 15:50:07,True,Florida,
The Bridges of Madison County (Musical Score),2023-12-01,0.0,0.0,0.0,0.0,0.0,0.0,0.0,0.0,0.0,2026-02-12 15:50:33,True,Florida,
The Brilliant Death (The Brilliant Death Series),2022-02-01,0.0,0.0,0.0,0.0,0.0,0.0,0.0,0.0,0.0,2026-02-12 15:50:59,True,Tennessee,
The Boy Toy,2023-04-01,25.22,17.77,100.0,100.0,0.0,0.0,-29.56,-7.46,27.01,2026-02-12 15:51:26,True,Maine,
The Boy Who Harnessed The Wind,2025-03-01,43.96,52.53,100.0,100.0,0.0,0.0,19.51,8.58,29.99,2026-02-12 15:51:52,True,Texas,
The Boy from the Basement,2025-03-01,1.11,0.0,100.0,0.0,0.0,0.0,-100.0,-1.11,10.48,2026-02-12 15:52:18,True,Texas,
The Book of Life,2024-06-01,76.7,70.31,100.0,100.0,48.0,49.0,-8.33,-6.39,12.48,2026-02-12 15:52:45,True,Florida,
The Book of Lost Things (CV),2025-03-01,0.0,0.0,0.0,0.0,0.0,0.0,0.0,0.0,0.0,2026-02-12 15:53:11,True,Texas,
The Book of Pride: LGBTQ Heroes Who Changed the World,2023-06-01,0.0,1.11,0.0,100.0,0.0,0.0,inf,1.11,10.48,2026-02-12 15:53:41,True,Florida,
The Borrow a Boyfriend Club,2024-08-01,0.0,0.0,0.0,0.0,0.0,0.0,0.0,0.0,0.0,2026-02-12 15:54:08,True,Texas,
The Bondwoman's Narrative,2024-06-01,0.0,1.11,0.0,100.0,0.0,0.0,inf,1.11,10.48,2026-02-12 15:54:34,True,Florida,
The Book Of Lost Things,2025-05-01,1.11,2.06,100.0,100.0,0.0,0.0,85.0,0.94,12.2,2026-02-12 15:55:01,True,Florida,
The Book of Dust: La Belle Sauvage,2023-12-01,1.11,0.0,100.0,0.0,0.0,0.0,-100.0,-1.11,10.48,2026-02-12 15:55:27,True,Florida,
The Book of Fred,2023-08-01,1.11,1.11,100.0,100.0,0.0,0.0,0.0,0.0,10.48,2026-02-12 15:55:54,True,Florida,
"Blue Period, Vol. 8",2025-04-01,0.0,0.0,0.0,0.0,0.0,0.0,0.0,0.0,0.0,2026-02-12 15:56:20,True,Tennessee,
Blue Window,2022-10-01,70.97,67.42,100.0,100.0,32.0,36.0,-4.99,-3.54,12.74,2026-02-12 15:56:47,True,Texas,
Bob Marley,2023-08-01,19.03,42.92,100.0,100.0,11.0,30.0,125.51,23.89,17.19,2026-02-12 15:57:14,True,Florida,
The Burning God,2024-06-01,5.92,2.19,100.0,100.0,0.0,0.0,-63.04,-3.73,18.87,2026-02-12 15:57:41,True,Iowa,
"Blue Flag, Vol. 6 (Blue Flag Series)",2022-02-01,0.0,0.0,0.0,0.0,0.0,0.0,0.0,0.0,0.0,2026-02-12 15:58:07,True,Tennessee,
Blue Moon (AN),2023-08-01,1.11,2.11,100.0,100.0,0.0,0.0,90.0,1.0,10.94,2026-02-12 15:58:34,True,Florida,
Blue Noon,2023-08-01,1.11,2.18,100.0,100.0,0.0,0.0,96.0,1.07,12.63,2026-02-12 15:59:00,True,Florida,
"Blue Period, Vol. 6",2025-04-01,1.11,0.0,100.0,0.0,0.0,0.0,-100.0,-1.11,10.48,2026-02-12 15:59:27,True,Tennessee,
Blue Bloods: After Life,2022-10-01,0.0,0.0,0.0,0.0,0.0,0.0,0.0,0.0,0.0,2026-02-12 15:59:53,True,Texas,
"Blue Exorcist (Series, Title not Specified)",2024-10-01,0.0,0.0,0.0,0.0,0.0,0.0,0.0,0.0,0.0,2026-02-12 16:00:19,True,Tennessee,
"Blue Flag, Vol. 2 (Blue Flag Series)",2022-02-01,1.11,1.11,100.0,100.0,0.0,0.0,0.0,0.0,10.48,2026-02-12 16:00:45,True,Tennessee,
"Blue Flag, Vol. 4 (Blue Flag Series)",2022-02-01,0.0,0.0,0.0,0.0,0.0,0.0,0.0,0.0,0.0,2026-02-12 16:01:11,True,Tennessee,
The Brothers Torres,2024-06-01,1.11,0.0,100.0,0.0,0.0,0.0,-100.0,-1.11,10.48,2026-02-12 16:01:37,True,Florida,
The Bunker Diary,2023-11-01,1.11,0.0,100.0,0.0,0.0,0.0,-100.0,-1.11,10.48,2026-02-12 16:02:03,True,Wisconsin,
Bloodlust and Bonnets,2022-09-01,1.11,1.11,100.0,100.0,0.0,0.0,0.0,0.0,10.48,2026-02-12 16:02:29,True,Missouri,
"Bloom Into You (Series, Title not Specified)",2024-10-01,0.0,1.11,0.0,100.0,0.0,0.0,inf,1.11,10.48,2026-02-12 16:02:56,True,Tennessee,
The Children's Dictionary of Mythology,2025-04-01,0.0,0.0,0.0,0.0,0.0,0.0,0.0,0.0,0.0,2026-02-12 16:03:21,True,Tennessee,
The Christmas Story,2023-06-01,61.47,59.2,100.0,100.0,0.0,0.0,-3.69,-2.27,19.26,2026-02-12 16:03:48,True,Florida,
"The Chronicles of Vladimir Tod (Series, Title Not Specified)",2025-02-01,0.0,0.0,0.0,0.0,0.0,0.0,0.0,0.0,0.0,2026-02-12 16:04:15,True,Tennessee,
The Cat King of Havana,2023-08-01,0.0,0.0,0.0,0.0,0.0,0.0,0.0,0.0,0.0,2026-02-12 16:04:41,True,Florida,
The Chalice and the Blade,2023-08-01,0.0,0.0,0.0,0.0,0.0,0.0,0.0,0.0,0.0,2026-02-12 16:05:07,True,Florida,
The Changeling,2023-12-01,20.47,49.38,100.0,100.0,5.0,22.0,141.26,28.91,22.56,2026-02-12 16:05:34,True,Florida,
The Charm Offensive,2023-10-01,0.0,0.0,0.0,0.0,0.0,0.0,0.0,0.0,0.0,2026-02-12 16:06:00,True,Iowa,
The Captive Kingdom,2023-08-01,2.19,0.0,100.0,0.0,0.0,0.0,-100.0,-2.19,14.52,2026-02-12 16:06:27,True,Florida,
The Case of the Cryptic Crinoline,2023-08-01,0.0,0.0,0.0,0.0,0.0,0.0,0.0,0.0,0.0,2026-02-12 16:06:53,True,Florida,
The Case of the Missing Marquess,2023-08-01,0.0,0.0,0.0,0.0,0.0,0.0,0.0,0.0,0.0,2026-02-12 16:07:19,True,Florida,
The Cases that Haunt Us,2024-06-01,0.0,0.0,0.0,0.0,0.0,0.0,0.0,0.0,0.0,2026-02-12 16:07:45,True,Florida,
The Burning Maze (The Trials of Apollo Series),2022-02-01,0.0,0.0,0.0,0.0,0.0,0.0,0.0,0.0,0.0,2026-02-12 16:08:12,True,Tennessee,
The Camelot Betrayal,2022-10-01,1.11,0.0,100.0,0.0,0.0,0.0,-100.0,-1.11,10.48,2026-02-12 16:08:38,True,Texas,
The Canterbury Tales of Geoffrey Chaucer: A New Modern English Prose Translation,2025-06-01,1.11,0.0,100.0,0.0,0.0,0.0,-100.0,-1.11,10.48,2026-02-12 16:09:05,True,Texas,
The Constant Princess,2024-06-01,1.11,0.0,100.0,0.0,0.0,0.0,-100.0,-1.11,10.48,2026-02-12 16:09:31,True,Iowa,
The Contradictions,2024-08-01,17.98,37.04,100.0,100.0,0.0,0.0,106.06,19.07,32.47,2026-02-12 16:09:58,True,Texas,
The Count of Monte Cristo (SF),2024-08-01,0.0,0.0,0.0,0.0,0.0,0.0,0.0,0.0,0.0,2026-02-12 16:10:25,True,Texas,
The Country of Ice Cream Star,2022-10-01,0.0,0.0,0.0,0.0,0.0,0.0,0.0,0.0,0.0,2026-02-12 16:10:54,True,Texas,
The Complete Idiot's Guide to Drawing People Illustrated,2022-09-01,1.11,0.0,100.0,0.0,0.0,0.0,-100.0,-1.11,10.48,2026-02-12 16:11:23,True,Missouri,
The Complete Persepolis: Volumes 1 and 2,2024-10-01,1.11,1.11,100.0,100.0,0.0,0.0,0.0,0.0,10.48,2026-02-12 16:11:50,True,Tennessee,
The Complication,2023-08-01,62.41,58.81,100.0,100.0,35.0,0.0,-5.77,-3.6,17.04,2026-02-12 16:12:16,True,Florida,
The Conjurer's Riddle,2023-08-01,0.0,0.0,0.0,0.0,0.0,0.0,0.0,0.0,0.0,2026-02-12 16:12:43,True,Florida,
The Columbine School Shootings,2025-02-01,1.11,0.0,100.0,0.0,0.0,0.0,-100.0,-1.11,10.48,2026-02-12 16:13:09,True,Tennessee,
The Complete Book of Cats,2025-02-01,0.0,0.0,0.0,0.0,0.0,0.0,0.0,0.0,0.0,2026-02-12 16:13:36,True,Tennessee,
The Complete Book of Dreams and Dreaming,2024-06-01,0.0,0.0,0.0,0.0,0.0,0.0,0.0,0.0,0.0,2026-02-12 16:14:03,True,Florida,
The Complete Idiot's Guide to Drawing Manga: Illustrated,2022-09-01,0.0,0.0,0.0,0.0,0.0,0.0,0.0,0.0,0.0,2026-02-12 16:14:31,True,Missouri,
The City We Became: A Novel,2022-10-01,2.02,1.11,100.0,100.0,0.0,0.0,-45.05,-0.91,12.08,2026-02-12 16:14:58,True,Texas,
The Collected Plays,2024-06-01,0.0,1.11,0.0,100.0,0.0,0.0,inf,1.11,10.48,2026-02-12 16:15:24,True,Florida,
The Color of Heaven,2024-10-01,2.82,0.0,100.0,0.0,0.0,0.0,-100.0,-2.82,15.33,2026-02-12 16:15:51,True,Tennessee,
The Color of Water,2024-10-01,45.11,58.81,100.0,100.0,0.0,0.0,30.37,13.7,26.55,2026-02-12 16:16:18,True,Tennessee,
The Cresswell Plot,2024-06-01,0.0,0.0,0.0,0.0,0.0,0.0,0.0,0.0,0.0,2026-02-12 16:16:44,True,Florida,
The Crossing,2024-08-01,85.93,79.97,100.0,100.0,76.0,65.0,-6.94,-5.97,6.63,2026-02-12 16:17:12,True,Florida,
The Crown of Eden,2024-06-01,0.0,1.11,0.0,100.0,0.0,0.0,inf,1.11,10.48,2026-02-12 16:17:39,True,Florida,
The Cruel Prince,2023-08-01,67.57,65.28,100.0,100.0,41.0,36.0,-3.39,-2.29,12.77,2026-02-12 16:18:06,True,Florida,
"Blood Lad, Vol. 1",2025-05-01,1.11,0.0,100.0,0.0,0.0,0.0,-100.0,-1.11,10.48,2026-02-12 16:18:33,True,Tennessee,
Blood on the River: James Town 1607,2024-08-01,1.11,0.0,100.0,0.0,0.0,0.0,-100.0,-1.11,10.48,2026-02-12 16:19:00,True,Florida,
Bloodhound,2023-08-01,53.44,64.91,100.0,100.0,33.0,44.0,21.46,11.47,13.22,2026-02-12 16:19:31,True,Florida,
Bloodline: a novel,2025-02-01,0.0,0.0,0.0,0.0,0.0,0.0,0.0,0.0,0.0,2026-02-12 16:19:58,True,Florida,
"Bleach, Vol. 60",2024-10-01,0.0,1.11,0.0,100.0,0.0,0.0,inf,1.11,10.48,2026-02-12 16:20:27,True,Texas,
Blessings,2023-10-01,77.82,30.18,100.0,100.0,64.0,23.0,-61.22,-47.64,25.25,2026-02-12 16:20:55,True,Florida,
Blind Sighted,2023-10-01,0.0,2.09,0.0,100.0,0.0,0.0,inf,2.09,13.88,2026-02-12 16:21:24,True,Florida,
The Covenant of Water,2024-06-01,6.02,51.98,100.0,100.0,0.0,0.0,763.1,45.96,29.87,2026-02-12 16:21:53,True,Florida,
The Crazy Horse Electric Game,2023-10-01,0.0,0.0,0.0,0.0,0.0,0.0,0.0,0.0,0.0,2026-02-12 16:22:24,True,Florida,
The Creek,2025-02-01,82.99,88.4,100.0,100.0,61.0,77.0,6.52,5.41,6.55,2026-02-12 16:22:54,True,Tennessee,
"Bleach, Vol. 23",2024-10-01,0.0,0.0,0.0,0.0,0.0,0.0,0.0,0.0,0.0,2026-02-12 16:23:21,True,Texas,
The Dead Inside: A True Story,2025-03-01,1.11,0.0,100.0,0.0,0.0,0.0,-100.0,-1.11,10.48,2026-02-12 16:23:47,True,Texas,
The Dead of Night,2023-08-01,67.56,28.01,100.0,100.0,43.0,13.0,-58.54,-39.54,22.95,2026-02-12 16:24:14,True,Florida,
The Deadly Mantis,2023-03-01,0.0,0.0,0.0,0.0,0.0,0.0,0.0,0.0,0.0,2026-02-12 16:24:40,True,Florida,
The Death Penalty for Teens: A Pro/Con Issue,2025-02-01,0.0,0.0,0.0,0.0,0.0,0.0,0.0,0.0,0.0,2026-02-12 16:25:07,True,Tennessee,
The Darkest Legacy,2023-03-01,1.11,1.11,100.0,100.0,0.0,0.0,0.0,0.0,10.48,2026-02-12 16:25:33,True,Texas,
The Darkness Outside Us,2022-02-01,1.91,0.0,100.0,0.0,0.0,0.0,-100.0,-1.91,12.85,2026-02-12 16:25:59,True,Tennessee,
The Day of Ahmed's Secret,2022-01-01,0.0,0.0,0.0,0.0,0.0,0.0,0.0,0.0,0.0,2026-02-12 16:26:25,True,Florida,
The Da Vinci Code,2024-08-01,30.39,45.04,100.0,100.0,0.0,0.0,48.23,14.66,21.94,2026-02-12 16:26:52,True,Florida,
The Dangerous Gift,2023-10-01,1.11,1.11,100.0,100.0,0.0,0.0,0.0,0.0,10.48,2026-02-12 16:27:20,True,Kentucky,
The Dark Garden,2023-12-01,9.21,4.03,100.0,100.0,0.0,0.0,-56.21,-5.18,21.78,2026-02-12 16:27:48,True,Florida,
The Dark Prophecy,2024-06-01,0.0,0.0,0.0,0.0,0.0,0.0,0.0,0.0,0.0,2026-02-12 16:28:15,True,Iowa,
The Crush,2024-06-01,54.26,77.57,100.0,100.0,39.0,62.0,42.97,23.31,14.44,2026-02-12 16:28:46,True,Iowa,
The Cupcake Bible: More Than 150 Recipes for Fun and Delicious Cupcakes,2023-06-01,0.0,1.11,0.0,100.0,0.0,0.0,inf,1.11,10.48,2026-02-12 16:29:13,True,Florida,
The Curse of King Tut,2025-02-01,0.0,0.0,0.0,0.0,0.0,0.0,0.0,0.0,0.0,2026-02-12 16:29:39,True,Tennessee,
The Curse of the Mummy: Uncovering Tutankhamun's Tomb,2025-03-01,1.11,0.0,100.0,0.0,0.0,0.0,-100.0,-1.11,10.48,2026-02-12 16:30:06,True,Texas,
Blade Runner (do Androids Dream of Electric Sheep),2023-12-01,0.0,1.11,0.0,100.0,0.0,0.0,inf,1.11,10.48,2026-02-12 16:30:33,True,Florida,
Blaine for the Win,2024-06-01,0.0,0.0,0.0,0.0,0.0,0.0,0.0,0.0,0.0,2026-02-12 16:31:01,True,Iowa,
"Bleach (Series, Title Not Specified)",2024-06-01,0.0,1.11,0.0,100.0,0.0,0.0,inf,1.11,10.48,2026-02-12 16:31:28,True,Texas,
The Devil's Intern,2022-10-01,0.0,0.0,0.0,0.0,0.0,0.0,0.0,0.0,0.0,2026-02-12 16:31:58,True,Texas,
Black is a Rainbow Color,2022-10-01,0.0,0.0,0.0,0.0,0.0,0.0,0.0,0.0,0.0,2026-02-12 16:32:25,True,South Carolina,
Black-eyed Suzie,2024-08-01,1.11,0.0,100.0,0.0,0.0,0.0,-100.0,-1.11,10.48,2026-02-12 16:32:52,True,Texas,
Blackfish City,2024-06-01,0.0,1.11,0.0,100.0,0.0,0.0,inf,1.11,10.48,2026-02-12 16:33:19,True,Florida,
Blackwood Farm,2023-10-01,3.1,1.11,100.0,100.0,0.0,0.0,-64.16,-1.99,14.0,2026-02-12 16:33:46,True,Florida,
"Black Panther: A Nation Under Our Feet, Vol. 4",2023-08-01,0.0,0.0,0.0,0.0,0.0,0.0,0.0,0.0,0.0,2026-02-12 16:34:13,True,Florida,
"Black Reconstruction in America, 1860-1880",2024-06-01,0.0,0.0,0.0,0.0,0.0,0.0,0.0,0.0,0.0,2026-02-12 16:34:41,True,Florida,
"Black Software: The Internet & Racial Justice, from the Afronet to Black Lives Matter",2021-11-01,0.0,0.0,0.0,0.0,0.0,0.0,0.0,0.0,0.0,2026-02-12 16:35:07,True,Florida,
Black and Blue,2023-08-01,68.21,71.42,100.0,100.0,55.0,59.0,4.71,3.21,7.17,2026-02-12 16:35:34,True,Florida,
The Death of Vivek Oji,2024-11-01,0.0,0.0,0.0,0.0,0.0,0.0,0.0,0.0,0.0,2026-02-12 16:36:00,True,Texas,
The Decorative Arts of Africa,2023-08-01,0.0,1.11,0.0,100.0,0.0,0.0,inf,1.11,10.48,2026-02-12 16:36:27,True,Florida,
"Black Panther: A Nation Under Our Feet, Vol. 1",2023-08-01,1.11,0.0,100.0,0.0,0.0,0.0,-100.0,-1.11,10.48,2026-02-12 16:36:54,True,Florida,
"Black Panther: A Nation Under Our Feet, Vol. 3",2023-08-01,0.0,0.0,0.0,0.0,0.0,0.0,0.0,0.0,0.0,2026-02-12 16:37:20,True,Florida,
The Drawing of the Three - Bitter Medicine,2024-10-01,0.0,0.0,0.0,0.0,0.0,0.0,0.0,0.0,0.0,2026-02-12 16:37:47,True,Tennessee,
The Drawing of the Three - Lady of Shadows,2024-10-01,2.84,2.13,100.0,100.0,0.0,0.0,-25.0,-0.71,14.82,2026-02-12 16:38:14,True,Tennessee,
The Dream Thieves,2023-09-01,0.0,1.11,0.0,100.0,0.0,0.0,inf,1.11,10.48,2026-02-12 16:38:40,True,Florida,
The Dogs of Babel,2024-06-01,0.0,1.97,0.0,100.0,0.0,0.0,inf,1.97,13.16,2026-02-12 16:39:06,True,Florida,
The Double Life of Pocahontas,2022-01-01,0.0,0.0,0.0,0.0,0.0,0.0,0.0,0.0,0.0,2026-02-12 16:39:32,True,Florida,
"The Dozier School for Boys: Forensics, Survivors, and a Painful Past",2023-08-01,0.0,0.0,0.0,0.0,0.0,0.0,0.0,0.0,0.0,2026-02-12 16:39:59,True,Florida,
The Dragon Republic,2024-06-01,0.0,1.11,0.0,100.0,0.0,0.0,inf,1.11,10.48,2026-02-12 16:40:25,True,Iowa,
The Digestive and Urinary Systems,2025-03-01,1.11,2.98,100.0,100.0,0.0,0.0,168.0,1.87,13.63,2026-02-12 16:40:52,True,Texas,
The Dirt on Sex,2024-06-01,0.0,0.0,0.0,0.0,0.0,0.0,0.0,0.0,0.0,2026-02-12 16:41:19,True,Florida,
The Disturbed Girl's Dictionary,2023-06-01,0.0,0.0,0.0,0.0,0.0,0.0,0.0,0.0,0.0,2026-02-12 16:41:45,True,Florida,
The Dog Knight,2024-08-01,3.59,2.13,100.0,100.0,0.0,0.0,-40.56,-1.46,15.56,2026-02-12 16:42:12,True,Texas,
The Devouring Wolf,2024-08-01,0.0,1.11,0.0,100.0,0.0,0.0,inf,1.11,10.48,2026-02-12 16:42:38,True,Texas,
The Dharma Bums,2023-10-01,2.06,0.0,100.0,0.0,0.0,0.0,-100.0,-2.06,13.68,2026-02-12 16:43:05,True,Florida,
The Dictionary of Costume,2023-08-01,0.0,0.0,0.0,0.0,0.0,0.0,0.0,0.0,0.0,2026-02-12 16:43:31,True,Florida,
"The Digestive System (Title and author only, no further information)",2025-02-01,0.0,1.11,0.0,100.0,0.0,0.0,inf,1.11,10.48,2026-02-12 16:48:44,True,Tennessee,
The Encyclopedia of Serial Killers,2023-08-01,0.0,0.0,0.0,0.0,0.0,0.0,0.0,0.0,0.0,2026-02-12 16:49:10,True,Florida,
The End and Other Beginnings: Stories from the Future,2025-02-01,0.0,0.0,0.0,0.0,0.0,0.0,0.0,0.0,0.0,2026-02-12 16:49:37,True,Tennessee,
The End of Your Life Book Club,2023-11-01,1.11,0.0,100.0,0.0,0.0,0.0,-100.0,-1.11,10.48,2026-02-12 16:50:04,True,Wisconsin,
The Epic Fail of Arturo Zamora,2025-03-01,0.0,0.0,0.0,0.0,0.0,0.0,0.0,0.0,0.0,2026-02-12 16:50:31,True,Texas,
The Elegant Gathering of White Snows,2024-06-01,0.0,1.11,0.0,100.0,0.0,0.0,inf,1.11,10.48,2026-02-12 16:50:57,True,Florida,
The Elephant in the Room,2023-06-01,55.39,53.49,100.0,100.0,0.0,0.0,-3.43,-1.9,23.46,2026-02-12 16:51:23,True,Florida,
The Emerald Sea,2023-06-01,40.23,32.12,100.0,100.0,0.0,0.0,-20.16,-8.11,27.93,2026-02-12 16:51:49,True,Florida,
"The Encyclopedia of Mythology: Gods, Heroes, and Legends of the Greeks and Romans",2023-08-01,0.0,1.11,0.0,100.0,0.0,0.0,inf,1.11,10.48,2026-02-12 16:52:18,True,Florida,
The Edge,2022-10-01,85.49,82.48,100.0,100.0,78.0,61.0,-3.52,-3.01,5.8,2026-02-12 16:52:47,True,Texas,
The Edge of the Water (Whidbey Island Saga Series),2021-12-01,0.0,0.0,0.0,0.0,0.0,0.0,0.0,0.0,0.0,2026-02-12 16:53:16,True,Texas,
The Education of Margot Sanchez,2023-08-01,1.11,1.11,100.0,100.0,0.0,0.0,0.0,0.0,10.48,2026-02-12 16:53:46,True,Florida,
The Drinking Gourd: A Story of the Underground Railroad,2022-01-01,1.11,0.0,100.0,0.0,0.0,0.0,-100.0,-1.11,10.48,2026-02-12 16:59:09,True,Florida,
The Dying Breath,2025-06-01,0.0,0.0,0.0,0.0,0.0,0.0,0.0,0.0,0.0,2026-02-12 17:00:03,True,Florida,
The Early 20th Century,2025-03-01,38.37,52.46,100.0,100.0,0.0,0.0,36.72,14.09,27.51,2026-02-12 17:00:31,True,Texas,
"The Early Modern World, 1492 to 1783",2025-03-01,2.1,0.0,100.0,0.0,0.0,0.0,-100.0,-2.1,13.95,2026-02-12 17:05:14,True,Texas,
The Fall of Five,2023-08-01,18.33,30.74,100.0,100.0,0.0,0.0,67.7,12.41,30.98,2026-02-12 17:05:56,True,Florida,
The Fall of Whit Rivera,2025-03-01,0.0,0.0,0.0,0.0,0.0,0.0,0.0,0.0,0.0,2026-02-12 17:15:42,True,Texas,
The Falls,2024-06-01,67.16,73.8,100.0,100.0,55.0,66.0,9.89,6.64,6.31,2026-02-12 17:16:11,True,Iowa,
The Farming of Bones,2023-10-01,1.11,1.11,100.0,100.0,0.0,0.0,0.0,0.0,10.48,2026-02-12 17:16:38,True,Florida,
The Exact Opposite of Okay (Izzy O'Neill Series),2022-03-01,0.0,0.0,0.0,0.0,0.0,0.0,0.0,0.0,0.0,2026-02-12 17:17:05,True,Texas,
The Executioner's Daughter,2025-03-01,0.0,0.0,0.0,0.0,0.0,0.0,0.0,0.0,0.0,2026-02-12 17:17:32,True,Texas,
The Extraordinaries (The Extraordinaries Series),2022-02-01,1.11,0.0,100.0,0.0,0.0,0.0,-100.0,-1.11,10.48,2026-02-12 17:17:58,True,Tennessee,
The Faceless Ghost and Other Macabre Tales from Japan,2024-11-01,0.0,0.0,0.0,0.0,0.0,0.0,0.0,0.0,0.0,2026-02-12 17:18:25,True,Texas,
The Essential Michelangelo,2022-09-01,0.0,0.0,0.0,0.0,0.0,0.0,0.0,0.0,0.0,2026-02-12 17:18:52,True,Missouri,
The Essential Salvador Dali,2022-09-01,0.0,0.0,0.0,0.0,0.0,0.0,0.0,0.0,0.0,2026-02-12 17:19:20,True,Missouri,
The Eternal Flame,2022-10-01,4.18,3.98,100.0,100.0,0.0,0.0,-4.79,-0.2,18.98,2026-02-12 17:19:48,True,Texas,
The Event,2022-09-01,23.74,75.96,100.0,100.0,18.0,31.0,219.89,52.21,29.51,2026-02-12 17:20:16,True,Missouri,
The Epic Story of Every Living Thing,2023-08-01,0.0,1.11,0.0,100.0,0.0,0.0,inf,1.11,10.48,2026-02-12 17:20:43,True,Florida,
The Essential Claude Monet,2022-09-01,0.0,0.0,0.0,0.0,0.0,0.0,0.0,0.0,0.0,2026-02-12 17:21:09,True,Missouri,
The Essential Henri Matisse,2022-09-01,1.11,0.0,100.0,0.0,0.0,0.0,-100.0,-1.11,10.48,2026-02-12 17:21:36,True,Missouri,
The Essential Johannes Vermeer,2022-09-01,0.0,1.11,0.0,100.0,0.0,0.0,inf,1.11,10.48,2026-02-12 17:22:03,True,Missouri,
Black Knight,2023-03-01,70.54,21.88,100.0,100.0,51.0,13.0,-68.99,-48.67,27.48,2026-02-12 17:22:30,True,Texas,
Black Lives Matter (SEB),2024-08-01,0.0,1.11,0.0,100.0,0.0,0.0,inf,1.11,10.48,2026-02-12 17:22:57,True,Pennsylvania,
Black Magick: Awakening,2022-09-01,0.0,0.0,0.0,0.0,0.0,0.0,0.0,0.0,0.0,2026-02-12 17:23:24,True,Missouri,
The Feminism Book,2023-08-01,0.0,0.0,0.0,0.0,0.0,0.0,0.0,0.0,0.0,2026-02-12 17:23:50,True,Florida,
"Black Butler, Vol. 29",2022-09-01,0.0,0.0,0.0,0.0,0.0,0.0,0.0,0.0,0.0,2026-02-12 17:24:17,True,Missouri,
"Black Clover (Series, Title Not Specified)",2025-06-01,0.0,1.11,0.0,100.0,0.0,0.0,inf,1.11,10.48,2026-02-12 17:24:44,True,Texas,
Black Enough: Stories of Being Young and Black in America,2023-08-01,0.0,1.11,0.0,100.0,0.0,0.0,inf,1.11,10.48,2026-02-12 17:25:11,True,Florida,
Black Holes and Baby Universes and Other Essays,2022-10-01,0.0,0.0,0.0,0.0,0.0,0.0,0.0,0.0,0.0,2026-02-12 17:25:37,True,Texas,
"Black Bird, Vol. 3",2023-08-01,0.0,0.0,0.0,0.0,0.0,0.0,0.0,0.0,0.0,2026-02-12 17:26:04,True,Florida,
"Black Bird, Vol. 6",2023-08-01,0.0,0.0,0.0,0.0,0.0,0.0,0.0,0.0,0.0,2026-02-12 17:26:30,True,Florida,
"Black Bird, Vol. 8",2023-08-01,0.0,1.11,0.0,100.0,0.0,0.0,inf,1.11,10.48,2026-02-12 17:26:56,True,Florida,
Black Boy Joy: 17 Stories Celebrating Black Boyhood,2023-06-01,0.0,0.0,0.0,0.0,0.0,0.0,0.0,0.0,0.0,2026-02-12 17:27:23,True,Florida,
"The Fashion Committee: A Novel of Art, Crime, and Applied Design",2023-08-01,0.0,0.0,0.0,0.0,0.0,0.0,0.0,0.0,0.0,2026-02-12 17:27:50,True,Florida,
The Feeling of Falling in Love,2023-12-01,0.0,3.06,0.0,100.0,0.0,0.0,inf,3.06,16.54,2026-02-12 17:28:17,True,Florida,
"Black Bird, Vol. 16",2023-08-01,0.0,0.0,0.0,0.0,0.0,0.0,0.0,0.0,0.0,2026-02-12 17:28:44,True,Florida,
"Black Bird, Vol. 18",2023-08-01,0.0,1.11,0.0,100.0,0.0,0.0,inf,1.11,10.48,2026-02-12 17:29:10,True,Florida,
The Fortunes of Indigo Skye,2023-08-01,0.0,0.0,0.0,0.0,0.0,0.0,0.0,0.0,0.0,2026-02-12 17:29:37,True,Florida,
The Fourth Closet: Five Nights at Freddy’s,2023-06-01,1.11,1.11,100.0,100.0,0.0,0.0,0.0,0.0,10.48,2026-02-12 17:30:03,True,Florida,
The Friday Night Knitting Club,2023-11-01,0.0,1.11,0.0,100.0,0.0,0.0,inf,1.11,10.48,2026-02-12 17:30:30,True,Wisconsin,
The Fugitive,2022-10-01,30.93,40.77,100.0,100.0,14.0,19.0,31.79,9.83,16.35,2026-02-12 17:30:57,True,Texas,
The Food Chain (Play),2024-06-01,3.09,1.11,100.0,100.0,0.0,0.0,-64.03,-1.98,13.95,2026-02-12 17:31:24,True,Florida,
The Forbidden Wish,2025-03-01,0.0,0.0,0.0,0.0,0.0,0.0,0.0,0.0,0.0,2026-02-12 17:31:50,True,Texas,
The Forest of Hands and Teeth,2022-10-01,2.07,0.0,100.0,0.0,0.0,0.0,-100.0,-2.07,13.75,2026-02-12 17:32:17,True,Texas,
The Forever Watch,2023-08-01,6.64,3.02,100.0,100.0,0.0,0.0,-54.52,-3.62,19.21,2026-02-12 17:32:45,True,Florida,
The Fires of Merlin,2022-10-01,0.0,0.0,0.0,0.0,0.0,0.0,0.0,0.0,0.0,2026-02-12 17:33:11,True,Texas,
The First Americans: The Story of Where They Came From and Who They Became,2025-02-01,0.0,1.11,0.0,100.0,0.0,0.0,inf,1.11,10.48,2026-02-12 17:33:37,True,Tennessee,
The First Strawberries,2022-01-01,1.11,1.11,100.0,100.0,0.0,0.0,0.0,0.0,10.48,2026-02-12 17:34:04,True,Florida,
The Flag of Childhood: Poems From the Middle East,2022-01-01,0.0,0.0,0.0,0.0,0.0,0.0,0.0,0.0,0.0,2026-02-12 17:34:31,True,Florida,
The Fiery Cross,2023-08-01,2.04,2.18,100.0,100.0,0.0,0.0,6.52,0.13,14.04,2026-02-12 17:34:59,True,Florida,
The Fight,2024-08-01,18.33,18.7,100.0,100.0,12.0,12.0,2.0,0.37,10.43,2026-02-12 17:35:28,True,Texas,
The Figure in Clay: Contemporary Sculpting Techniques by Master Artists,2025-04-01,1.11,0.0,100.0,0.0,0.0,0.0,-100.0,-1.11,10.48,2026-02-12 17:35:55,True,Tennessee,
The Fire,2022-10-01,66.12,82.48,100.0,100.0,52.0,70.0,24.74,16.36,11.4,2026-02-12 17:36:23,True,Texas,
The Girl Who Drew Butterflies: How Maria Merian's Art Changed Science,2024-07-01,0.0,1.11,0.0,100.0,0.0,0.0,inf,1.11,10.48,2026-02-12 17:36:50,True,Florida,
The Girl at Midnight,2023-11-01,1.11,0.0,100.0,0.0,0.0,0.0,-100.0,-1.11,10.48,2026-02-12 17:37:17,True,Wisconsin,
The Girl of Fire and Thorns,2025-03-01,0.0,1.11,0.0,100.0,0.0,0.0,inf,1.11,10.48,2026-02-12 17:37:44,True,Texas,
The Gift of Forgiveness,2024-06-01,0.0,0.0,0.0,0.0,0.0,0.0,0.0,0.0,0.0,2026-02-12 17:38:11,True,Florida,
The Gilded Ones,2023-08-01,1.11,2.13,100.0,100.0,0.0,0.0,92.0,1.02,12.47,2026-02-12 17:38:37,True,Florida,
The Girl From Earth's End,2023-10-01,0.0,1.11,0.0,100.0,0.0,0.0,inf,1.11,10.48,2026-02-12 17:39:04,True,Kentucky,
The Girl Guide: 50 Ways to Love Your Changing Body,2024-05-01,0.0,1.11,0.0,100.0,0.0,0.0,inf,1.11,10.48,2026-02-12 17:39:31,True,Texas,
The Gay Rights Movement,2023-06-01,16.72,1.11,100.0,100.0,0.0,0.0,-93.36,-15.61,23.74,2026-02-12 17:39:58,True,Florida,
The Gentleman's Guide to Getting Lucky,2024-08-01,0.0,0.0,0.0,0.0,0.0,0.0,0.0,0.0,0.0,2026-02-12 17:40:25,True,Texas,
The Geography of Girlhood,2024-06-01,2.14,1.11,100.0,100.0,0.0,0.0,-48.19,-1.03,12.51,2026-02-12 17:40:52,True,Florida,
The Ghost Runner,2023-08-01,1.11,2.46,100.0,100.0,0.0,0.0,121.0,1.34,12.19,2026-02-12 17:41:21,True,Florida,
"The Full Spectrum: A New Generation of Writing About Gay, Lesbian, Bisexual, Transgender, Questioning, and Other Identities",2024-08-01,,,,,,,,,,2026-02-12 17:42:17,False,Texas,The request failed: Google returned a response with code 400
The Gadgets,2022-10-01,41.98,52.43,100.0,100.0,0.0,0.0,24.91,10.46,20.89,2026-02-12 17:42:44,True,Texas,
The Game of Love and Death,2024-06-01,1.11,0.0,100.0,0.0,0.0,0.0,-100.0,-1.11,10.48,2026-02-12 17:43:10,True,Texas,
The Gathering,2024-06-01,77.94,82.02,100.0,100.0,66.0,70.0,5.23,4.08,6.66,2026-02-12 17:43:38,True,Florida,
"Black Bird, Vol. 11",2023-08-01,0.0,0.0,0.0,0.0,0.0,0.0,0.0,0.0,0.0,2026-02-12 17:44:05,True,Florida,
"Black Bird, Vol. 13",2023-08-01,0.0,0.0,0.0,0.0,0.0,0.0,0.0,0.0,0.0,2026-02-12 17:44:31,True,Florida,
The Giver: Graphic Novel,2022-09-01,0.0,1.11,0.0,100.0,0.0,0.0,inf,1.11,10.48,2026-02-12 17:44:57,True,Missouri,
The Glass Menagerie,2023-11-01,30.14,30.74,100.0,100.0,0.0,0.0,1.99,0.6,33.08,2026-02-12 17:45:23,True,Wisconsin,
Birthright,2023-12-01,52.58,63.77,100.0,100.0,25.0,38.0,21.28,11.19,13.84,2026-02-12 17:45:50,True,Florida,
Bit of a Blur: the Autobiography,2023-12-01,1.11,0.0,100.0,0.0,0.0,0.0,-100.0,-1.11,10.48,2026-02-12 17:46:17,True,Florida,
Black Art: A Cultural History,2025-04-01,0.0,1.11,0.0,100.0,0.0,0.0,inf,1.11,10.48,2026-02-12 17:46:44,True,Tennessee,
"Black Bird, Vol. 10",2023-08-01,1.11,0.0,100.0,0.0,0.0,0.0,-100.0,-1.11,10.48,2026-02-12 17:47:10,True,Florida,
Billy Graham: World-Famous Evangelist,2023-08-01,0.0,0.0,0.0,0.0,0.0,0.0,0.0,0.0,0.0,2026-02-12 17:47:36,True,Florida,
"Bioethics: Sex, Genetics & Human Reproduction",2025-02-01,0.0,1.11,0.0,100.0,0.0,0.0,inf,1.11,10.48,2026-02-12 17:48:03,True,Tennessee,
Bird,2024-06-01,75.89,70.77,100.0,100.0,59.0,52.0,-6.75,-5.12,10.77,2026-02-12 17:48:30,True,Texas,
Birth Control,2021-12-01,86.43,72.16,100.0,100.0,60.0,45.0,-16.52,-14.28,11.46,2026-02-12 17:48:58,True,Texas,
The Girls,2024-06-01,68.98,82.01,100.0,100.0,59.0,73.0,18.89,13.03,9.14,2026-02-12 17:49:26,True,Florida,
Big Woods: The Hunting Stories,2023-08-01,0.0,0.0,0.0,0.0,0.0,0.0,0.0,0.0,0.0,2026-02-12 17:49:52,True,Florida,
Bill and Pete,2023-10-01,0.0,1.11,0.0,100.0,0.0,0.0,inf,1.11,10.48,2026-02-12 17:50:19,True,Florida,
"The Great Civilizations (Series, Title not Specified)",2025-02-01,0.0,1.96,0.0,100.0,0.0,0.0,inf,1.96,13.09,2026-02-12 17:50:46,True,Tennessee,
The Great Nijinsky: God of Dance,2023-10-01,1.11,0.0,100.0,0.0,0.0,0.0,-100.0,-1.11,10.48,2026-02-12 17:51:12,True,Kentucky,
The Greek News,2025-02-01,2.9,6.99,100.0,100.0,0.0,0.0,141.0,4.09,20.5,2026-02-12 17:51:39,True,Tennessee,
The Grownup,2023-08-01,0.0,2.07,0.0,100.0,0.0,0.0,inf,2.07,13.75,2026-02-12 17:52:05,True,Maine,
The Graduate,2023-12-01,72.06,70.32,100.0,100.0,36.0,30.0,-2.41,-1.73,14.91,2026-02-12 17:52:32,True,Florida,
The Grand Escape: The Greatest Prison Breakout of the 20th Century,2022-10-01,1.11,1.11,100.0,100.0,0.0,0.0,0.0,0.0,10.48,2026-02-12 17:53:00,True,Texas,
The Gravity of Us (The Gravity of Us Series),2022-02-01,0.0,0.0,0.0,0.0,0.0,0.0,0.0,0.0,0.0,2026-02-12 17:53:26,True,Tennessee,
The Great Big Book of Families,2024-07-01,1.11,0.0,100.0,0.0,0.0,0.0,-100.0,-1.11,10.48,2026-02-12 17:53:53,True,Maryland,
The Golden Lily,2024-01-01,1.11,1.58,100.0,100.0,0.0,0.0,42.0,0.47,10.62,2026-02-12 17:54:20,True,Florida,
The Good Earth (Graphic Adaptation),2022-08-01,0.0,0.0,0.0,0.0,0.0,0.0,0.0,0.0,0.0,2026-02-12 17:54:46,True,Missouri,
The Good Girls,2023-08-01,81.4,70.69,100.0,100.0,57.0,48.0,-13.16,-10.71,12.22,2026-02-12 17:55:13,True,Florida,
The Good Lord Bird,2024-06-01,4.22,0.0,100.0,0.0,0.0,0.0,-100.0,-4.22,17.75,2026-02-12 17:55:40,True,Florida,
The Glittering Court,2023-06-01,0.0,2.11,0.0,100.0,0.0,0.0,inf,2.11,14.02,2026-02-12 18:00:43,True,Florida,
The Goddess Legacy: An Original Goddess Test Collection,2023-08-01,0.0,1.83,0.0,100.0,0.0,0.0,inf,1.83,12.44,2026-02-12 18:01:09,True,Florida,
The Gods and Goddesses of Greek Mythology,2025-03-01,1.11,1.11,100.0,100.0,0.0,0.0,0.0,0.0,10.48,2026-02-12 18:02:38,True,Texas,
The Gold-Threaded Dress,2022-01-01,1.11,0.0,100.0,0.0,0.0,0.0,-100.0,-1.11,10.48,2026-02-12 18:03:29,True,Florida,
The Hidden Children of the Holocaust: Teens Who Hid from the Nazis,2025-02-01,1.11,0.0,100.0,0.0,0.0,0.0,-100.0,-1.11,10.48,2026-02-12 18:15:48,True,Tennessee,
The Hidden Oracle (The Trials of Apollo Series),2022-02-01,0.0,0.0,0.0,0.0,0.0,0.0,0.0,0.0,0.0,2026-02-12 18:16:20,True,Tennessee,
The Hike,2024-06-01,66.53,79.94,100.0,100.0,53.0,64.0,20.16,13.41,10.67,2026-02-12 18:16:47,True,Florida,
Bible Lands,2023-06-01,0.0,1.11,0.0,100.0,0.0,0.0,inf,1.11,10.48,2026-02-12 18:17:13,True,Florida,
"The Hazards of Love, Book One: Bright World",2024-08-01,0.0,1.11,0.0,100.0,0.0,0.0,inf,1.11,10.48,2026-02-12 18:17:40,True,Texas,
The Heart Forger,2023-08-01,1.11,0.0,100.0,0.0,0.0,0.0,-100.0,-1.11,10.48,2026-02-12 18:18:06,True,Florida,
The Heartstopper Yearbook,2024-08-01,0.0,1.11,0.0,100.0,0.0,0.0,inf,1.11,10.48,2026-02-12 18:18:33,True,Texas,
The Henna Wars,2022-02-01,0.0,2.06,0.0,100.0,0.0,0.0,inf,2.06,13.68,2026-02-12 18:19:00,True,Tennessee,
The Hammer of Thor (Magnus Chase and the Gods of Asgard Series),2022-02-01,0.0,0.0,0.0,0.0,0.0,0.0,0.0,0.0,0.0,2026-02-12 18:19:26,True,Tennessee,
The Handy Anatomy Answer Book,2025-04-01,0.0,0.0,0.0,0.0,0.0,0.0,0.0,0.0,0.0,2026-02-12 18:19:52,True,Tennessee,
"The Hardy Boys Graphic Novels: Undercover Brothers (Series, Title Not Specified)",2025-03-01,1.11,1.94,100.0,100.0,0.0,0.0,75.0,0.83,11.83,2026-02-12 18:20:19,True,Texas,
The Hawthorne Legacy,2023-08-01,2.02,5.23,100.0,100.0,0.0,0.0,158.79,3.21,18.09,2026-02-12 18:20:46,True,Florida,
The Gunslinger - The Battle of Tull,2024-10-01,0.0,0.0,0.0,0.0,0.0,0.0,0.0,0.0,0.0,2026-02-12 18:21:12,True,Tennessee,
The Gunslinger - The Man in Black,2024-10-01,0.0,1.11,0.0,100.0,0.0,0.0,inf,1.11,10.48,2026-02-12 18:21:38,True,Tennessee,
"The Guy Book: An Owner's Manual for Teens: Maintenance, Safety, and Operating Instructions",2025-02-01,1.11,0.0,100.0,0.0,0.0,0.0,-100.0,-1.11,10.48,2026-02-12 18:22:05,True,Tennessee,
Big Nate: Say Good-bye to Dork City,2023-08-01,0.0,1.11,0.0,100.0,0.0,0.0,inf,1.11,10.48,2026-02-12 18:22:31,True,Florida,
Big Nate: What Could Possibly Go Wrong,2023-08-01,0.0,0.0,0.0,0.0,0.0,0.0,0.0,0.0,0.0,2026-02-12 18:22:57,True,Florida,
The Hill,2022-09-01,31.78,88.22,100.0,100.0,28.0,69.0,177.62,56.44,29.13,2026-02-12 18:23:25,True,Missouri,
"The Hips on the Drag Queen Go Swish, Swish, Swish",2024-08-01,1.11,0.0,100.0,0.0,0.0,0.0,-100.0,-1.11,10.48,2026-02-12 18:23:51,True,Texas,
Big Nate's Greatest Hits,2023-08-01,0.0,0.0,0.0,0.0,0.0,0.0,0.0,0.0,0.0,2026-02-12 18:24:17,True,Florida,
Big Nate: Genius Mode,2023-08-01,1.11,0.0,100.0,0.0,0.0,0.0,-100.0,-1.11,10.48,2026-02-12 18:24:43,True,Florida,
Big Nate: I Can’t Take It,2023-08-01,1.11,1.11,100.0,100.0,0.0,0.0,0.0,0.0,10.48,2026-02-12 18:25:09,True,Florida,
Big Nate: Mr. Popularity,2023-08-01,0.0,0.0,0.0,0.0,0.0,0.0,0.0,0.0,0.0,2026-02-12 18:25:35,True,Florida,
Big Nate Goes for Broke,2023-08-01,0.0,0.0,0.0,0.0,0.0,0.0,0.0,0.0,0.0,2026-02-12 18:26:02,True,Florida,
Big Nate Lives it Up,2023-08-01,0.0,0.0,0.0,0.0,0.0,0.0,0.0,0.0,0.0,2026-02-12 18:26:28,True,Florida,
Big Nate Strikes Again,2023-08-01,0.0,0.0,0.0,0.0,0.0,0.0,0.0,0.0,0.0,2026-02-12 18:26:54,True,Florida,
Big Nate in the Zone,2023-08-01,0.0,0.0,0.0,0.0,0.0,0.0,0.0,0.0,0.0,2026-02-12 18:27:21,True,Florida,
Bible Stories for Children,2023-06-01,0.0,1.11,0.0,100.0,0.0,0.0,inf,1.11,10.48,2026-02-12 18:27:48,True,Florida,
Big Nate All Work and No Play: A Collection of Sundays,2023-08-01,1.11,0.0,100.0,0.0,0.0,0.0,-100.0,-1.11,10.48,2026-02-12 18:28:14,True,Florida,
Big Nate Flips Out,2023-08-01,0.0,0.0,0.0,0.0,0.0,0.0,0.0,0.0,0.0,2026-02-12 18:28:40,True,Florida,
The Human Body in Action,2022-10-01,2.86,7.47,100.0,100.0,0.0,0.0,161.48,4.61,18.35,2026-02-12 18:29:06,True,Missouri,
The Hundred-Dollar Robber: A Mystery with Money,2025-03-01,1.11,0.0,100.0,0.0,0.0,0.0,-100.0,-1.11,10.48,2026-02-12 18:29:32,True,Texas,
The Iliad (A Graphic Novel),2025-04-01,0.0,0.0,0.0,0.0,0.0,0.0,0.0,0.0,0.0,2026-02-12 18:29:58,True,Tennessee,
The Illustrated Guide to the Supernatural,2023-08-01,0.0,0.0,0.0,0.0,0.0,0.0,0.0,0.0,0.0,2026-02-12 18:30:24,True,Florida,
The House That Crack Built,2024-06-01,0.0,0.0,0.0,0.0,0.0,0.0,0.0,0.0,0.0,2026-02-12 18:30:51,True,Florida,
The House of Impossible Beauties,2024-08-01,0.0,0.0,0.0,0.0,0.0,0.0,0.0,0.0,0.0,2026-02-12 18:31:17,True,Texas,
The Human Body (BF),2025-02-01,1.11,0.0,100.0,0.0,0.0,0.0,-100.0,-1.11,10.48,2026-02-12 18:31:43,True,Tennessee,
"The Human Body Book: An Illustrated Guide to its Structure, Function, and Disorders",2025-02-01,2.22,0.0,100.0,0.0,0.0,0.0,-100.0,-2.22,14.74,2026-02-12 18:32:09,True,Tennessee,
The Holocaust (AR),2025-02-01,0.0,0.0,0.0,0.0,0.0,0.0,0.0,0.0,0.0,2026-02-12 18:32:35,True,Tennessee,
The Holocaust: A Primary Source History,2025-02-01,0.0,0.0,0.0,0.0,0.0,0.0,0.0,0.0,0.0,2026-02-12 18:33:02,True,Tennessee,
"The Holy Bible: Revised Standard Version Containing the Old and New Testaments, with the Apocrypha/Deuterocanonical Books",2023-06-01,,,,,,,,,,2026-02-12 18:33:58,False,Florida,The request failed: Google returned a response with code 400
The Hope Chest,2021-10-01,1.11,1.11,100.0,100.0,0.0,0.0,0.0,0.0,10.48,2026-02-12 18:34:25,True,Tennessee,
The History of Archaeology: Great Excavations of the World,2025-04-01,1.11,0.0,100.0,0.0,0.0,0.0,-100.0,-1.11,10.48,2026-02-12 18:34:52,True,Tennessee,
The History of Western Painting,2022-09-01,0.0,0.0,0.0,0.0,0.0,0.0,0.0,0.0,0.0,2026-02-12 18:35:18,True,Missouri,
The History of the Blues,2022-09-01,1.11,2.16,100.0,100.0,0.0,0.0,94.0,1.04,12.55,2026-02-12 18:35:44,True,Missouri,
The Hobbit,2022-10-01,36.31,57.52,100.0,100.0,17.0,42.0,58.41,21.21,17.37,2026-02-12 18:36:11,True,Texas,
"Beyond the Clouds: The Girl Who Fell from the Sky (Series, Title Not Specified)",2024-08-01,2.04,0.0,100.0,0.0,0.0,0.0,-100.0,-2.04,13.61,2026-02-12 18:36:38,True,Texas,
Bianca Torre is Afraid of Everything,2024-08-01,0.0,1.11,0.0,100.0,0.0,0.0,inf,1.11,10.48,2026-02-12 18:37:05,True,Texas,
The Inquisitor,2024-06-01,31.57,50.62,100.0,100.0,0.0,0.0,60.37,19.06,27.62,2026-02-12 18:37:31,True,Florida,
The Interestings,2023-12-01,0.0,2.33,0.0,100.0,0.0,0.0,inf,2.33,13.45,2026-02-12 18:37:57,True,Florida,
Beyond Clueless,2024-08-01,0.0,0.0,0.0,0.0,0.0,0.0,0.0,0.0,0.0,2026-02-12 18:38:23,True,Texas,
"Beyond Gender Binaries: The History of Trans, Intersex, and Third-Gender Individuals",2024-08-01,0.0,0.0,0.0,0.0,0.0,0.0,0.0,0.0,0.0,2026-02-12 18:38:50,True,Texas,
Beyond the Black Door,2024-10-01,0.0,1.98,0.0,100.0,0.0,0.0,inf,1.98,13.22,2026-02-12 18:39:16,True,Tennessee,
Better than the Movies,2023-09-01,67.76,55.8,100.0,100.0,0.0,0.0,-17.65,-11.96,18.4,2026-02-12 18:39:42,True,Florida,
Between Us and Abuela: A Family Story from the Border,2022-01-01,0.0,0.0,0.0,0.0,0.0,0.0,0.0,0.0,0.0,2026-02-12 18:40:09,True,Florida,
Betwixt,2024-06-01,7.24,8.08,100.0,100.0,0.0,0.0,11.5,0.83,21.2,2026-02-12 18:40:36,True,Florida,
Beware the Kitten Holy,2024-06-01,1.11,0.0,100.0,0.0,0.0,0.0,-100.0,-1.11,10.48,2026-02-12 18:43:58,True,Iowa,
The Incredible Magic of Being,2023-07-01,1.97,2.71,100.0,100.0,0.0,0.0,37.85,0.74,14.02,2026-02-12 18:46:12,True,Florida,
The Infernal Devices: The Complete Trilogy,2023-08-01,0.0,0.0,0.0,0.0,0.0,0.0,0.0,0.0,0.0,2026-02-12 19:08:32,True,Florida,
The Inheritance Of Loss,2024-06-01,0.0,1.11,0.0,100.0,0.0,0.0,inf,1.11,10.48,2026-02-12 19:23:30,True,Florida,
Better Than Running at Night,2024-08-01,0.0,0.0,0.0,0.0,0.0,0.0,0.0,0.0,0.0,2026-02-12 19:27:26,True,Texas,
The Kitchen House,2023-11-01,71.04,70.36,100.0,100.0,43.0,47.0,-0.97,-0.69,11.76,2026-02-12 19:27:53,True,Wisconsin,
The Ku Klux Klan: A Century of Infamy,2025-02-01,0.0,1.11,0.0,100.0,0.0,0.0,inf,1.11,10.48,2026-02-12 19:28:21,True,Tennessee,
The LGBT Rights Movement,2024-08-01,2.13,0.0,100.0,0.0,0.0,0.0,-100.0,-2.13,14.16,2026-02-12 19:28:47,True,Texas,
The Julian Game,2025-06-01,1.11,3.37,100.0,100.0,0.0,0.0,203.0,2.26,13.52,2026-02-12 19:29:13,True,Florida,
The Killer Angels: The Classic Novel of the Civil War,2023-11-01,0.0,0.0,0.0,0.0,0.0,0.0,0.0,0.0,0.0,2026-02-12 19:29:39,True,Wisconsin,
The Killing Sea,2025-02-01,3.04,4.6,100.0,100.0,0.0,0.0,51.09,1.56,17.87,2026-02-12 19:30:06,True,Tennessee,
The King of Torts,2023-08-01,0.0,0.0,0.0,0.0,0.0,0.0,0.0,0.0,0.0,2026-02-12 20:20:58,True,Florida,
The Island of Dr. Moreau,2025-04-01,0.0,1.11,0.0,100.0,0.0,0.0,inf,1.11,10.48,2026-02-12 21:31:04,True,Tennessee,
The Italian Renaissance,2025-04-01,50.4,35.28,100.0,100.0,0.0,0.0,-30.0,-15.12,30.89,2026-02-12 21:34:06,True,Tennessee,
The Jester,2023-08-01,62.98,16.08,100.0,100.0,33.0,6.0,-74.47,-46.9,28.08,2026-02-12 21:39:13,True,Florida,
"The Journal of James Edmond Pease: A Civil War Union Soldier, Virginia, 1863",2024-08-01,1.11,0.0,100.0,0.0,0.0,0.0,-100.0,-1.11,10.48,2026-02-12 21:39:40,True,Florida,
The International Children's Devotional Bible,2023-06-01,0.0,1.11,0.0,100.0,0.0,0.0,inf,1.11,10.48,2026-02-12 21:40:21,True,Florida,
The Invisible Boy,2023-09-01,3.91,7.84,100.0,100.0,0.0,0.0,100.57,3.93,20.2,2026-02-12 21:57:01,True,Florida,
The Invisible War: A Tale on Two Scales,2022-09-01,1.11,1.11,100.0,100.0,0.0,0.0,0.0,0.0,10.48,2026-02-12 21:57:28,True,Missouri,
The Iroquois,2025-02-01,37.9,46.31,100.0,100.0,0.0,0.0,22.19,8.41,27.0,2026-02-12 21:57:55,True,Tennessee,
The Last Time We Say Goodbye,2023-11-01,2.18,0.0,100.0,0.0,0.0,0.0,-100.0,-2.18,14.45,2026-02-12 21:58:21,True,Wisconsin,
The Last Words We Said,2023-08-01,2.07,2.08,100.0,100.0,0.0,0.0,0.54,0.01,13.78,2026-02-12 21:58:47,True,Florida,
The Leading Edge of Now,2024-06-01,0.0,2.18,0.0,100.0,0.0,0.0,inf,2.18,14.45,2026-02-12 21:59:13,True,Texas,
"The Legend of Drizzt, Vol. 2: Exile",2025-02-01,2.01,1.96,100.0,100.0,0.0,0.0,-2.76,-0.06,13.26,2026-02-12 22:15:08,True,Tennessee,
The Last Field Party,2024-10-01,1.11,0.0,100.0,0.0,0.0,0.0,-100.0,-1.11,10.48,2026-02-12 22:15:34,True,Tennessee,
The Last Juror,2023-08-01,0.0,1.11,0.0,100.0,0.0,0.0,inf,1.11,10.48,2026-02-12 22:16:00,True,Florida,
The Last Olympian,2025-02-01,1.79,4.89,100.0,100.0,0.0,0.0,173.29,3.1,16.8,2026-02-12 22:16:26,True,Tennessee,
The Last Summer of the Death Warriors,2023-08-01,1.11,0.0,100.0,0.0,0.0,0.0,-100.0,-1.11,10.48,2026-02-12 22:16:53,True,Florida,
The Last 8,2024-06-01,29.69,65.68,100.0,100.0,12.0,39.0,121.22,35.99,22.1,2026-02-12 22:17:20,True,Texas,
The Last Book on the Left: Stories of Murder and Mayhem From History's Most Notorious Serial Killers,2025-04-01,0.0,0.0,0.0,0.0,0.0,0.0,0.0,0.0,0.0,2026-02-12 22:17:47,True,Tennessee,
The Last Boy: Mickey Mantle and the End of America's Childhood,2023-08-01,0.0,0.0,0.0,0.0,0.0,0.0,0.0,0.0,0.0,2026-02-12 22:35:47,True,Florida,
The Last Cuentista,2024-04-01,1.11,3.4,100.0,100.0,0.0,0.0,206.0,2.29,13.59,2026-02-12 22:36:14,True,Florida,
The Lady in the Lake,2023-12-01,36.81,37.02,100.0,100.0,0.0,0.0,0.57,0.21,28.16,2026-02-12 22:36:40,True,Florida,
The Lady's Guide to Petticoats and Piracy (Montague Siblings Series),2022-02-01,1.11,1.11,100.0,100.0,0.0,0.0,0.0,0.0,10.48,2026-02-12 22:37:06,True,Tennessee,
The Land and People of South Africa,2023-08-01,1.11,1.74,100.0,100.0,0.0,0.0,57.0,0.63,11.27,2026-02-12 22:52:54,True,Florida,
The Language of Flowers: Symbols and Myths,2025-03-01,1.11,0.0,100.0,0.0,0.0,0.0,-100.0,-1.11,10.48,2026-02-12 22:53:21,True,Texas,
Best in Show,2024-06-01,32.59,66.29,100.0,100.0,19.0,41.0,103.41,33.7,20.92,2026-02-12 22:53:47,True,Florida,
The Less-Than-Hidden Secrets and Final Revelations of Lydia Goldblatt and Julie Graham-Chang,2023-09-01,0.0,0.0,0.0,0.0,0.0,0.0,0.0,0.0,0.0,2026-02-12 22:54:13,True,Florida,
The Liars of Mariposa Island,2025-03-01,0.0,0.0,0.0,0.0,0.0,0.0,0.0,0.0,0.0,2026-02-12 22:54:39,True,Texas,
The Librarian of Auschwitz: The Graphic Novel,2023-08-01,0.0,2.02,0.0,100.0,0.0,0.0,inf,2.02,13.48,2026-02-12 22:55:06,True,Florida,
Bent Heavens,2023-08-01,0.0,1.11,0.0,100.0,0.0,0.0,inf,1.11,10.48,2026-02-12 22:55:32,True,Florida,
Beowulf: A Graphic Novel (SG),2024-08-01,0.0,0.0,0.0,0.0,0.0,0.0,0.0,0.0,0.0,2026-02-12 22:55:58,True,Texas,
"Berserk (Series, Title Not Specified)",2024-09-01,0.0,1.11,0.0,100.0,0.0,0.0,inf,1.11,10.48,2026-02-12 22:56:24,True,Pennsylvania,
Best Friends for Never,2023-06-01,31.34,7.1,100.0,100.0,0.0,0.0,-77.35,-24.24,29.58,2026-02-12 22:56:50,True,Florida,
Bel Canto,2024-06-01,29.49,22.33,100.0,100.0,0.0,0.0,-24.27,-7.16,30.0,2026-02-12 22:57:16,True,Florida,
Ben Y and the Ghost in the Machine: The Kids Under the Stairs,2024-06-01,1.11,1.11,100.0,100.0,0.0,0.0,0.0,0.0,10.48,2026-02-12 22:57:42,True,Iowa,
"Bend, Don't Shatter: Poets on the Beginning of Desire",2021-12-01,0.0,1.11,0.0,100.0,0.0,0.0,inf,1.11,10.48,2026-02-12 22:58:08,True,Texas,
Benedict Arnold: American Hero and Traitor,2024-08-01,0.0,1.11,0.0,100.0,0.0,0.0,inf,1.11,10.48,2026-02-12 22:58:34,True,Texas,
"The Legend of Korra: Turf Wars, Part One",2022-02-01,0.0,1.99,0.0,100.0,0.0,0.0,inf,1.99,13.29,2026-02-12 22:59:01,True,Tennessee,
"The Legend of Korra: Turf Wars, Part Two",2022-02-01,0.0,0.0,0.0,0.0,0.0,0.0,0.0,0.0,0.0,2026-02-12 23:05:28,True,Tennessee,
Behind the Mask,2024-08-01,31.63,38.09,100.0,100.0,0.0,0.0,20.41,6.46,26.63,2026-02-12 23:05:54,True,Florida,
Being Transgender: What You Should Know,2022-02-01,0.0,0.0,0.0,0.0,0.0,0.0,0.0,0.0,0.0,2026-02-12 23:11:18,True,Tennessee,
Beethoven Was One-sixteenth Black: and Other Stories,2024-06-01,1.11,0.0,100.0,0.0,0.0,0.0,-100.0,-1.11,10.48,2026-02-12 23:11:45,True,Texas,
Before I Let Go,2023-06-01,63.3,48.2,100.0,100.0,34.0,0.0,-23.85,-15.1,16.9,2026-02-12 23:17:10,True,Florida,
Before We Were Free,2022-10-01,3.88,13.5,100.0,100.0,0.0,0.0,248.14,9.62,24.83,2026-02-12 23:34:22,True,Texas,
The Loose Ends List,2023-10-01,0.0,2.8,0.0,100.0,0.0,0.0,inf,2.8,15.23,2026-02-12 23:34:48,True,Iowa,
Beauty and the Besharam,2023-10-01,0.0,0.0,0.0,0.0,0.0,0.0,0.0,0.0,0.0,2026-02-12 23:35:14,True,Iowa,
Becoming Billie Holiday,2024-11-01,1.11,0.0,100.0,0.0,0.0,0.0,-100.0,-1.11,10.48,2026-02-12 23:35:40,True,Texas,
The Little Red Train: El trenecito rojo,2025-03-01,1.11,2.19,100.0,100.0,0.0,0.0,97.0,1.08,12.68,2026-02-12 23:36:06,True,Texas,
The Loch,2023-08-01,41.74,44.48,100.0,100.0,22.0,28.0,6.55,2.73,13.48,2026-02-12 23:36:34,True,Florida,
The Loners (LT),2024-10-01,1.11,1.11,100.0,100.0,0.0,0.0,0.0,0.0,10.48,2026-02-12 23:37:00,True,Tennessee,
The Long Road to Gettysburg,2025-02-01,2.0,0.0,100.0,0.0,0.0,0.0,-100.0,-2.0,13.35,2026-02-12 23:40:08,True,Tennessee,
The Life and (Medieval) Times of Kit Sweetly,2022-02-01,0.0,0.0,0.0,0.0,0.0,0.0,0.0,0.0,0.0,2026-02-12 23:40:34,True,Tennessee,
The Life of Rosa Parks (Famous Lives Series),2022-01-01,1.11,0.0,100.0,0.0,0.0,0.0,-100.0,-1.11,10.48,2026-02-12 23:56:34,True,Florida,
The Lincoln Lawyer,2024-06-01,48.64,41.22,100.0,100.0,16.0,22.0,-15.26,-7.42,14.18,2026-02-12 23:57:00,True,Florida,
The Lion Children's Bible: Stories from the Old and New Testaments,2023-06-01,0.0,0.0,0.0,0.0,0.0,0.0,0.0,0.0,0.0,2026-02-13 00:04:31,True,Florida,
The Magical Misfits: The Minor Third,2024-08-01,0.0,1.11,0.0,100.0,0.0,0.0,inf,1.11,10.48,2026-02-13 00:04:57,True,Florida,
The Magician’s Land,2023-10-01,1.11,0.0,100.0,0.0,0.0,0.0,-100.0,-1.11,10.48,2026-02-13 00:05:23,True,Florida,
The Man from St. Petersburg,2023-08-01,1.11,0.0,100.0,0.0,0.0,0.0,-100.0,-1.11,10.48,2026-02-13 00:05:49,True,Florida,
The Many Half-Lived Lives of Sam Sylvester,2024-08-01,2.03,0.0,100.0,0.0,0.0,0.0,-100.0,-2.03,13.55,2026-02-13 00:06:15,True,Texas,
The Luckiest MILF in Brooklyn,2023-10-01,0.0,0.0,0.0,0.0,0.0,0.0,0.0,0.0,0.0,2026-02-13 00:06:41,True,Iowa,
The Luxe,2023-08-01,75.62,68.27,100.0,100.0,39.0,47.0,-9.73,-7.36,11.93,2026-02-13 00:07:08,True,Florida,
The Lying Woods,2023-08-01,0.0,2.13,0.0,100.0,0.0,0.0,inf,2.13,14.16,2026-02-13 00:07:34,True,Florida,
The Magical Misfits,2024-08-01,0.0,0.0,0.0,0.0,0.0,0.0,0.0,0.0,0.0,2026-02-13 00:08:00,True,Florida,
The Lost Coast,2024-08-01,16.22,17.52,100.0,100.0,0.0,0.0,8.01,1.3,28.31,2026-02-13 00:08:26,True,Texas,
The Lost Hero,2024-06-01,34.02,14.78,100.0,100.0,0.0,0.0,-56.56,-19.24,25.54,2026-02-13 00:08:52,True,Iowa,
The Lost Years of Merlin,2022-10-01,0.0,1.11,0.0,100.0,0.0,0.0,inf,1.11,10.48,2026-02-13 00:09:18,True,Texas,
The Love that Split the World,2023-10-01,1.89,0.0,100.0,0.0,0.0,0.0,-100.0,-1.89,12.73,2026-02-13 00:09:44,True,Iowa,
Beginnings - The Gunslinger Born,2024-10-01,0.0,0.0,0.0,0.0,0.0,0.0,0.0,0.0,0.0,2026-02-13 00:10:10,True,Tennessee,
Beginnings - Treachery,2024-10-01,0.0,0.0,0.0,0.0,0.0,0.0,0.0,0.0,0.0,2026-02-13 00:10:36,True,Tennessee,
Behind the Gates,2023-12-01,2.13,2.21,100.0,100.0,0.0,0.0,3.65,0.08,14.42,2026-02-13 00:11:02,True,Florida,
The Lost Book of the White,2023-10-01,0.0,0.0,0.0,0.0,0.0,0.0,0.0,0.0,0.0,2026-02-13 00:11:28,True,Iowa,
Beasts of Burden: Animal Rites,2022-09-01,0.0,0.0,0.0,0.0,0.0,0.0,0.0,0.0,0.0,2026-02-13 00:11:54,True,Missouri,
Beating Heart Baby,2024-08-01,0.0,0.0,0.0,0.0,0.0,0.0,0.0,0.0,0.0,2026-02-13 00:12:20,True,Texas,
Beautiful Chaos,2023-10-01,0.0,0.0,0.0,0.0,0.0,0.0,0.0,0.0,0.0,2026-02-13 00:12:46,True,Florida,
Baton Twirling is for Me,2023-06-01,1.11,0.0,100.0,0.0,0.0,0.0,-100.0,-1.11,10.48,2026-02-13 00:13:12,True,Florida,
Be Dazzled,2022-02-01,1.11,0.0,100.0,0.0,0.0,0.0,-100.0,-1.11,10.48,2026-02-13 00:13:38,True,Tennessee,
Be Loved,2024-06-01,77.08,74.09,100.0,100.0,59.0,54.0,-3.88,-2.99,9.11,2026-02-13 00:14:04,True,Iowa,
Beach Music,2023-10-01,64.7,68.77,100.0,100.0,35.0,45.0,6.29,4.07,13.11,2026-02-13 00:14:31,True,Florida,
The Media: The Impact on Our Lives,2025-02-01,0.0,0.0,0.0,0.0,0.0,0.0,0.0,0.0,0.0,2026-02-13 00:14:57,True,Tennessee,
The Memory Book,2023-12-01,42.0,40.62,100.0,100.0,0.0,0.0,-3.28,-1.38,27.82,2026-02-13 00:15:23,True,Florida,
"Batcat, Vol. 1",2025-03-01,0.0,0.0,0.0,0.0,0.0,0.0,0.0,0.0,0.0,2026-02-13 00:15:49,True,Texas,
Batman: The Killing Joke,2022-10-01,14.36,10.86,100.0,100.0,0.0,0.0,-24.38,-3.5,26.49,2026-02-13 00:16:15,True,Missouri,
"The Mark of the Golden Dragon: Being an Account of the Further Adventures of Jacky Faber, Jewel of the Weast, Vexation of the West, and Pearl of the South China Sea",2025-02-01,,,,,,,,,,2026-02-13 00:17:11,False,Tennessee,The request failed: Google returned a response with code 400
The Martian,2023-11-01,71.26,38.09,100.0,100.0,55.0,26.0,-46.55,-33.17,19.8,2026-02-13 00:17:37,True,Wisconsin,
The Marvelous,2022-02-01,56.73,26.13,100.0,100.0,29.0,9.0,-53.94,-30.6,23.23,2026-02-13 00:18:03,True,Tennessee,
The Murder Room,2023-08-01,6.19,5.01,100.0,100.0,0.0,0.0,-19.03,-1.18,20.45,2026-02-13 00:18:29,True,Florida,
The Murder of King Tut: The Plot to Kill the Child King - A Nonfiction Thriller,2023-08-01,0.0,0.0,0.0,0.0,0.0,0.0,0.0,0.0,0.0,2026-02-13 00:18:55,True,Florida,
The Music of Summer,2023-08-01,23.67,11.03,100.0,100.0,0.0,0.0,-53.38,-12.63,25.33,2026-02-13 00:19:21,True,Florida,
The Mystery Knight,2024-06-01,0.0,1.11,0.0,100.0,0.0,0.0,inf,1.11,10.48,2026-02-13 00:19:47,True,Florida,
The Mists of Avalon,2024-06-01,1.11,2.13,100.0,100.0,0.0,0.0,92.0,1.02,12.47,2026-02-13 00:20:13,True,Florida,
The Moneylender's Daughter,2025-02-01,0.0,1.11,0.0,100.0,0.0,0.0,inf,1.11,10.48,2026-02-13 00:20:39,True,Tennessee,
The Moviegoer,2024-06-01,1.11,2.73,100.0,100.0,0.0,0.0,146.0,1.62,12.91,2026-02-13 00:21:04,True,Florida,
The Murder Complex,2025-03-01,0.0,1.11,0.0,100.0,0.0,0.0,inf,1.11,10.48,2026-02-13 00:21:30,True,Texas,
The Minotaur,2025-02-01,48.34,60.93,100.0,100.0,0.0,0.0,26.04,12.59,20.17,2026-02-13 00:21:56,True,Tennessee,
The Mirror Season,2024-08-01,7.29,5.87,100.0,100.0,0.0,0.0,-19.51,-1.42,22.82,2026-02-13 00:22:24,True,Texas,
The Misadventures of the Family Fletcher (Family Fletcher Series),2022-01-01,1.11,0.0,100.0,0.0,0.0,0.0,-100.0,-1.11,10.48,2026-02-13 00:22:49,True,Florida,
The Missing Girl,2023-08-01,26.04,11.6,100.0,100.0,11.0,0.0,-55.46,-14.44,15.13,2026-02-13 00:23:16,True,Georgia,
The Merchant Of Venice,2024-06-01,27.53,1.11,100.0,100.0,0.0,0.0,-95.96,-26.42,28.92,2026-02-13 00:23:42,True,Florida,
The Mermaid Chair,2024-06-01,1.11,0.0,100.0,0.0,0.0,0.0,-100.0,-1.11,10.48,2026-02-13 00:24:08,True,Iowa,
The Midnight Star,2023-08-01,2.7,2.08,100.0,100.0,0.0,0.0,-23.05,-0.62,14.3,2026-02-13 00:24:34,True,Florida,
The Mighty Miss Malone,2022-01-01,0.0,0.0,0.0,0.0,0.0,0.0,0.0,0.0,0.0,2026-02-13 00:25:00,True,Florida,
The Once and Future King,2023-10-01,6.78,1.11,100.0,100.0,0.0,0.0,-83.61,-5.67,17.42,2026-02-13 00:25:26,True,Florida,
The One Tree,2024-06-01,67.13,62.77,100.0,100.0,31.0,44.0,-6.5,-4.37,15.58,2026-02-13 00:25:52,True,Florida,
The One and Only Bob,2023-09-01,1.87,18.61,100.0,100.0,0.0,0.0,897.02,16.74,23.92,2026-02-13 00:26:18,True,Florida,
The Origami Artist's Bible,2023-06-01,0.0,0.0,0.0,0.0,0.0,0.0,0.0,0.0,0.0,2026-02-13 00:26:44,True,Florida,
The Nobleman's Guide to Scandal and Shipwrecks,2025-04-01,1.11,0.0,100.0,0.0,0.0,0.0,-100.0,-1.11,10.48,2026-02-13 00:27:10,True,Tennessee,
The Official a Game of Thrones Coloring Book: An Adult Coloring Book,2024-06-01,0.0,0.0,0.0,0.0,0.0,0.0,0.0,0.0,0.0,2026-02-13 00:27:36,True,Florida,
"The Ojja-Wojja: A Horror-Mystery, or Whatever",2024-08-01,0.0,0.0,0.0,0.0,0.0,0.0,0.0,0.0,0.0,2026-02-13 00:28:01,True,Texas,
The Ominous Eye,2024-06-01,0.0,0.0,0.0,0.0,0.0,0.0,0.0,0.0,0.0,2026-02-13 00:28:28,True,Texas,
The Nervous System,2025-02-01,50.33,67.01,100.0,100.0,7.0,29.0,33.13,16.68,24.75,2026-02-13 00:28:54,True,Tennessee,
The New American Bible,2023-02-01,5.38,9.49,100.0,100.0,0.0,0.0,76.45,4.11,22.17,2026-02-13 00:29:20,True,Pennsylvania,
The New Oxford Annotated Bible with Apocrypha: New Revised Standard Version,2023-02-01,0.0,0.0,0.0,0.0,0.0,0.0,0.0,0.0,0.0,2026-02-13 00:29:46,True,Pennsylvania,
The Night Is For Hunting,2023-08-01,1.64,1.11,100.0,100.0,0.0,0.0,-32.43,-0.53,11.05,2026-02-13 00:30:12,True,Florida,
The Name of the Wind,2023-11-01,63.07,56.57,100.0,100.0,28.0,25.0,-10.31,-6.5,15.32,2026-02-13 00:30:38,True,Wisconsin,
The Nanny Diaries,2023-08-01,16.82,6.56,100.0,100.0,0.0,0.0,-61.03,-10.27,21.9,2026-02-13 00:31:04,True,Florida,
The Natural,2024-06-01,71.76,55.19,100.0,100.0,36.0,40.0,-23.09,-16.57,19.2,2026-02-13 00:31:31,True,Florida,
The Need to Know Library: Everything You Need to Know About Date Rape,2023-08-01,1.11,0.0,100.0,0.0,0.0,0.0,-100.0,-1.11,10.48,2026-02-13 00:31:57,True,Florida,
The Other Side of Dawn,2023-08-01,0.0,0.0,0.0,0.0,0.0,0.0,0.0,0.0,0.0,2026-02-13 00:32:23,True,Florida,
The Outcast,2023-03-01,56.52,66.32,100.0,100.0,0.0,36.0,17.34,9.8,16.61,2026-02-13 00:32:49,True,Texas,
The Pain Eater,2024-10-01,0.0,0.0,0.0,0.0,0.0,0.0,0.0,0.0,0.0,2026-02-13 00:33:15,True,Tennessee,
Banished,2023-08-01,67.86,72.08,100.0,100.0,36.0,53.0,6.22,4.22,12.75,2026-02-13 00:33:41,True,Florida,
Baptism of Fire,2024-10-01,0.0,1.11,0.0,100.0,0.0,0.0,inf,1.11,10.48,2026-02-13 00:34:07,True,Tennessee,
Baroque and Rococo art,2023-08-01,0.0,1.11,0.0,100.0,0.0,0.0,inf,1.11,10.48,2026-02-13 00:34:33,True,Florida,
Bad Deal,2024-08-01,60.59,66.66,100.0,100.0,31.0,34.0,10.01,6.07,14.63,2026-02-13 00:34:59,True,Texas,
Bad Girls Never Say Die,2024-08-01,0.0,1.11,0.0,100.0,0.0,0.0,inf,1.11,10.48,2026-02-13 00:35:25,True,Texas,
Bad Things Happen Here,2024-08-01,0.0,0.0,0.0,0.0,0.0,0.0,0.0,0.0,0.0,2026-02-13 00:35:51,True,Texas,
"Bakuman (Series, Title Not Specified)",2024-06-01,0.0,0.0,0.0,0.0,0.0,0.0,0.0,0.0,0.0,2026-02-13 00:36:17,True,Texas,
The Orphan of Awkward Falls,2025-03-01,1.11,1.11,100.0,100.0,0.0,0.0,0.0,0.0,10.48,2026-02-13 00:36:42,True,Texas,
Babylonian Mythology,2022-09-01,1.11,0.0,100.0,0.0,0.0,0.0,-100.0,-1.11,10.48,2026-02-13 00:37:08,True,Missouri,
Back Roads,2024-06-01,70.91,53.01,100.0,100.0,0.0,0.0,-25.24,-17.9,22.12,2026-02-13 00:37:34,True,Florida,
Bad Blood,2023-01-01,79.5,75.94,100.0,100.0,58.0,61.0,-4.47,-3.56,7.15,2026-02-13 00:38:01,True,Texas,
The Pirate,2023-12-01,69.7,78.87,100.0,100.0,53.0,66.0,13.15,9.17,10.2,2026-02-13 00:38:27,True,Florida,
The Plotters,2023-08-01,1.11,0.0,100.0,0.0,0.0,0.0,-100.0,-1.11,10.48,2026-02-13 00:38:53,True,Florida,
The Poison Jungle,2023-10-01,0.0,2.03,0.0,100.0,0.0,0.0,inf,2.03,13.55,2026-02-13 00:39:19,True,Kentucky,
The Pool Was Empty,2023-12-01,0.0,2.2,0.0,100.0,0.0,0.0,inf,2.2,14.59,2026-02-13 00:39:45,True,Florida,
The Pequots,2025-02-01,0.0,0.0,0.0,0.0,0.0,0.0,0.0,0.0,0.0,2026-02-13 00:40:11,True,Tennessee,
The Perfectionists,2023-08-01,8.33,4.91,100.0,100.0,0.0,0.0,-41.07,-3.42,21.19,2026-02-13 00:40:37,True,Florida,
The Photograph as Contemporary Art,2025-04-01,0.0,0.0,0.0,0.0,0.0,0.0,0.0,0.0,0.0,2026-02-13 00:41:03,True,Tennessee,
The Pilgrims and the First Thanksgiving,2025-04-01,1.11,1.11,100.0,100.0,0.0,0.0,0.0,0.0,10.48,2026-02-13 00:41:29,True,Texas,
The Parthenon of Ancient Greece,2025-02-01,2.16,1.11,100.0,100.0,0.0,0.0,-48.45,-1.04,12.55,2026-02-13 00:41:55,True,Tennessee,
The Past Recaptured,2023-08-01,0.0,0.0,0.0,0.0,0.0,0.0,0.0,0.0,0.0,2026-02-13 00:42:21,True,Florida,
The Patron Saint of Liars,2024-06-01,0.0,0.0,0.0,0.0,0.0,0.0,0.0,0.0,0.0,2026-02-13 00:42:47,True,Florida,
The Pelican Brief,2023-08-01,5.36,5.29,100.0,100.0,0.0,0.0,-1.24,-0.07,15.73,2026-02-13 00:43:12,True,Florida,
The Painter from Shanghai,2024-06-01,0.0,1.11,0.0,100.0,0.0,0.0,inf,1.11,10.48,2026-02-13 00:43:38,True,Florida,
The Panorama of the Renaissance,2025-04-01,0.0,0.0,0.0,0.0,0.0,0.0,0.0,0.0,0.0,2026-02-13 00:44:04,True,Tennessee,
The Parable of the Lily,2023-06-01,0.0,0.0,0.0,0.0,0.0,0.0,0.0,0.0,0.0,2026-02-13 00:44:30,True,Florida,
The Paris Project,2024-06-01,1.11,1.11,100.0,100.0,0.0,0.0,0.0,0.0,10.48,2026-02-13 00:44:56,True,Iowa,
Babbitt,2023-08-01,33.52,49.63,100.0,100.0,11.0,23.0,48.06,16.11,15.71,2026-02-13 00:45:22,True,Florida,
Baby Girl,2024-08-01,83.46,79.5,100.0,100.0,73.0,69.0,-4.74,-3.96,7.19,2026-02-13 00:45:49,True,Texas,
"At Last, Jedi: A Christina Starspeeder Story",2024-04-01,0.0,1.11,0.0,100.0,0.0,0.0,inf,1.11,10.48,2026-02-13 00:46:15,True,Florida,
At the Mountain's Base,2022-01-01,1.11,0.0,100.0,0.0,0.0,0.0,-100.0,-1.11,10.48,2026-02-13 00:46:41,True,Florida,
Augustus Caesar,2023-08-01,39.87,47.77,100.0,100.0,0.0,0.0,19.82,7.9,23.44,2026-02-13 00:47:07,True,Florida,
Authority,2022-10-01,75.79,71.06,100.0,100.0,45.0,30.0,-6.25,-4.73,18.35,2026-02-13 00:47:34,True,Texas,
Autumn's Wish,2025-02-01,0.0,0.0,0.0,0.0,0.0,0.0,0.0,0.0,0.0,2026-02-13 00:48:00,True,Tennessee,
Awkward,2023-11-01,80.2,70.11,100.0,100.0,67.0,56.0,-12.58,-10.09,9.04,2026-02-13 00:48:26,True,Texas,
"Attack on Titan, Vol 2",2024-12-01,1.11,0.0,100.0,0.0,0.0,0.0,-100.0,-1.11,10.48,2026-02-13 00:48:52,True,Tennessee,
Attack on Titan: Colossal Edition.,2024-08-01,0.0,0.0,0.0,0.0,0.0,0.0,0.0,0.0,0.0,2026-02-13 00:49:18,True,Texas,
Attila the Hun: Leader of the Barbarian Hordes,2024-08-01,0.0,1.11,0.0,100.0,0.0,0.0,inf,1.11,10.48,2026-02-13 00:49:43,True,Florida,
The Portable Chaucer,2023-02-01,0.0,0.0,0.0,0.0,0.0,0.0,0.0,0.0,0.0,2026-02-13 00:50:09,True,Pennsylvania,
The Power of Six,2023-08-01,23.39,38.09,100.0,100.0,0.0,0.0,62.85,14.7,31.45,2026-02-13 00:50:35,True,Florida,
The Primal Blueprint,2023-12-01,1.11,0.0,100.0,0.0,0.0,0.0,-100.0,-1.11,10.48,2026-02-13 00:51:01,True,Florida,
The Prince of Egypt,2023-06-01,29.2,61.11,100.0,100.0,13.0,34.0,109.28,31.91,22.05,2026-02-13 00:51:27,True,Florida,
The Random House Book of Bible Stories,2023-06-01,0.0,0.0,0.0,0.0,0.0,0.0,0.0,0.0,0.0,2026-02-13 00:51:54,True,Florida,
The RattleRat,2024-06-01,0.0,1.11,0.0,100.0,0.0,0.0,inf,1.11,10.48,2026-02-13 00:52:20,True,Florida,
The Real Deal,2023-12-01,53.42,62.63,100.0,100.0,19.0,26.0,17.24,9.21,17.67,2026-02-13 00:52:46,True,Florida,
The Recognition of Sakuntala: A Play In Seven Acts,2024-06-01,0.0,0.0,0.0,0.0,0.0,0.0,0.0,0.0,0.0,2026-02-13 00:53:12,True,Florida,
The Questions Within,2024-08-01,53.06,53.72,100.0,100.0,0.0,0.0,1.26,0.67,25.89,2026-02-13 00:53:38,True,Texas,
The Quiet American,2024-06-01,14.64,11.54,100.0,100.0,0.0,0.0,-21.17,-3.1,29.21,2026-02-13 00:54:04,True,Florida,
The Quilter's Block Bible,2023-06-01,1.11,0.0,100.0,0.0,0.0,0.0,-100.0,-1.11,10.48,2026-02-13 00:54:30,True,Florida,
The Pull of the Stars,2022-02-01,2.22,4.81,100.0,100.0,0.0,0.0,116.5,2.59,16.84,2026-02-13 00:54:56,True,Tennessee,
The Queen's Fool,2024-06-01,0.0,0.0,0.0,0.0,0.0,0.0,0.0,0.0,0.0,2026-02-13 00:55:22,True,Iowa,
The Queer Bible,2024-11-01,0.0,0.0,0.0,0.0,0.0,0.0,0.0,0.0,0.0,2026-02-13 00:55:48,True,Wisconsin,
The Quest Begins,2025-04-01,1.11,1.11,100.0,100.0,0.0,0.0,0.0,0.0,10.48,2026-02-13 00:56:14,True,Texas,
Athena (BAH),2025-04-01,0.0,0.0,0.0,0.0,0.0,0.0,0.0,0.0,0.0,2026-02-13 00:56:40,True,Tennessee,
The Prince of Tides,2023-10-01,1.11,2.71,100.0,100.0,0.0,0.0,144.0,1.6,12.85,2026-02-13 00:57:06,True,Florida,
The Princess and the Grilled Cheese Sandwich,2024-08-01,0.0,1.11,0.0,100.0,0.0,0.0,inf,1.11,10.48,2026-02-13 00:57:32,True,Texas,
"The Professor and the Madman: A Tale of Murder, Insanity, and the Making of the Oxford English Dictionary",2024-06-01,,,,,,,,,,2026-02-13 00:58:27,False,Florida,The request failed: Google returned a response with code 400
The Ruby Code,2024-08-01,0.0,1.11,0.0,100.0,0.0,0.0,inf,1.11,10.48,2026-02-13 00:58:53,True,Florida,
The Rule of Four,2023-08-01,27.61,44.46,100.0,100.0,0.0,0.0,61.01,16.84,32.42,2026-02-13 00:59:19,True,Florida,
The Rules,2023-07-01,78.07,69.06,100.0,100.0,57.0,50.0,-11.54,-9.01,14.25,2026-02-13 00:59:46,True,Florida,
The Runaway Jury,2024-05-01,1.11,0.0,100.0,0.0,0.0,0.0,-100.0,-1.11,10.48,2026-02-13 01:00:12,True,Florida,
The Rocky Road Trip of Lydia Goldblatt and Julie Graham-Chang,2023-09-01,1.11,0.0,100.0,0.0,0.0,0.0,-100.0,-1.11,10.48,2026-02-13 01:00:38,True,Florida,
The Rookie Bookie,2023-10-01,1.11,0.0,100.0,0.0,0.0,0.0,-100.0,-1.11,10.48,2026-02-13 01:01:04,True,Florida,
The Rose and The Beast: Fairy Tales Retold,2023-10-01,0.0,1.11,0.0,100.0,0.0,0.0,inf,1.11,10.48,2026-02-13 01:01:30,True,Florida,
The Rough-Face Girl,2022-01-01,0.0,1.11,0.0,100.0,0.0,0.0,inf,1.11,10.48,2026-02-13 01:01:56,True,Florida,
The Right Fight,2025-02-01,5.68,61.33,100.0,100.0,0.0,23.0,980.23,55.66,31.74,2026-02-13 01:02:22,True,Tennessee,
The Rise of Nine,2023-08-01,0.0,0.0,0.0,0.0,0.0,0.0,0.0,0.0,0.0,2026-02-13 01:02:48,True,Florida,
The River,2022-10-01,73.36,72.31,100.0,100.0,57.0,48.0,-1.42,-1.04,9.89,2026-02-13 01:03:16,True,Texas,
The Road to Bethlehem: An Ethiopian Nativity,2023-06-01,0.0,0.0,0.0,0.0,0.0,0.0,0.0,0.0,0.0,2026-02-13 01:03:42,True,Florida,
The Reivers,2023-08-01,0.0,0.0,0.0,0.0,0.0,0.0,0.0,0.0,0.0,2026-02-13 01:04:07,True,Florida,
The Rest of Us Just Live Here,2023-11-01,0.0,0.0,0.0,0.0,0.0,0.0,0.0,0.0,0.0,2026-02-13 01:04:34,True,Wisconsin,
The Return of the King,2022-10-01,50.79,43.36,100.0,100.0,24.0,27.0,-14.64,-7.43,15.99,2026-02-13 01:05:00,True,Texas,
The Revenge of Seven,2023-08-01,2.1,2.14,100.0,100.0,0.0,0.0,2.12,0.04,14.09,2026-02-13 01:05:26,True,Florida,
Asking For It,2025-06-01,70.53,63.81,100.0,100.0,40.0,36.0,-9.53,-6.72,14.89,2026-02-13 01:05:52,True,Florida,
"The Sandman, Vol. 1: Preludes and Nocturnes",2023-08-01,0.0,0.0,0.0,0.0,0.0,0.0,0.0,0.0,0.0,2026-02-13 01:06:18,True,Florida,
"The Sandman, Vol. 3: Dream Country",2023-08-01,0.0,0.0,0.0,0.0,0.0,0.0,0.0,0.0,0.0,2026-02-13 01:06:44,True,Florida,
"The Sandman, Vol. 5: A Game of You",2023-08-01,0.0,0.0,0.0,0.0,0.0,0.0,0.0,0.0,0.0,2026-02-13 01:07:10,True,Florida,
As Old as Time: A Twisted Tail,2023-09-01,0.0,1.11,0.0,100.0,0.0,0.0,inf,1.11,10.48,2026-02-13 01:07:36,True,Florida,
Ash Princess,2023-08-01,2.66,2.18,100.0,100.0,0.0,0.0,-17.99,-0.48,14.5,2026-02-13 01:08:02,True,Florida,
Ashes in the Snow,2023-08-01,1.11,1.11,100.0,100.0,0.0,0.0,0.0,0.0,10.48,2026-02-13 01:08:28,True,Florida,
Art: Annotated Guides,2022-09-01,0.0,0.0,0.0,0.0,0.0,0.0,0.0,0.0,0.0,2026-02-13 01:08:54,True,Missouri,
"Art: Over 2,500 Works from Cave to Contemporary",2024-08-01,2.11,0.0,100.0,0.0,0.0,0.0,-100.0,-2.11,14.02,2026-02-13 01:09:20,True,Texas,
Arthur's Birthday,2023-07-01,1.11,1.11,100.0,100.0,0.0,0.0,0.0,0.0,10.48,2026-02-13 01:09:46,True,Florida,
As Dead As It Gets,2023-08-01,1.11,0.0,100.0,0.0,0.0,0.0,-100.0,-1.11,10.48,2026-02-13 01:10:12,True,Florida,
The Running Dream,2024-08-01,5.34,9.6,100.0,100.0,0.0,0.0,79.63,4.26,23.4,2026-02-13 01:10:38,True,Florida,
The Saints,2024-10-01,18.99,30.12,100.0,100.0,10.0,17.0,58.63,11.13,16.67,2026-02-13 01:11:04,True,Tennessee,
The Sampan War,2024-06-01,0.0,0.0,0.0,0.0,0.0,0.0,0.0,0.0,0.0,2026-02-13 01:11:30,True,Florida,
Art: An A-Z Guide,2025-04-01,0.0,1.11,0.0,100.0,0.0,0.0,inf,1.11,10.48,2026-02-13 01:11:56,True,Tennessee,
The Selection Stories: The Prince and The Guard,2023-12-01,0.0,0.0,0.0,0.0,0.0,0.0,0.0,0.0,0.0,2026-02-13 01:12:22,True,Florida,
The Serpent's Secret,2025-04-01,1.11,0.0,100.0,0.0,0.0,0.0,-100.0,-1.11,10.48,2026-02-13 01:12:48,True,Texas,
The Seven Days of Creation,2023-06-01,0.0,1.11,0.0,100.0,0.0,0.0,inf,1.11,10.48,2026-02-13 01:13:14,True,Florida,
The Seven Songs of Merlin,2022-10-01,0.0,0.0,0.0,0.0,0.0,0.0,0.0,0.0,0.0,2026-02-13 01:13:40,True,Texas,
The Secret Life of Prince Charming,2023-08-01,1.11,0.0,100.0,0.0,0.0,0.0,-100.0,-1.11,10.48,2026-02-13 01:14:06,True,Florida,
The Secret Story of Sonia Rodriguez,2023-08-01,0.0,0.0,0.0,0.0,0.0,0.0,0.0,0.0,0.0,2026-02-13 01:14:32,True,Florida,
The Secrets We Keep (CG),2024-08-01,0.0,0.0,0.0,0.0,0.0,0.0,0.0,0.0,0.0,2026-02-13 01:14:58,True,Virginia,
The Scorpion Rules,2023-08-01,0.0,0.0,0.0,0.0,0.0,0.0,0.0,0.0,0.0,2026-02-13 01:15:24,True,Florida,
The Season of Styx Malone,2023-06-01,0.0,0.0,0.0,0.0,0.0,0.0,0.0,0.0,0.0,2026-02-13 01:15:49,True,Florida,
The Secret Box,2025-04-01,22.6,20.73,100.0,100.0,0.0,0.0,-8.26,-1.87,31.33,2026-02-13 01:16:16,True,Texas,
The Secret Garden on 81st Street: A Modern Graphic Retelling of The Secret Garden,2023-07-01,0.0,0.0,0.0,0.0,0.0,0.0,0.0,0.0,0.0,2026-02-13 01:16:42,True,Florida,
"The Sandman, Vol. 6: Fables and Reflections",2023-08-01,1.11,0.0,100.0,0.0,0.0,0.0,-100.0,-1.11,10.48,2026-02-13 01:17:08,True,Florida,
"The Sandman, Vol. 8: World's End",2023-08-01,0.0,0.0,0.0,0.0,0.0,0.0,0.0,0.0,0.0,2026-02-13 01:17:33,True,Florida,
The Scandal,2022-10-01,71.34,45.87,100.0,100.0,54.0,23.0,-35.71,-25.48,18.58,2026-02-13 01:18:00,True,Texas,
The School for Good and Evil,2024-03-01,48.6,36.0,100.0,100.0,0.0,0.0,-25.93,-12.6,24.05,2026-02-13 01:18:26,True,Florida,
The Sleeping Prince,2023-03-01,1.11,0.0,100.0,0.0,0.0,0.0,-100.0,-1.11,10.48,2026-02-13 01:18:52,True,Texas,
The Snow Child,2023-11-01,2.12,15.62,100.0,100.0,0.0,0.0,636.13,13.5,24.35,2026-02-13 01:19:18,True,Wisconsin,
The Snowflake: Winter's Secret Beauty,2024-06-01,1.11,0.0,100.0,0.0,0.0,0.0,-100.0,-1.11,10.48,2026-02-13 01:19:44,True,Texas,
The Sissy Duckling,2022-06-01,0.0,0.0,0.0,0.0,0.0,0.0,0.0,0.0,0.0,2026-02-13 01:20:10,True,Florida,
The Skeletal and Muscular systems,2025-02-01,10.99,28.6,100.0,100.0,0.0,0.0,160.26,17.61,31.72,2026-02-13 01:20:36,True,Tennessee,
The Slap,2023-08-01,71.2,54.6,100.0,100.0,49.0,34.0,-23.31,-16.6,14.98,2026-02-13 01:21:02,True,Maine,
The Sledding Hill,2023-08-01,0.0,0.0,0.0,0.0,0.0,0.0,0.0,0.0,0.0,2026-02-13 01:21:28,True,Florida,
The Sigh of Haruhi Suzumiya,2022-10-01,0.0,1.11,0.0,100.0,0.0,0.0,inf,1.11,10.48,2026-02-13 01:21:54,True,Texas,
The Silence and the Roar,2024-06-01,0.0,0.0,0.0,0.0,0.0,0.0,0.0,0.0,0.0,2026-02-13 01:22:20,True,Florida,
The Silent Wife,2024-06-01,0.0,2.17,0.0,100.0,0.0,0.0,inf,2.17,14.38,2026-02-13 01:22:46,True,Florida,
The Siren,2023-08-01,62.38,30.93,100.0,100.0,40.0,20.0,-50.41,-31.44,18.67,2026-02-13 01:23:13,True,Florida,
The Shack,2023-10-01,67.07,67.51,100.0,100.0,44.0,50.0,0.66,0.44,12.05,2026-02-13 01:23:39,True,Florida,
The ShadowGlass,2023-08-01,0.0,0.0,0.0,0.0,0.0,0.0,0.0,0.0,0.0,2026-02-13 01:24:05,True,Florida,
The Shark King,2022-01-01,3.93,14.68,100.0,100.0,0.0,0.0,273.16,10.74,22.63,2026-02-13 01:24:31,True,Florida,
The Ship of the Dead,2024-06-01,5.29,1.11,100.0,100.0,0.0,0.0,-78.99,-4.18,16.07,2026-02-13 01:24:57,True,Iowa,
Art of the Story,2024-08-01,31.58,43.96,100.0,100.0,0.0,0.0,39.2,12.38,26.91,2026-02-13 01:25:23,True,Virginia,
The Spectacular Now,2023-12-01,11.48,9.63,100.0,100.0,0.0,0.0,-16.07,-1.84,25.88,2026-02-13 01:25:49,True,Florida,
The Sphinx,2025-02-01,61.77,39.9,100.0,100.0,0.0,23.0,-35.4,-21.87,16.72,2026-02-13 01:26:15,True,Tennessee,
"The Splendid and the Vile: A Saga of Churchill, Family, and Defiance During the Blitz",2024-06-01,0.0,0.0,0.0,0.0,0.0,0.0,0.0,0.0,0.0,2026-02-13 01:26:41,True,Florida,
Art Deco: 1910-1939,2024-08-01,2.06,1.11,100.0,100.0,0.0,0.0,-45.95,-0.94,12.2,2026-02-13 01:27:08,True,Texas,
Art That Changed the World,2022-09-01,1.11,0.0,100.0,0.0,0.0,0.0,-100.0,-1.11,10.48,2026-02-13 01:27:34,True,Missouri,
Art and Architecture in Mexico,2025-04-01,0.0,1.11,0.0,100.0,0.0,0.0,inf,1.11,10.48,2026-02-13 01:28:01,True,Tennessee,
Art and Culture of the Renaissance World,2025-02-01,1.87,2.12,100.0,100.0,0.0,0.0,13.69,0.26,13.37,2026-02-13 01:28:27,True,Tennessee,
Are There Rainbows on the Moon: Over 200 Weird and Wonderful Science Questions Answered,2024-08-01,0.0,0.0,0.0,0.0,0.0,0.0,0.0,0.0,0.0,2026-02-13 01:28:53,True,Texas,
Aristotle and Dante Dive into the Waters of the World (Aristotle and Dante Series),2022-02-01,0.0,0.0,0.0,0.0,0.0,0.0,0.0,0.0,0.0,2026-02-13 01:29:19,True,Tennessee,
Arrow to the Moon,2024-10-01,1.11,0.0,100.0,0.0,0.0,0.0,-100.0,-1.11,10.48,2026-02-13 01:29:45,True,Tennessee,
The Sound and the Fury,2023-08-01,8.27,9.81,100.0,100.0,0.0,0.0,18.68,1.54,25.1,2026-02-13 01:30:10,True,Florida,
The Sound of Silence,2022-01-01,60.23,46.97,100.0,100.0,0.0,27.0,-22.03,-13.27,15.37,2026-02-13 01:30:36,True,Florida,
The Space Race of 1869,2025-04-01,0.0,0.0,0.0,0.0,0.0,0.0,0.0,0.0,0.0,2026-02-13 01:31:03,True,Texas,
The Spanish-American War,2025-02-01,34.42,46.42,100.0,100.0,0.0,0.0,34.86,12.0,33.27,2026-02-13 01:31:28,True,Tennessee,
The Story of Jonah (AJD),2023-06-01,1.11,0.0,100.0,0.0,0.0,0.0,-100.0,-1.11,10.48,2026-02-13 01:31:55,True,Florida,
The Story of Noah,2023-06-01,6.91,3.34,100.0,100.0,0.0,0.0,-51.61,-3.57,19.51,2026-02-13 01:32:21,True,Florida,
The Story of Werewolves,2023-03-01,0.0,2.13,0.0,100.0,0.0,0.0,inf,2.13,14.16,2026-02-13 01:32:47,True,Florida,
The Story of Christmas (PF),2023-06-01,0.0,0.0,0.0,0.0,0.0,0.0,0.0,0.0,0.0,2026-02-13 01:33:13,True,Florida,
The Story of Christmas: Words from the Gospels of Matthew and Luke,2023-06-01,0.0,1.11,0.0,100.0,0.0,0.0,inf,1.11,10.48,2026-02-13 01:33:39,True,Florida,
The Story of Daniel and the Lions,2023-06-01,1.11,0.0,100.0,0.0,0.0,0.0,-100.0,-1.11,10.48,2026-02-13 01:34:04,True,Florida,
The Story of Jesus and His Disciples,2023-06-01,0.0,0.0,0.0,0.0,0.0,0.0,0.0,0.0,0.0,2026-02-13 01:34:30,True,Florida,
The Stone Diaries,2024-06-01,1.11,0.0,100.0,0.0,0.0,0.0,-100.0,-1.11,10.48,2026-02-13 01:34:56,True,Florida,
The Stonewall Riots: The Fight for LGBT Rights,2024-08-01,1.11,0.0,100.0,0.0,0.0,0.0,-100.0,-1.11,10.48,2026-02-13 01:35:23,True,Pennsylvania,
The Storm in the Barn,2024-06-01,0.0,0.0,0.0,0.0,0.0,0.0,0.0,0.0,0.0,2026-02-13 01:35:49,True,Texas,
The Story Behind ... Toni Morrison's The Bluest Eye,2025-06-01,0.0,0.0,0.0,0.0,0.0,0.0,0.0,0.0,0.0,2026-02-13 01:36:15,True,Texas,
The Spy with the Red Balloon,2024-08-01,0.0,0.0,0.0,0.0,0.0,0.0,0.0,0.0,0.0,2026-02-13 01:36:41,True,Texas,
The Square Root of Summer,2025-02-01,1.11,1.11,100.0,100.0,0.0,0.0,0.0,0.0,10.48,2026-02-13 01:37:07,True,Tennessee,
The Stable Where Jesus Was Born,2023-06-01,0.0,0.0,0.0,0.0,0.0,0.0,0.0,0.0,0.0,2026-02-13 01:37:32,True,Florida,
The Stand-In,2024-10-01,0.0,0.0,0.0,0.0,0.0,0.0,0.0,0.0,0.0,2026-02-13 01:37:58,True,Tennessee,
Any Small Goodness: A Novel of the Barrio,2022-01-01,0.0,0.0,0.0,0.0,0.0,0.0,0.0,0.0,0.0,2026-02-13 01:38:24,True,Florida,
Anya's Ghost,2023-07-01,1.73,1.11,100.0,100.0,0.0,0.0,-35.9,-0.62,11.25,2026-02-13 01:38:50,True,Florida,
"Ao Haru Ride (Series, Title Not Specified)",2024-08-01,0.0,0.0,0.0,0.0,0.0,0.0,0.0,0.0,0.0,2026-02-13 01:39:17,True,Texas,
The Sun and her Flowers,2025-02-01,0.0,0.0,0.0,0.0,0.0,0.0,0.0,0.0,0.0,2026-02-13 01:39:44,True,Tennessee,
Annotated Art,2025-04-01,0.0,1.11,0.0,100.0,0.0,0.0,inf,1.11,10.48,2026-02-13 01:40:10,True,Tennessee,
Another Day (Every Day Series),2022-02-01,1.11,0.0,100.0,0.0,0.0,0.0,-100.0,-1.11,10.48,2026-02-13 01:40:36,True,North Carolina,
Antipodes,2024-10-01,11.69,6.32,100.0,100.0,0.0,0.0,-45.91,-5.37,25.08,2026-02-13 01:41:02,True,Tennessee,
Any Second,2024-10-01,45.63,60.54,100.0,100.0,11.0,13.0,32.68,14.91,22.16,2026-02-13 01:41:28,True,Tennessee,
The Summer of Jordi Perez,2022-02-01,0.0,0.0,0.0,0.0,0.0,0.0,0.0,0.0,0.0,2026-02-13 01:41:54,True,Tennessee,
The Sun Also Rises,2023-10-01,45.59,36.38,100.0,100.0,0.0,0.0,-20.2,-9.21,29.78,2026-02-13 01:42:20,True,Florida,
Anne of Avonlea,2022-10-01,3.03,2.97,100.0,100.0,0.0,0.0,-2.2,-0.07,16.24,2026-02-13 01:42:46,True,Texas,
Anno Dracula - 1895: Seven Days in Mayhem,2023-02-01,0.0,0.0,0.0,0.0,0.0,0.0,0.0,0.0,0.0,2026-02-13 01:43:12,True,Pennsylvania,
The Story of the Three Wise Kings,2023-06-01,0.0,1.11,0.0,100.0,0.0,0.0,inf,1.11,10.48,2026-02-13 01:43:38,True,Florida,
The Straight Girl's Guide to Sleeping with Chicks,2023-12-01,0.0,0.0,0.0,0.0,0.0,0.0,0.0,0.0,0.0,2026-02-13 01:44:04,True,Florida,
The Street,2024-06-01,88.04,72.13,100.0,100.0,79.0,63.0,-18.07,-15.91,9.08,2026-02-13 01:44:32,True,Florida,
The Summer of Bitter and Sweet,2025-04-01,0.0,1.92,0.0,100.0,0.0,0.0,inf,1.92,12.91,2026-02-13 01:44:58,True,Texas,
The Tightrope Walkers,2023-08-01,1.11,0.0,100.0,0.0,0.0,0.0,-100.0,-1.11,10.48,2026-02-13 01:45:24,True,Florida,
The Time of Contempt,2024-10-01,2.1,1.11,100.0,100.0,0.0,0.0,-47.09,-0.99,12.35,2026-02-13 01:45:50,True,Tennessee,
The Titan's Curse,2025-02-01,1.78,1.98,100.0,100.0,0.0,0.0,11.25,0.2,12.7,2026-02-13 01:46:16,True,Tennessee,
The Tower of Babel,2023-06-01,53.54,47.29,100.0,100.0,0.0,0.0,-11.68,-6.26,23.52,2026-02-13 01:46:41,True,Florida,
The Testing,2024-10-01,63.1,68.27,100.0,100.0,35.0,22.0,8.19,5.17,20.01,2026-02-13 01:47:08,True,Florida,
The Thing About Jellyfish,2023-07-01,0.0,1.11,0.0,100.0,0.0,0.0,inf,1.11,10.48,2026-02-13 01:47:34,True,Florida,
The Third Twin,2023-08-01,1.11,2.0,100.0,100.0,0.0,0.0,80.0,0.89,12.01,2026-02-13 01:48:00,True,Florida,
The Thorn Birds,2023-08-01,10.77,5.76,100.0,100.0,0.0,0.0,-46.54,-5.01,21.35,2026-02-13 01:48:26,True,Maine,
The Taming Of The Shrew,2024-06-01,59.34,28.54,100.0,100.0,0.0,0.0,-51.9,-30.8,29.06,2026-02-13 01:48:52,True,Florida,
The Templar Revelation: Secret Guardians of the True Identity of Christ,2023-08-01,0.0,0.0,0.0,0.0,0.0,0.0,0.0,0.0,0.0,2026-02-13 01:49:18,True,Florida,
The Ten Bridesmaids: Matthew 25: 1-13,2023-06-01,0.0,0.0,0.0,0.0,0.0,0.0,0.0,0.0,0.0,2026-02-13 01:49:44,True,Florida,
The Tesla Testament,2024-06-01,0.0,0.0,0.0,0.0,0.0,0.0,0.0,0.0,0.0,2026-02-13 01:50:10,True,Florida,
The Sweetness at the Bottom of the Pie,2023-03-01,0.0,0.0,0.0,0.0,0.0,0.0,0.0,0.0,0.0,2026-02-13 01:50:37,True,Texas,
The Sympathizer,2024-06-01,18.9,23.33,100.0,100.0,0.0,0.0,23.46,4.43,16.76,2026-02-13 01:51:04,True,Florida,
The System,2024-06-01,,,,,,,,,,2026-02-13 02:11:19,False,Florida,Retries exhausted
Animal Stories,2022-09-01,,,,,,,,,,2026-02-13 02:31:35,False,Missouri,Retries exhausted
Animals of the Bible,2023-06-01,,,,,,,,,,2026-02-13 02:51:51,False,Florida,Retries exhausted
Anna Dressed in Blood,2024-10-01,,,,,,,,,,2026-02-13 03:12:07,False,Tennessee,Retries exhausted
Andy Warhol,2024-08-01,,,,,,,,,,2026-02-13 03:32:22,False,Texas,Retries exhausted
Angel of Greenwood,2023-06-01,,,,,,,,,,2026-02-13 04:55:52,False,Florida,Retries exhausted
Angels,2025-02-01,,,,,,,,,,2026-02-13 05:16:08,False,Tennessee,Retries exhausted
Anger Is a Gift: A Novel,2021-11-01,,,,,,,,,,2026-02-13 05:36:23,False,Kansas,Retries exhausted
The Tribes of Palos Verdes,2023-10-01,,,,,,,,,,2026-02-13 05:56:39,False,Florida,Retries exhausted
And Still I Rise: Black America Since MLK,2022-10-01,,,,,,,,,,2026-02-13 06:16:55,False,Texas,Retries exhausted
"And Then, Boom!",2024-08-01,,,,,,,,,,2026-02-13 06:37:11,False,Florida,Retries exhausted
Ander & Santi Were Here,2024-08-01,,,,,,,,,,2026-02-13 06:57:27,False,Texas,Retries exhausted
The Tower of Nero,2024-06-01,,,,,,,,,,2026-02-13 07:17:43,False,Iowa,Retries exhausted
The Towering Sky,2022-10-01,,,,,,,,,,2026-02-13 07:37:59,False,Texas,Retries exhausted
The Traitor's Game,2023-08-01,,,,,,,,,,2026-02-13 07:58:14,False,Florida,Retries exhausted
The Treasure Box,2023-08-01,,,,,,,,,,2026-02-13 08:18:30,False,Florida,Retries exhausted
The Usborne first thousand words in Spanish : with easy pronunciation guide,2024-06-01,1.11,0.0,100.0,0.0,0.0,0.0,-100.0,-1.11,10.48,2026-02-13 08:18:58,True,Texas,
The Valley of Amazement,2024-06-01,,,,,,,,,,2026-02-13 08:39:13,False,Florida,Retries exhausted
The Vanishing Act of Esme Lennox,2025-06-01,,,,,,,,,,2026-02-13 08:59:29,False,Maryland,Retries exhausted
The Vanishing Stair,2023-12-01,,,,,,,,,,2026-02-13 09:58:33,False,Florida,Retries exhausted
The Unbidden Truth,2024-06-01,,,,,,,,,,2026-02-13 12:56:27,False,Florida,Retries exhausted
The Undocumented Americans,2023-08-01,,,,,,,,,,2026-02-13 13:16:56,False,Georgia,Retries exhausted
The Unlikely Hero of Room 13B,2023-11-01,0.0,0.0,0.0,0.0,0.0,0.0,0.0,0.0,0.0,2026-02-13 13:22:21,True,Wisconsin,
The Two Towers,2022-10-01,40.07,30.96,100.0,100.0,18.0,14.0,-22.74,-9.11,17.24,2026-02-13 13:22:51,True,Texas,
The Tyrant’s Tomb (The Trials of Apollo Series),2022-02-01,0.0,0.0,0.0,0.0,0.0,0.0,0.0,0.0,0.0,2026-02-13 13:23:18,True,Tennessee,
The Ultimate Guys' Body Book: Not-So-Stupid Questions About Your Body,2021-12-01,1.11,0.0,100.0,0.0,0.0,0.0,-100.0,-1.11,10.48,2026-02-13 13:23:46,True,Texas,
The Umbrella Academy: Dallas,2024-10-01,1.11,0.0,100.0,0.0,0.0,0.0,-100.0,-1.11,10.48,2026-02-13 13:24:14,True,Tennessee,
The True Meaning of Cleavage,2025-04-01,0.0,1.11,0.0,100.0,0.0,0.0,inf,1.11,10.48,2026-02-13 13:24:42,True,Texas,
The True and Outstanding Adventures of the Hunt Sisters,2023-12-01,1.11,0.0,100.0,0.0,0.0,0.0,-100.0,-1.11,10.48,2026-02-13 13:25:10,True,Florida,
The Truth As Told By Mason Buttle,2024-03-01,1.11,0.0,100.0,0.0,0.0,0.0,-100.0,-1.11,10.48,2026-02-13 13:25:37,True,Idaho,
The Turtle of Oman (The Turtle of Oman Series),2022-01-01,0.0,1.11,0.0,100.0,0.0,0.0,inf,1.11,10.48,2026-02-13 13:26:07,True,Florida,
The Want Monsters: And How They Stopped Ruling My World,2024-06-01,0.0,0.0,0.0,0.0,0.0,0.0,0.0,0.0,0.0,2026-02-13 13:26:34,True,Florida,
The War Outside,2022-01-01,13.72,34.39,100.0,100.0,0.0,0.0,150.61,20.67,30.67,2026-02-13 13:27:02,True,Texas,
The War that Saved My Life,2024-06-01,17.44,1.11,100.0,100.0,0.0,0.0,-93.63,-16.33,25.87,2026-02-13 13:27:30,True,Iowa,
The Warrior's Curse,2023-08-01,0.0,0.0,0.0,0.0,0.0,0.0,0.0,0.0,0.0,2026-02-13 13:27:57,True,Florida,
"The Walking Dead: A Continuing Story of Survival Horror, Book 16",2022-09-01,0.0,0.0,0.0,0.0,0.0,0.0,0.0,0.0,0.0,2026-02-13 13:28:25,True,Missouri,
"The Walking Dead: A Continuing Story of Survival Horror, Book 3",2022-09-01,0.0,0.0,0.0,0.0,0.0,0.0,0.0,0.0,0.0,2026-02-13 13:28:53,True,Missouri,
"The Walking Dead: A Continuing Story of Survival Horror, Book 6",2022-09-01,0.0,0.0,0.0,0.0,0.0,0.0,0.0,0.0,0.0,2026-02-13 13:29:22,True,Missouri,
"The Walking Dead: A Continuing Story of Survival Horror, Book 8",2022-09-01,1.11,0.0,100.0,0.0,0.0,0.0,-100.0,-1.11,10.48,2026-02-13 13:29:49,True,Missouri,
"The Walking Dead (Series, Title Not Specified)",2024-10-01,0.0,0.0,0.0,0.0,0.0,0.0,0.0,0.0,0.0,2026-02-13 13:30:17,True,Tennessee,
"The Walking Dead, Vol. 4: The Heart's Desire",2022-09-01,0.0,0.0,0.0,0.0,0.0,0.0,0.0,0.0,0.0,2026-02-13 13:30:45,True,Missouri,
"The Walking Dead, Vol. 8: Made to Suffer",2022-09-01,0.0,0.0,0.0,0.0,0.0,0.0,0.0,0.0,0.0,2026-02-13 13:31:12,True,Missouri,
"The Walking Dead: A Continuing Story of Survival Horror, Book 13",2022-09-01,0.0,0.0,0.0,0.0,0.0,0.0,0.0,0.0,0.0,2026-02-13 13:31:40,True,Missouri,
The Vanquishers,2024-06-01,1.97,0.0,100.0,0.0,0.0,0.0,-100.0,-1.97,13.16,2026-02-13 13:32:07,True,Florida,
The Virgin's Lover,2024-06-01,0.0,0.0,0.0,0.0,0.0,0.0,0.0,0.0,0.0,2026-02-13 13:32:35,True,Iowa,
The Voting Booth,2025-04-01,0.0,1.11,0.0,100.0,0.0,0.0,inf,1.11,10.48,2026-02-13 13:33:03,True,Florida,
The Waiting Tree,2024-10-01,1.11,2.09,100.0,100.0,0.0,0.0,88.0,0.98,12.31,2026-02-13 13:33:31,True,Tennessee,
And Eternity,2024-06-01,59.53,57.44,100.0,100.0,0.0,0.0,-3.51,-2.09,19.99,2026-02-13 13:33:59,True,Florida,
The Way We Never Were: American Families and the Nostalgia Trap,2024-06-01,0.0,2.0,0.0,100.0,0.0,0.0,inf,2.0,13.35,2026-02-13 13:34:26,True,Florida,
The What's Happening to My Body? Book for Girls: A Growing-up Guide for Parents and Daughters,2025-04-01,0.0,0.0,0.0,0.0,0.0,0.0,0.0,0.0,0.0,2026-02-13 13:34:54,True,Tennessee,
The Whistling Toilets,2023-12-01,0.0,0.0,0.0,0.0,0.0,0.0,0.0,0.0,0.0,2026-02-13 13:35:22,True,Florida,
Ancient Greece,2023-08-01,37.79,54.21,100.0,100.0,13.0,13.0,43.46,16.42,27.77,2026-02-13 13:35:50,True,Florida,
Ancient Greece and Rome: Myths and Beliefs,2024-08-01,0.0,1.11,0.0,100.0,0.0,0.0,inf,1.11,10.48,2026-02-13 13:36:18,True,Texas,
Ancient Rome (DK),2025-02-01,0.0,2.63,0.0,100.0,0.0,0.0,inf,2.63,14.45,2026-02-13 13:36:45,True,Tennessee,
Ancient and Classical Art,2024-08-01,0.0,2.74,0.0,100.0,0.0,0.0,inf,2.74,14.95,2026-02-13 13:37:12,True,Texas,
"An Infinite Number of Parallel Universes: In Real Life, You Need Real Friends",2024-08-01,0.0,1.11,0.0,100.0,0.0,0.0,inf,1.11,10.48,2026-02-13 13:37:40,True,Texas,
An Introduction to Oil Painting,2022-09-01,0.0,0.0,0.0,0.0,0.0,0.0,0.0,0.0,0.0,2026-02-13 13:38:07,True,Missouri,
Ancient Assyria,2023-06-01,1.11,2.64,100.0,100.0,0.0,0.0,138.0,1.53,12.68,2026-02-13 13:38:34,True,Florida,
The Watcher's Test (Deadendia Series),2022-02-01,0.0,0.0,0.0,0.0,0.0,0.0,0.0,0.0,0.0,2026-02-13 13:39:02,True,Tennessee,
The Water Knife,2025-04-01,13.44,10.17,100.0,100.0,0.0,0.0,-24.38,-3.28,26.42,2026-02-13 13:39:30,True,Texas,
An Album of the Vietnam War,2025-02-01,0.0,0.0,0.0,0.0,0.0,0.0,0.0,0.0,0.0,2026-02-13 13:39:58,True,Tennessee,
An American Tragedy,2023-10-01,2.04,3.16,100.0,100.0,0.0,0.0,54.35,1.11,15.42,2026-02-13 13:40:25,True,Iowa,
The World According to Garp,2024-06-01,0.0,4.1,0.0,100.0,0.0,0.0,inf,4.1,16.56,2026-02-13 13:40:53,True,Florida,
The World Book Encyclopedia of People and Places,2023-08-01,0.0,0.0,0.0,0.0,0.0,0.0,0.0,0.0,0.0,2026-02-13 13:41:21,True,Florida,
The World's Strongest Librarian: A Book Lover's Adventures,2024-06-01,0.0,0.0,0.0,0.0,0.0,0.0,0.0,0.0,0.0,2026-02-13 13:41:48,True,Florida,
The Year I Didn't Eat,2025-04-01,2.0,0.0,100.0,0.0,0.0,0.0,-100.0,-2.0,13.35,2026-02-13 13:42:17,True,Texas,
The Witch of Blackbird Pond,2023-08-01,3.79,7.62,100.0,100.0,0.0,0.0,101.17,3.83,18.88,2026-02-13 13:42:44,True,Florida,
The Witching Hour,2024-06-01,23.01,27.26,100.0,100.0,0.0,0.0,18.45,4.24,27.77,2026-02-13 13:43:12,True,Florida,
The Woman's Encyclopedia of Myths and Secrets,2024-06-01,1.11,1.11,100.0,100.0,0.0,0.0,0.0,0.0,10.48,2026-02-13 13:43:40,True,Florida,
The Word for Yes,2024-06-01,1.11,0.0,100.0,0.0,0.0,0.0,-100.0,-1.11,10.48,2026-02-13 13:44:08,True,Iowa,
The Winds of War,2023-08-01,1.9,1.11,100.0,100.0,0.0,0.0,-41.52,-0.79,11.7,2026-02-13 13:44:36,True,Florida,
The Winner's Kiss,2023-08-01,0.0,0.0,0.0,0.0,0.0,0.0,0.0,0.0,0.0,2026-02-13 13:45:04,True,Florida,
The Witch Boy (The Witch Boy Series),2021-11-01,0.0,1.11,0.0,100.0,0.0,0.0,inf,1.11,10.48,2026-02-13 13:45:32,True,Florida,
The Witch King (The Witch King Series),2022-02-01,1.11,0.0,100.0,0.0,0.0,0.0,-100.0,-1.11,10.48,2026-02-13 13:46:00,True,Tennessee,
The White Darkness,2023-08-01,5.06,5.49,100.0,100.0,0.0,0.0,8.57,0.43,20.1,2026-02-13 13:46:27,True,Florida,
The White Road,2024-06-01,51.21,71.7,100.0,100.0,0.0,37.0,40.01,20.49,15.68,2026-02-13 13:46:55,True,Florida,
The Wicked Bargain,2024-08-01,0.0,0.0,0.0,0.0,0.0,0.0,0.0,0.0,0.0,2026-02-13 13:47:23,True,Texas,
The Will of the Empress (The Circle Reforged Series),2022-02-01,0.0,1.11,0.0,100.0,0.0,0.0,inf,1.11,10.48,2026-02-13 13:47:50,True,Tennessee,
There's a Hair In My Dirt: A Worm's Story,2023-10-01,0.0,1.11,0.0,100.0,0.0,0.0,inf,1.11,10.48,2026-02-13 13:48:18,True,Iowa,
These Feathered Flames (These Feathered Flames Series),2022-02-01,0.0,0.0,0.0,0.0,0.0,0.0,0.0,0.0,0.0,2026-02-13 13:48:45,True,Tennessee,
These Shallow Graves,2024-06-01,0.0,0.0,0.0,0.0,0.0,0.0,0.0,0.0,0.0,2026-02-13 13:49:13,True,Florida,
These Unlucky Stars,2024-08-01,1.11,0.0,100.0,0.0,0.0,0.0,-100.0,-1.11,10.48,2026-02-13 13:49:40,True,Florida,
Then Everything Happens at Once,2024-08-01,0.0,0.0,0.0,0.0,0.0,0.0,0.0,0.0,0.0,2026-02-13 13:50:08,True,Texas,
There Is No Dog,2023-08-01,17.32,24.26,100.0,100.0,0.0,0.0,40.03,6.93,31.21,2026-02-13 13:50:35,True,Florida,
There's Going To Be A Baby,2024-12-01,0.0,1.11,0.0,100.0,0.0,0.0,inf,1.11,10.48,2026-02-13 13:51:03,True,Tennessee,
There's Only One You,2024-08-01,2.2,9.04,100.0,100.0,0.0,0.0,311.11,6.84,20.5,2026-02-13 13:51:32,True,Florida,
The fae keeper,2024-08-01,1.11,0.0,100.0,0.0,0.0,0.0,-100.0,-1.11,10.48,2026-02-13 13:51:59,True,Texas,
The hand on the wall,2023-08-01,4.98,16.59,100.0,100.0,0.0,0.0,233.26,11.61,27.78,2026-02-13 13:52:27,True,Florida,
"The legend of Drizzt, Vol. 7: The Legacy",2025-02-01,1.11,0.0,100.0,0.0,0.0,0.0,-100.0,-1.11,10.48,2026-02-13 13:52:55,True,Tennessee,
The true meaning of cleavage,2023-08-01,0.0,1.11,0.0,100.0,0.0,0.0,inf,1.11,10.48,2026-02-13 13:53:23,True,Florida,
The Year Shakespeare Ruined My Life,2022-02-01,0.0,0.0,0.0,0.0,0.0,0.0,0.0,0.0,0.0,2026-02-13 13:53:50,True,Tennessee,
The Year of Secret Assignments,2023-12-01,1.11,2.07,100.0,100.0,0.0,0.0,86.0,0.96,12.23,2026-02-13 13:54:18,True,Florida,
The Yellow Birds,2022-10-01,7.59,3.74,100.0,100.0,0.0,0.0,-50.66,-3.84,21.41,2026-02-13 13:54:46,True,Texas,
Amsterdam,2024-06-01,61.62,66.78,100.0,100.0,52.0,55.0,8.37,5.16,7.84,2026-02-13 13:55:15,True,Florida,
An Age of License: A Travelogue,2023-11-01,0.0,1.11,0.0,100.0,0.0,0.0,inf,1.11,10.48,2026-02-13 13:55:44,True,Wisconsin,
Things I Can't Forget,2025-04-01,0.0,0.0,0.0,0.0,0.0,0.0,0.0,0.0,0.0,2026-02-13 13:56:11,True,Texas,
Things That Make White People Uncomfortable (Adapted for Young Adults),2021-12-01,1.11,2.09,100.0,100.0,0.0,0.0,88.0,0.98,12.31,2026-02-13 13:57:57,True,Texas,
American Roommate Experiment,2023-10-01,0.0,1.98,0.0,100.0,0.0,0.0,inf,1.98,13.22,2026-02-13 13:58:28,True,Iowa,
American Spy,2024-08-01,25.42,37.59,100.0,100.0,0.0,0.0,47.86,12.17,24.32,2026-02-13 13:58:56,True,Texas,
Amina's Voice (Amina's Voice Series),2022-01-01,0.0,0.0,0.0,0.0,0.0,0.0,0.0,0.0,0.0,2026-02-13 13:59:24,True,Florida,
Among the Hidden,2024-08-01,19.4,29.2,100.0,100.0,0.0,0.0,50.52,9.8,31.09,2026-02-13 13:59:52,True,Texas,
"American Colonies: The Settling of North America, Vo1. 1",2023-12-01,1.11,0.0,100.0,0.0,0.0,0.0,-100.0,-1.11,10.48,2026-02-13 14:00:19,True,Florida,
American Gangster,2023-12-01,40.77,17.89,100.0,100.0,22.0,7.0,-56.12,-22.88,17.12,2026-02-13 14:00:47,True,Florida,
"American Gods, Vol. 1: Shadows",2022-10-01,2.17,0.0,100.0,0.0,0.0,0.0,-100.0,-2.17,14.38,2026-02-13 14:01:15,True,Missouri,
American Panda,2023-06-01,15.22,12.09,100.0,100.0,0.0,0.0,-20.58,-3.13,26.44,2026-02-13 14:01:43,True,Florida,
These Witches Don't Burn (These Witches Don't Burn Series),2022-02-01,0.0,0.0,0.0,0.0,0.0,0.0,0.0,0.0,0.0,2026-02-13 14:02:11,True,Tennessee,
They Call Me a Hero: A Memoir of My Youth,2024-08-01,0.0,0.0,0.0,0.0,0.0,0.0,0.0,0.0,0.0,2026-02-13 14:02:38,True,Texas,
America's Art: Smithsonian American Art Museum,2025-04-01,0.0,0.0,0.0,0.0,0.0,0.0,0.0,0.0,0.0,2026-02-13 14:03:06,True,Tennessee,
American Beauty,2023-12-01,58.18,64.07,100.0,100.0,36.0,43.0,10.12,5.89,11.18,2026-02-13 14:03:34,True,Florida,
This is What Happy Looks Like,2025-04-01,2.96,2.01,100.0,100.0,0.0,0.0,-31.95,-0.94,14.77,2026-02-13 14:04:01,True,Texas,
This is Where the World Ends,2025-05-01,0.0,0.0,0.0,0.0,0.0,0.0,0.0,0.0,0.0,2026-02-13 14:04:29,True,Tennessee,
This is the Part Where You Laugh,2023-08-01,0.0,0.0,0.0,0.0,0.0,0.0,0.0,0.0,0.0,2026-02-13 14:04:56,True,Florida,
Thomas Paine: Crusader for Liberty,2023-08-01,0.0,1.11,0.0,100.0,0.0,0.0,inf,1.11,10.48,2026-02-13 14:05:24,True,Florida,
This Poison Heart,2024-06-01,1.11,1.11,100.0,100.0,0.0,0.0,0.0,0.0,10.48,2026-02-13 14:05:51,True,Florida,
This Song Will Save Your Life,2023-11-01,1.11,0.0,100.0,0.0,0.0,0.0,-100.0,-1.11,10.48,2026-02-13 14:06:20,True,Wisconsin,
This World We Live In,2023-08-01,14.44,18.54,100.0,100.0,0.0,0.0,28.38,4.1,29.05,2026-02-13 14:06:47,True,Florida,
This is Not Forgiveness,2023-11-01,2.19,1.11,100.0,100.0,0.0,0.0,-49.24,-1.08,12.68,2026-02-13 14:07:14,True,Wisconsin,
Thirteen Plus One,2025-05-01,0.0,1.11,0.0,100.0,0.0,0.0,inf,1.11,10.48,2026-02-13 14:07:42,True,Florida,
This Book is Feminist: An Intersecting Primer for Next-Gen Changemakers,2024-08-01,0.0,1.11,0.0,100.0,0.0,0.0,inf,1.11,10.48,2026-02-13 14:08:09,True,Texas,
This Delicious Death,2025-04-01,1.11,0.0,100.0,0.0,0.0,0.0,-100.0,-1.11,10.48,2026-02-13 14:08:37,True,Tennessee,
This Light Between Us,2025-04-01,10.78,5.87,100.0,100.0,0.0,0.0,-45.57,-4.91,23.61,2026-02-13 14:09:05,True,Texas,
Things You Shouldn't Say Past Midnight: A Comedy in Three Beds,2024-06-01,1.11,0.0,100.0,0.0,0.0,0.0,-100.0,-1.11,10.48,2026-02-13 14:09:33,True,Florida,
Third Time's a Charm,2023-06-01,1.11,1.11,100.0,100.0,0.0,0.0,0.0,0.0,10.48,2026-02-13 14:10:00,True,Florida,
"Thirst No. 2: Deepest Desire, Instant Remorse",2023-12-01,0.0,0.0,0.0,0.0,0.0,0.0,0.0,0.0,0.0,2026-02-13 14:10:27,True,Florida,
Thirst No. 5: The Sacred Veil,2023-12-01,0.0,0.0,0.0,0.0,0.0,0.0,0.0,0.0,0.0,2026-02-13 14:10:55,True,Florida,
Amelia Earhart: Legendary Aviator,2024-08-01,0.0,1.11,0.0,100.0,0.0,0.0,inf,1.11,10.48,2026-02-13 14:11:23,True,Texas,
Three Dark Crowns,2023-08-01,2.16,0.0,100.0,0.0,0.0,0.0,-100.0,-2.16,14.31,2026-02-13 14:11:50,True,Florida,
Three Little Words,2023-10-01,16.63,27.22,100.0,100.0,0.0,0.0,63.66,10.59,31.1,2026-02-13 14:12:17,True,Iowa,
Three Little Words: A Memoir (ARC),2023-08-01,0.0,0.0,0.0,0.0,0.0,0.0,0.0,0.0,0.0,2026-02-13 14:12:44,True,Florida,
Amazing Fantastic Incredible: A Marvelous Memoir,2024-08-01,0.0,1.11,0.0,100.0,0.0,0.0,inf,1.11,10.48,2026-02-13 14:13:12,True,Texas,
Amber & Dusk,2025-02-01,0.0,0.0,0.0,0.0,0.0,0.0,0.0,0.0,0.0,2026-02-13 14:13:39,True,Tennessee,
Ambush,2022-10-01,67.4,59.87,100.0,100.0,48.0,46.0,-11.18,-7.53,12.09,2026-02-13 14:14:06,True,Texas,
Alphonse Mucha,2025-04-01,19.6,15.82,100.0,100.0,0.0,0.0,-19.27,-3.78,31.98,2026-02-13 14:14:34,True,Tennessee,
"Altered Carbon: One Life, One Death",2022-09-01,0.0,0.0,0.0,0.0,0.0,0.0,0.0,0.0,0.0,2026-02-13 14:15:04,True,Missouri,
Always Human (Always Human Series),2022-02-01,1.11,0.0,100.0,0.0,0.0,0.0,-100.0,-1.11,10.48,2026-02-13 14:15:34,True,Tennessee,
Thorn,2024-10-01,32.41,83.37,100.0,100.0,25.0,57.0,157.22,50.96,27.03,2026-02-13 14:16:03,True,Tennessee,
Those Who Save Us,2023-10-01,2.2,0.0,100.0,0.0,0.0,0.0,-100.0,-2.2,14.59,2026-02-13 14:16:32,True,Florida,
Almost There and Almost Not,2023-07-01,38.64,30.93,100.0,100.0,0.0,0.0,-19.95,-7.71,26.53,2026-02-13 14:17:13,True,Florida,
Along for the Ride,2023-08-01,46.07,23.38,100.0,100.0,0.0,0.0,-49.25,-22.69,27.65,2026-02-13 14:17:41,True,Florida,
All's Faire in Middle School,2023-10-01,0.0,0.0,0.0,0.0,0.0,0.0,0.0,0.0,0.0,2026-02-13 14:18:08,True,Florida,
"All-American Murder: The Rise and Fall of Aaron Hernandez, the Superstar Whose Life Ended on Murderers' Row",2023-08-01,,,,,,,,,,2026-02-13 14:19:05,False,Maine,The request failed: Google returned a response with code 400
"Allies: Real Talk About Showing Up, Screwing Up, And Trying Again",2022-02-01,0.0,0.0,0.0,0.0,0.0,0.0,0.0,0.0,0.0,2026-02-13 14:19:33,True,Tennessee,
Tin Star,2023-08-01,52.66,50.53,100.0,100.0,0.0,0.0,-4.03,-2.12,23.52,2026-02-13 14:20:00,True,Florida,
"All You Need is Kill, Book 1",2025-04-01,1.11,0.0,100.0,0.0,0.0,0.0,-100.0,-1.11,10.48,2026-02-13 14:20:28,True,Tennessee,
All the Stars and Teeth,2023-10-01,1.83,0.0,100.0,0.0,0.0,0.0,-100.0,-1.83,12.44,2026-02-13 14:20:57,True,Iowa,
Thurgood Marshall: American Revolutionary,2023-08-01,1.11,0.0,100.0,0.0,0.0,0.0,-100.0,-1.11,10.48,2026-02-13 14:21:25,True,Florida,
"Ties That Bind, Ties That Break",2025-02-01,0.0,0.0,0.0,0.0,0.0,0.0,0.0,0.0,0.0,2026-02-13 14:38:11,True,Tennessee,
"Tigers, Not Daughters",2023-08-01,0.0,0.0,0.0,0.0,0.0,0.0,0.0,0.0,0.0,2026-02-13 14:38:40,True,Florida,
Timequake,2023-08-01,0.0,1.11,0.0,100.0,0.0,0.0,inf,1.11,10.48,2026-02-13 14:39:09,True,Maine,
Thronebreakers,2024-08-01,0.0,0.0,0.0,0.0,0.0,0.0,0.0,0.0,0.0,2026-02-13 14:39:36,True,Texas,
Through My Eyes,2023-07-01,50.99,39.82,100.0,100.0,0.0,0.0,-21.9,-11.17,26.84,2026-02-13 14:40:03,True,Florida,
Thud!,2024-06-01,36.79,35.72,100.0,100.0,0.0,0.0,-2.9,-1.07,29.54,2026-02-13 14:40:31,True,Missouri,
Thunder Rose,2022-01-01,0.0,3.51,0.0,100.0,0.0,0.0,inf,3.51,16.54,2026-02-13 14:40:58,True,Florida,
Torre del Alba,2023-08-01,0.0,0.0,0.0,0.0,0.0,0.0,0.0,0.0,0.0,2026-02-13 14:41:26,True,Florida,
Touch Blue,2024-03-01,59.81,79.2,100.0,100.0,33.0,48.0,32.42,19.39,15.49,2026-02-13 14:41:54,True,Florida,
Toulouse-Lautrec: At the Moulin Rouge,2022-09-01,1.11,0.0,100.0,0.0,0.0,0.0,-100.0,-1.11,10.48,2026-02-13 14:42:25,True,Missouri,
Too Soon For Jeff,2023-10-01,1.11,0.0,100.0,0.0,0.0,0.0,-100.0,-1.11,10.48,2026-02-13 14:42:57,True,Florida,
Top 10 Worst Things About Ancient Egypt You Wouldn't Want To Know!,2025-02-01,1.11,0.0,100.0,0.0,0.0,0.0,-100.0,-1.11,10.48,2026-02-13 14:43:24,True,Tennessee,
Top 10 Worst Things about Ancient Greece You Wouldn't Want to Know!,2025-02-01,0.0,0.0,0.0,0.0,0.0,0.0,0.0,0.0,0.0,2026-02-13 14:43:51,True,Tennessee,
Torn,2024-06-01,79.63,60.83,100.0,100.0,67.0,51.0,-23.61,-18.8,11.54,2026-02-13 14:44:19,True,Texas,
To Have or to Be?,2023-08-01,23.62,36.9,100.0,100.0,0.0,0.0,56.21,13.28,34.15,2026-02-13 14:44:49,True,Florida,
"Together, Apart",2025-02-01,2.82,5.6,100.0,100.0,0.0,0.0,98.43,2.78,18.48,2026-02-13 14:45:19,True,Tennessee,
Tom,2024-08-01,32.17,55.9,100.0,100.0,24.0,45.0,73.78,23.73,15.69,2026-02-13 14:45:49,True,Texas,
Tomorrow and Tomorrow and Tomorrow,2024-06-01,61.59,72.27,100.0,100.0,50.0,57.0,17.34,10.68,9.74,2026-02-13 14:46:19,True,Iowa,
Tips on Having a Gay (Ex) Boyfriend (Belle Series),2021-12-01,0.0,0.0,0.0,0.0,0.0,0.0,0.0,0.0,0.0,2026-02-13 14:46:47,True,Texas,
Titian: Sacred and Profane Love,2025-04-01,0.0,0.0,0.0,0.0,0.0,0.0,0.0,0.0,0.0,2026-02-13 14:47:14,True,Tennessee,
To All the Boys I've Loved Before (To All the Boys I've Loved Before Series),2022-02-01,0.0,0.0,0.0,0.0,0.0,0.0,0.0,0.0,0.0,2026-02-13 14:47:41,True,Texas,
Trono de cristal,2025-04-01,1.11,0.0,100.0,0.0,0.0,0.0,-100.0,-1.11,10.48,2026-02-13 14:48:08,True,Texas,
"Troublemaker for Justice: The Story of Bayard Rustin, the Man Behind the March on Washington",2022-10-01,0.0,0.0,0.0,0.0,0.0,0.0,0.0,0.0,0.0,2026-02-13 14:48:36,True,Texas,
Troy: The Greek Myths Reimagined,2025-04-01,0.0,0.0,0.0,0.0,0.0,0.0,0.0,0.0,0.0,2026-02-13 14:49:03,True,Tennessee,
Truancy Origins,2024-06-01,0.0,0.0,0.0,0.0,0.0,0.0,0.0,0.0,0.0,2026-02-13 14:49:30,True,Iowa,
Tribe: Endangered Peoples Around the World,2025-04-01,0.0,1.11,0.0,100.0,0.0,0.0,inf,1.11,10.48,2026-02-13 14:49:57,True,Tennessee,
Tripping Back Blue,2024-10-01,0.0,0.0,0.0,0.0,0.0,0.0,0.0,0.0,0.0,2026-02-13 14:50:24,True,Tennessee,
Triumph of the Darksword,2024-06-01,1.11,2.1,100.0,100.0,0.0,0.0,89.0,0.99,12.35,2026-02-13 14:50:52,True,Florida,
Transgender People,2024-08-01,58.74,34.56,100.0,100.0,34.0,13.0,-41.18,-24.19,17.57,2026-02-13 14:51:19,True,Texas,
Transgender Role Models and Pioneers,2024-08-01,0.0,0.0,0.0,0.0,0.0,0.0,0.0,0.0,0.0,2026-02-13 14:51:48,True,Texas,
Tree,2023-08-01,76.93,85.73,100.0,100.0,64.0,76.0,11.44,8.8,8.16,2026-02-13 14:52:15,True,Florida,
Trench Dogs,2024-10-01,0.0,0.0,0.0,0.0,0.0,0.0,0.0,0.0,0.0,2026-02-13 14:52:42,True,Tennessee,
Toys,2024-06-01,73.77,78.03,100.0,100.0,59.0,66.0,5.78,4.27,8.71,2026-02-13 14:53:11,True,Florida,
Trail of Crumbs,2021-11-01,0.0,0.0,0.0,0.0,0.0,0.0,0.0,0.0,0.0,2026-02-13 14:53:38,True,Florida,
Trans Teen Survival Guide,2023-06-01,0.0,0.0,0.0,0.0,0.0,0.0,0.0,0.0,0.0,2026-02-13 14:54:05,True,Florida,
Transgender Health Issues,2024-08-01,0.0,0.0,0.0,0.0,0.0,0.0,0.0,0.0,0.0,2026-02-13 14:54:32,True,Texas,
True Colors,2024-06-01,75.18,62.52,100.0,100.0,45.0,40.0,-16.83,-12.66,12.45,2026-02-13 14:55:00,True,Iowa,
True Things (Adults Don't Want Kids to Know),2025-04-01,0.0,0.0,0.0,0.0,0.0,0.0,0.0,0.0,0.0,2026-02-13 14:55:27,True,Texas,
Trust Exercise,2023-10-01,2.41,3.37,100.0,100.0,0.0,0.0,39.63,0.96,14.75,2026-02-13 14:55:55,True,Iowa,
Tumbling,2023-10-01,75.28,75.1,100.0,100.0,53.0,41.0,-0.24,-0.18,9.44,2026-02-13 14:56:22,True,Florida,
All Out: The No-Longer-Secret Stories of Queer Teens throughout the Ages,2024-08-01,0.0,0.0,0.0,0.0,0.0,0.0,0.0,0.0,0.0,2026-02-13 14:56:50,True,Texas,
All Rights Reserved,2023-08-01,28.99,32.43,100.0,100.0,0.0,0.0,11.88,3.44,33.21,2026-02-13 14:57:18,True,Florida,
All That Remains,2023-12-01,59.19,53.29,100.0,100.0,18.0,0.0,-9.97,-5.9,23.11,2026-02-13 14:57:46,True,Florida,
All This Twisted Glory,2024-05-01,0.0,1.11,0.0,100.0,0.0,0.0,inf,1.11,10.48,2026-02-13 14:58:14,True,Florida,
All I Need,2023-08-01,84.46,84.3,100.0,100.0,71.0,70.0,-0.18,-0.16,6.5,2026-02-13 14:58:43,True,Florida,
All Is Not Forgotten,2024-06-01,10.12,3.57,100.0,100.0,0.0,0.0,-64.76,-6.56,21.02,2026-02-13 14:59:12,True,Florida,
All My Friends Are Dead,2024-06-01,24.47,23.24,100.0,100.0,0.0,0.0,-5.0,-1.22,31.63,2026-02-13 14:59:39,True,Florida,
All Our Hidden Gifts (All Our Hidden Gifts Series),2022-02-01,0.0,0.0,0.0,0.0,0.0,0.0,0.0,0.0,0.0,2026-02-13 15:00:07,True,Tennessee,
True Believer (NS),2024-08-01,0.0,2.14,0.0,100.0,0.0,0.0,inf,2.14,14.23,2026-02-13 15:00:34,True,Florida,
Alien Abductions,2025-02-01,1.86,0.0,100.0,0.0,0.0,0.0,-100.0,-1.86,12.55,2026-02-13 15:01:02,True,Tennessee,
Alive 4: The Final Evolution,2024-08-01,0.0,0.0,0.0,0.0,0.0,0.0,0.0,0.0,0.0,2026-02-13 15:01:29,True,Texas,
All Because You Matter,2023-06-01,34.14,6.59,100.0,100.0,0.0,0.0,-80.7,-27.56,27.41,2026-02-13 15:01:57,True,Florida,
Ultimate Magic,2022-10-01,2.84,10.52,100.0,100.0,0.0,0.0,269.92,7.68,22.53,2026-02-13 15:02:24,True,Texas,
Un final para Rachel,2023-08-01,2.01,0.0,100.0,0.0,0.0,0.0,-100.0,-2.01,13.42,2026-02-13 15:02:53,True,Florida,
UnSouled,2023-11-01,0.0,1.11,0.0,100.0,0.0,0.0,inf,1.11,10.48,2026-02-13 15:03:21,True,Wisconsin,
Una antorcha en las tinieblas,2025-05-01,0.0,0.0,0.0,0.0,0.0,0.0,0.0,0.0,0.0,2026-02-13 15:03:48,True,Texas,
Two Truths and a Lie,2025-05-01,35.1,30.42,100.0,100.0,0.0,0.0,-13.33,-4.68,31.78,2026-02-13 15:04:15,True,Texas,
Tyranny,2025-05-01,46.74,32.71,100.0,100.0,22.0,14.0,-30.02,-14.03,15.22,2026-02-13 15:04:42,True,Texas,
Uglies,2025-02-01,56.31,59.24,100.0,100.0,35.0,42.0,5.21,2.93,13.04,2026-02-13 15:05:10,True,Tennessee,
Twisted (GS),2024-03-01,1.11,1.11,100.0,100.0,0.0,0.0,0.0,0.0,10.48,2026-02-13 15:05:37,True,Florida,
Twisted Myths: 20 Classic Stories With a Dark and Dangerous Heart,2025-04-01,2.14,0.0,100.0,0.0,0.0,0.0,-100.0,-2.14,14.23,2026-02-13 15:06:05,True,Tennessee,
Two Can Keep a Secret,2023-08-01,2.59,4.21,100.0,100.0,0.0,0.0,62.66,1.62,16.03,2026-02-13 15:06:33,True,Florida,
Two Little Girls in Blue,2023-11-01,0.0,0.0,0.0,0.0,0.0,0.0,0.0,0.0,0.0,2026-02-13 15:07:00,True,Wisconsin,
Tupac Shakur,2023-08-01,17.06,6.87,100.0,100.0,9.0,2.0,-59.74,-10.19,13.95,2026-02-13 15:07:28,True,Florida,
Tweak: Growing up on Methamphetamines,2023-02-01,0.0,0.0,0.0,0.0,0.0,0.0,0.0,0.0,0.0,2026-02-13 15:07:56,True,Pennsylvania,
Twelve Sharp,2024-06-01,0.0,1.11,0.0,100.0,0.0,0.0,inf,1.11,10.48,2026-02-13 15:08:25,True,Iowa,
Twilight: The Graphic Novel,2025-05-01,1.11,0.0,100.0,0.0,0.0,0.0,-100.0,-1.11,10.48,2026-02-13 15:12:50,True,Texas,
"Alice 19th (Series, Title Not Specified)",2024-10-01,0.0,0.0,0.0,0.0,0.0,0.0,0.0,0.0,0.0,2026-02-13 15:13:18,True,Tennessee,
Under Threat,2021-12-01,21.16,24.53,100.0,100.0,0.0,0.0,15.97,3.38,31.87,2026-02-13 15:13:46,True,Texas,
Under the Jolly Roger: Being an Account of the Further Nautical Adventures of Jacky Faber,2023-08-01,1.11,0.0,100.0,0.0,0.0,0.0,-100.0,-1.11,10.48,2026-02-13 15:14:13,True,Florida,
Under the Microscope: The Human Body,2023-08-01,0.0,1.11,0.0,100.0,0.0,0.0,inf,1.11,10.48,2026-02-13 15:14:40,True,Florida,
Albrecht Durer,2025-04-01,40.51,26.68,100.0,100.0,0.0,0.0,-34.15,-13.83,35.29,2026-02-13 15:15:07,True,Tennessee,
Aleutian Sparrow,2022-10-01,0.0,0.0,0.0,0.0,0.0,0.0,0.0,0.0,0.0,2026-02-13 15:15:35,True,Texas,
"Alex Cross (Series, Title not Specified)",2024-06-01,1.11,0.0,100.0,0.0,0.0,0.0,-100.0,-1.11,10.48,2026-02-13 15:16:01,True,Iowa,
Alexander and His Times,2025-02-01,1.11,0.0,100.0,0.0,0.0,0.0,-100.0,-1.11,10.48,2026-02-13 15:16:29,True,Tennessee,
Airlock,2024-08-01,46.32,61.03,100.0,100.0,0.0,0.0,31.76,14.71,19.95,2026-02-13 15:16:56,True,Texas,
"Akira (Series, Title not Specified)",2024-10-01,2.01,2.09,100.0,100.0,0.0,0.0,3.87,0.08,13.65,2026-02-13 15:17:22,True,Tennessee,
Al Capsella and the Watchdogs,2024-06-01,0.0,1.11,0.0,100.0,0.0,0.0,inf,1.11,10.48,2026-02-13 15:17:49,True,Florida,
Alan Moore's America's Best Comics,2022-09-01,0.0,0.0,0.0,0.0,0.0,0.0,0.0,0.0,0.0,2026-02-13 15:18:17,True,Missouri,
Uncle Bobby's Wedding,2023-02-01,0.0,0.0,0.0,0.0,0.0,0.0,0.0,0.0,0.0,2026-02-13 15:18:44,True,Florida,
Again Again,2023-08-01,78.5,70.17,100.0,100.0,66.0,60.0,-10.62,-8.33,7.69,2026-02-13 15:19:12,True,Florida,
Age of God-Kings: Timeframe 3000-1500 BC,2025-02-01,0.0,1.11,0.0,100.0,0.0,0.0,inf,1.11,10.48,2026-02-13 15:19:39,True,Tennessee,
Unusual Chickens for the Exceptional Poultry Farmer (Unusual Chickens Series),2022-01-01,2.06,0.0,100.0,0.0,0.0,0.0,-100.0,-2.06,13.68,2026-02-13 15:20:06,True,Florida,
Uprising,2024-06-01,50.13,49.29,100.0,100.0,31.0,31.0,-1.68,-0.84,10.23,2026-02-13 15:20:33,True,Texas,
User,2024-10-01,79.76,76.19,100.0,100.0,53.0,51.0,-4.47,-3.57,15.71,2026-02-13 15:21:01,True,Tennessee,
Valentine Princess,2025-02-01,1.11,4.17,100.0,100.0,0.0,0.0,275.0,3.06,14.69,2026-02-13 15:21:28,True,Florida,
Unspeakable,2023-12-01,63.17,62.89,100.0,100.0,41.0,37.0,-0.44,-0.28,11.81,2026-02-13 15:21:56,True,Florida,
Untamed (House of Night Series),2021-11-01,0.0,1.11,0.0,100.0,0.0,0.0,inf,1.11,10.48,2026-02-13 15:22:23,True,Florida,
Until We Meet Again,2023-08-01,40.48,24.07,100.0,100.0,0.0,0.0,-40.54,-16.41,28.9,2026-02-13 15:22:50,True,Florida,
Until the Twelfth of Never: Should Betty Broderick Ever Be Free?,2024-06-01,0.0,0.0,0.0,0.0,0.0,0.0,0.0,0.0,0.0,2026-02-13 15:23:17,True,Florida,
Unforgettable,2024-06-01,69.51,71.94,100.0,100.0,48.0,44.0,3.5,2.43,11.44,2026-02-13 15:23:46,True,Iowa,
United As One,2023-08-01,37.98,51.52,100.0,100.0,13.0,5.0,35.66,13.54,24.75,2026-02-13 15:24:14,True,Florida,
Unlock Your Storybook Heart,2023-08-01,0.0,0.0,0.0,0.0,0.0,0.0,0.0,0.0,0.0,2026-02-13 15:24:42,True,Georgia,
Under the Never Sky,2023-10-01,0.0,1.11,0.0,100.0,0.0,0.0,inf,1.11,10.48,2026-02-13 15:25:10,True,Iowa,
Understanding Greek Myths,2025-04-01,1.11,2.01,100.0,100.0,0.0,0.0,81.0,0.9,12.05,2026-02-13 15:25:37,True,Tennessee,
Understanding Sexual Identity and Orientation,2024-08-01,0.0,0.0,0.0,0.0,0.0,0.0,0.0,0.0,0.0,2026-02-13 15:26:05,True,Texas,
Underworld,2025-02-01,62.69,53.16,100.0,100.0,39.0,39.0,-15.21,-9.53,11.42,2026-02-13 15:26:33,True,Florida,
Vampire Knight: Official Fanbook,2024-06-01,0.0,1.11,0.0,100.0,0.0,0.0,inf,1.11,10.48,2026-02-13 15:27:00,True,Texas,
Vampires,2025-02-01,68.18,44.7,100.0,100.0,47.0,31.0,-34.44,-23.48,16.59,2026-02-13 15:27:28,True,Tennessee,
Van Gogh and Gauguin: The Studio of the South,2023-08-01,0.0,0.0,0.0,0.0,0.0,0.0,0.0,0.0,0.0,2026-02-13 15:27:56,True,Florida,
Vanished Civilizations of the Ancient World,2025-04-01,1.11,0.0,100.0,0.0,0.0,0.0,-100.0,-1.11,10.48,2026-02-13 15:28:24,True,Tennessee,
After Summer,2023-08-01,64.41,63.42,100.0,100.0,41.0,33.0,-1.54,-0.99,12.96,2026-02-13 15:28:52,True,Florida,
After the Fall,2023-10-01,50.57,66.41,100.0,100.0,27.0,22.0,31.33,15.84,22.75,2026-02-13 15:29:21,True,Florida,
After the Ink Dries,2024-06-01,1.11,0.0,100.0,0.0,0.0,0.0,-100.0,-1.11,10.48,2026-02-13 15:29:48,True,Texas,
Aftermath,2023-08-01,37.62,36.91,100.0,100.0,22.0,24.0,-1.89,-0.71,14.13,2026-02-13 15:30:16,True,Florida,
Adventures of a Kid Magician,2022-10-01,0.0,0.0,0.0,0.0,0.0,0.0,0.0,0.0,0.0,2026-02-13 15:30:45,True,Texas,
Aesop Lake,2022-02-01,0.0,1.11,0.0,100.0,0.0,0.0,inf,1.11,10.48,2026-02-13 15:31:12,True,Tennessee,
Africa: Cultural Atlas For Young People,2023-08-01,0.0,1.11,0.0,100.0,0.0,0.0,inf,1.11,10.48,2026-02-13 15:31:41,True,Florida,
Valiant,2023-08-01,77.88,78.09,100.0,100.0,63.0,58.0,0.27,0.21,7.26,2026-02-13 15:32:08,True,Florida,
Valient: A Modern Tale of Faerie,2025-01-01,0.0,1.11,0.0,100.0,0.0,0.0,inf,1.11,10.48,2026-02-13 15:32:37,True,Florida,
Achilles,2023-08-01,60.64,8.5,100.0,100.0,50.0,5.0,-85.98,-52.14,27.44,2026-02-13 15:33:07,True,Florida,
Adolescence and the Teenage Crush (Journal Article),2024-08-01,0.0,0.0,0.0,0.0,0.0,0.0,0.0,0.0,0.0,2026-02-13 15:33:34,True,Virginia,
Violet y Finch,2025-05-01,2.13,0.0,100.0,0.0,0.0,0.0,-100.0,-2.13,14.16,2026-02-13 15:34:02,True,Texas,
Virgie Goes to School with Us Boys,2022-01-01,1.11,0.0,100.0,0.0,0.0,0.0,-100.0,-1.11,10.48,2026-02-13 15:34:30,True,Florida,
Virtue & Vengeance,2025-02-01,0.0,0.0,0.0,0.0,0.0,0.0,0.0,0.0,0.0,2026-02-13 15:35:00,True,Tennessee,
Vive La France The French Resistance W.W.2,2025-02-01,1.11,0.0,100.0,0.0,0.0,0.0,-100.0,-1.11,10.48,2026-02-13 15:35:28,True,Tennessee,
Vincent's Starry Night and Other Stories: A Children's History of Art,2025-02-01,0.0,1.11,0.0,100.0,0.0,0.0,inf,1.11,10.48,2026-02-13 15:35:55,True,Tennessee,
Violence Against the LGBTQ Community,2024-08-01,0.0,0.0,0.0,0.0,0.0,0.0,0.0,0.0,0.0,2026-02-13 15:36:23,True,Texas,
"Violence in the Media (Title only, no further information)",2025-02-01,0.0,0.0,0.0,0.0,0.0,0.0,0.0,0.0,0.0,2026-02-13 15:36:50,True,Tennessee,
Violet Made of Thorns,2023-10-01,1.88,0.0,100.0,0.0,0.0,0.0,-100.0,-1.88,12.67,2026-02-13 15:37:17,True,Iowa,
Victor and Nora: A Gotham Love Story,2021-12-01,0.0,0.0,0.0,0.0,0.0,0.0,0.0,0.0,0.0,2026-02-13 15:37:45,True,Wisconsin,
Victories Greater Than Death (Unstoppable Series),2022-02-01,0.0,1.11,0.0,100.0,0.0,0.0,inf,1.11,10.48,2026-02-13 15:38:11,True,Tennessee,
Vietnam War,2025-02-01,44.69,41.23,100.0,100.0,32.0,22.0,-7.73,-3.46,13.76,2026-02-13 15:38:39,True,Tennessee,
Vincent,2023-10-01,84.69,82.19,100.0,100.0,74.0,60.0,-2.95,-2.5,6.56,2026-02-13 15:39:07,True,Iowa,
Vanishing Girls,2023-08-01,1.11,1.11,100.0,100.0,0.0,0.0,0.0,0.0,10.48,2026-02-13 15:39:34,True,Florida,
Velázquez,2025-04-01,39.69,31.78,100.0,100.0,0.0,0.0,-19.93,-7.91,34.41,2026-02-13 15:40:01,True,Tennessee,
Verona Comics,2022-02-01,0.0,0.0,0.0,0.0,0.0,0.0,0.0,0.0,0.0,2026-02-13 15:40:28,True,Tennessee,
Abortion: Violence & Extremism,2025-02-01,0.0,0.0,0.0,0.0,0.0,0.0,0.0,0.0,0.0,2026-02-13 15:40:55,True,Tennessee,
Abraham Lincoln: Vampire Hunter,2023-11-01,13.32,11.18,100.0,100.0,0.0,0.0,-16.1,-2.14,24.5,2026-02-13 15:41:22,True,Wisconsin,
Abuela,2022-01-01,43.98,55.28,100.0,100.0,33.0,32.0,25.69,11.3,15.23,2026-02-13 15:41:49,True,Florida,
AIDS and HIV: Risky Business (Teen Issues),2023-08-01,0.0,0.0,0.0,0.0,0.0,0.0,0.0,0.0,0.0,2026-02-13 15:42:17,True,Florida,
"Aardvarks, Disembark!",2023-06-01,0.0,0.0,0.0,0.0,0.0,0.0,0.0,0.0,0.0,2026-02-13 15:42:43,True,Florida,
Abortion,2021-12-01,16.01,27.6,100.0,100.0,6.0,15.0,72.38,11.59,14.38,2026-02-13 15:43:11,True,Texas,
"Abortion (Title, no author)",2025-02-01,0.0,0.0,0.0,0.0,0.0,0.0,0.0,0.0,0.0,2026-02-13 15:43:38,True,Tennessee,
"Wandering Son, Vol. 1",2024-08-01,0.0,0.0,0.0,0.0,0.0,0.0,0.0,0.0,0.0,2026-02-13 15:44:05,True,Texas,
A Wounded Name,2023-08-01,0.0,1.11,0.0,100.0,0.0,0.0,inf,1.11,10.48,2026-02-13 15:44:32,True,Florida,
A Year Without a Name,2023-08-01,1.11,1.11,100.0,100.0,0.0,0.0,0.0,0.0,10.48,2026-02-13 15:44:59,True,Maine,
AIDS,2023-08-01,80.66,86.26,100.0,100.0,67.0,69.0,6.94,5.6,8.25,2026-02-13 15:45:27,True,Florida,
Vow of Thieves,2023-08-01,0.0,0.0,0.0,0.0,0.0,0.0,0.0,0.0,0.0,2026-02-13 15:45:54,True,Florida,
Wait Till Helen Comes,2024-10-01,2.04,10.07,100.0,100.0,0.0,0.0,392.39,8.02,21.23,2026-02-13 15:46:20,True,Florida,
Wake Up Our Souls: A Celebration of Black American Artists,2025-04-01,0.0,0.0,0.0,0.0,0.0,0.0,0.0,0.0,0.0,2026-02-13 15:46:47,True,Tennessee,
Wander in the Dark,2025-04-01,0.0,1.11,0.0,100.0,0.0,0.0,inf,1.11,10.48,2026-02-13 15:47:14,True,Florida,
We Are All Liars,2024-06-01,3.76,1.11,100.0,100.0,0.0,0.0,-70.41,-2.64,14.5,2026-02-13 15:47:41,True,Florida,
We Are Big Time,2024-08-01,18.74,24.48,100.0,100.0,0.0,0.0,30.59,5.73,30.16,2026-02-13 15:48:08,True,Florida,
We Are Lost and Found,2021-12-01,1.11,0.0,100.0,0.0,0.0,0.0,-100.0,-1.11,10.48,2026-02-13 15:48:36,True,Texas,
We Believe You: Survivors of Campus Sexual Assault Speak Out,2025-05-01,0.0,0.0,0.0,0.0,0.0,0.0,0.0,0.0,0.0,2026-02-13 15:49:03,True,Texas,
Water For Elephants,2025-06-01,44.98,42.5,100.0,100.0,0.0,0.0,-5.51,-2.48,19.57,2026-02-13 15:49:30,True,Florida,
Ways to Live Forever,2023-06-01,4.2,1.11,100.0,100.0,0.0,0.0,-73.54,-3.09,15.73,2026-02-13 15:49:57,True,Florida,
Wayward Witch,2024-08-01,1.11,0.0,100.0,0.0,0.0,0.0,-100.0,-1.11,10.48,2026-02-13 15:50:24,True,Texas,
Warcross,2023-08-01,1.11,0.0,100.0,0.0,0.0,0.0,-100.0,-1.11,10.48,2026-02-13 15:50:51,True,Florida,
Watch Me,2024-06-01,54.02,37.66,100.0,100.0,41.0,26.0,-30.3,-16.37,13.43,2026-02-13 15:51:19,True,Florida,
Watch for Me By Moonlight,2023-08-01,2.04,1.11,100.0,100.0,0.0,0.0,-45.65,-0.93,12.16,2026-02-13 15:51:46,True,Florida,
