book_title,challenge_reasons,num_reasons,primary_reason
Sloppy Firsts (Jessica Darling Series),Age-appropriateness concerns; Sexual or romantic content,2,Age-appropriateness concerns
Outlander (Outlander Series),Sexual or romantic content; Violence & mature themes,2,Sexual or romantic content
Gender Queer: A Memoir,LGBTQ+ identity & sexuality; Mental health & trauma; Sexual or romantic content,3,LGBTQ+ identity & sexuality
The Family Fletcher Takes Rock Island (Family Fletcher Series),Age-appropriateness concerns; LGBTQ+ identity & sexuality,2,Age-appropriateness concerns
Thirteen Reasons Why,Age-appropriateness concerns; Mental health & trauma,2,Age-appropriateness concerns
The Truth About Alice: A Novel,Age-appropriateness concerns; Sexual or romantic content,2,Age-appropriateness concerns
Looking for Alaska,Age-appropriateness concerns; Sexual or romantic content,2,Age-appropriateness concerns
Out of Darkness,Age-appropriateness concerns; Race & systemic inequality; Sexual or romantic content,3,Age-appropriateness concerns
I Am Not Your Perfect Mexican Daughter,Age-appropriateness concerns; Mental health & trauma,2,Age-appropriateness concerns
Milk and Honey,Gender politics & feminism; Mental health & trauma; Sexual or romantic content; Violence & mature themes,4,Gender politics & feminism
Life is Funny,Age-appropriateness concerns,1,Age-appropriateness concerns
The Bluest Eye,Race & systemic inequality,1,Race & systemic inequality
All Boys Aren't Blue,LGBTQ+ identity & sexuality; Mental health & trauma; Sexual or romantic content,3,LGBTQ+ identity & sexuality
The Absolutely True Diary of a Part-Time Indian,Age-appropriateness concerns; Race & systemic inequality,2,Age-appropriateness concerns
Home at Last,Age-appropriateness concerns,1,Age-appropriateness concerns
The Kite Runner,,0,Uncategorized
Celebrate Your Body 2: The Ultimate Puberty Book for Preteen and Teen Girls,Sexual or romantic content,1,Sexual or romantic content
Piecing Me Together,Age-appropriateness concerns; Race & systemic inequality,2,Age-appropriateness concerns
Duels and Deception,Age-appropriateness concerns; Sexual or romantic content,2,Age-appropriateness concerns
Forbidden,Age-appropriateness concerns; Sexual or romantic content; Violence & mature themes,3,Age-appropriateness concerns
This Day in June,Age-appropriateness concerns; LGBTQ+ identity & sexuality; Sexual or romantic content,3,Age-appropriateness concerns
Forever...,Age-appropriateness concerns; Sexual or romantic content,2,Age-appropriateness concerns
Everywhere Babies,Age-appropriateness concerns; LGBTQ+ identity & sexuality,2,Age-appropriateness concerns
The Hate U Give,Age-appropriateness concerns; Mental health & trauma; Race & systemic inequality; Violence & mature themes,4,Age-appropriateness concerns
Full Disclosure,Age-appropriateness concerns; LGBTQ+ identity & sexuality; Sexual or romantic content,3,Age-appropriateness concerns
Touching Spirit Bear (Spirit Bear Series),Age-appropriateness concerns; Race & systemic inequality; Violence & mature themes,3,Age-appropriateness concerns
"Wait, What?: A Comic Book Guide to Relationships, Bodies, and Growing Up",Sexual or romantic content,1,Sexual or romantic content
Beloved,Race & systemic inequality; Sexual or romantic content,2,Race & systemic inequality
Pride: The Story of Harvey Milk and the Rainbow Flag,Age-appropriateness concerns; LGBTQ+ identity & sexuality,2,Age-appropriateness concerns
Blue Is the Warmest Color,LGBTQ+ identity & sexuality; Sexual or romantic content,2,LGBTQ+ identity & sexuality
Unravel Me (Shatter Me Series),Age-appropriateness concerns; Sexual or romantic content; Violence & mature themes,3,Age-appropriateness concerns
The Benefits of Being an Octopus,Age-appropriateness concerns; Violence & mature themes,2,Age-appropriateness concerns
No One Knows About You,,0,Uncategorized
Nineteen Minutes,Mental health & trauma; Violence & mature themes,2,Mental health & trauma
Me and Earl and the Dying Girl,Age-appropriateness concerns,1,Age-appropriateness concerns
Dreaming in Cuban,,0,Uncategorized
"Queer, There and Everywhere: 23 People Who Changed the World",LGBTQ+ identity & sexuality,1,LGBTQ+ identity & sexuality
Tricks (Tricks Series),Age-appropriateness concerns; LGBTQ+ identity & sexuality; Mental health & trauma; Sexual or romantic content,4,Age-appropriateness concerns
"Trans+: Love, Sex, Romance, and Being You",LGBTQ+ identity & sexuality; Mental health & trauma; Sexual or romantic content,3,LGBTQ+ identity & sexuality
The Family Book,Age-appropriateness concerns; LGBTQ+ identity & sexuality,2,Age-appropriateness concerns
I am Jazz,Age-appropriateness concerns; Gender politics & feminism; LGBTQ+ identity & sexuality,3,Age-appropriateness concerns
Jack of Hearts (and other parts),Age-appropriateness concerns; LGBTQ+ identity & sexuality; Sexual or romantic content,3,Age-appropriateness concerns
Fun Home: A Family Tragicomic,LGBTQ+ identity & sexuality,1,LGBTQ+ identity & sexuality
Extremely Loud & Incredibly Close,,0,Uncategorized
"Love, Hate & Other Filters",Age-appropriateness concerns,1,Age-appropriateness concerns
Doing It!: Let's Talk About Sex,Gender politics & feminism; LGBTQ+ identity & sexuality; Mental health & trauma; Sexual or romantic content,4,Gender politics & feminism
This Book Is Gay,LGBTQ+ identity & sexuality; Sexual or romantic content,2,LGBTQ+ identity & sexuality
The Haters,Age-appropriateness concerns,1,Age-appropriateness concerns
grl2grl,Age-appropriateness concerns; LGBTQ+ identity & sexuality; Sexual or romantic content,3,Age-appropriateness concerns
Flamer,Age-appropriateness concerns; LGBTQ+ identity & sexuality; Mental health & trauma,3,Age-appropriateness concerns
A Peacock Among Pigeons,Age-appropriateness concerns; LGBTQ+ identity & sexuality,2,Age-appropriateness concerns
Fifty Shades of Grey (Fifty Shades Series),Sexual or romantic content,1,Sexual or romantic content
A Day in the Life of Marlon Bundo,Age-appropriateness concerns; LGBTQ+ identity & sexuality; Sexual or romantic content,3,Age-appropriateness concerns
The Purim Superhero,Age-appropriateness concerns; LGBTQ+ identity & sexuality,2,Age-appropriateness concerns
Beautiful Bastard (Beautiful Bastard Series),,0,Uncategorized
All American Boys,Age-appropriateness concerns; Race & systemic inequality,2,Age-appropriateness concerns
Fates and Furies,Sexual or romantic content,1,Sexual or romantic content
Being Jazz: My Life as a (Transgender) Teen,LGBTQ+ identity & sexuality; Mental health & trauma,2,LGBTQ+ identity & sexuality
Drama: A Graphic Novel,Age-appropriateness concerns,1,Age-appropriateness concerns
The God of Small Things,,0,Uncategorized
The Handmaid's Tale,Gender politics & feminism; Violence & mature themes,2,Gender politics & feminism
The Parker Inheritance,Age-appropriateness concerns,1,Age-appropriateness concerns
The Black Friend: On Being a Better White Person,Race & systemic inequality,1,Race & systemic inequality
Caraval (Caraval Series),Age-appropriateness concerns,1,Age-appropriateness concerns
A Court of Mist and Fury (A Court of Thorns and Roses Series),Age-appropriateness concerns; Sexual or romantic content,2,Age-appropriateness concerns
Eleanor & Park,Age-appropriateness concerns; Sexual or romantic content,2,Age-appropriateness concerns
The Handmaid's Tale: The Graphic Novel,Gender politics & feminism; Violence & mature themes,2,Gender politics & feminism
"Mommy, Mama, and Me",Age-appropriateness concerns; LGBTQ+ identity & sexuality; Sexual or romantic content,3,Age-appropriateness concerns
"It's Perfectly Normal: Changing Bodies, Growing Up, Sex, and Sexual Health",Age-appropriateness concerns; LGBTQ+ identity & sexuality; Mental health & trauma; Sexual or romantic content,4,Age-appropriateness concerns
"Real Live Boyfriends: Yes. Boyfriends, Plural. If My Life Weren't Complicated, I Wouldn't Be Ruby Oliver",Age-appropriateness concerns,1,Age-appropriateness concerns
How Beautiful We Were,Race & systemic inequality,1,Race & systemic inequality
And Tango Makes Three,Age-appropriateness concerns; LGBTQ+ identity & sexuality,2,Age-appropriateness concerns
Fly on the Wall: How One Girl Saw Everything,Age-appropriateness concerns; Sexual or romantic content,2,Age-appropriateness concerns
Call Me Max (Max and Friends Series),,0,Uncategorized
"Sex Plus: Learning, Loving, and Enjoying Your Body",LGBTQ+ identity & sexuality; Sexual or romantic content,2,LGBTQ+ identity & sexuality
Two Boys Kissing,Age-appropriateness concerns; LGBTQ+ identity & sexuality; Sexual or romantic content,3,Age-appropriateness concerns
Speak,Age-appropriateness concerns; Mental health & trauma,2,Age-appropriateness concerns
The Perks of Being a Wallflower,Age-appropriateness concerns; Mental health & trauma; Sexual or romantic content,3,Age-appropriateness concerns
Dead Until Dark (Sookie Stackhouse Series),Sexual or romantic content,1,Sexual or romantic content
"Sex is a Funny Word: A Book about Bodies, Feelings, and YOU",Age-appropriateness concerns; Sexual or romantic content,2,Age-appropriateness concerns
The Circle (The Circle Series),Violence & mature themes,1,Violence & mature themes
Two Dads: A Book About Adopton,LGBTQ+ identity & sexuality; Sexual or romantic content,2,LGBTQ+ identity & sexuality
More Happy Than Not,Age-appropriateness concerns; Mental health & trauma,2,Age-appropriateness concerns
Blended,Age-appropriateness concerns,1,Age-appropriateness concerns
Let Me Hear a Rhyme,Age-appropriateness concerns; Race & systemic inequality,2,Age-appropriateness concerns
Killing Mr. Griffin,Age-appropriateness concerns; Violence & mature themes,2,Age-appropriateness concerns
The Vincent Boys (The Vincent Boys Series),Age-appropriateness concerns,1,Age-appropriateness concerns
Daddy's Roommate,Age-appropriateness concerns; LGBTQ+ identity & sexuality,2,Age-appropriateness concerns
S.E.X.: The All-You-Need-To-Know Progressive Sexuality Guide to Get You Through High School and College,Gender politics & feminism; LGBTQ+ identity & sexuality; Sexual or romantic content,3,Gender politics & feminism
The Scottsboro Boys,,0,Uncategorized
This One Summer,Age-appropriateness concerns,1,Age-appropriateness concerns
"Girl, Woman, Other",Gender politics & feminism; LGBTQ+ identity & sexuality,2,Gender politics & feminism
Normal People,Age-appropriateness concerns,1,Age-appropriateness concerns
Uglies (Uglies Series),Age-appropriateness concerns; Sexual or romantic content; Violence & mature themes,3,Age-appropriateness concerns
American Born Chinese,Age-appropriateness concerns; Mental health & trauma,2,Age-appropriateness concerns
Triangles,Age-appropriateness concerns; LGBTQ+ identity & sexuality; Sexual or romantic content,3,Age-appropriateness concerns
Discovering Wes Moore,Age-appropriateness concerns; Race & systemic inequality; Violence & mature themes,3,Age-appropriateness concerns
Dear Martin,Age-appropriateness concerns; Race & systemic inequality,2,Age-appropriateness concerns
What Girls Are Made Of,Age-appropriateness concerns; Gender politics & feminism; Sexual or romantic content; Violence & mature themes,4,Age-appropriateness concerns
Monday's Not Coming,Age-appropriateness concerns; Mental health & trauma; Violence & mature themes,3,Age-appropriateness concerns
Almost Perfect,Age-appropriateness concerns; LGBTQ+ identity & sexuality; Sexual or romantic content,3,Age-appropriateness concerns
Melissa (George),Age-appropriateness concerns; LGBTQ+ identity & sexuality,2,Age-appropriateness concerns
Worm Loves Worm,Age-appropriateness concerns; LGBTQ+ identity & sexuality,2,Age-appropriateness concerns
The Gender Quest Workbook: A Guide for Teens and Young Adults Exploring Gender Identity,Gender politics & feminism; LGBTQ+ identity & sexuality; Mental health & trauma; Sexual or romantic content,4,Gender politics & feminism
Lola Levine and the Ballet Scheme (Lola Levine Series),Age-appropriateness concerns,1,Age-appropriateness concerns
We March,Age-appropriateness concerns; Race & systemic inequality,2,Age-appropriateness concerns
Morris Micklewhite and the Tangerine Dress,Age-appropriateness concerns; Gender politics & feminism; LGBTQ+ identity & sexuality,3,Age-appropriateness concerns
How We Fight White Supremacy,Race & systemic inequality,1,Race & systemic inequality
Lola at the Library with Mommy (Lola Series),Age-appropriateness concerns,1,Age-appropriateness concerns
Yasmin the Zookeeper (Yasmin Series),Age-appropriateness concerns,1,Age-appropriateness concerns
All the Colors We Are: Todos los colores de nuestra piel/The Story of How We Get Our Skin Color,Age-appropriateness concerns,1,Age-appropriateness concerns
Lola Levine Is Not Mean! (Lola Levine Series),Age-appropriateness concerns; Race & systemic inequality,2,Age-appropriateness concerns
Who Was Lucille Ball? (Who was...? Series),Age-appropriateness concerns; Gender politics & feminism,2,Age-appropriateness concerns
Who Was Maria Tallchief? (Who was...? Series),Age-appropriateness concerns; Race & systemic inequality,2,Age-appropriateness concerns
Each Kindness,Age-appropriateness concerns; Mental health & trauma,2,Age-appropriateness concerns
What Were the Negro Leagues? (What was...? Series),Age-appropriateness concerns; Race & systemic inequality,2,Age-appropriateness concerns
This Is My America,Age-appropriateness concerns; Race & systemic inequality; Violence & mature themes,3,Age-appropriateness concerns
"I am Martin Luther King, Jr.",Age-appropriateness concerns; Race & systemic inequality,2,Age-appropriateness concerns
How to Be an Antiracist,Race & systemic inequality,1,Race & systemic inequality
Always my Dad,Age-appropriateness concerns,1,Age-appropriateness concerns
"47,000 Beads",,0,Uncategorized
25 Women Who Ruled,,0,Uncategorized
Pushout: The Criminalization of Black Girls in Schools,,0,Uncategorized
Before John Was a Jazz Giant: A Song of John Coltrane,Age-appropriateness concerns; Race & systemic inequality,2,Age-appropriateness concerns
One Green Apple,Age-appropriateness concerns; Race & systemic inequality,2,Age-appropriateness concerns
"Mission Star-Power (Jaden Toussaint, the Greatest Series)",Age-appropriateness concerns,1,Age-appropriateness concerns
All the World,Age-appropriateness concerns,1,Age-appropriateness concerns
Hey Black Child,Age-appropriateness concerns; Race & systemic inequality,2,Age-appropriateness concerns
Yasmin the Fashionista (Yasmin Series),Age-appropriateness concerns,1,Age-appropriateness concerns
No Mirrors in My Nana's House: Musical CD and Book,Age-appropriateness concerns,1,Age-appropriateness concerns
Because,Age-appropriateness concerns,1,Age-appropriateness concerns
"Jasmine Toguchi, Drummer Girl (Jasmine Toguchi Series)",Age-appropriateness concerns,1,Age-appropriateness concerns
Team BFF: Race to the Finish! (Girls Who Code Series),Age-appropriateness concerns,1,Age-appropriateness concerns
Hands Up!,Age-appropriateness concerns; Race & systemic inequality,2,Age-appropriateness concerns
The Power of One: Every Act of Kindness Counts,Age-appropriateness concerns; Mental health & trauma,2,Age-appropriateness concerns
Yasmin the Friend (Yasmin Series),Age-appropriateness concerns,1,Age-appropriateness concerns
The Art of Critical Pedagogy: Possibilities for Moving from Theory to Practice in Urban Schools,Race & systemic inequality,1,Race & systemic inequality
King & Kayla and the Case of the Lost Tooth (King & Kayla Series),Age-appropriateness concerns,1,Age-appropriateness concerns
Lola Loves Stories with Daddy (Lola Series),Age-appropriateness concerns,1,Age-appropriateness concerns
Ghost Boys,Age-appropriateness concerns; Race & systemic inequality; Violence & mature themes,3,Age-appropriateness concerns
As Fast as Words Could Fly,Race & systemic inequality,1,Race & systemic inequality
My Family Adventure (Sofía Martínez Series),Age-appropriateness concerns; Race & systemic inequality,2,Age-appropriateness concerns
Harvesting Hope: The Story of Cesar Chavez,Age-appropriateness concerns; Race & systemic inequality,2,Age-appropriateness concerns
"Daddy, There's A Noise Outside",Violence & mature themes,1,Violence & mature themes
Michelle,Age-appropriateness concerns; Race & systemic inequality,2,Age-appropriateness concerns
Who Wants I Scream? (Desmond Cole Ghost Patrol Series),Age-appropriateness concerns,1,Age-appropriateness concerns
Planet Omar: Unexpected Super Spy (Planet Omar Series),Age-appropriateness concerns,1,Age-appropriateness concerns
Exquisite: The Poetry and Life of Gwendolyn Brooks,Age-appropriateness concerns; Race & systemic inequality,2,Age-appropriateness concerns
Ada Byron Lovelace and the Thinking Machine,Age-appropriateness concerns,1,Age-appropriateness concerns
Saturday,Age-appropriateness concerns; Race & systemic inequality,2,Age-appropriateness concerns
Culturally Sustaining Pedagogies: Teaching and Learning for Justice in a Changing World,Race & systemic inequality,1,Race & systemic inequality
Mindy Kim and the Birthday Puppy (Mindy Kim Series),Age-appropriateness concerns,1,Age-appropriateness concerns
"Reparations, Yes!: The Legal And Political Reasons Why New Afrikans, Black People In North America, Should Be Paid Now For The Enslavement Of Our Ancestors",,0,Uncategorized
Rainbow Revolutionaries: Fifty LGBTQ+ People Who Made History,Age-appropriateness concerns; LGBTQ+ identity & sexuality,2,Age-appropriateness concerns
Shopping Trip Trouble (Sofía Martínez Series),Age-appropriateness concerns,1,Age-appropriateness concerns
Another,Age-appropriateness concerns; Race & systemic inequality,2,Age-appropriateness concerns
"Ghosts Don't Ride Bikes, Do They? (Desmond Cole Ghost Patrol Series)",Age-appropriateness concerns,1,Age-appropriateness concerns
"Same, Same But Different",Age-appropriateness concerns,1,Age-appropriateness concerns
"Big Hair, Don't Care",Age-appropriateness concerns,1,Age-appropriateness concerns
The Sleepwalking Snowman (Desmond Cole Ghost Patrol Series),Age-appropriateness concerns,1,Age-appropriateness concerns
Lola Plants a Garden (Lola Series),Age-appropriateness concerns,1,Age-appropriateness concerns
Jabari Jumps (Jabari Series),Age-appropriateness concerns; Race & systemic inequality,2,Age-appropriateness concerns
Peanut Goes for the Gold,Age-appropriateness concerns; LGBTQ+ identity & sexuality,2,Age-appropriateness concerns
Every Day Is Exciting (Sofía Martínez Series),Age-appropriateness concerns,1,Age-appropriateness concerns
A is for Activist,Age-appropriateness concerns; Gender politics & feminism; LGBTQ+ identity & sexuality; Race & systemic inequality,4,Age-appropriateness concerns
"Jasmine Toguchi, Mochi Queen (Jasmine Toguchi Series)",Age-appropriateness concerns,1,Age-appropriateness concerns
Lulu and the Duck in the Park (Lulu Series),Age-appropriateness concerns,1,Age-appropriateness concerns
Max and the Tag-Along Moon,Age-appropriateness concerns; Race & systemic inequality,2,Age-appropriateness concerns
Counting on Katherine: How Katherine Johnson Saved Apollo 13,Age-appropriateness concerns,1,Age-appropriateness concerns
Faces at the Bottom of the Well: The Permanence of Racism,Race & systemic inequality,1,Race & systemic inequality
Ramadan Around The World,Age-appropriateness concerns,1,Age-appropriateness concerns
Cultivating Genius: An Equity Framework for Culturally and Historically Responsive Literacy,Race & systemic inequality,1,Race & systemic inequality
Ghouls Just Want to Have Fun (Desmond Cole Ghost Patrol Series),,0,Uncategorized
Monster Trouble!,Age-appropriateness concerns,1,Age-appropriateness concerns
How Many Stars in the Sky?,Age-appropriateness concerns; Race & systemic inequality,2,Age-appropriateness concerns
My Family Plays Music,Age-appropriateness concerns; Race & systemic inequality,2,Age-appropriateness concerns
"Trivia Queen, 3rd Grade Supreme (Ruby and the Booker Boys Series)",Age-appropriateness concerns,1,Age-appropriateness concerns
White Fragility: Why It's So Hard for White People to Talk About Racism,Race & systemic inequality,1,Race & systemic inequality
"Culturally and Linguistically Responsive Teaching and Learning – Classroom Practices for Student Success, Grades K-12",,0,Uncategorized
Alma and How She Got Her Name,Age-appropriateness concerns; Race & systemic inequality,2,Age-appropriateness concerns
Trombone Shorty,Age-appropriateness concerns; Race & systemic inequality,2,Age-appropriateness concerns
Chasing Space Young Readers' Edition,,0,Uncategorized
WeirDo Series: WeirDo,Age-appropriateness concerns,1,Age-appropriateness concerns
Rap a Tap Tap: Here's Bojangles - Think of That!,Age-appropriateness concerns,1,Age-appropriateness concerns
African American Cowboys: True Heroes Of The Old West,,0,Uncategorized
Nelson Beats The Odds,Age-appropriateness concerns; Mental health & trauma,2,Age-appropriateness concerns
"The Book Itch: Freedom, Truth & Harlem's Greatest Bookstore",Age-appropriateness concerns,1,Age-appropriateness concerns
Leila in Saffron,Age-appropriateness concerns; Race & systemic inequality,2,Age-appropriateness concerns
The Story of Rap,Age-appropriateness concerns,1,Age-appropriateness concerns
Yasmin the Librarian (Yasmin Series),Age-appropriateness concerns,1,Age-appropriateness concerns
The Marigold Mess (Sofía Martínez Series),Age-appropriateness concerns,1,Age-appropriateness concerns
The Name Jar,Age-appropriateness concerns; LGBTQ+ identity & sexuality; Race & systemic inequality,3,Age-appropriateness concerns
I'm a Pretty Little Black Girl!,Age-appropriateness concerns; Race & systemic inequality,2,Age-appropriateness concerns
King & Kayla and the Case of the Mysterious Mouse (King & Kayla Series),Age-appropriateness concerns,1,Age-appropriateness concerns
Lola Loves Stories (Lola Series),Age-appropriateness concerns,1,Age-appropriateness concerns
Subtractive Schooling: U.S.-Mexican Youth and the Politics of Caring,Race & systemic inequality,1,Race & systemic inequality
¿De Dónde Eres?/Where Are You From?,Age-appropriateness concerns; Race & systemic inequality,2,Age-appropriateness concerns
"The Quest for Screen Time (Jaden Toussaint, the Greatest Series)",,0,Uncategorized
King & Kayla and the Case of the Missing Dog Treats (King & Kayla Series),Age-appropriateness concerns,1,Age-appropriateness concerns
WeirDo Series: Hopping Weird!,Age-appropriateness concerns,1,Age-appropriateness concerns
"Grandpa Cacao: A Tale of Chocolate, from Farm to Family",Age-appropriateness concerns,1,Age-appropriateness concerns
Encounter,Age-appropriateness concerns; Race & systemic inequality,2,Age-appropriateness concerns
Esta bien ser diferente/It's Okay to Be Different (Spanish Version),Age-appropriateness concerns; LGBTQ+ identity & sexuality; Race & systemic inequality,3,Age-appropriateness concerns
"Muffin Wars (Jaden Toussaint, the Greatest Series)",,0,Uncategorized
Spotlight on Coding Club! (Girls Who Code Series),Age-appropriateness concerns; Mental health & trauma,2,Age-appropriateness concerns
Come with Me,Age-appropriateness concerns; Race & systemic inequality,2,Age-appropriateness concerns
Who Was Maya Angelou? (Who was...? Series),Age-appropriateness concerns; Race & systemic inequality,2,Age-appropriateness concerns
The Sunday Outing,Age-appropriateness concerns; Race & systemic inequality,2,Age-appropriateness concerns
Lola Levine Meets Jelly and Bean (Lola Levine Series),Age-appropriateness concerns,1,Age-appropriateness concerns
An Indigenous Peoples' History of the United States,Race & systemic inequality,1,Race & systemic inequality
Who Was Cesar Chavez? (Who was...? Series),Age-appropriateness concerns; Race & systemic inequality,2,Age-appropriateness concerns
When Stars Are Scattered,Age-appropriateness concerns; Sexual or romantic content,2,Age-appropriateness concerns
The New Jim Crow: Mass Incarceration in the Age of Colorblindness,Race & systemic inequality,1,Race & systemic inequality
Lovely,Age-appropriateness concerns; LGBTQ+ identity & sexuality; Race & systemic inequality,3,Age-appropriateness concerns
Catching the Moon: The Story of a Young Girl's Baseball Dream,Age-appropriateness concerns; Race & systemic inequality,2,Age-appropriateness concerns
"Black Appetite. White Food.: Issues of Race, Voice, and Justice Within and Beyond the Classroom",Race & systemic inequality,1,Race & systemic inequality
"Brand New School, Brave New Ruby (Ruby and the Booker Boys Series)",Age-appropriateness concerns,1,Age-appropriateness concerns
"Transformative Ethnic Studies in Schools: Curriculum, Pedagogy, and Research",Race & systemic inequality,1,Race & systemic inequality
"Attack of the Swamp Thing (Jaden Toussaint, the Greatest Series)",,0,Uncategorized
"Sofia Valdez, Future Prez (Questioneers Picture Books Series)",Age-appropriateness concerns,1,Age-appropriateness concerns
"Pele, King of Soccer/Pele, El rey del futbol: Bilingual Spanish-English",Age-appropriateness concerns,1,Age-appropriateness concerns
Fry Bread: A Native American Family Story,Age-appropriateness concerns; Race & systemic inequality,2,Age-appropriateness concerns
IntersectionAllies: We Make Room for All,,0,Uncategorized
You Matter,Age-appropriateness concerns; Race & systemic inequality,2,Age-appropriateness concerns
Say Something,Age-appropriateness concerns; Race & systemic inequality,2,Age-appropriateness concerns
Stamped from the Beginning: The Definitive History of Racist Ideas in America,Race & systemic inequality,1,Race & systemic inequality
Who Are Venus and Serena Williams? (What was...? Series),Age-appropriateness concerns,1,Age-appropriateness concerns
Can We Talk about Race?: And Other Conversations in an Era of School Resegregation,Race & systemic inequality; Sexual or romantic content,2,Race & systemic inequality
Who Is Derek Jeter? (Who was...? Series),Age-appropriateness concerns,1,Age-appropriateness concerns
Niño Wrestles the World (Niño Series),Age-appropriateness concerns; Race & systemic inequality,2,Age-appropriateness concerns
Clap When You Land,Age-appropriateness concerns; LGBTQ+ identity & sexuality,2,Age-appropriateness concerns
The Other Side,Age-appropriateness concerns; Race & systemic inequality,2,Age-appropriateness concerns
Yasmin the Scientist (Yasmin Series),Age-appropriateness concerns,1,Age-appropriateness concerns
WeirDo Series: Splashy Weird!,Age-appropriateness concerns,1,Age-appropriateness concerns
WeirDo Series: Weirdomania!,Age-appropriateness concerns,1,Age-appropriateness concerns
Hair Love,Age-appropriateness concerns; Race & systemic inequality,2,Age-appropriateness concerns
Planet Omar: Epic Hero Flop (Planet Omar Series),Age-appropriateness concerns,1,Age-appropriateness concerns
WeirDo Series: Even Weirder!,Age-appropriateness concerns,1,Age-appropriateness concerns
Condoleezza Rice: Being the Best (Gateway Biographies),Age-appropriateness concerns,1,Age-appropriateness concerns
Pink Is for Boys,Age-appropriateness concerns,1,Age-appropriateness concerns
Singing Superstar (Sofía Martínez Series),Age-appropriateness concerns,1,Age-appropriateness concerns
Smoky Night,Age-appropriateness concerns; Race & systemic inequality,2,Age-appropriateness concerns
Fishing Day,Age-appropriateness concerns; Race & systemic inequality,2,Age-appropriateness concerns
Who Was Frida Kahlo? (Who was...? Series),Age-appropriateness concerns,1,Age-appropriateness concerns
Amazing Grace (Grace Series),Age-appropriateness concerns,1,Age-appropriateness concerns
Julián Is a Mermaid (Julián Series),Age-appropriateness concerns,1,Age-appropriateness concerns
"Surf's Up, Creepy Stuff! (Desmond Cole Ghost Patrol Series)",Age-appropriateness concerns; Mental health & trauma,2,Age-appropriateness concerns
WeirDo Series: Spooky Weird!,Age-appropriateness concerns,1,Age-appropriateness concerns
"Can I Touch Your Hair? Poems of Race, Mistakes, and Friendship",Age-appropriateness concerns,1,Age-appropriateness concerns
All the Colors We Are: Todos los colores de nuestra piel/The Story of How We Get Our Skin Color (Spanish Version),Age-appropriateness concerns,1,Age-appropriateness concerns
Henry's Freedom Box: A True Story from the Underground Railroad,Age-appropriateness concerns; Race & systemic inequality,2,Age-appropriateness concerns
Lola Reads to Leo (Lola Series),Age-appropriateness concerns,1,Age-appropriateness concerns
"Sing a Song: How ""Lift Every Voice and Sing"" Inspired Generations",Age-appropriateness concerns; Race & systemic inequality,2,Age-appropriateness concerns
I Am Rosa Parks,Age-appropriateness concerns; Race & systemic inequality,2,Age-appropriateness concerns
Your Name Is a Song,Age-appropriateness concerns; Race & systemic inequality,2,Age-appropriateness concerns
Patina (Track Series),Age-appropriateness concerns,1,Age-appropriateness concerns
Hank's Big Day: The Story of a Bug,Age-appropriateness concerns,1,Age-appropriateness concerns
Teach Us Your Name: Empowering Children to Teach Others to Pronounce Their Names Correctly,LGBTQ+ identity & sexuality,1,LGBTQ+ identity & sexuality
"This Book Is Anti-Racist: 20 Lessons on How to Wake Up, Take Action, and Do the Work",Race & systemic inequality,1,Race & systemic inequality
All Are Welcome,Age-appropriateness concerns,1,Age-appropriateness concerns
Little Leaders: Bold Women in Black History,Age-appropriateness concerns; Gender politics & feminism,2,Age-appropriateness concerns
"Tito Puente, Mambo King/Tito Puente, Rey del Mambo",Age-appropriateness concerns,1,Age-appropriateness concerns
Mixed Me!,Age-appropriateness concerns; Race & systemic inequality,2,Age-appropriateness concerns
Not Norman: A Goldfish Story,Age-appropriateness concerns,1,Age-appropriateness concerns
Anna Hibiscus (Anna Hibiscus Series),,0,Uncategorized
Ninth Ward (The Louisiana Girls Trilogy Series),Age-appropriateness concerns; Race & systemic inequality,2,Age-appropriateness concerns
Escape from the Roller Ghoster (Desmond Cole Ghost Patrol Series),,0,Uncategorized
Refugee,Age-appropriateness concerns; Violence & mature themes,2,Age-appropriateness concerns
I Am Human: A Book of Empathy (I Am... Series),Age-appropriateness concerns; Mental health & trauma,2,Age-appropriateness concerns
Yasmin the Gardener (Yasmin Series),Age-appropriateness concerns,1,Age-appropriateness concerns
Mae Among the Stars,Age-appropriateness concerns,1,Age-appropriateness concerns
"¡Solo pregunta!: Sé Diferente, Sé Valiente, Sé Tú",Age-appropriateness concerns,1,Age-appropriateness concerns
Bilal Cooks Daal,Age-appropriateness concerns; Race & systemic inequality,2,Age-appropriateness concerns
I Am Who I Am,Age-appropriateness concerns,1,Age-appropriateness concerns
WeirDo Series: Crazy Weird!,Age-appropriateness concerns,1,Age-appropriateness concerns
The Proudest Blue: A Story of Hijab and Family,Age-appropriateness concerns; Religion & worldview,2,Age-appropriateness concerns
Amelia to Zora: Twenty-Six Women Who Changed the World,Age-appropriateness concerns,1,Age-appropriateness concerns
Changing the Equation: 50+ US Black Women in STEM,Age-appropriateness concerns; Race & systemic inequality,2,Age-appropriateness concerns
Yasmin the Superhero (Yasmin Series),Age-appropriateness concerns,1,Age-appropriateness concerns
Look Both Ways: A Tale Told in Ten Blocks,Age-appropriateness concerns,1,Age-appropriateness concerns
A Bike Like Sergio's,Age-appropriateness concerns,1,Age-appropriateness concerns
Mindy Kim and the Fairy-Tale Wedding (Mindy Kim Series),Age-appropriateness concerns,1,Age-appropriateness concerns
Abuela's Birthday (Sofía Martínez Series),Age-appropriateness concerns,1,Age-appropriateness concerns
"Chocolate Milk, Por Favor",Age-appropriateness concerns,1,Age-appropriateness concerns
"The Ladek Invasion (Jaden Toussaint, the Greatest Series)",Age-appropriateness concerns,1,Age-appropriateness concerns
Nikki & Deja (Nikki & Deja Series),Age-appropriateness concerns,1,Age-appropriateness concerns
Indian No More,Age-appropriateness concerns; Race & systemic inequality,2,Age-appropriateness concerns
My Papi Has a Motorcycle,Age-appropriateness concerns; Race & systemic inequality,2,Age-appropriateness concerns
The People Shall Continue,Age-appropriateness concerns; Race & systemic inequality,2,Age-appropriateness concerns
Abuela's Special Letters (Sofía Martínez Series),Age-appropriateness concerns,1,Age-appropriateness concerns
"Hey, Charleston!: The True Story of the Jenkins Orphanage Band",Age-appropriateness concerns; Violence & mature themes,2,Age-appropriateness concerns
25 Women Who Fought Back,,0,Uncategorized
"Jasmine Toguchi, Flamingo Keeper (Jasmine Toguchi Series)",Age-appropriateness concerns,1,Age-appropriateness concerns
WeirDo Series: Really Weird!,Age-appropriateness concerns,1,Age-appropriateness concerns
Yasmin the Teacher (Yasmin Series),Age-appropriateness concerns,1,Age-appropriateness concerns
The Boy Who Didn't Believe in Spring,Age-appropriateness concerns; Race & systemic inequality,2,Age-appropriateness concerns
The Missing Mouse (Sofía Martínez Series),Age-appropriateness concerns,1,Age-appropriateness concerns
Mindy Kim and the Trip to Korea (Mindy Kim Series),Age-appropriateness concerns,1,Age-appropriateness concerns
Gordon Parks: How the Photographer Captured Black and White America,Age-appropriateness concerns; Race & systemic inequality,2,Age-appropriateness concerns
Not Quite Snow White,Age-appropriateness concerns; Race & systemic inequality,2,Age-appropriateness concerns
The 5 O'Clock Band,Age-appropriateness concerns; Race & systemic inequality,2,Age-appropriateness concerns
Cilla Lee-Jenkins: The Epic Story (Cilla Lee-Jenkins Series),Age-appropriateness concerns,1,Age-appropriateness concerns
Little Melba and Her Big Trombone,Age-appropriateness concerns,1,Age-appropriateness concerns
"Squeak, Rumble, Whomp! Whomp! Whomp!: A Sonic Adventure",Age-appropriateness concerns,1,Age-appropriateness concerns
I Promise,Age-appropriateness concerns; Race & systemic inequality,2,Age-appropriateness concerns
King & Kayla and the Case of the Secret Code (King & Kayla Series),Age-appropriateness concerns,1,Age-appropriateness concerns
The Girl with a Mind for Math: The Story of Raye Montague,Age-appropriateness concerns; Race & systemic inequality,2,Age-appropriateness concerns
Cilla Lee-Jenkins: This Book Is a Classic (Cilla Lee-Jenkins Series),Age-appropriateness concerns; Race & systemic inequality,2,Age-appropriateness concerns
Yasmin the Chef (Yasmin Series),Age-appropriateness concerns,1,Age-appropriateness concerns
Bat and the Waiting Game (A Boy Called Bat Series),Age-appropriateness concerns,1,Age-appropriateness concerns
A Kids Book About Racism,Age-appropriateness concerns; Race & systemic inequality,2,Age-appropriateness concerns
What Was Stonewall? (What was...? Series),Age-appropriateness concerns; LGBTQ+ identity & sexuality; Race & systemic inequality,3,Age-appropriateness concerns
Sulwe,Age-appropriateness concerns; Race & systemic inequality,2,Age-appropriateness concerns
WeirDo Series: Messy Weird!,Age-appropriateness concerns,1,Age-appropriateness concerns
They Called Us Enemy,Race & systemic inequality; Violence & mature themes,2,Race & systemic inequality
Tameka's New Dress,Age-appropriateness concerns; Mental health & trauma,2,Age-appropriateness concerns
WeirDo Series: Planet Weird,Age-appropriateness concerns,1,Age-appropriateness concerns
Teaching to Transgress: Education as the Practice of Freedom,Gender politics & feminism; Race & systemic inequality; Sexual or romantic content,3,Gender politics & feminism
Skin Like Mine (Kids Like Mine Series),Age-appropriateness concerns,1,Age-appropriateness concerns
25 Women Who Dared to Go,,0,Uncategorized
"Shining Legacy: A Treasury of ""Storypoems and Tales for the Young So Black Heroes Forever Will Be Sung""",,0,Uncategorized
Before the Ever After,Age-appropriateness concerns,1,Age-appropriateness concerns
Culturally Responsive Teaching and The Brain: Promoting Authentic Engagement and Rigor Among Culturally and Linguistically Diverse Students,,0,Uncategorized
Who Was Eleanor Roosevelt? (Who was...? Series),Age-appropriateness concerns; Race & systemic inequality,2,Age-appropriateness concerns
Separate Is Never Equal: Sylvia Mendez and Her Family’s Fight for Desegregation,Age-appropriateness concerns; Race & systemic inequality,2,Age-appropriateness concerns
Yasmin the Writer (Yasmin Series),Age-appropriateness concerns,1,Age-appropriateness concerns
Around Our Way on Neighbors' Day,Age-appropriateness concerns,1,Age-appropriateness concerns
King & Kayla and the Case of Found Fred (King & Kayla Series),Age-appropriateness concerns,1,Age-appropriateness concerns
A is for Audra: Broadway's Leading Ladies from A to Z,Age-appropriateness concerns,1,Age-appropriateness concerns
Peeny Butter Fudge,Age-appropriateness concerns; Race & systemic inequality,2,Age-appropriateness concerns
The Friendship Code (Girls Who Code Series),Age-appropriateness concerns; Gender politics & feminism,2,Age-appropriateness concerns
Planet Omar: Incredible Rescue Mission (Planet Omar Series),Age-appropriateness concerns,1,Age-appropriateness concerns
Everyday Antiracism: Getting Real About Race in School,Race & systemic inequality,1,Race & systemic inequality
Lola Sleeps Over (Lola Series),Age-appropriateness concerns; Race & systemic inequality,2,Age-appropriateness concerns
"""Multiplication Is for White People"": Raising Expectations for Other People's Children",,0,Uncategorized
Hot Day on Abbott Avenue,Age-appropriateness concerns,1,Age-appropriateness concerns
Duke Ellington: The Piano Prince and His Orchestra,Age-appropriateness concerns; Race & systemic inequality,2,Age-appropriateness concerns
Malala's Magic Pencil,Age-appropriateness concerns; Gender politics & feminism; Race & systemic inequality,3,Age-appropriateness concerns
Who Was Harriet Beecher Stowe? (Who was...? Series),Age-appropriateness concerns; Race & systemic inequality; Violence & mature themes,3,Age-appropriateness concerns
Sofia's Party Shoes (Sofía Martínez Series),Age-appropriateness concerns,1,Age-appropriateness concerns
Shades of People,Age-appropriateness concerns; Race & systemic inequality,2,Age-appropriateness concerns
WeirDo Series: Spinning Weird,Age-appropriateness concerns,1,Age-appropriateness concerns
WeirDo Series: Extra Weird!,Age-appropriateness concerns,1,Age-appropriateness concerns
Parachutes,Age-appropriateness concerns; LGBTQ+ identity & sexuality; Mental health & trauma; Race & systemic inequality; Sexual or romantic content,5,Age-appropriateness concerns
El Día En Que Descubres Quién Eres,Age-appropriateness concerns; Race & systemic inequality,2,Age-appropriateness concerns
WeirDo Series: Totally Weird!,Age-appropriateness concerns,1,Age-appropriateness concerns
Yasmin the Painter (Yasmin Series),Age-appropriateness concerns,1,Age-appropriateness concerns
Who Was Marie Curie? (Who was...? Series),Age-appropriateness concerns,1,Age-appropriateness concerns
From the Stars in the Sky to the Fish in the Sea,Age-appropriateness concerns; Gender politics & feminism; LGBTQ+ identity & sexuality,3,Age-appropriateness concerns
Stella Díaz Has Something to Say (Stella Díaz Series),Age-appropriateness concerns; LGBTQ+ identity & sexuality,2,Age-appropriateness concerns
Amal Unbound,Age-appropriateness concerns,1,Age-appropriateness concerns
Our Favorite African Adrinkra Symbols: A Coloring Book,,0,Uncategorized
So You Want to Talk About Race,LGBTQ+ identity & sexuality; Race & systemic inequality,2,LGBTQ+ identity & sexuality
Beyond Theory: A Blueprint to Implement African-Centered Education,,0,Uncategorized
Not My Idea: A Book About Whiteness (Ordinary Terrible Things Series),Age-appropriateness concerns; Race & systemic inequality; Violence & mature themes,3,Age-appropriateness concerns
Pedagogy of the Oppressed,Race & systemic inequality,1,Race & systemic inequality
My Hair is a Garden,Age-appropriateness concerns; Race & systemic inequality,2,Age-appropriateness concerns
I Am Enough,Age-appropriateness concerns; Race & systemic inequality,2,Age-appropriateness concerns
Campfire Stories (Desmond Cole Ghost Patrol Series),Age-appropriateness concerns,1,Age-appropriateness concerns
Who Is Michelle Obama? (Who was...? Series),Age-appropriateness concerns; Race & systemic inequality,2,Age-appropriateness concerns
King & Kayla and the Case of the Gold Ring (King & Kayla Series),Age-appropriateness concerns,1,Age-appropriateness concerns
"Not Light, but Fire: How to Lead Meaningful Race Conversations in the Classroom",,0,Uncategorized
Yasmin the Recycler (Yasmin Series),Age-appropriateness concerns,1,Age-appropriateness concerns
On the Come Up,Age-appropriateness concerns,1,Age-appropriateness concerns
Planet Omar: Accidental Trouble Magnet (Planet Omar Series),Age-appropriateness concerns; Mental health & trauma,2,Age-appropriateness concerns
Hope and Healing in Urban Education: How Urban Activists and Teachers are Reclaiming Matters of the Heart,Violence & mature themes,1,Violence & mature themes
For Black Girls Like Me,Age-appropriateness concerns,1,Age-appropriateness concerns
Who Is Barack Obama? (Who was...? Series),Age-appropriateness concerns,1,Age-appropriateness concerns
Lola at the Library (Lola Series),Age-appropriateness concerns,1,Age-appropriateness concerns
Carmela Full of Wishes,Age-appropriateness concerns; Race & systemic inequality,2,Age-appropriateness concerns
Front Desk (Front Desk Series),Age-appropriateness concerns; Race & systemic inequality,2,Age-appropriateness concerns
I Love My Hair,Age-appropriateness concerns,1,Age-appropriateness concerns
¡Vámonos! Let's Go!,Age-appropriateness concerns,1,Age-appropriateness concerns
El color de la piel,,0,Uncategorized
Early Sunday Morning,Age-appropriateness concerns; Race & systemic inequality; Religion & worldview,3,Age-appropriateness concerns
Brown Girl Dreaming,Age-appropriateness concerns; Race & systemic inequality,2,Age-appropriateness concerns
Last Stop on Market Street,Age-appropriateness concerns; Race & systemic inequality,2,Age-appropriateness concerns
Imani's Moon,Age-appropriateness concerns; Race & systemic inequality,2,Age-appropriateness concerns
Dreamers,Age-appropriateness concerns,1,Age-appropriateness concerns
The Guide for White Women Who Teach Black Boys,Race & systemic inequality,1,Race & systemic inequality
New Kid,Age-appropriateness concerns,1,Age-appropriateness concerns
Keena Ford and the Second Grade Mix Up (Keena Ford Series),Age-appropriateness concerns,1,Age-appropriateness concerns
For White Folks Who Teach in the Hood... and the Rest of Y'all Too: Reality Pedagogy and Urban Education,Race & systemic inequality,1,Race & systemic inequality
Ruby Flips For Attention (Ruby and the Booker Boys Series),Age-appropriateness concerns,1,Age-appropriateness concerns
Who Was Susan B. Anthony? (Who was...? Series),Age-appropriateness concerns,1,Age-appropriateness concerns
Why Are All the Black Kids Sitting Together in the Cafeteria?: And Other Conversations About Race,Race & systemic inequality,1,Race & systemic inequality
Squanto's Journey: The Story of the First Thanksgiving,Age-appropriateness concerns; Race & systemic inequality,2,Age-appropriateness concerns
Lola Levine: Drama Queen (Lola Levine Series),Age-appropriateness concerns; Race & systemic inequality,2,Age-appropriateness concerns
Who Is Malala Yousafzai? (Who was...? Series),Age-appropriateness concerns,1,Age-appropriateness concerns
Radiant Child: The Story of Young Artist Jean-Michel Basquiat,Age-appropriateness concerns; Race & systemic inequality,2,Age-appropriateness concerns
Don't Touch My Hair!,Age-appropriateness concerns; Race & systemic inequality,2,Age-appropriateness concerns
Escuchando con mi Corazón: Un cuento de bondad y autocompasión (Listening to My Heart),,0,Uncategorized
"Elizabeth Blackwell, the First Woman Doctor",,0,Uncategorized
Enough! 20 Protesters Who Changed America,Age-appropriateness concerns; Race & systemic inequality,2,Age-appropriateness concerns
"Culturally Responsive Teaching: Theory, Research, and Practice",,0,Uncategorized
The Hula-Hoopin' Queen,Age-appropriateness concerns; Race & systemic inequality,2,Age-appropriateness concerns
Hector's Hiccups (Sofía Martínez Series),Age-appropriateness concerns,1,Age-appropriateness concerns
Locked Up for Freedom: Civil Rights Protesters at the Leesburg Stockade,Age-appropriateness concerns; Race & systemic inequality,2,Age-appropriateness concerns
When the Beat Was Born: DJ Kool Herc and the Creation of Hip Hop,Age-appropriateness concerns,1,Age-appropriateness concerns
Luis Munoz Marin (Community Builders),Age-appropriateness concerns,1,Age-appropriateness concerns
Ghosts in the Schoolyard: Racism and School Closings on Chicago's South Side,Race & systemic inequality,1,Race & systemic inequality
Cece Loves Science (Cece Loves Science Series),Age-appropriateness concerns,1,Age-appropriateness concerns
Nelson Mandela,Age-appropriateness concerns; Race & systemic inequality,2,Age-appropriateness concerns
Malala: My Story of Standing Up for Girls' Rights,Age-appropriateness concerns,1,Age-appropriateness concerns
WeirDo Series: Tasty Weird!,Age-appropriateness concerns,1,Age-appropriateness concerns
"Maya Angelou (Little People, Big Dreams Series)",Age-appropriateness concerns; Race & systemic inequality,2,Age-appropriateness concerns
Young Gifted and Black: Meet 52 Black Heroes from Past and Present,Age-appropriateness concerns; Race & systemic inequality,2,Age-appropriateness concerns
American Street,Age-appropriateness concerns; Race & systemic inequality; Sexual or romantic content,3,Age-appropriateness concerns
Black Youth Rising: Activism and Radical Healing in Urban America,Race & systemic inequality; Violence & mature themes,2,Race & systemic inequality
My Fantástica Family (Sofía Martínez Series),,0,Uncategorized
"Mango, Abuela, and Me",Age-appropriateness concerns,1,Age-appropriateness concerns
White Rage: The Unspoken Truth of Our Racial Divide,Race & systemic inequality; Violence & mature themes,2,Race & systemic inequality
Jack (Not Jackie),Age-appropriateness concerns; LGBTQ+ identity & sexuality,2,Age-appropriateness concerns
"Get Up, Stand Up",Age-appropriateness concerns,1,Age-appropriateness concerns
WeirDo Series: Super Weird!,Age-appropriateness concerns,1,Age-appropriateness concerns
The Skin You Live In,Age-appropriateness concerns; Race & systemic inequality,2,Age-appropriateness concerns
The Deaf Musicians,Age-appropriateness concerns,1,Age-appropriateness concerns
The Doctor with an Eye for Eyes: The Story of Dr. Patricia Bath,Age-appropriateness concerns; Race & systemic inequality,2,Age-appropriateness concerns
WeirDo Series: Vote Weirdo,Age-appropriateness concerns,1,Age-appropriateness concerns
Lola Goes to School (Lola Series),Age-appropriateness concerns,1,Age-appropriateness concerns
We Are Grateful: Otsaliheliga,Age-appropriateness concerns; Race & systemic inequality,2,Age-appropriateness concerns
Who Was Sojourner Truth? (Who was...? Series),Age-appropriateness concerns; Race & systemic inequality,2,Age-appropriateness concerns
Who Is Sonia Sotomayor? (Who was...? Series),Age-appropriateness concerns; Race & systemic inequality,2,Age-appropriateness concerns
Lucky Broken Girl,Age-appropriateness concerns; Race & systemic inequality,2,Age-appropriateness concerns
Faith Ringgold (Getting to Know the World's Greatest Artists),Age-appropriateness concerns; Race & systemic inequality,2,Age-appropriateness concerns
My Friend Maya Loves to Dance,Age-appropriateness concerns; Race & systemic inequality,2,Age-appropriateness concerns
Yasmin the Singer (Yasmin Series),Age-appropriateness concerns,1,Age-appropriateness concerns
Mrs. Katz and Tush,Age-appropriateness concerns; Race & systemic inequality,2,Age-appropriateness concerns
A Splash of Red: The Life and Art of Horace Pippin,Age-appropriateness concerns; Race & systemic inequality,2,Age-appropriateness concerns
A Boy Called Bat (A Boy Called Bat Series),Age-appropriateness concerns,1,Age-appropriateness concerns
Yasmin the Explorer (Yasmin Series),Age-appropriateness concerns,1,Age-appropriateness concerns
Teaching Truly: A Curriculum to Indigenize Mainstream Education,Race & systemic inequality,1,Race & systemic inequality
The Secret Recipe (Sofía Martínez Series),Age-appropriateness concerns,1,Age-appropriateness concerns
Freedom in Congo Square,Age-appropriateness concerns; Race & systemic inequality,2,Age-appropriateness concerns
Mindy Kim and the Lunar New Year Parade (Mindy Kim Series),Age-appropriateness concerns,1,Age-appropriateness concerns
An African American and Latinx History of the United States,Race & systemic inequality,1,Race & systemic inequality
Who Was Rachel Carson? (Who was...? Series),Age-appropriateness concerns,1,Age-appropriateness concerns
Slumber Party Payback (Ruby and the Booker Boys Series),,0,Uncategorized
The Dreamkeepers: Successful Teachers of African American Children,Race & systemic inequality,1,Race & systemic inequality
Saving Ruby King,Mental health & trauma; Violence & mature themes,2,Mental health & trauma
The Story of Ruby Bridges,Age-appropriateness concerns; Race & systemic inequality,2,Age-appropriateness concerns
The Year of the Book (Anna Wang Series),Age-appropriateness concerns,1,Age-appropriateness concerns
Grace Hopper: Queen of Computer Code,Age-appropriateness concerns,1,Age-appropriateness concerns
25 Women Who Thought of It First,,0,Uncategorized
"Now Museum, Now You Don't (Desmond Cole Ghost Patrol Series)",Age-appropriateness concerns,1,Age-appropriateness concerns
The Magical Yet,Age-appropriateness concerns,1,Age-appropriateness concerns
"Jasmine Toguchi, Super Sleuth (Jasmine Toguchi Series)",Age-appropriateness concerns,1,Age-appropriateness concerns
"Born Out of Struggle: Critical Race Theory, School Creation, and the Politics of Interruption",,0,Uncategorized
"Thank You, Omu!",Age-appropriateness concerns; LGBTQ+ identity & sexuality,2,Age-appropriateness concerns
Our Class is a Family,Age-appropriateness concerns,1,Age-appropriateness concerns
WeirDo Series: Mega Weird!,Age-appropriateness concerns,1,Age-appropriateness concerns
The Case for Loving: The Fight for Interracial Marriage,Age-appropriateness concerns; Race & systemic inequality,2,Age-appropriateness concerns
The Butterfly,Age-appropriateness concerns; Race & systemic inequality,2,Age-appropriateness concerns
Yasmin the Soccer Star (Yasmin Series),Age-appropriateness concerns,1,Age-appropriateness concerns
Bat and the End of Everything (A Boy Called Bat Series),Age-appropriateness concerns,1,Age-appropriateness concerns
Los colores de nuestra piel/The Colors of Us (Spanish Version),Age-appropriateness concerns; Race & systemic inequality,2,Age-appropriateness concerns
We Want to Do More Than Survive: Abolitionist Teaching and the Pursuit of Educational Freedom,Race & systemic inequality; Violence & mature themes,2,Race & systemic inequality
Drawn Together,Age-appropriateness concerns; Race & systemic inequality,2,Age-appropriateness concerns
Too Many Tamales,Age-appropriateness concerns; Race & systemic inequality,2,Age-appropriateness concerns
Lola Gets a Cat (Lola Series),Age-appropriateness concerns; Race & systemic inequality,2,Age-appropriateness concerns
Marisol McDonald Doesn't Match (Marisol McDonald Series),Age-appropriateness concerns; Race & systemic inequality,2,Age-appropriateness concerns
"The Trouble with Black Boys: And Other Reflections on Race, Equity, and the Future of Public Education",Race & systemic inequality,1,Race & systemic inequality
Wings,Age-appropriateness concerns; Race & systemic inequality,2,Age-appropriateness concerns
Under My Hijab,Age-appropriateness concerns; Race & systemic inequality; Religion & worldview,3,Age-appropriateness concerns
Islandborn,Age-appropriateness concerns; Race & systemic inequality,2,Age-appropriateness concerns
Beware the Werewolf (Desmond Cole Ghost Patrol Series),Age-appropriateness concerns,1,Age-appropriateness concerns
What Is the Women's Rights Movement? (What was...? Series),Age-appropriateness concerns,1,Age-appropriateness concerns
The Day You Begin,Age-appropriateness concerns; Race & systemic inequality,2,Age-appropriateness concerns
"Stamped: Racism, Antiracism, and You",Race & systemic inequality,1,Race & systemic inequality
Harlem's Little Blackbird: The Story of Florence Mills,Age-appropriateness concerns; Race & systemic inequality,2,Age-appropriateness concerns
I Am Every Good Thing,Age-appropriateness concerns; Race & systemic inequality,2,Age-appropriateness concerns
Ven a Mi Casa,Age-appropriateness concerns,1,Age-appropriateness concerns
My Name Is Celia: The Life Of Celia Cruz / Me Llamo Celia: La Vida de Celia Cruz,Age-appropriateness concerns,1,Age-appropriateness concerns
Marvelous Cornelius: Hurricane Katrina and the Spirit of New Orleans,Age-appropriateness concerns; Race & systemic inequality,2,Age-appropriateness concerns
Malala Yousafzai (A True Book: Biographies),Age-appropriateness concerns,1,Age-appropriateness concerns
Promoting Racial Literacy in Schools: Differences That Make a Difference,,0,Uncategorized
Who Was Jesse Owens? (Who was...? Series),Age-appropriateness concerns; Race & systemic inequality,2,Age-appropriateness concerns
Drum Dream Girl: How One Girl's Courage Changed Music,Age-appropriateness concerns; Race & systemic inequality,2,Age-appropriateness concerns
The Arabic Quilt: An Immigrant Story,Age-appropriateness concerns,1,Age-appropriateness concerns
Prince & Knight (Prince & Knight Series),LGBTQ+ identity & sexuality; Sexual or romantic content,2,LGBTQ+ identity & sexuality
Noah Chases the Wind,Age-appropriateness concerns,1,Age-appropriateness concerns
Lily and Dunkin,Age-appropriateness concerns; LGBTQ+ identity & sexuality; Mental health & trauma,3,Age-appropriateness concerns
En Comunidad: Lessons for Centering the Voices and Experiences of Bilingual Latinx Students,Mental health & trauma,1,Mental health & trauma
Whistling Vivaldi: And Other Clues to How Stereotypes Affect Us,Race & systemic inequality,1,Race & systemic inequality
What Was the Underground Railroad? (What was...? Series),Age-appropriateness concerns,1,Age-appropriateness concerns
The Colors of Us/Los colores de nuestra piel,Age-appropriateness concerns; Race & systemic inequality,2,Age-appropriateness concerns
Who Was Aretha Franklin? (Who was...? Series),Age-appropriateness concerns,1,Age-appropriateness concerns
Courageous Conversations About Race: A Field Guide for Achieving Equity in Schools and Beyond,Race & systemic inequality,1,Race & systemic inequality
Between the World and Me,Race & systemic inequality; Sexual or romantic content; Violence & mature themes,3,Race & systemic inequality
Hidden Figures: The True Story of Four Black Women and the Space Race,Gender politics & feminism; Race & systemic inequality; Sexual or romantic content; Violence & mature themes,4,Gender politics & feminism
Sonia Sotomayor: A Judge Grows in the Bronx/La juez que creció en el Bronx,Age-appropriateness concerns; Race & systemic inequality,2,Age-appropriateness concerns
Starstruck: The Cosmic Journey of Neil Degrasse Tyson,Age-appropriateness concerns; Race & systemic inequality,2,Age-appropriateness concerns
Home of the Brave: 15 Immigrants Who Shaped U.S. History,Age-appropriateness concerns; Race & systemic inequality,2,Age-appropriateness concerns
Mindy Kim and the Yummy Seaweed Business (Mindy Kim Series),Age-appropriateness concerns,1,Age-appropriateness concerns
Peaceful Fights for Equal Rights,Age-appropriateness concerns; Race & systemic inequality,2,Age-appropriateness concerns
The Vampire Ate My Homework (Desmond Cole Ghost Patrol Series),Age-appropriateness concerns,1,Age-appropriateness concerns
As Brave As You,Age-appropriateness concerns; Violence & mature themes,2,Age-appropriateness concerns
Read the World: Rethinking Literacy for Empathy and Action in a Digital Age,,0,Uncategorized
Cilla Lee-Jenkins: Future Author Extraordinaire (Cilla Lee-Jenkins Series),Age-appropriateness concerns,1,Age-appropriateness concerns
Lola Levine and the Vacation Dream (Lola Levine Series),Age-appropriateness concerns; Race & systemic inequality,2,Age-appropriateness concerns
King & Kayla and the Case of the Lost Library Book (King & Kayla Series),Age-appropriateness concerns,1,Age-appropriateness concerns
Crown: An Ode to the Fresh Cut,Age-appropriateness concerns,1,Age-appropriateness concerns
What Was the March on Washington? (What was...? Series),Age-appropriateness concerns; Race & systemic inequality,2,Age-appropriateness concerns
"They, She, He Easy as ABC",LGBTQ+ identity & sexuality,1,LGBTQ+ identity & sexuality
"Red Kite, Blue Kite",Age-appropriateness concerns,1,Age-appropriateness concerns
Let the Children March,Age-appropriateness concerns; Race & systemic inequality,2,Age-appropriateness concerns
King & Kayla and the Case of the Unhappy Neighbor (King & Kayla Series),Age-appropriateness concerns,1,Age-appropriateness concerns
Being the Change: Lessons and Strategies to Teach Social Comprehension,Race & systemic inequality,1,Race & systemic inequality
Little Legends: Exceptional Men in Black History,Age-appropriateness concerns; Race & systemic inequality,2,Age-appropriateness concerns
Knock Knock: My Dad's Dream for Me,Age-appropriateness concerns; Race & systemic inequality,2,Age-appropriateness concerns
Those Shoes,Age-appropriateness concerns; Race & systemic inequality,2,Age-appropriateness concerns
Yasmin the Builder (Yasmin Series),Age-appropriateness concerns,1,Age-appropriateness concerns
"Mindy Kim, Class President (Mindy Kim Series)",Age-appropriateness concerns,1,Age-appropriateness concerns
Bayou Magic (The Louisiana Girls Trilogy Series),Age-appropriateness concerns; Race & systemic inequality,2,Age-appropriateness concerns
"Me and White Supremacy: Combat Racism, Change the World, and Become a Good Ancestor",Race & systemic inequality,1,Race & systemic inequality
Like the Moon Loves the Sky,Age-appropriateness concerns; Religion & worldview,2,Age-appropriateness concerns
Night of the Zombie Zookeeper (Desmond Cole Ghost Patrol Series),Age-appropriateness concerns,1,Age-appropriateness concerns
"Full, Full, Full of Love",Age-appropriateness concerns,1,Age-appropriateness concerns
My Vida Loca (Sofía Martínez Series),Age-appropriateness concerns,1,Age-appropriateness concerns
Lights Out (Sofía Martínez Series),Age-appropriateness concerns,1,Age-appropriateness concerns
Mindy Kim and the Big Pizza Challenge (Mindy Kim Series),Age-appropriateness concerns; Race & systemic inequality,2,Age-appropriateness concerns
Major Monster Mess (Desmond Cole Ghost Patrol Series),Age-appropriateness concerns,1,Age-appropriateness concerns
The Beach Trip (Sofía Martínez Series),Age-appropriateness concerns,1,Age-appropriateness concerns
Nothing Stopped Sophie: The Story of Unshakable Mathematician Sophie Germain,Age-appropriateness concerns,1,Age-appropriateness concerns
Milo's Museum,Age-appropriateness concerns; Race & systemic inequality,2,Age-appropriateness concerns
"Iguales, pero diferentes (Same, Same But Different)",,0,Uncategorized
Blindspot: Hidden Biases of Good People,Race & systemic inequality,1,Race & systemic inequality
We Are All Born Free: The Universal Declaration of Human Rights in Pictures,Age-appropriateness concerns; Race & systemic inequality; Violence & mature themes,3,Age-appropriateness concerns
A Good Kind of Trouble,Age-appropriateness concerns; Race & systemic inequality,2,Age-appropriateness concerns
Mommy Sayang: Pixar Animation Studios Artist Showcase,Age-appropriateness concerns; Race & systemic inequality,2,Age-appropriateness concerns
Lola Levine and the Halloween Scream (Lola Levine Series),Age-appropriateness concerns,1,Age-appropriateness concerns
The Haunted House Next Door (Desmond Cole Ghost Patrol Series),Age-appropriateness concerns,1,Age-appropriateness concerns
Ghost (Track Series),Age-appropriateness concerns,1,Age-appropriateness concerns
The Undefeated,Age-appropriateness concerns; Mental health & trauma; Race & systemic inequality,3,Age-appropriateness concerns
Lubna and Pebble,Age-appropriateness concerns; Race & systemic inequality; Violence & mature themes,3,Age-appropriateness concerns
The Scary Library Shusher (Desmond Cole Ghost Patrol Series),Age-appropriateness concerns,1,Age-appropriateness concerns
"Up, Up, Down!",Age-appropriateness concerns,1,Age-appropriateness concerns
A Big Mooncake for Little Star,Age-appropriateness concerns,1,Age-appropriateness concerns
"Lights, Music, Code! (Girls Who Code Series)",Age-appropriateness concerns,1,Age-appropriateness concerns
Picture Perfect (Sofía Martínez Series),Age-appropriateness concerns,1,Age-appropriateness concerns
"It's Not the Stork!: A Book About Girls, Boys, Babies, Bodies, Families and Friends",Age-appropriateness concerns,1,Age-appropriateness concerns
Promposal,Age-appropriateness concerns; LGBTQ+ identity & sexuality; Sexual or romantic content,3,Age-appropriateness concerns
Far from Xanadu,Age-appropriateness concerns; LGBTQ+ identity & sexuality; Mental health & trauma; Sexual or romantic content,4,Age-appropriateness concerns
Identity and Gender,LGBTQ+ identity & sexuality; Sexual or romantic content,2,LGBTQ+ identity & sexuality
Big Guy,Age-appropriateness concerns; LGBTQ+ identity & sexuality,2,Age-appropriateness concerns
Boy Girl Boy,Age-appropriateness concerns; LGBTQ+ identity & sexuality; Sexual or romantic content,3,Age-appropriateness concerns
Freakboy,Age-appropriateness concerns; LGBTQ+ identity & sexuality; Sexual or romantic content,3,Age-appropriateness concerns
Becoming Nicole: The inspiring story of transgender actor-activist Nicole Maines and her extraordinary family,Gender politics & feminism; LGBTQ+ identity & sexuality,2,Gender politics & feminism
"Saga, Volume 1 (Saga Series)",Violence & mature themes,1,Violence & mature themes
"Life at School and in the Community (Teens: Being Gay, Lesbian, Bisexual, or Transgender)",Age-appropriateness concerns; LGBTQ+ identity & sexuality; Mental health & trauma,3,Age-appropriateness concerns
Crossing Lines,Age-appropriateness concerns; Mental health & trauma,2,Age-appropriateness concerns
Staying Fat for Sarah Byrnes,Age-appropriateness concerns,1,Age-appropriateness concerns
The Stars and the Blackness Between Them,Age-appropriateness concerns; LGBTQ+ identity & sexuality; Sexual or romantic content,3,Age-appropriateness concerns
Shout,Age-appropriateness concerns; Gender politics & feminism; Mental health & trauma; Sexual or romantic content; Violence & mature themes,5,Age-appropriateness concerns
The Gravity of Us,Age-appropriateness concerns; LGBTQ+ identity & sexuality; Sexual or romantic content,3,Age-appropriateness concerns
The You I've Never Known,Age-appropriateness concerns; LGBTQ+ identity & sexuality,2,Age-appropriateness concerns
Gender Equality (Foundations of Democracy),,0,Uncategorized
Sparkle Boy,Age-appropriateness concerns; Gender politics & feminism; LGBTQ+ identity & sexuality,3,Age-appropriateness concerns
Infinity Son (Infinity Cycle Series),Age-appropriateness concerns; LGBTQ+ identity & sexuality; Violence & mature themes,3,Age-appropriateness concerns
The 57 Bus: A True Story of Two Teenagers and the Crime That Changed Their Lives,LGBTQ+ identity & sexuality; Race & systemic inequality; Violence & mature themes,3,LGBTQ+ identity & sexuality
Lawn Boy,Age-appropriateness concerns; LGBTQ+ identity & sexuality,2,Age-appropriateness concerns
The Love Interest,Age-appropriateness concerns; LGBTQ+ identity & sexuality; Sexual or romantic content; Violence & mature themes,4,Age-appropriateness concerns
Final Takedown,Age-appropriateness concerns,1,Age-appropriateness concerns
Girl Made of Stars,Age-appropriateness concerns; LGBTQ+ identity & sexuality; Mental health & trauma; Sexual or romantic content; Violence & mature themes,5,Age-appropriateness concerns
The Bridge,Age-appropriateness concerns; LGBTQ+ identity & sexuality; Mental health & trauma,3,Age-appropriateness concerns
"Sex, Puberty, and All That Stuff: A Guide to Growing Up",Sexual or romantic content,1,Sexual or romantic content
The Abortion Debate (Essential Viewpoints),Age-appropriateness concerns,1,Age-appropriateness concerns
"Hear Us Out!: Lesbian and Gay Stories of Struggle, Progress, and Hope, 1950 to the Present",LGBTQ+ identity & sexuality; Sexual or romantic content,2,LGBTQ+ identity & sexuality
My Life as a Diamond,Age-appropriateness concerns; LGBTQ+ identity & sexuality,2,Age-appropriateness concerns
Reverie,Age-appropriateness concerns; LGBTQ+ identity & sexuality,2,Age-appropriateness concerns
As Far As You'll Take Me,Age-appropriateness concerns; LGBTQ+ identity & sexuality; Mental health & trauma; Sexual or romantic content,4,Age-appropriateness concerns
Jumpstart the World,Age-appropriateness concerns; LGBTQ+ identity & sexuality,2,Age-appropriateness concerns
The Five Stages of Andrew Brawley,Age-appropriateness concerns; LGBTQ+ identity & sexuality; Mental health & trauma; Sexual or romantic content,4,Age-appropriateness concerns
Nate Expectations,Age-appropriateness concerns; LGBTQ+ identity & sexuality,2,Age-appropriateness concerns
The Truth Is,Age-appropriateness concerns; LGBTQ+ identity & sexuality; Sexual or romantic content,3,Age-appropriateness concerns
Fancy White Trash,Age-appropriateness concerns; Sexual or romantic content,2,Age-appropriateness concerns
My Girlfriend's Pregnant!: A Teen’s Guide to Becoming a Dad,Age-appropriateness concerns,1,Age-appropriateness concerns
Archenemy,Age-appropriateness concerns; LGBTQ+ identity & sexuality,2,Age-appropriateness concerns
A Love Story Starring My Dead Best Friend,Age-appropriateness concerns; LGBTQ+ identity & sexuality; Sexual or romantic content; Violence & mature themes,4,Age-appropriateness concerns
Remake (Remake Series),Age-appropriateness concerns,1,Age-appropriateness concerns
Gracefully Grayson,Age-appropriateness concerns; LGBTQ+ identity & sexuality,2,Age-appropriateness concerns
If You Could Be Mine,Age-appropriateness concerns; LGBTQ+ identity & sexuality; Sexual or romantic content,3,Age-appropriateness concerns
After,Age-appropriateness concerns; Sexual or romantic content,2,Age-appropriateness concerns
Equal Rights,Age-appropriateness concerns,1,Age-appropriateness concerns
LGBT Families (Changing Families),LGBTQ+ identity & sexuality,1,LGBTQ+ identity & sexuality
Cemetery Boys,Age-appropriateness concerns; LGBTQ+ identity & sexuality; Sexual or romantic content,3,Age-appropriateness concerns
Simon vs. the Homo Sapiens Agenda (Simonverse Series),Age-appropriateness concerns; LGBTQ+ identity & sexuality; Sexual or romantic content,3,Age-appropriateness concerns
A Line in the Dark,Age-appropriateness concerns; LGBTQ+ identity & sexuality; Violence & mature themes,3,Age-appropriateness concerns
Gender Identity: The Search for Self,LGBTQ+ identity & sexuality,1,LGBTQ+ identity & sexuality
The Love Curse of Melody McIntyre,Age-appropriateness concerns; LGBTQ+ identity & sexuality; Sexual or romantic content,3,Age-appropriateness concerns
Freaks and Revelations,Age-appropriateness concerns; LGBTQ+ identity & sexuality,2,Age-appropriateness concerns
Teen Pregnancy,,0,Uncategorized
One Half from the East,Age-appropriateness concerns,1,Age-appropriateness concerns
Identifying as Transgender,Age-appropriateness concerns; LGBTQ+ identity & sexuality,2,Age-appropriateness concerns
Empress of the World (Battle Hall Davies Series),Age-appropriateness concerns; LGBTQ+ identity & sexuality; Sexual or romantic content,3,Age-appropriateness concerns
The Music of What Happens,Age-appropriateness concerns; LGBTQ+ identity & sexuality; Sexual or romantic content,3,Age-appropriateness concerns
Under the Moon: A Catwoman Tale,Age-appropriateness concerns,1,Age-appropriateness concerns
Jacob's New Dress,Age-appropriateness concerns; Gender politics & feminism; LGBTQ+ identity & sexuality,3,Age-appropriateness concerns
Pet,Age-appropriateness concerns; LGBTQ+ identity & sexuality,2,Age-appropriateness concerns
"Gay Issues and Politics: Marriage, the Military, & Work Place Discrimination",Age-appropriateness concerns; LGBTQ+ identity & sexuality,2,Age-appropriateness concerns
Of Fire and Stars (Of Fire and Stars Series),Age-appropriateness concerns; LGBTQ+ identity & sexuality; Sexual or romantic content,3,Age-appropriateness concerns
Geography Club (Russel Middlebrook Series),Age-appropriateness concerns; LGBTQ+ identity & sexuality; Sexual or romantic content,3,Age-appropriateness concerns
The Edge of the Abyss (The Abyss Surrounds Us Series),Age-appropriateness concerns,1,Age-appropriateness concerns
Wide Awake,Age-appropriateness concerns; LGBTQ+ identity & sexuality; Sexual or romantic content,3,Age-appropriateness concerns
They Both Die at the End,Age-appropriateness concerns; LGBTQ+ identity & sexuality; Sexual or romantic content,3,Age-appropriateness concerns
Odd One Out,Age-appropriateness concerns; LGBTQ+ identity & sexuality; Sexual or romantic content,3,Age-appropriateness concerns
The Great American Whatever,Age-appropriateness concerns; LGBTQ+ identity & sexuality; Sexual or romantic content; Violence & mature themes,4,Age-appropriateness concerns
Juliet Takes a Breath,Age-appropriateness concerns; Gender politics & feminism; LGBTQ+ identity & sexuality,3,Age-appropriateness concerns
Forget This Ever Happened,Age-appropriateness concerns; LGBTQ+ identity & sexuality; Violence & mature themes,3,Age-appropriateness concerns
Image and Identity: Becoming the Person You Are,,0,Uncategorized
Ho'onani: Hula Warrior,Age-appropriateness concerns,1,Age-appropriateness concerns
With Or Without You,Age-appropriateness concerns; LGBTQ+ identity & sexuality; Sexual or romantic content,3,Age-appropriateness concerns
Notes from the Blender,Age-appropriateness concerns; Sexual or romantic content,2,Age-appropriateness concerns
How to Be Bad,Age-appropriateness concerns; Sexual or romantic content; Violence & mature themes,3,Age-appropriateness concerns
Grasshopper Jungle (Grasshopper Jungle Series),Age-appropriateness concerns; LGBTQ+ identity & sexuality; Sexual or romantic content; Violence & mature themes,4,Age-appropriateness concerns
"Ziggy, Stardust and Me",Age-appropriateness concerns; LGBTQ+ identity & sexuality; Mental health & trauma; Violence & mature themes,4,Age-appropriateness concerns
"Bioethics: Who Lives, Who Dies, And Who Decides?",Age-appropriateness concerns,1,Age-appropriateness concerns
Cradle and All,Violence & mature themes,1,Violence & mature themes
Reluctantly Alice (Alice Series),Age-appropriateness concerns; Mental health & trauma,2,Age-appropriateness concerns
The Pants Project,Age-appropriateness concerns; LGBTQ+ identity & sexuality,2,Age-appropriateness concerns
Stick,Age-appropriateness concerns; LGBTQ+ identity & sexuality; Mental health & trauma,3,Age-appropriateness concerns
Should Abortion Be Legal?,,0,Uncategorized
The Glass Castle,,0,Uncategorized
"#Hockey (Check, Please! Series)",,0,Uncategorized
The Way Back,Age-appropriateness concerns,1,Age-appropriateness concerns
The Love and Lies of Rukhsana Ali,Age-appropriateness concerns; LGBTQ+ identity & sexuality; Sexual or romantic content,3,Age-appropriateness concerns
This Is Your Time,Age-appropriateness concerns; Race & systemic inequality,2,Age-appropriateness concerns
Ordinary Hazards,Age-appropriateness concerns; Mental health & trauma,2,Age-appropriateness concerns
The Best Man,Age-appropriateness concerns; LGBTQ+ identity & sexuality; Sexual or romantic content,3,Age-appropriateness concerns
Ivy Aberdeen's Letter to the World,Age-appropriateness concerns; LGBTQ+ identity & sexuality,2,Age-appropriateness concerns
"She Loves You, She Loves You Not...",,0,Uncategorized
If I Was Your Girl,Age-appropriateness concerns; LGBTQ+ identity & sexuality; Sexual or romantic content,3,Age-appropriateness concerns
All the Things We Do in the Dark,Age-appropriateness concerns; LGBTQ+ identity & sexuality; Violence & mature themes,3,Age-appropriateness concerns
"A Very, Very Bad Thing",Age-appropriateness concerns; LGBTQ+ identity & sexuality,2,Age-appropriateness concerns
Whatever.: or how junior year became totally f$@ked,Age-appropriateness concerns; LGBTQ+ identity & sexuality; Sexual or romantic content,3,Age-appropriateness concerns
Dreadnought (H.I.V.E. Series),Age-appropriateness concerns; LGBTQ+ identity & sexuality,2,Age-appropriateness concerns
Redwood and Ponytail,Age-appropriateness concerns; LGBTQ+ identity & sexuality; Sexual or romantic content,3,Age-appropriateness concerns
Into the Real,Age-appropriateness concerns; LGBTQ+ identity & sexuality; Violence & mature themes,3,Age-appropriateness concerns
"100 Questions You'd Never Ask Your Parents: Straight Answers to Teens' Questions About Sex, Sexuality, and Health",Mental health & trauma; Sexual or romantic content; Violence & mature themes,3,Mental health & trauma
"Jane, Unlimited",Age-appropriateness concerns,1,Age-appropriateness concerns
The Questions Within (Cutting Edge Series),LGBTQ+ identity & sexuality; Mental health & trauma,2,LGBTQ+ identity & sexuality
Are You LGBTQ?,Age-appropriateness concerns; LGBTQ+ identity & sexuality,2,Age-appropriateness concerns
Caste: The Origins of Our Discontents,Mental health & trauma; Race & systemic inequality,2,Mental health & trauma
Away We Go,Age-appropriateness concerns; LGBTQ+ identity & sexuality; Sexual or romantic content; Violence & mature themes,4,Age-appropriateness concerns
"On the Come Up: A Novel, Based on a True Story",,0,Uncategorized
"My Best Friend, Maybe",Age-appropriateness concerns,1,Age-appropriateness concerns
Rethinking Normal: A Memoir in Transition,LGBTQ+ identity & sexuality; Mental health & trauma,2,LGBTQ+ identity & sexuality
The Black Flamingo,Age-appropriateness concerns; LGBTQ+ identity & sexuality,2,Age-appropriateness concerns
The Gallery of Unfinished Girls,Age-appropriateness concerns,1,Age-appropriateness concerns
Look Past,Age-appropriateness concerns; LGBTQ+ identity & sexuality; Violence & mature themes,3,Age-appropriateness concerns
Teenage Sex and Pregnancy,Sexual or romantic content,1,Sexual or romantic content
Felix Ever After,Age-appropriateness concerns; LGBTQ+ identity & sexuality; Sexual or romantic content,3,Age-appropriateness concerns
What Philosophy Can Do,,0,Uncategorized
"Homosexuality Around the World: Safe Havens, Cultural Challenges",Age-appropriateness concerns; LGBTQ+ identity & sexuality; Sexual or romantic content,3,Age-appropriateness concerns
Transgender Rights and Issues,Age-appropriateness concerns; LGBTQ+ identity & sexuality,2,Age-appropriateness concerns
The Year They Burned the Books,Age-appropriateness concerns; LGBTQ+ identity & sexuality; Sexual or romantic content,3,Age-appropriateness concerns
Little & Lion,Age-appropriateness concerns,1,Age-appropriateness concerns
The Ultimate Guys' Body Book: Not-So-Stupid Questions About Your Body,Age-appropriateness concerns,1,Age-appropriateness concerns
Aristotle and Dante Discover the Secrets of the Universe (Aristotle and Dante Series),Age-appropriateness concerns; LGBTQ+ identity & sexuality,2,Age-appropriateness concerns
The Sweet Revenge of Celia Door,Age-appropriateness concerns; LGBTQ+ identity & sexuality,2,Age-appropriateness concerns
Putting Makeup on the Fat Boy,Age-appropriateness concerns; LGBTQ+ identity & sexuality,2,Age-appropriateness concerns
Gingerbread (Cyd Charisse Series),Age-appropriateness concerns; Sexual or romantic content,2,Age-appropriateness concerns
Rick,Age-appropriateness concerns; LGBTQ+ identity & sexuality; Mental health & trauma,3,Age-appropriateness concerns
Forever for a Year,Age-appropriateness concerns; Sexual or romantic content,2,Age-appropriateness concerns
"Bend, Don't Shatter: Poets on the Beginning of Desire",,0,Uncategorized
It's Our Prom (So Deal With It),Age-appropriateness concerns; LGBTQ+ identity & sexuality; Sexual or romantic content,3,Age-appropriateness concerns
The Devouring Gray (The Devouring Gray Series),Age-appropriateness concerns; LGBTQ+ identity & sexuality; Violence & mature themes,3,Age-appropriateness concerns
Birth Control,Sexual or romantic content,1,Sexual or romantic content
I'll Give You the Sun,Age-appropriateness concerns; LGBTQ+ identity & sexuality; Sexual or romantic content,3,Age-appropriateness concerns
How It All Blew Up,Age-appropriateness concerns; LGBTQ+ identity & sexuality; Mental health & trauma; Sexual or romantic content,4,Age-appropriateness concerns
"Friendship, Dating, and Relationships (Teens: Being Gay, Lesbian, Bisexual, or Transgender)",Age-appropriateness concerns; LGBTQ+ identity & sexuality; Mental health & trauma,3,Age-appropriateness concerns
Homophobia: From Social Stigma to Hate Crimes,,0,Uncategorized
"Considering Hate: Violence, Goodness, and Justice in American Culture and Politics",LGBTQ+ identity & sexuality; Race & systemic inequality; Violence & mature themes,3,LGBTQ+ identity & sexuality
The Downstairs Girl,Age-appropriateness concerns; Sexual or romantic content,2,Age-appropriateness concerns
The Breakaways,Age-appropriateness concerns; LGBTQ+ identity & sexuality,2,Age-appropriateness concerns
LGBTQ Families: The Ultimate Teen Guide,LGBTQ+ identity & sexuality; Mental health & trauma; Sexual or romantic content,3,LGBTQ+ identity & sexuality
Heather Has Two Mommies,Age-appropriateness concerns; LGBTQ+ identity & sexuality,2,Age-appropriateness concerns
SEX: If You're Scared of The Truth Don't Read This!,Sexual or romantic content,1,Sexual or romantic content
The Summer of Jordi Perez (And the Best Burger in Los Angeles),Age-appropriateness concerns; LGBTQ+ identity & sexuality; Sexual or romantic content,3,Age-appropriateness concerns
Let's Talk About Love,Age-appropriateness concerns; LGBTQ+ identity & sexuality; Sexual or romantic content,3,Age-appropriateness concerns
The Grief Keeper,Age-appropriateness concerns; LGBTQ+ identity & sexuality; Sexual or romantic content; Violence & mature themes,4,Age-appropriateness concerns
The House You Pass on the Way,Age-appropriateness concerns; Race & systemic inequality,2,Age-appropriateness concerns
Coming Out: Telling Family and Friends,Age-appropriateness concerns; LGBTQ+ identity & sexuality,2,Age-appropriateness concerns
The Art of Saving the World,Age-appropriateness concerns; LGBTQ+ identity & sexuality,2,Age-appropriateness concerns
"Hold Me Closer: The Tiny Cooper Story (Will Grayson, Will Grayson Series)",Age-appropriateness concerns; LGBTQ+ identity & sexuality,2,Age-appropriateness concerns
Keeping You a Secret,Age-appropriateness concerns; LGBTQ+ identity & sexuality; Sexual or romantic content,3,Age-appropriateness concerns
Tips on Having a Gay (Ex) Boyfriend (Belle Series),Age-appropriateness concerns; LGBTQ+ identity & sexuality; Sexual or romantic content,3,Age-appropriateness concerns
We Are the Ants,Age-appropriateness concerns; LGBTQ+ identity & sexuality; Mental health & trauma; Sexual or romantic content,4,Age-appropriateness concerns
Identity: A Story of Transitioning,Age-appropriateness concerns; LGBTQ+ identity & sexuality; Mental health & trauma,3,Age-appropriateness concerns
"The Birds, the Bees, and You and Me",Age-appropriateness concerns; Sexual or romantic content,2,Age-appropriateness concerns
The Cider House Rules,,0,Uncategorized
Proxy (Proxy Series),Age-appropriateness concerns; Violence & mature themes,2,Age-appropriateness concerns
ttyl (Internet Girls Series),Age-appropriateness concerns; Sexual or romantic content; Violence & mature themes,3,Age-appropriateness concerns
One of Those Hideous Books Where the Mother Dies,Age-appropriateness concerns,1,Age-appropriateness concerns
Sonny's House of Spies,Age-appropriateness concerns; LGBTQ+ identity & sexuality,2,Age-appropriateness concerns
"No Girls Allowed: Tales of Daring Women Dressed as Men for Love, Freedom and Adventure",,0,Uncategorized
Lobizona: A Novel (Wolves of No World Series),Age-appropriateness concerns; Race & systemic inequality,2,Age-appropriateness concerns
Lies My Girlfriend Told Me,Age-appropriateness concerns; LGBTQ+ identity & sexuality; Sexual or romantic content,3,Age-appropriateness concerns
Beyond Magenta: Transgender Teens Speak Out,Gender politics & feminism; LGBTQ+ identity & sexuality,2,Gender politics & feminism
Laura Dean Keeps Breaking Up with Me,Age-appropriateness concerns; LGBTQ+ identity & sexuality; Sexual or romantic content,3,Age-appropriateness concerns
Feeling Wrong in Your Own Body: Understanding What It Means to Be Transgender,LGBTQ+ identity & sexuality,1,LGBTQ+ identity & sexuality
The Miseducation of Cameron Post,Age-appropriateness concerns; LGBTQ+ identity & sexuality; Sexual or romantic content,3,Age-appropriateness concerns
What Happened to Lani Garver,Age-appropriateness concerns; LGBTQ+ identity & sexuality,2,Age-appropriateness concerns
The Blood Countess (Lady Slayers Series),Age-appropriateness concerns; LGBTQ+ identity & sexuality; Violence & mature themes,3,Age-appropriateness concerns
The Migration North,Race & systemic inequality,1,Race & systemic inequality
Gender Identity (Teen Mental Health),Age-appropriateness concerns; LGBTQ+ identity & sexuality,2,Age-appropriateness concerns
Gay and Lesbian Role Models,Age-appropriateness concerns; LGBTQ+ identity & sexuality,2,Age-appropriateness concerns
7 Days at the Hot Corner,Age-appropriateness concerns; LGBTQ+ identity & sexuality,2,Age-appropriateness concerns
The Mighty Heart of Sunny St. James,Age-appropriateness concerns; LGBTQ+ identity & sexuality; Sexual or romantic content,3,Age-appropriateness concerns
White Rabbit,Age-appropriateness concerns; LGBTQ+ identity & sexuality; Sexual or romantic content; Violence & mature themes,4,Age-appropriateness concerns
"Far From the Tree: Parents, Children and the Search for Identity",,0,Uncategorized
What If It's Us (What If It's Us Series),Age-appropriateness concerns; LGBTQ+ identity & sexuality; Sexual or romantic content,3,Age-appropriateness concerns
Absolute Brightness,Age-appropriateness concerns; LGBTQ+ identity & sexuality,2,Age-appropriateness concerns
How Prevalent Is Racism in Society?,Race & systemic inequality,1,Race & systemic inequality
The Fire Never Goes Out: A Memoir in Pictures,LGBTQ+ identity & sexuality; Mental health & trauma,2,LGBTQ+ identity & sexuality
My Invented Life,Age-appropriateness concerns; LGBTQ+ identity & sexuality; Sexual or romantic content,3,Age-appropriateness concerns
La carta de Ivy Aberdeen al mundo/Ivy Aberdeen's Letter to the World,Age-appropriateness concerns; LGBTQ+ identity & sexuality,2,Age-appropriateness concerns
Love Drugged,Age-appropriateness concerns; LGBTQ+ identity & sexuality; Mental health & trauma; Sexual or romantic content,4,Age-appropriateness concerns
Totally Joe (The Misfits Series),Age-appropriateness concerns; LGBTQ+ identity & sexuality,2,Age-appropriateness concerns
High Drama (Suspended Series),Age-appropriateness concerns,1,Age-appropriateness concerns
Let it Snow: Three Holiday Romances,Age-appropriateness concerns; Sexual or romantic content,2,Age-appropriateness concerns
Ana on the Edge,Age-appropriateness concerns; LGBTQ+ identity & sexuality,2,Age-appropriateness concerns
Girls Like Us (2015),Age-appropriateness concerns,1,Age-appropriateness concerns
The Gods of Tango,LGBTQ+ identity & sexuality; Race & systemic inequality; Sexual or romantic content; Violence & mature themes,4,LGBTQ+ identity & sexuality
The Barren Grounds (The Misewa Saga Series),Age-appropriateness concerns; Race & systemic inequality,2,Age-appropriateness concerns
The Less-dead,Age-appropriateness concerns; LGBTQ+ identity & sexuality; Religion & worldview; Violence & mature themes,4,Age-appropriateness concerns
Rage: A Love Story,Age-appropriateness concerns; LGBTQ+ identity & sexuality; Mental health & trauma; Sexual or romantic content,4,Age-appropriateness concerns
Girls vs. Guys: Surprising Differences Between the Sexes,Sexual or romantic content,1,Sexual or romantic content
The Difference Between You and Me,Age-appropriateness concerns; LGBTQ+ identity & sexuality; Sexual or romantic content,3,Age-appropriateness concerns
Fan Art,Age-appropriateness concerns; LGBTQ+ identity & sexuality; Sexual or romantic content,3,Age-appropriateness concerns
Honestly Ben (Openly Straight Series),Age-appropriateness concerns; LGBTQ+ identity & sexuality; Sexual or romantic content,3,Age-appropriateness concerns
The Baby Tree,Age-appropriateness concerns; Sexual or romantic content,2,Age-appropriateness concerns
Underneath It All: A History of Women's Underwear,Age-appropriateness concerns; Gender politics & feminism; LGBTQ+ identity & sexuality; Sexual or romantic content,4,Age-appropriateness concerns
The Art of Being Normal,Age-appropriateness concerns; LGBTQ+ identity & sexuality; Mental health & trauma; Sexual or romantic content,4,Age-appropriateness concerns
"Middle School's a Drag, You Better Werk!",Age-appropriateness concerns; LGBTQ+ identity & sexuality,2,Age-appropriateness concerns
Crank (Crank Series),Age-appropriateness concerns; Mental health & trauma,2,Age-appropriateness concerns
It's Not Like It's a Secret,Age-appropriateness concerns; LGBTQ+ identity & sexuality; Sexual or romantic content,3,Age-appropriateness concerns
Tell Me Again How a Crush Should Feel,Age-appropriateness concerns; LGBTQ+ identity & sexuality; Sexual or romantic content,3,Age-appropriateness concerns
Birthday,Age-appropriateness concerns; LGBTQ+ identity & sexuality; Sexual or romantic content,3,Age-appropriateness concerns
"Girl, (Nearly) 16: Absolute Torture",Age-appropriateness concerns; Violence & mature themes,2,Age-appropriateness concerns
Everybody Sees the Ants,Age-appropriateness concerns; Mental health & trauma; Violence & mature themes,3,Age-appropriateness concerns
Burn Baby Burn,Age-appropriateness concerns; Sexual or romantic content; Violence & mature themes,3,Age-appropriateness concerns
"Ready or Not?: A Girl's Guide to Making Her Own Decisions about Dating, Love, and Sex",Age-appropriateness concerns; Sexual or romantic content,2,Age-appropriateness concerns
"Gays and Mental Health: Fighting Depression, Saying No to Suicide",Age-appropriateness concerns; LGBTQ+ identity & sexuality; Mental health & trauma,3,Age-appropriateness concerns
In Our Mothers' House,Age-appropriateness concerns; LGBTQ+ identity & sexuality,2,Age-appropriateness concerns
Abortion,,0,Uncategorized
Tomboy: A Graphic Memoir,Gender politics & feminism,1,Gender politics & feminism
The Dear One,Age-appropriateness concerns; Race & systemic inequality,2,Age-appropriateness concerns
Homegoing,Race & systemic inequality; Violence & mature themes,2,Race & systemic inequality
Under Threat,Age-appropriateness concerns; LGBTQ+ identity & sexuality; Race & systemic inequality; Violence & mature themes,4,Age-appropriateness concerns
Living with Religion and Faith,LGBTQ+ identity & sexuality,1,LGBTQ+ identity & sexuality
Daughters Unto Devils,Age-appropriateness concerns; Violence & mature themes,2,Age-appropriateness concerns
"101 Questions About Sex and Sexuality: With Answers for the Curious, Cautious, and Confused",Age-appropriateness concerns; Sexual or romantic content,2,Age-appropriateness concerns
Rainbow High (Rainbow Trilogy Series),Age-appropriateness concerns; LGBTQ+ identity & sexuality; Sexual or romantic content,3,Age-appropriateness concerns
The Red Scrolls of Magic,Age-appropriateness concerns; LGBTQ+ identity & sexuality; Sexual or romantic content; Violence & mature themes,4,Age-appropriateness concerns
10 Things I Can See from Here,Age-appropriateness concerns; LGBTQ+ identity & sexuality; Mental health & trauma; Sexual or romantic content,4,Age-appropriateness concerns
The Last Exit to Normal,Age-appropriateness concerns; LGBTQ+ identity & sexuality; Mental health & trauma,3,Age-appropriateness concerns
Ship It,Age-appropriateness concerns; LGBTQ+ identity & sexuality; Sexual or romantic content,3,Age-appropriateness concerns
Trans Mission: My Quest to a Beard,Gender politics & feminism; LGBTQ+ identity & sexuality; Mental health & trauma; Sexual or romantic content,4,Gender politics & feminism
Kaleidoscope Song,Age-appropriateness concerns; LGBTQ+ identity & sexuality; Sexual or romantic content,3,Age-appropriateness concerns
The Edge of the Water (Whidbey Island Saga Series),Age-appropriateness concerns,1,Age-appropriateness concerns
Draw the Line,Age-appropriateness concerns; LGBTQ+ identity & sexuality; Sexual or romantic content,3,Age-appropriateness concerns
Everything You Love Will Burn: Inside the Rebirth of White Nationalism in America,Race & systemic inequality; Violence & mature themes,2,Race & systemic inequality
Say the Word,Age-appropriateness concerns; LGBTQ+ identity & sexuality; Sexual or romantic content,3,Age-appropriateness concerns
Between Mom and Jo,Age-appropriateness concerns; LGBTQ+ identity & sexuality,2,Age-appropriateness concerns
"Gone, Gone, Gone",Age-appropriateness concerns; Violence & mature themes,2,Age-appropriateness concerns
The Moon Within,Age-appropriateness concerns; LGBTQ+ identity & sexuality,2,Age-appropriateness concerns
Dreadnought (Nemesis Series),Age-appropriateness concerns; LGBTQ+ identity & sexuality,2,Age-appropriateness concerns
"Gay People of Color: Facing Prejudices, Forging Identities",Age-appropriateness concerns; LGBTQ+ identity & sexuality; Race & systemic inequality; Sexual or romantic content,4,Age-appropriateness concerns
Middlesex,LGBTQ+ identity & sexuality,1,LGBTQ+ identity & sexuality
I Hope You're Listening,Age-appropriateness concerns; LGBTQ+ identity & sexuality; Violence & mature themes,3,Age-appropriateness concerns
Wayward Witch (Brooklyn Brujas Series),Age-appropriateness concerns; Religion & worldview,2,Age-appropriateness concerns
The Deep & Dark Blue,Age-appropriateness concerns,1,Age-appropriateness concerns
"Tomorrow Will Be Different: Love, Loss, and the Fight for Trans Equality",LGBTQ+ identity & sexuality,1,LGBTQ+ identity & sexuality
"Invisible Man, Got the Whole World Watching: A Young Black Man's Education",LGBTQ+ identity & sexuality; Mental health & trauma,2,LGBTQ+ identity & sexuality
Darius the Great Deserves Better (Darius the Great Series),Age-appropriateness concerns; LGBTQ+ identity & sexuality; Mental health & trauma; Sexual or romantic content,4,Age-appropriateness concerns
Roe v. Wade: The Untold Story of the Landmark Supreme Court Decision that Made Abortion Legal,,0,Uncategorized
At the Edge of the Universe,Age-appropriateness concerns; LGBTQ+ identity & sexuality; Sexual or romantic content,3,Age-appropriateness concerns
Jacob's Room to Choose,Age-appropriateness concerns; Gender politics & feminism; LGBTQ+ identity & sexuality,3,Age-appropriateness concerns
Suicide Notes,Age-appropriateness concerns; LGBTQ+ identity & sexuality; Mental health & trauma,3,Age-appropriateness concerns
When We Were Magic,Age-appropriateness concerns; LGBTQ+ identity & sexuality,2,Age-appropriateness concerns
Playing the Field,Age-appropriateness concerns; LGBTQ+ identity & sexuality,2,Age-appropriateness concerns
Beyond Dreams (Hamilton High Series),Age-appropriateness concerns,1,Age-appropriateness concerns
Julián at the Wedding (Julián Series),Age-appropriateness concerns; LGBTQ+ identity & sexuality,2,Age-appropriateness concerns
En el bosque,Age-appropriateness concerns,1,Age-appropriateness concerns
Abortion: A Documentary and Reference Guide,,0,Uncategorized
101 Questions About Reproduction: Or How 1 + 1 = 3 or 4 or More,Sexual or romantic content,1,Sexual or romantic content
Miles Away from You,Age-appropriateness concerns; LGBTQ+ identity & sexuality; Mental health & trauma; Sexual or romantic content,4,Age-appropriateness concerns
You Know Me Well,Age-appropriateness concerns; LGBTQ+ identity & sexuality; Sexual or romantic content,3,Age-appropriateness concerns
La tormenta,Age-appropriateness concerns,1,Age-appropriateness concerns
Raise the Stakes,Age-appropriateness concerns; LGBTQ+ identity & sexuality,2,Age-appropriateness concerns
The Traitor Game,Age-appropriateness concerns; LGBTQ+ identity & sexuality; Mental health & trauma,3,Age-appropriateness concerns
GLBTQ*: The Survival Guide for Queer & Questioning Teens,Age-appropriateness concerns; LGBTQ+ identity & sexuality; Sexual or romantic content,3,Age-appropriateness concerns
The Magic Fish,Age-appropriateness concerns; LGBTQ+ identity & sexuality,2,Age-appropriateness concerns
My Heart Underwater,Age-appropriateness concerns; LGBTQ+ identity & sexuality; Sexual or romantic content,3,Age-appropriateness concerns
Taking Responsibility: A Teen's Guide to Contraception and Pregnancy,,0,Uncategorized
The Accidental Adventures of India McAllister,Age-appropriateness concerns; LGBTQ+ identity & sexuality,2,Age-appropriateness concerns
One Man Guy,Age-appropriateness concerns; LGBTQ+ identity & sexuality; Sexual or romantic content,3,Age-appropriateness concerns
Whistle Me Home,Age-appropriateness concerns; LGBTQ+ identity & sexuality; Sexual or romantic content,3,Age-appropriateness concerns
Citizen: An American Lyric,Race & systemic inequality,1,Race & systemic inequality
We Were Eight Years in Power: An American Tragedy,Race & systemic inequality; Sexual or romantic content,2,Race & systemic inequality
Black Rabbit Summer,Age-appropriateness concerns; Violence & mature themes,2,Age-appropriateness concerns
Gay Believers: Homosexuality and Religion,LGBTQ+ identity & sexuality,1,LGBTQ+ identity & sexuality
Cut Both Ways,Age-appropriateness concerns; LGBTQ+ identity & sexuality; Sexual or romantic content,3,Age-appropriateness concerns
The Hookup Artist,Age-appropriateness concerns; LGBTQ+ identity & sexuality; Sexual or romantic content,3,Age-appropriateness concerns
Annie on My Mind,Age-appropriateness concerns; LGBTQ+ identity & sexuality; Sexual or romantic content,3,Age-appropriateness concerns
Ash,Age-appropriateness concerns; LGBTQ+ identity & sexuality; Sexual or romantic content,3,Age-appropriateness concerns
Ask the Passengers,Age-appropriateness concerns; LGBTQ+ identity & sexuality; Sexual or romantic content,3,Age-appropriateness concerns
Hot Dog Girl,Age-appropriateness concerns; LGBTQ+ identity & sexuality,2,Age-appropriateness concerns
Victor and Nora: A Gotham Love Story,Age-appropriateness concerns; Sexual or romantic content,2,Age-appropriateness concerns
"More Than a Game: Race, Gender, and Politics in Sports",Age-appropriateness concerns; Race & systemic inequality; Violence & mature themes,3,Age-appropriateness concerns
Alan Cole Is Not a Coward,Age-appropriateness concerns; LGBTQ+ identity & sexuality,2,Age-appropriateness concerns
Orphea Proud,Age-appropriateness concerns; LGBTQ+ identity & sexuality,2,Age-appropriateness concerns
Far from the Tree,Age-appropriateness concerns; LGBTQ+ identity & sexuality,2,Age-appropriateness concerns
"Alison, Who Went Away",Age-appropriateness concerns,1,Age-appropriateness concerns
"Will Grayson, Will Grayson (Will Grayson, Will Grayson Series)",Age-appropriateness concerns; LGBTQ+ identity & sexuality; Sexual or romantic content,3,Age-appropriateness concerns
"Hang-ups, Hook-ups, and Holding Out: Stuff You Need to Know about Your Body, Sex, and Dating",Age-appropriateness concerns; Sexual or romantic content,2,Age-appropriateness concerns
GLBT Teens and Society,Age-appropriateness concerns; LGBTQ+ identity & sexuality; Sexual or romantic content,3,Age-appropriateness concerns
"Love, Creekwood: A Simonverse Novella (Simonverse Series)",Age-appropriateness concerns,1,Age-appropriateness concerns
#BlackLivesMatter: Protesting Racism,Age-appropriateness concerns; Race & systemic inequality,2,Age-appropriateness concerns
Combat Zone,Age-appropriateness concerns; LGBTQ+ identity & sexuality; Mental health & trauma; Religion & worldview,4,Age-appropriateness concerns
"Gabi, a Girl in Pieces",Age-appropriateness concerns; LGBTQ+ identity & sexuality; Race & systemic inequality; Sexual or romantic content,4,Age-appropriateness concerns
Highly Illogical Behavior,Age-appropriateness concerns; LGBTQ+ identity & sexuality; Mental health & trauma,3,Age-appropriateness concerns
Queer: The Ultimate LGBTQ Guide for Teens,Gender politics & feminism; LGBTQ+ identity & sexuality; Sexual or romantic content,3,Gender politics & feminism
Pearl,Age-appropriateness concerns; Mental health & trauma; Sexual or romantic content,3,Age-appropriateness concerns
Echo After Echo,Age-appropriateness concerns; Violence & mature themes,2,Age-appropriateness concerns
Hello Now,Age-appropriateness concerns; LGBTQ+ identity & sexuality; Sexual or romantic content,3,Age-appropriateness concerns
Symptoms of Being Human,Age-appropriateness concerns; LGBTQ+ identity & sexuality; Mental health & trauma,3,Age-appropriateness concerns
Beautiful Music for Ugly Children,Age-appropriateness concerns; LGBTQ+ identity & sexuality,2,Age-appropriateness concerns
This Is Kind of an Epic Love Story,Age-appropriateness concerns; LGBTQ+ identity & sexuality; Sexual or romantic content,3,Age-appropriateness concerns
"It Gets Better: Coming Out, Overcoming Bullying, and Creating a Life Worth Living",,0,Uncategorized
Far from the Tree: How Children and Their Parents Learn to Accept One Another . . . Our Differences Unite Us,Mental health & trauma,1,Mental health & trauma
Chainbreaker (Timekeeper Series),Age-appropriateness concerns,1,Age-appropriateness concerns
Zenobia July,Age-appropriateness concerns; LGBTQ+ identity & sexuality,2,Age-appropriateness concerns
Each of Us a Desert,Age-appropriateness concerns; LGBTQ+ identity & sexuality; Sexual or romantic content,3,Age-appropriateness concerns
Marco Impossible,Age-appropriateness concerns,1,Age-appropriateness concerns
Great,Age-appropriateness concerns; LGBTQ+ identity & sexuality; Sexual or romantic content,3,Age-appropriateness concerns
Getting It,Age-appropriateness concerns; LGBTQ+ identity & sexuality,2,Age-appropriateness concerns
Things That Make White People Uncomfortable (Adapted for Young Adults),Age-appropriateness concerns; Race & systemic inequality; Violence & mature themes,3,Age-appropriateness concerns
We Are Lost and Found,Age-appropriateness concerns; LGBTQ+ identity & sexuality; Sexual or romantic content,3,Age-appropriateness concerns
History Is All You Left Me,Age-appropriateness concerns; LGBTQ+ identity & sexuality; Mental health & trauma; Sexual or romantic content,4,Age-appropriateness concerns
Happy families,Age-appropriateness concerns; LGBTQ+ identity & sexuality,2,Age-appropriateness concerns
Class Act,Age-appropriateness concerns,1,Age-appropriateness concerns
Firestarter (Timekeeper Series),Violence & mature themes,1,Violence & mature themes
Safe Sex 101: An Overview for Teens,Age-appropriateness concerns; Sexual or romantic content,2,Age-appropriateness concerns
Wonders of the Invisible World,Age-appropriateness concerns; LGBTQ+ identity & sexuality; Sexual or romantic content,3,Age-appropriateness concerns
As I Descended,Age-appropriateness concerns; LGBTQ+ identity & sexuality; Violence & mature themes,3,Age-appropriateness concerns
Love Is the Higher Law,Age-appropriateness concerns; LGBTQ+ identity & sexuality; Sexual or romantic content,3,Age-appropriateness concerns
Protect and Defend (Kerry Kilcannon Series),Violence & mature themes,1,Violence & mature themes
Gender Identity: The Ultimate Teen Guide,LGBTQ+ identity & sexuality; Sexual or romantic content,2,LGBTQ+ identity & sexuality
Guardian (Proxy Series),Age-appropriateness concerns; Race & systemic inequality,2,Age-appropriateness concerns
Hook Up,Age-appropriateness concerns,1,Age-appropriateness concerns
And Still I Rise,Gender politics & feminism; Race & systemic inequality,2,Gender politics & feminism
"Doing It Right: Making Smart, Safe, and Satisfying Choices About Sex",Sexual or romantic content,1,Sexual or romantic content
Should Teens Have Access to Birth Control?,,0,Uncategorized
The Teenage Body Book,Sexual or romantic content,1,Sexual or romantic content
Of Ice and Shadows (Of Fire and Stars Series),Age-appropriateness concerns; LGBTQ+ identity & sexuality; Sexual or romantic content,3,Age-appropriateness concerns
Autoboyography,Age-appropriateness concerns; LGBTQ+ identity & sexuality; Sexual or romantic content,3,Age-appropriateness concerns
Star-Crossed,Age-appropriateness concerns; LGBTQ+ identity & sexuality; Sexual or romantic content,3,Age-appropriateness concerns
"My Most Excellent Year: A Novel of Love, Mary Poppins, and Fenway Park",Age-appropriateness concerns,1,Age-appropriateness concerns
Parrotfish,Age-appropriateness concerns; LGBTQ+ identity & sexuality,2,Age-appropriateness concerns
Deposing Nathan,Age-appropriateness concerns; LGBTQ+ identity & sexuality; Sexual or romantic content,3,Age-appropriateness concerns
Red at the Bone,LGBTQ+ identity & sexuality; Sexual or romantic content,2,LGBTQ+ identity & sexuality
Some Assembly Required: The Not-So-Secret Life of a Transgender Teen,Age-appropriateness concerns; LGBTQ+ identity & sexuality,2,Age-appropriateness concerns
Three Little Words: A Memoir,,0,Uncategorized
Saturdays with Hitchcock,Age-appropriateness concerns; LGBTQ+ identity & sexuality; Sexual or romantic content,3,Age-appropriateness concerns
My Life as a Rhombus,Age-appropriateness concerns,1,Age-appropriateness concerns
All We Can Do Is Wait,Age-appropriateness concerns; LGBTQ+ identity & sexuality,2,Age-appropriateness concerns
All Eyes on Us,Age-appropriateness concerns; LGBTQ+ identity & sexuality; Violence & mature themes,3,Age-appropriateness concerns
ttfn (Internet Girls Series),Age-appropriateness concerns,1,Age-appropriateness concerns
The Abortion Debate: Understanding the Issues (Issues in Focus Today),Age-appropriateness concerns,1,Age-appropriateness concerns
Ask Me How I Got Here,Age-appropriateness concerns; LGBTQ+ identity & sexuality; Sexual or romantic content,3,Age-appropriateness concerns
The Cutting Room Floor,Age-appropriateness concerns; Sexual or romantic content; Violence & mature themes,3,Age-appropriateness concerns
In the Role of Brie Hutchens...,Age-appropriateness concerns; LGBTQ+ identity & sexuality,2,Age-appropriateness concerns
How to Love,Age-appropriateness concerns; Sexual or romantic content,2,Age-appropriateness concerns
Rainbow Road (Rainbow Trilogy Series),Age-appropriateness concerns; LGBTQ+ identity & sexuality,2,Age-appropriateness concerns
And She Was,Age-appropriateness concerns; LGBTQ+ identity & sexuality; Sexual or romantic content,3,Age-appropriateness concerns
The Last Time I Wore a Dress,Gender politics & feminism; LGBTQ+ identity & sexuality; Mental health & trauma,3,Gender politics & feminism
Tattoo Atlas,Age-appropriateness concerns; LGBTQ+ identity & sexuality; Violence & mature themes,3,Age-appropriateness concerns
Sister Mischief,Age-appropriateness concerns; LGBTQ+ identity & sexuality,2,Age-appropriateness concerns
One True Way,Age-appropriateness concerns; LGBTQ+ identity & sexuality; Sexual or romantic content,3,Age-appropriateness concerns
Kiss Number 8,Age-appropriateness concerns; LGBTQ+ identity & sexuality; Sexual or romantic content,3,Age-appropriateness concerns
The Deepest Breath,Age-appropriateness concerns,1,Age-appropriateness concerns
Shine,Age-appropriateness concerns; LGBTQ+ identity & sexuality,2,Age-appropriateness concerns
Openly Straight (Openly Straight Series),Age-appropriateness concerns; LGBTQ+ identity & sexuality; Sexual or romantic content,3,Age-appropriateness concerns
Jaya and Rasa: A Love Story,Age-appropriateness concerns; LGBTQ+ identity & sexuality; Sexual or romantic content,3,Age-appropriateness concerns
The Confessions of Nat Turner,Race & systemic inequality,1,Race & systemic inequality
When the Moon Was Ours,Age-appropriateness concerns; LGBTQ+ identity & sexuality; Sexual or romantic content,3,Age-appropriateness concerns
Everything Leads to You,Age-appropriateness concerns,1,Age-appropriateness concerns
Brave Face: A Memoir,LGBTQ+ identity & sexuality; Mental health & trauma,2,LGBTQ+ identity & sexuality
A Home for Goddesses and Dogs,Age-appropriateness concerns; LGBTQ+ identity & sexuality; Mental health & trauma,3,Age-appropriateness concerns
Spinning,LGBTQ+ identity & sexuality; Mental health & trauma,2,LGBTQ+ identity & sexuality
Life in Outer Space,Age-appropriateness concerns; Mental health & trauma; Sexual or romantic content,3,Age-appropriateness concerns
The Past and Other Things That Should Stay Buried,Age-appropriateness concerns; LGBTQ+ identity & sexuality,2,Age-appropriateness concerns
Blood Sport,Age-appropriateness concerns; LGBTQ+ identity & sexuality,2,Age-appropriateness concerns
How Not to Ask a Boy to Prom,Age-appropriateness concerns; LGBTQ+ identity & sexuality; Sexual or romantic content; Violence & mature themes,4,Age-appropriateness concerns
Cinderella Is Dead,Age-appropriateness concerns; LGBTQ+ identity & sexuality; Sexual or romantic content,3,Age-appropriateness concerns
October Mourning: A Song for Matthew Shepard,Age-appropriateness concerns; LGBTQ+ identity & sexuality; Violence & mature themes,3,Age-appropriateness concerns
Pink,Age-appropriateness concerns; LGBTQ+ identity & sexuality; Sexual or romantic content,3,Age-appropriateness concerns
Magic To Brew (Moonstruck Series),,0,Uncategorized
"Gender Danger: Survivors of Rape, Human Trafficking, and Honor Killings",Sexual or romantic content; Violence & mature themes,2,Sexual or romantic content
The Sin-Eater's Confession,Age-appropriateness concerns; LGBTQ+ identity & sexuality,2,Age-appropriateness concerns
"Hello, I Lied",Age-appropriateness concerns; LGBTQ+ identity & sexuality,2,Age-appropriateness concerns
yolo (Internet Girls Series),Age-appropriateness concerns; Sexual or romantic content,2,Age-appropriateness concerns
Something Like Gravity,Age-appropriateness concerns; LGBTQ+ identity & sexuality; Sexual or romantic content; Violence & mature themes,4,Age-appropriateness concerns
The Infinite Moment of Us,Age-appropriateness concerns; Sexual or romantic content,2,Age-appropriateness concerns
Every Day (Every Day Series),Age-appropriateness concerns; LGBTQ+ identity & sexuality; Sexual or romantic content,3,Age-appropriateness concerns
The Truth about Keeping Secrets,Age-appropriateness concerns; LGBTQ+ identity & sexuality; Violence & mature themes,3,Age-appropriateness concerns
Girl Mans Up,Age-appropriateness concerns,1,Age-appropriateness concerns
Tessa Masterson Will Go to Prom,Age-appropriateness concerns; LGBTQ+ identity & sexuality; Sexual or romantic content,3,Age-appropriateness concerns
Just Kill Me,Age-appropriateness concerns; LGBTQ+ identity & sexuality; Violence & mature themes,3,Age-appropriateness concerns
Who I Was with Her,Age-appropriateness concerns; LGBTQ+ identity & sexuality,2,Age-appropriateness concerns
Detour for Emmy,Age-appropriateness concerns,1,Age-appropriateness concerns
Pride: Celebrating Diversity & Community,Age-appropriateness concerns; LGBTQ+ identity & sexuality,2,Age-appropriateness concerns
V for Vendetta,Violence & mature themes,1,Violence & mature themes
The Last to Let Go,Age-appropriateness concerns; Violence & mature themes,2,Age-appropriateness concerns
The Meaning of Birds,Age-appropriateness concerns; LGBTQ+ identity & sexuality; Sexual or romantic content,3,Age-appropriateness concerns
Teens & Sex,Age-appropriateness concerns; Sexual or romantic content,2,Age-appropriateness concerns
Teen Legal Rights,,0,Uncategorized
"Boy Erased: A Memoir of Identity, Faith, and Family",LGBTQ+ identity & sexuality,1,LGBTQ+ identity & sexuality
Far from You,Age-appropriateness concerns; LGBTQ+ identity & sexuality; Mental health & trauma; Sexual or romantic content; Violence & mature themes,5,Age-appropriateness concerns
Rainbow Boys (Rainbow Trilogy Series),Age-appropriateness concerns; LGBTQ+ identity & sexuality; Sexual or romantic content,3,Age-appropriateness concerns
Alex As Well,Age-appropriateness concerns; LGBTQ+ identity & sexuality,2,Age-appropriateness concerns
"Dating, Relationships, And Sexuality: What Teens Should Know",Age-appropriateness concerns; LGBTQ+ identity & sexuality,2,Age-appropriateness concerns
Afterworlds (Afterworlds Series),Age-appropriateness concerns,1,Age-appropriateness concerns
"Rainbow Revolutions: Power, Pride and Protest in the Fight for Queer Rights",LGBTQ+ identity & sexuality,1,LGBTQ+ identity & sexuality
Gender Issues (Living with a Special Need),,0,Uncategorized
My Mixed-Up Berry Blue Summer,Age-appropriateness concerns; LGBTQ+ identity & sexuality; Mental health & trauma,3,Age-appropriateness concerns
Teens and Gender Dysphoria,,0,Uncategorized
In the Dream House,Gender politics & feminism; LGBTQ+ identity & sexuality; Sexual or romantic content; Violence & mature themes,4,Gender politics & feminism
None of the Above,Age-appropriateness concerns,1,Age-appropriateness concerns
"Jess, Chunk, and the Road Trip to Infinity",Age-appropriateness concerns; LGBTQ+ identity & sexuality,2,Age-appropriateness concerns
Finding Community,LGBTQ+ identity & sexuality; Race & systemic inequality; Violence & mature themes,3,LGBTQ+ identity & sexuality
We Now Return to Regular Life,Age-appropriateness concerns; LGBTQ+ identity & sexuality; Mental health & trauma,3,Age-appropriateness concerns
Willful Machines,Age-appropriateness concerns; LGBTQ+ identity & sexuality; Mental health & trauma; Sexual or romantic content; Violence & mature themes,5,Age-appropriateness concerns
Masked,Age-appropriateness concerns; Violence & mature themes,2,Age-appropriateness concerns
The Whispers,Age-appropriateness concerns; LGBTQ+ identity & sexuality; Mental health & trauma,3,Age-appropriateness concerns
Striving for Equality: LGBTQ Athletes Claim the Field,LGBTQ+ identity & sexuality; Sexual or romantic content,2,LGBTQ+ identity & sexuality
Late to the Party,Age-appropriateness concerns; LGBTQ+ identity & sexuality; Sexual or romantic content,3,Age-appropriateness concerns
The Nerdy and the Dirty,Age-appropriateness concerns; Sexual or romantic content,2,Age-appropriateness concerns
The Upside of Unrequited (Simonverse Series),Age-appropriateness concerns; LGBTQ+ identity & sexuality; Sexual or romantic content,3,Age-appropriateness concerns
The LGBT Community,Age-appropriateness concerns; LGBTQ+ identity & sexuality; Sexual or romantic content,3,Age-appropriateness concerns
We the Students: Supreme Court Cases for and about Students,,0,Uncategorized
Stained,Age-appropriateness concerns,1,Age-appropriateness concerns
Kissing Kate,Age-appropriateness concerns; LGBTQ+ identity & sexuality; Sexual or romantic content,3,Age-appropriateness concerns
A Guy's Guide to Sexuality and Sexual Identity in the 21st Century,Age-appropriateness concerns; Religion & worldview; Sexual or romantic content,3,Age-appropriateness concerns
Scars,Age-appropriateness concerns; LGBTQ+ identity & sexuality; Mental health & trauma; Sexual or romantic content,4,Age-appropriateness concerns
So Hard to Say,Age-appropriateness concerns; LGBTQ+ identity & sexuality; Sexual or romantic content,3,Age-appropriateness concerns
Will,Age-appropriateness concerns; LGBTQ+ identity & sexuality; Sexual or romantic content,3,Age-appropriateness concerns
Hurricane Child,Age-appropriateness concerns; LGBTQ+ identity & sexuality; Mental health & trauma,3,Age-appropriateness concerns
Girl Crushed,Age-appropriateness concerns; LGBTQ+ identity & sexuality; Sexual or romantic content,3,Age-appropriateness concerns
Crush,Age-appropriateness concerns; Sexual or romantic content,2,Age-appropriateness concerns
Beast,Age-appropriateness concerns; LGBTQ+ identity & sexuality; Sexual or romantic content,3,Age-appropriateness concerns
The Underground Girls of Kabul: in Search of a Hidden Resistance in Afghanistan,Gender politics & feminism; Sexual or romantic content; Violence & mature themes,3,Gender politics & feminism
"Two Parties, One Tux, and a Very Short Film about The Grapes of Wrath",Age-appropriateness concerns,1,Age-appropriateness concerns
They Called Themselves The K.K.K.: The Birth of an American Terrorist Group,Age-appropriateness concerns; Race & systemic inequality,2,Age-appropriateness concerns
Another Kind of Cowboy,Age-appropriateness concerns; LGBTQ+ identity & sexuality,2,Age-appropriateness concerns
Freak Show,Age-appropriateness concerns; LGBTQ+ identity & sexuality; Sexual or romantic content,3,Age-appropriateness concerns
The Fight (Surviving Southside Series),Age-appropriateness concerns; LGBTQ+ identity & sexuality; Mental health & trauma,3,Age-appropriateness concerns
The Other Boy,Age-appropriateness concerns; LGBTQ+ identity & sexuality,2,Age-appropriateness concerns
The Test (Bluford High Series),Age-appropriateness concerns; Race & systemic inequality,2,Age-appropriateness concerns
Best Best Colors: Los mejores colores,Age-appropriateness concerns; LGBTQ+ identity & sexuality,2,Age-appropriateness concerns
What They Always Tell Us,Age-appropriateness concerns; LGBTQ+ identity & sexuality; Sexual or romantic content,3,Age-appropriateness concerns
Understanding Gender,Age-appropriateness concerns; LGBTQ+ identity & sexuality,2,Age-appropriateness concerns
The Opposite of Innocent,Age-appropriateness concerns; Mental health & trauma,2,Age-appropriateness concerns
Lizard Radio,Age-appropriateness concerns; LGBTQ+ identity & sexuality; Mental health & trauma; Violence & mature themes,4,Age-appropriateness concerns
Jane Against the World: Roe v. Wade and the Fight for Reproductive Rights,Gender politics & feminism; Race & systemic inequality; Sexual or romantic content,3,Gender politics & feminism
Her Royal Highness,Age-appropriateness concerns; LGBTQ+ identity & sexuality; Sexual or romantic content,3,Age-appropriateness concerns
Unpregnant,Age-appropriateness concerns; Gender politics & feminism,2,Age-appropriateness concerns
See You at Harry's,Age-appropriateness concerns; Mental health & trauma,2,Age-appropriateness concerns
The Vast Fields of Ordinary,Age-appropriateness concerns; LGBTQ+ identity & sexuality; Sexual or romantic content,3,Age-appropriateness concerns
Death Wind,Age-appropriateness concerns,1,Age-appropriateness concerns
"l8r, g8r",Age-appropriateness concerns; Sexual or romantic content,2,Age-appropriateness concerns
Iron Heart (Crier's War Series),Age-appropriateness concerns; LGBTQ+ identity & sexuality; Sexual or romantic content; Violence & mature themes,4,Age-appropriateness concerns
Love & Other Carnivorous Plants,Age-appropriateness concerns; Mental health & trauma,2,Age-appropriateness concerns
All the Invisible Things,Age-appropriateness concerns; LGBTQ+ identity & sexuality; Sexual or romantic content,3,Age-appropriateness concerns
Aristotle and Dante Dive into the Waters of the World (Aristotle and Dante Series),Age-appropriateness concerns; LGBTQ+ identity & sexuality; Mental health & trauma; Sexual or romantic content,4,Age-appropriateness concerns
The Coldest Touch,Age-appropriateness concerns; LGBTQ+ identity & sexuality; Sexual or romantic content; Violence & mature themes,4,Age-appropriateness concerns
Indivisible,Age-appropriateness concerns; LGBTQ+ identity & sexuality; Race & systemic inequality; Sexual or romantic content,4,Age-appropriateness concerns
Heartstopper: Volume Two (Heartstopper Series),Age-appropriateness concerns; LGBTQ+ identity & sexuality,2,Age-appropriateness concerns
Anger Is a Gift,Age-appropriateness concerns; LGBTQ+ identity & sexuality; Mental health & trauma,3,Age-appropriateness concerns
Here the Whole Time,Age-appropriateness concerns; LGBTQ+ identity & sexuality; Sexual or romantic content,3,Age-appropriateness concerns
When You Get the Chance,Age-appropriateness concerns; LGBTQ+ identity & sexuality,2,Age-appropriateness concerns
The Fever King (Feverwake Series),Age-appropriateness concerns,1,Age-appropriateness concerns
The Poet X,Age-appropriateness concerns; Sexual or romantic content,2,Age-appropriateness concerns
Any Way the Wind Blows (Simon Snow Series),Age-appropriateness concerns; LGBTQ+ identity & sexuality; Religion & worldview,3,Age-appropriateness concerns
Jay's Gay Agenda,Age-appropriateness concerns; LGBTQ+ identity & sexuality; Sexual or romantic content,3,Age-appropriateness concerns
Summer in the City of Roses,Age-appropriateness concerns; LGBTQ+ identity & sexuality; Sexual or romantic content,3,Age-appropriateness concerns
Jack,Age-appropriateness concerns; LGBTQ+ identity & sexuality,2,Age-appropriateness concerns
The Sky Blues,Age-appropriateness concerns; LGBTQ+ identity & sexuality; Sexual or romantic content,3,Age-appropriateness concerns
19 Love Songs,Age-appropriateness concerns; LGBTQ+ identity & sexuality; Sexual or romantic content,3,Age-appropriateness concerns
The Watcher's Test (Deadendia Series),Age-appropriateness concerns; LGBTQ+ identity & sexuality; Violence & mature themes,3,Age-appropriateness concerns
"The Legend of Korra: Turf Wars, Part One",,0,Uncategorized
These Witches Don't Burn (These Witches Don't Burn Series),Age-appropriateness concerns; LGBTQ+ identity & sexuality; Sexual or romantic content,3,Age-appropriateness concerns
Always Human (Always Human Series),LGBTQ+ identity & sexuality; Sexual or romantic content,2,LGBTQ+ identity & sexuality
Fragile Remedy,Age-appropriateness concerns; LGBTQ+ identity & sexuality; Sexual or romantic content; Violence & mature themes,4,Age-appropriateness concerns
"No Way, They Were Gay?: Hidden Lives and Secret Loves",LGBTQ+ identity & sexuality,1,LGBTQ+ identity & sexuality
Being Transgender: What You Should Know,LGBTQ+ identity & sexuality; Mental health & trauma,2,LGBTQ+ identity & sexuality
My Whole Truth,Age-appropriateness concerns; Violence & mature themes,2,Age-appropriateness concerns
The Will of the Empress (The Circle Reforged Series),Age-appropriateness concerns; Religion & worldview,2,Age-appropriateness concerns
Baby & Solo,Age-appropriateness concerns,1,Age-appropriateness concerns
Be Dazzled,Age-appropriateness concerns; LGBTQ+ identity & sexuality; Sexual or romantic content,3,Age-appropriateness concerns
To All the Boys I've Loved Before (To All the Boys I've Loved Before Series),Age-appropriateness concerns; Sexual or romantic content,2,Age-appropriateness concerns
Amelia Westlake Was Never Here,Age-appropriateness concerns; LGBTQ+ identity & sexuality; Sexual or romantic content,3,Age-appropriateness concerns
Rebel Girl Revolution (Fat Angie Series),Age-appropriateness concerns; LGBTQ+ identity & sexuality; Mental health & trauma; Sexual or romantic content; Violence & mature themes,5,Age-appropriateness concerns
Gearbreakers (Gearbreakers Series),Age-appropriateness concerns; LGBTQ+ identity & sexuality; Sexual or romantic content; Violence & mature themes,4,Age-appropriateness concerns
The Hammer of Thor (Magnus Chase and the Gods of Asgard Series),Age-appropriateness concerns; LGBTQ+ identity & sexuality,2,Age-appropriateness concerns
"Blue Flag, Vol. 5 (Blue Flag Series)",,0,Uncategorized
The Year Shakespeare Ruined My Life,Age-appropriateness concerns; LGBTQ+ identity & sexuality; Sexual or romantic content,3,Age-appropriateness concerns
On a Sunbeam (On a Sunbeam Series),Age-appropriateness concerns,1,Age-appropriateness concerns
Out Now: Queer We Go Again!,Age-appropriateness concerns; LGBTQ+ identity & sexuality; Sexual or romantic content,3,Age-appropriateness concerns
Things We Couldn't Say,Age-appropriateness concerns; LGBTQ+ identity & sexuality; Sexual or romantic content,3,Age-appropriateness concerns
Sword in the Stars (Once & Future Series),Age-appropriateness concerns; Violence & mature themes,2,Age-appropriateness concerns
Blankets,Age-appropriateness concerns; Sexual or romantic content,2,Age-appropriateness concerns
Beyond the Gender Binary,Gender politics & feminism; LGBTQ+ identity & sexuality,2,Gender politics & feminism
"The Legend of Korra: Turf Wars, Part Three",,0,Uncategorized
What We Devour,Age-appropriateness concerns; LGBTQ+ identity & sexuality,2,Age-appropriateness concerns
The Henna Wars,Age-appropriateness concerns; LGBTQ+ identity & sexuality; Sexual or romantic content,3,Age-appropriateness concerns
The Dark Prophecy (The Trials of Apollo Series),Age-appropriateness concerns,1,Age-appropriateness concerns
Gender Issues and Sexuality: Essential Primary Sources,,0,Uncategorized
Crown of Feathers (Crown of Feathers Series),Age-appropriateness concerns; Sexual or romantic content; Violence & mature themes,3,Age-appropriateness concerns
The Girls Are Never Gone,Age-appropriateness concerns; LGBTQ+ identity & sexuality; Violence & mature themes,3,Age-appropriateness concerns
Sasha Masha,Age-appropriateness concerns; LGBTQ+ identity & sexuality; Sexual or romantic content,3,Age-appropriateness concerns
It Goes Like This,Age-appropriateness concerns; LGBTQ+ identity & sexuality; Sexual or romantic content,3,Age-appropriateness concerns
Saints of Augustine,Age-appropriateness concerns; LGBTQ+ identity & sexuality,2,Age-appropriateness concerns
Living Proud! Coming Out and Seeking Support (Living Proud! Growing Up Lgbtq),,0,Uncategorized
The Pull of the Stars,LGBTQ+ identity & sexuality; Violence & mature themes,2,LGBTQ+ identity & sexuality
"Nonbinary Gender Identities: History, Culture, Resources",LGBTQ+ identity & sexuality; Sexual or romantic content,2,LGBTQ+ identity & sexuality
Homecoming (Fat Angie Series),Age-appropriateness concerns; LGBTQ+ identity & sexuality; Sexual or romantic content,3,Age-appropriateness concerns
"RIPPED-APART Understanding, Coping and Living with Gender Dysphoria",LGBTQ+ identity & sexuality; Mental health & trauma,2,LGBTQ+ identity & sexuality
Ramona Blue,Age-appropriateness concerns; LGBTQ+ identity & sexuality; Sexual or romantic content,3,Age-appropriateness concerns
Once & Future,Age-appropriateness concerns,1,Age-appropriateness concerns
I'll Be the One,Age-appropriateness concerns,1,Age-appropriateness concerns
Bloom,Age-appropriateness concerns; LGBTQ+ identity & sexuality; Sexual or romantic content,3,Age-appropriateness concerns
Golden Boy,Age-appropriateness concerns; LGBTQ+ identity & sexuality,2,Age-appropriateness concerns
Lair of Dreams (The Diviners Series),Age-appropriateness concerns; Violence & mature themes,2,Age-appropriateness concerns
Pulp,Age-appropriateness concerns; LGBTQ+ identity & sexuality,2,Age-appropriateness concerns
A Perfect Blank,Age-appropriateness concerns,1,Age-appropriateness concerns
"Blue Flag, Vol. 1 (Blue Flag Series)",,0,Uncategorized
Black and White,Age-appropriateness concerns; Race & systemic inequality,2,Age-appropriateness concerns
The (Un)Popular Vote,Age-appropriateness concerns; LGBTQ+ identity & sexuality; Mental health & trauma; Sexual or romantic content,4,Age-appropriateness concerns
A Lesson in Vengeance,Age-appropriateness concerns; LGBTQ+ identity & sexuality; Violence & mature themes,3,Age-appropriateness concerns
Kate in Waiting,Age-appropriateness concerns; LGBTQ+ identity & sexuality; Sexual or romantic content,3,Age-appropriateness concerns
Labyrinth Lost (Brooklyn Brujas Series),,0,Uncategorized
Tarnished Are the Stars,Age-appropriateness concerns; LGBTQ+ identity & sexuality; Sexual or romantic content,3,Age-appropriateness concerns
Can't Take That Away,Age-appropriateness concerns; LGBTQ+ identity & sexuality; Sexual or romantic content,3,Age-appropriateness concerns
The ABC's of LGBT+,Gender politics & feminism; LGBTQ+ identity & sexuality; Race & systemic inequality; Sexual or romantic content,4,Gender politics & feminism
You Should See Me in a Crown,Age-appropriateness concerns; LGBTQ+ identity & sexuality; Sexual or romantic content,3,Age-appropriateness concerns
The Falling in Love Montage,Age-appropriateness concerns; LGBTQ+ identity & sexuality; Sexual or romantic content,3,Age-appropriateness concerns
Dark and Deepest Red,Age-appropriateness concerns; LGBTQ+ identity & sexuality,2,Age-appropriateness concerns
Leah on the Offbeat (Simonverse Series),Age-appropriateness concerns; LGBTQ+ identity & sexuality; Sexual or romantic content,3,Age-appropriateness concerns
Unbecoming,Age-appropriateness concerns,1,Age-appropriateness concerns
May the Best Man Win,Age-appropriateness concerns; LGBTQ+ identity & sexuality; Sexual or romantic content,3,Age-appropriateness concerns
The Lucky List,Age-appropriateness concerns; LGBTQ+ identity & sexuality; Sexual or romantic content,3,Age-appropriateness concerns
Elevation,Violence & mature themes,1,Violence & mature themes
SELF-ish: A Transgender Awakening,Gender politics & feminism; LGBTQ+ identity & sexuality; Mental health & trauma,3,Gender politics & feminism
The Passing Playbook,Age-appropriateness concerns; LGBTQ+ identity & sexuality; Mental health & trauma; Sexual or romantic content,4,Age-appropriateness concerns
The Inexplicable Logic of My Life,Age-appropriateness concerns; LGBTQ+ identity & sexuality,2,Age-appropriateness concerns
Perfect on Paper,Age-appropriateness concerns; LGBTQ+ identity & sexuality; Sexual or romantic content,3,Age-appropriateness concerns
Speak No Evil,Age-appropriateness concerns; LGBTQ+ identity & sexuality,2,Age-appropriateness concerns
The Porcupine of Truth,Age-appropriateness concerns; LGBTQ+ identity & sexuality,2,Age-appropriateness concerns
Heiress Apparently (Daughters of the Dynasty Series),Age-appropriateness concerns; Sexual or romantic content,2,Age-appropriateness concerns
Girl on the Line,Age-appropriateness concerns; LGBTQ+ identity & sexuality; Mental health & trauma; Sexual or romantic content,4,Age-appropriateness concerns
Just Ash,Age-appropriateness concerns; LGBTQ+ identity & sexuality,2,Age-appropriateness concerns
The Summer of Jordi Perez,Age-appropriateness concerns; LGBTQ+ identity & sexuality; Sexual or romantic content,3,Age-appropriateness concerns
The Gravity of Us (The Gravity of Us Series),Age-appropriateness concerns; LGBTQ+ identity & sexuality; Sexual or romantic content,3,Age-appropriateness concerns
In Deeper Waters,Age-appropriateness concerns; LGBTQ+ identity & sexuality; Sexual or romantic content; Violence & mature themes,4,Age-appropriateness concerns
Summer Bird Blue,Age-appropriateness concerns; LGBTQ+ identity & sexuality; Mental health & trauma,3,Age-appropriateness concerns
When They Call You a Terrorist (Young Adult Edition): A Story of Black Lives Matter and the Power to Change the World,Age-appropriateness concerns; Mental health & trauma; Race & systemic inequality,3,Age-appropriateness concerns
We Set the Dark on Fire (We Set the Dark on Fire Series),Age-appropriateness concerns; LGBTQ+ identity & sexuality; Sexual or romantic content,3,Age-appropriateness concerns
Her Royal Highness (Royals Series),Age-appropriateness concerns; LGBTQ+ identity & sexuality; Sexual or romantic content,3,Age-appropriateness concerns
Gold Wings Rising (Skybound Series),Age-appropriateness concerns; LGBTQ+ identity & sexuality; Violence & mature themes,3,Age-appropriateness concerns
You Brought Me the Ocean,Age-appropriateness concerns; LGBTQ+ identity & sexuality; Sexual or romantic content,3,Age-appropriateness concerns
A Quick & Easy Guide to They/Them Pronouns,LGBTQ+ identity & sexuality,1,LGBTQ+ identity & sexuality
Encyclopedia of Sex & Gender: 4 Volume Set,,0,Uncategorized
The Tyrant’s Tomb (The Trials of Apollo Series),Age-appropriateness concerns,1,Age-appropriateness concerns
"Blue Flag, Vol. 3 (Blue Flag Series)",,0,Uncategorized
The Scapegracers (Scapegracers Series),Age-appropriateness concerns; LGBTQ+ identity & sexuality,2,Age-appropriateness concerns
How Beautiful the Ordinary: Twelve Stories of Identity,Age-appropriateness concerns; LGBTQ+ identity & sexuality,2,Age-appropriateness concerns
Fire Song,Age-appropriateness concerns; LGBTQ+ identity & sexuality; Mental health & trauma; Race & systemic inequality,4,Age-appropriateness concerns
Last Night at the Telegraph Club,Age-appropriateness concerns; LGBTQ+ identity & sexuality; Sexual or romantic content,3,Age-appropriateness concerns
The Life and (Medieval) Times of Kit Sweetly,Age-appropriateness concerns; Gender politics & feminism; Sexual or romantic content,3,Age-appropriateness concerns
Ember Queen (Ash Princess Trilogy Series),Age-appropriateness concerns; Mental health & trauma; Religion & worldview; Sexual or romantic content,4,Age-appropriateness concerns
Act Cool,Age-appropriateness concerns; LGBTQ+ identity & sexuality; Sexual or romantic content,3,Age-appropriateness concerns
Dragonwings,Age-appropriateness concerns; Race & systemic inequality,2,Age-appropriateness concerns
How to Make a Wish,Age-appropriateness concerns; LGBTQ+ identity & sexuality; Sexual or romantic content,3,Age-appropriateness concerns
Carry On (Simon Snow Series),Age-appropriateness concerns; LGBTQ+ identity & sexuality; Religion & worldview; Sexual or romantic content,4,Age-appropriateness concerns
Night Shine (Night Shine Series),Age-appropriateness concerns,1,Age-appropriateness concerns
Between Perfect and Real,Age-appropriateness concerns; LGBTQ+ identity & sexuality; Sexual or romantic content,3,Age-appropriateness concerns
A Better Bad Idea,Age-appropriateness concerns; Sexual or romantic content; Violence & mature themes,3,Age-appropriateness concerns
I'm a Wild Seed: My Graphic Memoir on Queerness and Decolonizing the World,Gender politics & feminism; LGBTQ+ identity & sexuality; Race & systemic inequality,3,Gender politics & feminism
"Blue Flag, Vol. 4 (Blue Flag Series)",LGBTQ+ identity & sexuality; Sexual or romantic content,2,LGBTQ+ identity & sexuality
The City Beautiful,Age-appropriateness concerns; LGBTQ+ identity & sexuality; Violence & mature themes,3,Age-appropriateness concerns
The Hidden Oracle (The Trials of Apollo Series),Age-appropriateness concerns,1,Age-appropriateness concerns
Heartstopper: Volume Three (Heartstopper Series),Age-appropriateness concerns; LGBTQ+ identity & sexuality,2,Age-appropriateness concerns
The Dangerous Art of Blending In,Age-appropriateness concerns; LGBTQ+ identity & sexuality; Mental health & trauma; Sexual or romantic content,4,Age-appropriateness concerns
Aesop Lake,Age-appropriateness concerns; LGBTQ+ identity & sexuality; Mental health & trauma,3,Age-appropriateness concerns
If We Were Us,Age-appropriateness concerns; LGBTQ+ identity & sexuality; Sexual or romantic content,3,Age-appropriateness concerns
That Inevitable Victorian Thing,Age-appropriateness concerns; LGBTQ+ identity & sexuality; Sexual or romantic content,3,Age-appropriateness concerns
"Date Me, Bryson Keller",Age-appropriateness concerns; LGBTQ+ identity & sexuality,2,Age-appropriateness concerns
Influence,Age-appropriateness concerns; Sexual or romantic content; Violence & mature themes,3,Age-appropriateness concerns
The Summer of Everything,Age-appropriateness concerns,1,Age-appropriateness concerns
The Red Scrolls of Magic (The Eldest Curses Series),Age-appropriateness concerns; LGBTQ+ identity & sexuality; Sexual or romantic content; Violence & mature themes,4,Age-appropriateness concerns
The Pride Guide: A Guide to Sexual and Social Health for LGBTQ Youth,LGBTQ+ identity & sexuality; Sexual or romantic content; Violence & mature themes,3,LGBTQ+ identity & sexuality
Verona Comics,Age-appropriateness concerns; LGBTQ+ identity & sexuality; Mental health & trauma; Sexual or romantic content,4,Age-appropriateness concerns
The New Queer Conscience,LGBTQ+ identity & sexuality; Race & systemic inequality,2,LGBTQ+ identity & sexuality
Teaching When the World Is on Fire,LGBTQ+ identity & sexuality; Race & systemic inequality; Sexual or romantic content; Violence & mature themes,4,LGBTQ+ identity & sexuality
Crier's War (Crier's War Series),Age-appropriateness concerns; LGBTQ+ identity & sexuality; Sexual or romantic content; Violence & mature themes,4,Age-appropriateness concerns
Here's to Us,Age-appropriateness concerns; LGBTQ+ identity & sexuality; Sexual or romantic content,3,Age-appropriateness concerns
The Weight of the Stars,Age-appropriateness concerns; LGBTQ+ identity & sexuality; Sexual or romantic content,3,Age-appropriateness concerns
The Witch King (The Witch King Series),Age-appropriateness concerns; LGBTQ+ identity & sexuality,2,Age-appropriateness concerns
The Burning Maze (The Trials of Apollo Series),Age-appropriateness concerns,1,Age-appropriateness concerns
Gideon the Ninth (The Locked Tomb Series),LGBTQ+ identity & sexuality; Violence & mature themes,2,LGBTQ+ identity & sexuality
Follow Your Arrow,Age-appropriateness concerns; LGBTQ+ identity & sexuality; Sexual or romantic content,3,Age-appropriateness concerns
Sister Outsider: Essays and Speeches,Gender politics & feminism; LGBTQ+ identity & sexuality; Race & systemic inequality; Sexual or romantic content,4,Gender politics & feminism
Bingo Love #1,,0,Uncategorized
The Bride Was a Boy,LGBTQ+ identity & sexuality,1,LGBTQ+ identity & sexuality
The Book of Essie,,0,Uncategorized
"Allies: Real Talk About Showing Up, Screwing Up, And Trying Again",Race & systemic inequality,1,Race & systemic inequality
I Kissed Alice,Age-appropriateness concerns; LGBTQ+ identity & sexuality; Sexual or romantic content,3,Age-appropriateness concerns
Sometime After Midnight,Age-appropriateness concerns,1,Age-appropriateness concerns
A Complicated Love Story Set in Space,Age-appropriateness concerns; LGBTQ+ identity & sexuality; Sexual or romantic content; Violence & mature themes,4,Age-appropriateness concerns
The Marvelous,Age-appropriateness concerns; LGBTQ+ identity & sexuality; Violence & mature themes,3,Age-appropriateness concerns
No Ashes in the Fire: Coming of Age Black and Free in America,LGBTQ+ identity & sexuality; Mental health & trauma; Race & systemic inequality; Sexual or romantic content; Violence & mature themes,5,LGBTQ+ identity & sexuality
"Blue Flag, Vol. 6 (Blue Flag Series)",,0,Uncategorized
"Kings, Queens, and In-Betweens",Age-appropriateness concerns; LGBTQ+ identity & sexuality,2,Age-appropriateness concerns
Blanca & Roja,Age-appropriateness concerns,1,Age-appropriateness concerns
The Black Lives Matter Movement,Race & systemic inequality; Violence & mature themes,2,Race & systemic inequality
Wayward Son (Simon Snow Series),Age-appropriateness concerns; LGBTQ+ identity & sexuality; Sexual or romantic content; Violence & mature themes,4,Age-appropriateness concerns
Cool for the Summer,Age-appropriateness concerns; LGBTQ+ identity & sexuality; Sexual or romantic content,3,Age-appropriateness concerns
Flawless (Pretty Little Liars Series),Age-appropriateness concerns; Sexual or romantic content; Violence & mature themes,3,Age-appropriateness concerns
Your Rights as an LGBTQ+ Teen,LGBTQ+ identity & sexuality,1,LGBTQ+ identity & sexuality
The Witch Owl Parliament (Clockwork Curandera Series),Age-appropriateness concerns; Race & systemic inequality; Violence & mature themes,3,Age-appropriateness concerns
Black Wings Beating (Skybound Series),Age-appropriateness concerns; LGBTQ+ identity & sexuality; Violence & mature themes,3,Age-appropriateness concerns
Get a Clue (Bookish Boyfriends Series),Age-appropriateness concerns; LGBTQ+ identity & sexuality; Sexual or romantic content,3,Age-appropriateness concerns
"Blue Flag, Vol. 2 (Blue Flag Series)",,0,Uncategorized
The Witch's Hand (The Montague Twins),Age-appropriateness concerns; LGBTQ+ identity & sexuality,2,Age-appropriateness concerns
The Darkness Outside Us,Age-appropriateness concerns; LGBTQ+ identity & sexuality,2,Age-appropriateness concerns
Heartstopper: Volume One (Heartstopper Series),Age-appropriateness concerns; LGBTQ+ identity & sexuality; Mental health & trauma,3,Age-appropriateness concerns
All Our Hidden Gifts (All Our Hidden Gifts Series),Age-appropriateness concerns; LGBTQ+ identity & sexuality,2,Age-appropriateness concerns
Short Stuff: A Young Adult LGBTQ+ Anthology,Age-appropriateness concerns; LGBTQ+ identity & sexuality; Sexual or romantic content,3,Age-appropriateness concerns
Speak for Yourself,Age-appropriateness concerns; LGBTQ+ identity & sexuality; Sexual or romantic content,3,Age-appropriateness concerns
"Blue Flag, Vol. 7 (Blue Flag Series)",,0,Uncategorized
Body Talk: 37 Voices Explore Our Radical Anatomy,Gender politics & feminism; LGBTQ+ identity & sexuality; Mental health & trauma,3,Gender politics & feminism
Darius the Great Is Not Okay (Darius the Great Series),Age-appropriateness concerns; LGBTQ+ identity & sexuality; Mental health & trauma,3,Age-appropriateness concerns
Understanding Gender Identity,,0,Uncategorized
Wings of Shadow (Crown of Feathers Series),Age-appropriateness concerns,1,Age-appropriateness concerns
Death Prefers Blondes,Age-appropriateness concerns; LGBTQ+ identity & sexuality; Violence & mature themes,3,Age-appropriateness concerns
Master of One,Age-appropriateness concerns; LGBTQ+ identity & sexuality; Sexual or romantic content,3,Age-appropriateness concerns
Yesterday Is History,Age-appropriateness concerns; LGBTQ+ identity & sexuality,2,Age-appropriateness concerns
The Fell of Dark,Age-appropriateness concerns; LGBTQ+ identity & sexuality; Sexual or romantic content,3,Age-appropriateness concerns
The Girls I've Been,Age-appropriateness concerns; LGBTQ+ identity & sexuality; Violence & mature themes,3,Age-appropriateness concerns
We Are Okay,Age-appropriateness concerns; LGBTQ+ identity & sexuality; Mental health & trauma,3,Age-appropriateness concerns
The Lost Book of the White (The Eldest Curses Series),Age-appropriateness concerns; LGBTQ+ identity & sexuality; Sexual or romantic content,3,Age-appropriateness concerns
Gender Identity: Beyond Pronouns and Bathrooms,Age-appropriateness concerns; LGBTQ+ identity & sexuality; Race & systemic inequality; Sexual or romantic content,4,Age-appropriateness concerns
"It Doesn't Have to Be Awkward: Dealing with Relationships, Consent, and Other Hard-to-Talk-About Stuff",Sexual or romantic content,1,Sexual or romantic content
A Quick & Easy Guide to Queer & Trans Identities,LGBTQ+ identity & sexuality; Sexual or romantic content,2,LGBTQ+ identity & sexuality
"The Legend of Korra: Turf Wars, Part Two",,0,Uncategorized
Girls Made of Snow and Glass,Age-appropriateness concerns; LGBTQ+ identity & sexuality,2,Age-appropriateness concerns
Fat Angie (Fat Angie Series),Age-appropriateness concerns,1,Age-appropriateness concerns
Witchlight,Age-appropriateness concerns; LGBTQ+ identity & sexuality,2,Age-appropriateness concerns
The Sky Is Mine,Age-appropriateness concerns; Mental health & trauma; Violence & mature themes,3,Age-appropriateness concerns
Every Heart a Doorway (Seanan McGuire Series),Age-appropriateness concerns; LGBTQ+ identity & sexuality,2,Age-appropriateness concerns
Not My Problem,Age-appropriateness concerns; LGBTQ+ identity & sexuality; Sexual or romantic content,3,Age-appropriateness concerns
The Gentleman's Guide to Vice and Virtue (Montague Siblings Series),Age-appropriateness concerns; LGBTQ+ identity & sexuality; Sexual or romantic content,3,Age-appropriateness concerns
The Art of Fielding,LGBTQ+ identity & sexuality,1,LGBTQ+ identity & sexuality
The Midnight Lie (Forgotten Gods Series),Age-appropriateness concerns; LGBTQ+ identity & sexuality; Sexual or romantic content,3,Age-appropriateness concerns
The Key to You and Me,,0,Uncategorized
Somebody Told Me,Age-appropriateness concerns; LGBTQ+ identity & sexuality; Mental health & trauma; Violence & mature themes,4,Age-appropriateness concerns
Me Myself & Him,Age-appropriateness concerns; LGBTQ+ identity & sexuality; Sexual or romantic content,3,Age-appropriateness concerns
Six of Crows (Six of Crows Series),Age-appropriateness concerns; LGBTQ+ identity & sexuality; Sexual or romantic content; Violence & mature themes,4,Age-appropriateness concerns
Ghost Wood Song,Age-appropriateness concerns; LGBTQ+ identity & sexuality; Violence & mature themes,3,Age-appropriateness concerns
Cheer Up: Love and Pompoms,Age-appropriateness concerns; LGBTQ+ identity & sexuality; Sexual or romantic content,3,Age-appropriateness concerns
Bruja Born (Brooklyn Brujas Series),Age-appropriateness concerns; Religion & worldview,2,Age-appropriateness concerns
And I Darken (The Conqueror's Saga Series),Age-appropriateness concerns; Sexual or romantic content,2,Age-appropriateness concerns
The Ballad of Ami Miles,Age-appropriateness concerns; LGBTQ+ identity & sexuality; Sexual or romantic content; Violence & mature themes,4,Age-appropriateness concerns
Tonight We Rule the World,Age-appropriateness concerns; LGBTQ+ identity & sexuality; Mental health & trauma; Violence & mature themes,4,Age-appropriateness concerns
The Storm of Life (The Brilliant Death Series),Age-appropriateness concerns; Violence & mature themes,2,Age-appropriateness concerns
Bonds of Brass,,0,Uncategorized
Girls at the Edge of the World,Age-appropriateness concerns; LGBTQ+ identity & sexuality; Sexual or romantic content,3,Age-appropriateness concerns
Soul of Cinder (Heart of Thorns Series),Age-appropriateness concerns; Sexual or romantic content,2,Age-appropriateness concerns
I Wish You All the Best (I Wish You All the Best Series),Age-appropriateness concerns; LGBTQ+ identity & sexuality; Mental health & trauma; Sexual or romantic content,4,Age-appropriateness concerns
Victories Greater Than Death (Unstoppable Series),Age-appropriateness concerns; LGBTQ+ identity & sexuality,2,Age-appropriateness concerns
The Lady's Guide to Petticoats and Piracy (Montague Siblings Series),Age-appropriateness concerns; LGBTQ+ identity & sexuality,2,Age-appropriateness concerns
"Be Strong, Be Wise: The Young Adult’s Guide to Sexual Assault Awareness and Personal Safety",,0,Uncategorized
"Sticks & Scones (Check, Please! Series)",Age-appropriateness concerns,1,Age-appropriateness concerns
The Imitation Game: Alan Turing Decoded,LGBTQ+ identity & sexuality; Violence & mature themes,2,LGBTQ+ identity & sexuality
Rapture Practice: A True Story About Growing Up Gay in an Evangelical Family,LGBTQ+ identity & sexuality; Religion & worldview,2,LGBTQ+ identity & sexuality
We Are Not Broken,LGBTQ+ identity & sexuality; Race & systemic inequality,2,LGBTQ+ identity & sexuality
Synchro Boy,Age-appropriateness concerns; LGBTQ+ identity & sexuality; Sexual or romantic content; Violence & mature themes,4,Age-appropriateness concerns
Burn Our Bodies Down,Age-appropriateness concerns; LGBTQ+ identity & sexuality; Violence & mature themes,3,Age-appropriateness concerns
Heart of Flames (Crown of Feathers Series),Age-appropriateness concerns; LGBTQ+ identity & sexuality; Sexual or romantic content; Violence & mature themes,4,Age-appropriateness concerns
Bruised,Age-appropriateness concerns; LGBTQ+ identity & sexuality; Sexual or romantic content,3,Age-appropriateness concerns
Stay Gold,Age-appropriateness concerns; LGBTQ+ identity & sexuality; Sexual or romantic content,3,Age-appropriateness concerns
Channel Kindness: Stories of Kindness and Community,Age-appropriateness concerns; LGBTQ+ identity & sexuality; Mental health & trauma,3,Age-appropriateness concerns
Music from Another World,Age-appropriateness concerns; LGBTQ+ identity & sexuality; Race & systemic inequality; Sexual or romantic content,4,Age-appropriateness concerns
Say Her Name,Age-appropriateness concerns; Gender politics & feminism; Race & systemic inequality,3,Age-appropriateness concerns
The Friend Scheme,Age-appropriateness concerns; LGBTQ+ identity & sexuality; Sexual or romantic content; Violence & mature themes,4,Age-appropriateness concerns
I Think I Love You,Age-appropriateness concerns; LGBTQ+ identity & sexuality; Sexual or romantic content; Violence & mature themes,4,Age-appropriateness concerns
The Afterward,Age-appropriateness concerns; LGBTQ+ identity & sexuality; Sexual or romantic content,3,Age-appropriateness concerns
Bright World (The Hazards of Love Series),Age-appropriateness concerns; LGBTQ+ identity & sexuality; Sexual or romantic content,3,Age-appropriateness concerns
We Used to Be Friends,Age-appropriateness concerns; LGBTQ+ identity & sexuality; Sexual or romantic content,3,Age-appropriateness concerns
The Electric Heir (Feverwake Series),Age-appropriateness concerns; LGBTQ+ identity & sexuality; Sexual or romantic content; Violence & mature themes,4,Age-appropriateness concerns
Fifteen Hundred Miles from the Sun,Age-appropriateness concerns; LGBTQ+ identity & sexuality; Sexual or romantic content,3,Age-appropriateness concerns
These Feathered Flames (These Feathered Flames Series),Age-appropriateness concerns; LGBTQ+ identity & sexuality; Violence & mature themes,3,Age-appropriateness concerns
The Extraordinaries (The Extraordinaries Series),Age-appropriateness concerns; LGBTQ+ identity & sexuality,2,Age-appropriateness concerns
What Drowns the Flowers in Your Mouth: A Memoir of Brotherhood,LGBTQ+ identity & sexuality; Mental health & trauma; Race & systemic inequality,3,LGBTQ+ identity & sexuality
Black Girl Unlimited: The Remarkable Story of a Teenage Wizard,Age-appropriateness concerns; Mental health & trauma; Race & systemic inequality; Sexual or romantic content; Violence & mature themes,5,Age-appropriateness concerns
Heart of Thorns (Heart of Thorns Series),Age-appropriateness concerns; Violence & mature themes,2,Age-appropriateness concerns
The Brilliant Death (The Brilliant Death Series),Age-appropriateness concerns,1,Age-appropriateness concerns
Not So Pure and Simple,Age-appropriateness concerns; Gender politics & feminism; Sexual or romantic content,3,Age-appropriateness concerns
Seeing Gender: An Illustrated Guide to Identity and Expression,Gender politics & feminism; LGBTQ+ identity & sexuality,2,Gender politics & feminism
Love Is for Losers,Age-appropriateness concerns; LGBTQ+ identity & sexuality; Sexual or romantic content,3,Age-appropriateness concerns
Lobizona (Wolves of No World Series),Age-appropriateness concerns; Race & systemic inequality,2,Age-appropriateness concerns
The Last Confession of Autumn Casterly,Age-appropriateness concerns; Mental health & trauma; Violence & mature themes,3,Age-appropriateness concerns
Rise to the Sun,Age-appropriateness concerns; LGBTQ+ identity & sexuality; Sexual or romantic content,3,Age-appropriateness concerns
I Am Water,Age-appropriateness concerns; LGBTQ+ identity & sexuality,2,Age-appropriateness concerns
The Field Guide to the North American Teenager,Age-appropriateness concerns; Sexual or romantic content,2,Age-appropriateness concerns
The Dark Tide,Age-appropriateness concerns; LGBTQ+ identity & sexuality; Sexual or romantic content,3,Age-appropriateness concerns
Edie in Between,Age-appropriateness concerns; LGBTQ+ identity & sexuality,2,Age-appropriateness concerns
"She/He/They/Me: For the Sisters, Misters, and Binary Resisters",LGBTQ+ identity & sexuality,1,LGBTQ+ identity & sexuality
Chicken Girl,Age-appropriateness concerns; LGBTQ+ identity & sexuality; Sexual or romantic content,3,Age-appropriateness concerns
On the Other Side of Freedom: The Case for Hope,Mental health & trauma; Race & systemic inequality,2,Mental health & trauma
This Golden Flame,Age-appropriateness concerns; LGBTQ+ identity & sexuality,2,Age-appropriateness concerns
Squad,Age-appropriateness concerns; LGBTQ+ identity & sexuality; Violence & mature themes,3,Age-appropriateness concerns
Another Day (Every Day Series),Age-appropriateness concerns; LGBTQ+ identity & sexuality; Sexual or romantic content,3,Age-appropriateness concerns
Indestructible Object,Age-appropriateness concerns; LGBTQ+ identity & sexuality; Sexual or romantic content,3,Age-appropriateness concerns
Tears of Frost (Heart of Thorns Series),Age-appropriateness concerns; Violence & mature themes,2,Age-appropriateness concerns
A Curse of Roses,Age-appropriateness concerns; LGBTQ+ identity & sexuality; Sexual or romantic content,3,Age-appropriateness concerns
Rising Out,Age-appropriateness concerns; LGBTQ+ identity & sexuality; Sexual or romantic content,3,Age-appropriateness concerns
Where We Go From Here,Age-appropriateness concerns; LGBTQ+ identity & sexuality; Sexual or romantic content,3,Age-appropriateness concerns
"Be Gay, Do Comics: Queer History, Memoir, and Satire from The Nib",,0,Uncategorized
"Good Girl, Bad Blood (A Good Girl's Guide to Murder Series)",Age-appropriateness concerns; Violence & mature themes,2,Age-appropriateness concerns
Chik Chak Shabbat,Age-appropriateness concerns; Race & systemic inequality; Religion & worldview,3,Age-appropriateness concerns
Molly of Denali: Berry Itchy Day,Age-appropriateness concerns,1,Age-appropriateness concerns
Yang the Third and Her Impossible Family (The Yang Family Series),Age-appropriateness concerns,1,Age-appropriateness concerns
Carter Reads the Newspaper,Age-appropriateness concerns; Race & systemic inequality; Violence & mature themes,3,Age-appropriateness concerns
It Began with a Page: How Gyo Fujikawa Drew the Way,Age-appropriateness concerns; Violence & mature themes,2,Age-appropriateness concerns
Perfect Chemistry (Perfect Chemistry Series),Age-appropriateness concerns; Sexual or romantic content,2,Age-appropriateness concerns
Stella Brings the Family,Age-appropriateness concerns; LGBTQ+ identity & sexuality,2,Age-appropriateness concerns
The Double Life of Pocahontas,Age-appropriateness concerns; Race & systemic inequality,2,Age-appropriateness concerns
Sally and The Magical Sneeze,Age-appropriateness concerns,1,Age-appropriateness concerns
The Flag of Childhood: Poems From the Middle East,Age-appropriateness concerns; Race & systemic inequality,2,Age-appropriateness concerns
On Mother's Lap,Age-appropriateness concerns; Race & systemic inequality,2,Age-appropriateness concerns
Celebrating Different Beliefs,Age-appropriateness concerns,1,Age-appropriateness concerns
Coolies,Age-appropriateness concerns,1,Age-appropriateness concerns
"Dad, Jackie, and Me",Age-appropriateness concerns,1,Age-appropriateness concerns
Maus II: A Survivor's Tale: And Here My Troubles Began,Race & systemic inequality,1,Race & systemic inequality
The Rough-Face Girl,Age-appropriateness concerns; Race & systemic inequality,2,Age-appropriateness concerns
Running the Road to ABC,Age-appropriateness concerns; Race & systemic inequality,2,Age-appropriateness concerns
A Case of Sense,Age-appropriateness concerns,1,Age-appropriateness concerns
Target,Age-appropriateness concerns; LGBTQ+ identity & sexuality; Mental health & trauma,3,Age-appropriateness concerns
Amina's Voice (Amina's Voice Series),,0,Uncategorized
My Name Is Sally Little Song,Age-appropriateness concerns; Race & systemic inequality,2,Age-appropriateness concerns
My Mother's Sari,Age-appropriateness concerns; Race & systemic inequality,2,Age-appropriateness concerns
Nya's Long Walk: A Step at a Time,Age-appropriateness concerns,1,Age-appropriateness concerns
The Gift of Ramadan,Age-appropriateness concerns; Religion & worldview,2,Age-appropriateness concerns
"Etched in Clay: The Life of Dave, Enslaved Potter and Poet",Age-appropriateness concerns; Race & systemic inequality,2,Age-appropriateness concerns
Maus 1: A Survivor's Tale: My Father Bleeds History,Mental health & trauma; Race & systemic inequality,2,Mental health & trauma
Esperanza Rising,Age-appropriateness concerns; Mental health & trauma,2,Age-appropriateness concerns
Soldier for Equality: José de la Luz Sáenz and the Great War,Age-appropriateness concerns; Race & systemic inequality; Violence & mature themes,3,Age-appropriateness concerns
"10,000 Dresses",Age-appropriateness concerns,1,Age-appropriateness concerns
Dim Sum for Everyone!,Age-appropriateness concerns; Race & systemic inequality,2,Age-appropriateness concerns
Making a Play (The Field Party Series),Age-appropriateness concerns; Sexual or romantic content,2,Age-appropriateness concerns
Two Roads,Age-appropriateness concerns; Mental health & trauma; Race & systemic inequality,3,Age-appropriateness concerns
Panic,Age-appropriateness concerns; Mental health & trauma; Violence & mature themes,3,Age-appropriateness concerns
A Handful of Stars,Age-appropriateness concerns,1,Age-appropriateness concerns
When Spring Comes to the DMZ,,0,Uncategorized
Gravity,Age-appropriateness concerns; LGBTQ+ identity & sexuality; Religion & worldview,3,Age-appropriateness concerns
Children of Blood and Bone (Legacy of Orïsha Series),Age-appropriateness concerns; Religion & worldview; Sexual or romantic content; Violence & mature themes,4,Age-appropriateness concerns
The Night Diary,Age-appropriateness concerns; Violence & mature themes,2,Age-appropriateness concerns
M or F?,Age-appropriateness concerns; LGBTQ+ identity & sexuality; Sexual or romantic content,3,Age-appropriateness concerns
Make Way for Dyamonde Daniel (Dyamonde Daniel Series),Age-appropriateness concerns,1,Age-appropriateness concerns
The Life of Rosa Parks (Famous Lives Series),Race & systemic inequality,1,Race & systemic inequality
Dumpling Soup,Age-appropriateness concerns,1,Age-appropriateness concerns
Playing a Part,Age-appropriateness concerns; LGBTQ+ identity & sexuality; Mental health & trauma,3,Age-appropriateness concerns
And Still the Turtle Watched,Age-appropriateness concerns; Race & systemic inequality,2,Age-appropriateness concerns
This Place Is Not My Home,Age-appropriateness concerns,1,Age-appropriateness concerns
Lost Boys,Age-appropriateness concerns; Violence & mature themes,2,Age-appropriateness concerns
The Gold-Threaded Dress,Age-appropriateness concerns; Race & systemic inequality,2,Age-appropriateness concerns
The Hero Two Doors Down: Based on the True Story of Friendship between a Boy and a Baseball Legend,Age-appropriateness concerns,1,Age-appropriateness concerns
A Dog Named Haku: A Holiday Story from Nepal,Age-appropriateness concerns,1,Age-appropriateness concerns
Were I Not a Girl: The Inspiring and True Story of Dr. James Barry,Age-appropriateness concerns; Gender politics & feminism; LGBTQ+ identity & sexuality,3,Age-appropriateness concerns
Between Us and Abuela: A Family Story from the Border,Age-appropriateness concerns,1,Age-appropriateness concerns
Game Changer,Age-appropriateness concerns; LGBTQ+ identity & sexuality,2,Age-appropriateness concerns
Salvage the Bones (Bois Sauvage Series),Race & systemic inequality,1,Race & systemic inequality
Night,Race & systemic inequality,1,Race & systemic inequality
The First Strawberries,Age-appropriateness concerns; Race & systemic inequality,2,Age-appropriateness concerns
Thunder Boy Jr.,Age-appropriateness concerns; Race & systemic inequality,2,Age-appropriateness concerns
Going Down Home with Daddy,Age-appropriateness concerns; Race & systemic inequality,2,Age-appropriateness concerns
Climbing Lincoln's Steps: The African American Journey,Age-appropriateness concerns; Race & systemic inequality,2,Age-appropriateness concerns
My Two Moms and Me,Age-appropriateness concerns; LGBTQ+ identity & sexuality; Sexual or romantic content,3,Age-appropriateness concerns
"Gaby, Lost and Found",Age-appropriateness concerns,1,Age-appropriateness concerns
Neither,Age-appropriateness concerns; Gender politics & feminism; LGBTQ+ identity & sexuality,3,Age-appropriateness concerns
Yoko (Yoko Series),Age-appropriateness concerns,1,Age-appropriateness concerns
Nadia's Hands,Age-appropriateness concerns; Race & systemic inequality,2,Age-appropriateness concerns
Totem Tale,Age-appropriateness concerns; Race & systemic inequality,2,Age-appropriateness concerns
When Angels Sing: The Story of Rock Legend Carlos Santana,Age-appropriateness concerns; Race & systemic inequality,2,Age-appropriateness concerns
Under the Lights (The Field Party Series),Age-appropriateness concerns; Sexual or romantic content,2,Age-appropriateness concerns
Starry River of the Sky,Age-appropriateness concerns,1,Age-appropriateness concerns
Winter Candle,Age-appropriateness concerns; Race & systemic inequality,2,Age-appropriateness concerns
Other Words for Home,Age-appropriateness concerns,1,Age-appropriateness concerns
Like Water,Age-appropriateness concerns; LGBTQ+ identity & sexuality; Mental health & trauma,3,Age-appropriateness concerns
"Daddy, Papa, and Me",Age-appropriateness concerns; LGBTQ+ identity & sexuality; Sexual or romantic content,3,Age-appropriateness concerns
The Bracelet,Age-appropriateness concerns; Race & systemic inequality; Violence & mature themes,3,Age-appropriateness concerns
Pink!,Age-appropriateness concerns,1,Age-appropriateness concerns
Anne Frank's Diary: The Graphic Adaptation,Race & systemic inequality,1,Race & systemic inequality
Thirteen Moons on Turtle's Back: A Native American Year of Moons,Age-appropriateness concerns; Race & systemic inequality,2,Age-appropriateness concerns
A Little Piece of Ground,Age-appropriateness concerns; Mental health & trauma; Violence & mature themes,3,Age-appropriateness concerns
Flying the Dragon,Age-appropriateness concerns; Race & systemic inequality,2,Age-appropriateness concerns
"Meg, Jo, Beth, and Amy: A Modern Graphic Retelling of Little Women",Age-appropriateness concerns,1,Age-appropriateness concerns
Stonewall: A Building. An Uprising. A Revolution.,Age-appropriateness concerns; LGBTQ+ identity & sexuality; Race & systemic inequality,3,Age-appropriateness concerns
Ashes to Asheville,Age-appropriateness concerns; LGBTQ+ identity & sexuality,2,Age-appropriateness concerns
A Dream Come True: Coming to America from Vietnam-1975,,0,Uncategorized
Who Is the Dalai Lama? (Who was...? Series),Age-appropriateness concerns; Religion & worldview; Violence & mature themes,3,Age-appropriateness concerns
Time to Pray,Age-appropriateness concerns; Race & systemic inequality; Religion & worldview,3,Age-appropriateness concerns
Dear Juno,Age-appropriateness concerns; Race & systemic inequality,2,Age-appropriateness concerns
The Invisible Life of Addie LaRue,Sexual or romantic content,1,Sexual or romantic content
Before She Was Harriet,Age-appropriateness concerns; Race & systemic inequality,2,Age-appropriateness concerns
Juana & Lucas (Juana and Lucas Series),Age-appropriateness concerns,1,Age-appropriateness concerns
When Aidan Became A Brother,Age-appropriateness concerns; Gender politics & feminism; LGBTQ+ identity & sexuality,3,Age-appropriateness concerns
The Misadventures of the Family Fletcher (Family Fletcher Series),Age-appropriateness concerns; LGBTQ+ identity & sexuality,2,Age-appropriateness concerns
The Dateable Rules: A Guide to the Sexes,Sexual or romantic content,1,Sexual or romantic content
"Thank You, Jackie Robinson",Age-appropriateness concerns,1,Age-appropriateness concerns
Love to Mama: A Tribute To Mothers,Age-appropriateness concerns; Race & systemic inequality,2,Age-appropriateness concerns
"Four Feet, Two Sandals",Age-appropriateness concerns,1,Age-appropriateness concerns
Lost and Found Cat : The True Story of Kunkush's Incredible Journey,Age-appropriateness concerns; Violence & mature themes,2,Age-appropriateness concerns
Fans of the Impossible Life,Age-appropriateness concerns; LGBTQ+ identity & sexuality; Mental health & trauma; Sexual or romantic content,4,Age-appropriateness concerns
Sonia Sotomayor (Women Who Broke the Rules Series),Age-appropriateness concerns,1,Age-appropriateness concerns
Luciana (Nine Months Series),Age-appropriateness concerns; Sexual or romantic content,2,Age-appropriateness concerns
Henry Aaron's Dream,Age-appropriateness concerns; Race & systemic inequality,2,Age-appropriateness concerns
Wilma's Way Home: The Life of Wilma Mankiller,Age-appropriateness concerns; Race & systemic inequality,2,Age-appropriateness concerns
Soccer Star,Age-appropriateness concerns; Race & systemic inequality,2,Age-appropriateness concerns
Big Red Lollipop,Age-appropriateness concerns; Race & systemic inequality,2,Age-appropriateness concerns
Dishes,Age-appropriateness concerns; LGBTQ+ identity & sexuality; Sexual or romantic content,3,Age-appropriateness concerns
My Name Is María Isabel,Age-appropriateness concerns; Race & systemic inequality,2,Age-appropriateness concerns
Malala: A Hero for All (Step into Reading Series),Age-appropriateness concerns,1,Age-appropriateness concerns
Hold Back the Tide,Age-appropriateness concerns; Violence & mature themes,2,Age-appropriateness concerns
Festival of Colors,Age-appropriateness concerns; Race & systemic inequality,2,Age-appropriateness concerns
Princess Princess Ever After,Age-appropriateness concerns; LGBTQ+ identity & sexuality; Sexual or romantic content,3,Age-appropriateness concerns
Swimming with Faith: The Missy Franklin Story (ZonderKidz Biography Series),Age-appropriateness concerns,1,Age-appropriateness concerns
Until Friday Night (The Field Party Series),Age-appropriateness concerns; Sexual or romantic content,2,Age-appropriateness concerns
All Around Us,Age-appropriateness concerns,1,Age-appropriateness concerns
The Vincent Brothers (The Vincent Boys Series),Age-appropriateness concerns,1,Age-appropriateness concerns
Sam and the Lucky Money,Age-appropriateness concerns; Race & systemic inequality,2,Age-appropriateness concerns
The Sound of Silence,Age-appropriateness concerns; Race & systemic inequality,2,Age-appropriateness concerns
My Awesome/Awful Popularity Plan (Justin Goldblatt Series),Age-appropriateness concerns; LGBTQ+ identity & sexuality,2,Age-appropriateness concerns
Barbed Wire Baseball: How One Man Brought Hope to the Japanese Internment Camps of WWII,Age-appropriateness concerns; Violence & mature themes,2,Age-appropriateness concerns
The List of Things That Will Not Change,Age-appropriateness concerns; LGBTQ+ identity & sexuality,2,Age-appropriateness concerns
Day of the Dead,Age-appropriateness concerns; Race & systemic inequality,2,Age-appropriateness concerns
Uncle Jed's Barber Shop,Age-appropriateness concerns; Mental health & trauma; Race & systemic inequality,3,Age-appropriateness concerns
Never Say a Mean Word Again: A Tale from Medieval Spain,Age-appropriateness concerns,1,Age-appropriateness concerns
"Memphis, Martin, and the Mountaintop: The Sanitation Strike of 1968",Age-appropriateness concerns; Race & systemic inequality; Violence & mature themes,3,Age-appropriateness concerns
Meg & Linus,Age-appropriateness concerns; LGBTQ+ identity & sexuality; Sexual or romantic content,3,Age-appropriateness concerns
Half of a Yellow Sun,Race & systemic inequality; Violence & mature themes,2,Race & systemic inequality
I See the Sun in Afghanistan,,0,Uncategorized
The Garden of My Imaan,Age-appropriateness concerns; Religion & worldview,2,Age-appropriateness concerns
Most Valuable Players (Rip and Red Series),Age-appropriateness concerns,1,Age-appropriateness concerns
"Brother Eagle, Sister Sky",,0,Uncategorized
"Celia Cruz, Queen of Salsa",Age-appropriateness concerns,1,Age-appropriateness concerns
"It Ain't So Awful, Falafel",Age-appropriateness concerns,1,Age-appropriateness concerns
Proud: Living My American Dream (Young Readers Edition),Age-appropriateness concerns,1,Age-appropriateness concerns
Hiawatha and the Peacemaker,Age-appropriateness concerns; Race & systemic inequality,2,Age-appropriateness concerns
A Day's Work,Age-appropriateness concerns; Race & systemic inequality,2,Age-appropriateness concerns
Hooked,Age-appropriateness concerns; Sexual or romantic content,2,Age-appropriateness concerns
Roe v. Wade: A Woman's Choice?,Age-appropriateness concerns,1,Age-appropriateness concerns
Sadako,Age-appropriateness concerns; Violence & mature themes,2,Age-appropriateness concerns
Meet Cute: Some People Are Destined to Meet,Age-appropriateness concerns; LGBTQ+ identity & sexuality; Sexual or romantic content,3,Age-appropriateness concerns
The Mud Pony,Age-appropriateness concerns; Race & systemic inequality,2,Age-appropriateness concerns
Until the End (Sea Breeze Series),Age-appropriateness concerns; Sexual or romantic content,2,Age-appropriateness concerns
Knots on a Counting Rope,Age-appropriateness concerns; Race & systemic inequality,2,Age-appropriateness concerns
Lailah's Lunchbox: A Ramadan Story,Age-appropriateness concerns; Race & systemic inequality; Religion & worldview,3,Age-appropriateness concerns
Dash (Dogs of World War II Series),Age-appropriateness concerns; Violence & mature themes,2,Age-appropriateness concerns
The Legend of the Bluebonnet (Legends Series),Age-appropriateness concerns,1,Age-appropriateness concerns
The Stonewall Riots: Coming Out in the Street,Age-appropriateness concerns; LGBTQ+ identity & sexuality; Race & systemic inequality,3,Age-appropriateness concerns
Black Frontiers: A History of African American Heroes in the Old West,Race & systemic inequality,1,Race & systemic inequality
Virgie Goes to School with Us Boys,Age-appropriateness concerns; Race & systemic inequality,2,Age-appropriateness concerns
A Sweet Smell of Roses,Age-appropriateness concerns; Race & systemic inequality,2,Age-appropriateness concerns
Naomi and Ely's No Kiss List,Age-appropriateness concerns; LGBTQ+ identity & sexuality; Sexual or romantic content,3,Age-appropriateness concerns
You and Me and Him,Age-appropriateness concerns; LGBTQ+ identity & sexuality; Sexual or romantic content,3,Age-appropriateness concerns
Unusual Chickens for the Exceptional Poultry Farmer (Unusual Chickens Series),Age-appropriateness concerns,1,Age-appropriateness concerns
Bad for You (Sea Breeze Series),Age-appropriateness concerns; Mental health & trauma; Sexual or romantic content,3,Age-appropriateness concerns
Eagle Feather,Age-appropriateness concerns,1,Age-appropriateness concerns
After We Collided (After Series),Age-appropriateness concerns; Sexual or romantic content,2,Age-appropriateness concerns
The Great Migration: Journey to the North,Age-appropriateness concerns; Race & systemic inequality,2,Age-appropriateness concerns
Cow on the Town: Practicing the Ow Sound,Age-appropriateness concerns,1,Age-appropriateness concerns
Unstoppable: How Jim Thorpe and the Carlisle Indian School Football Team Defeated Army (Encounter: Narrative Nonfiction Picture Books Series),Age-appropriateness concerns; Race & systemic inequality,2,Age-appropriateness concerns
Roberto Clemente: Pride of the Pittsburgh Pirates,Age-appropriateness concerns; Race & systemic inequality,2,Age-appropriateness concerns
After the Game (The Field Party Series),Age-appropriateness concerns; Sexual or romantic content; Violence & mature themes,3,Age-appropriateness concerns
The Color of My Words,Age-appropriateness concerns; Race & systemic inequality,2,Age-appropriateness concerns
Grandmama's Pride,,0,Uncategorized
My Two Dads and Me,Age-appropriateness concerns; LGBTQ+ identity & sexuality,2,Age-appropriateness concerns
Fatty Legs: A True Story,Age-appropriateness concerns; Race & systemic inequality,2,Age-appropriateness concerns
A Storm Called Katrina,Age-appropriateness concerns; Race & systemic inequality,2,Age-appropriateness concerns
Thunder Rose,Age-appropriateness concerns; Race & systemic inequality,2,Age-appropriateness concerns
At the Mountain's Base,Age-appropriateness concerns; Race & systemic inequality; Violence & mature themes,3,Age-appropriateness concerns
Grandfather Tang's Story,Age-appropriateness concerns,1,Age-appropriateness concerns
A Long Pitch Home,Age-appropriateness concerns; Race & systemic inequality,2,Age-appropriateness concerns
The Boy of the Three-Year Nap,Age-appropriateness concerns; Race & systemic inequality,2,Age-appropriateness concerns
The Day of Ahmed's Secret,Age-appropriateness concerns; Race & systemic inequality,2,Age-appropriateness concerns
The Princess and the Warrior: A Tale of Two Volcanoes,Age-appropriateness concerns; Race & systemic inequality,2,Age-appropriateness concerns
The Turtle of Oman (The Turtle of Oman Series),Age-appropriateness concerns; Race & systemic inequality,2,Age-appropriateness concerns
Sam!,Age-appropriateness concerns; Gender politics & feminism; LGBTQ+ identity & sexuality,3,Age-appropriateness concerns
Persepolis: The Story of a Childhood,Violence & mature themes,1,Violence & mature themes
The Berenstain Bears and the Big Question (The Berenstain Bears Series),Age-appropriateness concerns; Religion & worldview,2,Age-appropriateness concerns
Any Small Goodness: A Novel of the Barrio,Age-appropriateness concerns; Race & systemic inequality,2,Age-appropriateness concerns
A Family Is a Family Is a Family,Age-appropriateness concerns; LGBTQ+ identity & sexuality,2,Age-appropriateness concerns
Crazy Horse's Vision,Age-appropriateness concerns; Race & systemic inequality,2,Age-appropriateness concerns
The War Outside,Age-appropriateness concerns; Violence & mature themes,2,Age-appropriateness concerns
Hush! A Thai Lullaby,Age-appropriateness concerns; Race & systemic inequality,2,Age-appropriateness concerns
Zen Shorts (Zen Series),Age-appropriateness concerns,1,Age-appropriateness concerns
Eagle Song,Age-appropriateness concerns; Mental health & trauma; Race & systemic inequality,3,Age-appropriateness concerns
Little Night/Nochecita,Age-appropriateness concerns,1,Age-appropriateness concerns
The Boy I Love,Age-appropriateness concerns; LGBTQ+ identity & sexuality; Sexual or romantic content,3,Age-appropriateness concerns
Yang the Youngest and his Terrible Ear (The Yang Family Series),Age-appropriateness concerns; Race & systemic inequality,2,Age-appropriateness concerns
The Mighty Miss Malone,Age-appropriateness concerns; Mental health & trauma; Race & systemic inequality,3,Age-appropriateness concerns
The Shark King,Age-appropriateness concerns,1,Age-appropriateness concerns
Hachiko: The True Story of a Loyal Dog,Age-appropriateness concerns,1,Age-appropriateness concerns
Extra Credit,Age-appropriateness concerns,1,Age-appropriateness concerns
14 Cows for America,Age-appropriateness concerns; Race & systemic inequality,2,Age-appropriateness concerns
The Drinking Gourd: A Story of the Underground Railroad,Age-appropriateness concerns,1,Age-appropriateness concerns
Looking for Bongo,Age-appropriateness concerns; Race & systemic inequality,2,Age-appropriateness concerns
To Night Owl from Dogfish,Age-appropriateness concerns; LGBTQ+ identity & sexuality,2,Age-appropriateness concerns
Losing the Field (The Field Party Series),Age-appropriateness concerns; Sexual or romantic content,2,Age-appropriateness concerns
Abuela,Age-appropriateness concerns; Race & systemic inequality,2,Age-appropriateness concerns
Introducing Teddy,Age-appropriateness concerns; Gender politics & feminism; LGBTQ+ identity & sexuality,3,Age-appropriateness concerns
Phoenix Goes to School: A Story to Support Transgender and Gender Diverse Children,Age-appropriateness concerns; Gender politics & feminism; LGBTQ+ identity & sexuality; Mental health & trauma,4,Age-appropriateness concerns
Lucky,Mental health & trauma; Violence & mature themes,2,Mental health & trauma
When the Emperor Was Divine,Sexual or romantic content; Violence & mature themes,2,Sexual or romantic content
Neanderthal Opens the Door to the Universe,Age-appropriateness concerns; LGBTQ+ identity & sexuality; Mental health & trauma; Sexual or romantic content,4,Age-appropriateness concerns
My Princess Boy,Age-appropriateness concerns; Gender politics & feminism; LGBTQ+ identity & sexuality,3,Age-appropriateness concerns
The Shape of Thunder,Age-appropriateness concerns; Violence & mature themes,2,Age-appropriateness concerns
The Sissy Duckling,Age-appropriateness concerns; LGBTQ+ identity & sexuality; Mental health & trauma,3,Age-appropriateness concerns
Red Hood,Age-appropriateness concerns; Sexual or romantic content,2,Age-appropriateness concerns
Glass (Crank Series),Age-appropriateness concerns; Mental health & trauma,2,Age-appropriateness concerns
Identical,Age-appropriateness concerns; Mental health & trauma; Sexual or romantic content,3,Age-appropriateness concerns
Fallout (Crank Series),Age-appropriateness concerns; Mental health & trauma; Sexual or romantic content,3,Age-appropriateness concerns
Damsel,Age-appropriateness concerns,1,Age-appropriateness concerns
People Kill People,Age-appropriateness concerns; Mental health & trauma; Violence & mature themes,3,Age-appropriateness concerns
Perfectly Good White Boy,Age-appropriateness concerns,1,Age-appropriateness concerns
The Testaments,Gender politics & feminism; Violence & mature themes,2,Gender politics & feminism
Living Dead Girl,Age-appropriateness concerns; Mental health & trauma; Violence & mature themes,3,Age-appropriateness concerns
How to Be Ace: A Memoir of Growing Up Asexual,LGBTQ+ identity & sexuality; Mental health & trauma; Sexual or romantic content,3,LGBTQ+ identity & sexuality
Traffick (Tricks Series),Age-appropriateness concerns; LGBTQ+ identity & sexuality; Sexual or romantic content,3,Age-appropriateness concerns
Date Violence (Life Balance),Age-appropriateness concerns; Mental health & trauma,2,Age-appropriateness concerns
Fade (Wake Series),Age-appropriateness concerns; Sexual or romantic content,2,Age-appropriateness concerns
Impulse (Impulse Series),Age-appropriateness concerns; Mental health & trauma; Violence & mature themes,3,Age-appropriateness concerns
Maybe He Just Likes You,Age-appropriateness concerns,1,Age-appropriateness concerns
Jesus Land: A Memoir,Mental health & trauma; Race & systemic inequality; Religion & worldview,3,Mental health & trauma
Something Must Be Wrong with Me: A Boy's Book about Sexual Abuse,,0,Uncategorized
Sold,Age-appropriateness concerns,1,Age-appropriateness concerns
City of Heavenly Fire (The Mortal Instruments Series),Age-appropriateness concerns; Sexual or romantic content,2,Age-appropriateness concerns
Cherry,Age-appropriateness concerns; LGBTQ+ identity & sexuality; Sexual or romantic content,3,Age-appropriateness concerns
Brave (Berrybrook Middle School Series),Age-appropriateness concerns,1,Age-appropriateness concerns
Asking for It,Age-appropriateness concerns; Gender politics & feminism; Mental health & trauma,3,Age-appropriateness concerns
Smoke (Burned Series),Age-appropriateness concerns; Mental health & trauma,2,Age-appropriateness concerns
Burned (Burned Series),Age-appropriateness concerns; Sexual or romantic content; Violence & mature themes,3,Age-appropriateness concerns
Infandous,Age-appropriateness concerns,1,Age-appropriateness concerns
The Exact Opposite of Okay (Izzy O'Neill Series),Age-appropriateness concerns; Gender politics & feminism; Sexual or romantic content,3,Age-appropriateness concerns
One Hot Second: Stories About Desire,,0,Uncategorized
Tilt,Age-appropriateness concerns; Sexual or romantic content,2,Age-appropriateness concerns
Perfect (Impulse Series),Age-appropriateness concerns; Sexual or romantic content; Violence & mature themes,3,Age-appropriateness concerns
Protest Movements: Then and Now,,0,Uncategorized
Push,Age-appropriateness concerns; Mental health & trauma; Race & systemic inequality,3,Age-appropriateness concerns
Jailbait,Sexual or romantic content,1,Sexual or romantic content
Love & Sex: Ten Stories of Truth,,0,Uncategorized
Jumping Off Swings (Jumping Off Swings Series),Age-appropriateness concerns,1,Age-appropriateness concerns
The Nowhere Girls,Age-appropriateness concerns; Gender politics & feminism; LGBTQ+ identity & sexuality; Race & systemic inequality; Sexual or romantic content; Violence & mature themes,6,Age-appropriateness concerns
Understanding Sexuality,,0,Uncategorized
The Other Talk: Reckoning with Our White Privilege,Age-appropriateness concerns; Race & systemic inequality,2,Age-appropriateness concerns
"Then Again, Maybe I Won't",,0,Uncategorized
Sex & Violence,Age-appropriateness concerns; Sexual or romantic content; Violence & mature themes,3,Age-appropriateness concerns
What We Saw,Age-appropriateness concerns; Mental health & trauma; Sexual or romantic content,3,Age-appropriateness concerns
Clockwork Princess (The Infernal Devices Series),Age-appropriateness concerns; Sexual or romantic content,2,Age-appropriateness concerns
33 Snowfish,Age-appropriateness concerns,1,Age-appropriateness concerns
The House on Mango Street,Age-appropriateness concerns,1,Age-appropriateness concerns
A ​Court of Silver Flames (A Court of Thorns and Roses Series),Sexual or romantic content; Violence & mature themes,2,Sexual or romantic content
Slaughterhouse-Five,Mental health & trauma; Violence & mature themes,2,Mental health & trauma
Vampire Academy (Vampire Academy Series),Age-appropriateness concerns; Sexual or romantic content,2,Age-appropriateness concerns
Beautiful,Sexual or romantic content,1,Sexual or romantic content
You: A Novel of Dark Obsession (You Series),Violence & mature themes,1,Violence & mature themes
House of Sky and Breath (Crescent City Series),Sexual or romantic content,1,Sexual or romantic content
The Realm of Possibility,Age-appropriateness concerns; LGBTQ+ identity & sexuality; Sexual or romantic content,3,Age-appropriateness concerns
Something Happened in Our Town,Age-appropriateness concerns; Race & systemic inequality; Violence & mature themes,3,Age-appropriateness concerns
A Court of Wings and Ruin (A Court of Thorns and Roses Series),Age-appropriateness concerns; Sexual or romantic content; Violence & mature themes,3,Age-appropriateness concerns
A Place at the Table,Age-appropriateness concerns; Mental health & trauma,2,Age-appropriateness concerns
Romiette and Julio,Age-appropriateness concerns; Race & systemic inequality; Sexual or romantic content,3,Age-appropriateness concerns
Breathless,Age-appropriateness concerns; Sexual or romantic content,2,Age-appropriateness concerns
Sal and Gabi Break the Universe (Sal and Gabi Series),Age-appropriateness concerns,1,Age-appropriateness concerns
Clean Getaway,Age-appropriateness concerns; Race & systemic inequality,2,Age-appropriateness concerns
Beneath a Meth Moon: An Elegy,Age-appropriateness concerns; Mental health & trauma,2,Age-appropriateness concerns
Dope Sick,Age-appropriateness concerns; Mental health & trauma; Race & systemic inequality; Violence & mature themes,4,Age-appropriateness concerns
House of Earth and Blood (Crescent City Series),Sexual or romantic content,1,Sexual or romantic content
The Best Laid Plans,Age-appropriateness concerns; Sexual or romantic content,2,Age-appropriateness concerns
The Art of Racing in the Rain,,0,Uncategorized
"On the Bright Side, I'm Now the Girlfriend of a Sex God (Confessions of Georgia Nicolson #2)",Sexual or romantic content,1,Sexual or romantic content
Water for Elephants,Mental health & trauma; Sexual or romantic content,2,Mental health & trauma
Go Ask Alice,Age-appropriateness concerns; Mental health & trauma; Violence & mature themes,3,Age-appropriateness concerns
A Court of Thorns and Roses (A Court of Thorns and Roses Series),Age-appropriateness concerns; Sexual or romantic content; Violence & mature themes,3,Age-appropriateness concerns
A Court of Frost and Starlight (A Court of Thorns and Roses Series),Age-appropriateness concerns; Sexual or romantic content; Violence & mature themes,3,Age-appropriateness concerns
The Prince and the Dressmaker,Age-appropriateness concerns; LGBTQ+ identity & sexuality; Sexual or romantic content,3,Age-appropriateness concerns
Empire of Storms (Throne of Glass Series),Age-appropriateness concerns; Sexual or romantic content; Violence & mature themes,3,Age-appropriateness concerns
Graceling (Graceling Realm Series),Age-appropriateness concerns; Religion & worldview; Sexual or romantic content; Violence & mature themes,4,Age-appropriateness concerns
Boy-Crazy Stacey (The Baby-Sitters Club Series),Age-appropriateness concerns,1,Age-appropriateness concerns
Revealed (House of Night Series),Age-appropriateness concerns,1,Age-appropriateness concerns
Hidden (House of Night Series),Age-appropriateness concerns; Sexual or romantic content,2,Age-appropriateness concerns
A Certain Slant of Light,Age-appropriateness concerns; Sexual or romantic content,2,Age-appropriateness concerns
47,Age-appropriateness concerns; Race & systemic inequality,2,Age-appropriateness concerns
The House of the Spirits,,0,Uncategorized
"Black Software: The Internet & Racial Justice, from the Afronet to Black Lives Matter",,0,Uncategorized
The Things They Carried,Violence & mature themes,1,Violence & mature themes
The Tenth Circle,Sexual or romantic content,1,Sexual or romantic content
Out of the Easy,Age-appropriateness concerns; Sexual or romantic content,2,Age-appropriateness concerns
Cross My Heart (Cross My Heart Series),Age-appropriateness concerns; Sexual or romantic content; Violence & mature themes,3,Age-appropriateness concerns
Lucy Peale,Violence & mature themes,1,Violence & mature themes
Mexican Whiteboy,Age-appropriateness concerns; Race & systemic inequality; Sexual or romantic content,3,Age-appropriateness concerns
Baseball Saved Us,Age-appropriateness concerns; Race & systemic inequality,2,Age-appropriateness concerns
Abortion (Opposing Viewpoints Series),,0,Uncategorized
Draw Me a Star,Age-appropriateness concerns,1,Age-appropriateness concerns
"Thanks a Lot, Universe",Age-appropriateness concerns; Mental health & trauma,2,Age-appropriateness concerns
Chosen (House of Night Series),Age-appropriateness concerns; Sexual or romantic content,2,Age-appropriateness concerns
Satanism (At Issue),Age-appropriateness concerns,1,Age-appropriateness concerns
The Berlin Boxing Club,Age-appropriateness concerns; Mental health & trauma; Race & systemic inequality; Violence & mature themes,4,Age-appropriateness concerns
"Imbeciles: The Supreme Court, American Eugenics, and the Sterilization of Carrie Buck",Race & systemic inequality,1,Race & systemic inequality
The Rape of Nanking,Race & systemic inequality; Violence & mature themes,2,Race & systemic inequality
Do Abstinence Programs Work?,Sexual or romantic content,1,Sexual or romantic content
Losing the Girl: Book 1 (Life on Earth),Age-appropriateness concerns,1,Age-appropriateness concerns
The Girl Who Fell from the Sky,Age-appropriateness concerns; Race & systemic inequality,2,Age-appropriateness concerns
Safe,Age-appropriateness concerns; Mental health & trauma; Violence & mature themes,3,Age-appropriateness concerns
Burned (House of Night Series),Age-appropriateness concerns; Sexual or romantic content; Violence & mature themes,3,Age-appropriateness concerns
Of Mice and Men,Sexual or romantic content,1,Sexual or romantic content
Infinity Reaper (Infinity Cycle Series),Age-appropriateness concerns; Violence & mature themes,2,Age-appropriateness concerns
Bowery Girl,Age-appropriateness concerns; Race & systemic inequality; Sexual or romantic content; Violence & mature themes,4,Age-appropriateness concerns
My Sister's Keeper,Age-appropriateness concerns; Sexual or romantic content,2,Age-appropriateness concerns
Hunted (House of Night Series),Age-appropriateness concerns; Sexual or romantic content,2,Age-appropriateness concerns
Boy2Girl,Age-appropriateness concerns; Gender politics & feminism; LGBTQ+ identity & sexuality,3,Age-appropriateness concerns
"How I Paid for College: A Novel of Sex, Theft, Friendship & Musical Theater (Edward Zanni Series)",,0,Uncategorized
Wishtree,Age-appropriateness concerns,1,Age-appropriateness concerns
Monster,Age-appropriateness concerns; Violence & mature themes,2,Age-appropriateness concerns
The Facts Speak for Themselves,Age-appropriateness concerns; Violence & mature themes,2,Age-appropriateness concerns
Awakened (House of Night Series),Age-appropriateness concerns; Sexual or romantic content,2,Age-appropriateness concerns
Fences,Race & systemic inequality,1,Race & systemic inequality
Political Resistance in the Current Age,,0,Uncategorized
"Exit, Pursued by a Bear",Age-appropriateness concerns; LGBTQ+ identity & sexuality,2,Age-appropriateness concerns
Joshua and the City,Race & systemic inequality; Religion & worldview,2,Race & systemic inequality
King and the Dragonflies,Age-appropriateness concerns; LGBTQ+ identity & sexuality,2,Age-appropriateness concerns
Darkness Before Dawn,Age-appropriateness concerns; Mental health & trauma; Race & systemic inequality,3,Age-appropriateness concerns
The Carnival at Bray,Age-appropriateness concerns; Sexual or romantic content,2,Age-appropriateness concerns
Feed,Age-appropriateness concerns; Violence & mature themes,2,Age-appropriateness concerns
Charmed,Age-appropriateness concerns; Mental health & trauma,2,Age-appropriateness concerns
Tempted (House of Night Series),Age-appropriateness concerns; Sexual or romantic content,2,Age-appropriateness concerns
#MurderTrending (MurderTrending Series),,0,Uncategorized
Lush,Age-appropriateness concerns,1,Age-appropriateness concerns
Black Lives Matter: From a Moment to a Movement,Race & systemic inequality; Violence & mature themes,2,Race & systemic inequality
The Best at It,Age-appropriateness concerns; LGBTQ+ identity & sexuality; Mental health & trauma,3,Age-appropriateness concerns
The Bell Jar,Gender politics & feminism; Mental health & trauma,2,Gender politics & feminism
Yaqui Delgado Wants to Kick Your Ass,Age-appropriateness concerns; Mental health & trauma,2,Age-appropriateness concerns
Who Am I Without Him?: A Short Story Collection about Girls and Boys in Their Lives,Age-appropriateness concerns,1,Age-appropriateness concerns
Hunger: A Memoir of (My) Body,Gender politics & feminism; LGBTQ+ identity & sexuality; Mental health & trauma; Sexual or romantic content; Violence & mature themes,5,Gender politics & feminism
They Called Me Red,Age-appropriateness concerns,1,Age-appropriateness concerns
Rift (Nightshade Prequel Series),Age-appropriateness concerns; Religion & worldview; Sexual or romantic content,3,Age-appropriateness concerns
Did I Mention I Need You? (DIMILY Series),Age-appropriateness concerns,1,Age-appropriateness concerns
Deogratias: A Tale of Rwanda,Race & systemic inequality; Violence & mature themes,2,Race & systemic inequality
Transgender Rights and Protections,Age-appropriateness concerns; LGBTQ+ identity & sexuality,2,Age-appropriateness concerns
Marriage of a Thousand Lies,LGBTQ+ identity & sexuality; Sexual or romantic content,2,LGBTQ+ identity & sexuality
Brave Leaders and Activists,Age-appropriateness concerns; Race & systemic inequality,2,Age-appropriateness concerns
Forged By Fire,Age-appropriateness concerns; Mental health & trauma; Race & systemic inequality,3,Age-appropriateness concerns
Someone I Used to Know,Age-appropriateness concerns; Mental health & trauma; Sexual or romantic content; Violence & mature themes,4,Age-appropriateness concerns
Trail of Crumbs,Age-appropriateness concerns; Sexual or romantic content,2,Age-appropriateness concerns
Dime,Age-appropriateness concerns; Mental health & trauma; Violence & mature themes,3,Age-appropriateness concerns
What Is Black Lives Matter? (What was...? Series),Age-appropriateness concerns; Race & systemic inequality; Violence & mature themes,3,Age-appropriateness concerns
I Am Alfonso Jones,Age-appropriateness concerns; Race & systemic inequality; Violence & mature themes,3,Age-appropriateness concerns
Ace of Spades,Age-appropriateness concerns; LGBTQ+ identity & sexuality; Race & systemic inequality; Violence & mature themes,4,Age-appropriateness concerns
I'm A Gay Wizard,Age-appropriateness concerns; LGBTQ+ identity & sexuality; Mental health & trauma; Sexual or romantic content,4,Age-appropriateness concerns
My Book of Life by Angel,Age-appropriateness concerns,1,Age-appropriateness concerns
Destined (House of Night Series),Age-appropriateness concerns; Sexual or romantic content,2,Age-appropriateness concerns
Gossip Girl: A Novel by Cecily von Ziegesar (Gossip Girl Series),Age-appropriateness concerns; Sexual or romantic content,2,Age-appropriateness concerns
Marked (House of Night Series),Age-appropriateness concerns; Sexual or romantic content,2,Age-appropriateness concerns
The Witch Boy (The Witch Boy Series),Age-appropriateness concerns; LGBTQ+ identity & sexuality,2,Age-appropriateness concerns
Girls Like Us (2019),Age-appropriateness concerns,1,Age-appropriateness concerns
Blood Water Paint,Age-appropriateness concerns; Gender politics & feminism; Violence & mature themes,3,Age-appropriateness concerns
Betrayed (House of Night Series),Age-appropriateness concerns; Sexual or romantic content; Violence & mature themes,3,Age-appropriateness concerns
The Kingdom of Little Wounds,Age-appropriateness concerns,1,Age-appropriateness concerns
To Kill a Mockingbird,Age-appropriateness concerns; Violence & mature themes,2,Age-appropriateness concerns
Rape On Campus,Age-appropriateness concerns; Race & systemic inequality; Sexual or romantic content; Violence & mature themes,4,Age-appropriateness concerns
Hear These Voices: Youth at the Edge of the Millennium,Mental health & trauma; Violence & mature themes,2,Mental health & trauma
Bait,Age-appropriateness concerns; LGBTQ+ identity & sexuality; Mental health & trauma,3,Age-appropriateness concerns
Call Me By Your Name (Call Me By Your Name Series),LGBTQ+ identity & sexuality; Sexual or romantic content,2,LGBTQ+ identity & sexuality
Ready or Not (All-American Girl Series),Age-appropriateness concerns; Sexual or romantic content,2,Age-appropriateness concerns
Walk Two Moons,Age-appropriateness concerns,1,Age-appropriateness concerns
What My Mother Doesn't Know (What My Mother Doesn't Know Series),Age-appropriateness concerns; Sexual or romantic content,2,Age-appropriateness concerns
Sisters/Hermanas,Age-appropriateness concerns; Race & systemic inequality,2,Age-appropriateness concerns
Untamed (House of Night Series),Age-appropriateness concerns; Religion & worldview; Sexual or romantic content,3,Age-appropriateness concerns
Strange Fruit: Why Both Sides Are Wrong in the Race Debate,Race & systemic inequality,1,Race & systemic inequality
Redeemed (House of Night Series),Age-appropriateness concerns; Sexual or romantic content,2,Age-appropriateness concerns
A Bad Boy Can Be Good for a Girl,Age-appropriateness concerns,1,Age-appropriateness concerns
Brave New World,,0,Uncategorized
The Color Purple,Gender politics & feminism; LGBTQ+ identity & sexuality; Mental health & trauma; Sexual or romantic content,4,Gender politics & feminism
Black Enough: Stories of Being Young & Black in America,Age-appropriateness concerns; Race & systemic inequality,2,Age-appropriateness concerns
"Sorted: Growing Up, Coming Out, and Finding My Place",LGBTQ+ identity & sexuality,1,LGBTQ+ identity & sexuality
The Black Kids,Age-appropriateness concerns; Race & systemic inequality,2,Age-appropriateness concerns
Heavy: An American Memoir,Mental health & trauma; Race & systemic inequality; Sexual or romantic content; Violence & mature themes,4,Mental health & trauma
Gone Girl,Violence & mature themes,1,Violence & mature themes
Empty,Age-appropriateness concerns; Mental health & trauma,2,Age-appropriateness concerns
The Handsome Girl & Her Beautiful Boy,Age-appropriateness concerns; LGBTQ+ identity & sexuality,2,Age-appropriateness concerns
Anger Is a Gift: A Novel,Age-appropriateness concerns; LGBTQ+ identity & sexuality; Mental health & trauma,3,Age-appropriateness concerns
Lighter than My Shadow,Mental health & trauma,1,Mental health & trauma
Narrative of the Life of Frederick Douglass,Race & systemic inequality; Violence & mature themes,2,Race & systemic inequality
Eclipse (Twilight Series),Age-appropriateness concerns; Sexual or romantic content,2,Age-appropriateness concerns
Broken Things,Age-appropriateness concerns; Violence & mature themes,2,Age-appropriateness concerns
I Know Why The Caged Bird Sings,Gender politics & feminism,1,Gender politics & feminism
Scary Stories to Tell in the Dark,Age-appropriateness concerns; Violence & mature themes,2,Age-appropriateness concerns
Lolita,Sexual or romantic content,1,Sexual or romantic content
Suicide Notes From Beautiful Girls,Age-appropriateness concerns; Mental health & trauma; Violence & mature themes,3,Age-appropriateness concerns
Their Eyes Were Watching God,Gender politics & feminism; Race & systemic inequality,2,Gender politics & feminism
White Bird,Age-appropriateness concerns; Race & systemic inequality; Violence & mature themes,3,Age-appropriateness concerns
Peter Pan,Age-appropriateness concerns,1,Age-appropriateness concerns
I Was Here,Age-appropriateness concerns,1,Age-appropriateness concerns
Before I Fall,Age-appropriateness concerns; Sexual or romantic content,2,Age-appropriateness concerns
The Lovely Bones,Age-appropriateness concerns; Violence & mature themes,2,Age-appropriateness concerns
"Bless Me, Ultima",Age-appropriateness concerns,1,Age-appropriateness concerns
Heroine,Age-appropriateness concerns; Mental health & trauma; Violence & mature themes,3,Age-appropriateness concerns
Bridge to Terabithia,Age-appropriateness concerns,1,Age-appropriateness concerns
Invisible Girl: A Novel,Sexual or romantic content; Violence & mature themes,2,Sexual or romantic content
Good Trouble: Lessons from the Civil Rights Playbook,Race & systemic inequality,1,Race & systemic inequality
Whale Talk,Age-appropriateness concerns,1,Age-appropriateness concerns
Seedfolks,Age-appropriateness concerns; Race & systemic inequality,2,Age-appropriateness concerns
Fairest: Levana's Story (The Lunar Chronicles Series),Age-appropriateness concerns; Sexual or romantic content; Violence & mature themes,3,Age-appropriateness concerns
Mastiff (Beka Cooper Series),Age-appropriateness concerns; Religion & worldview; Violence & mature themes,3,Age-appropriateness concerns
A Lesson Before Dying,Race & systemic inequality; Violence & mature themes,2,Race & systemic inequality
The Dark Descent of Elizabeth Frankenstein,Age-appropriateness concerns; Violence & mature themes,2,Age-appropriateness concerns
The Hiding Place: The Triumphant True Story of Corrie Ten Boom,Race & systemic inequality,1,Race & systemic inequality
The Outsiders,Age-appropriateness concerns,1,Age-appropriateness concerns
More Than We Can Tell,Age-appropriateness concerns; Mental health & trauma; Sexual or romantic content,3,Age-appropriateness concerns
Between Shades of Gray,Age-appropriateness concerns; Violence & mature themes,2,Age-appropriateness concerns
Modern Romance: An Investigation,Sexual or romantic content,1,Sexual or romantic content
The Hope Chest,Age-appropriateness concerns; Gender politics & feminism,2,Age-appropriateness concerns
The Way I Used to Be,Age-appropriateness concerns; Mental health & trauma; Sexual or romantic content,3,Age-appropriateness concerns
The Boy in the Dress,Age-appropriateness concerns; LGBTQ+ identity & sexuality,2,Age-appropriateness concerns
A Raisin in the Sun,,0,Uncategorized
House of Furies (House of Furies Series),Age-appropriateness concerns; Violence & mature themes,2,Age-appropriateness concerns
Lord of the Flies,Age-appropriateness concerns; Violence & mature themes,2,Age-appropriateness concerns
Y: The Last Man,Violence & mature themes,1,Violence & mature themes
A Girl on the Shore,Sexual or romantic content,1,Sexual or romantic content
"Shirley Jackson's ""The Lottery"": The Authorized Graphic Adaptation",,0,Uncategorized
Our Skin: A First Conversation About Race,Age-appropriateness concerns; Race & systemic inequality,2,Age-appropriateness concerns
Rosa Parks,Age-appropriateness concerns; Race & systemic inequality,2,Age-appropriateness concerns
642 Things to Write About,,0,Uncategorized
"Liar, Temptress, Soldier, Spy: Four Women Undercover in the Civil War",Violence & mature themes,1,Violence & mature themes
Uncomfortable Conversations with a Black Boy,Age-appropriateness concerns; Race & systemic inequality,2,Age-appropriateness concerns
Call Me By Your Name,LGBTQ+ identity & sexuality; Sexual or romantic content,2,LGBTQ+ identity & sexuality
Americanah,Gender politics & feminism; Race & systemic inequality,2,Gender politics & feminism
Public Enemies,Age-appropriateness concerns,1,Age-appropriateness concerns
The Beautiful,Age-appropriateness concerns,1,Age-appropriateness concerns
The Damned,Age-appropriateness concerns,1,Age-appropriateness concerns
Leah on the Offbeat,Age-appropriateness concerns; LGBTQ+ identity & sexuality; Sexual or romantic content,3,Age-appropriateness concerns
Simon vs. the Homo Sapiens Agenda,Age-appropriateness concerns; LGBTQ+ identity & sexuality; Sexual or romantic content,3,Age-appropriateness concerns
The Upside of Unrequited,Age-appropriateness concerns; LGBTQ+ identity & sexuality; Sexual or romantic content,3,Age-appropriateness concerns
The Lion Children's Bible: Stories from the Old and New Testaments,Age-appropriateness concerns; Religion & worldview,2,Age-appropriateness concerns
I is for Immigrants,Age-appropriateness concerns; Race & systemic inequality,2,Age-appropriateness concerns
Hitler's Final Solution,Race & systemic inequality,1,Race & systemic inequality
Anne Hutchinson,Age-appropriateness concerns; Race & systemic inequality,2,Age-appropriateness concerns
Giant Days,Age-appropriateness concerns,1,Age-appropriateness concerns
Giant Days: Not On the Test Edition Vol. 1 - Fall Semester,Age-appropriateness concerns,1,Age-appropriateness concerns
Giant Days: Not On the Test Edition Vol. 2 - Winter Semester,Age-appropriateness concerns,1,Age-appropriateness concerns
Before We Were Free,Age-appropriateness concerns,1,Age-appropriateness concerns
The Usborne Book of Bible Stories,Age-appropriateness concerns,1,Age-appropriateness concerns
Zahra's Paradise,,0,Uncategorized
Cuban Kids,Age-appropriateness concerns,1,Age-appropriateness concerns
"One Person, No Vote (YA edition): How Not All Voters Are Treated Equally",,0,Uncategorized
We Are Not Your Equal: Understanding Our Racial Divide,Race & systemic inequality; Violence & mature themes,2,Race & systemic inequality
The Secrets of Peaches,Age-appropriateness concerns,1,Age-appropriateness concerns
Speak: Chinese Edition,,0,Uncategorized
Speak: The Graphic Novel,Age-appropriateness concerns,1,Age-appropriateness concerns
Twisted,Age-appropriateness concerns,1,Age-appropriateness concerns
Wintergirls,Age-appropriateness concerns; Mental health & trauma,2,Age-appropriateness concerns
The Daughters of Ys,Age-appropriateness concerns,1,Age-appropriateness concerns
Laura Ingalls Wilder Country: The People and Places in Laura Ingalls Wilder's Life and Books,Age-appropriateness concerns,1,Age-appropriateness concerns
Flowers in the Attic,Age-appropriateness concerns; Sexual or romantic content; Violence & mature themes,3,Age-appropriateness concerns
Noah's Ark: Words from the Book of Genesis,,0,Uncategorized
Read with Me Bible: An NIV Story Bible for Children,,0,Uncategorized
The Beginner's Bible: Timeless Bible Stories,Religion & worldview,1,Religion & worldview
The Christmas Story: According to the Gospels of Matthew and Luke from the King James Bible,,0,Uncategorized
"The Easter Story: According to the Gospels of Matthew, Luke, and John from the King James Bible",,0,Uncategorized
The Holy Bible (King James Version),Religion & worldview,1,Religion & worldview
"The Holy Bible: Revised Standard Version Containing the Old and New Testaments, with the Apocrypha/Deuterocanonical Books",Sexual or romantic content,1,Sexual or romantic content
The New American Bible,Religion & worldview,1,Religion & worldview
"Jojo's Bizarre Adventure: Part 1 - Phantom Blood, Vol. 1",,0,Uncategorized
"Jojo's Bizarre Adventure: Part 1 - Phantom Blood, Vol. 2",,0,Uncategorized
"Jojo's Bizarre Adventure: Part 1 - Phantom Blood, Vol. 3",,0,Uncategorized
Every Last Breath,,0,Uncategorized
From Blood and Ash,Violence & mature themes,1,Violence & mature themes
Grace and Glory,Age-appropriateness concerns; Sexual or romantic content; Violence & mature themes,3,Age-appropriateness concerns
Kingdom of Flesh and Fire,Violence & mature themes,1,Violence & mature themes
Obsidian,Age-appropriateness concerns; Sexual or romantic content; Violence & mature themes,3,Age-appropriateness concerns
Rage and Ruin,Violence & mature themes,1,Violence & mature themes
Storm and Fury,Age-appropriateness concerns; Sexual or romantic content; Violence & mature themes,3,Age-appropriateness concerns
Watcher in the Woods: A Rockton Novel,Violence & mature themes,1,Violence & mature themes
What Riley Wore,Age-appropriateness concerns,1,Age-appropriateness concerns
Alt Ed,LGBTQ+ identity & sexuality,1,LGBTQ+ identity & sexuality
Oryx and Crake,Violence & mature themes,1,Violence & mature themes
The Year of the Flood,Sexual or romantic content; Violence & mature themes,2,Sexual or romantic content
The Land of Painted Caves,Sexual or romantic content,1,Sexual or romantic content
The Mammoth Hunters,Sexual or romantic content; Violence & mature themes,2,Sexual or romantic content
The Plains of Passage,Sexual or romantic content,1,Sexual or romantic content
The Shelters of Stone,Sexual or romantic content,1,Sexual or romantic content
The Valley of Horses,Sexual or romantic content,1,Sexual or romantic content
History of Western Art in Comics Part One: From Prehistory to the Renaissance,Age-appropriateness concerns; Sexual or romantic content,2,Age-appropriateness concerns
David and Goliath (MA),Religion & worldview,1,Religion & worldview
King's Cage,,0,Uncategorized
War Storm,Age-appropriateness concerns; Sexual or romantic content; Violence & mature themes,3,Age-appropriateness concerns
"City of Light, City of Dark",Age-appropriateness concerns,1,Age-appropriateness concerns
The Story of Werewolves,,0,Uncategorized
Epileptic,Sexual or romantic content,1,Sexual or romantic content
The Windup Girl,Violence & mature themes,1,Violence & mature themes
My Friend Dahmer,Violence & mature themes,1,Violence & mature themes
Beartown,,0,Uncategorized
Brazen: Rebel Ladies Who Rocked the World,,0,Uncategorized
Extreme Faith: Twelve Radical Young Believers from the Bible Who Changed Our World,,0,Uncategorized
The Early History of the Gay Rights Movement,LGBTQ+ identity & sexuality; Race & systemic inequality,2,LGBTQ+ identity & sexuality
The Fire Next Time,Race & systemic inequality,1,Race & systemic inequality
Ninth House,Mental health & trauma; Violence & mature themes,2,Mental health & trauma
Bad Blood,Age-appropriateness concerns; Violence & mature themes,2,Age-appropriateness concerns
Killer Spirit,Age-appropriateness concerns; Sexual or romantic content; Violence & mature themes,3,Age-appropriateness concerns
The Fixer,Violence & mature themes,1,Violence & mature themes
Doomraga's Revenge,Age-appropriateness concerns; Violence & mature themes,2,Age-appropriateness concerns
Merlin's Dragon,Age-appropriateness concerns,1,Age-appropriateness concerns
Shadows on the Stars,Age-appropriateness concerns,1,Age-appropriateness concerns
The Book of Magic,Age-appropriateness concerns,1,Age-appropriateness concerns
The Eternal Flame,Age-appropriateness concerns,1,Age-appropriateness concerns
The Fires of Merlin,Age-appropriateness concerns,1,Age-appropriateness concerns
The Great Tree of Avalon: Child of the Dark Prophecy,Age-appropriateness concerns,1,Age-appropriateness concerns
The Lost Years of Merlin,Age-appropriateness concerns,1,Age-appropriateness concerns
The Mirror of Merlin,Age-appropriateness concerns,1,Age-appropriateness concerns
The Seven Songs of Merlin,Age-appropriateness concerns,1,Age-appropriateness concerns
The Wings of Merlin,Age-appropriateness concerns,1,Age-appropriateness concerns
Ultimate Magic,Age-appropriateness concerns,1,Age-appropriateness concerns
Lexicon,Violence & mature themes,1,Violence & mature themes
The Grand Escape: The Greatest Prison Breakout of the 20th Century,Age-appropriateness concerns; Violence & mature themes,2,Age-appropriateness concerns
Cursed Pirate Girl,Age-appropriateness concerns,1,Age-appropriateness concerns
Stonewall: Breaking Out in the Fight for Gay Rights,Age-appropriateness concerns; LGBTQ+ identity & sexuality,2,Age-appropriateness concerns
You Killed Wesley Payne,Age-appropriateness concerns; Violence & mature themes,2,Age-appropriateness concerns
Are You My Mother?: A Comic Drama,LGBTQ+ identity & sexuality,1,LGBTQ+ identity & sexuality
Himawari House,Age-appropriateness concerns,1,Age-appropriateness concerns
Little Blog on the Prairie,Age-appropriateness concerns; Sexual or romantic content,2,Age-appropriateness concerns
Mirror of the World: A New History of Art,,0,Uncategorized
The History Puzzle: How We Know What We Know About the Past,Age-appropriateness concerns,1,Age-appropriateness concerns
Blood of a Thousand Stars,Violence & mature themes,1,Violence & mature themes
Moses: The Long Road to Freedom,,0,Uncategorized
"George Washington Carver, What Do You See?",Age-appropriateness concerns,1,Age-appropriateness concerns
City of Thieves,Sexual or romantic content; Violence & mature themes,2,Sexual or romantic content
The Immortalists,,0,Uncategorized
Horde,Violence & mature themes,1,Violence & mature themes
The Ten Bridesmaids: Matthew 25: 1-13,,0,Uncategorized
Edward Hopper: A Modern Master,,0,Uncategorized
Jesus Sat Down and Said,Age-appropriateness concerns,1,Age-appropriateness concerns
Unbecoming: A Memoir of Disobedience,LGBTQ+ identity & sexuality; Race & systemic inequality; Sexual or romantic content; Violence & mature themes,4,LGBTQ+ identity & sexuality
Pablo: Art Masters Series,Age-appropriateness concerns,1,Age-appropriateness concerns
Holocaust Camps and Killing Centers,Race & systemic inequality; Violence & mature themes,2,Race & systemic inequality
Holocaust Rescue and Liberation,Race & systemic inequality; Violence & mature themes,2,Race & systemic inequality
Holocaust Resistance,Race & systemic inequality; Violence & mature themes,2,Race & systemic inequality
Tiger Eyes,Age-appropriateness concerns,1,Age-appropriateness concerns
Tennyson,Age-appropriateness concerns,1,Age-appropriateness concerns
Man Walks on the Moon,Age-appropriateness concerns,1,Age-appropriateness concerns
The Detour,Age-appropriateness concerns,1,Age-appropriateness concerns
M.L.K.: Journey of a King,Age-appropriateness concerns,1,Age-appropriateness concerns
That's Betty!: The Story of Betty White,Age-appropriateness concerns; LGBTQ+ identity & sexuality; Mental health & trauma,3,Age-appropriateness concerns
Gender Outlaws: The Next Generation,LGBTQ+ identity & sexuality; Sexual or romantic content,2,LGBTQ+ identity & sexuality
Mary's Story,Age-appropriateness concerns,1,Age-appropriateness concerns
The Bible Story for Boys and Girls,,0,Uncategorized
In the Afterlight,,0,Uncategorized
Passenger,Age-appropriateness concerns; Sexual or romantic content,2,Age-appropriateness concerns
The Darkest Legacy,Age-appropriateness concerns,1,Age-appropriateness concerns
Wayfarer,Age-appropriateness concerns; Race & systemic inequality,2,Age-appropriateness concerns
Fahrenheit 451,Violence & mature themes,1,Violence & mature themes
The Sweetness at the Bottom of the Pie,Age-appropriateness concerns; Violence & mature themes,2,Age-appropriateness concerns
The Story of Jonah (JB),,0,Uncategorized
Uncle Bobby's Wedding,Age-appropriateness concerns; LGBTQ+ identity & sexuality,2,Age-appropriateness concerns
Noah and the Flood,,0,Uncategorized
Hope Nation: YA Authors Share Personal Moments of Inspiration,,0,Uncategorized
The Story of Job,Violence & mature themes,1,Violence & mature themes
Georgia Peaches and Other Forbidden Fruit,Age-appropriateness concerns; LGBTQ+ identity & sexuality; Sexual or romantic content,3,Age-appropriateness concerns
Penultimate Quest,,0,Uncategorized
The Phantom Twin,Age-appropriateness concerns,1,Age-appropriateness concerns
Christmas in the Barn,Age-appropriateness concerns,1,Age-appropriateness concerns
Fred Gets Dressed,Age-appropriateness concerns; Sexual or romantic content,2,Age-appropriateness concerns
Pierce Brown's Red Rising: Sons of Ares - An Original Graphic Novel,Violence & mature themes,1,Violence & mature themes
Woke: A Young Poets Call to Justice,Age-appropriateness concerns; Race & systemic inequality,2,Age-appropriateness concerns
Killer of Enemies,Age-appropriateness concerns; Violence & mature themes,2,Age-appropriateness concerns
The Hill,,0,Uncategorized
Art: A World History,,0,Uncategorized
The Good Earth (Graphic Adaptation),,0,Uncategorized
Kneel,Age-appropriateness concerns; Race & systemic inequality,2,Age-appropriateness concerns
The Best We Could Do: An Illustrated Memoir,Race & systemic inequality; Sexual or romantic content; Violence & mature themes,3,Race & systemic inequality
"Bone Parish, Vol. 1",Mental health & trauma,1,Mental health & trauma
"Bone Parish, Vol. 2",Mental health & trauma,1,Mental health & trauma
"Bone Parish, Vol. 3",Mental health & trauma,1,Mental health & trauma
Gay Rights Activists,LGBTQ+ identity & sexuality,1,LGBTQ+ identity & sexuality
Gays and Lesbians,LGBTQ+ identity & sexuality; Sexual or romantic content,2,LGBTQ+ identity & sexuality
Medusa,Age-appropriateness concerns; Violence & mature themes,2,Age-appropriateness concerns
Kindred: A Graphic Novel Adaptation,Race & systemic inequality; Violence & mature themes,2,Race & systemic inequality
Parable of the Sower,Violence & mature themes,1,Violence & mature themes
Parable of the Talents,Violence & mature themes,1,Violence & mature themes
Tell Me Three Things,Age-appropriateness concerns,1,Age-appropriateness concerns
Ready or Not,Age-appropriateness concerns; Sexual or romantic content,2,Age-appropriateness concerns
Victoria and the Rogue,Age-appropriateness concerns; Sexual or romantic content,2,Age-appropriateness concerns
There's No Place Like Home,Age-appropriateness concerns,1,Age-appropriateness concerns
The Boy Who Dared,Age-appropriateness concerns,1,Age-appropriateness concerns
The Essential Hieronymus Bosch,,0,Uncategorized
The Stranger: The Graphic Novel,,0,Uncategorized
"Chicken Soup for the Teenage Soul: 101 Stories of Life, Love, and Learning",,0,Uncategorized
The Heartbreak Bakery,Age-appropriateness concerns; LGBTQ+ identity & sexuality,2,Age-appropriateness concerns
Foul is Fair,Age-appropriateness concerns; Violence & mature themes,2,Age-appropriateness concerns
X-Men: Age of X,,0,Uncategorized
The Hunting Accident: A True Story of Crime and Poetry,Violence & mature themes,1,Violence & mature themes
Bitterblue,Age-appropriateness concerns; Religion & worldview; Sexual or romantic content,3,Age-appropriateness concerns
Graceling,Age-appropriateness concerns; Religion & worldview; Sexual or romantic content; Violence & mature themes,4,Age-appropriateness concerns
Burned (PCC),Age-appropriateness concerns; Sexual or romantic content; Violence & mature themes,3,Age-appropriateness concerns
Chosen,Age-appropriateness concerns; Sexual or romantic content,2,Age-appropriateness concerns
Soupy Leaves Home,Age-appropriateness concerns,1,Age-appropriateness concerns
The Fourth Closet: Five Nights at Freddy’s,Age-appropriateness concerns,1,Age-appropriateness concerns
Super Sisters,Age-appropriateness concerns,1,Age-appropriateness concerns
Children's Bible Stories from Genesis to Daniel,,0,Uncategorized
American Panda,Age-appropriateness concerns,1,Age-appropriateness concerns
Eden Conquered,Age-appropriateness concerns,1,Age-appropriateness concerns
All Because You Matter,Age-appropriateness concerns,1,Age-appropriateness concerns
The Canterbury Tales,,0,Uncategorized
Art That Changed the World,Sexual or romantic content,1,Sexual or romantic content
Writing and Illustrating the Graphic Novel: Everything You Need to Know to Create Great Graphic Works,,0,Uncategorized
Emergency Contact,Age-appropriateness concerns; Sexual or romantic content,2,Age-appropriateness concerns
Yolk,Age-appropriateness concerns; Mental health & trauma; Sexual or romantic content,3,Age-appropriateness concerns
Al Capone Does My Shirts,Age-appropriateness concerns,1,Age-appropriateness concerns
The Christmas Story,,0,Uncategorized
Stolen,Age-appropriateness concerns; Sexual or romantic content; Violence & mature themes,3,Age-appropriateness concerns
Mixed: A Colorful Story,Age-appropriateness concerns; Race & systemic inequality,2,Age-appropriateness concerns
Why Comics?: From Underground to Everywhere,Race & systemic inequality; Sexual or romantic content; Violence & mature themes,3,Race & systemic inequality
Joe Hill's The Cape: 1969,Violence & mature themes,1,Violence & mature themes
City of Heavenly Fire,Age-appropriateness concerns; Sexual or romantic content,2,Age-appropriateness concerns
Clockwork Princess,Age-appropriateness concerns; Sexual or romantic content,2,Age-appropriateness concerns
Lady Midnight,Age-appropriateness concerns; Sexual or romantic content; Violence & mature themes,3,Age-appropriateness concerns
Lord of Shadows,Age-appropriateness concerns,1,Age-appropriateness concerns
Queen of Air and Darkness,Age-appropriateness concerns; Violence & mature themes,2,Age-appropriateness concerns
Things Hoped For,Age-appropriateness concerns,1,Age-appropriateness concerns
Ready Player One,,0,Uncategorized
Patience,,0,Uncategorized
Dash & Lily's Book of Dares,Age-appropriateness concerns,1,Age-appropriateness concerns
Gingerbread,Age-appropriateness concerns; Sexual or romantic content,2,Age-appropriateness concerns
City Love,Age-appropriateness concerns,1,Age-appropriateness concerns
The Only Black Girls in Town,Age-appropriateness concerns; LGBTQ+ identity & sexuality,2,Age-appropriateness concerns
Illegal,Age-appropriateness concerns; Race & systemic inequality,2,Age-appropriateness concerns
Catching Fire,Age-appropriateness concerns; Sexual or romantic content,2,Age-appropriateness concerns
Mockingjay,Age-appropriateness concerns; Sexual or romantic content; Violence & mature themes,3,Age-appropriateness concerns
The Hunger Games,Violence & mature themes,1,Violence & mature themes
The New Oxford Annotated Bible with Apocrypha: New Revised Standard Version,,0,Uncategorized
"Eleanor Roosevelt, Fighter for Justice: Her Impact on the Civil Rights Movement, the White House, and the World",Age-appropriateness concerns; Race & systemic inequality,2,Age-appropriateness concerns
"Student Reader Grade 3 Unit 6: Gods, Giants, and Dwarves",,0,Uncategorized
The ABCs of Black History,Age-appropriateness concerns,1,Age-appropriateness concerns
"Scenic Art for the Theatre: History, Tools and Techniques",,0,Uncategorized
Prey,Violence & mature themes,1,Violence & mature themes
My Last Summer with Cass,Age-appropriateness concerns,1,Age-appropriateness concerns
Original Fake,Age-appropriateness concerns,1,Age-appropriateness concerns
"Transgender Lives: Complex Stories, Complex Voices",Age-appropriateness concerns; LGBTQ+ identity & sexuality; Mental health & trauma; Violence & mature themes,4,Age-appropriateness concerns
The Adventures of Honey and Leon,Age-appropriateness concerns,1,Age-appropriateness concerns
Art: Annotated Guides,,0,Uncategorized
Murder Complex,Age-appropriateness concerns; Violence & mature themes,2,Age-appropriateness concerns
Fire Star,Age-appropriateness concerns,1,Age-appropriateness concerns
"The Teenage Guy's Survival Guide: The Real Deal on Going Out, Growing Up, and Other Guy Stuff",Mental health & trauma,1,Mental health & trauma
King of King Court,Mental health & trauma; Violence & mature themes,2,Mental health & trauma
Glitter,,0,Uncategorized
Court of Lions,Age-appropriateness concerns; Violence & mature themes,2,Age-appropriateness concerns
Psalms and Proverbs,Age-appropriateness concerns; Religion & worldview,2,Age-appropriateness concerns
The Story of Baby Moses,Age-appropriateness concerns,1,Age-appropriateness concerns
The Story of Creation,Religion & worldview,1,Religion & worldview
The Story of Daniel and the Lions,Religion & worldview,1,Religion & worldview
The Story of Exodus,Religion & worldview,1,Religion & worldview
The Story of Jesus and His Disciples,,0,Uncategorized
The Story of Jonah (AJD),,0,Uncategorized
The Story of Noah,Age-appropriateness concerns; Religion & worldview,2,Age-appropriateness concerns
The Story of the Loaves and Fishes,,0,Uncategorized
The Story of the Prodigal Son,Religion & worldview,1,Religion & worldview
The Story of the Tower of Babel,Religion & worldview,1,Religion & worldview
Don't Know Much About Mythology: Everything You Need to Know About the Greatest Stories in Human History but Never Learned,Age-appropriateness concerns; Race & systemic inequality; Violence & mature themes,3,Age-appropriateness concerns
Blue Bloods,Age-appropriateness concerns; Sexual or romantic content,2,Age-appropriateness concerns
Blue Bloods: After Life,Age-appropriateness concerns,1,Age-appropriateness concerns
Gates of Paradise,Age-appropriateness concerns; Sexual or romantic content; Violence & mature themes,3,Age-appropriateness concerns
Lost in Time,Age-appropriateness concerns; Sexual or romantic content,2,Age-appropriateness concerns
Masquerade,,0,Uncategorized
Misguided Angel,,0,Uncategorized
Revelations,Age-appropriateness concerns; Sexual or romantic content; Violence & mature themes,3,Age-appropriateness concerns
The Van Alen Legacy,,0,Uncategorized
Milo Imagines the World,Age-appropriateness concerns; Race & systemic inequality,2,Age-appropriateness concerns
I Wish You All the Best,Age-appropriateness concerns; LGBTQ+ identity & sexuality; Mental health & trauma; Sexual or romantic content,4,Age-appropriateness concerns
Later Gator,,0,Uncategorized
The Bible for Young Children,Age-appropriateness concerns,1,Age-appropriateness concerns
Book of Bible Stories: New International Version,Age-appropriateness concerns; Religion & worldview,2,Age-appropriateness concerns
Mary: The Mother of Jesus,Age-appropriateness concerns,1,Age-appropriateness concerns
The Miracles of Jesus,Age-appropriateness concerns,1,Age-appropriateness concerns
The Parables of Jesus,Age-appropriateness concerns,1,Age-appropriateness concerns
The Story of the Three Wise Kings,Age-appropriateness concerns,1,Age-appropriateness concerns
A Story about Cancer with a Happy Ending,Age-appropriateness concerns,1,Age-appropriateness concerns
Wither,Age-appropriateness concerns,1,Age-appropriateness concerns
Woman World,,0,Uncategorized
Michelangelo: Master of the Italian Renaissance,Age-appropriateness concerns,1,Age-appropriateness concerns
To Every Thing There is a Season: Verses from Ecclesiastes,,0,Uncategorized
Raphael: School of Athens,,0,Uncategorized
Poisoned,Age-appropriateness concerns,1,Age-appropriateness concerns
Rogue Wave,Age-appropriateness concerns,1,Age-appropriateness concerns
The Lotterys More or Less,Age-appropriateness concerns,1,Age-appropriateness concerns
The Lotterys Plus One,Age-appropriateness concerns,1,Age-appropriateness concerns
Flawed,Gender politics & feminism,1,Gender politics & feminism
Beasts of Burden: Animal Rites,,0,Uncategorized
Robin Williams,,0,Uncategorized
Before I Die,Age-appropriateness concerns; Mental health & trauma; Sexual or romantic content,3,Age-appropriateness concerns
Full Bloom: The Art and Life of Georgia O' Keefe,,0,Uncategorized
Rebecca,Sexual or romantic content; Violence & mature themes,2,Sexual or romantic content
A Stolen Life,Violence & mature themes,1,Violence & mature themes
Same-Sex Parents,Age-appropriateness concerns; LGBTQ+ identity & sexuality; Sexual or romantic content,3,Age-appropriateness concerns
Parenthesis,,0,Uncategorized
Vessel (SBD),,0,Uncategorized
The Quilter's Block Bible,,0,Uncategorized
Kingdom of the Wicked,Age-appropriateness concerns; Violence & mature themes,2,Age-appropriateness concerns
Girl Talk: The Ultimate Body & Puberty Book for Girls,Age-appropriateness concerns; Sexual or romantic content,2,Age-appropriateness concerns
Reader's Digest Family Guide to the Bible,Religion & worldview,1,Religion & worldview
Better Than Perfect,Age-appropriateness concerns,1,Age-appropriateness concerns
Leaving Paradise,Age-appropriateness concerns,1,Age-appropriateness concerns
American Psycho,Violence & mature themes,1,Violence & mature themes
Flor Fights Back: A Stonewall Riots Survival Story,Age-appropriateness concerns; LGBTQ+ identity & sexuality; Violence & mature themes,3,Age-appropriateness concerns
"Spy x Family, Vol. 1",,0,Uncategorized
"Spy x Family, Vol. 2",,0,Uncategorized
"Spy x Family, Vol. 3",,0,Uncategorized
"Spy x Family, Vol. 4",,0,Uncategorized
"Spy x Family, Vol. 5",,0,Uncategorized
"Spy x Family, Vol. 6",Violence & mature themes,1,Violence & mature themes
"Dear Diary, I'm Pregnant: Teenagers Talk About their Pregnancy",,0,Uncategorized
"Trans Bodies, Trans Selves: A Resource By and for Transgender Communities",LGBTQ+ identity & sexuality,1,LGBTQ+ identity & sexuality
Graphic Design: A New History,,0,Uncategorized
The Dead Inside,Mental health & trauma,1,Mental health & trauma
We Can't Be Friends: A True Story,Mental health & trauma,1,Mental health & trauma
Huda F Are You?,Age-appropriateness concerns,1,Age-appropriateness concerns
Bodies Are Cool,Age-appropriateness concerns,1,Age-appropriateness concerns
Better Nate Than Ever,Age-appropriateness concerns; LGBTQ+ identity & sexuality,2,Age-appropriateness concerns
The Story of Christmas (PF),Age-appropriateness concerns,1,Age-appropriateness concerns
Zombies Don't Cry,Age-appropriateness concerns,1,Age-appropriateness concerns
Animals of the Bible,,0,Uncategorized
David and Goliath (LF),Religion & worldview,1,Religion & worldview
The Seven Days of Creation,Religion & worldview,1,Religion & worldview
The Wailing Wall,,0,Uncategorized
Trans Teen Survival Guide,LGBTQ+ identity & sexuality; Mental health & trauma,2,LGBTQ+ identity & sexuality
The Renaissance,Age-appropriateness concerns,1,Age-appropriateness concerns
The Apparatus of Death - The Third Reich,,0,Uncategorized
The Rise and Fall of Charles Lindbergh,Age-appropriateness concerns,1,Age-appropriateness concerns
The Chupacabra,Age-appropriateness concerns,1,Age-appropriateness concerns
The Pacific Giants,Age-appropriateness concerns,1,Age-appropriateness concerns
Adventures of a Kid Magician,Age-appropriateness concerns,1,Age-appropriateness concerns
Calvin,,0,Uncategorized
Frankie & Bug,Age-appropriateness concerns,1,Age-appropriateness concerns
I Have Lost My Way,Age-appropriateness concerns,1,Age-appropriateness concerns
If I Stay,Age-appropriateness concerns; Sexual or romantic content,2,Age-appropriateness concerns
Where She Went,Age-appropriateness concerns; Sexual or romantic content,2,Age-appropriateness concerns
The History of Western Painting,,0,Uncategorized
All the Bad Apples,Age-appropriateness concerns; LGBTQ+ identity & sexuality,2,Age-appropriateness concerns
Overkill: Mass Murder and Serial Killing Exposed,Violence & mature themes,1,Violence & mature themes
Guess What?,Age-appropriateness concerns,1,Age-appropriateness concerns
America,Age-appropriateness concerns; Mental health & trauma,2,Age-appropriateness concerns
The Children's Christmas Pageant,Age-appropriateness concerns,1,Age-appropriateness concerns
The Big Questions Book of Sex and Consent,,0,Uncategorized
Grit,Age-appropriateness concerns; Violence & mature themes,2,Age-appropriateness concerns
The Story of Christmas (VF),Age-appropriateness concerns,1,Age-appropriateness concerns
Gay Marriage (LSF),Age-appropriateness concerns; LGBTQ+ identity & sexuality; Sexual or romantic content,3,Age-appropriateness concerns
Maid Sama,,0,Uncategorized
The Book of Pride: LGBTQ Heroes Who Changed the World,LGBTQ+ identity & sexuality; Violence & mature themes,2,LGBTQ+ identity & sexuality
Outlander,Sexual or romantic content; Violence & mature themes,2,Sexual or romantic content
American Gods,Violence & mature themes,1,Violence & mature themes
"American Gods, Vol. 1: Shadows",Violence & mature themes,1,Violence & mature themes
"American Gods, Vol. 2: My Ainsel",Violence & mature themes,1,Violence & mature themes
Anansi Boys,,0,Uncategorized
The Facts in the Case of the Departure of Miss Finch,,0,Uncategorized
The Ocean at the End of the Lane,Age-appropriateness concerns; Mental health & trauma; Violence & mature themes,3,Age-appropriateness concerns
The Human Body in Action,Age-appropriateness concerns,1,Age-appropriateness concerns
Lobizona,Age-appropriateness concerns; Race & systemic inequality,2,Age-appropriateness concerns
Broken Beautiful Hearts,Age-appropriateness concerns; Mental health & trauma,2,Age-appropriateness concerns
And Still I Rise: Black America Since MLK,Age-appropriateness concerns; Race & systemic inequality; Violence & mature themes,3,Age-appropriateness concerns
Imprison the Sky,Age-appropriateness concerns; Race & systemic inequality; Violence & mature themes,3,Age-appropriateness concerns
Not That Bad: Dispatches from Rape Culture,Gender politics & feminism; LGBTQ+ identity & sexuality; Race & systemic inequality,3,Gender politics & feminism
The Sacrifice of Darkness,Age-appropriateness concerns; Sexual or romantic content,2,Age-appropriateness concerns
The Remarkable Journey of Coyote Sunrise,Age-appropriateness concerns,1,Age-appropriateness concerns
Grass,Violence & mature themes,1,Violence & mature themes
Blue Window,Age-appropriateness concerns,1,Age-appropriateness concerns
Girl in Pieces,Age-appropriateness concerns; Mental health & trauma,2,Age-appropriateness concerns
Making a Play,Age-appropriateness concerns; Sexual or romantic content,2,Age-appropriateness concerns
The Vincent Boys,Age-appropriateness concerns,1,Age-appropriateness concerns
The Essential Salvador Dali,,0,Uncategorized
Silent Christmas,,0,Uncategorized
Journeys with Elijah: Eight Tales of the Prophet,,0,Uncategorized
A Gift for a Ghost,,0,Uncategorized
Concealed,Age-appropriateness concerns,1,Age-appropriateness concerns
Antonio's Card/La tarjeta de Antonio,Age-appropriateness concerns,1,Age-appropriateness concerns
The Hill We Climb: An Inaugural Poem for the Country,Age-appropriateness concerns,1,Age-appropriateness concerns
Dead and the Dark,Age-appropriateness concerns,1,Age-appropriateness concerns
The Essential Mary Cassatt,,0,Uncategorized
Ban This Book,Age-appropriateness concerns,1,Age-appropriateness concerns
Code of Honor,Age-appropriateness concerns; Violence & mature themes,2,Age-appropriateness concerns
Ground Zero,Age-appropriateness concerns; Violence & mature themes,2,Age-appropriateness concerns
Two Degrees,Age-appropriateness concerns,1,Age-appropriateness concerns
"1001 Comics You Must Read Before You Die: The Ultimate Guide to Comic Books, Graphic Novels, and Manga",Sexual or romantic content; Violence & mature themes,2,Sexual or romantic content
Come Back to Me,Age-appropriateness concerns,1,Age-appropriateness concerns
Run Away With Me,Age-appropriateness concerns,1,Age-appropriateness concerns
Stay with Me,Age-appropriateness concerns,1,Age-appropriateness concerns
Icebreaker,,0,Uncategorized
The Fault in Our Stars,Age-appropriateness concerns,1,Age-appropriateness concerns
Turtles All the Way Down,Age-appropriateness concerns; Mental health & trauma; Sexual or romantic content,3,Age-appropriateness concerns
"Will Grayson, Will Grayson",Age-appropriateness concerns; LGBTQ+ identity & sexuality; Sexual or romantic content,3,Age-appropriateness concerns
Lighter Than My Shadow,Mental health & trauma,1,Mental health & trauma
Home Run,Age-appropriateness concerns,1,Age-appropriateness concerns
Left Out,Age-appropriateness concerns; Mental health & trauma,2,Age-appropriateness concerns
King Solomon and the Queen of Sheba,Age-appropriateness concerns,1,Age-appropriateness concerns
The Stable Where Jesus Was Born,Age-appropriateness concerns,1,Age-appropriateness concerns
André Kertész,,0,Uncategorized
Kid Lawyer,Age-appropriateness concerns; Violence & mature themes,2,Age-appropriateness concerns
The Abduction,Age-appropriateness concerns,1,Age-appropriateness concerns
The Accomplice,Age-appropriateness concerns,1,Age-appropriateness concerns
The Accused,Age-appropriateness concerns; Violence & mature themes,2,Age-appropriateness concerns
The Activist,Age-appropriateness concerns,1,Age-appropriateness concerns
The Fugitive,Age-appropriateness concerns; Violence & mature themes,2,Age-appropriateness concerns
The Scandal,Age-appropriateness concerns,1,Age-appropriateness concerns
Degas: Impressions of a Great Master,Sexual or romantic content,1,Sexual or romantic content
The Freedom Writers Diary,,0,Uncategorized
Back to the Drawing Board,Age-appropriateness concerns,1,Age-appropriateness concerns
Making Friends,Age-appropriateness concerns,1,Age-appropriateness concerns
Third Time's a Charm,Age-appropriateness concerns,1,Age-appropriateness concerns
You Too?: 25 Voices Share Their #MeToo Stories,Sexual or romantic content; Violence & mature themes,2,Sexual or romantic content
Snow Falling on Cedars,Violence & mature themes,1,Violence & mature themes
Almost American Girl,Race & systemic inequality,1,Race & systemic inequality
Maiden and Princess,Age-appropriateness concerns; LGBTQ+ identity & sexuality,2,Age-appropriateness concerns
"Literary Newsmakers for Students, Vol. 1",,0,Uncategorized
Friends Forever,Age-appropriateness concerns; Mental health & trauma,2,Age-appropriateness concerns
Red: A Crayon's Story,Age-appropriateness concerns,1,Age-appropriateness concerns
The Line,Age-appropriateness concerns,1,Age-appropriateness concerns
Love is...,LGBTQ+ identity & sexuality; Sexual or romantic content,2,LGBTQ+ identity & sexuality
"Always and Forever, Lara Jean",Age-appropriateness concerns,1,Age-appropriateness concerns
P. S. I Still Love You,Age-appropriateness concerns,1,Age-appropriateness concerns
We'll Always Have Summer,Age-appropriateness concerns; Sexual or romantic content,2,Age-appropriateness concerns
Why We Broke Up,Age-appropriateness concerns; Sexual or romantic content,2,Age-appropriateness concerns
Blues: A History of American Music,Age-appropriateness concerns,1,Age-appropriateness concerns
The 1619 Project: A New Origin Story,Age-appropriateness concerns; Race & systemic inequality,2,Age-appropriateness concerns
The 1619 Project: Born on the Water,Age-appropriateness concerns; Race & systemic inequality,2,Age-appropriateness concerns
Dead Until Dark,Sexual or romantic content,1,Sexual or romantic content
Protesting Police Violence in Modern America,Age-appropriateness concerns; Race & systemic inequality,2,Age-appropriateness concerns
Race and Policing in Modern America,Age-appropriateness concerns,1,Age-appropriateness concerns
Russian Hacking in American Elections (Special Reports),Age-appropriateness concerns,1,Age-appropriateness concerns
The Morning of the World,,0,Uncategorized
Sex: An Uncensored Introduction,Mental health & trauma; Sexual or romantic content,2,Mental health & trauma
The Children's Illustrated Bible,,0,Uncategorized
The Illustrated Jewish Bible for Children,Age-appropriateness concerns,1,Age-appropriateness concerns
Mighty Jack and the Goblin King,Age-appropriateness concerns,1,Age-appropriateness concerns
Black Holes and Baby Universes and Other Essays,,0,Uncategorized
Baton Twirling is for Me,Age-appropriateness concerns,1,Age-appropriateness concerns
Baby Moses,Age-appropriateness concerns,1,Age-appropriateness concerns
Noah's Ark: A Story from the Bible,Age-appropriateness concerns,1,Age-appropriateness concerns
An Introduction to Drawing: An Artist's Guide to Skills & Techniques,,0,Uncategorized
13 Art Inventions Children Show Know,Age-appropriateness concerns; Sexual or romantic content,2,Age-appropriateness concerns
The Gettysburg Address: A Graphic Adaptation,Violence & mature themes,1,Violence & mature themes
Eyes of the Forest,Age-appropriateness concerns,1,Age-appropriateness concerns
That's Disgusting: Unraveling the Mysteries of Repulsion,Sexual or romantic content,1,Sexual or romantic content
Aleutian Sparrow,Age-appropriateness concerns; Violence & mature themes,2,Age-appropriateness concerns
The Black Monday Murders,,0,Uncategorized
Not My Idea: A Book About Whiteness,Age-appropriateness concerns; Race & systemic inequality; Violence & mature themes,3,Age-appropriateness concerns
Mother Bruce,Age-appropriateness concerns,1,Age-appropriateness concerns
The Parable of the Lily,Age-appropriateness concerns,1,Age-appropriateness concerns
The Pine Tree Parable,Age-appropriateness concerns; Religion & worldview,2,Age-appropriateness concerns
Locke & Key Vol. 1: Welcomeome To Lovecraft,Violence & mature themes,1,Violence & mature themes
"Locke & Key, Vol. 5: Clockworks",,0,Uncategorized
"Locke & Key, Vol. 6: Alpha & Omega",,0,Uncategorized
The Cape,,0,Uncategorized
Wraith,Violence & mature themes,1,Violence & mature themes
"Novels for Students, Vol. 60",,0,Uncategorized
"Novels for Students, Vol. 61",,0,Uncategorized
Macbeth: The Graphic Novel,Age-appropriateness concerns; Violence & mature themes,2,Age-appropriateness concerns
The Dictionary of Cultural Literacy,,0,Uncategorized
The Tower of Babel,,0,Uncategorized
Crystal Kingdom,Age-appropriateness concerns; Religion & worldview; Sexual or romantic content; Violence & mature themes,4,Age-appropriateness concerns
The Complete Idiot's Guide to Drawing People Illustrated,,0,Uncategorized
The History of Art,Age-appropriateness concerns,1,Age-appropriateness concerns
Gross Gods,Age-appropriateness concerns,1,Age-appropriateness concerns
Animal Stories,,0,Uncategorized
Parables: Stories Jesus Told,Age-appropriateness concerns,1,Age-appropriateness concerns
International Children's Story Bible,Age-appropriateness concerns,1,Age-appropriateness concerns
All-Action Classics No. 3: The Odyssey,Age-appropriateness concerns,1,Age-appropriateness concerns
All Your Perfects,Sexual or romantic content,1,Sexual or romantic content
Confess,Age-appropriateness concerns; Sexual or romantic content,2,Age-appropriateness concerns
Finding Cinderella,,0,Uncategorized
Hopeless,Age-appropriateness concerns; Mental health & trauma; Sexual or romantic content,3,Age-appropriateness concerns
It Ends With Us,Sexual or romantic content,1,Sexual or romantic content
It Starts With Us,,0,Uncategorized
Layla,,0,Uncategorized
Losing Hope,Age-appropriateness concerns; Mental health & trauma; Sexual or romantic content,3,Age-appropriateness concerns
Maybe Not,Sexual or romantic content,1,Sexual or romantic content
9-Nov,,0,Uncategorized
Regretting You,,0,Uncategorized
Reminders of Him,,0,Uncategorized
Ugly Love,Sexual or romantic content,1,Sexual or romantic content
Verity,Sexual or romantic content; Violence & mature themes,2,Sexual or romantic content
Without Merit,Age-appropriateness concerns; Mental health & trauma; Sexual or romantic content,3,Age-appropriateness concerns
Burned (EH),Age-appropriateness concerns; Sexual or romantic content; Violence & mature themes,3,Age-appropriateness concerns
Closer to Nowhere,Age-appropriateness concerns; Violence & mature themes,2,Age-appropriateness concerns
Collateral,Violence & mature themes,1,Violence & mature themes
Crank,Age-appropriateness concerns; Mental health & trauma,2,Age-appropriateness concerns
Fallout,Age-appropriateness concerns; Mental health & trauma; Sexual or romantic content,3,Age-appropriateness concerns
Flirtin' With the Monster: Your Favorite Authors on Ellen Hopkins' Crank and Glass,Age-appropriateness concerns; Mental health & trauma,2,Age-appropriateness concerns
Glass,Age-appropriateness concerns; Mental health & trauma,2,Age-appropriateness concerns
Impulse,Age-appropriateness concerns; Mental health & trauma; Violence & mature themes,3,Age-appropriateness concerns
Love Lies Beneath,Age-appropriateness concerns; Sexual or romantic content,2,Age-appropriateness concerns
Perfect,Age-appropriateness concerns; Sexual or romantic content; Violence & mature themes,3,Age-appropriateness concerns
Rumble,Age-appropriateness concerns,1,Age-appropriateness concerns
Smoke,Age-appropriateness concerns; Mental health & trauma,2,Age-appropriateness concerns
Traffick,Age-appropriateness concerns; LGBTQ+ identity & sexuality; Sexual or romantic content,3,Age-appropriateness concerns
Tricks,Age-appropriateness concerns; LGBTQ+ identity & sexuality; Mental health & trauma; Sexual or romantic content,4,Age-appropriateness concerns
What to Do When I'm Gone: A Mother's Wisdom to Her Daughter,,0,Uncategorized
D-Day: The World War II Invasion that Changed History,Age-appropriateness concerns,1,Age-appropriateness concerns
The Deadliest Diseases Then and Now,Age-appropriateness concerns,1,Age-appropriateness concerns
I Never,Age-appropriateness concerns; Sexual or romantic content,2,Age-appropriateness concerns
Loving Frank,Sexual or romantic content,1,Sexual or romantic content
Ark Angel,Age-appropriateness concerns; Violence & mature themes,2,Age-appropriateness concerns
Eagle Strike,Age-appropriateness concerns; Violence & mature themes,2,Age-appropriateness concerns
Point Blank,Age-appropriateness concerns,1,Age-appropriateness concerns
Scorpia,Age-appropriateness concerns,1,Age-appropriateness concerns
Scorpia Rising,,0,Uncategorized
Skeleton Key,Age-appropriateness concerns; Violence & mature themes,2,Age-appropriateness concerns
Snakehead,Age-appropriateness concerns,1,Age-appropriateness concerns
Stormbreaker,Age-appropriateness concerns; Violence & mature themes,2,Age-appropriateness concerns
The Gadgets,,0,Uncategorized
My One Hundred Adventures,Age-appropriateness concerns,1,Age-appropriateness concerns
D. Gray-Man,,0,Uncategorized
The Devil's Intern,Age-appropriateness concerns; Mental health & trauma,2,Age-appropriateness concerns
A Thousand Splendid Suns,Violence & mature themes,1,Violence & mature themes
Tiger's Destiny,Age-appropriateness concerns; Religion & worldview; Sexual or romantic content,3,Age-appropriateness concerns
"Troublemaker for Justice: The Story of Bayard Rustin, the Man Behind the March on Washington",LGBTQ+ identity & sexuality; Race & systemic inequality,2,LGBTQ+ identity & sexuality
Ensnared,Age-appropriateness concerns,1,Age-appropriateness concerns
Untamed (AGH),Age-appropriateness concerns; Religion & worldview; Sexual or romantic content,3,Age-appropriateness concerns
The Last Halloween: Children,Age-appropriateness concerns,1,Age-appropriateness concerns
"Big Bob, Little Bob",Age-appropriateness concerns,1,Age-appropriateness concerns
The Misfits,Age-appropriateness concerns,1,Age-appropriateness concerns
Stella,,0,Uncategorized
"The Talk: Conversations about Race, Love and Truth",Age-appropriateness concerns,1,Age-appropriateness concerns
"We Rise, We Resist, We Raise our Voices",,0,Uncategorized
Blackbird: Book 1 The Great Beast,,0,Uncategorized
Moses in the Bulrushes,,0,Uncategorized
The Sleeping Beauty,,0,Uncategorized
Millennium Prophecies,Age-appropriateness concerns,1,Age-appropriateness concerns
Never Let Me Go,Sexual or romantic content; Violence & mature themes,2,Sexual or romantic content
"Gyo, Vol. 1: The Death-Stench Creeps",,0,Uncategorized
The Art of Junji Ito: Twisted Visions,,0,Uncategorized
Hero Tales: A Family Treasury of True Stories from the Lives of Christian Heroes,,0,Uncategorized
Allegedly,Age-appropriateness concerns; Violence & mature themes,2,Age-appropriateness concerns
Grown,Age-appropriateness concerns; Violence & mature themes,2,Age-appropriateness concerns
Good Talk: A Memoir in Conversations,Race & systemic inequality,1,Race & systemic inequality
Shadowsong,Age-appropriateness concerns,1,Age-appropriateness concerns
Wintersong,Age-appropriateness concerns,1,Age-appropriateness concerns
A Baby Doesn't Make the Man: Alternative Sources of Power and Manhood for Young Men,Sexual or romantic content,1,Sexual or romantic content
The Sky is Everywhere,Age-appropriateness concerns; Sexual or romantic content,2,Age-appropriateness concerns
The City We Became: A Novel,Violence & mature themes,1,Violence & mature themes
I Am Jazz,Age-appropriateness concerns; Gender politics & feminism; LGBTQ+ identity & sexuality,3,Age-appropriateness concerns
Green River Killer: A True Detective Story,Violence & mature themes,1,Violence & mature themes
Even If I Fall,Age-appropriateness concerns; Violence & mature themes,2,Age-appropriateness concerns
The Creation,Age-appropriateness concerns; Religion & worldview,2,Age-appropriateness concerns
"Aardvarks, Disembark!",,0,Uncategorized
Black is a Rainbow Color,Age-appropriateness concerns,1,Age-appropriateness concerns
"Mary's Monster: Love, Madness, and How Mary Shelley Created Frankenstein",,0,Uncategorized
Picture Perfect,Age-appropriateness concerns,1,Age-appropriateness concerns
A Million Shades of Gray,Age-appropriateness concerns,1,Age-appropriateness concerns
The Art of Comics,,0,Uncategorized
Quackery: A Brief History of the Worst Ways to Cure Everything,,0,Uncategorized
Those That Wake,Age-appropriateness concerns,1,Age-appropriateness concerns
Joseph and His Coat of Many Colors,Race & systemic inequality,1,Race & systemic inequality
Home Body,Sexual or romantic content,1,Sexual or romantic content
The Sun and Her Flowers,Gender politics & feminism; Mental health & trauma; Sexual or romantic content,3,Gender politics & feminism
A Vow So Bold and Deadly,Age-appropriateness concerns,1,Age-appropriateness concerns
Defy the Night,Age-appropriateness concerns,1,Age-appropriateness concerns
Leonardo: Revised Edition,,0,Uncategorized
Antiracist Baby,Age-appropriateness concerns; Race & systemic inequality,2,Age-appropriateness concerns
Defending Taylor,,0,Uncategorized
A Family of Poems: My Favorite Poetry for Children,Age-appropriateness concerns,1,Age-appropriateness concerns
Him,LGBTQ+ identity & sexuality; Sexual or romantic content,2,LGBTQ+ identity & sexuality
The DUFF: Designated Ugly Fat Friend,Age-appropriateness concerns; Sexual or romantic content,2,Age-appropriateness concerns
The Test,Age-appropriateness concerns; Race & systemic inequality,2,Age-appropriateness concerns
Moses in Egypt,Religion & worldview,1,Religion & worldview
Darius the Great Deserves Better,Age-appropriateness concerns; LGBTQ+ identity & sexuality; Mental health & trauma; Sexual or romantic content,4,Age-appropriateness concerns
The Color of Earth,,0,Uncategorized
Letter from Birmingham Jail,Race & systemic inequality,1,Race & systemic inequality
Please Ignore Vera Dietz,Age-appropriateness concerns,1,Age-appropriateness concerns
Leonardo and The Last Supper,,0,Uncategorized
11/22/63: A Novel,Violence & mature themes,1,Violence & mature themes
Delores Claiborne,,0,Uncategorized
Different Seasons: Four Novellas,Violence & mature themes,1,Violence & mature themes
It,Violence & mature themes,1,Violence & mature themes
Pet Sematary,Violence & mature themes,1,Violence & mature themes
Revival,Mental health & trauma; Violence & mature themes,2,Mental health & trauma
The Dark Tower,Violence & mature themes,1,Violence & mature themes
The Green Mile,Violence & mature themes,1,Violence & mature themes
The Mist,Violence & mature themes,1,Violence & mature themes
Under the Dome,Violence & mature themes,1,Violence & mature themes
"The Walking Dead, Vol. 11: Fear the Hunters",,0,Uncategorized
"The Walking Dead, Vol. 4: The Heart's Desire",,0,Uncategorized
"The Walking Dead, Vol. 7: The Calm Before",,0,Uncategorized
"The Walking Dead, Vol. 8: Made to Suffer",,0,Uncategorized
"The Walking Dead: A Continuing Story of Survival Horror, Book 1",Violence & mature themes,1,Violence & mature themes
"The Walking Dead: A Continuing Story of Survival Horror, Book 10",,0,Uncategorized
"The Walking Dead: A Continuing Story of Survival Horror, Book 13",,0,Uncategorized
"The Walking Dead: A Continuing Story of Survival Horror, Book 15",,0,Uncategorized
"The Walking Dead: A Continuing Story of Survival Horror, Book 16",,0,Uncategorized
"The Walking Dead: A Continuing Story of Survival Horror, Book 2",,0,Uncategorized
"The Walking Dead: A Continuing Story of Survival Horror, Book 3",,0,Uncategorized
"The Walking Dead: A Continuing Story of Survival Horror, Book 4",,0,Uncategorized
"The Walking Dead: A Continuing Story of Survival Horror, Book 6",,0,Uncategorized
"The Walking Dead: A Continuing Story of Survival Horror, Book 7",,0,Uncategorized
"The Walking Dead: A Continuing Story of Survival Horror, Book 8",,0,Uncategorized
"The Walking Dead: A Continuing Story of Survival Horror, Book 9",,0,Uncategorized
"Naruto, Vol 1: Uzumaki Naruto",,0,Uncategorized
The Truth About Sexual Behavior and Unplanned Pregnancy,Sexual or romantic content,1,Sexual or romantic content
Relish: My Life in the Kitchen,,0,Uncategorized
Lessons from a Dead Girl,Age-appropriateness concerns,1,Age-appropriateness concerns
The Nativity: Mary Remembers,,0,Uncategorized
The History of the Blues,,0,Uncategorized
Schooled,Age-appropriateness concerns,1,Age-appropriateness concerns
Great Masterpieces of the World,,0,Uncategorized
50 Artists You Should Know,,0,Uncategorized
Savage Inequalities: Children in America's Schools,Race & systemic inequality,1,Race & systemic inequality
Gay Rights (RK),Age-appropriateness concerns; LGBTQ+ identity & sexuality,2,Age-appropriateness concerns
Deep Dark Fears,,0,Uncategorized
The Creeps: A Deep Dark Fears Collection,,0,Uncategorized
"Bleach, Vol. 21",,0,Uncategorized
50 Sculptures You Should Know,,0,Uncategorized
We Are Here to Stay: Voices of Undocumented Young Adults,Race & systemic inequality; Sexual or romantic content; Violence & mature themes,3,Race & systemic inequality
Girl in Translation,Age-appropriateness concerns; Race & systemic inequality,2,Age-appropriateness concerns
Hold Still,Age-appropriateness concerns; LGBTQ+ identity & sexuality; Mental health & trauma; Sexual or romantic content,4,Age-appropriateness concerns
Watch Over Me,Age-appropriateness concerns,1,Age-appropriateness concerns
Psalm Twenty-Three,,0,Uncategorized
The Road to Bethlehem: An Ethiopian Nativity,Religion & worldview,1,Religion & worldview
Stories of Jesus,Age-appropriateness concerns; Religion & worldview,2,Age-appropriateness concerns
"Families, Families, Families!",Age-appropriateness concerns,1,Age-appropriateness concerns
A Neon Darkness,Age-appropriateness concerns,1,Age-appropriateness concerns
The Complete Idiot's Guide to Drawing Manga: Illustrated,,0,Uncategorized
Beetle and the Hollowbones,Age-appropriateness concerns; LGBTQ+ identity & sexuality,2,Age-appropriateness concerns
A Clash of Steel: A Treasure Island Remix,Age-appropriateness concerns; LGBTQ+ identity & sexuality,2,Age-appropriateness concerns
Grown in 60 Seconds,,0,Uncategorized
Go Set a Watchman,Race & systemic inequality; Violence & mature themes,2,Race & systemic inequality
The Gentleman's Guide to Vice and Virtue,Age-appropriateness concerns; LGBTQ+ identity & sexuality; Sexual or romantic content,3,Age-appropriateness concerns
"Karakuridoji Ultimo, Vol. 1",,0,Uncategorized
Spider-Man in Face-to-Face with the Lizard,Age-appropriateness concerns,1,Age-appropriateness concerns
Furyborn,Age-appropriateness concerns; Religion & worldview; Sexual or romantic content; Violence & mature themes,4,Age-appropriateness concerns
Kingsbane,Age-appropriateness concerns,1,Age-appropriateness concerns
Lightbringer,Age-appropriateness concerns,1,Age-appropriateness concerns
Annie Leibovitz at Work,,0,Uncategorized
Women,,0,Uncategorized
Secret Origins,,0,Uncategorized
The Event,,0,Uncategorized
Home (TL),Violence & mature themes,1,Violence & mature themes
Human Sexuality: Opposing Viewpoints,Age-appropriateness concerns; LGBTQ+ identity & sexuality; Sexual or romantic content,3,Age-appropriateness concerns
A Map to the Sun,Age-appropriateness concerns,1,Age-appropriateness concerns
Pharaoh's Daughter: A Novel of Ancient Egypt,Age-appropriateness concerns,1,Age-appropriateness concerns
Another Day,Age-appropriateness concerns; LGBTQ+ identity & sexuality; Sexual or romantic content,3,Age-appropriateness concerns
Boy Meets Boy,Age-appropriateness concerns; LGBTQ+ identity & sexuality,2,Age-appropriateness concerns
Every Day,Age-appropriateness concerns; LGBTQ+ identity & sexuality; Sexual or romantic content,3,Age-appropriateness concerns
Hold Me Closer: The Tiny Cooper Story,Age-appropriateness concerns; LGBTQ+ identity & sexuality,2,Age-appropriateness concerns
Someday,Age-appropriateness concerns,1,Age-appropriateness concerns
The Family Fletcher Takes Rock Island,Age-appropriateness concerns; LGBTQ+ identity & sexuality,2,Age-appropriateness concerns
This Would Make a Good Story Someday,Age-appropriateness concerns,1,Age-appropriateness concerns
"Coyotes, Vol. 1",Violence & mature themes,1,Violence & mature themes
"Coyotes, Vol. 2",Violence & mature themes,1,Violence & mature themes
Snapdragon,Age-appropriateness concerns,1,Age-appropriateness concerns
House of Dark Shadows,Age-appropriateness concerns,1,Age-appropriateness concerns
Timescape,Age-appropriateness concerns,1,Age-appropriateness concerns
David and the Giant,Age-appropriateness concerns,1,Age-appropriateness concerns
Anything But Okay,Age-appropriateness concerns,1,Age-appropriateness concerns
Monstress,Violence & mature themes,1,Violence & mature themes
"Monstress, Vol. 1: Awakening",,0,Uncategorized
"Monstress, Vol. 2: The Blood",,0,Uncategorized
"Monstress, Vol. 3: Haven",,0,Uncategorized
"Monstress, Vol. 4: The Chosen",,0,Uncategorized
Thanksgiving Poems,,0,Uncategorized
We Were Liars,Age-appropriateness concerns; Sexual or romantic content; Violence & mature themes,3,Age-appropriateness concerns
Dateable: Are You? Are They?,,0,Uncategorized
Rules (CL),Age-appropriateness concerns,1,Age-appropriateness concerns
"Isaac the Alchemist: Secrets of Isaac Newton, Reveal'd",Age-appropriateness concerns,1,Age-appropriateness concerns
"Hunting the Devil: The Pursuit, Capture and Confession of the Most Savage Serial Killer in History",Violence & mature themes,1,Violence & mature themes
Julián at the Wedding,Age-appropriateness concerns; LGBTQ+ identity & sexuality,2,Age-appropriateness concerns
Julián Is a Mermaid,Age-appropriateness concerns,1,Age-appropriateness concerns
Puberty is Gross but Also Really Awesome,Age-appropriateness concerns; LGBTQ+ identity & sexuality; Mental health & trauma; Sexual or romantic content,4,Age-appropriateness concerns
50 Paintings You Should Know,,0,Uncategorized
Messenger,Age-appropriateness concerns; Violence & mature themes,2,Age-appropriateness concerns
The Giver,Age-appropriateness concerns; Violence & mature themes,2,Age-appropriateness concerns
The Giver: Graphic Novel,Age-appropriateness concerns,1,Age-appropriateness concerns
Storytelling in Christian Art from Biotto to Donatello,,0,Uncategorized
Different Kinds of Fruit,Age-appropriateness concerns; LGBTQ+ identity & sexuality,2,Age-appropriateness concerns
Too Bright to See,Age-appropriateness concerns; LGBTQ+ identity & sexuality,2,Age-appropriateness concerns
When Aidan Became a Brother,Age-appropriateness concerns; Gender politics & feminism; LGBTQ+ identity & sexuality,3,Age-appropriateness concerns
Hero,Age-appropriateness concerns,1,Age-appropriateness concerns
Boy Toy,Age-appropriateness concerns,1,Age-appropriateness concerns
Mangaman,Age-appropriateness concerns; Sexual or romantic content,2,Age-appropriateness concerns
Stitching the Stars: The Story Quilts of Harriet Powers,Race & systemic inequality,1,Race & systemic inequality
A Court of Frost and Starlight,Age-appropriateness concerns; Sexual or romantic content; Violence & mature themes,3,Age-appropriateness concerns
A Court of Mist and Fury,Age-appropriateness concerns; Sexual or romantic content,2,Age-appropriateness concerns
A ​Court of Silver Flames,Sexual or romantic content; Violence & mature themes,2,Sexual or romantic content
A Court of Thorns and Roses,Age-appropriateness concerns; Sexual or romantic content; Violence & mature themes,3,Age-appropriateness concerns
A Court of Wings and Ruin,Age-appropriateness concerns; Sexual or romantic content; Violence & mature themes,3,Age-appropriateness concerns
Catwoman: Soulstealer,Age-appropriateness concerns,1,Age-appropriateness concerns
Crown of Midnight,Age-appropriateness concerns; Religion & worldview; Sexual or romantic content,3,Age-appropriateness concerns
Empire of Storms,Age-appropriateness concerns; Sexual or romantic content; Violence & mature themes,3,Age-appropriateness concerns
Heir of Fire,Age-appropriateness concerns; Religion & worldview; Sexual or romantic content,3,Age-appropriateness concerns
House of Earth and Blood,Sexual or romantic content,1,Sexual or romantic content
House of Sky and Breath,Sexual or romantic content,1,Sexual or romantic content
Kingdom of Ash,Age-appropriateness concerns; Religion & worldview; Sexual or romantic content; Violence & mature themes,4,Age-appropriateness concerns
Queen of Shadows,Age-appropriateness concerns; Religion & worldview; Sexual or romantic content,3,Age-appropriateness concerns
The Assassin's Blade,Age-appropriateness concerns; Sexual or romantic content; Violence & mature themes,3,Age-appropriateness concerns
Throne of Glass,Age-appropriateness concerns; Religion & worldview; Sexual or romantic content; Violence & mature themes,4,Age-appropriateness concerns
Tower of Dawn,Age-appropriateness concerns; Religion & worldview; Sexual or romantic content,3,Age-appropriateness concerns
A Child Was Born: A Christmas Story,Age-appropriateness concerns,1,Age-appropriateness concerns
A Medieval Cathedral,Age-appropriateness concerns,1,Age-appropriateness concerns
"The Low, Low Woods",,0,Uncategorized
Both Can Be True,Age-appropriateness concerns; LGBTQ+ identity & sexuality; Sexual or romantic content; Violence & mature themes,4,Age-appropriateness concerns
Guyaholic,Age-appropriateness concerns,1,Age-appropriateness concerns
Defy Me,Age-appropriateness concerns; Violence & mature themes,2,Age-appropriateness concerns
Ignite Me,,0,Uncategorized
Imagine Me,Age-appropriateness concerns; Sexual or romantic content; Violence & mature themes,3,Age-appropriateness concerns
Restore Me,Age-appropriateness concerns; Violence & mature themes,2,Age-appropriateness concerns
Shatter Me,Age-appropriateness concerns; Sexual or romantic content; Violence & mature themes,3,Age-appropriateness concerns
Unravel Me,Age-appropriateness concerns; Sexual or romantic content; Violence & mature themes,3,Age-appropriateness concerns
Light It Up,,0,Uncategorized
The Season of Styx Malone,Age-appropriateness concerns,1,Age-appropriateness concerns
Wicked: The Life and Times of the Wicked Witch of the West,Violence & mature themes,1,Violence & mature themes
Bird Box,Violence & mature themes,1,Violence & mature themes
The League of Super Feminists,Gender politics & feminism; LGBTQ+ identity & sexuality,2,Gender politics & feminism
"Novels for Students, Vol. 55",,0,Uncategorized
Miriam's Cup: A Passover Story,Age-appropriateness concerns,1,Age-appropriateness concerns
God's Story,Age-appropriateness concerns; Religion & worldview,2,Age-appropriateness concerns
Deserted Prisons,Age-appropriateness concerns,1,Age-appropriateness concerns
From the Desk of Zoe Washington,Age-appropriateness concerns; Race & systemic inequality,2,Age-appropriateness concerns
The Boy Toy,,0,Uncategorized
A Clash of Kings,Violence & mature themes,1,Violence & mature themes
A Dance with Dragons,Violence & mature themes,1,Violence & mature themes
A Feast for Crows,Violence & mature themes,1,Violence & mature themes
A Game of Thrones,,0,Uncategorized
"A Game of Thrones: The Graphic Novel, Vol. 1",,0,Uncategorized
"A Game of Thrones: The Graphic Novel, Vol. 2",,0,Uncategorized
"A Game of Thrones: The Graphic Novel, Vol. 3",Violence & mature themes,1,Violence & mature themes
"A Game of Thrones: The Graphic Novel, Vol. 4",,0,Uncategorized
A Storm of Swords,,0,Uncategorized
Ruth and Naomi: A Bible Story,,0,Uncategorized
Discovering Mythology - Gods and Goddesses,Age-appropriateness concerns,1,Age-appropriateness concerns
The Outcast,Age-appropriateness concerns,1,Age-appropriateness concerns
Afterward,Age-appropriateness concerns,1,Age-appropriateness concerns
Moxie,Age-appropriateness concerns; Gender politics & feminism; Sexual or romantic content,3,Age-appropriateness concerns
Amy and Roger's Epic Detour,Age-appropriateness concerns; Sexual or romantic content,2,Age-appropriateness concerns
Assassination Classroom,,0,Uncategorized
"Assassination Classroom, Vol. 1",,0,Uncategorized
"Assassination Classroom, Vol. 10",,0,Uncategorized
"Assassination Classroom, Vol. 11",,0,Uncategorized
"Assassination Classroom, Vol. 12",Violence & mature themes,1,Violence & mature themes
"Assassination Classroom, Vol. 13",,0,Uncategorized
"Assassination Classroom, Vol. 14",Violence & mature themes,1,Violence & mature themes
"Assassination Classroom, Vol. 15",,0,Uncategorized
"Assassination Classroom, Vol. 16",,0,Uncategorized
"Assassination Classroom, Vol. 17",Violence & mature themes,1,Violence & mature themes
"Assassination Classroom, Vol. 18",,0,Uncategorized
"Assassination Classroom, Vol. 19",,0,Uncategorized
"Assassination Classroom, Vol. 2",,0,Uncategorized
"Assassination Classroom, Vol. 20",Violence & mature themes,1,Violence & mature themes
"Assassination Classroom, Vol. 21",,0,Uncategorized
"Assassination Classroom, Vol. 3",Violence & mature themes,1,Violence & mature themes
"Assassination Classroom, Vol. 4",,0,Uncategorized
"Assassination Classroom, Vol. 5",,0,Uncategorized
"Assassination Classroom, Vol. 6",,0,Uncategorized
"Assassination Classroom, Vol. 7",,0,Uncategorized
"Assassination Classroom, Vol. 8",Violence & mature themes,1,Violence & mature themes
"Assassination Classroom, Vol. 9",,0,Uncategorized
The Bible Story,,0,Uncategorized
Black Boy Joy: 17 Stories Celebrating Black Boyhood,Age-appropriateness concerns; LGBTQ+ identity & sexuality,2,Age-appropriateness concerns
Firebug,Age-appropriateness concerns; Violence & mature themes,2,Age-appropriateness concerns
Bumped,Age-appropriateness concerns,1,Age-appropriateness concerns
Sloppy Firsts,Age-appropriateness concerns; Sexual or romantic content,2,Age-appropriateness concerns
Man o' War,Age-appropriateness concerns; LGBTQ+ identity & sexuality,2,Age-appropriateness concerns
A Brief History of Manga,,0,Uncategorized
God's People: Stories from the Old Testament,Age-appropriateness concerns,1,Age-appropriateness concerns
Cut,Age-appropriateness concerns; Mental health & trauma,2,Age-appropriateness concerns
SP4RX,,0,Uncategorized
The Dazzling Heights,Age-appropriateness concerns,1,Age-appropriateness concerns
The Thousandth Floor,Age-appropriateness concerns,1,Age-appropriateness concerns
The Towering Sky,Age-appropriateness concerns,1,Age-appropriateness concerns
The Female of the Species,Age-appropriateness concerns; Gender politics & feminism; Violence & mature themes,3,Age-appropriateness concerns
Bloodlust and Bonnets,,0,Uncategorized
"Mara, Daughter of the Nile",Age-appropriateness concerns; Sexual or romantic content,2,Age-appropriateness concerns
The Gay Liberation Movement: Before and After Stonewall,LGBTQ+ identity & sexuality,1,LGBTQ+ identity & sexuality
Pioneers of LGBTQ+ Rights,LGBTQ+ identity & sexuality,1,LGBTQ+ identity & sexuality
Beautiful Disaster,Age-appropriateness concerns; Sexual or romantic content,2,Age-appropriateness concerns
"Let My People Go: Bible Stories Told by a Freeman of Color to his Daughter, Charlotte in Charleston, South Carolina",Age-appropriateness concerns; Race & systemic inequality,2,Age-appropriateness concerns
Fade,Age-appropriateness concerns; Sexual or romantic content,2,Age-appropriateness concerns
One of Us Is Lying,Age-appropriateness concerns; Sexual or romantic content; Violence & mature themes,3,Age-appropriateness concerns
One of Us is Next,Age-appropriateness concerns; Violence & mature themes,2,Age-appropriateness concerns
"Red, White, and Royal Blue",,0,Uncategorized
Frostbite,Age-appropriateness concerns; Sexual or romantic content,2,Age-appropriateness concerns
Midnight Jewel,Age-appropriateness concerns; Violence & mature themes,2,Age-appropriateness concerns
Shadow Kiss,Age-appropriateness concerns; Sexual or romantic content,2,Age-appropriateness concerns
The Emerald Sea,Age-appropriateness concerns,1,Age-appropriateness concerns
The Glittering Court,Age-appropriateness concerns,1,Age-appropriateness concerns
Vampire Academy,Age-appropriateness concerns; Sexual or romantic content,2,Age-appropriateness concerns
Queen of the Sea,Age-appropriateness concerns,1,Age-appropriateness concerns
What Was Stonewall?,Age-appropriateness concerns; LGBTQ+ identity & sexuality; Race & systemic inequality,3,Age-appropriateness concerns
Love to Langston,Age-appropriateness concerns,1,Age-appropriateness concerns
The Beast and the Bethany,Age-appropriateness concerns,1,Age-appropriateness concerns
A + E 4ever,LGBTQ+ identity & sexuality,1,LGBTQ+ identity & sexuality
Bible ABC,Age-appropriateness concerns,1,Age-appropriateness concerns
Gilded,Age-appropriateness concerns; Sexual or romantic content; Violence & mature themes,3,Age-appropriateness concerns
Breaking Dawn,Age-appropriateness concerns; Sexual or romantic content; Violence & mature themes,3,Age-appropriateness concerns
"Bats, Cats, and Rats",Age-appropriateness concerns,1,Age-appropriateness concerns
Batman: The Dark Knight Strikes Again,Violence & mature themes,1,Violence & mature themes
No More Poems!: A Book in Verse That Just Gets Worse,Age-appropriateness concerns; Mental health & trauma,2,Age-appropriateness concerns
The Art of Starving,Age-appropriateness concerns; Mental health & trauma,2,Age-appropriateness concerns
Violet and Daisy: The Story of Vaudeville's Famous Conjoined Twins,,0,Uncategorized
What Goes Around,Race & systemic inequality,1,Race & systemic inequality
All Out: The No-Longer-Secret Stories of Queer Teens Throughout the Ages,Age-appropriateness concerns; LGBTQ+ identity & sexuality; Violence & mature themes,3,Age-appropriateness concerns
"Let's Talk About It: The Teen's Guide to Sex, Relationships, and Being a Human (A Graphic Novel)",Sexual or romantic content,1,Sexual or romantic content
Anne of Avonlea,Age-appropriateness concerns; Sexual or romantic content,2,Age-appropriateness concerns
Alan Moore's America's Best Comics,,0,Uncategorized
Batman: The Killing Joke,Violence & mature themes,1,Violence & mature themes
Watchmen,Violence & mature themes,1,Violence & mature themes
"Altered Carbon: One Life, One Death",,0,Uncategorized
The International Children's Devotional Bible,Religion & worldview,1,Religion & worldview
Three Wishes,,0,Uncategorized
Houses and Homes,Age-appropriateness concerns,1,Age-appropriateness concerns
The Cost of Knowing,Age-appropriateness concerns,1,Age-appropriateness concerns
The Essential Claude Monet,,0,Uncategorized
My Life Among the Serial Killers: Inside the Minds of the World's Most Notorious Murders,Violence & mature themes,1,Violence & mature themes
Judaism (MAM),Age-appropriateness concerns; Religion & worldview,2,Age-appropriateness concerns
The Portable Chaucer,,0,Uncategorized
Love,,0,Uncategorized
Sula,Race & systemic inequality,1,Race & systemic inequality
Tar Baby,,0,Uncategorized
A Song Below Water,Age-appropriateness concerns; Race & systemic inequality; Violence & mature themes,3,Age-appropriateness concerns
Not Otherwise Specified,Age-appropriateness concerns,1,Age-appropriateness concerns
Insect (LM),Age-appropriateness concerns,1,Age-appropriateness concerns
The November Criminals,Violence & mature themes,1,Violence & mature themes
"Raphael: His Life, Works, and Times",Sexual or romantic content,1,Sexual or romantic content
An American Plague: The True and Terrifying Story of the Yellow Fever Epidemic of 1793,Sexual or romantic content,1,Sexual or romantic content
Dumplin',Age-appropriateness concerns,1,Age-appropriateness concerns
Batman: White Knight,,0,Uncategorized
Zen Shorts,Age-appropriateness concerns,1,Age-appropriateness concerns
Blazed,Age-appropriateness concerns,1,Age-appropriateness concerns
Dead End,Age-appropriateness concerns; Mental health & trauma; Sexual or romantic content,3,Age-appropriateness concerns
Exit Here.,,0,Uncategorized
Rhymes with Witches,Age-appropriateness concerns; Sexual or romantic content; Violence & mature themes,3,Age-appropriateness concerns
ttfn,Age-appropriateness concerns,1,Age-appropriateness concerns
ttyl,Age-appropriateness concerns; Sexual or romantic content; Violence & mature themes,3,Age-appropriateness concerns
yolo,Age-appropriateness concerns; Sexual or romantic content,2,Age-appropriateness concerns
The Mark,Age-appropriateness concerns,1,Age-appropriateness concerns
"Hama-Kimi: For You In Full Blossom, Vol. 1",,0,Uncategorized
"Hama-Kimi: For You In Full Blossom, Vol. 3",,0,Uncategorized
The Library of Lost Things,Age-appropriateness concerns,1,Age-appropriateness concerns
Dear Edward,,0,Uncategorized
Babylonian Mythology,Mental health & trauma; Religion & worldview,2,Mental health & trauma
Life in a Nazi Concentration Camp,Violence & mature themes,1,Violence & mature themes
Reluctantly Alice,Age-appropriateness concerns; Mental health & trauma,2,Age-appropriateness concerns
Like a Love Story,Age-appropriateness concerns; LGBTQ+ identity & sexuality,2,Age-appropriateness concerns
The Chandler Legacies,Age-appropriateness concerns; LGBTQ+ identity & sexuality; Mental health & trauma,3,Age-appropriateness concerns
My Rainbow,Age-appropriateness concerns; LGBTQ+ identity & sexuality,2,Age-appropriateness concerns
Anno Dracula - 1895: Seven Days in Mayhem,,0,Uncategorized
The Country of Ice Cream Star,Age-appropriateness concerns; Violence & mature themes,2,Age-appropriateness concerns
Scene of the Crime: Tracking Down Criminals with Forensic Science,Age-appropriateness concerns,1,Age-appropriateness concerns
Girls of Paper and Fire,Age-appropriateness concerns; Mental health & trauma,2,Age-appropriateness concerns
Ways to Live Forever,Age-appropriateness concerns; Mental health & trauma,2,Age-appropriateness concerns
Every Day with God: A Child's Daily Bible (Selections from the International Children's Bible),Age-appropriateness concerns,1,Age-appropriateness concerns
All the Bright Places,Age-appropriateness concerns; Mental health & trauma; Sexual or romantic content; Violence & mature themes,4,Age-appropriateness concerns
Holding up the Universe,Age-appropriateness concerns; Mental health & trauma; Sexual or romantic content,3,Age-appropriateness concerns
Where I End and You Begin,Age-appropriateness concerns; LGBTQ+ identity & sexuality; Sexual or romantic content,3,Age-appropriateness concerns
In the Lake of the Woods,Violence & mature themes,1,Violence & mature themes
The Death of Bees,,0,Uncategorized
Scott Pilgrim Vol. 5: Scott Pilgrim vs. the Universe,Age-appropriateness concerns,1,Age-appropriateness concerns
The Mythics #1: Heroes Reborn,Age-appropriateness concerns,1,Age-appropriateness concerns
"Fire Force, Vol. 1",,0,Uncategorized
"Soul Eater, Vol. 1",,0,Uncategorized
"Soul Eater, Vol. 2",,0,Uncategorized
"Soul Eater, Vol. 3",,0,Uncategorized
"Soul Eater, Vol. 4",,0,Uncategorized
"Soul Eater, Vol. 5",,0,Uncategorized
Consent,Age-appropriateness concerns,1,Age-appropriateness concerns
"Sumomomo, Momomo: The Strongest Bride on Earth, Vol. 1",,0,Uncategorized
Shadowshaper,Age-appropriateness concerns; Violence & mature themes,2,Age-appropriateness concerns
Ivy,Age-appropriateness concerns,1,Age-appropriateness concerns
Ringer,,0,Uncategorized
Johann Gutenberg and the Printing Press,Age-appropriateness concerns,1,Age-appropriateness concerns
Mediocre: The Dangerous Legacy of White Male America,Race & systemic inequality,1,Race & systemic inequality
Notes from a Young Black Chef,,0,Uncategorized
Notes from a Young Black Chef (Adapted for Young Adults),,0,Uncategorized
Every Hidden Thing,Age-appropriateness concerns; Sexual or romantic content,2,Age-appropriateness concerns
The Flower of Sheba,Age-appropriateness concerns,1,Age-appropriateness concerns
1984,Race & systemic inequality; Violence & mature themes,2,Race & systemic inequality
1984: The Graphic Novel,,0,Uncategorized
The Random House Book of Bible Stories,Age-appropriateness concerns,1,Age-appropriateness concerns
"Heartstopper, Vol. 1",Age-appropriateness concerns; LGBTQ+ identity & sexuality; Sexual or romantic content,3,Age-appropriateness concerns
"Heartstopper, Vol. 2",Age-appropriateness concerns,1,Age-appropriateness concerns
"Heartstopper, Vol. 3",Age-appropriateness concerns; LGBTQ+ identity & sexuality,2,Age-appropriateness concerns
"Heartstopper, Vol. 4",Age-appropriateness concerns; LGBTQ+ identity & sexuality; Sexual or romantic content,3,Age-appropriateness concerns
Radio Silence,Age-appropriateness concerns,1,Age-appropriateness concerns
The History of Western Sculpture,,0,Uncategorized
The Girl from the Sea,Age-appropriateness concerns,1,Age-appropriateness concerns
The Witch Boy,Age-appropriateness concerns; LGBTQ+ identity & sexuality,2,Age-appropriateness concerns
Feynman,,0,Uncategorized
The Essential Michelangelo,,0,Uncategorized
Where the Crawdads Sing,Sexual or romantic content,1,Sexual or romantic content
The Golden Sheep 1,,0,Uncategorized
Jalani and the Lock,Age-appropriateness concerns,1,Age-appropriateness concerns
Choke (CP),Mental health & trauma; Race & systemic inequality; Sexual or romantic content,3,Mental health & trauma
Fight Club,Violence & mature themes,1,Violence & mature themes
Haunted,Violence & mature themes,1,Violence & mature themes
Rant: The Oral Biography of Buster Casey,,0,Uncategorized
Brisingr,Age-appropriateness concerns; Religion & worldview,2,Age-appropriateness concerns
Eldest,Age-appropriateness concerns; Religion & worldview,2,Age-appropriateness concerns
Eragon,Age-appropriateness concerns; Religion & worldview,2,Age-appropriateness concerns
Inheritance,Age-appropriateness concerns; Religion & worldview,2,Age-appropriateness concerns
Democracy,Violence & mature themes,1,Violence & mature themes
"Black Brother, Black Brother",Age-appropriateness concerns; Mental health & trauma; Race & systemic inequality,3,Age-appropriateness concerns
Bible Stories for Children,Age-appropriateness concerns,1,Age-appropriateness concerns
It's Okay To Be Different,Age-appropriateness concerns,1,Age-appropriateness concerns
Angel,Age-appropriateness concerns; Violence & mature themes,2,Age-appropriateness concerns
Fang,Age-appropriateness concerns,1,Age-appropriateness concerns
Max,Age-appropriateness concerns,1,Age-appropriateness concerns
Maximum Ride Forever,Age-appropriateness concerns,1,Age-appropriateness concerns
Nevermore,Age-appropriateness concerns,1,Age-appropriateness concerns
Saving the World & Other Extreme Sports,Age-appropriateness concerns,1,Age-appropriateness concerns
School's Out - Forever,Age-appropriateness concerns,1,Age-appropriateness concerns
The Angel Experiment,Age-appropriateness concerns,1,Age-appropriateness concerns
The Final Warning,Age-appropriateness concerns,1,Age-appropriateness concerns
The Fire,Age-appropriateness concerns,1,Age-appropriateness concerns
The Gift,Sexual or romantic content,1,Sexual or romantic content
The Kiss,Race & systemic inequality; Violence & mature themes,2,Race & systemic inequality
The Lost,Age-appropriateness concerns,1,Age-appropriateness concerns
Witch and Wizard,Age-appropriateness concerns,1,Age-appropriateness concerns
Born Ready: The True Story of a Boy Named Penelope,Age-appropriateness concerns; Gender politics & feminism; LGBTQ+ identity & sexuality,3,Age-appropriateness concerns
The River,Age-appropriateness concerns,1,Age-appropriateness concerns
The Beauty of Darkness,Age-appropriateness concerns; Violence & mature themes,2,Age-appropriateness concerns
The Heart of Betrayal,Age-appropriateness concerns,1,Age-appropriateness concerns
The Kiss of Deception,Age-appropriateness concerns; Sexual or romantic content; Violence & mature themes,3,Age-appropriateness concerns
A Day No Pigs Would Die,Age-appropriateness concerns,1,Age-appropriateness concerns
"A Child Called ""It"": One Child's Courage to Survive",,0,Uncategorized
A History of Art,Age-appropriateness concerns,1,Age-appropriateness concerns
Criss Cross,Age-appropriateness concerns,1,Age-appropriateness concerns
The Battle Against Polio,Age-appropriateness concerns,1,Age-appropriateness concerns
The Storm in the Barn,Age-appropriateness concerns; Mental health & trauma,2,Age-appropriateness concerns
Bible Questions & Answers,,0,Uncategorized
Change of Heart: A Novel,Sexual or romantic content,1,Sexual or romantic content
Handle with Care,Sexual or romantic content,1,Sexual or romantic content
House Rules,Sexual or romantic content; Violence & mature themes,2,Sexual or romantic content
Keeping Faith,Mental health & trauma,1,Mental health & trauma
Leaving Time,Sexual or romantic content,1,Sexual or romantic content
Lone Wolf,,0,Uncategorized
Mercy,Mental health & trauma,1,Mental health & trauma
Perfect Match,Sexual or romantic content; Violence & mature themes,2,Sexual or romantic content
Plain Truth,Sexual or romantic content; Violence & mature themes,2,Sexual or romantic content
Salem Falls,Sexual or romantic content,1,Sexual or romantic content
Second Glance,Violence & mature themes,1,Violence & mature themes
Sing You Home,LGBTQ+ identity & sexuality; Sexual or romantic content,2,LGBTQ+ identity & sexuality
Songs of a Humpback Whale,,0,Uncategorized
The Pact: A Love Story,Mental health & trauma; Sexual or romantic content; Violence & mature themes,3,Mental health & trauma
The Storyteller,Race & systemic inequality,1,Race & systemic inequality
Vanishing Acts,Sexual or romantic content,1,Sexual or romantic content
Black Knight,Age-appropriateness concerns,1,Age-appropriateness concerns
The Adventures of Captain Underpants,Age-appropriateness concerns,1,Age-appropriateness concerns
Angel of Greenwood,,0,Uncategorized
Noah's Ark (JP),Age-appropriateness concerns,1,Age-appropriateness concerns
Children's Stories from the Bible,Age-appropriateness concerns,1,Age-appropriateness concerns
Fire Will Fall,Age-appropriateness concerns,1,Age-appropriateness concerns
Little Rock Nine,Age-appropriateness concerns,1,Age-appropriateness concerns
Graphic Classics: Bram Stoker,,0,Uncategorized
Graphic Classics: Edgar Allan Poe,,0,Uncategorized
The Yellow Birds,Violence & mature themes,1,Violence & mature themes
Deuteronomy: The Jewish Children's Bible,,0,Uncategorized
Exodus: The Jewish Children's Bible,,0,Uncategorized
Genesis: The Jewish Children's Bible,Age-appropriateness concerns,1,Age-appropriateness concerns
Touch,Age-appropriateness concerns,1,Age-appropriateness concerns
The Cupcake Bible: More Than 150 Recipes for Fun and Delicious Cupcakes,,0,Uncategorized
"Sarah, Who Loved Laughter",Age-appropriateness concerns,1,Age-appropriateness concerns
Alice in the Country of Hearts,Violence & mature themes,1,Violence & mature themes
Frost Like Night,Age-appropriateness concerns; Violence & mature themes,2,Age-appropriateness concerns
Fathers Are Part of a Family,Age-appropriateness concerns,1,Age-appropriateness concerns
Mothers Are Part of A Family,Age-appropriateness concerns,1,Age-appropriateness concerns
Seek You: A Journey Through American Loneliness,Violence & mature themes,1,Violence & mature themes
Something to Say,Age-appropriateness concerns,1,Age-appropriateness concerns
The Disturbed Girl's Dictionary,Age-appropriateness concerns,1,Age-appropriateness concerns
My Jim: A Novel,Race & systemic inequality,1,Race & systemic inequality
Adam and Eve and the Garden of Eden,,0,Uncategorized
The Story of Christmas: Words from the Gospels of Matthew and Luke,Age-appropriateness concerns; Religion & worldview,2,Age-appropriateness concerns
Complete Guide to Drawing and Painting,,0,Uncategorized
The Boy and Girl Who Broke the World,Age-appropriateness concerns; Violence & mature themes,2,Age-appropriateness concerns
Deadly Class,Violence & mature themes,1,Violence & mature themes
"Deadly Class, Vol. 1: Reagan Youth",Violence & mature themes,1,Violence & mature themes
"Angus, Thongs and Full-Frontal Snogging",Age-appropriateness concerns; Sexual or romantic content,2,Age-appropriateness concerns
Dancing in my nuddy-pants: Even further confessions of Georgia Nicolson,Age-appropriateness concerns; Sexual or romantic content,2,Age-appropriateness concerns
Long Way Down,Age-appropriateness concerns; Violence & mature themes,2,Age-appropriateness concerns
"Stamped (For Kids): Racism, Antiracism, and You",Age-appropriateness concerns; Race & systemic inequality,2,Age-appropriateness concerns
Take the Mic: Fictional Stories of Everyday Resistance,Age-appropriateness concerns; LGBTQ+ identity & sexuality,2,Age-appropriateness concerns
When I Was the Greatest,Age-appropriateness concerns; Race & systemic inequality,2,Age-appropriateness concerns
Shut Up!,,0,Uncategorized
What on Earth Is a Pangolin?,Age-appropriateness concerns,1,Age-appropriateness concerns
Interview with a Vampire,,0,Uncategorized
The Tale of a Body Thief,Sexual or romantic content; Violence & mature themes,2,Sexual or romantic content
"Christian, the Hugging Lion",Age-appropriateness concerns,1,Age-appropriateness concerns
"Space Battle Lunchtime, Vol. 2: A Recipe for Disaster",Age-appropriateness concerns,1,Age-appropriateness concerns
Hollow City: The Graphic Novel,,0,Uncategorized
Percy Jackson's Greek Gods,Age-appropriateness concerns,1,Age-appropriateness concerns
Bed of Roses,,0,Uncategorized
Daring to Dream,,0,Uncategorized
Finding the Dream,,0,Uncategorized
Happily Ever After,,0,Uncategorized
Holding the Dream,,0,Uncategorized
Remember When,Sexual or romantic content; Violence & mature themes,2,Sexual or romantic content
Savor the Moment,,0,Uncategorized
Vision in White,Sexual or romantic content,1,Sexual or romantic content
The Life and Art of Paul Gauguin,Age-appropriateness concerns,1,Age-appropriateness concerns
Being Transgender,LGBTQ+ identity & sexuality; Sexual or romantic content,2,LGBTQ+ identity & sexuality
Understanding Sexual Orientation and Gender Identity,LGBTQ+ identity & sexuality; Race & systemic inequality; Sexual or romantic content,3,LGBTQ+ identity & sexuality
Detective Dan and the Puzzling Pizza Mystery,Age-appropriateness concerns,1,Age-appropriateness concerns
Gay Marriage (TLR),Age-appropriateness concerns; LGBTQ+ identity & sexuality; Sexual or romantic content,3,Age-appropriateness concerns
Sex (TLR),Sexual or romantic content,1,Sexual or romantic content
Horror in Maryland,Age-appropriateness concerns,1,Age-appropriateness concerns
Filmish: A Graphic Journey Through Film,,0,Uncategorized
Spirits and Sorcerers,Age-appropriateness concerns,1,Age-appropriateness concerns
"The Backyard Bird Feeder's Bible: The A-Z Guide to Feeders, Seed Mixes, Projects, and Treats",,0,Uncategorized
Insurgent,Age-appropriateness concerns; Sexual or romantic content; Violence & mature themes,3,Age-appropriateness concerns
Any Way the Wind Blows,Age-appropriateness concerns; LGBTQ+ identity & sexuality; Religion & worldview,3,Age-appropriateness concerns
Fangirl,Age-appropriateness concerns; Sexual or romantic content,2,Age-appropriateness concerns
Wayward Son,Age-appropriateness concerns; LGBTQ+ identity & sexuality; Sexual or romantic content; Violence & mature themes,4,Age-appropriateness concerns
Brown v. Board of Education: A Fight for Simple Justice,Age-appropriateness concerns; Race & systemic inequality,2,Age-appropriateness concerns
Black Magick: Awakening,,0,Uncategorized
Dangerous Woman: The Graphic Biography of Emma Goldman,,0,Uncategorized
My Dark Vanessa,Mental health & trauma; Sexual or romantic content; Violence & mature themes,3,Mental health & trauma
The Midnight Lie,Age-appropriateness concerns; LGBTQ+ identity & sexuality; Sexual or romantic content,3,Age-appropriateness concerns
The Dark and Hollow Places,Age-appropriateness concerns,1,Age-appropriateness concerns
The Dead-Tossed Waves,Age-appropriateness concerns,1,Age-appropriateness concerns
The Forest of Hands and Teeth,Age-appropriateness concerns; Violence & mature themes,2,Age-appropriateness concerns
Before I Let Go,,0,Uncategorized
"The Beautiful Stories of Life: Six Greeks Myths, Retold",Age-appropriateness concerns,1,Age-appropriateness concerns
"Citrus Plus, Vol. 1",,0,Uncategorized
"Citrus Plus, Vol. 2",,0,Uncategorized
Is He a Girl?,Age-appropriateness concerns,1,Age-appropriateness concerns
Aristotle and Dante Discover the Secrets of the Universe,Age-appropriateness concerns; LGBTQ+ identity & sexuality,2,Age-appropriateness concerns
The Sleeping Prince,Age-appropriateness concerns; Violence & mature themes,2,Age-appropriateness concerns
And They Lived...,,0,Uncategorized
Harry Callahan: The Photographer at Work,,0,Uncategorized
True Notebooks: A Writer's Year at Juvenile Hall,Violence & mature themes,1,Violence & mature themes
"Blade of the Immortal Omnibus, Vol. 3",Violence & mature themes,1,Violence & mature themes
Boyfriends with Girlfriends,Age-appropriateness concerns; LGBTQ+ identity & sexuality,2,Age-appropriateness concerns
Rainbow Boys,Age-appropriateness concerns; LGBTQ+ identity & sexuality; Sexual or romantic content,3,Age-appropriateness concerns
Rainbow High,Age-appropriateness concerns; LGBTQ+ identity & sexuality; Sexual or romantic content,3,Age-appropriateness concerns
Rainbow Road,Age-appropriateness concerns; LGBTQ+ identity & sexuality,2,Age-appropriateness concerns
The God Box,Age-appropriateness concerns; LGBTQ+ identity & sexuality,2,Age-appropriateness concerns
We Are Not From Here,Age-appropriateness concerns; Race & systemic inequality,2,Age-appropriateness concerns
"High School of the Dead, Vol. 1",,0,Uncategorized
Persepolis 2: The Story of a Return,LGBTQ+ identity & sexuality; Violence & mature themes,2,LGBTQ+ identity & sexuality
The Essential Henri Matisse,,0,Uncategorized
The Essential Pablo Picasso,,0,Uncategorized
The Essential Vincent van Gogh,,0,Uncategorized
The Ancient Greeks,Age-appropriateness concerns,1,Age-appropriateness concerns
Queer Ducks (and Other Animals): The Natural World of Animal Sexuality,LGBTQ+ identity & sexuality; Sexual or romantic content,2,LGBTQ+ identity & sexuality
Sirens,Age-appropriateness concerns,1,Age-appropriateness concerns
Stealing Heaven,Age-appropriateness concerns,1,Age-appropriateness concerns
My Christian Faith,Age-appropriateness concerns; Religion & worldview,2,Age-appropriateness concerns
Snow Flower and the Secret Fan,,0,Uncategorized
Diamond and Dawn,Age-appropriateness concerns,1,Age-appropriateness concerns
Drag Teen,Age-appropriateness concerns,1,Age-appropriateness concerns
Quotations for Kids,,0,Uncategorized
Salt to the Sea,Age-appropriateness concerns; Violence & mature themes,2,Age-appropriateness concerns
Shakespeare's Hamlet: The Manga Edition,Violence & mature themes,1,Violence & mature themes
Zom-B: Gladiator,Age-appropriateness concerns,1,Age-appropriateness concerns
Beautiful Boy: A Father's Journey Through His Son's Addiction,Mental health & trauma,1,Mental health & trauma
Tweak: Growing up on Methamphetamines,Mental health & trauma,1,Mental health & trauma
"Healing Sexual Trauma Workbook: Somatic Skills to Help You Feel Safe in Your Body, Create Boundaries, and Live with Resilience",Mental health & trauma; Sexual or romantic content,2,Mental health & trauma
Shattered Warrior,,0,Uncategorized
The Promised Neverland,Age-appropriateness concerns; Violence & mature themes,2,Age-appropriateness concerns
Embrace,Age-appropriateness concerns; Sexual or romantic content,2,Age-appropriateness concerns
Lifeblood,Age-appropriateness concerns; Violence & mature themes,2,Age-appropriateness concerns
The Grimm Legacy,Age-appropriateness concerns,1,Age-appropriateness concerns
Challenger Deep,Age-appropriateness concerns,1,Age-appropriateness concerns
Infinity Son,Age-appropriateness concerns; LGBTQ+ identity & sexuality; Violence & mature themes,3,Age-appropriateness concerns
You Asked for Perfect,Age-appropriateness concerns; LGBTQ+ identity & sexuality; Mental health & trauma,3,Age-appropriateness concerns
Not Quite Narwhal,Age-appropriateness concerns,1,Age-appropriateness concerns
The Downside of Being Up,Age-appropriateness concerns,1,Age-appropriateness concerns
Ambush,,0,Uncategorized
Choke (SO),Mental health & trauma; Race & systemic inequality; Sexual or romantic content,3,Mental health & trauma
Pillage,,0,Uncategorized
"Bury the Dead: Tombs, Corpses, Mummies, Skeletons and Rituals",,0,Uncategorized
The Elephant in the Room,Age-appropriateness concerns; Race & systemic inequality,2,Age-appropriateness concerns
Home After Dark,Age-appropriateness concerns; LGBTQ+ identity & sexuality; Mental health & trauma; Race & systemic inequality; Violence & mature themes,5,Age-appropriateness concerns
A Thousand Acres,,0,Uncategorized
A Sense of the Infinite,Age-appropriateness concerns; Religion & worldview,2,Age-appropriateness concerns
The Gay Rights Movement,LGBTQ+ identity & sexuality; Sexual or romantic content,2,LGBTQ+ identity & sexuality
Field Notes on Love,Age-appropriateness concerns,1,Age-appropriateness concerns
The Golden Hour,Age-appropriateness concerns; Mental health & trauma; Violence & mature themes,3,Age-appropriateness concerns
An Introduction to Oil Painting,,0,Uncategorized
An Introduction to Watercolor,,0,Uncategorized
Peak,,0,Uncategorized
The Edge,Age-appropriateness concerns,1,Age-appropriateness concerns
Anatomy of a Boyfriend,Age-appropriateness concerns; Sexual or romantic content,2,Age-appropriateness concerns
Anatomy of a Single Girl,Age-appropriateness concerns; Sexual or romantic content,2,Age-appropriateness concerns
What My Mother Doesn't Know,Age-appropriateness concerns; Sexual or romantic content,2,Age-appropriateness concerns
Falling Over Sideways,Age-appropriateness concerns,1,Age-appropriateness concerns
Banned Book Club,Violence & mature themes,1,Violence & mature themes
My Riot,,0,Uncategorized
The Complete Maus: A Survivor's Tale,Mental health & trauma; Race & systemic inequality,2,Mental health & trauma
Noah's Ark (PS),Age-appropriateness concerns,1,Age-appropriateness concerns
"Love, Stargirl",Age-appropriateness concerns; Sexual or romantic content,2,Age-appropriateness concerns
Stargirl,Age-appropriateness concerns; Sexual or romantic content,2,Age-appropriateness concerns
The Essential Edward Hopper,,0,Uncategorized
The Duel: The Parallel Lives of Alexander Hamilton and Aaron Burr,Violence & mature themes,1,Violence & mature themes
Surveys,,0,Uncategorized
"Novels for Students, Vol. 9",,0,Uncategorized
Crossings,Violence & mature themes,1,Violence & mature themes
Daddy: A Novel,Age-appropriateness concerns,1,Age-appropriateness concerns
Fine Things,,0,Uncategorized
Jewels,Violence & mature themes,1,Violence & mature themes
Kaleidoscope,,0,Uncategorized
Special Delivery,,0,Uncategorized
Wanderlust,Sexual or romantic content; Violence & mature themes,2,Sexual or romantic content
Wings (DS),Age-appropriateness concerns; Race & systemic inequality,2,Age-appropriateness concerns
Winners,,0,Uncategorized
The Exact Opposite of Okay,Age-appropriateness concerns; Gender politics & feminism; Sexual or romantic content,3,Age-appropriateness concerns
Gay & Lesbian Youth,,0,Uncategorized
Shiver,Age-appropriateness concerns; Sexual or romantic content,2,Age-appropriateness concerns
Stiegliz on Photography: His Selected Essays and Notes,Sexual or romantic content; Violence & mature themes,2,Sexual or romantic content
A Child's First Bible,Age-appropriateness concerns,1,Age-appropriateness concerns
Dear Justyce,Age-appropriateness concerns; Violence & mature themes,2,Age-appropriateness concerns
Little Do We Know,Age-appropriateness concerns,1,Age-appropriateness concerns
David and Goliath (CS),Religion & worldview,1,Religion & worldview
The Sweetest Story: Bible for Toddlers,Age-appropriateness concerns,1,Age-appropriateness concerns
Wild: From Lost to Found on the Pacific Coast,,0,Uncategorized
"The Annotated Mona Lisa, Third Edition: A Crash Court in Art History from Prehistoric to the Present (Volume 3)",,0,Uncategorized
The Essential Johannes Vermeer,,0,Uncategorized
Jarhead: A Marine's Chronicle of the Gulf War and Other Battles,Mental health & trauma; Violence & mature themes,2,Mental health & trauma
The Children's Bible,,0,Uncategorized
A Reaper at the Gates,,0,Uncategorized
A Sky Beyond the Storm,Violence & mature themes,1,Violence & mature themes
A Torch Against the Night,Age-appropriateness concerns; Violence & mature themes,2,Age-appropriateness concerns
An Ember in the Ashes,Age-appropriateness concerns; Sexual or romantic content; Violence & mature themes,3,Age-appropriateness concerns
"Fruits Basket, Vol. 14",,0,Uncategorized
"Fruits Basket, Vol. 17",,0,Uncategorized
SuperMutant Magic Academy,,0,Uncategorized
The Melancholy of Haruhi Suzumiya,,0,Uncategorized
The Sigh of Haruhi Suzumiya,Age-appropriateness concerns; Violence & mature themes,2,Age-appropriateness concerns
Meow or Never,Age-appropriateness concerns,1,Age-appropriateness concerns
My First Bible in Pictures,Age-appropriateness concerns,1,Age-appropriateness concerns
Daughter of Smoke and Bone,Age-appropriateness concerns; Violence & mature themes,2,Age-appropriateness concerns
Days of Blood and Starlight,Age-appropriateness concerns; Sexual or romantic content; Violence & mature themes,3,Age-appropriateness concerns
Dreams of Gods and Monsters,Age-appropriateness concerns,1,Age-appropriateness concerns
Strange the Dreamer,Age-appropriateness concerns; Religion & worldview; Violence & mature themes,3,Age-appropriateness concerns
Man Ray: The Paris Years,,0,Uncategorized
"Roll of Thunder, Hear My Cry",Age-appropriateness concerns,1,Age-appropriateness concerns
Crime and Punishment: The Graphic Novel,Age-appropriateness concerns,1,Age-appropriateness concerns
Mission Trip Impossible,Age-appropriateness concerns,1,Age-appropriateness concerns
Transgender Activists and Celebrities,,0,Uncategorized
Transgender Rights: Striving for Equality,LGBTQ+ identity & sexuality,1,LGBTQ+ identity & sexuality
"Be Gay, Do Comics: Queer History, Memoir, and Satire",,0,Uncategorized
Concrete Rose,Age-appropriateness concerns; Violence & mature themes,2,Age-appropriateness concerns
God's Best Promises for Kids,Age-appropriateness concerns; Religion & worldview,2,Age-appropriateness concerns
It Feels Good To Be Yourself: A Book About Gender Identity,Age-appropriateness concerns; LGBTQ+ identity & sexuality,2,Age-appropriateness concerns
Dracula,Violence & mature themes,1,Violence & mature themes
Frankenstein,Age-appropriateness concerns,1,Age-appropriateness concerns
King Kong,,0,Uncategorized
Mad Scientists,Age-appropriateness concerns,1,Age-appropriateness concerns
The Blob,,0,Uncategorized
The Deadly Mantis,,0,Uncategorized
The Wolf Man,Age-appropriateness concerns,1,Age-appropriateness concerns
Strange Truth,Age-appropriateness concerns,1,Age-appropriateness concerns
"Black Butler, Vol. 29",,0,Uncategorized
The Fellowship of the Ring,,0,Uncategorized
The Hobbit,Age-appropriateness concerns,1,Age-appropriateness concerns
The Return of the King,,0,Uncategorized
The Two Towers,,0,Uncategorized
"Pox, Pus and Plague",Age-appropriateness concerns,1,Age-appropriateness concerns
Ancient Assyria,Age-appropriateness concerns,1,Age-appropriateness concerns
Bible Lands,Age-appropriateness concerns,1,Age-appropriateness concerns
Girls from Da Hood,Sexual or romantic content,1,Sexual or romantic content
Girls from Da Hood 2,,0,Uncategorized
Graphic Classics Volume 8: Mark Twain - 2nd Edition,Sexual or romantic content,1,Sexual or romantic content
The Adventures of Tom Sawyer (Sterling Illustrated Classics),Age-appropriateness concerns; Violence & mature themes,2,Age-appropriateness concerns
Hands-On Bible,,0,Uncategorized
#Hockey,,0,Uncategorized
The Bible,,0,Uncategorized
"Master Keaton, Vol. 1",,0,Uncategorized
"Master Keaton, Vol. 10",,0,Uncategorized
"Master Keaton, Vol. 2",,0,Uncategorized
"Master Keaton, Vol. 3",,0,Uncategorized
"Master Keaton, Vol. 4",,0,Uncategorized
"Master Keaton, Vol. 5",,0,Uncategorized
"Master Keaton, Vol. 6",,0,Uncategorized
"Master Keaton, Vol. 7",,0,Uncategorized
"Master Keaton, Vol. 8",,0,Uncategorized
"Master Keaton, Vol. 9",,0,Uncategorized
Grand Canyon: A Different View,Religion & worldview,1,Religion & worldview
Acceptance,Violence & mature themes,1,Violence & mature themes
Annihilation,Mental health & trauma; Violence & mature themes,2,Mental health & trauma
Authority,,0,Uncategorized
Best Friends for Never,Age-appropriateness concerns,1,Age-appropriateness concerns
Michelangelo (MV),,0,Uncategorized
"20,000 Leagues Under the Sea (Graphic Novel)",Age-appropriateness concerns,1,Age-appropriateness concerns
Last Man: The Royal Cup,Age-appropriateness concerns,1,Age-appropriateness concerns
Home for the Holidays,Age-appropriateness concerns,1,Age-appropriateness concerns
Dicey's Song,Age-appropriateness concerns,1,Age-appropriateness concerns
Homecoming (CV),Age-appropriateness concerns; LGBTQ+ identity & sexuality; Sexual or romantic content,3,Age-appropriateness concerns
Nobody Does It Better: A Gossip Girl Novel,Age-appropriateness concerns; Violence & mature themes,2,Age-appropriateness concerns
Breakfast of Champions,Race & systemic inequality; Sexual or romantic content; Violence & mature themes,3,Race & systemic inequality
Slaughterhouse-Five: The Graphic Novel,Violence & mature themes,1,Violence & mature themes
Skin,Age-appropriateness concerns; Sexual or romantic content,2,Age-appropriateness concerns
On Earth We're Briefly Gorgeous,LGBTQ+ identity & sexuality; Mental health & trauma; Violence & mature themes,3,LGBTQ+ identity & sexuality
Fantastic Four By Mark Waid and Mike Wieringo: Ultimate Collection - Book One (Fantastic Four 1998-2012),,0,Uncategorized
Written in Bone: Buried Lives of Jamestown and Colonial Maryland,Age-appropriateness concerns; Race & systemic inequality,2,Age-appropriateness concerns
Far from Normal,Age-appropriateness concerns,1,Age-appropriateness concerns
Countries in the News: Cuba,,0,Uncategorized
Mary's First Christmas,Age-appropriateness concerns,1,Age-appropriateness concerns
The Fire This Time: A New Generation Speaks About Race,Race & systemic inequality,1,Race & systemic inequality
Num8ers,,0,Uncategorized
Date Rape (At Issue),Violence & mature themes,1,Violence & mature themes
When Wilma Rudolph Played Basketball,Age-appropriateness concerns,1,Age-appropriateness concerns
Easy (TW),Age-appropriateness concerns,1,Age-appropriateness concerns
50 Women Artists You Should Know,Sexual or romantic content,1,Sexual or romantic content
Cheshire Crossing,Age-appropriateness concerns,1,Age-appropriateness concerns
Looking at Paintings,,0,Uncategorized
Irving Penn: A Career In Photography,,0,Uncategorized
Afterworlds,Age-appropriateness concerns,1,Age-appropriateness concerns
Surviving Antarctica: Reality TV 2083,Age-appropriateness concerns,1,Age-appropriateness concerns
And I Darken,Age-appropriateness concerns; Sexual or romantic content,2,Age-appropriateness concerns
Now I Rise,Age-appropriateness concerns,1,Age-appropriateness concerns
The Camelot Betrayal,Age-appropriateness concerns,1,Age-appropriateness concerns
Let's Chat About the Bible,,0,Uncategorized
You Don't Have to Be Everything: Poems for Girls Becoming Themselves,Age-appropriateness concerns,1,Age-appropriateness concerns
"Rat Queens, Vol. 1: Sass & Sorcery",Violence & mature themes,1,Violence & mature themes
"Rat Queens, Vol. 2: The Far Reaching Tentacles of N'Rygoth",,0,Uncategorized
"Rat Queens, Vol. 3: Demons",,0,Uncategorized
Teens and LGBT Issues,Gender politics & feminism; LGBTQ+ identity & sexuality; Religion & worldview,3,Gender politics & feminism
The Invisible War: A Tale on Two Scales,Age-appropriateness concerns,1,Age-appropriateness concerns
Exodus (BW),,0,Uncategorized
Joseph (BW),Religion & worldview,1,Religion & worldview
The Easter Story,,0,Uncategorized
"Myths, Legends and Sacred Stories: A Visual Encyclopedia",Age-appropriateness concerns,1,Age-appropriateness concerns
Noah's Ark (JW),Age-appropriateness concerns,1,Age-appropriateness concerns
African Art: An Introduction,,0,Uncategorized
A Sitting in St. James,Age-appropriateness concerns; Race & systemic inequality,2,Age-appropriateness concerns
A Child's Story of Christmas,Religion & worldview,1,Religion & worldview
Go with the Flow,Age-appropriateness concerns; Sexual or romantic content,2,Age-appropriateness concerns
Chaucer's Canterbury Tales,,0,Uncategorized
Joseph and His Magnificent Coat of Many Colors,Age-appropriateness concerns; Race & systemic inequality,2,Age-appropriateness concerns
Homosexuality: Opposing Viewpoints,Religion & worldview; Sexual or romantic content,2,Religion & worldview
"Reflections in Black: A History of Black Photographers, 1840 to the Present",,0,Uncategorized
Gilgamesh: A Graphic Novel,,0,Uncategorized
"Pedro and Me: Friendship, Loss, and What I Learned",Age-appropriateness concerns,1,Age-appropriateness concerns
Ida and Jake and the Scooter,,0,Uncategorized
Ida and Jake Do Not Like Babies!,,0,Uncategorized
Ida and Jake Hunt for Treasure!,,0,Uncategorized
Ida and Jake Save the Parade,,0,Uncategorized
Ida and Jake Versus Mister Plant,,0,Uncategorized
Ida and Jake's Game Night,,0,Uncategorized
"Hymns for a Kid's Heart, Vol. 1",Age-appropriateness concerns; Religion & worldview,2,Age-appropriateness concerns
Esther's Story,Age-appropriateness concerns,1,Age-appropriateness concerns
The Origami Artist's Bible,,0,Uncategorized
Black Road: The Holy North,Violence & mature themes,1,Violence & mature themes
Grandad's Camper,Age-appropriateness concerns,1,Age-appropriateness concerns
From the Notebooks of Melanin Sun,Age-appropriateness concerns; LGBTQ+ identity & sexuality,2,Age-appropriateness concerns
If You Come Softly,Age-appropriateness concerns; Race & systemic inequality; Sexual or romantic content,3,Age-appropriateness concerns
Mythology,Religion & worldview; Violence & mature themes,2,Religion & worldview
Native Son,Race & systemic inequality; Violence & mature themes,2,Race & systemic inequality
The Last Star,Age-appropriateness concerns,1,Age-appropriateness concerns
Front Desk,Age-appropriateness concerns; Race & systemic inequality,2,Age-appropriateness concerns
Private Label,Age-appropriateness concerns,1,Age-appropriateness concerns
The Prince of Egypt,Age-appropriateness concerns,1,Age-appropriateness concerns
Instructions for Dancing,Age-appropriateness concerns; Sexual or romantic content,2,Age-appropriateness concerns
"My Hero Academia: School Briefs, Vol. 2: Training Camp",Age-appropriateness concerns,1,Age-appropriateness concerns
"My Hero Academia: School Briefs, Vol. 4: Festival for All",Age-appropriateness concerns,1,Age-appropriateness concerns
"My Hero Academia: School Briefs, Vol. 5",Age-appropriateness concerns,1,Age-appropriateness concerns
Fable,Age-appropriateness concerns; Sexual or romantic content,2,Age-appropriateness concerns
"I Hate Fairyland, Vol. 1: Madly Ever After",,0,Uncategorized
The Epidemic,Age-appropriateness concerns; Mental health & trauma,2,Age-appropriateness concerns
The Program,Age-appropriateness concerns; Mental health & trauma; Sexual or romantic content; Violence & mature themes,4,Age-appropriateness concerns
The Remedy,Age-appropriateness concerns,1,Age-appropriateness concerns
The Treatment,Age-appropriateness concerns; Mental health & trauma; Sexual or romantic content; Violence & mature themes,4,Age-appropriateness concerns
A Rational Explanation,,0,Uncategorized
The Dirt on Mr. Claxton,,0,Uncategorized
Story of a Girl,Age-appropriateness concerns; Sexual or romantic content,2,Age-appropriateness concerns
God Sent a Rainbow and Other Bible Stories,Age-appropriateness concerns,1,Age-appropriateness concerns
Cezanne: Mont Sainte Victoire,,0,Uncategorized
Chagall: The Falling Angel,,0,Uncategorized
Dali: The Persistence of Memory,,0,Uncategorized
Degas: The Dance Class,,0,Uncategorized
Kandinsky: The First Abstract Watercolour Painting,,0,Uncategorized
Magritte: The Human Condition,,0,Uncategorized
Manet: Le dejeuner sur I'herbe,,0,Uncategorized
Matisse: LA Danse,,0,Uncategorized
Modigliani: Reclining Nude,,0,Uncategorized
Munch: The Scream,,0,Uncategorized
Rembrandt: Supper at Emmaus,,0,Uncategorized
Renoir: Moulin de la Galette,,0,Uncategorized
Rubens: Garden of Love,,0,Uncategorized
Toulouse-Lautrec: At the Moulin Rouge,,0,Uncategorized
Vermeer: The Astronomer,,0,Uncategorized
My Life as an Ice Cream Sandwich,Age-appropriateness concerns,1,Age-appropriateness concerns
Punching the Air,Age-appropriateness concerns,1,Age-appropriateness concerns
"Poisonous, Smelly, and Amazing Plants",,0,Uncategorized
Bosch: The Garden of Earthly Delights,,0,Uncategorized
How to Read Italian Renaissance Painting,,0,Uncategorized
Next Summer,Age-appropriateness concerns,1,Age-appropriateness concerns
Summer Girls,Age-appropriateness concerns,1,Age-appropriateness concerns
In the Belly of the Beast: Letters From Prison,Violence & mature themes,1,Violence & mature themes
The End of Everything,Age-appropriateness concerns; Violence & mature themes,2,Age-appropriateness concerns
The Summer of Owen Todd,Age-appropriateness concerns; Mental health & trauma,2,Age-appropriateness concerns
Does My Head Look Big in This?,Age-appropriateness concerns; Religion & worldview,2,Age-appropriateness concerns
Dr. Jekyll and Mr. Hyde,Mental health & trauma; Violence & mature themes,2,Mental health & trauma
The Pool Was Empty,Age-appropriateness concerns; Violence & mature themes,2,Age-appropriateness concerns
Gender Identity (AA),Age-appropriateness concerns; LGBTQ+ identity & sexuality,2,Age-appropriateness concerns
Bullet Point,Age-appropriateness concerns,1,Age-appropriateness concerns
Hate Crimes in America,Age-appropriateness concerns,1,Age-appropriateness concerns
Crazy Love,Age-appropriateness concerns; Sexual or romantic content,2,Age-appropriateness concerns
With the Fire on High,Age-appropriateness concerns,1,Age-appropriateness concerns
The Closest I've Come,Age-appropriateness concerns,1,Age-appropriateness concerns
"How I Paid for College: A Novel of Sex, Theft, Friendship and Musical Theater",,0,Uncategorized
Things You Shouldn't Say Past Midnight: A Comedy in Three Beds,Sexual or romantic content; Violence & mature themes,2,Sexual or romantic content
"Life, the Universe and Everything",Violence & mature themes,1,Violence & mature themes
Mostly Harmless,,0,Uncategorized
So Long and Thanks for All the Fish,,0,Uncategorized
The Hitchhiker's Guide to the Galaxy,,0,Uncategorized
The Restaurant at the End of the Universe,,0,Uncategorized
Tales From Watership Down,Age-appropriateness concerns,1,Age-appropriateness concerns
"Sparks: The epic, Completely True Blue, (Almost) Holy Quest of Debbie",Age-appropriateness concerns,1,Age-appropriateness concerns
Children of Blood and Bone,Age-appropriateness concerns; Religion & worldview; Sexual or romantic content; Violence & mature themes,4,Age-appropriateness concerns
Children of Virtue and Vengeance,Age-appropriateness concerns; Mental health & trauma; Violence & mature themes,3,Age-appropriateness concerns
His Hideous Heart: Thirteen of Edgar Allan Poe's Most Unsettling Tales Reimagined,,0,Uncategorized
A Picture Book of Anne Frank,Age-appropriateness concerns; Race & systemic inequality,2,Age-appropriateness concerns
Names Will Never Hurt Me,Age-appropriateness concerns; Mental health & trauma; Race & systemic inequality,3,Age-appropriateness concerns
The Death of Jayson Porter,Age-appropriateness concerns; Mental health & trauma; Race & systemic inequality,3,Age-appropriateness concerns
Ghost House,Age-appropriateness concerns,1,Age-appropriateness concerns
Hades,Age-appropriateness concerns; Sexual or romantic content,2,Age-appropriateness concerns
Halo,Age-appropriateness concerns,1,Age-appropriateness concerns
Heaven,Age-appropriateness concerns,1,Age-appropriateness concerns
Prometheus Bound,,0,Uncategorized
Flame in the Mist,Age-appropriateness concerns; Sexual or romantic content; Violence & mature themes,3,Age-appropriateness concerns
Smoke in the Sun,Age-appropriateness concerns,1,Age-appropriateness concerns
The Rose and the Dagger,Age-appropriateness concerns,1,Age-appropriateness concerns
The Wrath and The Dawn,Age-appropriateness concerns; Sexual or romantic content,2,Age-appropriateness concerns
Girl Gone Viral,Age-appropriateness concerns; Violence & mature themes,2,Age-appropriateness concerns
A Cave in the Clouds: A Young Woman's Escape from Isis,Race & systemic inequality; Violence & mature themes,2,Race & systemic inequality
Internment,Age-appropriateness concerns,1,Age-appropriateness concerns
"Mad, Bad and Dangerous to Know",Age-appropriateness concerns,1,Age-appropriateness concerns
Sing No Evil,Violence & mature themes,1,Violence & mature themes
Changes: A Love Story,Gender politics & feminism; Sexual or romantic content; Violence & mature themes,3,Gender politics & feminism
River of Darkness,Sexual or romantic content; Violence & mature themes,2,Sexual or romantic content
Say You're One of Them,Violence & mature themes,1,Violence & mature themes
Seven Deadly Shadows,Age-appropriateness concerns; Mental health & trauma,2,Age-appropriateness concerns
Shutter,Age-appropriateness concerns,1,Age-appropriateness concerns
The Hazel Wood: a novel,Age-appropriateness concerns,1,Age-appropriateness concerns
What If It's Us,Age-appropriateness concerns; LGBTQ+ identity & sexuality; Sexual or romantic content,3,Age-appropriateness concerns
Yes No Maybe So,Age-appropriateness concerns; Sexual or romantic content,2,Age-appropriateness concerns
Altered,Age-appropriateness concerns,1,Age-appropriateness concerns
Crewel,Age-appropriateness concerns,1,Age-appropriateness concerns
Unraveled,Age-appropriateness concerns; Sexual or romantic content; Violence & mature themes,3,Age-appropriateness concerns
Sofi Mendoza's Guide to Getting Lost in Mexico,Age-appropriateness concerns; Race & systemic inequality; Sexual or romantic content,3,Age-appropriateness concerns
As Dead As It Gets,Age-appropriateness concerns,1,Age-appropriateness concerns
Bad Girls Don't Die,Age-appropriateness concerns; Violence & mature themes,2,Age-appropriateness concerns
From Bad to Cursed,Age-appropriateness concerns,1,Age-appropriateness concerns
Gift of the Unmage,Age-appropriateness concerns,1,Age-appropriateness concerns
Catherine the Great: Life and Legend,,0,Uncategorized
Flying Lessons and Other Stories,Age-appropriateness concerns,1,Age-appropriateness concerns
"He Said, She Said",Age-appropriateness concerns,1,Age-appropriateness concerns
Solo,Age-appropriateness concerns; Mental health & trauma,2,Age-appropriateness concerns
Swing,Age-appropriateness concerns; Race & systemic inequality,2,Age-appropriateness concerns
Reservation Blues,Race & systemic inequality,1,Race & systemic inequality
The Gods and Goddesses of Olympus,Age-appropriateness concerns,1,Age-appropriateness concerns
Tales of Mystery and Imagination,,0,Uncategorized
Titans and Olympians: Greek and Roman Myth,,0,Uncategorized
Triumph of the hero: Greek and Roman Myth,Religion & worldview,1,Religion & worldview
The Line Tender,Age-appropriateness concerns,1,Age-appropriateness concerns
17 First Kisses,Age-appropriateness concerns; Sexual or romantic content,2,Age-appropriateness concerns
A Taxonomy of Love,Age-appropriateness concerns,1,Age-appropriateness concerns
Harley Quinn: Reckoning,Age-appropriateness concerns,1,Age-appropriateness concerns
In the Midst of Winter,Race & systemic inequality; Sexual or romantic content,2,Race & systemic inequality
Zorro,,0,Uncategorized
Bastard out of Carolina,Age-appropriateness concerns; LGBTQ+ identity & sexuality; Violence & mature themes,3,Age-appropriateness concerns
Counting Stars,Age-appropriateness concerns,1,Age-appropriateness concerns
The Tightrope Walkers,Age-appropriateness concerns; Mental health & trauma; Violence & mature themes,3,Age-appropriateness concerns
Counterfeit Son,Age-appropriateness concerns; Mental health & trauma; Violence & mature themes,3,Age-appropriateness concerns
Canary,Age-appropriateness concerns; Mental health & trauma; Violence & mature themes,3,Age-appropriateness concerns
Never Always Sometimes,Age-appropriateness concerns,1,Age-appropriateness concerns
Primal Waters,Violence & mature themes,1,Violence & mature themes
Resurrection,Sexual or romantic content; Violence & mature themes,2,Sexual or romantic content
The Loch,Violence & mature themes,1,Violence & mature themes
How the Garcia Girls Lost Their Accents,Race & systemic inequality,1,Race & systemic inequality
In the Time of the Butterflies,,0,Uncategorized
Because You Love to Hate Me: 13 Tales of Villainy,,0,Uncategorized
The Usborne first thousand words in Spanish : with easy pronunciation guide,,0,Uncategorized
The Blood of Flowers,Sexual or romantic content,1,Sexual or romantic content
Murder of Crows,Age-appropriateness concerns; LGBTQ+ identity & sexuality; Violence & mature themes,3,Age-appropriateness concerns
All the Birds in the Sky,,0,Uncategorized
Baroque and Rococo art,,0,Uncategorized
Midnight at the Electric,Age-appropriateness concerns; Violence & mature themes,2,Age-appropriateness concerns
Peaches,Age-appropriateness concerns,1,Age-appropriateness concerns
The Vanishing Season,Age-appropriateness concerns; Sexual or romantic content; Violence & mature themes,3,Age-appropriateness concerns
Catalyst,Age-appropriateness concerns,1,Age-appropriateness concerns
Chains,Age-appropriateness concerns; Religion & worldview,2,Age-appropriateness concerns
Prom,Age-appropriateness concerns; Sexual or romantic content,2,Age-appropriateness concerns
The Impossible Knife of Memory,Age-appropriateness concerns; Mental health & trauma; Sexual or romantic content,3,Age-appropriateness concerns
"The Astonishing Life of Octavian Nothing, Traitor to the Nation, Volume I: The Pox Party",Age-appropriateness concerns,1,Age-appropriateness concerns
Thirsty,Age-appropriateness concerns,1,Age-appropriateness concerns
"The Astonishing Life of Octavian Nothing, Traitor to the Nation, Volume II: The Kingdom on the Waves",Age-appropriateness concerns; Violence & mature themes,2,Age-appropriateness concerns
Let's Go Swimming on Doomsday,Age-appropriateness concerns; Mental health & trauma; Violence & mature themes,3,Age-appropriateness concerns
Quicksilver,Age-appropriateness concerns; LGBTQ+ identity & sexuality,2,Age-appropriateness concerns
Ultraviolet,Age-appropriateness concerns; Sexual or romantic content; Violence & mature themes,3,Age-appropriateness concerns
Munmun,Age-appropriateness concerns; Violence & mature themes,2,Age-appropriateness concerns
Un final para Rachel,Age-appropriateness concerns,1,Age-appropriateness concerns
Garden of Shadows,Age-appropriateness concerns; Sexual or romantic content; Violence & mature themes,3,Age-appropriateness concerns
Petals on the Wind,Age-appropriateness concerns; Sexual or romantic content; Violence & mature themes,3,Age-appropriateness concerns
If There Be Thorns,Age-appropriateness concerns; Sexual or romantic content; Violence & mature themes,3,Age-appropriateness concerns
Gather Together in My Name,Violence & mature themes,1,Violence & mature themes
I Know Why the Caged Bird Sings,Gender politics & feminism,1,Gender politics & feminism
Now Sheba Sings the Song,Race & systemic inequality,1,Race & systemic inequality
Singin' and Swingin' and Gettin' Merry Like Christmas,Mental health & trauma; Race & systemic inequality,2,Mental health & trauma
The Heart of a Woman,Race & systemic inequality; Sexual or romantic content,2,Race & systemic inequality
A Different Season,,0,Uncategorized
"Annie's Baby: The Diary of Anonymous, a Pregnant Teenager",,0,Uncategorized
Being You,,0,Uncategorized
Feminism,,0,Uncategorized
Lucy in the Sky,,0,Uncategorized
The Bible Book,Religion & worldview,1,Religion & worldview
The Book of David,Age-appropriateness concerns,1,Age-appropriateness concerns
And Eternity,,0,Uncategorized
Castle Roogna,,0,Uncategorized
On A Pale Horse,Religion & worldview; Violence & mature themes,2,Religion & worldview
Keeper,Age-appropriateness concerns,1,Age-appropriateness concerns
Manga Shakespeare: A Midsummer Night's Dream,Sexual or romantic content,1,Sexual or romantic content
The One and Only Bob,Age-appropriateness concerns,1,Age-appropriateness concerns
The One and Only Ivan,Age-appropriateness concerns,1,Age-appropriateness concerns
"Fullmetal Alchemist (Series, Title Not Specified)",,0,Uncategorized
Sons of Fortune,Violence & mature themes,1,Violence & mature themes
Crazy Messy Beautiful,Age-appropriateness concerns,1,Age-appropriateness concerns
Four Plays by Aristophanes: The Birds; The Clouds; The Frogs; Lysistrata,Violence & mature themes,1,Violence & mature themes
Almost Flying,Age-appropriateness concerns; LGBTQ+ identity & sexuality; Sexual or romantic content,3,Age-appropriateness concerns
American Roommate Experiment,Sexual or romantic content,1,Sexual or romantic content
Spanish Love Deception,Sexual or romantic content,1,Sexual or romantic content
The Spanish Love Deception,,0,Uncategorized
A Shadow in the Ember,Age-appropriateness concerns,1,Age-appropriateness concerns
Cursed (JLA),Age-appropriateness concerns; Sexual or romantic content,2,Age-appropriateness concerns
Don't Look Back,Age-appropriateness concerns; Sexual or romantic content; Violence & mature themes,3,Age-appropriateness concerns
If There's No Tomorrow,Age-appropriateness concerns,1,Age-appropriateness concerns
Oblivion,Age-appropriateness concerns; Violence & mature themes,2,Age-appropriateness concerns
Opposition,Age-appropriateness concerns; Sexual or romantic content,2,Age-appropriateness concerns
Origin,Age-appropriateness concerns,1,Age-appropriateness concerns
Shadows,Age-appropriateness concerns; Sexual or romantic content,2,Age-appropriateness concerns
White Hot Kiss,Age-appropriateness concerns; Sexual or romantic content; Violence & mature themes,3,Age-appropriateness concerns
Nightbirds,Age-appropriateness concerns; LGBTQ+ identity & sexuality; Religion & worldview,3,Age-appropriateness concerns
Aftermath,Age-appropriateness concerns; Sexual or romantic content; Violence & mature themes,3,Age-appropriateness concerns
City of the Lost: A Rockton Novel,Violence & mature themes,1,Violence & mature themes
Sea of Shadows,Age-appropriateness concerns; Religion & worldview; Sexual or romantic content,3,Age-appropriateness concerns
The Awakening (KA),Age-appropriateness concerns; Religion & worldview; Sexual or romantic content,3,Age-appropriateness concerns
The Gathering (KA),,0,Uncategorized
The Masked Truth,Age-appropriateness concerns; Violence & mature themes,2,Age-appropriateness concerns
The Reckoning,Age-appropriateness concerns; Religion & worldview; Sexual or romantic content,3,Age-appropriateness concerns
Mosquitoland,Age-appropriateness concerns; Mental health & trauma,2,Age-appropriateness concerns
The Electric Kingdom,Age-appropriateness concerns; Violence & mature themes,2,Age-appropriateness concerns
Witch-Hunt: Mysteries of the Salem Witch Trials,,0,Uncategorized
All the Pretty Things,Age-appropriateness concerns; Violence & mature themes,2,Age-appropriateness concerns
Goodnight Punpun,,0,Uncategorized
It's Bigger Than Hip Hop: The Rise of the Post-Hip-Hop Generation,,0,Uncategorized
If They Come for Us: Poems,Gender politics & feminism; LGBTQ+ identity & sexuality; Race & systemic inequality; Violence & mature themes,4,Gender politics & feminism
Future of Us,Age-appropriateness concerns,1,Age-appropriateness concerns
"World Trigger (Series, Title Not Specified)",,0,Uncategorized
The Words in my Hands,Age-appropriateness concerns,1,Age-appropriateness concerns
Lightlark,Age-appropriateness concerns; Religion & worldview; Sexual or romantic content; Violence & mature themes,4,Age-appropriateness concerns
Somewhere Towards the End,Gender politics & feminism,1,Gender politics & feminism
Alias Grace,,0,Uncategorized
Hag-Seed: William Shakespeare's The Tempest Retold,,0,Uncategorized
MaddAddam,,0,Uncategorized
The Blind Assassin,Violence & mature themes,1,Violence & mature themes
The Clan of the Cave Bear,,0,Uncategorized
Chasing Shadows,Age-appropriateness concerns; Sexual or romantic content; Violence & mature themes,3,Age-appropriateness concerns
The Memory Book,Age-appropriateness concerns,1,Age-appropriateness concerns
Broken Throne: A Red Queen Collection,Violence & mature themes,1,Violence & mature themes
Cruel Crown,Age-appropriateness concerns,1,Age-appropriateness concerns
Glass Sword,Age-appropriateness concerns; Religion & worldview; Sexual or romantic content; Violence & mature themes,4,Age-appropriateness concerns
Red Queen,Age-appropriateness concerns; Religion & worldview; Sexual or romantic content; Violence & mature themes,4,Age-appropriateness concerns
The Tale of John Barleycorn: Or From Barley to Beer,Age-appropriateness concerns,1,Age-appropriateness concerns
Drowned Cities,Age-appropriateness concerns; Violence & mature themes,2,Age-appropriateness concerns
Ship Breaker,Age-appropriateness concerns; Violence & mature themes,2,Age-appropriateness concerns
The Doubt Factory,Age-appropriateness concerns; Sexual or romantic content; Violence & mature themes,3,Age-appropriateness concerns
Forgotten Fire,Age-appropriateness concerns; Violence & mature themes,2,Age-appropriateness concerns
Obie is Man Enough,Age-appropriateness concerns; LGBTQ+ identity & sexuality; Mental health & trauma,3,Age-appropriateness concerns
Cheever: A Life,,0,Uncategorized
Teen Hyde,Age-appropriateness concerns; Mental health & trauma; Violence & mature themes,3,Age-appropriateness concerns
If You Find This,Age-appropriateness concerns; Mental health & trauma,2,Age-appropriateness concerns
The Other Half of Happy,,0,Uncategorized
First Family,Violence & mature themes,1,Violence & mature themes
Saving Faith,,0,Uncategorized
The Innocent,Violence & mature themes,1,Violence & mature themes
The Whole Truth,Violence & mature themes,1,Violence & mature themes
Zero Day,Violence & mature themes,1,Violence & mature themes
Everything You Need to Know About Bisexuality,Age-appropriateness concerns; LGBTQ+ identity & sexuality,2,Age-appropriateness concerns
Go Tell It on the Mountain,Race & systemic inequality; Religion & worldview; Sexual or romantic content,3,Race & systemic inequality
The Last Kid Left,Violence & mature themes,1,Violence & mature themes
The Complete Book of Dreams and Dreaming,,0,Uncategorized
What I Lost,Age-appropriateness concerns,1,Age-appropriateness concerns
"Gorilla, My Love",,0,Uncategorized
Of Poseidon,Age-appropriateness concerns; Sexual or romantic content,2,Age-appropriateness concerns
The Book of Fred,,0,Uncategorized
Crooked Kingdom: A Sequel to Six of Crows,Age-appropriateness concerns; LGBTQ+ identity & sexuality; Mental health & trauma; Religion & worldview; Sexual or romantic content; Violence & mature themes,6,Age-appropriateness concerns
King of Scars,Age-appropriateness concerns; Religion & worldview; Sexual or romantic content; Violence & mature themes,4,Age-appropriateness concerns
Ruin and Rising,Age-appropriateness concerns; Religion & worldview; Sexual or romantic content,3,Age-appropriateness concerns
Shadow and Bone,Age-appropriateness concerns; Religion & worldview; Sexual or romantic content; Violence & mature themes,4,Age-appropriateness concerns
Siege and Storm,Age-appropriateness concerns; Religion & worldview; Sexual or romantic content,3,Age-appropriateness concerns
Six of Crows,Age-appropriateness concerns; LGBTQ+ identity & sexuality; Sexual or romantic content; Violence & mature themes,4,Age-appropriateness concerns
The Language of Thorns: Midnight Tales and Dangerous Magic,Age-appropriateness concerns,1,Age-appropriateness concerns
Wonder Woman: Warbringer,Age-appropriateness concerns; Violence & mature themes,2,Age-appropriateness concerns
Taliban Shuffle: Strange Days in Afghanistan and Pakistan,Violence & mature themes,1,Violence & mature themes
The House of One Thousand Eyes,Age-appropriateness concerns; Mental health & trauma,2,Age-appropriateness concerns
The Hawthorne Legacy,Age-appropriateness concerns; Violence & mature themes,2,Age-appropriateness concerns
The Inheritance Games,Age-appropriateness concerns; Violence & mature themes,2,Age-appropriateness concerns
Tales of the Madman Underground,Age-appropriateness concerns,1,Age-appropriateness concerns
"Hi, Jack!",Age-appropriateness concerns,1,Age-appropriateness concerns
The Girl Who Drank the Moon,Age-appropriateness concerns; Religion & worldview; Violence & mature themes,3,Age-appropriateness concerns
Two-Way Street,Age-appropriateness concerns; Sexual or romantic content,2,Age-appropriateness concerns
The Truth and Lies of Ella Black,Age-appropriateness concerns,1,Age-appropriateness concerns
Kingdom of Souls,Age-appropriateness concerns,1,Age-appropriateness concerns
Maya and the Rising Dark,Age-appropriateness concerns,1,Age-appropriateness concerns
Troublemakers,Age-appropriateness concerns; LGBTQ+ identity & sexuality,2,Age-appropriateness concerns
Words and Their Meanings,Age-appropriateness concerns; Mental health & trauma; Sexual or romantic content,3,Age-appropriateness concerns
The Burning,Age-appropriateness concerns; Mental health & trauma,2,Age-appropriateness concerns
"Harley, Like a Person",Age-appropriateness concerns,1,Age-appropriateness concerns
A Psalm for Lost Girls,Age-appropriateness concerns; Violence & mature themes,2,Age-appropriateness concerns
My Dear Henry: A Jekyll and Hyde Remix,Age-appropriateness concerns; LGBTQ+ identity & sexuality,2,Age-appropriateness concerns
The Vanquishers,Age-appropriateness concerns; Violence & mature themes,2,Age-appropriateness concerns
This Poison Heart,Age-appropriateness concerns,1,Age-appropriateness concerns
A Long Way Gone: Memoirs of a Boy Soldier,Violence & mature themes,1,Violence & mature themes
"March Forward, Girl",Age-appropriateness concerns; Race & systemic inequality,2,Age-appropriateness concerns
I Am J,Age-appropriateness concerns; LGBTQ+ identity & sexuality,2,Age-appropriateness concerns
The Ship We Built,Age-appropriateness concerns; LGBTQ+ identity & sexuality,2,Age-appropriateness concerns
Serafina and the Black Cloak,Age-appropriateness concerns,1,Age-appropriateness concerns
"Aaron Slater, Illustrator",Age-appropriateness concerns,1,Age-appropriateness concerns
"Sofia Valdez, Future Prez",Age-appropriateness concerns,1,Age-appropriateness concerns
Wise Young Fool,Age-appropriateness concerns,1,Age-appropriateness concerns
Flip,Age-appropriateness concerns,1,Age-appropriateness concerns
Critical Perspectives on Sexual Harassment and Gender Violence,,0,Uncategorized
Hawke,Violence & mature themes,1,Violence & mature themes
Herzog,,0,Uncategorized
Jaws,Violence & mature themes,1,Violence & mature themes
The Color Master,Sexual or romantic content,1,Sexual or romantic content
The Seven Rays,Age-appropriateness concerns,1,Age-appropriateness concerns
Glimpse: A YA Paranormal Romance,Age-appropriateness concerns; Sexual or romantic content,2,Age-appropriateness concerns
City of Thieves (DB),Sexual or romantic content; Violence & mature themes,2,Sexual or romantic content
The Thing About Jellyfish,Age-appropriateness concerns,1,Age-appropriateness concerns
Rival,Age-appropriateness concerns; Sexual or romantic content,2,Age-appropriateness concerns
The History Boys: A Play,LGBTQ+ identity & sexuality; Sexual or romantic content,2,LGBTQ+ identity & sexuality
Plunking Reggie Jackson,Violence & mature themes,1,Violence & mature themes
"Alex, Approximately",Age-appropriateness concerns,1,Age-appropriateness concerns
Chasing Lucky,Age-appropriateness concerns,1,Age-appropriateness concerns
Starry Eyes,Age-appropriateness concerns,1,Age-appropriateness concerns
Everything You Need to Know About Birth Control,Age-appropriateness concerns,1,Age-appropriateness concerns
Dumbness is a Dish Best Served Cold,Age-appropriateness concerns,1,Age-appropriateness concerns
Also Known As,Age-appropriateness concerns; Sexual or romantic content,2,Age-appropriateness concerns
"Audrey, Wait!",Age-appropriateness concerns,1,Age-appropriateness concerns
Emmy and Oliver,Age-appropriateness concerns,1,Age-appropriateness concerns
Mr. Darcy Takes a Wife: A Deliciously Steamy Historical Romance that Starts After the Wedding Night,,0,Uncategorized
Midnight in the Garden of Good and Evil,LGBTQ+ identity & sexuality; Violence & mature themes,2,LGBTQ+ identity & sexuality
Best in Show,Violence & mature themes,1,Violence & mature themes
The Dark Days of Hamburger Halpin,Age-appropriateness concerns; Violence & mature themes,2,Age-appropriateness concerns
Sexual Violence,,0,Uncategorized
"My Family, Your Family, Our Family",,0,Uncategorized
Dark Eye,Violence & mature themes,1,Violence & mature themes
The Seamstress: A Memoir of Survival,Race & systemic inequality,1,Race & systemic inequality
All the Truth That's In Me,Age-appropriateness concerns; Sexual or romantic content; Violence & mature themes,3,Age-appropriateness concerns
Lovely War,Age-appropriateness concerns; Mental health & trauma; Sexual or romantic content; Violence & mature themes,4,Age-appropriateness concerns
Chance Fortune and the Outlaws,Age-appropriateness concerns,1,Age-appropriateness concerns
"One Nation Under Taught: Solving America's Science, Technology, Engineering and Math Crisis",,0,Uncategorized
A Girl Like That,Age-appropriateness concerns,1,Age-appropriateness concerns
Drowning Instinct,Age-appropriateness concerns,1,Age-appropriateness concerns
Monsters,Age-appropriateness concerns; Violence & mature themes,2,Age-appropriateness concerns
White Space,Age-appropriateness concerns,1,Age-appropriateness concerns
"Drumroll, Please",,0,Uncategorized
A High Five for Glenn Burke,Age-appropriateness concerns; LGBTQ+ identity & sexuality,2,Age-appropriateness concerns
"Classical Myth: A Treasury of Greek and Roman Legends, Art, and History",,0,Uncategorized
Attack of the Mutant Underwear,Age-appropriateness concerns,1,Age-appropriateness concerns
Cold Day in the Sun,Age-appropriateness concerns; Sexual or romantic content,2,Age-appropriateness concerns
Pablo,,0,Uncategorized
"Friday Night Lights: A Town, A Team, and a Dream",Violence & mature themes,1,Violence & mature themes
"Friday Night Lights: A Town, a Team, and a Dream",Violence & mature themes,1,Violence & mature themes
Bonus Tracks,,0,Uncategorized
Coldest Girl in Coldtown,Age-appropriateness concerns,1,Age-appropriateness concerns
Doll Bones,Age-appropriateness concerns; Violence & mature themes,2,Age-appropriateness concerns
Geektastic: Stories from the Nerd Herd,Age-appropriateness concerns,1,Age-appropriateness concerns
How the Prince of Elfhame Learned to Hate Stories,Age-appropriateness concerns,1,Age-appropriateness concerns
Kin,Age-appropriateness concerns; Violence & mature themes,2,Age-appropriateness concerns
Red Glove,Age-appropriateness concerns,1,Age-appropriateness concerns
The Cruel Prince,Age-appropriateness concerns; Religion & worldview; Sexual or romantic content; Violence & mature themes,4,Age-appropriateness concerns
The Darkest Part of the Forest,Age-appropriateness concerns; LGBTQ+ identity & sexuality; Sexual or romantic content; Violence & mature themes,4,Age-appropriateness concerns
The Queen of Nothing,Age-appropriateness concerns; Sexual or romantic content; Violence & mature themes,3,Age-appropriateness concerns
The Stolen Heir,Age-appropriateness concerns; Sexual or romantic content,2,Age-appropriateness concerns
The Wicked King,Age-appropriateness concerns; Sexual or romantic content,2,Age-appropriateness concerns
Tithe,Age-appropriateness concerns; Sexual or romantic content,2,Age-appropriateness concerns
Valiant,Age-appropriateness concerns; Sexual or romantic content,2,Age-appropriateness concerns
White Cat,Age-appropriateness concerns; Religion & worldview; Violence & mature themes,3,Age-appropriateness concerns
Noughts and Crosses,Age-appropriateness concerns; Violence & mature themes,2,Age-appropriateness concerns
Night Blood,Age-appropriateness concerns; Violence & mature themes,2,Age-appropriateness concerns
Antisocial,Age-appropriateness concerns; Mental health & trauma; Sexual or romantic content; Violence & mature themes,4,Age-appropriateness concerns
Five Dark Fates,Age-appropriateness concerns; Religion & worldview; Sexual or romantic content,3,Age-appropriateness concerns
One Dark Throne,Age-appropriateness concerns; Religion & worldview; Sexual or romantic content,3,Age-appropriateness concerns
Queens of Fennbirn,Age-appropriateness concerns,1,Age-appropriateness concerns
Three Dark Crowns,Age-appropriateness concerns,1,Age-appropriateness concerns
Two Dark Reigns,Age-appropriateness concerns; Violence & mature themes,2,Age-appropriateness concerns
Pretty Lies: A Contemporary YA Romance,,0,Uncategorized
Ugly Truths,,0,Uncategorized
Echo,Age-appropriateness concerns,1,Age-appropriateness concerns
Goat Girls: Two Weetzie Bat Books,Age-appropriateness concerns; Religion & worldview; Sexual or romantic content,3,Age-appropriateness concerns
I Was a Teenage Fairy,Age-appropriateness concerns; Sexual or romantic content,2,Age-appropriateness concerns
Necklace of Kisses,,0,Uncategorized
Pretty Dead,Age-appropriateness concerns; Sexual or romantic content,2,Age-appropriateness concerns
Psyche in a Dress,Age-appropriateness concerns; Sexual or romantic content,2,Age-appropriateness concerns
Teen Spirit,Age-appropriateness concerns; Sexual or romantic content,2,Age-appropriateness concerns
The Rose and The Beast: Fairy Tales Retold,Age-appropriateness concerns,1,Age-appropriateness concerns
Weetzie Bat,Age-appropriateness concerns,1,Age-appropriateness concerns
Khaled Hosseini's The Kite Runner,,0,Uncategorized
Tangerine,Age-appropriateness concerns,1,Age-appropriateness concerns
Sex on the Brain: The Biological Differences Between Men and Women,Gender politics & feminism; Sexual or romantic content,2,Gender politics & feminism
Those Who Save Us,Race & systemic inequality; Violence & mature themes,2,Race & systemic inequality
"Are You There God? It's Me, Margaret",Age-appropriateness concerns,1,Age-appropriateness concerns
Forever…,,0,Uncategorized
Summer Sisters,Age-appropriateness concerns; Sexual or romantic content,2,Age-appropriateness concerns
Let Me Play: The Story of Title IX: The Law That Changed the Future of Girls in America,Age-appropriateness concerns; Race & systemic inequality,2,Age-appropriateness concerns
Strings Attached,Age-appropriateness concerns,1,Age-appropriateness concerns
What I Saw and How I Lied,Age-appropriateness concerns; Sexual or romantic content; Violence & mature themes,3,Age-appropriateness concerns
Revenge of a Not-So-Pretty Girl,Age-appropriateness concerns; Mental health & trauma; Race & systemic inequality,3,Age-appropriateness concerns
The Voices of Rape,Violence & mature themes,1,Violence & mature themes
An Assassin's Guide to Love and Treason,Age-appropriateness concerns; LGBTQ+ identity & sexuality; Sexual or romantic content; Violence & mature themes,4,Age-appropriateness concerns
Midwives,,0,Uncategorized
Inventing Victoria,Age-appropriateness concerns; Race & systemic inequality; Sexual or romantic content,3,Age-appropriateness concerns
Portraits of African-American Heroes,Age-appropriateness concerns; Race & systemic inequality,2,Age-appropriateness concerns
Ripley's Believe it or Not! 100 Years,,0,Uncategorized
Ripley's Believe It Or Not! A Century of Strange!,,0,Uncategorized
"The Whistleblower: Sex Trafficking, Military Contractors, and One Woman's Fight for Justice",,0,Uncategorized
Bound by Honor: A Mafioso's Story,LGBTQ+ identity & sexuality; Violence & mature themes,2,LGBTQ+ identity & sexuality
A Quick and Easy Guide to They/Them Pronouns,Age-appropriateness concerns; LGBTQ+ identity & sexuality,2,Age-appropriateness concerns
Darkthaw,Age-appropriateness concerns; Sexual or romantic content; Violence & mature themes,3,Age-appropriateness concerns
Winterkill,Age-appropriateness concerns,1,Age-appropriateness concerns
Achilles,Age-appropriateness concerns; Violence & mature themes,2,Age-appropriateness concerns
Bronxwood,Age-appropriateness concerns; Race & systemic inequality,2,Age-appropriateness concerns
Caprice,Age-appropriateness concerns; Mental health & trauma,2,Age-appropriateness concerns
Kendra,Age-appropriateness concerns,1,Age-appropriateness concerns
Tyrell,Age-appropriateness concerns,1,Age-appropriateness concerns
The Need to Know Library: Everything You Need to Know About Sexual Harassment,Sexual or romantic content,1,Sexual or romantic content
Firekeeper's Daughter,Age-appropriateness concerns; Mental health & trauma; Violence & mature themes,3,Age-appropriateness concerns
The Scorpion Rules,Age-appropriateness concerns; LGBTQ+ identity & sexuality; Sexual or romantic content; Violence & mature themes,4,Age-appropriateness concerns
Insignificant Events In The Life Of A Cactus,Age-appropriateness concerns,1,Age-appropriateness concerns
Starfish (ADB),Age-appropriateness concerns; Mental health & trauma; Sexual or romantic content,3,Age-appropriateness concerns
She’s Not There: A Life in Two Genders,Gender politics & feminism; LGBTQ+ identity & sexuality; Sexual or romantic content,3,Gender politics & feminism
The Best American Short Stories 2015,Violence & mature themes,1,Violence & mature themes
The Road to Wellville,,0,Uncategorized
The Darkest Minds,Age-appropriateness concerns; Sexual or romantic content; Violence & mature themes,3,Age-appropriateness concerns
The Martian Chronicles,,0,Uncategorized
Flight of the Puffin,Age-appropriateness concerns; Mental health & trauma,2,Age-appropriateness concerns
Emma's Secret,Mental health & trauma,1,Mental health & trauma
Cleopatra,,0,Uncategorized
The Dark Garden,,0,Uncategorized
Fighting Words,Age-appropriateness concerns; Mental health & trauma; Sexual or romantic content; Violence & mature themes,4,Age-appropriateness concerns
The War that Saved My Life,Age-appropriateness concerns; Violence & mature themes,2,Age-appropriateness concerns
The Mists of Avalon,,0,Uncategorized
When the Rainbow Goddess Wept,,0,Uncategorized
Fat Cat,Age-appropriateness concerns,1,Age-appropriateness concerns
Murder in Mayberry: Death and Mayhem in a Small Town,Violence & mature themes,1,Violence & mature themes
Zenn Diagram,Age-appropriateness concerns; Sexual or romantic content,2,Age-appropriateness concerns
Forever in Blue: The Fourth Summer of the Sisterhood,Age-appropriateness concerns,1,Age-appropriateness concerns
Girls In Pants: The Third Summer Of The Sisterhood,Age-appropriateness concerns; Sexual or romantic content,2,Age-appropriateness concerns
Sisterhood of the Traveling Pants,Age-appropriateness concerns; Sexual or romantic content,2,Age-appropriateness concerns
The Here and Now,Age-appropriateness concerns; Sexual or romantic content; Violence & mature themes,3,Age-appropriateness concerns
The Last Summer (of You and Me),,0,Uncategorized
The Second Summer Of The Sisterhood,Age-appropriateness concerns; Sexual or romantic content,2,Age-appropriateness concerns
Whole Thing Together,,0,Uncategorized
As Old as Time: A Twisted Tail,Age-appropriateness concerns; Sexual or romantic content,2,Age-appropriateness concerns
Taking Action for Civil and Political Rights,Age-appropriateness concerns; Race & systemic inequality,2,Age-appropriateness concerns
A Great and Terrible Beauty,Age-appropriateness concerns; Mental health & trauma; Sexual or romantic content,3,Age-appropriateness concerns
Beauty Queens,Age-appropriateness concerns; LGBTQ+ identity & sexuality,2,Age-appropriateness concerns
Before the Devil Breaks You,Age-appropriateness concerns; Violence & mature themes,2,Age-appropriateness concerns
Lair of Dreams,Age-appropriateness concerns; Violence & mature themes,2,Age-appropriateness concerns
Rebel Angels,Age-appropriateness concerns; Sexual or romantic content,2,Age-appropriateness concerns
The Diviners,Age-appropriateness concerns; Violence & mature themes,2,Age-appropriateness concerns
The King of Crows,,0,Uncategorized
The Sweet Far Thing,Age-appropriateness concerns; Sexual or romantic content,2,Age-appropriateness concerns
Chlamydia,Age-appropriateness concerns,1,Age-appropriateness concerns
Electric Girl,,0,Uncategorized
In Other Lands,Age-appropriateness concerns; LGBTQ+ identity & sexuality; Sexual or romantic content,3,Age-appropriateness concerns
The Demon's Surrender,Age-appropriateness concerns,1,Age-appropriateness concerns
Chaucer and His World,,0,Uncategorized
Monkey Man,Violence & mature themes,1,Violence & mature themes
The Absolute Value of -1,Age-appropriateness concerns; Mental health & trauma,2,Age-appropriateness concerns
You and Me at the End of the World,Age-appropriateness concerns,1,Age-appropriateness concerns
Sara Will,Age-appropriateness concerns,1,Age-appropriateness concerns
Dreaming of Antigone,Age-appropriateness concerns; Mental health & trauma; Sexual or romantic content,3,Age-appropriateness concerns
Through My Eyes,Age-appropriateness concerns,1,Age-appropriateness concerns
The Rule of Claw,Age-appropriateness concerns; Violence & mature themes,2,Age-appropriateness concerns
Caddie Woodlawn,Age-appropriateness concerns,1,Age-appropriateness concerns
Nicki Minaj: Conquering Hip Hop,Mental health & trauma,1,Mental health & trauma
The Game of Love and Death,Age-appropriateness concerns,1,Age-appropriateness concerns
Over the Edge,Sexual or romantic content; Violence & mature themes,2,Sexual or romantic content
One Trick Pony,Age-appropriateness concerns,1,Age-appropriateness concerns
Dive Smack,Age-appropriateness concerns; Violence & mature themes,2,Age-appropriateness concerns
Boys of Summer,Age-appropriateness concerns,1,Age-appropriateness concerns
A Queer History of the United States,LGBTQ+ identity & sexuality; Sexual or romantic content; Violence & mature themes,3,LGBTQ+ identity & sexuality
Wuthering Heights,,0,Uncategorized
Year of Wonders: A Novel of the Plague,,0,Uncategorized
Candy,Age-appropriateness concerns,1,Age-appropriateness concerns
Lucas,Age-appropriateness concerns; Sexual or romantic content,2,Age-appropriateness concerns
The Bunker Diary,Age-appropriateness concerns,1,Age-appropriateness concerns
World War Z: An Oral History of the Zombie War,Violence & mature themes,1,Violence & mature themes
Anya's Ghost,Age-appropriateness concerns; Violence & mature themes,2,Age-appropriateness concerns
Angels and Demons,Violence & mature themes,1,Violence & mature themes
The Lost Symbol,Violence & mature themes,1,Violence & mature themes
All That's Left in the World,Age-appropriateness concerns; LGBTQ+ identity & sexuality; Sexual or romantic content; Violence & mature themes,4,Age-appropriateness concerns
The Bridges of Madison County (Musical Score),Sexual or romantic content,1,Sexual or romantic content
Thousand Words,,0,Uncategorized
Arthur's Birthday,Age-appropriateness concerns,1,Age-appropriateness concerns
Red Rising,Age-appropriateness concerns; Violence & mature themes,2,Age-appropriateness concerns
A Secret Splendor,,0,Uncategorized
Above and Beyond,Sexual or romantic content,1,Sexual or romantic content
In a Class by Itself,Sexual or romantic content,1,Sexual or romantic content
Lethal,Violence & mature themes,1,Violence & mature themes
Seduction by Design,,0,Uncategorized
Send No Flowers,,0,Uncategorized
The Crush,Sexual or romantic content; Violence & mature themes,2,Sexual or romantic content
Unspeakable,,0,Uncategorized
White Hot,Mental health & trauma; Sexual or romantic content; Violence & mature themes,3,Mental health & trauma
XL,Age-appropriateness concerns,1,Age-appropriateness concerns
Frequently Asked Questions About Same-Sex Marriage and When A Parent is Gay,Age-appropriateness concerns; LGBTQ+ identity & sexuality; Religion & worldview,3,Age-appropriateness concerns
Chlorine Sky,Age-appropriateness concerns,1,Age-appropriateness concerns
Kill or be Killed,Violence & mature themes,1,Violence & mature themes
A Bad Kitty Christmas,Age-appropriateness concerns,1,Age-appropriateness concerns
The Body: A Guide for Occupants,,0,Uncategorized
Beyond the Break,Age-appropriateness concerns,1,Age-appropriateness concerns
Undertow,Age-appropriateness concerns; Sexual or romantic content; Violence & mature themes,3,Age-appropriateness concerns
Helter Skelter: The True Story of the Manson Murders,Violence & mature themes,1,Violence & mature themes
100 Bible Stories,Religion & worldview,1,Religion & worldview
Different Can Be Great: All Kinds of Families,Age-appropriateness concerns,1,Age-appropriateness concerns
Diseases,Age-appropriateness concerns,1,Age-appropriateness concerns
Felix Yz,Age-appropriateness concerns; Mental health & trauma; Violence & mature themes,3,Age-appropriateness concerns
Laughing at My Nightmare,Age-appropriateness concerns,1,Age-appropriateness concerns
The Manny Files,Age-appropriateness concerns; Sexual or romantic content,2,Age-appropriateness concerns
Bangkok 8,Violence & mature themes,1,Violence & mature themes
The Curse of King Tut's Tomb,Age-appropriateness concerns,1,Age-appropriateness concerns
Clockwork Orange,Violence & mature themes,1,Violence & mature themes
Drawing on Walls: A Story of Keith Haring,Age-appropriateness concerns; LGBTQ+ identity & sexuality,2,Age-appropriateness concerns
Doing It,Age-appropriateness concerns; Sexual or romantic content,2,Age-appropriateness concerns
Nicholas Dane,Age-appropriateness concerns; Violence & mature themes,2,Age-appropriateness concerns
Smack,Age-appropriateness concerns,1,Age-appropriateness concerns
The Hit,Age-appropriateness concerns; Mental health & trauma; Sexual or romantic content; Violence & mature themes,4,Age-appropriateness concerns
Heaven's Prisoners,Violence & mature themes,1,Violence & mature themes
Swan Peak,Violence & mature themes,1,Violence & mature themes
The Neon Rain,Mental health & trauma; Violence & mature themes,2,Mental health & trauma
Unplanned Pregnancies,Age-appropriateness concerns,1,Age-appropriateness concerns
Tree,Age-appropriateness concerns,1,Age-appropriateness concerns
Sanctuary Bay,Age-appropriateness concerns; Violence & mature themes,2,Age-appropriateness concerns
Cold Sassy Tree,Age-appropriateness concerns,1,Age-appropriateness concerns
The Glister,,0,Uncategorized
Dry,LGBTQ+ identity & sexuality,1,LGBTQ+ identity & sexuality
Running with Scissors: A Memoir,Mental health & trauma,1,Mental health & trauma
Summer and the City,Age-appropriateness concerns; Sexual or romantic content,2,Age-appropriateness concerns
The Carrie Diaries,Age-appropriateness concerns; Sexual or romantic content,2,Age-appropriateness concerns
Cursor's Fury,Religion & worldview; Violence & mature themes,2,Religion & worldview
Grave Peril,Religion & worldview,1,Religion & worldview
Girls Like Me (KB),Age-appropriateness concerns; Sexual or romantic content,2,Age-appropriateness concerns
The Trouble With Liberty,Age-appropriateness concerns,1,Age-appropriateness concerns
Bloodchild and Other Stories,Violence & mature themes,1,Violence & mature themes
Kindred,Race & systemic inequality,1,Race & systemic inequality
Speech Sounds,Age-appropriateness concerns; Sexual or romantic content,2,Age-appropriateness concerns
Sexually Transmitted Diseases: A Hot Issue,Age-appropriateness concerns,1,Age-appropriateness concerns
Teens and Pregnancy: A Hot Issue,Sexual or romantic content,1,Sexual or romantic content
Abandon,Age-appropriateness concerns,1,Age-appropriateness concerns
Airhead,Age-appropriateness concerns,1,Age-appropriateness concerns
All-American Girl,Age-appropriateness concerns; Sexual or romantic content,2,Age-appropriateness concerns
Avalon High,Age-appropriateness concerns,1,Age-appropriateness concerns
Being Nikki,Age-appropriateness concerns,1,Age-appropriateness concerns
How to Be Popular,Age-appropriateness concerns; Sexual or romantic content,2,Age-appropriateness concerns
Insatiable,Sexual or romantic content,1,Sexual or romantic content
Jinx,Age-appropriateness concerns,1,Age-appropriateness concerns
Princess in Love,Age-appropriateness concerns; Sexual or romantic content,2,Age-appropriateness concerns
Princess in the Spotlight,Age-appropriateness concerns; Sexual or romantic content,2,Age-appropriateness concerns
Princess in Training,Age-appropriateness concerns; Sexual or romantic content,2,Age-appropriateness concerns
Princess on the Brink,Age-appropriateness concerns; Sexual or romantic content,2,Age-appropriateness concerns
Queen of Babble,,0,Uncategorized
Size 12 Is Not Fat,Age-appropriateness concerns; Sexual or romantic content; Violence & mature themes,3,Age-appropriateness concerns
Teen Idol,Age-appropriateness concerns,1,Age-appropriateness concerns
The Princess Diaries,Age-appropriateness concerns; Sexual or romantic content,2,Age-appropriateness concerns
The Princess Present: A Princess Diaries Book,Age-appropriateness concerns; Sexual or romantic content,2,Age-appropriateness concerns
The Boy Next Door,Age-appropriateness concerns,1,Age-appropriateness concerns
Piper Perish,Age-appropriateness concerns,1,Age-appropriateness concerns
Swim the Fly,Age-appropriateness concerns; Sexual or romantic content,2,Age-appropriateness concerns
The Rule of Four,Sexual or romantic content; Violence & mature themes,2,Sexual or romantic content
A Phoenix First Must Burn,Age-appropriateness concerns,1,Age-appropriateness concerns
100 Women Who Made History: Remarkable Women Who Shaped Our World,Age-appropriateness concerns,1,Age-appropriateness concerns
A Heart in a Body in the World,Age-appropriateness concerns; Mental health & trauma,2,Age-appropriateness concerns
"Girl, Unframed",Age-appropriateness concerns,1,Age-appropriateness concerns
"Honey, Baby, Sweetheart",Age-appropriateness concerns; Sexual or romantic content,2,Age-appropriateness concerns
One Great Lie,Age-appropriateness concerns; Sexual or romantic content,2,Age-appropriateness concerns
Stay,Age-appropriateness concerns; Mental health & trauma; Sexual or romantic content,3,Age-appropriateness concerns
The Epic Story of Every Living Thing,Age-appropriateness concerns; Mental health & trauma,2,Age-appropriateness concerns
The Fortunes of Indigo Skye,Age-appropriateness concerns,1,Age-appropriateness concerns
The Last Forever,Age-appropriateness concerns,1,Age-appropriateness concerns
The Nature of Jade,Age-appropriateness concerns; Mental health & trauma,2,Age-appropriateness concerns
The Queen of Everything,Age-appropriateness concerns,1,Age-appropriateness concerns
The Secret Life of Prince Charming,Age-appropriateness concerns,1,Age-appropriateness concerns
The Six Rules of Maybe,Age-appropriateness concerns; Sexual or romantic content,2,Age-appropriateness concerns
The Story of Us,Age-appropriateness concerns,1,Age-appropriateness concerns
Lark and Kasim Start a Revolution,Age-appropriateness concerns,1,Age-appropriateness concerns
Someday This Pain Will Be Useful to You,Age-appropriateness concerns; LGBTQ+ identity & sexuality,2,Age-appropriateness concerns
The Forgetting,Age-appropriateness concerns; Sexual or romantic content; Violence & mature themes,3,Age-appropriateness concerns
The Knowing,Age-appropriateness concerns,1,Age-appropriateness concerns
It's Always the Husband,Violence & mature themes,1,Violence & mature themes
Once and Future,Age-appropriateness concerns,1,Age-appropriateness concerns
The Brilliant Death,Age-appropriateness concerns,1,Age-appropriateness concerns
I Am Margaret Moore,Age-appropriateness concerns,1,Age-appropriateness concerns
El Gigante Solitario,,0,Uncategorized
Gears of War,Violence & mature themes,1,Violence & mature themes
"10,000 Days of Thunder: A History of the Vietnam War",Age-appropriateness concerns; Race & systemic inequality; Violence & mature themes,3,Age-appropriateness concerns
Ender's Game,Violence & mature themes,1,Violence & mature themes
Ender's Shadow,Age-appropriateness concerns,1,Age-appropriateness concerns
Pastwatch: The Redemption of Christopher Columbus,,0,Uncategorized
Shadow of the Hegemon,Age-appropriateness concerns; Violence & mature themes,2,Age-appropriateness concerns
Speaker for the Dead,Age-appropriateness concerns; Violence & mature themes,2,Age-appropriateness concerns
The Treasure Box,,0,Uncategorized
Xenocide,Age-appropriateness concerns; Violence & mature themes,2,Age-appropriateness concerns
Dragon's Keep,Age-appropriateness concerns,1,Age-appropriateness concerns
The Tyrant's Daughter,Age-appropriateness concerns; Violence & mature themes,2,Age-appropriateness concerns
In the Neighborhood of True,Age-appropriateness concerns; Violence & mature themes,2,Age-appropriateness concerns
Roar,Age-appropriateness concerns,1,Age-appropriateness concerns
Quake,Sexual or romantic content; Violence & mature themes,2,Sexual or romantic content
Tremor,Age-appropriateness concerns; Sexual or romantic content; Violence & mature themes,3,Age-appropriateness concerns
Infinite in Between,Age-appropriateness concerns,1,Age-appropriateness concerns
Rural Voices: 15 Authors Challenge Assumptions About Small-Town America,Age-appropriateness concerns; Sexual or romantic content,2,Age-appropriateness concerns
Changeless,,0,Uncategorized
Soulless,Sexual or romantic content; Violence & mature themes,2,Sexual or romantic content
The Feminism Book,Gender politics & feminism; LGBTQ+ identity & sexuality; Religion & worldview,3,Gender politics & feminism
The Mythology Book,,0,Uncategorized
Goddess Interrupted,Age-appropriateness concerns; Sexual or romantic content; Violence & mature themes,3,Age-appropriateness concerns
Queen,Age-appropriateness concerns; Sexual or romantic content; Violence & mature themes,3,Age-appropriateness concerns
The Goddess Inheritance,Age-appropriateness concerns,1,Age-appropriateness concerns
The Goddess Legacy: An Original Goddess Test Collection,Age-appropriateness concerns,1,Age-appropriateness concerns
The Goddess Test,Age-appropriateness concerns; Sexual or romantic content,2,Age-appropriateness concerns
"I’d Tell You I Love You, But Then I’d Have Kill You",Age-appropriateness concerns; Violence & mature themes,2,Age-appropriateness concerns
The Bloody Chamber and Other Stories,Violence & mature themes,1,Violence & mature themes
"Me, Him, Them and It",Age-appropriateness concerns,1,Age-appropriateness concerns
The Education of Little Tree,Age-appropriateness concerns; Mental health & trauma; Race & systemic inequality,3,Age-appropriateness concerns
I Stop Somewhere,Age-appropriateness concerns,1,Age-appropriateness concerns
Bloodline: A Novel,Age-appropriateness concerns; Violence & mature themes,2,Age-appropriateness concerns
Fire,Age-appropriateness concerns; Religion & worldview; Sexual or romantic content,3,Age-appropriateness concerns
Graceling: The Graphic Novel,Age-appropriateness concerns,1,Age-appropriateness concerns
Winterkeep,Age-appropriateness concerns,1,Age-appropriateness concerns
Happily Ever After (KC),,0,Uncategorized
The Betrayed,Age-appropriateness concerns,1,Age-appropriateness concerns
The Betrothed,Age-appropriateness concerns,1,Age-appropriateness concerns
The Crown,Age-appropriateness concerns; Sexual or romantic content; Violence & mature themes,3,Age-appropriateness concerns
The Elite,Age-appropriateness concerns; Sexual or romantic content; Violence & mature themes,3,Age-appropriateness concerns
The Heir,Age-appropriateness concerns; Sexual or romantic content; Violence & mature themes,3,Age-appropriateness concerns
The One,Age-appropriateness concerns; Sexual or romantic content; Violence & mature themes,3,Age-appropriateness concerns
The Selection,Age-appropriateness concerns; Sexual or romantic content; Violence & mature themes,3,Age-appropriateness concerns
The Selection Stories: The Prince and The Guard,Age-appropriateness concerns,1,Age-appropriateness concerns
The Siren,Age-appropriateness concerns,1,Age-appropriateness concerns
Looking for JJ,Age-appropriateness concerns; Violence & mature themes,2,Age-appropriateness concerns
Kisses From Hell,Age-appropriateness concerns; Sexual or romantic content,2,Age-appropriateness concerns
Awakened,Age-appropriateness concerns; Sexual or romantic content,2,Age-appropriateness concerns
Betrayed,Age-appropriateness concerns; Sexual or romantic content; Violence & mature themes,3,Age-appropriateness concerns
Destined,Age-appropriateness concerns; Sexual or romantic content,2,Age-appropriateness concerns
Hidden,Age-appropriateness concerns; Sexual or romantic content,2,Age-appropriateness concerns
"House of Night (Series, Title not Specified)",Sexual or romantic content,1,Sexual or romantic content
House of Night: The Beginning - Marked and Betrayed,Age-appropriateness concerns,1,Age-appropriateness concerns
Hunted,Age-appropriateness concerns; Sexual or romantic content,2,Age-appropriateness concerns
Kalona's Fall,Age-appropriateness concerns; Sexual or romantic content,2,Age-appropriateness concerns
Marked,Age-appropriateness concerns; Sexual or romantic content,2,Age-appropriateness concerns
Moon Chosen,Age-appropriateness concerns,1,Age-appropriateness concerns
Neferet's Curse,Age-appropriateness concerns; Sexual or romantic content,2,Age-appropriateness concerns
Redeemed,Age-appropriateness concerns; Sexual or romantic content,2,Age-appropriateness concerns
Revealed (PCC),Age-appropriateness concerns,1,Age-appropriateness concerns
Sun Warrior: Tales of a New World,Age-appropriateness concerns; Violence & mature themes,2,Age-appropriateness concerns
Tempted (PCC),Age-appropriateness concerns; Sexual or romantic content,2,Age-appropriateness concerns
Untamed (PCC),Age-appropriateness concerns; Religion & worldview; Sexual or romantic content,3,Age-appropriateness concerns
Dragon's Oath,Age-appropriateness concerns,1,Age-appropriateness concerns
House of Night: Legacy,Age-appropriateness concerns,1,Age-appropriateness concerns
Tin Star,Age-appropriateness concerns; Sexual or romantic content; Violence & mature themes,3,Age-appropriateness concerns
Mantle: The Best There Ever Was,Sexual or romantic content,1,Sexual or romantic content
My Antonia,Race & systemic inequality,1,Race & systemic inequality
A Question of Holmes,Age-appropriateness concerns; Sexual or romantic content,2,Age-appropriateness concerns
A Study in Charlotte,Age-appropriateness concerns; Violence & mature themes,2,Age-appropriateness concerns
The Case for Jamie,Age-appropriateness concerns,1,Age-appropriateness concerns
The Last of August,Age-appropriateness concerns; Sexual or romantic content; Violence & mature themes,3,Age-appropriateness concerns
AIDS,,0,Uncategorized
Syphilis and Other Sexually Transmitted Diseases,Age-appropriateness concerns,1,Age-appropriateness concerns
When Dinosaurs Walked,,0,Uncategorized
The School for Good and Evil,Age-appropriateness concerns,1,Age-appropriateness concerns
Dying to Know You,Age-appropriateness concerns; Violence & mature themes,2,Age-appropriateness concerns
Postcards From No Man's Land,Age-appropriateness concerns; LGBTQ+ identity & sexuality; Violence & mature themes,3,Age-appropriateness concerns
"Farewell, My Lovely",Violence & mature themes,1,Violence & mature themes
Playback,Violence & mature themes,1,Violence & mature themes
Raymond Chandler: Stories and Early Novels: Pulp Stories / The Big Sleep / Farewell My Lovely / The High Window,Violence & mature themes,1,Violence & mature themes
The Big Sleep,Violence & mature themes,1,Violence & mature themes
The High Window,Violence & mature themes,1,Violence & mature themes
The Lady in the Lake,Violence & mature themes,1,Violence & mature themes
The Long Goodbye,Mental health & trauma; Violence & mature themes,2,Mental health & trauma
The Rape of Nanking: The Forgotten Holocaust of World War II,Violence & mature themes,1,Violence & mature themes
Shiny Broken Pieces,Age-appropriateness concerns; Mental health & trauma,2,Age-appropriateness concerns
Symptoms of a Heartbreak,Age-appropriateness concerns,1,Age-appropriateness concerns
Tiny Pretty Things,Age-appropriateness concerns; Sexual or romantic content; Violence & mature themes,3,Age-appropriateness concerns
Muted,Age-appropriateness concerns,1,Age-appropriateness concerns
Papillon,Violence & mature themes,1,Violence & mature themes
So Done,Age-appropriateness concerns; Race & systemic inequality,2,Age-appropriateness concerns
Confessions of a High School Disaster,Age-appropriateness concerns,1,Age-appropriateness concerns
Notes From a Former Virgin : Junior Year,Age-appropriateness concerns,1,Age-appropriateness concerns
The Year of Living Awkwardly,Age-appropriateness concerns,1,Age-appropriateness concerns
Imaginary Friend,,0,Uncategorized
Pieces: A Collection of New Voices,Age-appropriateness concerns; Sexual or romantic content,2,Age-appropriateness concerns
The Speaker,Age-appropriateness concerns; Mental health & trauma; Violence & mature themes,3,Age-appropriateness concerns
We Are Not Free,Age-appropriateness concerns; Race & systemic inequality; Violence & mature themes,3,Age-appropriateness concerns
Violet Made of Thorns,Age-appropriateness concerns,1,Age-appropriateness concerns
For Real,Age-appropriateness concerns; Sexual or romantic content,2,Age-appropriateness concerns
Girl With a Pearl Earring,Sexual or romantic content,1,Sexual or romantic content
The Lady and the Unicorn,Sexual or romantic content,1,Sexual or romantic content
A Queer History of the United States For Young People,LGBTQ+ identity & sexuality; Mental health & trauma; Race & systemic inequality; Sexual or romantic content,4,LGBTQ+ identity & sexuality
African Journey,Age-appropriateness concerns,1,Age-appropriateness concerns
Night School,,0,Uncategorized
The Midnight Line,Violence & mature themes,1,Violence & mature themes
Worth Dying For,Violence & mature themes,1,Violence & mature themes
"Henry VIII's Last Victim: The Life and Times of Henry Howard, Earl of Surrey",,0,Uncategorized
Awkward,Age-appropriateness concerns; Violence & mature themes,2,Age-appropriateness concerns
Vicious Spirits,Age-appropriateness concerns; Sexual or romantic content,2,Age-appropriateness concerns
Permanent Record,Age-appropriateness concerns; Sexual or romantic content,2,Age-appropriateness concerns
Trust Exercise,,0,Uncategorized
The Silvered Serpents,Age-appropriateness concerns; Sexual or romantic content,2,Age-appropriateness concerns
Death on the Nile,Violence & mature themes,1,Violence & mature themes
Solstice,Age-appropriateness concerns; Violence & mature themes,2,Age-appropriateness concerns
The Bone Witch,Age-appropriateness concerns; Sexual or romantic content,2,Age-appropriateness concerns
The Heart Forger,,0,Uncategorized
The Never Tilting World,Age-appropriateness concerns; LGBTQ+ identity & sexuality; Sexual or romantic content,3,Age-appropriateness concerns
The ShadowGlass,Age-appropriateness concerns,1,Age-appropriateness concerns
Going Viral: A Socially Distant Love Story,Age-appropriateness concerns; LGBTQ+ identity & sexuality; Sexual or romantic content,3,Age-appropriateness concerns
La Casa en Mango Street,,0,Uncategorized
My Wicked Wicked Ways: Poems,Gender politics & feminism; Race & systemic inequality,2,Gender politics & feminism
The Tesla Testament,Violence & mature themes,1,Violence & mature themes
Chain of Gold,Age-appropriateness concerns; Violence & mature themes,2,Age-appropriateness concerns
Chain Of Iron,Age-appropriateness concerns; Sexual or romantic content; Violence & mature themes,3,Age-appropriateness concerns
Chain Of Thorns,Age-appropriateness concerns; Sexual or romantic content,2,Age-appropriateness concerns
City of Ashes,Age-appropriateness concerns; Sexual or romantic content; Violence & mature themes,3,Age-appropriateness concerns
City of Bones,Age-appropriateness concerns; Sexual or romantic content; Violence & mature themes,3,Age-appropriateness concerns
City of Fallen Angels,Age-appropriateness concerns; Sexual or romantic content,2,Age-appropriateness concerns
City of Glass,Age-appropriateness concerns; Sexual or romantic content,2,Age-appropriateness concerns
City of Lost Souls,Age-appropriateness concerns; Sexual or romantic content,2,Age-appropriateness concerns
Clockwork Angel,Age-appropriateness concerns; Sexual or romantic content,2,Age-appropriateness concerns
Clockwork Prince,Age-appropriateness concerns; Sexual or romantic content; Violence & mature themes,3,Age-appropriateness concerns
Sword Catcher,Age-appropriateness concerns; Violence & mature themes,2,Age-appropriateness concerns
The Bane Chronicles,Age-appropriateness concerns,1,Age-appropriateness concerns
The Infernal Devices: The Complete Trilogy,Age-appropriateness concerns,1,Age-appropriateness concerns
The Lost Book of the White,Age-appropriateness concerns; LGBTQ+ identity & sexuality; Sexual or romantic content,3,Age-appropriateness concerns
Daddy's Little Girl,Violence & mature themes,1,Violence & mature themes
Moonlight Becomes You,Violence & mature themes,1,Violence & mature themes
Two Little Girls in Blue,,0,Uncategorized
2001: a Space Odyssey,,0,Uncategorized
Terrorism Inc.: The Financing of Terrorism Insurgency and Irregular Warfare,,0,Uncategorized
Al Capsella and the Watchdogs,Age-appropriateness concerns,1,Age-appropriateness concerns
Shōgun: The Epic Novel of Japan,Violence & mature themes,1,Violence & mature themes
Datos geniales sobre béisbol/Cool Baseball Facts,Age-appropriateness concerns,1,Age-appropriateness concerns
Blackout,Age-appropriateness concerns; LGBTQ+ identity & sexuality; Sexual or romantic content,3,Age-appropriateness concerns
The Belles,Age-appropriateness concerns; Sexual or romantic content; Violence & mature themes,3,Age-appropriateness concerns
The Rumor Game,Age-appropriateness concerns; Mental health & trauma; Violence & mature themes,3,Age-appropriateness concerns
Little Bee,,0,Uncategorized
Texas Gothic,Age-appropriateness concerns; Sexual or romantic content,2,Age-appropriateness concerns
Things That Are,Age-appropriateness concerns,1,Age-appropriateness concerns
The Girls,Violence & mature themes,1,Violence & mature themes
Ghost World,,0,Uncategorized
Scooter Girl,,0,Uncategorized
"Black Panther: A Nation Under Our Feet, Vol. 1",,0,Uncategorized
"Black Panther: A Nation Under Our Feet, Vol. 2",,0,Uncategorized
"Black Panther: A Nation Under Our Feet, Vol. 3",Violence & mature themes,1,Violence & mature themes
"Black Panther: A Nation Under Our Feet, Vol. 4",,0,Uncategorized
Home,Violence & mature themes,1,Violence & mature themes
Shelter,Age-appropriateness concerns; LGBTQ+ identity & sexuality,2,Age-appropriateness concerns
Tell No One,Violence & mature themes,1,Violence & mature themes
The Charm Offensive,LGBTQ+ identity & sexuality; Sexual or romantic content,2,LGBTQ+ identity & sexuality
Disgrace,Race & systemic inequality; Sexual or romantic content,2,Race & systemic inequality
Leverage,Age-appropriateness concerns; Violence & mature themes,2,Age-appropriateness concerns
The Murder of Helen Jewett,Sexual or romantic content; Violence & mature themes,2,Sexual or romantic content
Dash and Lily's Book of Dares,Age-appropriateness concerns; Sexual or romantic content,2,Age-appropriateness concerns
Nick and Norah's Infinite Playlist,Age-appropriateness concerns,1,Age-appropriateness concerns
The Steps,Age-appropriateness concerns,1,Age-appropriateness concerns
All I Need,Age-appropriateness concerns; Sexual or romantic content,2,Age-appropriateness concerns
Now and Forever,Age-appropriateness concerns,1,Age-appropriateness concerns
So Much Closer,Age-appropriateness concerns,1,Age-appropriateness concerns
Something Like Fate,Age-appropriateness concerns,1,Age-appropriateness concerns
Waiting For You,Age-appropriateness concerns,1,Age-appropriateness concerns
When It Happens,Age-appropriateness concerns; Sexual or romantic content,2,Age-appropriateness concerns
Finding Yvonne,Age-appropriateness concerns; Sexual or romantic content,2,Age-appropriateness concerns
Little and Lion,Age-appropriateness concerns,1,Age-appropriateness concerns
The Revolution of Birdie Randolph,Age-appropriateness concerns; LGBTQ+ identity & sexuality; Mental health & trauma; Sexual or romantic content,4,Age-appropriateness concerns
The Goats,Age-appropriateness concerns; Violence & mature themes,2,Age-appropriateness concerns
If You Leave,,0,Uncategorized
Dear Medusa,Age-appropriateness concerns; LGBTQ+ identity & sexuality; Mental health & trauma; Sexual or romantic content,4,Age-appropriateness concerns
Tyler Johnson was Here,Age-appropriateness concerns; Race & systemic inequality; Violence & mature themes,3,Age-appropriateness concerns
A Tale of Magic,Age-appropriateness concerns,1,Age-appropriateness concerns
A Tale of Sorcery,Age-appropriateness concerns,1,Age-appropriateness concerns
A Tale of Witchcraft,Age-appropriateness concerns; Religion & worldview,2,Age-appropriateness concerns
Stranger Than Fanfiction,Age-appropriateness concerns; LGBTQ+ identity & sexuality,2,Age-appropriateness concerns
American Gangster,Violence & mature themes,1,Violence & mature themes
Until We Meet Again,Age-appropriateness concerns; Sexual or romantic content,2,Age-appropriateness concerns
Brules,Violence & mature themes,1,Violence & mature themes
Core,Age-appropriateness concerns,1,Age-appropriateness concerns
Sole: A Blue Novella,Age-appropriateness concerns,1,Age-appropriateness concerns
The Syndicate,,0,Uncategorized
The System,,0,Uncategorized
When Mr. Dog Bites,Age-appropriateness concerns; Sexual or romantic content,2,Age-appropriateness concerns
Chasing The Dime,Violence & mature themes,1,Violence & mature themes
The Lincoln Lawyer,Mental health & trauma; Violence & mature themes,2,Mental health & trauma
The White Road,Violence & mature themes,1,Violence & mature themes
The Truth As Told By Mason Buttle,Age-appropriateness concerns; Mental health & trauma,2,Age-appropriateness concerns
Newjack: Guarding Sing Sing,Sexual or romantic content,1,Sexual or romantic content
Beach Music,Mental health & trauma; Race & systemic inequality; Sexual or romantic content,3,Mental health & trauma
The Lords of Discipline,Age-appropriateness concerns; Violence & mature themes,2,Age-appropriateness concerns
The Prince of Tides,Sexual or romantic content,1,Sexual or romantic content
Captain Marvel,,0,Uncategorized
House of Ash,Age-appropriateness concerns,1,Age-appropriateness concerns
What Girls Learn,Age-appropriateness concerns,1,Age-appropriateness concerns
Coma,Violence & mature themes,1,Violence & mature themes
The Face on the Milk Carton,Age-appropriateness concerns,1,Age-appropriateness concerns
Freshman Promises,Age-appropriateness concerns; Sexual or romantic content,2,Age-appropriateness concerns
"Marriage, A History: How Love Conquered Marriage",,0,Uncategorized
The Way We Never Were: American Families and the Nostalgia Trap,Gender politics & feminism; Sexual or romantic content,2,Gender politics & feminism
Leonardo,,0,Uncategorized
Michelangelo,,0,Uncategorized
Leviathan Wakes,Violence & mature themes,1,Violence & mature themes
Beyond the Chocolate War,Violence & mature themes,1,Violence & mature themes
Fade (RC),Age-appropriateness concerns; Sexual or romantic content,2,Age-appropriateness concerns
Heroes,Age-appropriateness concerns; Violence & mature themes,2,Age-appropriateness concerns
I Am the Cheese,Age-appropriateness concerns; Violence & mature themes,2,Age-appropriateness concerns
The Chocolate War,Age-appropriateness concerns; Violence & mature themes,2,Age-appropriateness concerns
The Rag and Bone Shop,Age-appropriateness concerns; Mental health & trauma; Violence & mature themes,3,Age-appropriateness concerns
We All Fall Down,Age-appropriateness concerns; Violence & mature themes,2,Age-appropriateness concerns
Carpe Diem,Age-appropriateness concerns,1,Age-appropriateness concerns
"Reader, I Murdered Him",Age-appropriateness concerns; LGBTQ+ identity & sexuality; Violence & mature themes,3,Age-appropriateness concerns
The Forest Queen,Age-appropriateness concerns; Mental health & trauma,2,Age-appropriateness concerns
All That Remains,Mental health & trauma; Violence & mature themes,2,Mental health & trauma
Body of Evidence,Violence & mature themes,1,Violence & mature themes
"Portrait of a Killer: Jack the Ripper, Case Closed",Sexual or romantic content; Violence & mature themes,2,Sexual or romantic content
Postmortem: A Mystery Introducing Dr. Kay Scarpetta,Violence & mature themes,1,Violence & mature themes
Predator,Violence & mature themes,1,Violence & mature themes
Scarpetta,Violence & mature themes,1,Violence & mature themes
Trace,Violence & mature themes,1,Violence & mature themes
The Truth of Right Now,Age-appropriateness concerns; Mental health & trauma; Sexual or romantic content,3,Age-appropriateness concerns
Blacktop Wasteland,,0,Uncategorized
Nearly Found,Age-appropriateness concerns; Sexual or romantic content; Violence & mature themes,3,Age-appropriateness concerns
Nearly Gone,Age-appropriateness concerns; Sexual or romantic content; Violence & mature themes,3,Age-appropriateness concerns
9 Days and 9 Nights,Age-appropriateness concerns,1,Age-appropriateness concerns
99 Days,Age-appropriateness concerns,1,Age-appropriateness concerns
Top Ten,Age-appropriateness concerns,1,Age-appropriateness concerns
You Say It First,Age-appropriateness concerns,1,Age-appropriateness concerns
Blaine for the Win,Age-appropriateness concerns; LGBTQ+ identity & sexuality; Sexual or romantic content,3,Age-appropriateness concerns
Inkmistress,Age-appropriateness concerns; Violence & mature themes,2,Age-appropriateness concerns
A Veil Removed,Sexual or romantic content; Violence & mature themes,2,Sexual or romantic content
The Bondwoman's Narrative,Race & systemic inequality,1,Race & systemic inequality
Brides of Eden: A True Story Imagined,Age-appropriateness concerns,1,Age-appropriateness concerns
Disclosure,Violence & mature themes,1,Violence & mature themes
Micro,Violence & mature themes,1,Violence & mature themes
Next,Mental health & trauma; Violence & mature themes,2,Mental health & trauma
State of Fear,Violence & mature themes,1,Violence & mature themes
The Holloway Girls,Age-appropriateness concerns; Violence & mature themes,2,Age-appropriateness concerns
Billie Standish Was Here,Age-appropriateness concerns,1,Age-appropriateness concerns
The Passage,Violence & mature themes,1,Violence & mature themes
First Semester,Age-appropriateness concerns; Violence & mature themes,2,Age-appropriateness concerns
Halfway Perfect,Age-appropriateness concerns,1,Age-appropriateness concerns
Tempest,Age-appropriateness concerns; Sexual or romantic content; Violence & mature themes,3,Age-appropriateness concerns
Vigilante,Age-appropriateness concerns,1,Age-appropriateness concerns
Athletic Shorts: Six Short Stories,Age-appropriateness concerns,1,Age-appropriateness concerns
Chinese Handcuffs,Age-appropriateness concerns; Mental health & trauma,2,Age-appropriateness concerns
Deadline,Age-appropriateness concerns; Mental health & trauma,2,Age-appropriateness concerns
Running Loose,Age-appropriateness concerns,1,Age-appropriateness concerns
The Crazy Horse Electric Game,Age-appropriateness concerns,1,Age-appropriateness concerns
The Sledding Hill,Age-appropriateness concerns,1,Age-appropriateness concerns
"American Women Activists' Writings: An Anthology, 1637-2002",Race & systemic inequality,1,Race & systemic inequality
Human Trafficking,Race & systemic inequality; Sexual or romantic content,2,Race & systemic inequality
American Dirt,Mental health & trauma; Violence & mature themes,2,Mental health & trauma
Tilt (AC),Age-appropriateness concerns; Sexual or romantic content,2,Age-appropriateness concerns
Reproductive Rights,Age-appropriateness concerns; Sexual or romantic content; Violence & mature themes,3,Age-appropriateness concerns
The Great Nijinsky: God of Dance,Age-appropriateness concerns; LGBTQ+ identity & sexuality; Mental health & trauma; Sexual or romantic content; Violence & mature themes,5,Age-appropriateness concerns
LGBTQ Rights and Activism,LGBTQ+ identity & sexuality,1,LGBTQ+ identity & sexuality
The Watsons Go To Birmingham - 1963,Age-appropriateness concerns,1,Age-appropriateness concerns
The Leading Edge of Now,Age-appropriateness concerns; Mental health & trauma; Sexual or romantic content,3,Age-appropriateness concerns
The Midwife's Apprentice,Age-appropriateness concerns,1,Age-appropriateness concerns
Cherry Money Baby,Age-appropriateness concerns; Sexual or romantic content,2,Age-appropriateness concerns
Girl Parts,Age-appropriateness concerns; Sexual or romantic content,2,Age-appropriateness concerns
A Winter's Promise,Age-appropriateness concerns,1,Age-appropriateness concerns
The Witches (Graphic Novel Verson),Age-appropriateness concerns,1,Age-appropriateness concerns
Revolting Rhymes,Age-appropriateness concerns,1,Age-appropriateness concerns
Balzac and the Little Chinese Seamstress,,0,Uncategorized
The Girl From Earth's End,Age-appropriateness concerns,1,Age-appropriateness concerns
"Breath, Eyes, Memory",Violence & mature themes,1,Violence & mature themes
The Dew Breaker,Sexual or romantic content,1,Sexual or romantic content
The Farming of Bones,Violence & mature themes,1,Violence & mature themes
1215: The Year of Magna Carta,,0,Uncategorized
Mr. Watson's Chickens,Age-appropriateness concerns; LGBTQ+ identity & sexuality,2,Age-appropriateness concerns
Dead Little Mean Girl,Age-appropriateness concerns,1,Age-appropriateness concerns
Debating Darcy,Age-appropriateness concerns; Sexual or romantic content,2,Age-appropriateness concerns
The Death Cure,Age-appropriateness concerns; Violence & mature themes,2,Age-appropriateness concerns
The Fever Code,Age-appropriateness concerns,1,Age-appropriateness concerns
The Kill Order,Age-appropriateness concerns; Violence & mature themes,2,Age-appropriateness concerns
The Maze Runner,Age-appropriateness concerns; Violence & mature themes,2,Age-appropriateness concerns
The Scorch Trials,Age-appropriateness concerns; Violence & mature themes,2,Age-appropriateness concerns
Mirage,Age-appropriateness concerns; Sexual or romantic content; Violence & mature themes,3,Age-appropriateness concerns
All This Time,Age-appropriateness concerns,1,Age-appropriateness concerns
Five Feet Apart,Age-appropriateness concerns,1,Age-appropriateness concerns
Sir Apropos of Nothing,Violence & mature themes,1,Violence & mature themes
Sharice's Big Voice: A Native Kid Becomes a Congresswoman,Age-appropriateness concerns; LGBTQ+ identity & sexuality; Race & systemic inequality,3,Age-appropriateness concerns
The Good Luck Girls,Age-appropriateness concerns,1,Age-appropriateness concerns
Never Cry Werewolf,Age-appropriateness concerns,1,Age-appropriateness concerns
Into the River,Age-appropriateness concerns; Sexual or romantic content; Violence & mature themes,3,Age-appropriateness concerns
Blink,Age-appropriateness concerns; Sexual or romantic content; Violence & mature themes,3,Age-appropriateness concerns
This Book is Gay,LGBTQ+ identity & sexuality; Sexual or romantic content,2,LGBTQ+ identity & sexuality
100 Characters from Classical Mythology: Discover the Fascinating Stories of the Greek and Roman Deities,,0,Uncategorized
Lyndon B. Johnson,,0,Uncategorized
"Stronger, Faster, and More Beautiful",Age-appropriateness concerns,1,Age-appropriateness concerns
No Longer Human,,0,Uncategorized
Corelli's Mandolin,Sexual or romantic content; Violence & mature themes,2,Sexual or romantic content
Meet Me at the River,Age-appropriateness concerns,1,Age-appropriateness concerns
Child Abuse (KD),Mental health & trauma,1,Mental health & trauma
Alex and Eliza,Age-appropriateness concerns,1,Age-appropriateness concerns
All for One,Age-appropriateness concerns; Sexual or romantic content,2,Age-appropriateness concerns
Bloody Valentine,Age-appropriateness concerns; Sexual or romantic content,2,Age-appropriateness concerns
Frozen,Age-appropriateness concerns,1,Age-appropriateness concerns
Keys to the Repository,Age-appropriateness concerns; Sexual or romantic content,2,Age-appropriateness concerns
Love and War,Age-appropriateness concerns; Violence & mature themes,2,Age-appropriateness concerns
The Au Pairs,Age-appropriateness concerns,1,Age-appropriateness concerns
The Ring and the Crown,Age-appropriateness concerns,1,Age-appropriateness concerns
The Living,Age-appropriateness concerns; Violence & mature themes,2,Age-appropriateness concerns
Don't Ask Me Where I'm From,Age-appropriateness concerns; Race & systemic inequality,2,Age-appropriateness concerns
Moonheart,,0,Uncategorized
The Blue Girl,Age-appropriateness concerns,1,Age-appropriateness concerns
Jacques-Louis David,,0,Uncategorized
A Secret Kept,,0,Uncategorized
Forget Me Not (CD),Age-appropriateness concerns,1,Age-appropriateness concerns
American Beauty,Age-appropriateness concerns,1,Age-appropriateness concerns
Sunset Boulevard,Age-appropriateness concerns; Sexual or romantic content,2,Age-appropriateness concerns
Tall Cool One,Age-appropriateness concerns,1,Age-appropriateness concerns
The Feeling of Falling in Love,Age-appropriateness concerns; LGBTQ+ identity & sexuality; Sexual or romantic content,3,Age-appropriateness concerns
Everything You Need to Know About the Risks of Unprotected Sex,Age-appropriateness concerns; Sexual or romantic content,2,Age-appropriateness concerns
The (Almost) Perfect Guide to Imperfect Boys,Age-appropriateness concerns,1,Age-appropriateness concerns
Violets are Blue (BD),Violence & mature themes,1,Violence & mature themes
Moll Flanders,,0,Uncategorized
"Love, Ellen: A Mother/Daughter Journey",LGBTQ+ identity & sexuality,1,LGBTQ+ identity & sexuality
The Girl Before,Violence & mature themes,1,Violence & mature themes
In Search of Us,Age-appropriateness concerns; Sexual or romantic content,2,Age-appropriateness concerns
Love Letters to the Dead,Age-appropriateness concerns; Mental health & trauma; Sexual or romantic content,3,Age-appropriateness concerns
"Trickster: Native American Tales, A Graphic Collection",Age-appropriateness concerns; Race & systemic inequality,2,Age-appropriateness concerns
I'll Meet You There,Age-appropriateness concerns; Sexual or romantic content,2,Age-appropriateness concerns
Plum Island,Violence & mature themes,1,Violence & mature themes
Up country : a novel,Violence & mature themes,1,Violence & mature themes
Gravity (SD),Age-appropriateness concerns; LGBTQ+ identity & sexuality; Religion & worldview,3,Age-appropriateness concerns
Truthwitch,Age-appropriateness concerns; Religion & worldview; Sexual or romantic content; Violence & mature themes,4,Age-appropriateness concerns
Legendborn,Age-appropriateness concerns; Sexual or romantic content; Violence & mature themes,3,Age-appropriateness concerns
Bill and Pete,Age-appropriateness concerns,1,Age-appropriateness concerns
Oliver Button is a Sissy,Age-appropriateness concerns; Gender politics & feminism; LGBTQ+ identity & sexuality,3,Age-appropriateness concerns
Thirty Sunsets,Age-appropriateness concerns,1,Age-appropriateness concerns
Forget Me Not (AD),Age-appropriateness concerns,1,Age-appropriateness concerns
The Inheritance Of Loss,Race & systemic inequality,1,Race & systemic inequality
Along for the Ride,Age-appropriateness concerns; Sexual or romantic content,2,Age-appropriateness concerns
Dreamland,Age-appropriateness concerns; Mental health & trauma; Sexual or romantic content,3,Age-appropriateness concerns
Just Listen,Age-appropriateness concerns; Sexual or romantic content,2,Age-appropriateness concerns
Lock and Key,,0,Uncategorized
Once and for All,Age-appropriateness concerns,1,Age-appropriateness concerns
Saint Anything,Age-appropriateness concerns,1,Age-appropriateness concerns
Someone Like You,Age-appropriateness concerns; Violence & mature themes,2,Age-appropriateness concerns
That Summer,Age-appropriateness concerns,1,Age-appropriateness concerns
The Moon and More,,0,Uncategorized
The Truth about Forever,Age-appropriateness concerns; Sexual or romantic content,2,Age-appropriateness concerns
This Lullaby,Age-appropriateness concerns; Sexual or romantic content,2,Age-appropriateness concerns
Painting the Black,Age-appropriateness concerns,1,Age-appropriateness concerns
Swagger,Age-appropriateness concerns,1,Age-appropriateness concerns
Heartwishes,Sexual or romantic content,1,Sexual or romantic content
Tell Me Something Real,Age-appropriateness concerns; Mental health & trauma; Sexual or romantic content,3,Age-appropriateness concerns
What Goes Around (SD),Race & systemic inequality,1,Race & systemic inequality
Drown,,0,Uncategorized
The Brief Wondrous Life of Oscar Wao,Violence & mature themes,1,Violence & mature themes
"Beverly, Right Here",Age-appropriateness concerns,1,Age-appropriateness concerns
Blade Runner (do Androids Dream of Electric Sheep),Violence & mature themes,1,Violence & mature themes
A Tale of Two Cities,,0,Uncategorized
David Copperfield: Adapted for Young Readers,Age-appropriateness concerns,1,Age-appropriateness concerns
The Usborne Introduction to Art,Age-appropriateness concerns,1,Age-appropriateness concerns
The Cup of the World,Age-appropriateness concerns,1,Age-appropriateness concerns
Corn Goddess,,0,Uncategorized
"A Stylistic Analysis of Selected Stories in Achebe's ""Girls At War And Other Stories"": A Comparative Study",Violence & mature themes,1,Violence & mature themes
Empire of Wild,Race & systemic inequality; Violence & mature themes,2,Race & systemic inequality
Hunting by Stars,Age-appropriateness concerns; Race & systemic inequality; Violence & mature themes,3,Age-appropriateness concerns
The Marrow Thieves,Race & systemic inequality,1,Race & systemic inequality
Don't Get Caught,Age-appropriateness concerns; Violence & mature themes,2,Age-appropriateness concerns
"Sucktown, Alaska",Age-appropriateness concerns,1,Age-appropriateness concerns
Christopher Columbus: Explorer of the New World,Age-appropriateness concerns,1,Age-appropriateness concerns
Deadly Design,Age-appropriateness concerns; Sexual or romantic content; Violence & mature themes,3,Age-appropriateness concerns
Little Brother,Age-appropriateness concerns; Violence & mature themes,2,Age-appropriateness concerns
Pirate Cinema,Age-appropriateness concerns,1,Age-appropriateness concerns
Strangers She Knows,Sexual or romantic content; Violence & mature themes,2,Sexual or romantic content
"Health Smarts: How to Eat Right, Stay Fit, Make Positive Choices, and More",Age-appropriateness concerns,1,Age-appropriateness concerns
Lady Gaga: Pop's Glam Queen,Age-appropriateness concerns; LGBTQ+ identity & sexuality,2,Age-appropriateness concerns
All the Light We Cannot See,Violence & mature themes,1,Violence & mature themes
Annexed,Age-appropriateness concerns,1,Age-appropriateness concerns
Bob Marley,,0,Uncategorized
Something Like Normal,Age-appropriateness concerns; Violence & mature themes,2,Age-appropriateness concerns
The Devil You Know,Age-appropriateness concerns,1,Age-appropriateness concerns
Where the Stars Still Shine,Age-appropriateness concerns; Sexual or romantic content,2,Age-appropriateness concerns
Needles,,0,Uncategorized
Announcing Trouble,Age-appropriateness concerns; Sexual or romantic content,2,Age-appropriateness concerns
Look Homeward: A Life of Thomas Wolfe,,0,Uncategorized
Lies You Never Told Me,Age-appropriateness concerns,1,Age-appropriateness concerns
The One Tree,,0,Uncategorized
Brightly Burning,,0,Uncategorized
A Northern Light,Age-appropriateness concerns; Sexual or romantic content; Violence & mature themes,3,Age-appropriateness concerns
Stepsister,Age-appropriateness concerns; Sexual or romantic content,2,Age-appropriateness concerns
These Shallow Graves,Age-appropriateness concerns; Mental health & trauma,2,Age-appropriateness concerns
Room,Violence & mature themes,1,Violence & mature themes
A Heart of Stone,,0,Uncategorized
A Yellow Raft in Blue Water,,0,Uncategorized
The Cases that Haunt Us,Violence & mature themes,1,Violence & mature themes
The Taking of Jake Livingston,Age-appropriateness concerns; Race & systemic inequality; Violence & mature themes,3,Age-appropriateness concerns
A Swift Pure Cry,Age-appropriateness concerns,1,Age-appropriateness concerns
Bog Child,Age-appropriateness concerns,1,Age-appropriateness concerns
Solace of the Road,Age-appropriateness concerns,1,Age-appropriateness concerns
You Against Me,Age-appropriateness concerns,1,Age-appropriateness concerns
Saga Boy: My Life of Blackness and Becoming,Race & systemic inequality; Sexual or romantic content,2,Race & systemic inequality
The Adventures and the Memoirs of Sherlock Holmes,Violence & mature themes,1,Violence & mature themes
"I Love You, Beth Cooper",,0,Uncategorized
Last True Poets of the Sea,Age-appropriateness concerns,1,Age-appropriateness concerns
The Last True Poets of the Sea,Age-appropriateness concerns,1,Age-appropriateness concerns
Copper Sun,Age-appropriateness concerns; Race & systemic inequality; Violence & mature themes,3,Age-appropriateness concerns
November Blues,Age-appropriateness concerns,1,Age-appropriateness concerns
Panic (SMD),Age-appropriateness concerns; Mental health & trauma; Violence & mature themes,3,Age-appropriateness concerns
The Battle of Jericho,Age-appropriateness concerns,1,Age-appropriateness concerns
An American Tragedy,,0,Uncategorized
"Deal with It! A Whole New Approach to Your Body, Brain, and Life as a gURL",,0,Uncategorized
Van Gogh and Gauguin: The Studio of the South,,0,Uncategorized
"Black Reconstruction in America, 1860-1880",Violence & mature themes,1,Violence & mature themes
So You Want to be a Wizard,Age-appropriateness concerns; Mental health & trauma,2,Age-appropriateness concerns
House of Sand and Fog,Race & systemic inequality,1,Race & systemic inequality
The Man in the Iron Mask,,0,Uncategorized
The Three Musketeers,Violence & mature themes,1,Violence & mature themes
Salvage,Age-appropriateness concerns; Sexual or romantic content; Violence & mature themes,3,Age-appropriateness concerns
Daughters of Eve,Age-appropriateness concerns; Violence & mature themes,2,Age-appropriateness concerns
A Year Without a Name,LGBTQ+ identity & sexuality,1,LGBTQ+ identity & sexuality
Dating Makes Perfect,Age-appropriateness concerns; LGBTQ+ identity & sexuality; Sexual or romantic content; Violence & mature themes,4,Age-appropriateness concerns
Submarine,,0,Uncategorized
Mindset: The New Psychology of Success,,0,Uncategorized
After Summer,Age-appropriateness concerns; Sexual or romantic content; Violence & mature themes,3,Age-appropriateness concerns
Gender in the 21st Century,,0,Uncategorized
Paso a Paso,,0,Uncategorized
Biggest Flirts,Age-appropriateness concerns; Sexual or romantic content,2,Age-appropriateness concerns
The Belgariad,,0,Uncategorized
Who Was Elvis Presley?,Age-appropriateness concerns; Mental health & trauma,2,Age-appropriateness concerns
Flesh and Spirit,,0,Uncategorized
Merriam-Webster's Elementary Dictionary,,0,Uncategorized
Webster's Dictionary and Thesaurus for Students,,0,Uncategorized
The American Spirit: Meeting the Challenge of September 11,,0,Uncategorized
The American Heritage Children's Dictionary,,0,Uncategorized
Angelfall,Age-appropriateness concerns; Sexual or romantic content; Violence & mature themes,3,Age-appropriateness concerns
After (AE),Age-appropriateness concerns; Sexual or romantic content,2,Age-appropriateness concerns
A Visit from the Goon Squad,Mental health & trauma; Sexual or romantic content,2,Mental health & trauma
The Circle,Violence & mature themes,1,Violence & mature themes
You Shall Know Our Velocity,,0,Uncategorized
The Fascinators,Age-appropriateness concerns,1,Age-appropriateness concerns
Chain Reaction,Age-appropriateness concerns; Sexual or romantic content,2,Age-appropriateness concerns
Perfect Chemistry,Age-appropriateness concerns; Sexual or romantic content,2,Age-appropriateness concerns
Rules of Attraction,Age-appropriateness concerns; Mental health & trauma; Sexual or romantic content,3,Age-appropriateness concerns
Bull,Age-appropriateness concerns,1,Age-appropriateness concerns
Buried Heart,Age-appropriateness concerns; Sexual or romantic content; Violence & mature themes,3,Age-appropriateness concerns
The Real Riley Mayes,Age-appropriateness concerns; LGBTQ+ identity & sexuality,2,Age-appropriateness concerns
I Am a Taxi,Age-appropriateness concerns; Mental health & trauma; Violence & mature themes,3,Age-appropriateness concerns
Harrow Lake,Age-appropriateness concerns; Violence & mature themes,2,Age-appropriateness concerns
The Authority: Book One,,0,Uncategorized
The Butterfly Clues,Age-appropriateness concerns; Violence & mature themes,2,Age-appropriateness concerns
Invisible Man,Race & systemic inequality; Violence & mature themes,2,Race & systemic inequality
The Black Dahlia,Violence & mature themes,1,Violence & mature themes
The Lying Woods,Age-appropriateness concerns,1,Age-appropriateness concerns
This Is Our Story,Age-appropriateness concerns; Sexual or romantic content; Violence & mature themes,3,Age-appropriateness concerns
Recess Warriors: Hero Is A Four-Letter Word,Age-appropriateness concerns,1,Age-appropriateness concerns
Bitter,Age-appropriateness concerns,1,Age-appropriateness concerns
Dear Evan Hansen,Age-appropriateness concerns; Mental health & trauma,2,Age-appropriateness concerns
The Gathering,,0,Uncategorized
The Painter from Shanghai,Violence & mature themes,1,Violence & mature themes
The Round House,Age-appropriateness concerns; Race & systemic inequality,2,Age-appropriateness concerns
You're in the Wrong Bathroom!: And 20 Other Myths and Misconceptions About Transgender and Gender-Nonconforming People,LGBTQ+ identity & sexuality,1,LGBTQ+ identity & sexuality
The Incredible Magic of Being,Age-appropriateness concerns,1,Age-appropriateness concerns
Sophomore Undercover,Age-appropriateness concerns,1,Age-appropriateness concerns
Like Water for Chocolate,Sexual or romantic content,1,Sexual or romantic content
Dracula in Love,Sexual or romantic content,1,Sexual or romantic content
Rana Joon and the One and Only Now,Age-appropriateness concerns; LGBTQ+ identity & sexuality,2,Age-appropriateness concerns
Eleven on Top,,0,Uncategorized
Fealess Fourteen,Sexual or romantic content; Violence & mature themes,2,Sexual or romantic content
Finger Lickin Fifteen,Sexual or romantic content; Violence & mature themes,2,Sexual or romantic content
Full House,Sexual or romantic content; Violence & mature themes,2,Sexual or romantic content
Hard Eight,Sexual or romantic content; Violence & mature themes,2,Sexual or romantic content
Lean Mean Thirteen,Sexual or romantic content; Violence & mature themes,2,Sexual or romantic content
Metro Girl,Sexual or romantic content; Violence & mature themes,2,Sexual or romantic content
Motor Mouth,,0,Uncategorized
Plum Lovin,Sexual or romantic content; Violence & mature themes,2,Sexual or romantic content
Plum Lucky,,0,Uncategorized
Plum Spooky,Sexual or romantic content; Violence & mature themes,2,Sexual or romantic content
Twelve Sharp,Sexual or romantic content; Violence & mature themes,2,Sexual or romantic content
Two for the Dough,Sexual or romantic content; Violence & mature themes,2,Sexual or romantic content
The Horse Whisperer,Sexual or romantic content,1,Sexual or romantic content
Lawn Boy (JE),Age-appropriateness concerns; LGBTQ+ identity & sexuality,2,Age-appropriateness concerns
Hank and Jim: The Fifty-Year Friendship of Henry Fonda and James Stewart,,0,Uncategorized
Nothing Left to Burn,Age-appropriateness concerns,1,Age-appropriateness concerns
Sleepless,Age-appropriateness concerns; Sexual or romantic content; Violence & mature themes,3,Age-appropriateness concerns
Brain Jack,Age-appropriateness concerns,1,Age-appropriateness concerns
Dark Life,Age-appropriateness concerns; Violence & mature themes,2,Age-appropriateness concerns
Rip Tide,Age-appropriateness concerns; Violence & mature themes,2,Age-appropriateness concerns
Written in Blood: A True Story of Murder and a Deadly 16-year-old Secret that Tore A Family Apart,Violence & mature themes,1,Violence & mature themes
Jekel Loves Hyde,Age-appropriateness concerns,1,Age-appropriateness concerns
Ask the Dust,,0,Uncategorized
Aaliyah: More Than a Woman,,0,Uncategorized
"Bad Days In History: A Gleefully Grim Chronicle of Misfortune, Mayhem, and Misery for Every Day of the Year",,0,Uncategorized
Busted Flush,,0,Uncategorized
The Comedy Writer,,0,Uncategorized
"Catch and Kill: Lies, Spies, and a Conspiracy to Protect Predators",Mental health & trauma; Violence & mature themes,2,Mental health & trauma
As I Lay Dying,,0,Uncategorized
Big Woods: The Hunting Stories,,0,Uncategorized
Light in August,,0,Uncategorized
The Reivers,,0,Uncategorized
The Sound and the Fury,,0,Uncategorized
Jane Steele,Sexual or romantic content,1,Sexual or romantic content
Dancing at the Pity Party: A Dead Mom Graphic Memoir,Mental health & trauma,1,Mental health & trauma
"Five, Six, Seven, Nate",Age-appropriateness concerns,1,Age-appropriateness concerns
"The Best, Worst and Most Unusual: Noteworthy Achievements, Events, Feats and Blunders of Every Conceivable Kind",,0,Uncategorized
Wild Tongues Can't Be Tamed: 15 Voices from the Latinx Diaspora,Age-appropriateness concerns; LGBTQ+ identity & sexuality; Mental health & trauma,3,Age-appropriateness concerns
The Angel of Death,Age-appropriateness concerns; Religion & worldview,2,Age-appropriateness concerns
The Christopher Killer,Age-appropriateness concerns; Violence & mature themes,2,Age-appropriateness concerns
The Circle of Blood,Age-appropriateness concerns; Mental health & trauma; Violence & mature themes,3,Age-appropriateness concerns
The Best from Fantasy and Science Fiction: A Special 25th Anniversary Anthology,,0,Uncategorized
Manu,Age-appropriateness concerns,1,Age-appropriateness concerns
See All the Stars,Age-appropriateness concerns; Sexual or romantic content; Violence & mature themes,3,Age-appropriateness concerns
We Walked the Sky,Age-appropriateness concerns; Sexual or romantic content,2,Age-appropriateness concerns
Gay and Lesbian Parents,LGBTQ+ identity & sexuality; Sexual or romantic content,2,LGBTQ+ identity & sexuality
Your One and Only,Age-appropriateness concerns,1,Age-appropriateness concerns
Starfish (LF),Age-appropriateness concerns; Mental health & trauma; Sexual or romantic content,3,Age-appropriateness concerns
The Loose Ends List,Age-appropriateness concerns,1,Age-appropriateness concerns
"Hearts, Strings, and Other Breakable Things",Age-appropriateness concerns,1,Age-appropriateness concerns
Incarceron,Age-appropriateness concerns; Violence & mature themes,2,Age-appropriateness concerns
Sapphique,Age-appropriateness concerns; Violence & mature themes,2,Age-appropriateness concerns
White Oleander,Age-appropriateness concerns; Sexual or romantic content; Violence & mature themes,3,Age-appropriateness concerns
Tender is the Night,Sexual or romantic content,1,Sexual or romantic content
Under the Egg,Age-appropriateness concerns,1,Age-appropriateness concerns
Black Ice,Mental health & trauma,1,Mental health & trauma
Crescendo,Age-appropriateness concerns; Sexual or romantic content,2,Age-appropriateness concerns
Dangerous Lies,Age-appropriateness concerns; Violence & mature themes,2,Age-appropriateness concerns
Finale,Age-appropriateness concerns; Sexual or romantic content; Violence & mature themes,3,Age-appropriateness concerns
"Hush, Hush",Age-appropriateness concerns; Sexual or romantic content,2,Age-appropriateness concerns
Silence,Age-appropriateness concerns; Sexual or romantic content,2,Age-appropriateness concerns
What I Thought Was True,Age-appropriateness concerns; Sexual or romantic content,2,Age-appropriateness concerns
Madame Bovary: A Story of Provincial Life,,0,Uncategorized
"The Encyclopedia of Mythology: Gods, Heroes, and Legends of the Greeks and Romans",Religion & worldview,1,Religion & worldview
Beastly,Age-appropriateness concerns; Sexual or romantic content,2,Age-appropriateness concerns
Bewitching,Age-appropriateness concerns; Religion & worldview; Sexual or romantic content,3,Age-appropriateness concerns
Breathing Underwater,Age-appropriateness concerns; Mental health & trauma; Sexual or romantic content,3,Age-appropriateness concerns
Lulu is a Rhinoceros,Age-appropriateness concerns; Mental health & trauma,2,Age-appropriateness concerns
I Will Dance,Age-appropriateness concerns,1,Age-appropriateness concerns
"Keep it Together, Keiko Carter",Age-appropriateness concerns,1,Age-appropriateness concerns
Dark Places,Violence & mature themes,1,Violence & mature themes
Sharp Objects,Violence & mature themes,1,Violence & mature themes
The Grownup,Violence & mature themes,1,Violence & mature themes
All Eyes On Her,Age-appropriateness concerns; Violence & mature themes,2,Age-appropriateness concerns
Separation of Power,Violence & mature themes,1,Violence & mature themes
Extremely Loud and Incredibly Close,,0,Uncategorized
The Guest List,Violence & mature themes,1,Violence & mature themes
Zoya's Story: An Afghan Woman's Struggle for Freedom,Violence & mature themes,1,Violence & mature themes
The Man from St. Petersburg,Violence & mature themes,1,Violence & mature themes
The Pillars of the Earth,Violence & mature themes,1,Violence & mature themes
World Without End,,0,Uncategorized
Kids Helping Kids Break the Silence of Sexual Abuse,Age-appropriateness concerns; Mental health & trauma; Sexual or romantic content,3,Age-appropriateness concerns
Come Back: A Mother and Daughter's Journey Through Hell and Back,Mental health & trauma,1,Mental health & trauma
Atalanta: The Race Against Destiny,Age-appropriateness concerns,1,Age-appropriateness concerns
Deadly Drive,Age-appropriateness concerns,1,Age-appropriateness concerns
The Accidental Apprentice,Age-appropriateness concerns,1,Age-appropriateness concerns
Hotel on the Corner of Bitter and Sweet,Sexual or romantic content; Violence & mature themes,2,Sexual or romantic content
Demon Tide,Age-appropriateness concerns; Religion & worldview; Sexual or romantic content; Violence & mature themes,4,Age-appropriateness concerns
Light Mage,Age-appropriateness concerns,1,Age-appropriateness concerns
Shadow Wand,Age-appropriateness concerns; Religion & worldview; Sexual or romantic content,3,Age-appropriateness concerns
The Black Witch,Age-appropriateness concerns; Religion & worldview; Sexual or romantic content; Violence & mature themes,4,Age-appropriateness concerns
The Iron Flower,Age-appropriateness concerns; Religion & worldview; Sexual or romantic content,3,Age-appropriateness concerns
Frankie and Bug,Age-appropriateness concerns; LGBTQ+ identity & sexuality,2,Age-appropriateness concerns
Just One Day,Age-appropriateness concerns; Sexual or romantic content,2,Age-appropriateness concerns
Just One Year,Age-appropriateness concerns; Sexual or romantic content,2,Age-appropriateness concerns
The Gilded Ones,Age-appropriateness concerns,1,Age-appropriateness concerns
The Day of the Jackal,Violence & mature themes,1,Violence & mature themes
Every Summer After,,0,Uncategorized
Billy Lynn's Long Halftime Walk,Age-appropriateness concerns; Violence & mature themes,2,Age-appropriateness concerns
The Jane Austen Book Club,Sexual or romantic content,1,Sexual or romantic content
We Are All Completely Beside Ourselves,,0,Uncategorized
Spellbook of the Lost and Found,Age-appropriateness concerns,1,Age-appropriateness concerns
The Accident Season,Age-appropriateness concerns,1,Age-appropriateness concerns
Special of the Day,Sexual or romantic content,1,Sexual or romantic content
The Slave Dancer,Age-appropriateness concerns,1,Age-appropriateness concerns
Who Was Thomas Jefferson?,Age-appropriateness concerns,1,Age-appropriateness concerns
Slayride,,0,Uncategorized
Falling Hard: 100 Love Poems by Teenagers,Age-appropriateness concerns; LGBTQ+ identity & sexuality; Sexual or romantic content,3,Age-appropriateness concerns
You Hear Me? Poems and Writing by Teenage Boys,Age-appropriateness concerns,1,Age-appropriateness concerns
Palo Alto: Stories,Age-appropriateness concerns; Mental health & trauma; Violence & mature themes,3,Age-appropriateness concerns
Diary of a Young Girl,,0,Uncategorized
Wrecked,Age-appropriateness concerns; Mental health & trauma,2,Age-appropriateness concerns
Friction,Age-appropriateness concerns; Mental health & trauma; Sexual or romantic content,3,Age-appropriateness concerns
"Alas, Babylon",Race & systemic inequality; Violence & mature themes,2,Race & systemic inequality
A Work in Progress,LGBTQ+ identity & sexuality; Sexual or romantic content,2,LGBTQ+ identity & sexuality
Freedom,,0,Uncategorized
A Landing on the Sun,,0,Uncategorized
In Every Life,Age-appropriateness concerns; Religion & worldview,2,Age-appropriateness concerns
Cold Mountain,Sexual or romantic content; Violence & mature themes,2,Sexual or romantic content
Season of the witch,Age-appropriateness concerns,1,Age-appropriateness concerns
The true meaning of cleavage,Age-appropriateness concerns; Sexual or romantic content,2,Age-appropriateness concerns
The Likeness,Violence & mature themes,1,Violence & mature themes
Endgame: The Calling,Age-appropriateness concerns,1,Age-appropriateness concerns
Teenage Pregnancy and Parenting,Mental health & trauma; Sexual or romantic content,2,Mental health & trauma
To Have or to Be?,Violence & mature themes,1,Violence & mature themes
The Paladin Prophecy,Age-appropriateness concerns,1,Age-appropriateness concerns
The Campaign,,0,Uncategorized
Truancy City,Age-appropriateness concerns; Violence & mature themes,2,Age-appropriateness concerns
Truancy Origins,Age-appropriateness concerns,1,Age-appropriateness concerns
Inkdeath,Age-appropriateness concerns; Race & systemic inequality,2,Age-appropriateness concerns
A Breath of Snow and Ashes,Sexual or romantic content,1,Sexual or romantic content
An Echo in the Bone,Sexual or romantic content; Violence & mature themes,2,Sexual or romantic content
Dragonfly in Amber,Sexual or romantic content,1,Sexual or romantic content
Drums of Autumn,Sexual or romantic content,1,Sexual or romantic content
The Fiery Cross,Sexual or romantic content; Violence & mature themes,2,Sexual or romantic content
Voyager,Sexual or romantic content,1,Sexual or romantic content
Written in My Own Heart's Blood,Sexual or romantic content; Violence & mature themes,2,Sexual or romantic content
No Problem,Age-appropriateness concerns; Mental health & trauma,2,Age-appropriateness concerns
#famous,,0,Uncategorized
My Fate According to the Butterfly,Age-appropriateness concerns,1,Age-appropriateness concerns
"Good Omens: The Nice and Accurate Prophecies of Agnes Nutter, Witch",,0,Uncategorized
Neverwhere,Violence & mature themes,1,Violence & mature themes
Norse Mythology,,0,Uncategorized
Stardust,Age-appropriateness concerns; Religion & worldview,2,Age-appropriateness concerns
"The Sandman, Vol. 1: Preludes and Nocturnes",,0,Uncategorized
"The Sandman, Vol. 10: The Wake",,0,Uncategorized
"The Sandman, Vol. 2: The Doll's House",Violence & mature themes,1,Violence & mature themes
"The Sandman, Vol. 3: Dream Country",,0,Uncategorized
"The Sandman, Vol. 4: Season of Mists",,0,Uncategorized
"The Sandman, Vol. 5: A Game of You",,0,Uncategorized
"The Sandman, Vol. 6: Fables and Reflections",,0,Uncategorized
"The Sandman, Vol. 7: Brief Lives",,0,Uncategorized
"The Sandman, Vol. 8: World's End",,0,Uncategorized
"The Sandman, Vol. 9: The Kindly Ones",,0,Uncategorized
A Gathering of Old Men,,0,Uncategorized
The Ancient Romans,Age-appropriateness concerns,1,Age-appropriateness concerns
Cazadora,Age-appropriateness concerns; LGBTQ+ identity & sexuality; Sexual or romantic content,3,Age-appropriateness concerns
Caraval,Age-appropriateness concerns,1,Age-appropriateness concerns
Legendary,Age-appropriateness concerns; Religion & worldview; Sexual or romantic content,3,Age-appropriateness concerns
The House of Bernarda Alba,,0,Uncategorized
Chronicle of a Death Foretold,Violence & mature themes,1,Violence & mature themes
Love in the Time of Cholera,Sexual or romantic content,1,Sexual or romantic content
One Hundred Years of Solitude,,0,Uncategorized
Beautiful Chaos,Age-appropriateness concerns; Religion & worldview; Sexual or romantic content,3,Age-appropriateness concerns
Beautiful Creatures,Age-appropriateness concerns; Religion & worldview; Sexual or romantic content,3,Age-appropriateness concerns
Beautiful Darkness,Age-appropriateness concerns; Religion & worldview; Sexual or romantic content,3,Age-appropriateness concerns
Beautiful Redemption,Age-appropriateness concerns; Religion & worldview; Sexual or romantic content,3,Age-appropriateness concerns
The Lovely Reckless,Age-appropriateness concerns; Sexual or romantic content,2,Age-appropriateness concerns
Molly's Family,Age-appropriateness concerns; LGBTQ+ identity & sexuality,2,Age-appropriateness concerns
Bach: Music in the Castle of Heaven,Violence & mature themes,1,Violence & mature themes
Grendel,,0,Uncategorized
Maggot Moon,Age-appropriateness concerns; LGBTQ+ identity & sexuality; Violence & mature themes,3,Age-appropriateness concerns
Friday I'm in Love,Age-appropriateness concerns; LGBTQ+ identity & sexuality; Sexual or romantic content,3,Age-appropriateness concerns
Killjoy,Sexual or romantic content; Violence & mature themes,2,Sexual or romantic content
Air,Age-appropriateness concerns,1,Age-appropriateness concerns
Famous Players: The Mysterious Death of William Desmond Taylor,,0,Uncategorized
Of Jenny and the Aliens,Age-appropriateness concerns; Sexual or romantic content; Violence & mature themes,3,Age-appropriateness concerns
Date and Acquaintance Rape,Violence & mature themes,1,Violence & mature themes
Wildman,Age-appropriateness concerns; Sexual or romantic content,2,Age-appropriateness concerns
The Last American Hero: The Remarkable Life of John Glenn,Violence & mature themes,1,Violence & mature themes
Julie of the Wolves,Age-appropriateness concerns,1,Age-appropriateness concerns
Helen of Troy,Sexual or romantic content; Violence & mature themes,2,Sexual or romantic content
The Paris Project,Age-appropriateness concerns; LGBTQ+ identity & sexuality,2,Age-appropriateness concerns
The Distance From Me to You,Age-appropriateness concerns,1,Age-appropriateness concerns
Gender Identity (OG),Age-appropriateness concerns; LGBTQ+ identity & sexuality,2,Age-appropriateness concerns
Ellen Foster,Age-appropriateness concerns; Violence & mature themes,2,Age-appropriateness concerns
Spy School Secret Service,Age-appropriateness concerns,1,Age-appropriateness concerns
Woodcuts of Women: Stories,,0,Uncategorized
"Eat, Pray, Love: One Women's Search for Everything Across Italy, India and Indonesia",Mental health & trauma,1,Mental health & trauma
Picture Us In the Light,Age-appropriateness concerns,1,Age-appropriateness concerns
Sand and Foam,Religion & worldview,1,Religion & worldview
That Night,Age-appropriateness concerns; Mental health & trauma; Sexual or romantic content; Violence & mature themes,4,Age-appropriateness concerns
Endangered (LG),Age-appropriateness concerns; Violence & mature themes,2,Age-appropriateness concerns
Fake ID,Age-appropriateness concerns; Violence & mature themes,2,Age-appropriateness concerns
How Moon Fuentez Fell in Love with the Universe,Age-appropriateness concerns,1,Age-appropriateness concerns
As the Crow Flies,Age-appropriateness concerns; LGBTQ+ identity & sexuality,2,Age-appropriateness concerns
Stage Dreams,Age-appropriateness concerns; LGBTQ+ identity & sexuality,2,Age-appropriateness concerns
Bobby Rex's Greatest Hits,,0,Uncategorized
Alice Austen Lived Here,Age-appropriateness concerns; LGBTQ+ identity & sexuality,2,Age-appropriateness concerns
"You Don’t Know Everything, Jilly P!",Age-appropriateness concerns,1,Age-appropriateness concerns
Collected Poems 1947-1980,LGBTQ+ identity & sexuality,1,LGBTQ+ identity & sexuality
Howl and Other Poems,LGBTQ+ identity & sexuality,1,LGBTQ+ identity & sexuality
Ethiopia,Age-appropriateness concerns,1,Age-appropriateness concerns
Sexual Consent,,0,Uncategorized
Graphic Design,,0,Uncategorized
You'd Be Home Now,Age-appropriateness concerns; Mental health & trauma; Violence & mature themes,3,Age-appropriateness concerns
"Guinness Book of World Records, 2000",,0,Uncategorized
"Guinness Book of World Records, 2018",,0,Uncategorized
"Guinness Book of World Records, 2019",,0,Uncategorized
"Guinness Book of World Records, 2020",,0,Uncategorized
"Guinness Book of World Records, 2023",,0,Uncategorized
After the Game,Age-appropriateness concerns; Sexual or romantic content; Violence & mature themes,3,Age-appropriateness concerns
Losing the Field,Age-appropriateness concerns; Sexual or romantic content,2,Age-appropriateness concerns
Under the Lights,Age-appropriateness concerns; Sexual or romantic content,2,Age-appropriateness concerns
Until Friday Night,Age-appropriateness concerns; Sexual or romantic content,2,Age-appropriateness concerns
The Diary of a Teenage Girl: An Account in Words and Pictures,Sexual or romantic content,1,Sexual or romantic content
Envy,Age-appropriateness concerns; Sexual or romantic content,2,Age-appropriateness concerns
Rumors,Age-appropriateness concerns; Sexual or romantic content,2,Age-appropriateness concerns
The Luxe,Age-appropriateness concerns; Sexual or romantic content,2,Age-appropriateness concerns
Excuse Me While I Ugly Cry,Age-appropriateness concerns; Sexual or romantic content,2,Age-appropriateness concerns
King of the Screwups,Age-appropriateness concerns; LGBTQ+ identity & sexuality,2,Age-appropriateness concerns
Saint Iggy,Age-appropriateness concerns,1,Age-appropriateness concerns
Fat Kid Rules the World,Age-appropriateness concerns; Mental health & trauma,2,Age-appropriateness concerns
Bee Season,,0,Uncategorized
Kenang-Kenangan Seorang Geisha (Memoirs of a Geisha),Sexual or romantic content; Violence & mature themes,2,Sexual or romantic content
Memoirs of a Geisha,Sexual or romantic content,1,Sexual or romantic content
The Truth About Rape,Sexual or romantic content; Violence & mature themes,2,Sexual or romantic content
The First Wives Club,,0,Uncategorized
Days of Infamy: How A Century of Bigotry Led to Japenese American Internment,Race & systemic inequality; Violence & mature themes,2,Race & systemic inequality
Would You Rather… Terrifically Twisted: Over 300 Crazy Questions,Age-appropriateness concerns,1,Age-appropriateness concerns
Love and Other Carnivorous Plants,Age-appropriateness concerns; LGBTQ+ identity & sexuality; Mental health & trauma; Sexual or romantic content,4,Age-appropriateness concerns
Only Mostly Devastated,Age-appropriateness concerns; LGBTQ+ identity & sexuality; Sexual or romantic content,3,Age-appropriateness concerns
Wings (JG),Age-appropriateness concerns; Race & systemic inequality,2,Age-appropriateness concerns
Wizard's First Rule,Religion & worldview; Violence & mature themes,2,Religion & worldview
Eon: Dragoneye Reborn,Age-appropriateness concerns; Religion & worldview,2,Age-appropriateness concerns
Eona: The Last Dragoneye,Age-appropriateness concerns; Mental health & trauma; Religion & worldview; Sexual or romantic content,4,Age-appropriateness concerns
The Dark Days Club,Age-appropriateness concerns; Sexual or romantic content,2,Age-appropriateness concerns
They Wish They Were Us,Age-appropriateness concerns; Violence & mature themes,2,Age-appropriateness concerns
A Reliable Wife,Sexual or romantic content; Violence & mature themes,2,Sexual or romantic content
Beethoven Was One-sixteenth Black: and Other Stories,,0,Uncategorized
Jack the Ripper,Violence & mature themes,1,Violence & mature themes
Under Rose-Tainted Skies,Age-appropriateness concerns; Mental health & trauma; Sexual or romantic content,3,Age-appropriateness concerns
Ordinary Girl,Sexual or romantic content,1,Sexual or romantic content
"Demon Slayer: Kimetsu No Yaiba (Series, Title Not Specified)",,0,Uncategorized
The Handsome Girl and Her Beautiful Boy,Age-appropriateness concerns; LGBTQ+ identity & sexuality; Sexual or romantic content,3,Age-appropriateness concerns
A Million Quiet Revolutions,Age-appropriateness concerns; LGBTQ+ identity & sexuality; Sexual or romantic content; Violence & mature themes,4,Age-appropriateness concerns
Making Sexual Decisions: The Ultimate Teen Guide,Sexual or romantic content,1,Sexual or romantic content
All the Stars and Teeth,Age-appropriateness concerns,1,Age-appropriateness concerns
All the Tides of Fate,Age-appropriateness concerns,1,Age-appropriateness concerns
In Too Deep,Age-appropriateness concerns; Violence & mature themes,2,Age-appropriateness concerns
Icebreaker (HG),,0,Uncategorized
Boys I Know,Age-appropriateness concerns; Sexual or romantic content,2,Age-appropriateness concerns
Abraham Lincoln: Vampire Hunter,Violence & mature themes,1,Violence & mature themes
Pride and Prejudice and Zombies: The Classic Regency Romance -- Now With Ultraviolent Zombie Mayhem,Sexual or romantic content; Violence & mature themes,2,Sexual or romantic content
The Distance Between Us: A Memoir,Race & systemic inequality,1,Race & systemic inequality
Still the Greatest: Muhammad Ali,,0,Uncategorized
BZRK,Age-appropriateness concerns; Violence & mature themes,2,Age-appropriateness concerns
BZRK Apocalypse,Age-appropriateness concerns,1,Age-appropriateness concerns
Front Lines,Age-appropriateness concerns; Violence & mature themes,2,Age-appropriateness concerns
Tell Me When You Feel Something,Age-appropriateness concerns,1,Age-appropriateness concerns
Strange Grace,Age-appropriateness concerns; LGBTQ+ identity & sexuality; Sexual or romantic content,3,Age-appropriateness concerns
Allies,Age-appropriateness concerns,1,Age-appropriateness concerns
Projekt 1065: A Novel of World War II,Age-appropriateness concerns; Violence & mature themes,2,Age-appropriateness concerns
Beasts of Prey,Age-appropriateness concerns,1,Age-appropriateness concerns
A Thousand Pieces of You,Age-appropriateness concerns; Sexual or romantic content; Violence & mature themes,3,Age-appropriateness concerns
Defy the Stars,Age-appropriateness concerns; Violence & mature themes,2,Age-appropriateness concerns
Stargazer,Age-appropriateness concerns; Sexual or romantic content,2,Age-appropriateness concerns
Behind the Gates,Age-appropriateness concerns; Violence & mature themes,2,Age-appropriateness concerns
Run For Cover,Age-appropriateness concerns,1,Age-appropriateness concerns
Set Me Free,Age-appropriateness concerns; Violence & mature themes,2,Age-appropriateness concerns
With the Enemy,Age-appropriateness concerns; Violence & mature themes,2,Age-appropriateness concerns
Maybe I Will,Sexual or romantic content; Violence & mature themes,2,Sexual or romantic content
Going Bovine,,0,Uncategorized
I Never Promised You a Rose Garden,Age-appropriateness concerns; Mental health & trauma,2,Age-appropriateness concerns
An Abundance of Katherines,Age-appropriateness concerns; Sexual or romantic content,2,Age-appropriateness concerns
Paper Towns,Age-appropriateness concerns; Sexual or romantic content,2,Age-appropriateness concerns
The Fault in our Stars,Age-appropriateness concerns,1,Age-appropriateness concerns
Half Bad,,0,Uncategorized
Half Lost,Age-appropriateness concerns; LGBTQ+ identity & sexuality; Religion & worldview; Violence & mature themes,4,Age-appropriateness concerns
Half Wild,Violence & mature themes,1,Violence & mature themes
Having Young,Age-appropriateness concerns; Sexual or romantic content,2,Age-appropriateness concerns
Heartbreak Boys,Age-appropriateness concerns; LGBTQ+ identity & sexuality; Sexual or romantic content,3,Age-appropriateness concerns
The Quiet American,Violence & mature themes,1,Violence & mature themes
Sophie Hartley and the Facts of Life,Age-appropriateness concerns,1,Age-appropriateness concerns
Libertie,Gender politics & feminism; Race & systemic inequality,2,Gender politics & feminism
My Summer of Pink and Green,Age-appropriateness concerns,1,Age-appropriateness concerns
Sweet Treats and Secret Crushes,Age-appropriateness concerns; Sexual or romantic content,2,Age-appropriateness concerns
Changeling,Age-appropriateness concerns; Sexual or romantic content,2,Age-appropriateness concerns
The Boleyn Inheritance,Sexual or romantic content; Violence & mature themes,2,Sexual or romantic content
The Constant Princess,Sexual or romantic content,1,Sexual or romantic content
The Other Boleyn Girl,Sexual or romantic content,1,Sexual or romantic content
The Queen's Fool,,0,Uncategorized
The Virgin's Lover,,0,Uncategorized
Little Princes: One Man's Promise to Bring Home the Lost Children of Nepal,Violence & mature themes,1,Violence & mature themes
The Girl at Midnight,Age-appropriateness concerns; Violence & mature themes,2,Age-appropriateness concerns
Valiant Ladies,Age-appropriateness concerns; LGBTQ+ identity & sexuality,2,Age-appropriateness concerns
All You Never Wanted,Age-appropriateness concerns,1,Age-appropriateness concerns
Loud Awake and Lost,Age-appropriateness concerns; Sexual or romantic content,2,Age-appropriateness concerns
The Unfinished Life of Addison Stone,Age-appropriateness concerns,1,Age-appropriateness concerns
Handcuffs,Age-appropriateness concerns; Sexual or romantic content,2,Age-appropriateness concerns
Black Like Me,Race & systemic inequality,1,Race & systemic inequality
Silhouette of a Sparrow,Age-appropriateness concerns,1,Age-appropriateness concerns
Stay With Me (PG),Age-appropriateness concerns,1,Age-appropriateness concerns
Dark Sons,Age-appropriateness concerns,1,Age-appropriateness concerns
If You're a Kid Like Gavin: The True Story of a Young Trans Activist,Age-appropriateness concerns; LGBTQ+ identity & sexuality,2,Age-appropriateness concerns
Who Was Harvey Milk?,Age-appropriateness concerns; LGBTQ+ identity & sexuality,2,Age-appropriateness concerns
A Painted House,Violence & mature themes,1,Violence & mature themes
Sycamore Row,Violence & mature themes,1,Violence & mature themes
The Associate,Mental health & trauma; Violence & mature themes,2,Mental health & trauma
The Brethren,Violence & mature themes,1,Violence & mature themes
The Firm,Violence & mature themes,1,Violence & mature themes
The King of Torts,Violence & mature themes,1,Violence & mature themes
The Last Juror,Violence & mature themes,1,Violence & mature themes
The Pelican Brief,Violence & mature themes,1,Violence & mature themes
The Runaway Jury,Violence & mature themes,1,Violence & mature themes
The Street Lawyer,Violence & mature themes,1,Violence & mature themes
A Time to Kill,Violence & mature themes,1,Violence & mature themes
The Kitchen House,Mental health & trauma,1,Mental health & trauma
From Where I Watch You,Age-appropriateness concerns,1,Age-appropriateness concerns
Forrest Gump,Violence & mature themes,1,Violence & mature themes
The Magician King,Age-appropriateness concerns; Religion & worldview,2,Age-appropriateness concerns
The Magician’s Land,Religion & worldview,1,Religion & worldview
The Magicians,Age-appropriateness concerns; Religion & worldview; Sexual or romantic content,3,Age-appropriateness concerns
Little Mercies,Sexual or romantic content; Violence & mature themes,2,Sexual or romantic content
300 years of San Antonio and Bexar County,,0,Uncategorized
After the Ink Dries,Age-appropriateness concerns; Sexual or romantic content,2,Age-appropriateness concerns
The Music of Summer,Age-appropriateness concerns,1,Age-appropriateness concerns
Prince and Knight,Age-appropriateness concerns; LGBTQ+ identity & sexuality; Sexual or romantic content,3,Age-appropriateness concerns
Caught,Age-appropriateness concerns,1,Age-appropriateness concerns
Revealed (MPH),Age-appropriateness concerns,1,Age-appropriateness concerns
Sent,Age-appropriateness concerns,1,Age-appropriateness concerns
Torn,Age-appropriateness concerns; Religion & worldview; Sexual or romantic content; Violence & mature themes,4,Age-appropriateness concerns
Uprising,Age-appropriateness concerns; Race & systemic inequality,2,Age-appropriateness concerns
Mister Death's Blue-Eyed Girls,Age-appropriateness concerns; Violence & mature themes,2,Age-appropriateness concerns
The Wind Blows Backward,Age-appropriateness concerns,1,Age-appropriateness concerns
No One Else Can Have You,Age-appropriateness concerns; Violence & mature themes,2,Age-appropriateness concerns
Enna Burning,Age-appropriateness concerns; Sexual or romantic content; Violence & mature themes,3,Age-appropriateness concerns
Roots: The Saga of An American Family,Race & systemic inequality,1,Race & systemic inequality
The Quiller Memorandum,Violence & mature themes,1,Violence & mature themes
Boyfriend Material,LGBTQ+ identity & sexuality,1,LGBTQ+ identity & sexuality
The Conspiracy of Us,Age-appropriateness concerns; Violence & mature themes,2,Age-appropriateness concerns
Gods and Goddesses: A Treasury of Deities and Tales from World Mythology,,0,Uncategorized
A Map of the World,,0,Uncategorized
Guilty Pleasures,Sexual or romantic content; Violence & mature themes,2,Sexual or romantic content
Ashes to Ashes,Age-appropriateness concerns; Sexual or romantic content,2,Age-appropriateness concerns
It's Not Summer Without You,Age-appropriateness concerns,1,Age-appropriateness concerns
The Summer I Turned Pretty,Age-appropriateness concerns; Sexual or romantic content,2,Age-appropriateness concerns
To All the Boys I've Loved Before,Age-appropriateness concerns; Sexual or romantic content,2,Age-appropriateness concerns
The World's Strongest Librarian: A Book Lover's Adventures,,0,Uncategorized
My Sister's Bones,Race & systemic inequality,1,Race & systemic inequality
"Can We Talk About Consent: A Book About Freedom, Choices and Agreement",Age-appropriateness concerns; Sexual or romantic content,2,Age-appropriateness concerns
The Last Time We Say Goodbye,Age-appropriateness concerns; Mental health & trauma,2,Age-appropriateness concerns
King Arthur and the Knights of the Round Table,,0,Uncategorized
Between Sisters,,0,Uncategorized
Distant Shores,Sexual or romantic content,1,Sexual or romantic content
Firefly Lane,Sexual or romantic content,1,Sexual or romantic content
Fly Away,Sexual or romantic content,1,Sexual or romantic content
Home Again,,0,Uncategorized
Night Road,,0,Uncategorized
On Mystic Lake,Sexual or romantic content,1,Sexual or romantic content
Summer Island,Mental health & trauma; Sexual or romantic content,2,Mental health & trauma
The Great Alone,Sexual or romantic content; Violence & mature themes,2,Sexual or romantic content
The Nightingale,Sexual or romantic content; Violence & mature themes,2,Sexual or romantic content
Jude the Obscure,,0,Uncategorized
Tess of the D'Urbervilles,Sexual or romantic content,1,Sexual or romantic content
Gnomon,Violence & mature themes,1,Violence & mature themes
Shadow of Night,Sexual or romantic content,1,Sexual or romantic content
The Book of Life,Religion & worldview; Sexual or romantic content,2,Religion & worldview
Clarity,Age-appropriateness concerns; Violence & mature themes,2,Age-appropriateness concerns
A Touch of Dead,,0,Uncategorized
Club Dead,Sexual or romantic content,1,Sexual or romantic content
Dead to the World,Sexual or romantic content,1,Sexual or romantic content
Definitely Dead,,0,Uncategorized
Living Dead in Dallas,Sexual or romantic content; Violence & mature themes,2,Sexual or romantic content
Chocolat,Sexual or romantic content,1,Sexual or romantic content
The Girl with No Shadow (published in UK as The Lollipop Shoes),,0,Uncategorized
"It's So Amazing!: A Book about Eggs, Sperm, Birth, Babies, and Families",Age-appropriateness concerns; Sexual or romantic content,2,Age-appropriateness concerns
The Silence of the Lambs,Sexual or romantic content; Violence & mature themes,2,Sexual or romantic content
The Silent Wife,Violence & mature themes,1,Violence & mature themes
West of Eden,,0,Uncategorized
The Pretty Committee Strikes Back,Age-appropriateness concerns; Sexual or romantic content,2,Age-appropriateness concerns
Clique,Age-appropriateness concerns,1,Age-appropriateness concerns
The King of Lies,,0,Uncategorized
Geography Club,Age-appropriateness concerns; LGBTQ+ identity & sexuality; Sexual or romantic content,3,Age-appropriateness concerns
Three Truths and a Lie,Age-appropriateness concerns,1,Age-appropriateness concerns
Tess of the Road,Age-appropriateness concerns,1,Age-appropriateness concerns
Plainsong,,0,Uncategorized
Sasaki and Miyano,Age-appropriateness concerns; LGBTQ+ identity & sexuality; Sexual or romantic content,3,Age-appropriateness concerns
Three Little Words,,0,Uncategorized
The Best 100 Poems of Gwen Harwood,,0,Uncategorized
Crash and Burn,Age-appropriateness concerns; Violence & mature themes,2,Age-appropriateness concerns
Girlchild,Age-appropriateness concerns,1,Age-appropriateness concerns
For the Love: Fighting for Grace in a World of Impossible Standards,Religion & worldview,1,Religion & worldview
"Ouran High School Host Club (Series, Title Not Specified)",,0,Uncategorized
Our Year in Love and Parties,Age-appropriateness concerns; Sexual or romantic content,2,Age-appropriateness concerns
Eden West,Age-appropriateness concerns; Religion & worldview,2,Age-appropriateness concerns
Godless,Age-appropriateness concerns,1,Age-appropriateness concerns
Necropolis,Sexual or romantic content; Violence & mature themes,2,Sexual or romantic content
Second Skin,Mental health & trauma; Sexual or romantic content; Violence & mature themes,3,Mental health & trauma
Into the Water,Violence & mature themes,1,Violence & mature themes
The Girl on the Train,Violence & mature themes,1,Violence & mature themes
One Child: The True Story of a Tormented Six Year Old and the Brilliant Teacher Who Reached Out,Violence & mature themes,1,Violence & mature themes
OCD Love Story,Age-appropriateness concerns,1,Age-appropriateness concerns
The Love Hypothesis,Sexual or romantic content,1,Sexual or romantic content
The Year I Stopped Trying,Age-appropriateness concerns; LGBTQ+ identity & sexuality; Mental health & trauma,3,Age-appropriateness concerns
Paper Butterflies,Age-appropriateness concerns; Mental health & trauma; Sexual or romantic content,3,Age-appropriateness concerns
The Ominous Eye,Age-appropriateness concerns,1,Age-appropriateness concerns
Stones From the River,Race & systemic inequality; Violence & mature themes,2,Race & systemic inequality
Friday,,0,Uncategorized
Catch-22,Violence & mature themes,1,Violence & mature themes
The Collected Plays,,0,Uncategorized
For Whom the Bell Tolls,Violence & mature themes,1,Violence & mature themes
In Our Time,,0,Uncategorized
The Sun Also Rises,Violence & mature themes,1,Violence & mature themes
An Anonymous Girl,Violence & mature themes,1,Violence & mature themes
Olive's Ocean,Age-appropriateness concerns,1,Age-appropriateness concerns
A Million Junes,Age-appropriateness concerns,1,Age-appropriateness concerns
Beach Read,Violence & mature themes,1,Violence & mature themes
Book Lovers,Sexual or romantic content,1,Sexual or romantic content
Happy Place,,0,Uncategorized
People We Meet on Vacation,Sexual or romantic content,1,Sexual or romantic content
The Love that Split the World,Age-appropriateness concerns; Sexual or romantic content,2,Age-appropriateness concerns
We Contain Multitudes,Age-appropriateness concerns; LGBTQ+ identity & sexuality; Mental health & trauma,3,Age-appropriateness concerns
Hooper,Age-appropriateness concerns,1,Age-appropriateness concerns
"Dune: House Atreides, Vol. 1 (The Graphic Novel)",,0,Uncategorized
"Dune: House Atreides, Vol. 2 (The Graphic Novel)",,0,Uncategorized
"Dune: House Atreides, Vol. 3 (The Graphic Novel)",,0,Uncategorized
"Dune: House Atreides, Vol. 4 (The Graphic Novel)",,0,Uncategorized
Dune: House Harkonnen,,0,Uncategorized
Dune: The Butlerian Jihad,Violence & mature themes,1,Violence & mature themes
Children of Dune,,0,Uncategorized
Dune,Mental health & trauma; Violence & mature themes,2,Mental health & trauma
God Emperor of Dune,,0,Uncategorized
Heretics of Dune,,0,Uncategorized
The Drowning Summer,Age-appropriateness concerns; LGBTQ+ identity & sexuality; Violence & mature themes,3,Age-appropriateness concerns
Demian: Die Geschichte von Emil Sinclairs Jugend,Violence & mature themes,1,Violence & mature themes
Demian: The Story of Emil Sinclair's Youth,,0,Uncategorized
Siddhartha,Religion & worldview,1,Religion & worldview
Siddhartha (Dual-Language edition),Religion & worldview,1,Religion & worldview
They Went Left,Age-appropriateness concerns; Violence & mature themes,2,Age-appropriateness concerns
Flush,Age-appropriateness concerns,1,Age-appropriateness concerns
Hoot,Age-appropriateness concerns; Mental health & trauma,2,Age-appropriateness concerns
Skin Tight,,0,Uncategorized
Skinny Dip,,0,Uncategorized
Dating Violence: True Stories of Hurt and Hope,Age-appropriateness concerns,1,Age-appropriateness concerns
The Black Book of Secrets,Age-appropriateness concerns,1,Age-appropriateness concerns
The Last Cuentista,Age-appropriateness concerns,1,Age-appropriateness concerns
The Island,Sexual or romantic content,1,Sexual or romantic content
Heart-Shaped Box,Violence & mature themes,1,Violence & mature themes
Here Comes Santa Claus,Sexual or romantic content,1,Sexual or romantic content
After the Fire,Age-appropriateness concerns,1,Age-appropriateness concerns
"Unbroken: A World War II Story of Survival, Resilience, and Redemption",Age-appropriateness concerns; Violence & mature themes,2,Age-appropriateness concerns
"Loveboat, Taipei",Age-appropriateness concerns,1,Age-appropriateness concerns
"Vampire Knight (Series, Title Not Specified)",,0,Uncategorized
Vampire Knight: Official Fanbook,,0,Uncategorized
Lucky Penny,Age-appropriateness concerns; Sexual or romantic content,2,Age-appropriateness concerns
Willow,Age-appropriateness concerns; Mental health & trauma; Sexual or romantic content; Violence & mature themes,4,Age-appropriateness concerns
Royal Assassin,Religion & worldview; Violence & mature themes,2,Religion & worldview
Ice Kissed,Age-appropriateness concerns,1,Age-appropriateness concerns
Switched,Age-appropriateness concerns; Sexual or romantic content; Violence & mature themes,3,Age-appropriateness concerns
Crimson Bound,,0,Uncategorized
Cruel Beauty,Age-appropriateness concerns; Sexual or romantic content; Violence & mature themes,3,Age-appropriateness concerns
The Becoming of Noah Shaw,Age-appropriateness concerns; Sexual or romantic content,2,Age-appropriateness concerns
Everything Mythology,Age-appropriateness concerns,1,Age-appropriateness concerns
Practical Magic,Religion & worldview; Sexual or romantic content,2,Religion & worldview
This is the Part Where You Laugh,Age-appropriateness concerns; Mental health & trauma; Violence & mature themes,3,Age-appropriateness concerns
The Rules,Age-appropriateness concerns; Violence & mature themes,2,Age-appropriateness concerns
Marriage Rights and Gay Rights: Interpretating the Constitution,Age-appropriateness concerns; LGBTQ+ identity & sexuality; Sexual or romantic content,3,Age-appropriateness concerns
Summer Spirit,Age-appropriateness concerns; LGBTQ+ identity & sexuality,2,Age-appropriateness concerns
The Dress Lodger,,0,Uncategorized
Profiling Violent Crimes: An Investigative Tool,Violence & mature themes,1,Violence & mature themes
Watch Me,Violence & mature themes,1,Violence & mature themes
Ben Y and the Ghost in the Machine: The Kids Under the Stairs,Age-appropriateness concerns,1,Age-appropriateness concerns
BenBee and the Teacher Griefer: The Kids Under the Stairs,Age-appropriateness concerns,1,Age-appropriateness concerns
Finding Perfect,,0,Uncategorized
Heart Bones,Age-appropriateness concerns; Sexual or romantic content,2,Age-appropriateness concerns
Maybe Now,,0,Uncategorized
Maybe Someday,Age-appropriateness concerns; Sexual or romantic content,2,Age-appropriateness concerns
Never Never,,0,Uncategorized
November 9,Age-appropriateness concerns; Sexual or romantic content,2,Age-appropriateness concerns
Point of Retreat,,0,Uncategorized
Slammed,Age-appropriateness concerns; Sexual or romantic content,2,Age-appropriateness concerns
This Girl,Age-appropriateness concerns; Sexual or romantic content,2,Age-appropriateness concerns
Two More Days: An Anthology,,0,Uncategorized
"Mates, Dates, and Inflatable Bras",Age-appropriateness concerns,1,Age-appropriateness concerns
A Sin Such As This,Sexual or romantic content; Violence & mature themes,2,Sexual or romantic content
Perfect (EH),Age-appropriateness concerns; Sexual or romantic content; Violence & mature themes,3,Age-appropriateness concerns
Tilt (EH),Age-appropriateness concerns; Sexual or romantic content,2,Age-appropriateness concerns
The Lizard King: The Essential Jim Morrison,,0,Uncategorized
Skin Folk: Stories,LGBTQ+ identity & sexuality; Violence & mature themes,2,LGBTQ+ identity & sexuality
"My Hero Academia (Series, Title Not Specified)",,0,Uncategorized
"My Hero Academia, Vol. 14: Overhaul",,0,Uncategorized
"My Hero Academia, Vol. 30: Dabi's Dance",,0,Uncategorized
"My Hero Academia: Origin (Series, Title Not Specified)",,0,Uncategorized
The Changeling,,0,Uncategorized
Cometas en el cielo,Age-appropriateness concerns,1,Age-appropriateness concerns
The Kite Runner Graphic Novel,,0,Uncategorized
Reawakened,Age-appropriateness concerns,1,Age-appropriateness concerns
Recreated,Age-appropriateness concerns; Religion & worldview; Sexual or romantic content,3,Age-appropriateness concerns
Reunited,Age-appropriateness concerns,1,Age-appropriateness concerns
RoseBlood,Age-appropriateness concerns; Sexual or romantic content,2,Age-appropriateness concerns
Splintered,Age-appropriateness concerns; Mental health & trauma; Religion & worldview; Sexual or romantic content,4,Age-appropriateness concerns
Unhinged,,0,Uncategorized
Cashelmara,Sexual or romantic content; Violence & mature themes,2,Sexual or romantic content
Totally Joe,Age-appropriateness concerns; LGBTQ+ identity & sexuality,2,Age-appropriateness concerns
Conversion,Age-appropriateness concerns; Race & systemic inequality,2,Age-appropriateness concerns
James Dean: Rebel Life,,0,Uncategorized
The Cranes Dance,Sexual or romantic content,1,Sexual or romantic content
Wicked Intentions,Violence & mature themes,1,Violence & mature themes
GLBTQ*: The Survival Guide for Queer and Questioning Teens,Age-appropriateness concerns; Gender politics & feminism; LGBTQ+ identity & sexuality; Sexual or romantic content; Violence & mature themes,5,Age-appropriateness concerns
The Enchantment Emporium,Religion & worldview; Sexual or romantic content,2,Religion & worldview
Les Misérables,,0,Uncategorized
Born at Midnight,Age-appropriateness concerns; Sexual or romantic content,2,Age-appropriateness concerns
Taken at Dusk,Age-appropriateness concerns; Sexual or romantic content,2,Age-appropriateness concerns
On The Come Up (TH),Age-appropriateness concerns,1,Age-appropriateness concerns
The Forest of Stolen Girls,Age-appropriateness concerns,1,Age-appropriateness concerns
Lies and Other Tall Tales,Age-appropriateness concerns; Race & systemic inequality,2,Age-appropriateness concerns
Feral Youth,Age-appropriateness concerns; LGBTQ+ identity & sexuality,2,Age-appropriateness concerns
Howl,Age-appropriateness concerns,1,Age-appropriateness concerns
The Apocalypse of Elena Mendoza,Age-appropriateness concerns; LGBTQ+ identity & sexuality,2,Age-appropriateness concerns
The State of Us,,0,Uncategorized
Violent Ends,Age-appropriateness concerns; Violence & mature themes,2,Age-appropriateness concerns
A Wounded Name,Age-appropriateness concerns,1,Age-appropriateness concerns
Brave New World Revisited,Violence & mature themes,1,Violence & mature themes
M Butterfly,,0,Uncategorized
Becoming Chloe,Age-appropriateness concerns; LGBTQ+ identity & sexuality,2,Age-appropriateness concerns
Sexual Abuse: Let's Talk About It,Age-appropriateness concerns; Mental health & trauma; Sexual or romantic content,3,Age-appropriateness concerns
Icy Sparks,Age-appropriateness concerns; Violence & mature themes,2,Age-appropriateness concerns
Journey to the River Sea,Age-appropriateness concerns,1,Age-appropriateness concerns
The Ogre of Oglefort,Age-appropriateness concerns,1,Age-appropriateness concerns
The Girl Guide: 50 Ways to Love Your Changing Body,Age-appropriateness concerns,1,Age-appropriateness concerns
"At Last, Jedi: A Christina Starspeeder Story",Age-appropriateness concerns,1,Age-appropriateness concerns
Love and Other Fiascos with Lydia Goldblatt and Julie Graham-Chang,Age-appropriateness concerns,1,Age-appropriateness concerns
Research for the Social Improvement and General Betterment of Lydia Goldblatt and Julie Graham-Chang,Age-appropriateness concerns,1,Age-appropriateness concerns
The Awesomely Awful Melodies of Lydia Goldblatt and Julie Graham-Chang,Age-appropriateness concerns,1,Age-appropriateness concerns
The Less-Than-Hidden Secrets and Final Revelations of Lydia Goldblatt and Julie Graham-Chang,Age-appropriateness concerns,1,Age-appropriateness concerns
The Long-Distance Dispatch Between Lydia Goldblatt and Julie Graham-Chang,Age-appropriateness concerns,1,Age-appropriateness concerns
The Rocky Road Trip of Lydia Goldblatt and Julie Graham-Chang,Age-appropriateness concerns; LGBTQ+ identity & sexuality,2,Age-appropriateness concerns
Words of (Questionable) Wisdom from Lydia Goldblatt and Julie Graham-Chang,Age-appropriateness concerns,1,Age-appropriateness concerns
Blood Memory,Violence & mature themes,1,Violence & mature themes
Every Body Looking,Age-appropriateness concerns; Mental health & trauma,2,Age-appropriateness concerns
Crime and Detection: History and Methods of Torture,Violence & mature themes,1,Violence & mature themes
A Widow for One Year,Sexual or romantic content,1,Sexual or romantic content
The World According to Garp,Sexual or romantic content,1,Sexual or romantic content
"Attack on Titan (Series, Title Not Specified)",,0,Uncategorized
"Tokyo Ghoul (Series, Title Not Specified)",,0,Uncategorized
The Librarian of Auschwitz,Age-appropriateness concerns; Race & systemic inequality; Violence & mature themes,3,Age-appropriateness concerns
The Librarian of Auschwitz: The Graphic Novel,Age-appropriateness concerns; Race & systemic inequality,2,Age-appropriateness concerns
The Snow Child,,0,Uncategorized
"Magus of the Library (Series, Title Not Specified)",,0,Uncategorized
A Good Girl's Guide to Murder,Age-appropriateness concerns; Violence & mature themes,2,Age-appropriateness concerns
As Good as Dead,Age-appropriateness concerns; Violence & mature themes,2,Age-appropriateness concerns
"Good Girl, Bad Blood",Age-appropriateness concerns; Violence & mature themes,2,Age-appropriateness concerns
The Weight of Blood,Age-appropriateness concerns; Mental health & trauma; Race & systemic inequality; Violence & mature themes,4,Age-appropriateness concerns
The Friday Night Knitting Club,Sexual or romantic content,1,Sexual or romantic content
Anne Frank: The Anne Frank House Authorized Graphic Biography,Race & systemic inequality,1,Race & systemic inequality
Beyond the Red,Age-appropriateness concerns; Race & systemic inequality,2,Age-appropriateness concerns
Lab Girl,,0,Uncategorized
Hani and Ishu's Guide to Fake Dating,Age-appropriateness concerns; LGBTQ+ identity & sexuality,2,Age-appropriateness concerns
Bit of a Blur: the Autobiography,,0,Uncategorized
Fifty Shades of Grey,Sexual or romantic content,1,Sexual or romantic content
Fifty Shades Darker,Sexual or romantic content,1,Sexual or romantic content
Fifty Shades Freed,Sexual or romantic content,1,Sexual or romantic content
"Black Leopard, Red Wolf",Violence & mature themes,1,Violence & mature themes
The Murder Room,Violence & mature themes,1,Violence & mature themes
All's Faire in Middle School,Age-appropriateness concerns,1,Age-appropriateness concerns
Roller Girl,Age-appropriateness concerns,1,Age-appropriateness concerns
When Stars are Scattered,Age-appropriateness concerns; Sexual or romantic content,2,Age-appropriateness concerns
"The World Almanac and Book of Facts, 2018",,0,Uncategorized
The Decorative Arts of Africa,Age-appropriateness concerns,1,Age-appropriateness concerns
The Hundred Thousand Kingdoms,Religion & worldview; Sexual or romantic content,2,Religion & worldview
Damage,Age-appropriateness concerns; Mental health & trauma,2,Age-appropriateness concerns
Harry Versus the First 100 Days of School,Age-appropriateness concerns,1,Age-appropriateness concerns
Be Loved,Sexual or romantic content,1,Sexual or romantic content
Knight of the Cape: Definitely Dominguita,Age-appropriateness concerns; Mental health & trauma,2,Age-appropriateness concerns
(Don't) Call Me Crazy: 33 Voices Start the Conversation,Mental health & trauma,1,Mental health & trauma
Escape,Mental health & trauma; Religion & worldview,2,Mental health & trauma
Part of Your World,,0,Uncategorized
Fatal Tide,Sexual or romantic content; Violence & mature themes,2,Sexual or romantic content
No One to Trust,Violence & mature themes,1,Violence & mature themes
If I Fix You,Age-appropriateness concerns,1,Age-appropriateness concerns
Love is the Drug,Age-appropriateness concerns; Mental health & trauma,2,Age-appropriateness concerns
The Summer Prince,Age-appropriateness concerns; LGBTQ+ identity & sexuality; Sexual or romantic content; Violence & mature themes,4,Age-appropriateness concerns
The First Part Last,Age-appropriateness concerns,1,Age-appropriateness concerns
"Technically, You Started It",Age-appropriateness concerns; Mental health & trauma; Sexual or romantic content,3,Age-appropriateness concerns
Ellie Engle Saves Herself,Age-appropriateness concerns,1,Age-appropriateness concerns
Devil in the Device,Age-appropriateness concerns,1,Age-appropriateness concerns
The Box in the Woods,Age-appropriateness concerns; Violence & mature themes,2,Age-appropriateness concerns
The hand on the wall,Age-appropriateness concerns; Violence & mature themes,2,Age-appropriateness concerns
The Hand on the Wall,Age-appropriateness concerns; Violence & mature themes,2,Age-appropriateness concerns
The Vanishing Stair,Age-appropriateness concerns; Violence & mature themes,2,Age-appropriateness concerns
Truly Devious,Age-appropriateness concerns,1,Age-appropriateness concerns
The Graduate (The Play),,0,Uncategorized
Choice Words: How Our Language Affects Children's Learning,,0,Uncategorized
The Sign of the Cat,Age-appropriateness concerns,1,Age-appropriateness concerns
Tips on Having a Gay (Ex) Boyfriend,Age-appropriateness concerns; LGBTQ+ identity & sexuality; Sexual or romantic content,3,Age-appropriateness concerns
We Are All Liars,Sexual or romantic content,1,Sexual or romantic content
"Modern Love: Revised and Updated: True Stories of Love Loss, and Redemption",,0,Uncategorized
A Song Only I Can Hear,Age-appropriateness concerns; LGBTQ+ identity & sexuality,2,Age-appropriateness concerns
Parasite: A Graphic Novel in Storyboards,,0,Uncategorized
The Path of Daggers,,0,Uncategorized
Winter's Heart,,0,Uncategorized
A River of Royal Blood,Age-appropriateness concerns; Religion & worldview; Sexual or romantic content,3,Age-appropriateness concerns
A Portrait of the Artist as a Young Man,Sexual or romantic content,1,Sexual or romantic content
Dubliners and A Portrait of the Artist as a Young Man and Other Works,Violence & mature themes,1,Violence & mature themes
Ulysses,,0,Uncategorized
"The Fashion Committee: A Novel of Art, Crime, and Applied Design",Age-appropriateness concerns; Mental health & trauma,2,Age-appropriateness concerns
AIDS and HIV: Risky Business (Teen Issues),,0,Uncategorized
The Iron Queen,Age-appropriateness concerns; Violence & mature themes,2,Age-appropriateness concerns
The Recognition of Sakuntala: A Play In Seven Acts,Sexual or romantic content,1,Sexual or romantic content
Luna Bay,,0,Uncategorized
The Bite of the Mango,Age-appropriateness concerns; Violence & mature themes,2,Age-appropriateness concerns
Scent of Danger,,0,Uncategorized
Confessions of a Not It Girl,Age-appropriateness concerns; Sexual or romantic content,2,Age-appropriateness concerns
"Magical Boy, Vol. 1",Age-appropriateness concerns; LGBTQ+ identity & sexuality,2,Age-appropriateness concerns
"Get a Grip, Vivy Cohen",Age-appropriateness concerns,1,Age-appropriateness concerns
Prisoners,Violence & mature themes,1,Violence & mature themes
120 Banned Books: Censorship Histories of World Literature,Sexual or romantic content,1,Sexual or romantic content
Teardrop,Age-appropriateness concerns; Religion & worldview; Sexual or romantic content; Violence & mature themes,4,Age-appropriateness concerns
Torment,Age-appropriateness concerns; Sexual or romantic content; Violence & mature themes,3,Age-appropriateness concerns
All Rights Reserved,Age-appropriateness concerns; Mental health & trauma; Violence & mature themes,3,Age-appropriateness concerns
The Big Bad Wolf Tells All,Sexual or romantic content,1,Sexual or romantic content
Gemina,Age-appropriateness concerns; Sexual or romantic content; Violence & mature themes,3,Age-appropriateness concerns
Illuminae,Age-appropriateness concerns; Sexual or romantic content; Violence & mature themes,3,Age-appropriateness concerns
El Sol Y Sus Flores,Gender politics & feminism; Mental health & trauma; Sexual or romantic content,3,Gender politics & feminism
What's Gender Identity?,LGBTQ+ identity & sexuality,1,LGBTQ+ identity & sexuality
The Sound of Letting Go,Age-appropriateness concerns; Sexual or romantic content,2,Age-appropriateness concerns
The Incredible Adventures of Cinnamon Girl,Age-appropriateness concerns,1,Age-appropriateness concerns
When Good Kids Kill,Violence & mature themes,1,Violence & mature themes
When You Trap A Tiger,Age-appropriateness concerns,1,Age-appropriateness concerns
Street Dreams,Violence & mature themes,1,Violence & mature themes
A Measure of Darkness,Violence & mature themes,1,Violence & mature themes
Capital Crimes,Violence & mature themes,1,Violence & mature themes
Compulsion,Violence & mature themes,1,Violence & mature themes
Heartbreak Hotel,Violence & mature themes,1,Violence & mature themes
The Murderer's Daughter,Mental health & trauma; Violence & mature themes,2,Mental health & trauma
The Royals: With the Latest on the Royal Family,,0,Uncategorized
Who Is Dolly Parton?,Age-appropriateness concerns,1,Age-appropriateness concerns
Hello Universe,Age-appropriateness concerns; Mental health & trauma,2,Age-appropriateness concerns
Lilac Girls,Race & systemic inequality; Violence & mature themes,2,Race & systemic inequality
After the Fall,Violence & mature themes,1,Violence & mature themes
A Curse So Dark and Lonely,Age-appropriateness concerns,1,Age-appropriateness concerns
A Heart So Fierce and Broken,Age-appropriateness concerns; Violence & mature themes,2,Age-appropriateness concerns
Mr. Ding’s Chicken Feet: On a Slow Boat from Shanghai to Texas,,0,Uncategorized
Schindler's List,Race & systemic inequality; Violence & mature themes,2,Race & systemic inequality
Stealing Parker,Age-appropriateness concerns,1,Age-appropriateness concerns
Shut Out,Age-appropriateness concerns; Sexual or romantic content,2,Age-appropriateness concerns
That's Not What Happened,Age-appropriateness concerns; LGBTQ+ identity & sexuality; Mental health & trauma; Violence & mature themes,4,Age-appropriateness concerns
You: A Novel of Dark Obsession,Violence & mature themes,1,Violence & mature themes
Space: a memoir,,0,Uncategorized
Orange Is The New Black: My Year In A Women's Prison,Mental health & trauma,1,Mental health & trauma
Little Peach,Age-appropriateness concerns; Mental health & trauma,2,Age-appropriateness concerns
On the Road,,0,Uncategorized
The Dharma Bums,,0,Uncategorized
Night Kites,Age-appropriateness concerns; LGBTQ+ identity & sexuality,2,Age-appropriateness concerns
The Names We Take,Age-appropriateness concerns; LGBTQ+ identity & sexuality; Violence & mature themes,3,Age-appropriateness concerns
One Flew Over the Cuckoo's Nest,,0,Uncategorized
Sometimes a Great Notion,,0,Uncategorized
Emily Windsnap and the Pirate Prince,Age-appropriateness concerns,1,Age-appropriateness concerns
Twelfth,Age-appropriateness concerns; LGBTQ+ identity & sexuality,2,Age-appropriateness concerns
Flowers for Algernon,Age-appropriateness concerns,1,Age-appropriateness concerns
No More Excuses: Dismantling Rape Culture,Gender politics & feminism; Sexual or romantic content; Violence & mature themes,3,Gender politics & feminism
"Pointe, Claw",Age-appropriateness concerns,1,Age-appropriateness concerns
Mirror in the Sky,Age-appropriateness concerns,1,Age-appropriateness concerns
Darius the Great Is Not Okay,Age-appropriateness concerns; LGBTQ+ identity & sexuality; Mental health & trauma,3,Age-appropriateness concerns
Kiss and Tell,Age-appropriateness concerns; LGBTQ+ identity & sexuality; Sexual or romantic content; Violence & mature themes,4,Age-appropriateness concerns
Things in Jars,,0,Uncategorized
The Year of the Bomb,Age-appropriateness concerns,1,Age-appropriateness concerns
The Book of Longings,Gender politics & feminism; Race & systemic inequality; Religion & worldview,3,Gender politics & feminism
The Invention of Wings,,0,Uncategorized
The Mermaid Chair,Sexual or romantic content,1,Sexual or romantic content
The Secret Life of Bees,Age-appropriateness concerns; Violence & mature themes,2,Age-appropriateness concerns
Tradition,Age-appropriateness concerns,1,Age-appropriateness concerns
Sexting Tips for Women: 100 Tips to Turn Him On,,0,Uncategorized
Miracle Creek,Violence & mature themes,1,Violence & mature themes
The Plotters,Violence & mature themes,1,Violence & mature themes
A Girl Named Zippy,Violence & mature themes,1,Violence & mature themes
Vortex: An Insignia Novel,Age-appropriateness concerns; Violence & mature themes,2,Age-appropriateness concerns
Dig,Age-appropriateness concerns; Race & systemic inequality,2,Age-appropriateness concerns
Glory O'Brien's History of the Future,Age-appropriateness concerns; Mental health & trauma; Violence & mature themes,3,Age-appropriateness concerns
I Crawl Through It,Age-appropriateness concerns; Mental health & trauma,2,Age-appropriateness concerns
Reality Boy,Age-appropriateness concerns; Sexual or romantic content,2,Age-appropriateness concerns
Still Life with Tornado,Mental health & trauma; Violence & mature themes,2,Mental health & trauma
Maya Angelou: Greeting the Morning,,0,Uncategorized
1922,Violence & mature themes,1,Violence & mature themes
Apt Pupil,Violence & mature themes,1,Violence & mature themes
Bag of Bones,Violence & mature themes,1,Violence & mature themes
Billy Summers,Violence & mature themes,1,Violence & mature themes
Black House,Violence & mature themes,1,Violence & mature themes
Blaze,,0,Uncategorized
Blockade Billy,Violence & mature themes,1,Violence & mature themes
Carrie,Violence & mature themes,1,Violence & mature themes
Cell,Violence & mature themes,1,Violence & mature themes
Christine,Violence & mature themes,1,Violence & mature themes
Cujo,Violence & mature themes,1,Violence & mature themes
Danse Macabre,,0,Uncategorized
Doctor Sleep,Violence & mature themes,1,Violence & mature themes
Dreamcatcher,Violence & mature themes,1,Violence & mature themes
Duma Key,Violence & mature themes,1,Violence & mature themes
End of Watch,Mental health & trauma; Violence & mature themes,2,Mental health & trauma
Everything's Eventual: 14 Dark Tales,,0,Uncategorized
Finders Keepers,Violence & mature themes,1,Violence & mature themes
Firestarter (SK),Violence & mature themes,1,Violence & mature themes
Four Past Midnight,Violence & mature themes,1,Violence & mature themes
From a Buick 8,Violence & mature themes,1,Violence & mature themes
"Full Dark, No Stars",Violence & mature themes,1,Violence & mature themes
Gerald's Game,Violence & mature themes,1,Violence & mature themes
Gwendy's Button Box,Mental health & trauma,1,Mental health & trauma
Gwendy's Final Task,,0,Uncategorized
Hearts in Atlantis,Violence & mature themes,1,Violence & mature themes
If It Bleeds,Violence & mature themes,1,Violence & mature themes
Insomnia,Violence & mature themes,1,Violence & mature themes
Joyland,Violence & mature themes,1,Violence & mature themes
Just After Sunset,Violence & mature themes,1,Violence & mature themes
Later,Violence & mature themes,1,Violence & mature themes
Lisey's Story,Sexual or romantic content; Violence & mature themes,2,Sexual or romantic content
Misery,Violence & mature themes,1,Violence & mature themes
Mr. Mercedes,Mental health & trauma; Violence & mature themes,2,Mental health & trauma
Needful Things,Violence & mature themes,1,Violence & mature themes
Night Shift,Violence & mature themes,1,Violence & mature themes
Nightmares and Dreamscapes,,0,Uncategorized
On Writing: A Memoir of the Craft,,0,Uncategorized
Rose Madder,Violence & mature themes,1,Violence & mature themes
Salem's Lot,Violence & mature themes,1,Violence & mature themes
Skeleton Crew,Violence & mature themes,1,Violence & mature themes
Sleeping Beauties,Violence & mature themes,1,Violence & mature themes
Song of Susannah,Violence & mature themes,1,Violence & mature themes
Storm of the Century: An Original Screenplay,,0,Uncategorized
The Bachman Books,Violence & mature themes,1,Violence & mature themes
The Bazaar of Bad Dreams,Violence & mature themes,1,Violence & mature themes
The Dark Half,Violence & mature themes,1,Violence & mature themes
The Dead Zone,Violence & mature themes,1,Violence & mature themes
The Drawing of the Three,Violence & mature themes,1,Violence & mature themes
The Girl Who Loved Tom Gordon,Violence & mature themes,1,Violence & mature themes
The Gunslinger,Violence & mature themes,1,Violence & mature themes
The Institute,Violence & mature themes,1,Violence & mature themes
The Long Walk,Violence & mature themes,1,Violence & mature themes
The Outsider,Violence & mature themes,1,Violence & mature themes
The Running Man,Violence & mature themes,1,Violence & mature themes
The Shining,Violence & mature themes,1,Violence & mature themes
The Stand,Violence & mature themes,1,Violence & mature themes
The Talisman,Violence & mature themes,1,Violence & mature themes
The Tommyknockers,Violence & mature themes,1,Violence & mature themes
The Waste Lands,Mental health & trauma; Violence & mature themes,2,Mental health & trauma
Thinner,Violence & mature themes,1,Violence & mature themes
Wizard and Glass,Violence & mature themes,1,Violence & mature themes
Wolves of the Calla,Violence & mature themes,1,Violence & mature themes
Pigs In Heaven,Race & systemic inequality,1,Race & systemic inequality
Prodigal Summer,,0,Uncategorized
The Bean Trees,,0,Uncategorized
The Poisonwood Bible,,0,Uncategorized
Confessions of a Shopaholic,Sexual or romantic content,1,Sexual or romantic content
Shopaholic and Baby,,0,Uncategorized
"The Walking Dead, Vol. 2: Miles Behind Us",,0,Uncategorized
"Naruto, Vol. 11: Impassioned efforts",,0,Uncategorized
"Naruto, Vol. 2: Test of a Ninja",Age-appropriateness concerns,1,Age-appropriateness concerns
"Naruto, Vol. 28: Homecoming",,0,Uncategorized
"Naruto, Vol. 38: Practice Makes Perfect",,0,Uncategorized
"Naruto, Vol. 52: Cell Seven Reunion",,0,Uncategorized
Gert Garibaldi's Rants and Raves: One Butt Cheek at a Time,Age-appropriateness concerns,1,Age-appropriateness concerns
Firestorm,Age-appropriateness concerns,1,Age-appropriateness concerns
You Don't Know Me,Age-appropriateness concerns; Mental health & trauma; Violence & mature themes,3,Age-appropriateness concerns
Don't Say a Word,Violence & mature themes,1,Violence & mature themes
Primary Colors: A Novel of Politics,,0,Uncategorized
Rape and Sexual Assault: Healing and Recovery,Age-appropriateness concerns; Sexual or romantic content; Violence & mature themes,3,Age-appropriateness concerns
Orphan Train,Race & systemic inequality,1,Race & systemic inequality
"Sex, Drugs, and Cocoa Puffs: A Low Culture Manifesto",Race & systemic inequality; Sexual or romantic content,2,Race & systemic inequality
"Finding Me: A Decade of Darkness, A Life Reclaimed: A Memoir",Violence & mature themes,1,Violence & mature themes
An Age of License: A Travelogue,,0,Uncategorized
Luckiest Girl Alive,Violence & mature themes,1,Violence & mature themes
A Separate Peace,Age-appropriateness concerns; Violence & mature themes,2,Age-appropriateness concerns
Strays,Age-appropriateness concerns,1,Age-appropriateness concerns
Obasan,Violence & mature themes,1,Violence & mature themes
Honestly Ben,Age-appropriateness concerns; LGBTQ+ identity & sexuality; Sexual or romantic content,3,Age-appropriateness concerns
Openly Straight,Age-appropriateness concerns; LGBTQ+ identity & sexuality; Sexual or romantic content,3,Age-appropriateness concerns
Silent to the Bone,Age-appropriateness concerns,1,Age-appropriateness concerns
Ancient World Commanders: From the Trojan War to the Fall of Rome,,0,Uncategorized
City of Night,,0,Uncategorized
Dark Rivers of the Heart,,0,Uncategorized
False Memory,Violence & mature themes,1,Violence & mature themes
Innocence,,0,Uncategorized
Intensity,Violence & mature themes,1,Violence & mature themes
Phantoms,,0,Uncategorized
Saint Odd,Sexual or romantic content,1,Sexual or romantic content
Seize the Night,Violence & mature themes,1,Violence & mature themes
The Voice of the Night,Age-appropriateness concerns; Violence & mature themes,2,Age-appropriateness concerns
Twilight Eyes,,0,Uncategorized
Watchers,Violence & mature themes,1,Violence & mature themes
Whispers,Violence & mature themes,1,Violence & mature themes
The Painted Bird,Race & systemic inequality; Violence & mature themes,2,Race & systemic inequality
The Sidekicks,Age-appropriateness concerns,1,Age-appropriateness concerns
The Bear Went Over the Mountain,,0,Uncategorized
Born on the Fourth of July,Violence & mature themes,1,Violence & mature themes
The Influential Woman,Religion & worldview,1,Religion & worldview
Into the Wild,,0,Uncategorized
Bent Heavens,Age-appropriateness concerns,1,Age-appropriateness concerns
The Cat King of Havana,,0,Uncategorized
Leonardo da Vinci,,0,Uncategorized
The Pirate,Sexual or romantic content; Violence & mature themes,2,Sexual or romantic content
Dangerous Play,Age-appropriateness concerns,1,Age-appropriateness concerns
Something Happened to Ali Greenleaf,Age-appropriateness concerns; Violence & mature themes,2,Age-appropriateness concerns
"Hey, Kiddo: How I Lost My Mother, Found My Father, and Dealt with Family Addiction",Age-appropriateness concerns; Mental health & trauma,2,Age-appropriateness concerns
Hexed,Age-appropriateness concerns; Religion & worldview; Sexual or romantic content; Violence & mature themes,4,Age-appropriateness concerns
The Burning God,Violence & mature themes,1,Violence & mature themes
The Dragon Republic,Mental health & trauma; Violence & mature themes,2,Mental health & trauma
The Poppy War,Age-appropriateness concerns; Violence & mature themes,2,Age-appropriateness concerns
"Bleach (Series, Title Not Specified)",,0,Uncategorized
The Smaller Evil,Age-appropriateness concerns; Mental health & trauma,2,Age-appropriateness concerns
When I Am Through with You,Age-appropriateness concerns; Violence & mature themes,2,Age-appropriateness concerns
Pieces of a Girl,Age-appropriateness concerns; Mental health & trauma,2,Age-appropriateness concerns
"No Choirboy: Murder, Violence, and Teenagers on Death Row",Violence & mature themes,1,Violence & mature themes
The Unbearable Lightness of Being,Sexual or romantic content,1,Sexual or romantic content
The Mars Room,,0,Uncategorized
Many Waters,Age-appropriateness concerns,1,Age-appropriateness concerns
Living in a Violent Household,Age-appropriateness concerns; Mental health & trauma,2,Age-appropriateness concerns
"Good Morning, Mr. Mandela",Race & systemic inequality; Sexual or romantic content,2,Race & systemic inequality
The Honeys,Age-appropriateness concerns; LGBTQ+ identity & sexuality; Violence & mature themes,3,Age-appropriateness concerns
Who Was Maya Angelou?,Age-appropriateness concerns; Race & systemic inequality,2,Age-appropriateness concerns
Courting Darkness,Age-appropriateness concerns,1,Age-appropriateness concerns
Dark Triumph,Age-appropriateness concerns,1,Age-appropriateness concerns
Grave Mercy,Age-appropriateness concerns; Sexual or romantic content,2,Age-appropriateness concerns
Mortal Heart,Age-appropriateness concerns; Sexual or romantic content,2,Age-appropriateness concerns
The Namesake,Race & systemic inequality,1,Race & systemic inequality
In Darkness,Age-appropriateness concerns,1,Age-appropriateness concerns
Lily and the Night Creatures,Age-appropriateness concerns,1,Age-appropriateness concerns
Whisper to Me,Age-appropriateness concerns,1,Age-appropriateness concerns
I Know This Much Is True,Mental health & trauma,1,Mental health & trauma
She's Come Undone,Age-appropriateness concerns; Sexual or romantic content,2,Age-appropriateness concerns
Red Spikes,Age-appropriateness concerns,1,Age-appropriateness concerns
Search for Safety,Age-appropriateness concerns,1,Age-appropriateness concerns
Survivor,Mental health & trauma,1,Mental health & trauma
For the Right to Learn: Malala Yousafzai's Story,Age-appropriateness concerns; Violence & mature themes,2,Age-appropriateness concerns
Strangeworlds Travel Agency,Age-appropriateness concerns; Religion & worldview,2,Age-appropriateness concerns
Liar,Sexual or romantic content; Violence & mature themes,2,Sexual or romantic content
My Sister Rosa,,0,Uncategorized
"The Devil in the White City: Murder, Magic, and Madness at the Fair that Changed America",Violence & mature themes,1,Violence & mature themes
"The Splendid and the Vile: A Saga of Churchill, Family, and Defiance During the Blitz",Sexual or romantic content; Violence & mature themes,2,Sexual or romantic content
There's a Hair In My Dirt: A Worm's Story,Age-appropriateness concerns,1,Age-appropriateness concerns
All Summer Long,Age-appropriateness concerns,1,Age-appropriateness concerns
The Girl Who Kicked the Hornet's Nest,Mental health & trauma; Violence & mature themes,2,Mental health & trauma
The Girl Who Played with Fire,Sexual or romantic content; Violence & mature themes,2,Sexual or romantic content
The Girl with the Dragon Tattoo,Violence & mature themes,1,Violence & mature themes
The Girl With the Dragon Tattoo,Violence & mature themes,1,Violence & mature themes
Daniel Boone,Race & systemic inequality,1,Race & systemic inequality
Escape By Sea,Violence & mature themes,1,Violence & mature themes
Monument 14,Age-appropriateness concerns,1,Age-appropriateness concerns
Monument 14: Savage Drift,Age-appropriateness concerns,1,Age-appropriateness concerns
Monument 14: Sky On Fire,Age-appropriateness concerns; Violence & mature themes,2,Age-appropriateness concerns
Chew,,0,Uncategorized
Wrong About the Guy,Age-appropriateness concerns; Sexual or romantic content,2,Age-appropriateness concerns
The Dollmage,Age-appropriateness concerns,1,Age-appropriateness concerns
The Last Boy: Mickey Mantle and the End of America's Childhood,,0,Uncategorized
Crazy,Age-appropriateness concerns; Sexual or romantic content,2,Age-appropriateness concerns
Meet Cute Diary,Age-appropriateness concerns; LGBTQ+ identity & sexuality,2,Age-appropriateness concerns
The Lady's Guide to Petticoats and Piracy,Age-appropriateness concerns; LGBTQ+ identity & sexuality,2,Age-appropriateness concerns
Recipe Box,Sexual or romantic content,1,Sexual or romantic content
Excelsior!: The Amazing Life of Stan Lee,,0,Uncategorized
The Fever King,Age-appropriateness concerns,1,Age-appropriateness concerns
Tiger Honor,Age-appropriateness concerns,1,Age-appropriateness concerns
In Another Time,Age-appropriateness concerns; Sexual or romantic content; Violence & mature themes,3,Age-appropriateness concerns
Stephen Spender: A Life in Modernism,Sexual or romantic content; Violence & mature themes,2,Sexual or romantic content
Sawkill Girls,Age-appropriateness concerns; LGBTQ+ identity & sexuality; Violence & mature themes,3,Age-appropriateness concerns
Mystic River,Violence & mature themes,1,Violence & mature themes
Descender,,0,Uncategorized
L'Hystérique,,0,Uncategorized
Summer of Salt,Age-appropriateness concerns,1,Age-appropriateness concerns
You Must Not Miss,Age-appropriateness concerns; Violence & mature themes,2,Age-appropriateness concerns
What If We Were...,Age-appropriateness concerns; LGBTQ+ identity & sexuality,2,Age-appropriateness concerns
Male/Female Roles (BL),,0,Uncategorized
Rape On Campus (BL),Age-appropriateness concerns; Race & systemic inequality; Sexual or romantic content; Violence & mature themes,4,Age-appropriateness concerns
"Love, Cajun Style",Age-appropriateness concerns,1,Age-appropriateness concerns
The Grass Is Singing,Race & systemic inequality,1,Race & systemic inequality
Guardian (JL),Age-appropriateness concerns; Race & systemic inequality,2,Age-appropriateness concerns
Party,Age-appropriateness concerns; Sexual or romantic content,2,Age-appropriateness concerns
Water Dancer,LGBTQ+ identity & sexuality; Sexual or romantic content,2,LGBTQ+ identity & sexuality
21 Proms,Age-appropriateness concerns,1,Age-appropriateness concerns
"How They Met, and Other Stories",Age-appropriateness concerns,1,Age-appropriateness concerns
Ryan and Avery,Age-appropriateness concerns; LGBTQ+ identity & sexuality,2,Age-appropriateness concerns
Take Me With You When You Go,Age-appropriateness concerns; LGBTQ+ identity & sexuality; Mental health & trauma; Sexual or romantic content,4,Age-appropriateness concerns
The Lover's Dictionary,Age-appropriateness concerns; Sexual or romantic content,2,Age-appropriateness concerns
The Mysterious Disappearance of Aidan S. (As Told To His Brother),Age-appropriateness concerns; LGBTQ+ identity & sexuality,2,Age-appropriateness concerns
Crushing It,Age-appropriateness concerns,1,Age-appropriateness concerns
Not After Everything,Age-appropriateness concerns; Mental health & trauma; Violence & mature themes,3,Age-appropriateness concerns
That Hideous Strength: A Modern Fairy-Tale for Grown-Ups,Violence & mature themes,1,Violence & mature themes
Babbitt,,0,Uncategorized
Parents' Day,Age-appropriateness concerns,1,Age-appropriateness concerns
Love in the Time of Global Warming,Age-appropriateness concerns; LGBTQ+ identity & sexuality; Violence & mature themes,3,Age-appropriateness concerns
The Little Book of Snowflakes,,0,Uncategorized
The Snowflake: Winter's Secret Beauty,,0,Uncategorized
Remarkably Ruby,Age-appropriateness concerns,1,Age-appropriateness concerns
The Grace Year,Age-appropriateness concerns,1,Age-appropriateness concerns
Reflection: A Twisted Tale,Age-appropriateness concerns,1,Age-appropriateness concerns
Unravel the Dusk,Age-appropriateness concerns; Violence & mature themes,2,Age-appropriateness concerns
Dexter Is Delicious,Violence & mature themes,1,Violence & mature themes
She Gets the Girl,Age-appropriateness concerns,1,Age-appropriateness concerns
Raiders Night,Age-appropriateness concerns; Violence & mature themes,2,Age-appropriateness concerns
Elatsoe,Age-appropriateness concerns; Race & systemic inequality; Violence & mature themes,3,Age-appropriateness concerns
Purge,Age-appropriateness concerns,1,Age-appropriateness concerns
The Illustrated Guide to the Supernatural,,0,Uncategorized
"Monstress (Series, Title Not Specified)",Violence & mature themes,1,Violence & mature themes
The Valiant,Age-appropriateness concerns; Violence & mature themes,2,Age-appropriateness concerns
How Green Was My Valley,Age-appropriateness concerns,1,Age-appropriateness concerns
Pride of Lions,,0,Uncategorized
A Scatter of Light,Age-appropriateness concerns; LGBTQ+ identity & sexuality,2,Age-appropriateness concerns
Family of Liars: The Prequel to We Were Liars,Age-appropriateness concerns; Violence & mature themes,2,Age-appropriateness concerns
Again Again,Age-appropriateness concerns; Sexual or romantic content,2,Age-appropriateness concerns
Dramarama,Age-appropriateness concerns; LGBTQ+ identity & sexuality,2,Age-appropriateness concerns
Genuine Fraud,Age-appropriateness concerns; Violence & mature themes,2,Age-appropriateness concerns
"The Treasure Map of Boys: Noel, Jackson, Finn, Hutch, Gideon -- and Me, Ruby Oliver",Age-appropriateness concerns; Mental health & trauma,2,Age-appropriateness concerns
In the Key of Us,Age-appropriateness concerns,1,Age-appropriateness concerns
City of Secrets,Age-appropriateness concerns,1,Age-appropriateness concerns
City of Speed,Age-appropriateness concerns; LGBTQ+ identity & sexuality; Mental health & trauma; Violence & mature themes,4,Age-appropriateness concerns
City of Thieves (AL),Sexual or romantic content; Violence & mature themes,2,Sexual or romantic content
Ready When You Are,Age-appropriateness concerns; LGBTQ+ identity & sexuality; Race & systemic inequality,3,Age-appropriateness concerns
The Dirt on Sex,Age-appropriateness concerns; Sexual or romantic content,2,Age-appropriateness concerns
Half a Chance,Age-appropriateness concerns; Violence & mature themes,2,Age-appropriateness concerns
Touch Blue,Age-appropriateness concerns,1,Age-appropriateness concerns
When We Collided,Age-appropriateness concerns; Mental health & trauma; Sexual or romantic content,3,Age-appropriateness concerns
Tweet Cute,Age-appropriateness concerns; Violence & mature themes,2,Age-appropriateness concerns
I am Number Four,Age-appropriateness concerns; Sexual or romantic content; Violence & mature themes,3,Age-appropriateness concerns
The Fall of Five,Age-appropriateness concerns; Violence & mature themes,2,Age-appropriateness concerns
The Fate of Ten,Age-appropriateness concerns,1,Age-appropriateness concerns
The Power of Six,Age-appropriateness concerns,1,Age-appropriateness concerns
The Revenge of Seven,Age-appropriateness concerns,1,Age-appropriateness concerns
The Rise of Nine,Age-appropriateness concerns,1,Age-appropriateness concerns
United As One,,0,Uncategorized
Imogen Cunningham: Ideas Without End,,0,Uncategorized
Unlock Your Storybook Heart,Gender politics & feminism; LGBTQ+ identity & sexuality; Mental health & trauma,3,Gender politics & feminism
Who Killed These Girls?: The Unsolved Murders That Rocked a Texas Town,Sexual or romantic content; Violence & mature themes,2,Sexual or romantic content
Champion,Age-appropriateness concerns; Sexual or romantic content; Violence & mature themes,3,Age-appropriateness concerns
Prodigy,Age-appropriateness concerns; Sexual or romantic content; Violence & mature themes,3,Age-appropriateness concerns
Rebel,Age-appropriateness concerns,1,Age-appropriateness concerns
The Midnight Star,Age-appropriateness concerns; Religion & worldview; Sexual or romantic content; Violence & mature themes,4,Age-appropriateness concerns
The Rose Society,Age-appropriateness concerns; Religion & worldview; Sexual or romantic content; Violence & mature themes,4,Age-appropriateness concerns
The Young Elites,Age-appropriateness concerns; Religion & worldview; Sexual or romantic content; Violence & mature themes,4,Age-appropriateness concerns
Warcross,Age-appropriateness concerns; Sexual or romantic content; Violence & mature themes,3,Age-appropriateness concerns
Wildcard,Age-appropriateness concerns; Sexual or romantic content; Violence & mature themes,3,Age-appropriateness concerns
"Character, Driven",Age-appropriateness concerns,1,Age-appropriateness concerns
The Bourne Identity,Violence & mature themes,1,Violence & mature themes
The Bourne Supremacy,Violence & mature themes,1,Violence & mature themes
The Bourne Ultimatum,Violence & mature themes,1,Violence & mature themes
The Invisible Boy,Age-appropriateness concerns,1,Age-appropriateness concerns
So This is Ever After,Age-appropriateness concerns,1,Age-appropriateness concerns
Brave New Girl,Age-appropriateness concerns,1,Age-appropriateness concerns
The Alliance,,0,Uncategorized
We Speak in Storms,Age-appropriateness concerns; Mental health & trauma,2,Age-appropriateness concerns
Like Other Girls,Age-appropriateness concerns; LGBTQ+ identity & sexuality; Sexual or romantic content,3,Age-appropriateness concerns
Bump and Run,,0,Uncategorized
Lone Survivor: The Eyewitness Account of Operation Redwing and the Lost Heroes of SEAL Team 10,Violence & mature themes,1,Violence & mature themes
The Spellman Files,,0,Uncategorized
The Swallows,Violence & mature themes,1,Violence & mature themes
Blood of my Blood,Violence & mature themes,1,Violence & mature themes
Game,Age-appropriateness concerns; Violence & mature themes,2,Age-appropriateness concerns
I Hunt Killers,Age-appropriateness concerns; Violence & mature themes,2,Age-appropriateness concerns
The Astonishing Adventures of Fanboy and Goth Girl,Age-appropriateness concerns; Mental health & trauma,2,Age-appropriateness concerns
Iceman,Age-appropriateness concerns,1,Age-appropriateness concerns
Inexcusable,Age-appropriateness concerns; Mental health & trauma,2,Age-appropriateness concerns
Irreversible,Age-appropriateness concerns,1,Age-appropriateness concerns
Killing Time in Crystal City,Age-appropriateness concerns,1,Age-appropriateness concerns
Messed Up,Age-appropriateness concerns; Violence & mature themes,2,Age-appropriateness concerns
Dreamplace,Age-appropriateness concerns,1,Age-appropriateness concerns
Sorrow's Kitchen: The Life and Folklore of Zora Neale Hurston,Age-appropriateness concerns,1,Age-appropriateness concerns
A Court of Silver Flames,Sexual or romantic content; Violence & mature themes,2,Sexual or romantic content
Corona de Medianoche,Age-appropriateness concerns,1,Age-appropriateness concerns
Imperio de Tormentas,Age-appropriateness concerns,1,Age-appropriateness concerns
Reino de Cenizas,Age-appropriateness concerns,1,Age-appropriateness concerns
Torre del Alba,Age-appropriateness concerns; Sexual or romantic content,2,Age-appropriateness concerns
The Dragon Factory,Violence & mature themes,1,Violence & mature themes
"Tigers, Not Daughters",Age-appropriateness concerns,1,Age-appropriateness concerns
Crush (CM),Age-appropriateness concerns; Sexual or romantic content,2,Age-appropriateness concerns
The Way We Work: Getting to Know the Amazing Human Body,Age-appropriateness concerns,1,Age-appropriateness concerns
Fall on Your Knees,Violence & mature themes,1,Violence & mature themes
Company Commander: The Classic Infantry Memoir of World War II,Violence & mature themes,1,Violence & mature themes
Easter Rising: A Memoir of Roots and Rebellion,Race & systemic inequality; Violence & mature themes,2,Race & systemic inequality
"Harrison Dwight, Ballerina and Knight",Age-appropriateness concerns,1,Age-appropriateness concerns
Téo's Tutu,Age-appropriateness concerns; Gender politics & feminism; LGBTQ+ identity & sexuality,3,Age-appropriateness concerns
Boost,Age-appropriateness concerns,1,Age-appropriateness concerns
Tangled,Age-appropriateness concerns; Sexual or romantic content,2,Age-appropriateness concerns
"The Earth, My Butt, and Other Big Round Things",Age-appropriateness concerns; Sexual or romantic content,2,Age-appropriateness concerns
"Vegan, Virgin, Valentine",Age-appropriateness concerns,1,Age-appropriateness concerns
Operatic,Age-appropriateness concerns,1,Age-appropriateness concerns
The Perfect Girl,,0,Uncategorized
92 Pacific Boulevard,Sexual or romantic content,1,Sexual or romantic content
Orchard Valley Grooms,Sexual or romantic content,1,Sexual or romantic content
The Ghost Runner,Age-appropriateness concerns,1,Age-appropriateness concerns
September Girls,Age-appropriateness concerns; Sexual or romantic content,2,Age-appropriateness concerns
Nevada's Red Rock Canyon : The Story Behind the Scenery,,0,Uncategorized
All This Twisted Glory,Age-appropriateness concerns; Violence & mature themes,2,Age-appropriateness concerns
Believe Me,Age-appropriateness concerns,1,Age-appropriateness concerns
Destroy Me,Age-appropriateness concerns,1,Age-appropriateness concerns
Find Me,Violence & mature themes,1,Violence & mature themes
Unite Me,Age-appropriateness concerns; Sexual or romantic content; Violence & mature themes,3,Age-appropriateness concerns
The Hike,Violence & mature themes,1,Violence & mature themes
37 Things I Love (in no particular order),Age-appropriateness concerns,1,Age-appropriateness concerns
How It Went Down,Age-appropriateness concerns; Violence & mature themes,2,Age-appropriateness concerns
Cress Watercress,Age-appropriateness concerns,1,Age-appropriateness concerns
Son of a Witch,Religion & worldview,1,Religion & worldview
Wicked: Memorias de una bruja mala,,0,Uncategorized
Blood and Honey,Age-appropriateness concerns,1,Age-appropriateness concerns
Gods and Monsters,Age-appropriateness concerns; Sexual or romantic content,2,Age-appropriateness concerns
Serpent and Dove,,0,Uncategorized
The Executioner's Song,Violence & mature themes,1,Violence & mature themes
Oprah Winfrey: The Real Story,,0,Uncategorized
Giants,,0,Uncategorized
The Fixer (BM),Violence & mature themes,1,Violence & mature themes
The Natural,,0,Uncategorized
"Fat Chance, Charlie Vega",Age-appropriateness concerns,1,Age-appropriateness concerns
King Arthur and the Knights of the Round Table (STM),,0,Uncategorized
Glengarry Glen Ross,,0,Uncategorized
The Want Monsters: And How They Stopped Ruling My World,Age-appropriateness concerns,1,Age-appropriateness concerns
The Once And Future Geek,Age-appropriateness concerns,1,Age-appropriateness concerns
Color Outside the Lines: Stories About Love,,0,Uncategorized
Station Eleven,Violence & mature themes,1,Violence & mature themes
Kingdom of the Cursed,Age-appropriateness concerns; Violence & mature themes,2,Age-appropriateness concerns
Kingdom of the Feared,Age-appropriateness concerns; Violence & mature themes,2,Age-appropriateness concerns
The Degenerates,Age-appropriateness concerns; Mental health & trauma,2,Age-appropriateness concerns
Plenty of Hugs,Age-appropriateness concerns; LGBTQ+ identity & sexuality,2,Age-appropriateness concerns
Good Idea,Age-appropriateness concerns; LGBTQ+ identity & sexuality; Violence & mature themes,3,Age-appropriateness concerns
Daughter of the Forest,Age-appropriateness concerns; Sexual or romantic content,2,Age-appropriateness concerns
Escape from Chernobyl,Age-appropriateness concerns,1,Age-appropriateness concerns
Nectar in a Sieve,,0,Uncategorized
Slightly Single,Sexual or romantic content,1,Sexual or romantic content
Fragile Eternity,Age-appropriateness concerns; Sexual or romantic content,2,Age-appropriateness concerns
Ink Exchange,Age-appropriateness concerns; Sexual or romantic content,2,Age-appropriateness concerns
Wicked Lovely,Age-appropriateness concerns; Sexual or romantic content,2,Age-appropriateness concerns
A Volcano Beneath the Snow: John Brown's War Against Slavery,Age-appropriateness concerns; Race & systemic inequality; Violence & mature themes,3,Age-appropriateness concerns
Thomas Paine: Crusader for Liberty,Age-appropriateness concerns,1,Age-appropriateness concerns
A Killing Frost,Age-appropriateness concerns; Violence & mature themes,2,Age-appropriateness concerns
Burning for Revenge,Age-appropriateness concerns; Mental health & trauma; Violence & mature themes,3,Age-appropriateness concerns
"Darkness, Be My Friend",Age-appropriateness concerns; Violence & mature themes,2,Age-appropriateness concerns
The Dead of Night,Age-appropriateness concerns; Violence & mature themes,2,Age-appropriateness concerns
The Night Is For Hunting,Age-appropriateness concerns; Violence & mature themes,2,Age-appropriateness concerns
The Other Side of Dawn,Age-appropriateness concerns; Violence & mature themes,2,Age-appropriateness concerns
"Tomorrow, When the War Began",Age-appropriateness concerns; Violence & mature themes,2,Age-appropriateness concerns
Life of Pi,,0,Uncategorized
A Knight of the Seven Kingdoms,,0,Uncategorized
The Mystery Knight,,0,Uncategorized
The Official a Game of Thrones Coloring Book: An Adult Coloring Book,,0,Uncategorized
Shopgirl,,0,Uncategorized
"Jackie ""The Joke Man"" Martling's Disgustingly Dirty Joke Book",,0,Uncategorized
"Fairy Tail, Vol. 1",,0,Uncategorized
"Fairy Tail, Vol. 2",,0,Uncategorized
"Fairy Tail, Vol. 5",,0,Uncategorized
Without Annette,,0,Uncategorized
Cendrillon (Opera),,0,Uncategorized
Paper Dollhouse: A Memoir,,0,Uncategorized
Kaffir Boy: An Autobiography - The True Story of a Black Youth's Coming of Age in Apartheid South Africa,Race & systemic inequality,1,Race & systemic inequality
Strange Intimacy,Sexual or romantic content,1,Sexual or romantic content
Learning to Breathe,Age-appropriateness concerns; Race & systemic inequality,2,Age-appropriateness concerns
The Twelve Tribes of Hattie,,0,Uncategorized
Since You've Been Gone,Age-appropriateness concerns; Sexual or romantic content,2,Age-appropriateness concerns
The Unexpected Everything,Age-appropriateness concerns; Sexual or romantic content,2,Age-appropriateness concerns
"Assassination Classroom (Series, Title Not Specified)",,0,Uncategorized
Tales of the City,LGBTQ+ identity & sexuality,1,LGBTQ+ identity & sexuality
The Secret Diary of Anne Boleyn,Sexual or romantic content; Violence & mature themes,2,Sexual or romantic content
The Missing Girl,Age-appropriateness concerns; Mental health & trauma; Violence & mature themes,3,Age-appropriateness concerns
When She Was Good,Age-appropriateness concerns; Mental health & trauma,2,Age-appropriateness concerns
From Ashes,Age-appropriateness concerns; Mental health & trauma; Sexual or romantic content,3,Age-appropriateness concerns
The Miscalculations of Lightning Girl,Age-appropriateness concerns,1,Age-appropriateness concerns
The Good Lord Bird,Race & systemic inequality; Violence & mature themes,2,Race & systemic inequality
"Hold Me Closer, Necromancer",Age-appropriateness concerns,1,Age-appropriateness concerns
Perfect Fifths,Age-appropriateness concerns,1,Age-appropriateness concerns
Second Helpings,Age-appropriateness concerns,1,Age-appropriateness concerns
Dragonflight,Age-appropriateness concerns; Mental health & trauma,2,Age-appropriateness concerns
Dragonquest,,0,Uncategorized
Dragonseye,Age-appropriateness concerns,1,Age-appropriateness concerns
Freedom's Choice,,0,Uncategorized
"Moreta, Dragonlady of Pern",,0,Uncategorized
The Renegades of Pern,,0,Uncategorized
The White Dragon,Age-appropriateness concerns,1,Age-appropriateness concerns
Just Fly Away,Age-appropriateness concerns; Sexual or romantic content,2,Age-appropriateness concerns
All the Pretty Horses,,0,Uncategorized
"Blood Meridian, or, The Evening Redness in the West",Violence & mature themes,1,Violence & mature themes
No Country for Old Men,Mental health & trauma; Violence & mature themes,2,Mental health & trauma
Outer Dark,,0,Uncategorized
The Road,Violence & mature themes,1,Violence & mature themes
How I Grew,,0,Uncategorized
The White Darkness,Age-appropriateness concerns,1,Age-appropriateness concerns
Where the World Ends,Age-appropriateness concerns; Violence & mature themes,2,Age-appropriateness concerns
Ferris Beach,,0,Uncategorized
Everything You Need to Know About Nonbinary Gender Identities,Age-appropriateness concerns; LGBTQ+ identity & sexuality; Sexual or romantic content,3,Age-appropriateness concerns
Never Fall Down,Age-appropriateness concerns; Race & systemic inequality; Violence & mature themes,3,Age-appropriateness concerns
Angela's Ashes: A Memoir,,0,Uncategorized
"I, Claudia",Age-appropriateness concerns,1,Age-appropriateness concerns
The Revolution of Little Girls,LGBTQ+ identity & sexuality,1,LGBTQ+ identity & sexuality
The Member of the Wedding,Age-appropriateness concerns,1,Age-appropriateness concerns
Breathless (AM),Age-appropriateness concerns; Sexual or romantic content,2,Age-appropriateness concerns
The Thorn Birds,Sexual or romantic content,1,Sexual or romantic content
I'm Glad My Mom Died,Mental health & trauma,1,Mental health & trauma
The Beauty Queen of Leenane,,0,Uncategorized
"Boys, Bears, and a Serious Pair of Hiking Boots",Age-appropriateness concerns,1,Age-appropriateness concerns
Sophomore Switch,Age-appropriateness concerns,1,Age-appropriateness concerns
Pepper's Rules for Secret Sleuthing,Age-appropriateness concerns; LGBTQ+ identity & sexuality; Violence & mature themes,3,Age-appropriateness concerns
"Gypsies, Wanderers of the World",,0,Uncategorized
Amsterdam,,0,Uncategorized
Atonement,Sexual or romantic content; Violence & mature themes,2,Sexual or romantic content
On Chesil Beach,Sexual or romantic content,1,Sexual or romantic content
Pushing the Limits,Age-appropriateness concerns; Sexual or romantic content,2,Age-appropriateness concerns
American Royals,Age-appropriateness concerns,1,Age-appropriateness concerns
Majesty,Age-appropriateness concerns,1,Age-appropriateness concerns
Reign,Age-appropriateness concerns; Sexual or romantic content,2,Age-appropriateness concerns
Rivals,Age-appropriateness concerns,1,Age-appropriateness concerns
A Madness So Discreet,Age-appropriateness concerns; Violence & mature themes,2,Age-appropriateness concerns
In a Handful of Dust,Age-appropriateness concerns; Violence & mature themes,2,Age-appropriateness concerns
Not a Drop to Drink,Age-appropriateness concerns; Sexual or romantic content; Violence & mature themes,3,Age-appropriateness concerns
Bathe the Cat,Age-appropriateness concerns; LGBTQ+ identity & sexuality,2,Age-appropriateness concerns
Duquesa by Default,,0,Uncategorized
Just Breathe,Age-appropriateness concerns; Mental health & trauma; Sexual or romantic content,3,Age-appropriateness concerns
Say What You Will,Age-appropriateness concerns; Mental health & trauma; Sexual or romantic content,3,Age-appropriateness concerns
Perfect Victim: The True Story of the Girl in the Box,Sexual or romantic content; Violence & mature themes,2,Sexual or romantic content
Every Heart a Doorway,Age-appropriateness concerns; LGBTQ+ identity & sexuality,2,Age-appropriateness concerns
Lost Gospels and Hidden Codes: New Concepts of Scripture,,0,Uncategorized
Burning Midnight,Age-appropriateness concerns; Violence & mature themes,2,Age-appropriateness concerns
Step Up,Race & systemic inequality,1,Race & systemic inequality
Tender,LGBTQ+ identity & sexuality; Sexual or romantic content,2,LGBTQ+ identity & sexuality
Tumbling,Age-appropriateness concerns,1,Age-appropriateness concerns
The Dark Thirty: Southern Tales of the Supernatural,Age-appropriateness concerns; Race & systemic inequality; Violence & mature themes,3,Age-appropriateness concerns
The Memory of Running,Mental health & trauma,1,Mental health & trauma
The Nanny Diaries,Mental health & trauma; Sexual or romantic content,2,Mental health & trauma
What Unbreakable Looks Like,Age-appropriateness concerns; Mental health & trauma; Sexual or romantic content,3,Age-appropriateness concerns
Send Pics,Age-appropriateness concerns; Violence & mature themes,2,Age-appropriateness concerns
Self-Made Boys: A Great Gatsby Remix,Age-appropriateness concerns; LGBTQ+ identity & sexuality,2,Age-appropriateness concerns
Gone (LM),,0,Uncategorized
Wake,Age-appropriateness concerns,1,Age-appropriateness concerns
Two Can Keep a Secret,Age-appropriateness concerns; Violence & mature themes,2,Age-appropriateness concerns
How Stella Got Her Groove Back,,0,Uncategorized
Waiting to Exhale,,0,Uncategorized
Comanche Moon,,0,Uncategorized
Lonesome Dove,,0,Uncategorized
Streets of Laredo,,0,Uncategorized
I'll Be Gone in the Dark: One Woman's Obsessive Search for the Golden State Killer,Sexual or romantic content; Violence & mature themes,2,Sexual or romantic content
#MurderFunding,,0,Uncategorized
One Last Stop,,0,Uncategorized
The Chalice and the Blade,Sexual or romantic content,1,Sexual or romantic content
New Book of Herbs,,0,Uncategorized
Blood Promise,Age-appropriateness concerns; Sexual or romantic content; Violence & mature themes,3,Age-appropriateness concerns
Last Sacrifice,Age-appropriateness concerns; Sexual or romantic content,2,Age-appropriateness concerns
Spirit Bound,Age-appropriateness concerns; Sexual or romantic content; Violence & mature themes,3,Age-appropriateness concerns
The Golden Lily,Age-appropriateness concerns; Religion & worldview; Sexual or romantic content; Violence & mature themes,4,Age-appropriateness concerns
Vampire Academy (A Graphic Novel),Age-appropriateness concerns; Sexual or romantic content,2,Age-appropriateness concerns
Prince of Persia,Age-appropriateness concerns,1,Age-appropriateness concerns
Who is RuPaul?,Age-appropriateness concerns; LGBTQ+ identity & sexuality,2,Age-appropriateness concerns
Suck It Up,Age-appropriateness concerns,1,Age-appropriateness concerns
Everything You Want Me to Be,Violence & mature themes,1,Violence & mature themes
We Set the Dark on Fire,Age-appropriateness concerns; LGBTQ+ identity & sexuality; Sexual or romantic content,3,Age-appropriateness concerns
Camp Quiltbag,Age-appropriateness concerns; LGBTQ+ identity & sexuality,2,Age-appropriateness concerns
How to Become a Planet,Age-appropriateness concerns; LGBTQ+ identity & sexuality; Mental health & trauma,3,Age-appropriateness concerns
The Luckiest MILF in Brooklyn,,0,Uncategorized
I am Billie Jean King,Age-appropriateness concerns; LGBTQ+ identity & sexuality,2,Age-appropriateness concerns
My Moms Love Me,Age-appropriateness concerns; LGBTQ+ identity & sexuality,2,Age-appropriateness concerns
"A B C Anthony Bennett Champion: The Whole Story About an Extraordinary Man of the Twenty-First Century and his many Friends, Escapades and Achievements",,0,Uncategorized
Vanilla,Age-appropriateness concerns; LGBTQ+ identity & sexuality; Sexual or romantic content,3,Age-appropriateness concerns
Talking in the Dark: A Poetry Memoir,Age-appropriateness concerns; LGBTQ+ identity & sexuality; Sexual or romantic content,3,Age-appropriateness concerns
Just a Girl,Age-appropriateness concerns; Sexual or romantic content,2,Age-appropriateness concerns
Chirp,Age-appropriateness concerns,1,Age-appropriateness concerns
The Tragic Age,Age-appropriateness concerns; Violence & mature themes,2,Age-appropriateness concerns
"Bloody Jack: Being an Account of the Curious Adventures of Mary ""Jacky"" Faber, Ship's Boy",Age-appropriateness concerns,1,Age-appropriateness concerns
"Curse of the Blue Tattoo: Being an Account of the Misadventures of Jacky Faber, Midshipman and Fine Lady",Age-appropriateness concerns,1,Age-appropriateness concerns
Under the Jolly Roger: Being an Account of the Further Nautical Adventures of Jacky Faber,Age-appropriateness concerns,1,Age-appropriateness concerns
"The Wake of the Lorelei Lee: Being An Account of the Further Adventures of Jacky Faber, On Her Way to Botany Bay",Age-appropriateness concerns,1,Age-appropriateness concerns
Archenemies,Age-appropriateness concerns; Sexual or romantic content; Violence & mature themes,3,Age-appropriateness concerns
Cinder,Age-appropriateness concerns; Sexual or romantic content; Violence & mature themes,3,Age-appropriateness concerns
Cress,Age-appropriateness concerns; Sexual or romantic content; Violence & mature themes,3,Age-appropriateness concerns
Cursed,Age-appropriateness concerns; Sexual or romantic content,2,Age-appropriateness concerns
Fairest: Levana's Story,Age-appropriateness concerns; Sexual or romantic content; Violence & mature themes,3,Age-appropriateness concerns
Scarlet,Age-appropriateness concerns; Sexual or romantic content; Violence & mature themes,3,Age-appropriateness concerns
Serendipity: Ten Romantic Tropes Transformed,Age-appropriateness concerns; LGBTQ+ identity & sexuality; Sexual or romantic content,3,Age-appropriateness concerns
Stars Above: A Lunar Chronicles Collection,Age-appropriateness concerns; Sexual or romantic content; Violence & mature themes,3,Age-appropriateness concerns
Supernova,Age-appropriateness concerns; Sexual or romantic content,2,Age-appropriateness concerns
Winter,Age-appropriateness concerns; Sexual or romantic content; Violence & mature themes,3,Age-appropriateness concerns
Eclipse,Age-appropriateness concerns; Sexual or romantic content,2,Age-appropriateness concerns
Life and Death: Twilight Reimagined,Age-appropriateness concerns; Sexual or romantic content,2,Age-appropriateness concerns
Midnight Sun,Age-appropriateness concerns,1,Age-appropriateness concerns
New Moon,Age-appropriateness concerns; Sexual or romantic content,2,Age-appropriateness concerns
The Host,Age-appropriateness concerns; Sexual or romantic content; Violence & mature themes,3,Age-appropriateness concerns
Twilight,Age-appropriateness concerns; Sexual or romantic content,2,Age-appropriateness concerns
Sex on the Moon: The Amazing Story Behind the Most Audacious Heist in History,,0,Uncategorized
Dragons of Darkness,Age-appropriateness concerns,1,Age-appropriateness concerns
Pretty Woman,,0,Uncategorized
The Real Deal,,0,Uncategorized
Gonorrhea,Age-appropriateness concerns,1,Age-appropriateness concerns
"Opposite Sex: Gay Men on Lesbians, Lesbians on Gay Men",,0,Uncategorized
The Sea of Tranquility,Age-appropriateness concerns; Mental health & trauma; Sexual or romantic content,3,Age-appropriateness concerns
Know My Name,Gender politics & feminism; Mental health & trauma; Sexual or romantic content; Violence & mature themes,4,Gender politics & feminism
The Eternal Ones: What If Love Refused to Die?,Age-appropriateness concerns,1,Age-appropriateness concerns
Free to Fall,Age-appropriateness concerns,1,Age-appropriateness concerns
Mask of Shadows,Age-appropriateness concerns; LGBTQ+ identity & sexuality; Sexual or romantic content,3,Age-appropriateness concerns
Ruin of Stars,Age-appropriateness concerns; Violence & mature themes,2,Age-appropriateness concerns
Circe,,0,Uncategorized
The Song of Achilles,Violence & mature themes,1,Violence & mature themes
The Authority (1999-2002): Book Two,,0,Uncategorized
Robot Explorers,Age-appropriateness concerns,1,Age-appropriateness concerns
Blackfish City,LGBTQ+ identity & sexuality,1,LGBTQ+ identity & sexuality
Paradise Lost,Religion & worldview,1,Religion & worldview
Paradise Lost and Paradise Regained,Religion & worldview,1,Religion & worldview
"You Do You: Figuring Out Your Body, Dating, and Sexuality",LGBTQ+ identity & sexuality; Sexual or romantic content; Violence & mature themes,3,LGBTQ+ identity & sexuality
Watch for Me By Moonlight,Age-appropriateness concerns; Violence & mature themes,2,Age-appropriateness concerns
Cloud Atlas,LGBTQ+ identity & sexuality; Violence & mature themes,2,LGBTQ+ identity & sexuality
All the Things we do in the Dark,Age-appropriateness concerns; LGBTQ+ identity & sexuality; Violence & mature themes,3,Age-appropriateness concerns
The Ten Things We Did (and Probably Shouldn't Have),Age-appropriateness concerns; Sexual or romantic content,2,Age-appropriateness concerns
Coping As a Survivor of Violent Crime,Age-appropriateness concerns,1,Age-appropriateness concerns
All My Friends Are Dead,Age-appropriateness concerns; Violence & mature themes,2,Age-appropriateness concerns
"Minecraft, Vol 1",Age-appropriateness concerns,1,Age-appropriateness concerns
"Minecraft, Volume 2",Age-appropriateness concerns; Mental health & trauma,2,Age-appropriateness concerns
"Minecraft, Volume 3",Age-appropriateness concerns,1,Age-appropriateness concerns
By Any Means Necessary,Age-appropriateness concerns,1,Age-appropriateness concerns
The Letter Q: Queer Writers' Notes to Their Younger Selves,LGBTQ+ identity & sexuality; Mental health & trauma,2,LGBTQ+ identity & sexuality
"Lamb: The Gospel According to Biff, Christ's Childhood Pal",Religion & worldview,1,Religion & worldview
The Stars Beneath Our Feet,Age-appropriateness concerns; Violence & mature themes,2,Age-appropriateness concerns
Blind Sighted,Age-appropriateness concerns,1,Age-appropriateness concerns
A Good Idea,Age-appropriateness concerns,1,Age-appropriateness concerns
Althea and Oliver,Age-appropriateness concerns,1,Age-appropriateness concerns
Mexican Gothic,Violence & mature themes,1,Violence & mature themes
Facts and Fallacies,,0,Uncategorized
"Camp Confidential (Series, Title Not Specified)",Age-appropriateness concerns,1,Age-appropriateness concerns
The Year of Secret Assignments,Age-appropriateness concerns; Sexual or romantic content; Violence & mature themes,3,Age-appropriateness concerns
The Center of Everything,Violence & mature themes,1,Violence & mature themes
Seikai 1: Crest of the Stars: Princess of the Empire,,0,Uncategorized
Slay,Age-appropriateness concerns; Race & systemic inequality,2,Age-appropriateness concerns
Songs in Ordinary Time,,0,Uncategorized
News from Nowhere and Other Writings,,0,Uncategorized
Paradise,Violence & mature themes,1,Violence & mature themes
Song of Solomon,Race & systemic inequality,1,Race & systemic inequality
Caravaggio: Painter on the Run,Age-appropriateness concerns; Violence & mature themes,2,Age-appropriateness concerns
Hoop City: Baltimore,Age-appropriateness concerns,1,Age-appropriateness concerns
Hoop City: Chicago,Age-appropriateness concerns; Violence & mature themes,2,Age-appropriateness concerns
Hoop City: Detroit,Age-appropriateness concerns,1,Age-appropriateness concerns
Hoop City: Los Angeles,Age-appropriateness concerns,1,Age-appropriateness concerns
Hoop City: New York City,Age-appropriateness concerns,1,Age-appropriateness concerns
"Hoop City: Washington, D.C",Age-appropriateness concerns,1,Age-appropriateness concerns
Texas Fridays: Austin,Age-appropriateness concerns,1,Age-appropriateness concerns
Texas Fridays: Dallas,Age-appropriateness concerns,1,Age-appropriateness concerns
Texas Fridays: El Paso,,0,Uncategorized
Texas Fridays: Houston,,0,Uncategorized
Texas Fridays: Odessa,,0,Uncategorized
Texas Fridays: San Antonio,Age-appropriateness concerns,1,Age-appropriateness concerns
Me Before You,Sexual or romantic content,1,Sexual or romantic content
The Fall,Age-appropriateness concerns; Violence & mature themes,2,Age-appropriateness concerns
Ashen Winter,Age-appropriateness concerns; Violence & mature themes,2,Age-appropriateness concerns
Ashfall,Age-appropriateness concerns; Violence & mature themes,2,Age-appropriateness concerns
Sunrise,Age-appropriateness concerns; Violence & mature themes,2,Age-appropriateness concerns
Pigs,Age-appropriateness concerns,1,Age-appropriateness concerns
1Q84,Violence & mature themes,1,Violence & mature themes
Kafka on the Shore,Violence & mature themes,1,Violence & mature themes
Men Without Women,,0,Uncategorized
The Wind-Up Bird Chronicle,Violence & mature themes,1,Violence & mature themes
Heart of Stone,Sexual or romantic content; Violence & mature themes,2,Sexual or romantic content
Puddin',Age-appropriateness concerns,1,Age-appropriateness concerns
Pumpkin,Age-appropriateness concerns; LGBTQ+ identity & sexuality; Sexual or romantic content,3,Age-appropriateness concerns
The True Story of Hansel and Gretel: A Novel of War and Survival,Race & systemic inequality; Violence & mature themes,2,Race & systemic inequality
Playing by the Rules,Race & systemic inequality; Religion & worldview,2,Race & systemic inequality
Playing Hard to Get,Sexual or romantic content,1,Sexual or romantic content
Bird,Age-appropriateness concerns,1,Age-appropriateness concerns
"The Dozier School for Boys: Forensics, Survivors, and a Painful Past",Mental health & trauma; Violence & mature themes,2,Mental health & trauma
Africa: Cultural Atlas For Young People,,0,Uncategorized
Cultural Atlas of Africa,,0,Uncategorized
My Life as a Smashed Burrito With Extra Hot Sauce,Age-appropriateness concerns; Mental health & trauma,2,Age-appropriateness concerns
145th Street: Short Stories,Age-appropriateness concerns; Race & systemic inequality; Violence & mature themes,3,Age-appropriateness concerns
Fallen Angels,Age-appropriateness concerns; Violence & mature themes,2,Age-appropriateness concerns
Slam!,Age-appropriateness concerns,1,Age-appropriateness concerns
Street Love,Age-appropriateness concerns,1,Age-appropriateness concerns
What They Found: Love on 145th Street,Age-appropriateness concerns; Violence & mature themes,2,Age-appropriateness concerns
Night Owl,Age-appropriateness concerns; Religion & worldview,2,Age-appropriateness concerns
"Peace, Love, and Baby Ducks",Age-appropriateness concerns,1,Age-appropriateness concerns
This Boy,Age-appropriateness concerns; Mental health & trauma; Sexual or romantic content,3,Age-appropriateness concerns
"Rainbow Family Collections: Selecting and Using Children's Books with Lesbian, Gay, Bisexual, Transgender, and Queer Content",LGBTQ+ identity & sexuality,1,LGBTQ+ identity & sexuality
"Hana-Kimi: For You in Full Blossom (Series, Title Not Specified)",Age-appropriateness concerns,1,Age-appropriateness concerns
The Art of Hana-Kimi,,0,Uncategorized
"Kim Jiyoung, Born 1982",,0,Uncategorized
Skin (DJN),Age-appropriateness concerns; Sexual or romantic content,2,Age-appropriateness concerns
Spinners,Age-appropriateness concerns; Sexual or romantic content,2,Age-appropriateness concerns
Storm,Age-appropriateness concerns,1,Age-appropriateness concerns
The Magic Circle,Age-appropriateness concerns,1,Age-appropriateness concerns
Zel,Age-appropriateness concerns; Sexual or romantic content,2,Age-appropriateness concerns
Being LGBTQ,LGBTQ+ identity & sexuality,1,LGBTQ+ identity & sexuality
"Science Encyclopedia: Atom Smashing, Food Chemistry, Animals, Space, and More!",Age-appropriateness concerns,1,Age-appropriateness concerns
Human Body Systems,,0,Uncategorized
Linden Hills,Race & systemic inequality,1,Race & systemic inequality
The Men of Brewster Place,,0,Uncategorized
The Women of Brewster Place: A Novel in Seven Stories,Race & systemic inequality,1,Race & systemic inequality
Alice on the Outside,Age-appropriateness concerns,1,Age-appropriateness concerns
Alice the Brave,,0,Uncategorized
The Word for Yes,Age-appropriateness concerns,1,Age-appropriateness concerns
In Your Dreams,Age-appropriateness concerns,1,Age-appropriateness concerns
Getting Somewhere,Age-appropriateness concerns,1,Age-appropriateness concerns
Recovery Road,Age-appropriateness concerns; Mental health & trauma; Sexual or romantic content,3,Age-appropriateness concerns
Online Pornography,,0,Uncategorized
On the Volcano,Age-appropriateness concerns; Violence & mature themes,2,Age-appropriateness concerns
Earthshine,Age-appropriateness concerns,1,Age-appropriateness concerns
Suite Francaise,,0,Uncategorized
More Than This,Age-appropriateness concerns; LGBTQ+ identity & sexuality; Sexual or romantic content; Violence & mature themes,4,Age-appropriateness concerns
Release,Age-appropriateness concerns,1,Age-appropriateness concerns
The Rest of Us Just Live Here,Age-appropriateness concerns; LGBTQ+ identity & sexuality,2,Age-appropriateness concerns
Lisa Bright and Dark,Age-appropriateness concerns; Mental health & trauma,2,Age-appropriateness concerns
The Fifth Sorceress,Violence & mature themes,1,Violence & mature themes
The Abduction (MN),Age-appropriateness concerns,1,Age-appropriateness concerns
The Dark Light,Age-appropriateness concerns,1,Age-appropriateness concerns
The Transformation,Age-appropriateness concerns,1,Age-appropriateness concerns
The Encyclopedia of Serial Killers,Violence & mature themes,1,Violence & mature themes
"The Encyclopedia of Unsolved Crimes, 2nd Edition",Violence & mature themes,1,Violence & mature themes
I Will Call it Georgie's Blues,Age-appropriateness concerns,1,Age-appropriateness concerns
Everything I Never Told You,,0,Uncategorized
Little Fires Everywhere,,0,Uncategorized
Girls of Storm and Shadow,Age-appropriateness concerns; LGBTQ+ identity & sexuality,2,Age-appropriateness concerns
Stealing Buddha's Dinner: A Memoir,,0,Uncategorized
The Sympathizer,Violence & mature themes,1,Violence & mature themes
War Inside Me,Mental health & trauma; Violence & mature themes,2,Mental health & trauma
The Tribes of Palos Verdes,,0,Uncategorized
Resistance,Age-appropriateness concerns; Race & systemic inequality; Violence & mature themes,3,Age-appropriateness concerns
The Captive Kingdom,Age-appropriateness concerns,1,Age-appropriateness concerns
The Deceiver's Heart,Age-appropriateness concerns; Violence & mature themes,2,Age-appropriateness concerns
The Runaway King,Age-appropriateness concerns; Violence & mature themes,2,Age-appropriateness concerns
The Traitor's Game,Age-appropriateness concerns; Sexual or romantic content,2,Age-appropriateness concerns
The Warrior's Curse,Age-appropriateness concerns,1,Age-appropriateness concerns
Words on Fire,Age-appropriateness concerns,1,Age-appropriateness concerns
We Are All Made of Molecules,Age-appropriateness concerns,1,Age-appropriateness concerns
Peppermint Coach Crushes,,0,Uncategorized
Acceptance (EN),Violence & mature themes,1,Violence & mature themes
The Time Traveler's Wife,Sexual or romantic content,1,Sexual or romantic content
This Is Where It Ends,Age-appropriateness concerns; Violence & mature themes,2,Age-appropriateness concerns
Breathless (JN),Age-appropriateness concerns; Sexual or romantic content,2,Age-appropriateness concerns
Holding Up the Universe,Age-appropriateness concerns; Mental health & trauma; Sexual or romantic content,3,Age-appropriateness concerns
Nigeria,,0,Uncategorized
Alone,Mental health & trauma; Violence & mature themes,2,Mental health & trauma
Born a Crime: Stories from a South African Childhood,Mental health & trauma; Race & systemic inequality; Violence & mature themes,3,Mental health & trauma
Blue Moon (AN),Age-appropriateness concerns; Sexual or romantic content,2,Age-appropriateness concerns
Dark Flame,Age-appropriateness concerns; Sexual or romantic content,2,Age-appropriateness concerns
Everlasting,Age-appropriateness concerns,1,Age-appropriateness concerns
Evermore,Age-appropriateness concerns; Sexual or romantic content,2,Age-appropriateness concerns
Kiss and Blog,Age-appropriateness concerns,1,Age-appropriateness concerns
Night Star,Age-appropriateness concerns; Sexual or romantic content,2,Age-appropriateness concerns
Saving Zoë,Age-appropriateness concerns; Violence & mature themes,2,Age-appropriateness concerns
Shadowland,Religion & worldview; Violence & mature themes,2,Religion & worldview
The Prison Healer,Age-appropriateness concerns; Violence & mature themes,2,Age-appropriateness concerns
Layoverland,Age-appropriateness concerns; Sexual or romantic content,2,Age-appropriateness concerns
Paul McCartney: The Life,Mental health & trauma,1,Mental health & trauma
Sweat,,0,Uncategorized
The Undertaking of Lily Chen,,0,Uncategorized
Uprooted,Age-appropriateness concerns; Religion & worldview; Sexual or romantic content; Violence & mature themes,4,Age-appropriateness concerns
If He Had Been With Me,Age-appropriateness concerns,1,Age-appropriateness concerns
Plague in the Mirror,Age-appropriateness concerns; Sexual or romantic content,2,Age-appropriateness concerns
The Rule of Mirrors,Age-appropriateness concerns; Sexual or romantic content; Violence & mature themes,3,Age-appropriateness concerns
2021 Book of World Records,Age-appropriateness concerns,1,Age-appropriateness concerns
"Best and Buzzworthy 2017: World Records, Trending Topics, and Viral Moments",Age-appropriateness concerns,1,Age-appropriateness concerns
The Country Girls: Three Novels and an Epilogue,,0,Uncategorized
A Good Man is Hard to Find And Other Stories,,0,Uncategorized
The Complete Stories,,0,Uncategorized
"Olympians (Series, not volume specific)",Age-appropriateness concerns,1,Age-appropriateness concerns
Back Roads,Age-appropriateness concerns; Violence & mature themes,2,Age-appropriateness concerns
Long Day's Journey Into Night,Mental health & trauma,1,Mental health & trauma
The Tea Dragon Society,,0,Uncategorized
Killing Jesus: A History,Religion & worldview; Violence & mature themes,2,Religion & worldview
Killing Lincoln: A Shocking Assassination that Changed America Forever,Violence & mature themes,1,Violence & mature themes
Killing Reagan: The Violent Assault That Changed a Presidency,Age-appropriateness concerns,1,Age-appropriateness concerns
The Sacred Lies of Minnow Bly,Age-appropriateness concerns,1,Age-appropriateness concerns
Beasts,,0,Uncategorized
Foxfire: Confessions of a Girl Gang,Violence & mature themes,1,Violence & mature themes
The Assignation,,0,Uncategorized
The Falls,Violence & mature themes,1,Violence & mature themes
We Were the Mulvaneys,,0,Uncategorized
Will You Always Love Me? And Other Stories,Violence & mature themes,1,Violence & mature themes
Book of Broken Hearts,Age-appropriateness concerns; Sexual or romantic content,2,Age-appropriateness concerns
Twenty Boy Summer,Age-appropriateness concerns,1,Age-appropriateness concerns
Free Lunch,Age-appropriateness concerns; Violence & mature themes,2,Age-appropriateness concerns
Punching Bag,Age-appropriateness concerns; Mental health & trauma; Violence & mature themes,3,Age-appropriateness concerns
Finding Junie Kim,Age-appropriateness concerns; Race & systemic inequality; Violence & mature themes,3,Age-appropriateness concerns
"Bakuman (Series, Title Not Specified)",,0,Uncategorized
"Death Note (Series, Title Not Specified)",,0,Uncategorized
"Death Note: Black Edition (Series, Title Not Specified)",Violence & mature themes,1,Violence & mature themes
"Soul Eater, Vol. 10",,0,Uncategorized
"Soul Eater, Vol. 12",,0,Uncategorized
"Soul Eater, Vol. 13",,0,Uncategorized
"Soul Eater, Vol. 17",,0,Uncategorized
"Soul Eater, Vol. 21",,0,Uncategorized
"Soul Eater, Vol. 22",,0,Uncategorized
"Soul Eater, Vol. 23",Age-appropriateness concerns; Violence & mature themes,2,Age-appropriateness concerns
"Soul Eater, Vol. 6",,0,Uncategorized
"Soul Eater, Vol. 7",,0,Uncategorized
"Soul Eater, Vol. 8",,0,Uncategorized
"Soul Eater, Vol. 9",,0,Uncategorized
"A Silent Voice (Series, Title Not Specified)",,0,Uncategorized
Male/Female Roles (AO),,0,Uncategorized
Delirium,Age-appropriateness concerns; Sexual or romantic content; Violence & mature themes,3,Age-appropriateness concerns
Pandemonium,Age-appropriateness concerns; Sexual or romantic content; Violence & mature themes,3,Age-appropriateness concerns
Replica: Gemma Lyra,Age-appropriateness concerns,1,Age-appropriateness concerns
Requiem,Age-appropriateness concerns; Sexual or romantic content; Violence & mature themes,3,Age-appropriateness concerns
Vanishing Girls,Age-appropriateness concerns,1,Age-appropriateness concerns
"If You Tell: A True Story of Murder, Family Secrets, and the Unbreakable Bond of Sisterhood",Mental health & trauma; Violence & mature themes,2,Mental health & trauma
Finn,Age-appropriateness concerns,1,Age-appropriateness concerns
Tupac Shakur,Age-appropriateness concerns,1,Age-appropriateness concerns
The Third Twin,Violence & mature themes,1,Violence & mature themes
"One-Punch Man (Series, Title Not Specified)",,0,Uncategorized
Candidly Cline,Age-appropriateness concerns; LGBTQ+ identity & sexuality,2,Age-appropriateness concerns
Orr: My Story,Age-appropriateness concerns,1,Age-appropriateness concerns
Coping with Breakups and Jealousy,Age-appropriateness concerns,1,Age-appropriateness concerns
American Photography,,0,Uncategorized
Animal Farm: A Fairy Story,,0,Uncategorized
"Hello Melancholic (Series, Title Not Specified)",Violence & mature themes,1,Violence & mature themes
Loveless,Age-appropriateness concerns; LGBTQ+ identity & sexuality; Sexual or romantic content,3,Age-appropriateness concerns
Solitaire,Age-appropriateness concerns; LGBTQ+ identity & sexuality; Mental health & trauma; Sexual or romantic content,4,Age-appropriateness concerns
The Insiders,Age-appropriateness concerns; LGBTQ+ identity & sexuality,2,Age-appropriateness concerns
The Hidden Witch,,0,Uncategorized
The Midwinter Witch,Age-appropriateness concerns,1,Age-appropriateness concerns
The Beloved Wild,Age-appropriateness concerns; Sexual or romantic content,2,Age-appropriateness concerns
Unleaving,Age-appropriateness concerns; Mental health & trauma; Violence & mature themes,3,Age-appropriateness concerns
Draw the Line (KO),Age-appropriateness concerns; LGBTQ+ identity & sexuality; Sexual or romantic content,3,Age-appropriateness concerns
"Ars Amatoria; Or, The Art of Love",,0,Uncategorized
Metamorphoses,,0,Uncategorized
Raintree Steck-Vaughn Illustrated Science Encyclopedia,,0,Uncategorized
Kings Rising,LGBTQ+ identity & sexuality; Violence & mature themes,2,LGBTQ+ identity & sexuality
The Dive From Clausen's Pier,Sexual or romantic content,1,Sexual or romantic content
HIV infection: The Facts You Need to Know,Age-appropriateness concerns,1,Age-appropriateness concerns
Stealing Snow,Age-appropriateness concerns,1,Age-appropriateness concerns
Dorothy Must Die,Age-appropriateness concerns; Religion & worldview,2,Age-appropriateness concerns
Better than the Movies,Age-appropriateness concerns; Sexual or romantic content,2,Age-appropriateness concerns
"Sojourner Truth: A life, A Symbol",Race & systemic inequality,1,Race & systemic inequality
Wonder,Age-appropriateness concerns,1,Age-appropriateness concerns
Adjustment Day,Violence & mature themes,1,Violence & mature themes
Damned,Violence & mature themes,1,Violence & mature themes
Doomed,,0,Uncategorized
Invisible Monsters Remix,Violence & mature themes,1,Violence & mature themes
Lullaby,Violence & mature themes,1,Violence & mature themes
Snuff,Violence & mature themes,1,Violence & mature themes
Behind Closed Doors,Violence & mature themes,1,Violence & mature themes
A Long Walk to Water: Based on a True Story,Age-appropriateness concerns; Violence & mature themes,2,Age-appropriateness concerns
Project Mulberry,Age-appropriateness concerns,1,Age-appropriateness concerns
Who Put This Song On?,Age-appropriateness concerns; Mental health & trauma,2,Age-appropriateness concerns
Valediction,,0,Uncategorized
Super Human Encyclopedia: Discover the Amazing Things Your Body Can Do,,0,Uncategorized
The Dogs of Babel,,0,Uncategorized
Diary of a Misfit: A Memoir and a Mystery,LGBTQ+ identity & sexuality; Violence & mature themes,2,LGBTQ+ identity & sexuality
The Learning Tree,,0,Uncategorized
Adventures with Waffles,Age-appropriateness concerns,1,Age-appropriateness concerns
Coping with Date Rape and Acquaintance Rape,Age-appropriateness concerns,1,Age-appropriateness concerns
Kill Game,Age-appropriateness concerns; Mental health & trauma; Religion & worldview; Violence & mature themes,4,Age-appropriateness concerns
What was the Wild West,Age-appropriateness concerns,1,Age-appropriateness concerns
Who Was Dr. Seuss?,Age-appropriateness concerns,1,Age-appropriateness concerns
Who Was Maurice Sendak?,,0,Uncategorized
Fence,,0,Uncategorized
Fence: Rivals,Age-appropriateness concerns; LGBTQ+ identity & sexuality; Sexual or romantic content,3,Age-appropriateness concerns
Doctor Zhivago,Sexual or romantic content; Violence & mature themes,2,Sexual or romantic content
Bel Canto,Sexual or romantic content; Violence & mature themes,2,Sexual or romantic content
State of Wonder,Mental health & trauma,1,Mental health & trauma
The Patron Saint of Liars,,0,Uncategorized
Rani Patel in Full Effect,Age-appropriateness concerns; Race & systemic inequality; Sexual or romantic content,3,Age-appropriateness concerns
Jacob Have I Loved,Age-appropriateness concerns,1,Age-appropriateness concerns
The Land and People of South Africa,,0,Uncategorized
10th Anniversary,Violence & mature themes,1,Violence & mature themes
1st to Die,Violence & mature themes,1,Violence & mature themes
2nd Chance,Violence & mature themes,1,Violence & mature themes
3rd Degree,Violence & mature themes,1,Violence & mature themes
4th of July,Violence & mature themes,1,Violence & mature themes
"Alex Cross (Series, Title not Specified)",Violence & mature themes,1,Violence & mature themes
"All-American Murder: The Rise and Fall of Aaron Hernandez, the Superstar Whose Life Ended on Murderers' Row",Violence & mature themes,1,Violence & mature themes
Along Came A Spider,Violence & mature themes,1,Violence & mature themes
Confessions of a Murder Suspect,Age-appropriateness concerns,1,Age-appropriateness concerns
Crazy House,Age-appropriateness concerns; Violence & mature themes,2,Age-appropriateness concerns
Cross,Violence & mature themes,1,Violence & mature themes
Cross Country,Violence & mature themes,1,Violence & mature themes
Demons and Druids,Age-appropriateness concerns,1,Age-appropriateness concerns
Honeymoon,Violence & mature themes,1,Violence & mature themes
Judge and Jury,Violence & mature themes,1,Violence & mature themes
Lifeguard,,0,Uncategorized
London Bridges,Violence & mature themes,1,Violence & mature themes
"Maximum Ride: The Manga, Vol 3",,0,Uncategorized
NYPD Red,Violence & mature themes,1,Violence & mature themes
"Private: New York, Los Angeles, London, Paris",Mental health & trauma,1,Mental health & trauma
Sail,Violence & mature themes,1,Violence & mature themes
Sam's Letters to Jennifer,Sexual or romantic content,1,Sexual or romantic content
Suzanne's Diary for Nicholas,Sexual or romantic content,1,Sexual or romantic content
The 5th Horseman,Violence & mature themes,1,Violence & mature themes
The 9th Judgment,Violence & mature themes,1,Violence & mature themes
The Beach House,,0,Uncategorized
The Big Bad Wolf,Violence & mature themes,1,Violence & mature themes
The Dangerous Days of Daniel X,Age-appropriateness concerns,1,Age-appropriateness concerns
The Jester,Violence & mature themes,1,Violence & mature themes
The Lake House,,0,Uncategorized
The Murder of King Tut: The Plot to Kill the Child King - A Nonfiction Thriller,Violence & mature themes,1,Violence & mature themes
Tick Tock,Violence & mature themes,1,Violence & mature themes
Toys,Sexual or romantic content; Violence & mature themes,2,Sexual or romantic content
Violets Are Blue (JP),Violence & mature themes,1,Violence & mature themes
Watch the Skies,Age-appropriateness concerns,1,Age-appropriateness concerns
When the Wind Blows,Violence & mature themes,1,Violence & mature themes
Zoo,Age-appropriateness concerns; Violence & mature themes,2,Age-appropriateness concerns
Hatchet,Age-appropriateness concerns; Violence & mature themes,2,Age-appropriateness concerns
Lawn Boy (GP),Age-appropriateness concerns; LGBTQ+ identity & sexuality,2,Age-appropriateness concerns
Sideways: The Shooting Script,,0,Uncategorized
Enough,Age-appropriateness concerns; Mental health & trauma,2,Age-appropriateness concerns
Explorers and Discoverers: from Alexander the Great to Sally Ride,Age-appropriateness concerns,1,Age-appropriateness concerns
Ancient Greece,Age-appropriateness concerns,1,Age-appropriateness concerns
Dance of Thieves,Age-appropriateness concerns,1,Age-appropriateness concerns
Vow of Thieves,Age-appropriateness concerns,1,Age-appropriateness concerns
A Year Down Yonder,Age-appropriateness concerns,1,Age-appropriateness concerns
Fair Weather,Age-appropriateness concerns,1,Age-appropriateness concerns
Exposure,Age-appropriateness concerns; Race & systemic inequality,2,Age-appropriateness concerns
Big Nate All Work and No Play: A Collection of Sundays,Age-appropriateness concerns,1,Age-appropriateness concerns
Big Nate and Friends,Age-appropriateness concerns,1,Age-appropriateness concerns
Big Nate Blasts Off,Age-appropriateness concerns,1,Age-appropriateness concerns
Big Nate Flips Out,Age-appropriateness concerns,1,Age-appropriateness concerns
Big Nate From the Top,Age-appropriateness concerns,1,Age-appropriateness concerns
Big Nate Game On!,Age-appropriateness concerns,1,Age-appropriateness concerns
Big Nate Goes for Broke,Age-appropriateness concerns; Mental health & trauma,2,Age-appropriateness concerns
Big Nate Hug it Out!,Age-appropriateness concerns,1,Age-appropriateness concerns
Big Nate in the Zone,Age-appropriateness concerns,1,Age-appropriateness concerns
Big Nate Lives it Up,Age-appropriateness concerns,1,Age-appropriateness concerns
Big Nate Makes the Grade,Age-appropriateness concerns,1,Age-appropriateness concerns
Big Nate on a Roll,Age-appropriateness concerns,1,Age-appropriateness concerns
Big Nate Strikes Again,Age-appropriateness concerns,1,Age-appropriateness concerns
Big Nate: A Good Old-Fashioned Wedgie,Age-appropriateness concerns,1,Age-appropriateness concerns
Big Nate: Genius Mode,Age-appropriateness concerns,1,Age-appropriateness concerns
Big Nate: Great Minds Think Alike,Age-appropriateness concerns,1,Age-appropriateness concerns
Big Nate: I Can’t Take It,Age-appropriateness concerns,1,Age-appropriateness concerns
Big Nate: In a Class by Himself,Age-appropriateness concerns,1,Age-appropriateness concerns
Big Nate: Mr. Popularity,Age-appropriateness concerns,1,Age-appropriateness concerns
Big Nate: Revenge of the Cream Puffs,Age-appropriateness concerns,1,Age-appropriateness concerns
Big Nate: Say Good-bye to Dork City,Age-appropriateness concerns,1,Age-appropriateness concerns
Big Nate: The Crowd Goes Wild,Age-appropriateness concerns,1,Age-appropriateness concerns
Big Nate: What Could Possibly Go Wrong,Age-appropriateness concerns,1,Age-appropriateness concerns
Big Nate's Greatest Hits,Age-appropriateness concerns,1,Age-appropriateness concerns
The Lost Boy: A Foster Child's Search for the Love of a Family,,0,Uncategorized
The Privilege of Youth: A Teenager's Story,Mental health & trauma,1,Mental health & trauma
The Moviegoer,,0,Uncategorized
What Can't Wait,Age-appropriateness concerns; Race & systemic inequality; Sexual or romantic content,3,Age-appropriateness concerns
Anna and the French Kiss,Age-appropriateness concerns; Sexual or romantic content,2,Age-appropriateness concerns
Isla and the Happily Ever After,Age-appropriateness concerns,1,Age-appropriateness concerns
There's Someone Inside Your House,Age-appropriateness concerns; Violence & mature themes,2,Age-appropriateness concerns
The Leftovers,Violence & mature themes,1,Violence & mature themes
Malcolm: The Life of a Man Who Changed Black America,Mental health & trauma; Race & systemic inequality,2,Mental health & trauma
Special Topics in Calamity Physics,Age-appropriateness concerns,1,Age-appropriateness concerns
Our Subway Baby,Age-appropriateness concerns,1,Age-appropriateness concerns
Luna (JP),Age-appropriateness concerns; LGBTQ+ identity & sexuality,2,Age-appropriateness concerns
Critical Perspectives on Gender Identity,LGBTQ+ identity & sexuality,1,LGBTQ+ identity & sexuality
The Street,,0,Uncategorized
Out Stealing Horses,,0,Uncategorized
Life As We Knew It,Age-appropriateness concerns; Violence & mature themes,2,Age-appropriateness concerns
The Dead and the Gone,Age-appropriateness concerns,1,Age-appropriateness concerns
The Shade of the Moon,Age-appropriateness concerns,1,Age-appropriateness concerns
This World We Live In,Age-appropriateness concerns; Violence & mature themes,2,Age-appropriateness concerns
The Rainbow Fish,Age-appropriateness concerns,1,Age-appropriateness concerns
My Footprints,Age-appropriateness concerns; LGBTQ+ identity & sexuality; Mental health & trauma; Race & systemic inequality,4,Age-appropriateness concerns
Freak the Mighty,Age-appropriateness concerns,1,Age-appropriateness concerns
Mythology (Eyewitness),Religion & worldview; Violence & mature themes,2,Religion & worldview
Mythology of the World,Age-appropriateness concerns,1,Age-appropriateness concerns
The Great Circle: A History of the First Nations,Age-appropriateness concerns; Race & systemic inequality,2,Age-appropriateness concerns
Prague,,0,Uncategorized
Fishtailing,Age-appropriateness concerns; Mental health & trauma; Violence & mature themes,3,Age-appropriateness concerns
The Templar Revelation: Secret Guardians of the True Identity of Christ,Religion & worldview,1,Religion & worldview
A Spark of Light,Sexual or romantic content,1,Sexual or romantic content
Between the Lines,Age-appropriateness concerns,1,Age-appropriateness concerns
Harvesting the Heart,,0,Uncategorized
Picture Perfect (JP),Age-appropriateness concerns,1,Age-appropriateness concerns
Dark Age,Violence & mature themes,1,Violence & mature themes
Golden Son,Age-appropriateness concerns; Violence & mature themes,2,Age-appropriateness concerns
Iron Gold,Age-appropriateness concerns; Violence & mature themes,2,Age-appropriateness concerns
Morning Star,Age-appropriateness concerns; Violence & mature themes,2,Age-appropriateness concerns
Mastiff,Age-appropriateness concerns; Religion & worldview; Violence & mature themes,3,Age-appropriateness concerns
Bloodhound,Age-appropriateness concerns,1,Age-appropriateness concerns
A Year and a Day,,0,Uncategorized
Life After Theft,Age-appropriateness concerns,1,Age-appropriateness concerns
Chain Letter,Age-appropriateness concerns,1,Age-appropriateness concerns
"Thirst No. 1: Human Urges, Fatal Consequences",Age-appropriateness concerns,1,Age-appropriateness concerns
"Thirst No. 2: Deepest Desire, Instant Remorse",Age-appropriateness concerns,1,Age-appropriateness concerns
Thirst No. 4: The Shadow of Death,Age-appropriateness concerns,1,Age-appropriateness concerns
Thirst No. 5: The Sacred Veil,Age-appropriateness concerns; Violence & mature themes,2,Age-appropriateness concerns
Captain Underpants and the Sensational Saga of Sir Stink-a-Lot,Age-appropriateness concerns,1,Age-appropriateness concerns
Dog Man and Cat Kid,Age-appropriateness concerns,1,Age-appropriateness concerns
13 Minutes,Age-appropriateness concerns; Mental health & trauma; Violence & mature themes,3,Age-appropriateness concerns
Into White,Age-appropriateness concerns; Race & systemic inequality,2,Age-appropriateness concerns
Bridges: The Spans of North America,,0,Uncategorized
Yes Please,Sexual or romantic content,1,Sexual or romantic content
The First 7,Age-appropriateness concerns; LGBTQ+ identity & sexuality,2,Age-appropriateness concerns
The Last 8,Age-appropriateness concerns; LGBTQ+ identity & sexuality,2,Age-appropriateness concerns
"Gay and Lesbian History for Kids: The Century-Long Struggle LGBT Rights, with 21 Activities",Age-appropriateness concerns; LGBTQ+ identity & sexuality; Violence & mature themes,3,Age-appropriateness concerns
Robert Louis Stevenson,,0,Uncategorized
Tinisima,Gender politics & feminism; Violence & mature themes,2,Gender politics & feminism
Blue Moon (JP),Age-appropriateness concerns; Sexual or romantic content,2,Age-appropriateness concerns
Dark Days,Age-appropriateness concerns; Religion & worldview; Violence & mature themes,3,Age-appropriateness concerns
Dead City,Age-appropriateness concerns; Violence & mature themes,2,Age-appropriateness concerns
There Will Come a Darkness,Age-appropriateness concerns; Violence & mature themes,2,Age-appropriateness concerns
Dealing With Dating and Romance,Mental health & trauma; Sexual or romantic content; Violence & mature themes,3,Mental health & trauma
King Dork,Age-appropriateness concerns; Sexual or romantic content,2,Age-appropriateness concerns
Dinner with Dimaggio: Memories of an American Hero,,0,Uncategorized
Behind the Shadows,,0,Uncategorized
The Good Girls Revolt: How the Women of Newsweek Sued their Bosses and Changed the Workplace,Sexual or romantic content,1,Sexual or romantic content
The Whistling Toilets,Age-appropriateness concerns,1,Age-appropriateness concerns
Elvis Presley's Love Me Tender,Age-appropriateness concerns,1,Age-appropriateness concerns
The Cabin,Age-appropriateness concerns; Violence & mature themes,2,Age-appropriateness concerns
The Cellar,Age-appropriateness concerns,1,Age-appropriateness concerns
Hallway Diaries,Age-appropriateness concerns,1,Age-appropriateness concerns
"Caves, Graves, and Catacombs: Secrets from Beneath the Earth",,0,Uncategorized
Close Range: Wyoming Stories,Violence & mature themes,1,Violence & mature themes
"Swann's Way: In Search of Lost Time, Vol. 1",,0,Uncategorized
The Past Recaptured,LGBTQ+ identity & sexuality,1,LGBTQ+ identity & sexuality
"I Have the Right To: A High School Survivor's Story of Sexual Assault, Justice and Hope",Mental health & trauma; Sexual or romantic content; Violence & mature themes,3,Mental health & trauma
"Portrait of a Monster: Joran van der Sloot, A Murder in Peru, and the Natalee Holloway Mystery",Violence & mature themes,1,Violence & mature themes
His Dark Materials,Age-appropriateness concerns,1,Age-appropriateness concerns
The Amber Spyglass,Age-appropriateness concerns; Violence & mature themes,2,Age-appropriateness concerns
The Book of Dust: La Belle Sauvage,Age-appropriateness concerns,1,Age-appropriateness concerns
The Shadow in the North,Age-appropriateness concerns,1,Age-appropriateness concerns
Burning Glass,Age-appropriateness concerns; Religion & worldview; Sexual or romantic content,3,Age-appropriateness concerns
The Family,Violence & mature themes,1,Violence & mature themes
Not Here to be Liked,Age-appropriateness concerns,1,Age-appropriateness concerns
Boy 21,Age-appropriateness concerns; Violence & mature themes,2,Age-appropriateness concerns
"Forgive Me, Leonard Peacock",Age-appropriateness concerns; Mental health & trauma; Race & systemic inequality; Violence & mature themes,4,Age-appropriateness concerns
High School,LGBTQ+ identity & sexuality,1,LGBTQ+ identity & sexuality
Tegan and Sara: Junior High,Age-appropriateness concerns; LGBTQ+ identity & sexuality; Sexual or romantic content,3,Age-appropriateness concerns
Black and Blue,Sexual or romantic content,1,Sexual or romantic content
Blessings,,0,Uncategorized
She Drives Me Crazy,Age-appropriateness concerns; LGBTQ+ identity & sexuality; Sexual or romantic content,3,Age-appropriateness concerns
Ophelia After All,Age-appropriateness concerns; LGBTQ+ identity & sexuality,2,Age-appropriateness concerns
The Elegant Gathering of White Snows,Gender politics & feminism; Sexual or romantic content,2,Gender politics & feminism
Salma the Syrian Chef,Age-appropriateness concerns,1,Age-appropriateness concerns
The Forever Watch,Violence & mature themes,1,Violence & mature themes
Where I Stopped,Mental health & trauma; Sexual or romantic content; Violence & mature themes,3,Mental health & trauma
Atlas Shrugged,Violence & mature themes,1,Violence & mature themes
The Fountainhead,,0,Uncategorized
We the Living,,0,Uncategorized
One Life,Gender politics & feminism; LGBTQ+ identity & sexuality,2,Gender politics & feminism
Punkzilla,Age-appropriateness concerns,1,Age-appropriateness concerns
"Girl: Love, Sex, Romance and Being You",Sexual or romantic content; Violence & mature themes,2,Sexual or romantic content
Clean,Age-appropriateness concerns,1,Age-appropriateness concerns
Over You,Age-appropriateness concerns; LGBTQ+ identity & sexuality,2,Age-appropriateness concerns
The AIDS Epidemic: Disaster and Survival,,0,Uncategorized
The Cute Girl Network,,0,Uncategorized
Burning Nation,Age-appropriateness concerns; Violence & mature themes,2,Age-appropriateness concerns
Pirates!,Age-appropriateness concerns; Sexual or romantic content,2,Age-appropriateness concerns
This is Not Forgiveness,Age-appropriateness concerns; Sexual or romantic content,2,Age-appropriateness concerns
A Game of Fox and Squirrels,Age-appropriateness concerns; Mental health & trauma,2,Age-appropriateness concerns
Fever Crumb,Age-appropriateness concerns; Violence & mature themes,2,Age-appropriateness concerns
Such a Fun Age,Race & systemic inequality,1,Race & systemic inequality
The Seven Husbands of Evelyn Hugo,,0,Uncategorized
Sexual Abuse and Incest,Mental health & trauma; Sexual or romantic content,2,Mental health & trauma
Tokyo Heist,Age-appropriateness concerns,1,Age-appropriateness concerns
Are These My Basoomas I See Before Me: Fab Final Confessions of Georgia Nicolson,Age-appropriateness concerns; Sexual or romantic content,2,Age-appropriateness concerns
Away Laughing on a Fast Camel: Even More Confessions of Georgia Nicolson,,0,Uncategorized
Dancing in My Nuddy-Pants: Even Further Confessions of Georgia Nicolson,Age-appropriateness concerns; Sexual or romantic content,2,Age-appropriateness concerns
"Knocked Out By My Nunga Nungas: Further, Further Confessions of Georgia Nicolson",Age-appropriateness concerns; Sexual or romantic content,2,Age-appropriateness concerns
Love is a Many Trousered Thing,,0,Uncategorized
Startled by His Furry Shorts,,0,Uncategorized
Stop in the Name of Pants!,Age-appropriateness concerns; Sexual or romantic content,2,Age-appropriateness concerns
"Then He Ate My Boy Entrancers: More Mad, Marvy Convessions of Georgia Nicolson",,0,Uncategorized
Red Glass,Age-appropriateness concerns; Race & systemic inequality; Sexual or romantic content; Violence & mature themes,4,Age-appropriateness concerns
A Million Suns,Age-appropriateness concerns; Sexual or romantic content; Violence & mature themes,3,Age-appropriateness concerns
Across the Universe,Age-appropriateness concerns; Sexual or romantic content; Violence & mature themes,3,Age-appropriateness concerns
Shades of Earth,Age-appropriateness concerns; Sexual or romantic content; Violence & mature themes,3,Age-appropriateness concerns
The Lesbiana's Guide to Catholic School,Age-appropriateness concerns; LGBTQ+ identity & sexuality; Sexual or romantic content; Violence & mature themes,4,Age-appropriateness concerns
Stone Fox,Age-appropriateness concerns; Race & systemic inequality,2,Age-appropriateness concerns
Amazon Basin: Vanishing Cultures,,0,Uncategorized
Patina,Age-appropriateness concerns,1,Age-appropriateness concerns
Beyond Dreams,Age-appropriateness concerns,1,Age-appropriateness concerns
Telling,Age-appropriateness concerns,1,Age-appropriateness concerns
Too Soon For Jeff,Age-appropriateness concerns,1,Age-appropriateness concerns
Fearless Women: Courageous Females Who Refused to Be Denied,,0,Uncategorized
Three Little Words: A Memoir (ARC),,0,Uncategorized
Wide Sargasso Sea,Gender politics & feminism; Sexual or romantic content,2,Gender politics & feminism
Patron Saints of Nothing,Age-appropriateness concerns; Violence & mature themes,2,Age-appropriateness concerns
Hank: The Short Life and Long Country Road of Hank Williams,,0,Uncategorized
Blackwood Farm,,0,Uncategorized
Lasher,Violence & mature themes,1,Violence & mature themes
Memnoch the Devil,,0,Uncategorized
Queen of the Damned,Violence & mature themes,1,Violence & mature themes
Taltos,Violence & mature themes,1,Violence & mature themes
The Vampire Armand,,0,Uncategorized
The Vampire Lestat,Violence & mature themes,1,Violence & mature themes
The Witching Hour,Violence & mature themes,1,Violence & mature themes
Life,Mental health & trauma; Violence & mature themes,2,Mental health & trauma
Tag-along Timothy Tours Texas,Age-appropriateness concerns,1,Age-appropriateness concerns
Miss Peregrine’s Home for Peculiar Children,Age-appropriateness concerns,1,Age-appropriateness concerns
"My Heart is on the Ground: The Diary of Nannie Little Rose, a Sioux Girl",Age-appropriateness concerns,1,Age-appropriateness concerns
The Blood of Olympus,Age-appropriateness concerns; Violence & mature themes,2,Age-appropriateness concerns
The Burning Maze,Age-appropriateness concerns,1,Age-appropriateness concerns
The Dark Prophecy,Age-appropriateness concerns,1,Age-appropriateness concerns
The Hidden Oracle,Age-appropriateness concerns,1,Age-appropriateness concerns
The House of Hades,Age-appropriateness concerns; Violence & mature themes,2,Age-appropriateness concerns
The Lost Hero,Age-appropriateness concerns,1,Age-appropriateness concerns
The Mark of Athena,Age-appropriateness concerns; Violence & mature themes,2,Age-appropriateness concerns
The Serpents Shadow,Age-appropriateness concerns; Religion & worldview; Violence & mature themes,3,Age-appropriateness concerns
The Ship of the Dead,Age-appropriateness concerns,1,Age-appropriateness concerns
The Son of Neptune,Age-appropriateness concerns; Violence & mature themes,2,Age-appropriateness concerns
The Sword of Summer,Age-appropriateness concerns,1,Age-appropriateness concerns
The Tower of Nero,Age-appropriateness concerns,1,Age-appropriateness concerns
The Tyrant’s Tomb,Age-appropriateness concerns,1,Age-appropriateness concerns
Juliet Takes a Breath: The Graphic Novel,Age-appropriateness concerns; LGBTQ+ identity & sexuality,2,Age-appropriateness concerns
Never Look Back,Age-appropriateness concerns; Sexual or romantic content,2,Age-appropriateness concerns
The Education of Margot Sanchez,Age-appropriateness concerns,1,Age-appropriateness concerns
Redeeming Love,Sexual or romantic content,1,Sexual or romantic content
The Atonement Child,Violence & mature themes,1,Violence & mature themes
Gulp: Adventures on the Alimentary Canal,Violence & mature themes,1,Violence & mature themes
Portrait in Death,Sexual or romantic content; Violence & mature themes,2,Sexual or romantic content
Even Cowgirls Get the Blues,,0,Uncategorized
Villa Incognito,Violence & mature themes,1,Violence & mature themes
Birthright,Sexual or romantic content; Violence & mature themes,2,Sexual or romantic content
Divine Evil,,0,Uncategorized
Gabriella and Alexander: Two Tales of Palace Intrigue and Royal Romance,,0,Uncategorized
Midnight Bayou,Sexual or romantic content,1,Sexual or romantic content
River's End,,0,Uncategorized
Whispers at Midnight,Violence & mature themes,1,Violence & mature themes
Bloodrose: Nightshade Novel,Age-appropriateness concerns; Sexual or romantic content; Violence & mature themes,3,Age-appropriateness concerns
Invisibility,,0,Uncategorized
Rise,Age-appropriateness concerns; Religion & worldview; Sexual or romantic content; Violence & mature themes,4,Age-appropriateness concerns
Snakeroot,Age-appropriateness concerns; Religion & worldview; Sexual or romantic content; Violence & mature themes,4,Age-appropriateness concerns
The Conjurer's Riddle,,0,Uncategorized
The Inventor's Secret,Age-appropriateness concerns,1,Age-appropriateness concerns
Wolfsbane,Age-appropriateness concerns; Sexual or romantic content,2,Age-appropriateness concerns
The True and Outstanding Adventures of the Hunt Sisters,Sexual or romantic content,1,Sexual or romantic content
Billie Jean! How Tennis Star Billie Jean King Changed Women's Sports,Age-appropriateness concerns,1,Age-appropriateness concerns
"Love, Penelope: Letters from a Big Sister Who Knows About Life",Age-appropriateness concerns,1,Age-appropriateness concerns
Confronting Stereotypes,LGBTQ+ identity & sexuality,1,LGBTQ+ identity & sexuality
34 Pieces of You,Age-appropriateness concerns,1,Age-appropriateness concerns
Always Running: La Vida Loca: Gang Days In LA,,0,Uncategorized
A List of Cages,Age-appropriateness concerns; Mental health & trauma,2,Age-appropriateness concerns
Look,Age-appropriateness concerns; LGBTQ+ identity & sexuality; Sexual or romantic content,3,Age-appropriateness concerns
Almost Adulting: All You Need to Know to Get it Together (Sort of),Sexual or romantic content,1,Sexual or romantic content
Megan Rapinoe: Soccer Superstar,,0,Uncategorized
CAMP,Age-appropriateness concerns; LGBTQ+ identity & sexuality; Sexual or romantic content,3,Age-appropriateness concerns
Amelia Anne Is Dead and Gone,Age-appropriateness concerns; Sexual or romantic content; Violence & mature themes,3,Age-appropriateness concerns
"Dear Girl: A Celebration of Wonderful, Smart, Beautiful You!",Age-appropriateness concerns,1,Age-appropriateness concerns
Shelly Struggles to Shine,Age-appropriateness concerns,1,Age-appropriateness concerns
How I Live Now,Age-appropriateness concerns; Mental health & trauma; Violence & mature themes,3,Age-appropriateness concerns
There Is No Dog,Age-appropriateness concerns; Religion & worldview; Sexual or romantic content,3,Age-appropriateness concerns
Into the Still Blue,,0,Uncategorized
Through the Ever Night,Age-appropriateness concerns; Sexual or romantic content; Violence & mature themes,3,Age-appropriateness concerns
Under the Never Sky,Age-appropriateness concerns; Sexual or romantic content; Violence & mature themes,3,Age-appropriateness concerns
Perfidia,Sexual or romantic content,1,Sexual or romantic content
Portnoy's Complaint,,0,Uncategorized
Allegiant,Age-appropriateness concerns; Sexual or romantic content; Violence & mature themes,3,Age-appropriateness concerns
Divergent,Age-appropriateness concerns; Sexual or romantic content; Violence & mature themes,3,Age-appropriateness concerns
The Name of the Wind,Religion & worldview; Sexual or romantic content; Violence & mature themes,3,Religion & worldview
Head Above Water,Age-appropriateness concerns,1,Age-appropriateness concerns
Shadow in the Empire of Light,Age-appropriateness concerns; LGBTQ+ identity & sexuality; Religion & worldview; Violence & mature themes,4,Age-appropriateness concerns
Carry On,Age-appropriateness concerns; LGBTQ+ identity & sexuality; Religion & worldview; Sexual or romantic content,4,Age-appropriateness concerns
Eleanor and Park,Age-appropriateness concerns,1,Age-appropriateness concerns
The Casual Vacancy,Violence & mature themes,1,Violence & mature themes
Wash Day Diaries,LGBTQ+ identity & sexuality,1,LGBTQ+ identity & sexuality
96 Words For Love,Age-appropriateness concerns,1,Age-appropriateness concerns
Introducing Frankenstein Meets the Wolf Man,Age-appropriateness concerns,1,Age-appropriateness concerns
Denton Little's Deathdate,Age-appropriateness concerns; Mental health & trauma; Sexual or romantic content; Violence & mature themes,4,Age-appropriateness concerns
Bone Gap,Age-appropriateness concerns; Sexual or romantic content,2,Age-appropriateness concerns
Good Girls,Age-appropriateness concerns; Sexual or romantic content,2,Age-appropriateness concerns
All of Us with Wings,Age-appropriateness concerns; LGBTQ+ identity & sexuality,2,Age-appropriateness concerns
Small Sacrifices: A True Story of Passion and Murder,Violence & mature themes,1,Violence & mature themes
The Stranger Beside Me,Violence & mature themes,1,Violence & mature themes
The Burn Journals,Age-appropriateness concerns; Mental health & trauma,2,Age-appropriateness concerns
Elegies for Angels Punks and Raging Queens,,0,Uncategorized
"Dork Diaries (Series, not volume specific)",Age-appropriateness concerns,1,Age-appropriateness concerns
If I Was Your Girl (MR),Age-appropriateness concerns; LGBTQ+ identity & sexuality; Sexual or romantic content,3,Age-appropriateness concerns
The Winner's Kiss,Age-appropriateness concerns; Violence & mature themes,2,Age-appropriateness concerns
Families Around the World,Age-appropriateness concerns; LGBTQ+ identity & sexuality,2,Age-appropriateness concerns
Rules for Life,Age-appropriateness concerns,1,Age-appropriateness concerns
These Hollow Vows,Age-appropriateness concerns,1,Age-appropriateness concerns
The Boy Who Lost His Face,Age-appropriateness concerns,1,Age-appropriateness concerns
"Neon Genesis Evangelion: 2-in-1 edition, Vol. 5",,0,Uncategorized
"Neon Genesis Evangelion: 3-in-1 edition, Vol. 1",,0,Uncategorized
"Neon Genesis Evangelion: 3-in-1 edition, Vol. 4",,0,Uncategorized
Drake,Age-appropriateness concerns,1,Age-appropriateness concerns
Diana and the Underworld Odyssey,Age-appropriateness concerns,1,Age-appropriateness concerns
Aristotle and Dante Dive into the Waters of the World,Age-appropriateness concerns; LGBTQ+ identity & sexuality; Mental health & trauma; Sexual or romantic content,4,Age-appropriateness concerns
He Forgot To Say Goodbye,Age-appropriateness concerns,1,Age-appropriateness concerns
Not the Girls You're Looking For,Age-appropriateness concerns; Sexual or romantic content,2,Age-appropriateness concerns
Tell Me How You Really Feel,Age-appropriateness concerns; LGBTQ+ identity & sexuality; Sexual or romantic content,3,Age-appropriateness concerns
"Black Bird, Vol. 10",,0,Uncategorized
"Black Bird, Vol. 11",,0,Uncategorized
"Black Bird, Vol. 12",,0,Uncategorized
"Black Bird, Vol. 13",,0,Uncategorized
"Black Bird, Vol. 14",,0,Uncategorized
"Black Bird, Vol. 15",,0,Uncategorized
"Black Bird, Vol. 16",,0,Uncategorized
"Black Bird, Vol. 17",,0,Uncategorized
"Black Bird, Vol. 18",,0,Uncategorized
"Black Bird, Vol. 2",,0,Uncategorized
"Black Bird, Vol. 3",,0,Uncategorized
"Black Bird, Vol. 5",,0,Uncategorized
"Black Bird, Vol. 6",,0,Uncategorized
"Black Bird, Vol. 7",,0,Uncategorized
"Black Bird, Vol. 8",,0,Uncategorized
"Black Bird, Vol. 9",,0,Uncategorized
This Song Will Save Your Life,Age-appropriateness concerns; Mental health & trauma,2,Age-appropriateness concerns
The Catcher in the Rye,Age-appropriateness concerns; Violence & mature themes,2,Age-appropriateness concerns
Yo No Soy Tu Perfecta Hija Mexicana,Age-appropriateness concerns; Mental health & trauma,2,Age-appropriateness concerns
"Option B: Facing Adversity, Building Resilience, and Finding Joy",Sexual or romantic content; Violence & mature themes,2,Sexual or romantic content
The Second Deadly Sin,Violence & mature themes,1,Violence & mature themes
Calamity,Age-appropriateness concerns; Violence & mature themes,2,Age-appropriateness concerns
Firefight,Age-appropriateness concerns; Violence & mature themes,2,Age-appropriateness concerns
The Fool's Run,,0,Uncategorized
Rebellion,Age-appropriateness concerns,1,Age-appropriateness concerns
"Vampire, Interrupted",,0,Uncategorized
When I was Puerto Rican: A Memoir,,0,Uncategorized
Blood of Elves,Violence & mature themes,1,Violence & mature themes
Sword of Destiny,,0,Uncategorized
The Last Wish,,0,Uncategorized
Blindness,Violence & mature themes,1,Violence & mature themes
Ellen Outside the Lines,Age-appropriateness concerns; LGBTQ+ identity & sexuality,2,Age-appropriateness concerns
Surrender Your Sons,Age-appropriateness concerns; LGBTQ+ identity & sexuality; Violence & mature themes,3,Age-appropriateness concerns
Genital Herpes,Age-appropriateness concerns,1,Age-appropriateness concerns
Anna and the Swallow Man,Age-appropriateness concerns; Violence & mature themes,2,Age-appropriateness concerns
Pablo Picasso,Sexual or romantic content,1,Sexual or romantic content
Plague Land,Age-appropriateness concerns,1,Age-appropriateness concerns
You're Next,Age-appropriateness concerns; LGBTQ+ identity & sexuality; Mental health & trauma; Violence & mature themes,4,Age-appropriateness concerns
Not Even Bones,,0,Uncategorized
George vs. George: The American Revolution As Seen From Both Sides,,0,Uncategorized
Uses for Boys,Age-appropriateness concerns,1,Age-appropriateness concerns
The Last Words We Said,Age-appropriateness concerns; Mental health & trauma; Sexual or romantic content,3,Age-appropriateness concerns
The Reader,Race & systemic inequality; Sexual or romantic content; Violence & mature themes,3,Race & systemic inequality
Orbiting Jupiter,Age-appropriateness concerns,1,Age-appropriateness concerns
Extraordinary Means,Age-appropriateness concerns,1,Age-appropriateness concerns
The Beginning of Everything,Age-appropriateness concerns; Sexual or romantic content,2,Age-appropriateness concerns
The Beginning of Everything: Everyone Gets a Tragedy,Age-appropriateness concerns,1,Age-appropriateness concerns
You Don't Live Here,Age-appropriateness concerns,1,Age-appropriateness concerns
Banished,Age-appropriateness concerns; Religion & worldview; Sexual or romantic content,3,Age-appropriateness concerns
Spelled,Age-appropriateness concerns,1,Age-appropriateness concerns
Wanted (BS),Age-appropriateness concerns; Religion & worldview; Sexual or romantic content,3,Age-appropriateness concerns
Endangered,Age-appropriateness concerns; Violence & mature themes,2,Age-appropriateness concerns
"I Heart You, You Haunt Me",Age-appropriateness concerns,1,Age-appropriateness concerns
Bully: A True Story of High School Revenge,Mental health & trauma; Sexual or romantic content; Violence & mature themes,3,Mental health & trauma
A Conjuring of Light,Age-appropriateness concerns; LGBTQ+ identity & sexuality; Religion & worldview; Sexual or romantic content,4,Age-appropriateness concerns
This Savage Song,Age-appropriateness concerns; Violence & mature themes,2,Age-appropriateness concerns
The End of Your Life Book Club,Mental health & trauma; Sexual or romantic content,2,Mental health & trauma
More Scary Stories to Tell in the Dark,Age-appropriateness concerns; Violence & mature themes,2,Age-appropriateness concerns
Code-Breaker and Mathematician Alan Turing,Age-appropriateness concerns; Violence & mature themes,2,Age-appropriateness concerns
The Gift of Forgiveness,Violence & mature themes,1,Violence & mature themes
Things We Hide From the Light,Sexual or romantic content; Violence & mature themes,2,Sexual or romantic content
Things We Never Got Over,,0,Uncategorized
Can You See Me?,Age-appropriateness concerns,1,Age-appropriateness concerns
Live Through This,Age-appropriateness concerns; Mental health & trauma,2,Age-appropriateness concerns
Dirty Blonde,Sexual or romantic content; Violence & mature themes,2,Sexual or romantic content
Final Appeal,Violence & mature themes,1,Violence & mature themes
Look Again,Violence & mature themes,1,Violence & mature themes
Help for the Haunted Heroine,Violence & mature themes,1,Violence & mature themes
Ash Princess,Age-appropriateness concerns; Mental health & trauma; Religion & worldview; Sexual or romantic content,4,Age-appropriateness concerns
Ember Queen,Age-appropriateness concerns; Mental health & trauma; Religion & worldview; Sexual or romantic content,4,Age-appropriateness concerns
Lady Smoke,Age-appropriateness concerns; Religion & worldview; Sexual or romantic content,3,Age-appropriateness concerns
Lucky (AS),Mental health & trauma; Violence & mature themes,2,Mental health & trauma
The Almost Moon,,0,Uncategorized
Naked,Sexual or romantic content,1,Sexual or romantic content
The Summer of Lost Things,Age-appropriateness concerns,1,Age-appropriateness concerns
Peony in Love,Sexual or romantic content,1,Sexual or romantic content
Shanghai Girls,,0,Uncategorized
Amber and Dusk,Age-appropriateness concerns,1,Age-appropriateness concerns
Doodleville,Age-appropriateness concerns,1,Age-appropriateness concerns
Roar of the Beast,Age-appropriateness concerns; Mental health & trauma,2,Age-appropriateness concerns
The Cardboard Kingdom,Age-appropriateness concerns; LGBTQ+ identity & sexuality,2,Age-appropriateness concerns
The Marvels,,0,Uncategorized
"Where'd You Go, Bernadette?",,0,Uncategorized
In the Night Kitchen,Age-appropriateness concerns,1,Age-appropriateness concerns
"Writing My Wrongs: Life, Death, and Reception in an American Prison",Mental health & trauma; Race & systemic inequality; Violence & mature themes,3,Mental health & trauma
Illustrated Who's Who in Mythology,,0,Uncategorized
Ashes in the Snow,Age-appropriateness concerns; Violence & mature themes,2,Age-appropriateness concerns
I Must Betray You,Age-appropriateness concerns,1,Age-appropriateness concerns
The Thirteenth Tale,,0,Uncategorized
The Killer Angels: The Classic Novel of the Civil War,Violence & mature themes,1,Violence & mature themes
The Guernsey Literary and Potato Peel Pie Society,Sexual or romantic content; Violence & mature themes,2,Sexual or romantic content
Equus,Violence & mature themes,1,Violence & mature themes
Skin and Bones,Age-appropriateness concerns; Mental health & trauma; Sexual or romantic content,3,Age-appropriateness concerns
Romeo and Juliet,Sexual or romantic content,1,Sexual or romantic content
The Merchant Of Venice,,0,Uncategorized
The Taming Of The Shrew,Sexual or romantic content,1,Sexual or romantic content
"Cirque du Freak: The Manga, Vol. 1",,0,Uncategorized
Demon Apocalypse,Age-appropriateness concerns,1,Age-appropriateness concerns
Ophelia Speaks: Adolescent Girls Write About Their Search for Self,Sexual or romantic content,1,Sexual or romantic content
For Colored Girls Who Have Considered Suicide / When the Rainbow Is Enuf: A Choreopoem,,0,Uncategorized
"No, David!",Age-appropriateness concerns,1,Age-appropriateness concerns
New Sudden Fiction: Short-Short Stories from America and Beyond,,0,Uncategorized
Sudden Fiction (Continued): 60 New Short-Short Stories,,0,Uncategorized
Sudden Fiction: American Short Stories,,0,Uncategorized
My Mother the Cheerleader,Age-appropriateness concerns,1,Age-appropriateness concerns
Nate the Great and the Sticky Case,Age-appropriateness concerns,1,Age-appropriateness concerns
Forbidden Knowledge: From Prometheus to Pornography,,0,Uncategorized
Cleopatra's Moon,Age-appropriateness concerns; Violence & mature themes,2,Age-appropriateness concerns
LGBTQ In America,LGBTQ+ identity & sexuality; Sexual or romantic content,2,LGBTQ+ identity & sexuality
Tweak: Growing Up on Methamphetamines,Mental health & trauma,1,Mental health & trauma
Bomb: The Race to Build and Steal the World’s Most Dangerous Weapon,Age-appropriateness concerns,1,Age-appropriateness concerns
Master of the Game,Sexual or romantic content; Violence & mature themes,2,Sexual or romantic content
Nothing Lasts Forever,Sexual or romantic content; Violence & mature themes,2,Sexual or romantic content
"The Meaning of Matthew: My Son's Murder in Laramie, and a World Transformed",LGBTQ+ identity & sexuality,1,LGBTQ+ identity & sexuality
Burned (SS),Age-appropriateness concerns; Sexual or romantic content; Violence & mature themes,3,Age-appropriateness concerns
Crushed,Age-appropriateness concerns; Mental health & trauma; Sexual or romantic content,3,Age-appropriateness concerns
Deadly,Age-appropriateness concerns; Violence & mature themes,2,Age-appropriateness concerns
Flawless,Age-appropriateness concerns; Sexual or romantic content; Violence & mature themes,3,Age-appropriateness concerns
Heartless,Age-appropriateness concerns; Sexual or romantic content,2,Age-appropriateness concerns
Killer,Age-appropriateness concerns; Sexual or romantic content; Violence & mature themes,3,Age-appropriateness concerns
Perfect (SS),Age-appropriateness concerns; Sexual or romantic content; Violence & mature themes,3,Age-appropriateness concerns
Pretty Little Liars,Age-appropriateness concerns; Sexual or romantic content; Violence & mature themes,3,Age-appropriateness concerns
Ruthless,Age-appropriateness concerns; Sexual or romantic content; Violence & mature themes,3,Age-appropriateness concerns
Seven Minutes in Heaven,Age-appropriateness concerns; Violence & mature themes,2,Age-appropriateness concerns
Stunning,Age-appropriateness concerns; Violence & mature themes,2,Age-appropriateness concerns
The Good Girls,Age-appropriateness concerns; Mental health & trauma; Violence & mature themes,3,Age-appropriateness concerns
The Perfectionists,Age-appropriateness concerns; Violence & mature themes,2,Age-appropriateness concerns
Toxic,Age-appropriateness concerns,1,Age-appropriateness concerns
Twisted (SS),Age-appropriateness concerns,1,Age-appropriateness concerns
Unbelievable,Age-appropriateness concerns; Sexual or romantic content; Violence & mature themes,3,Age-appropriateness concerns
Vicious,Age-appropriateness concerns; Sexual or romantic content; Violence & mature themes,3,Age-appropriateness concerns
Wanted,Age-appropriateness concerns; Religion & worldview; Sexual or romantic content,3,Age-appropriateness concerns
Wicked,Age-appropriateness concerns; Violence & mature themes,2,Age-appropriateness concerns
Grim Lovelies,Age-appropriateness concerns; Religion & worldview; Violence & mature themes,3,Age-appropriateness concerns
Midnight Beauties,Age-appropriateness concerns; Religion & worldview,2,Age-appropriateness concerns
Archer's Voice,Sexual or romantic content,1,Sexual or romantic content
Keeping Corner,Age-appropriateness concerns; Race & systemic inequality,2,Age-appropriateness concerns
The Stone Diaries,,0,Uncategorized
"Berlin Diary: The Journal of a Foreign Correspondent 1934-1941, an Unparalleled Eyewitness Account of Hitler's German",Violence & mature themes,1,Violence & mature themes
Blacklisted,Age-appropriateness concerns; Mental health & trauma; Violence & mature themes,3,Age-appropriateness concerns
Evil Queen,Age-appropriateness concerns; LGBTQ+ identity & sexuality; Religion & worldview; Sexual or romantic content,4,Age-appropriateness concerns
Twisted (GS),Age-appropriateness concerns,1,Age-appropriateness concerns
Sea Glass,,0,Uncategorized
The Need to Know Library: Everything You Need to Know About Date Rape,Violence & mature themes,1,Violence & mature themes
Alichino,Violence & mature themes,1,Violence & mature themes
Dry (NS),LGBTQ+ identity & sexuality,1,LGBTQ+ identity & sexuality
Thunderhead,Age-appropriateness concerns; Sexual or romantic content; Violence & mature themes,3,Age-appropriateness concerns
UnDivided,Age-appropriateness concerns,1,Age-appropriateness concerns
UnSouled,Age-appropriateness concerns,1,Age-appropriateness concerns
UnWholly,Age-appropriateness concerns; Violence & mature themes,2,Age-appropriateness concerns
Unwind,Age-appropriateness concerns; Sexual or romantic content; Violence & mature themes,3,Age-appropriateness concerns
Wanderlust: A Beautiful Americans Novel (LS),Age-appropriateness concerns; Violence & mature themes,2,Age-appropriateness concerns
Ceremony,Race & systemic inequality; Violence & mature themes,2,Race & systemic inequality
The Food Chain (Play),Mental health & trauma,1,Mental health & trauma
Harriet Gets Carried Away,Age-appropriateness concerns,1,Age-appropriateness concerns
Plan B,Age-appropriateness concerns,1,Age-appropriateness concerns
Shattered Star,Age-appropriateness concerns,1,Age-appropriateness concerns
"Heels, Heartache and Headlines",Age-appropriateness concerns; Violence & mature themes,2,Age-appropriateness concerns
Wilder,Age-appropriateness concerns; Sexual or romantic content,2,Age-appropriateness concerns
Phoebe and Her Unicorn,Age-appropriateness concerns,1,Age-appropriateness concerns
Unicorn on a Roll: Another Phoebe and Her Unicorn Adventure,Age-appropriateness concerns,1,Age-appropriateness concerns
The Straight Girl's Guide to Sleeping with Chicks,,0,Uncategorized
The Silence and the Roar,,0,Uncategorized
The Primal Blueprint,,0,Uncategorized
Homeboyz,Age-appropriateness concerns; Violence & mature themes,2,Age-appropriateness concerns
The Secret Story of Sonia Rodriguez,Age-appropriateness concerns; Race & systemic inequality,2,Age-appropriateness concerns
Prep,Age-appropriateness concerns; Sexual or romantic content,2,Age-appropriateness concerns
"You Think It, I'll Say It: Stories",,0,Uncategorized
Millennium Prophecies: Predictions for the Year 2000 and Beyond from the World's Greatest Seers and Mystics.,,0,Uncategorized
The Immortal Life of Henrietta Lacks,Sexual or romantic content,1,Sexual or romantic content
Sinews of Thy Heart,Age-appropriateness concerns,1,Age-appropriateness concerns
Maestros,Religion & worldview,1,Religion & worldview
Don't Tell the Nazis,Age-appropriateness concerns,1,Age-appropriateness concerns
Making Bombs for Hitler,Age-appropriateness concerns; Violence & mature themes,2,Age-appropriateness concerns
Stolen Girl,Age-appropriateness concerns; Violence & mature themes,2,Age-appropriateness concerns
The War Below,,0,Uncategorized
Malcolm X,Age-appropriateness concerns,1,Age-appropriateness concerns
Stay In Line,,0,Uncategorized
Stitches: A Memior,,0,Uncategorized
The Way I Used To Be,Age-appropriateness concerns; Mental health & trauma; Sexual or romantic content,3,Age-appropriateness concerns
100 Sideways Miles,Age-appropriateness concerns,1,Age-appropriateness concerns
Grasshopper Jungle,Age-appropriateness concerns; LGBTQ+ identity & sexuality; Sexual or romantic content; Violence & mature themes,4,Age-appropriateness concerns
The Alex Crow,Age-appropriateness concerns,1,Age-appropriateness concerns
Winger,Age-appropriateness concerns,1,Age-appropriateness concerns
A Tree Grows in Brooklyn,Age-appropriateness concerns,1,Age-appropriateness concerns
Joy in the Morning,,0,Uncategorized
"France, A History in Art",,0,Uncategorized
Blessed,Age-appropriateness concerns; Violence & mature themes,2,Age-appropriateness concerns
Tantalize,Age-appropriateness concerns; Violence & mature themes,2,Age-appropriateness concerns
The Geography of Girlhood,Age-appropriateness concerns; Mental health & trauma,2,Age-appropriateness concerns
"The Vampire Diaries (Series, Title Not Specified)",Age-appropriateness concerns; Violence & mature themes,2,Age-appropriateness concerns
The Inquisitor,,0,Uncategorized
December 6: a novel,,0,Uncategorized
The Deep and Dark Blue,Age-appropriateness concerns; LGBTQ+ identity & sexuality,2,Age-appropriateness concerns
Just Kids,,0,Uncategorized
Black Panther: The Young Prince,Age-appropriateness concerns,1,Age-appropriateness concerns
Watercolor: The Complete Course,,0,Uncategorized
Betwixt,Age-appropriateness concerns,1,Age-appropriateness concerns
Lore Olympus: Volume Five,Sexual or romantic content,1,Sexual or romantic content
Lore Olympus: Volume Four,Sexual or romantic content; Violence & mature themes,2,Sexual or romantic content
Lore Olympus: Volume One,,0,Uncategorized
Lore Olympus: Volume Six,Mental health & trauma; Sexual or romantic content,2,Mental health & trauma
Lore Olympus: Volume Three,Sexual or romantic content; Violence & mature themes,2,Sexual or romantic content
Lore Olympus: Volume Two,Sexual or romantic content,1,Sexual or romantic content
Magic Study,Age-appropriateness concerns; Religion & worldview; Sexual or romantic content,3,Age-appropriateness concerns
Poison Study,Violence & mature themes,1,Violence & mature themes
Sadar's Keep,,0,Uncategorized
No Visible Bruises: What We Don't Know About Domestic Violence Can Kill Us,Mental health & trauma; Sexual or romantic content; Violence & mature themes,3,Mental health & trauma
Art: 21 Art in the 21st Century,,0,Uncategorized
Solo quedó nuestra historia,Age-appropriateness concerns,1,Age-appropriateness concerns
"Today, Tonight, Tomorrow",Age-appropriateness concerns,1,Age-appropriateness concerns
We Can't Keep Meeting Like This,Age-appropriateness concerns; Mental health & trauma; Sexual or romantic content,3,Age-appropriateness concerns
What My Girlfriend Doesn't Know,Age-appropriateness concerns; Sexual or romantic content,2,Age-appropriateness concerns
Jordan,,0,Uncategorized
"Drums, Girls, and Dangerous Pie",Age-appropriateness concerns,1,Age-appropriateness concerns
Zen and the Art of Faking It,Age-appropriateness concerns,1,Age-appropriateness concerns
MARS,,0,Uncategorized
Summer on Wheels: A Road Trip Like No Other,Age-appropriateness concerns,1,Age-appropriateness concerns
The Coldest Winter Ever,Mental health & trauma,1,Mental health & trauma
The Prime of Miss Jean Brodie,,0,Uncategorized
"It Happened to Nancy: By An Anonymous Teenager, A True Story from Her Diary",Age-appropriateness concerns; Violence & mature themes,2,Age-appropriateness concerns
A Bend In The Road,Sexual or romantic content; Violence & mature themes,2,Sexual or romantic content
At First Sight,Sexual or romantic content,1,Sexual or romantic content
Dear John,Sexual or romantic content,1,Sexual or romantic content
Every Breath,,0,Uncategorized
Message in a Bottle,Sexual or romantic content,1,Sexual or romantic content
Nights in Rodanthe,Sexual or romantic content,1,Sexual or romantic content
Safe Haven,Sexual or romantic content,1,Sexual or romantic content
See Me,Race & systemic inequality; Sexual or romantic content; Violence & mature themes,3,Race & systemic inequality
The Choice,Sexual or romantic content,1,Sexual or romantic content
The Guardian,Sexual or romantic content,1,Sexual or romantic content
The Last Song,Age-appropriateness concerns; Sexual or romantic content,2,Age-appropriateness concerns
The Longest Ride,Sexual or romantic content,1,Sexual or romantic content
The Lucky One,Sexual or romantic content; Violence & mature themes,2,Sexual or romantic content
The Notebook,Sexual or romantic content; Violence & mature themes,2,Sexual or romantic content
The Rescue,Sexual or romantic content,1,Sexual or romantic content
The Return,,0,Uncategorized
The Wedding,Sexual or romantic content,1,Sexual or romantic content
True Believer,,0,Uncategorized
The Witch of Blackbird Pond,Age-appropriateness concerns,1,Age-appropriateness concerns
Small Town Girl,,0,Uncategorized
Eggs,Age-appropriateness concerns,1,Age-appropriateness concerns
Maniac Magee,Age-appropriateness concerns,1,Age-appropriateness concerns
There’s a Girl in My Hammerlock,Age-appropriateness concerns,1,Age-appropriateness concerns
Who Put That Hair in my Toothbrush?,Age-appropriateness concerns,1,Age-appropriateness concerns
Marilyn Monroe: The Biography,,0,Uncategorized
The Case of the Bizarre Bouquets,Age-appropriateness concerns,1,Age-appropriateness concerns
The Case of the Cryptic Crinoline,Age-appropriateness concerns,1,Age-appropriateness concerns
The Case of the Left-Handed Lady,Age-appropriateness concerns,1,Age-appropriateness concerns
The Case of the Missing Marquess,Age-appropriateness concerns,1,Age-appropriateness concerns
The Case of the Peculiar Pink Fan,Age-appropriateness concerns,1,Age-appropriateness concerns
King of Battle and Blood,Violence & mature themes,1,Violence & mature themes
Don't You Wish,Age-appropriateness concerns,1,Age-appropriateness concerns
Small Town Pride,Age-appropriateness concerns; LGBTQ+ identity & sexuality,2,Age-appropriateness concerns
The Visual Dictionary of the Civil War,Violence & mature themes,1,Violence & mature themes
I'm with Cupid,Age-appropriateness concerns,1,Age-appropriateness concerns
My Friends and Me,Age-appropriateness concerns; LGBTQ+ identity & sexuality,2,Age-appropriateness concerns
Spontaneous,Age-appropriateness concerns; Sexual or romantic content,2,Age-appropriateness concerns
Biology: The Unity and Diversity of Life,,0,Uncategorized
Every Dog in the Neighborhood,Age-appropriateness concerns,1,Age-appropriateness concerns
Goodbye Stranger,Age-appropriateness concerns,1,Age-appropriateness concerns
Lightning,Sexual or romantic content,1,Sexual or romantic content
Star (French Edition),Violence & mature themes,1,Violence & mature themes
The Gift (DS),Sexual or romantic content,1,Sexual or romantic content
Light Years,Age-appropriateness concerns; Mental health & trauma; Violence & mature themes,3,Age-appropriateness concerns
East of Eden,,0,Uncategorized
The Grapes of Wrath,Mental health & trauma,1,Mental health & trauma
Artie and the Wolf Moon,Age-appropriateness concerns,1,Age-appropriateness concerns
An Experiment With an Air Pump,,0,Uncategorized
These Witches Don't Burn,Age-appropriateness concerns; LGBTQ+ identity & sexuality; Sexual or romantic content,3,Age-appropriateness concerns
Still Missing,Violence & mature themes,1,Violence & mature themes
Dress Codes for Small Towns,Age-appropriateness concerns; Sexual or romantic content,2,Age-appropriateness concerns
Fortuna,,0,Uncategorized
Just Mercy,Race & systemic inequality; Violence & mature themes,2,Race & systemic inequality
Beware the Kitten Holy,Age-appropriateness concerns,1,Age-appropriateness concerns
Friendship to the Max,,0,Uncategorized
Nimona,Age-appropriateness concerns; LGBTQ+ identity & sexuality,2,Age-appropriateness concerns
Kid Activists: True Tales of Childhood from Champions of Change,Age-appropriateness concerns,1,Age-appropriateness concerns
Pride Colors,Age-appropriateness concerns,1,Age-appropriateness concerns
Earth (the book) A Visitors Guide to the Human Race,,0,Uncategorized
Call Down the Hawk,Age-appropriateness concerns; Violence & mature themes,2,Age-appropriateness concerns
Forever (MS),Age-appropriateness concerns; Sexual or romantic content,2,Age-appropriateness concerns
Linger,Age-appropriateness concerns; Sexual or romantic content,2,Age-appropriateness concerns
Raven Boys,Age-appropriateness concerns,1,Age-appropriateness concerns
Sinner,Age-appropriateness concerns; Sexual or romantic content,2,Age-appropriateness concerns
The Dream Thieves,Age-appropriateness concerns,1,Age-appropriateness concerns
Who Was Sally Ride?,Age-appropriateness concerns,1,Age-appropriateness concerns
First Date,Age-appropriateness concerns; Violence & mature themes,2,Age-appropriateness concerns
101 Ways to Dance,Age-appropriateness concerns; LGBTQ+ identity & sexuality; Sexual or romantic content,3,Age-appropriateness concerns
The Help,,0,Uncategorized
Arden Grey,Age-appropriateness concerns; LGBTQ+ identity & sexuality; Mental health & trauma; Sexual or romantic content,4,Age-appropriateness concerns
Vincent,Violence & mature themes,1,Violence & mature themes
Dracula: Complete Original Text,,0,Uncategorized
The Agony and the Ecstasy: A Biographical Novel of Michelangelo,,0,Uncategorized
Every Last Word,Age-appropriateness concerns; Mental health & trauma,2,Age-appropriateness concerns
Rosencrantz and Guildenstern Are Dead,,0,Uncategorized
Marcelo in the Real World,Age-appropriateness concerns,1,Age-appropriateness concerns
The Last Summer of the Death Warriors,Age-appropriateness concerns; Violence & mature themes,2,Age-appropriateness concerns
Boot Camp,Age-appropriateness concerns; Mental health & trauma; Violence & mature themes,3,Age-appropriateness concerns
If I Grow Up,Age-appropriateness concerns; Mental health & trauma; Violence & mature themes,3,Age-appropriateness concerns
Chanda's Secrets,Age-appropriateness concerns; Violence & mature themes,2,Age-appropriateness concerns
Lost Boy Lost Girl,Mental health & trauma; Violence & mature themes,2,Mental health & trauma
Mozambique in Pictures,Age-appropriateness concerns,1,Age-appropriateness concerns
"It's Not Me, It's You",Age-appropriateness concerns,1,Age-appropriateness concerns
Until the Twelfth of Never: Should Betty Broderick Ever Be Free?,Mental health & trauma; Violence & mature themes,2,Mental health & trauma
The Infernal Compass,Age-appropriateness concerns,1,Age-appropriateness concerns
True Colors,,0,Uncategorized
The Brothers Story,Age-appropriateness concerns,1,Age-appropriateness concerns
Sophie's Choice,Race & systemic inequality; Violence & mature themes,2,Race & systemic inequality
Sacred Heart,,0,Uncategorized
Girl Online: The First Novel by Zoella,Age-appropriateness concerns; Mental health & trauma; Sexual or romantic content,3,Age-appropriateness concerns
Love and Other Natural Disasters,Age-appropriateness concerns; LGBTQ+ identity & sexuality,2,Age-appropriateness concerns
Commencement,Gender politics & feminism; Sexual or romantic content,2,Gender politics & feminism
Midnight at the Bright Ideas Bookstore,Mental health & trauma; Violence & mature themes,2,Mental health & trauma
Imaginary Girls,Age-appropriateness concerns,1,Age-appropriateness concerns
The Walls Around Us,Age-appropriateness concerns,1,Age-appropriateness concerns
All the Rage,Age-appropriateness concerns; Mental health & trauma,2,Age-appropriateness concerns
I'm the Girl,Age-appropriateness concerns; LGBTQ+ identity & sexuality; Violence & mature themes,3,Age-appropriateness concerns
Sadie,Age-appropriateness concerns; Violence & mature themes,2,Age-appropriateness concerns
The Project,Age-appropriateness concerns; LGBTQ+ identity & sexuality; Violence & mature themes,3,Age-appropriateness concerns
"We Should Hang Out Sometime: Embarrassingly, A True Story",Age-appropriateness concerns,1,Age-appropriateness concerns
Perfume: The Story of a Murderer,Violence & mature themes,1,Violence & mature themes
The Obsession,Age-appropriateness concerns; Mental health & trauma; Race & systemic inequality; Violence & mature themes,4,Age-appropriateness concerns
A Semi-Definitive List of Worst Nightmares,Age-appropriateness concerns; Mental health & trauma; Sexual or romantic content,3,Age-appropriateness concerns
The Dangerous Gift,,0,Uncategorized
The Dragonet Prophecy,Age-appropriateness concerns; Violence & mature themes,2,Age-appropriateness concerns
The Lost Heir,Age-appropriateness concerns; Violence & mature themes,2,Age-appropriateness concerns
The Poison Jungle,Age-appropriateness concerns; Violence & mature themes,2,Age-appropriateness concerns
Is Your Love Tank Full? Or Are You Driving on Empty?,,0,Uncategorized
Headlock,Age-appropriateness concerns; Sexual or romantic content; Violence & mature themes,3,Age-appropriateness concerns
What is Sexual Harrassment,Sexual or romantic content,1,Sexual or romantic content
Cane River,Race & systemic inequality; Violence & mature themes,2,Race & systemic inequality
All My Rage,Age-appropriateness concerns,1,Age-appropriateness concerns
"Pretty Guardian Sailor Moon (Series, Title Not Specified)",,0,Uncategorized
My Absolute Darling,Age-appropriateness concerns; Violence & mature themes,2,Age-appropriateness concerns
Cold,Age-appropriateness concerns; LGBTQ+ identity & sexuality; Sexual or romantic content; Violence & mature themes,4,Age-appropriateness concerns
LumberJanes: The Moon is Up,Age-appropriateness concerns; LGBTQ+ identity & sexuality,2,Age-appropriateness concerns
Saving Montgomery Sole,Age-appropriateness concerns; LGBTQ+ identity & sexuality,2,Age-appropriateness concerns
Skim,Age-appropriateness concerns; LGBTQ+ identity & sexuality; Mental health & trauma; Sexual or romantic content; Violence & mature themes,5,Age-appropriateness concerns
Calling My Name,Age-appropriateness concerns,1,Age-appropriateness concerns
Michelangelo Buonarotti,Age-appropriateness concerns,1,Age-appropriateness concerns
The Kitchen God's Wife,Violence & mature themes,1,Violence & mature themes
The Valley of Amazement,Mental health & trauma; Violence & mature themes,2,Mental health & trauma
"Sakura Hime: The Legend of Princess Sakura (Series, Title Not Specified)",,0,Uncategorized
Rebelwing,Age-appropriateness concerns; Violence & mature themes,2,Age-appropriateness concerns
Parachute Kids,Age-appropriateness concerns; Race & systemic inequality,2,Age-appropriateness concerns
The Goldfinch,,0,Uncategorized
Golden Boy: Blue-eyed Boy or Girl Next Door,LGBTQ+ identity & sexuality,1,LGBTQ+ identity & sexuality
Virtually Yours,Age-appropriateness concerns,1,Age-appropriateness concerns
Fault Line,Age-appropriateness concerns; Mental health & trauma; Sexual or romantic content,3,Age-appropriateness concerns
The Secret of Gumbo Grove,Age-appropriateness concerns,1,Age-appropriateness concerns
Deep Dark Blue: A Memoir of Survival,Mental health & trauma; Sexual or romantic content,2,Mental health & trauma
Date Rape Drugs,Age-appropriateness concerns; Violence & mature themes,2,Age-appropriateness concerns
"American Colonies: The Settling of North America, Vo1. 1",Race & systemic inequality,1,Race & systemic inequality
Just Friends,,0,Uncategorized
The House That Crack Built,Age-appropriateness concerns,1,Age-appropriateness concerns
Lips Touch: Three Times,Age-appropriateness concerns; Sexual or romantic content,2,Age-appropriateness concerns
Muse of Nightmares,Age-appropriateness concerns,1,Age-appropriateness concerns
"All the Days Past, All the Days to Come",Age-appropriateness concerns; Race & systemic inequality,2,Age-appropriateness concerns
The Language of Seabirds,Age-appropriateness concerns,1,Age-appropriateness concerns
The Teen Vogue Handbook: An Insider's Guide to Careers in Fashion,,0,Uncategorized
Guts,Violence & mature themes,1,Violence & mature themes
Ares: God of War,Age-appropriateness concerns,1,Age-appropriateness concerns
Thud!,Violence & mature themes,1,Violence & mature themes
Vanity Fair,Sexual or romantic content,1,Sexual or romantic content
The Spectacular Now,Age-appropriateness concerns; Sexual or romantic content,2,Age-appropriateness concerns
Magical Boy,Age-appropriateness concerns; LGBTQ+ identity & sexuality,2,Age-appropriateness concerns
Defining Sexual Consent: Where the Law Falls Short,Sexual or romantic content,1,Sexual or romantic content
Sex and Sexuality,LGBTQ+ identity & sexuality; Sexual or romantic content,2,LGBTQ+ identity & sexuality
The Regulators,Violence & mature themes,1,Violence & mature themes
That Weekend,Age-appropriateness concerns; Violence & mature themes,2,Age-appropriateness concerns
The Loners,Age-appropriateness concerns,1,Age-appropriateness concerns
Both Sides Now,Age-appropriateness concerns; LGBTQ+ identity & sexuality; Sexual or romantic content,3,Age-appropriateness concerns
Kings of B'more,Age-appropriateness concerns; LGBTQ+ identity & sexuality; Sexual or romantic content,3,Age-appropriateness concerns
Rats Saw God,Age-appropriateness concerns; Sexual or romantic content,2,Age-appropriateness concerns
Picking Cotton: Our Memoir of Injustice and Redemption,,0,Uncategorized
"Good-Bye, Chunky Rice",,0,Uncategorized
The House that Whispers,Age-appropriateness concerns; LGBTQ+ identity & sexuality,2,Age-appropriateness concerns
It Feels Good to Be Yourself: A Book About Gender Identity,Age-appropriateness concerns; LGBTQ+ identity & sexuality,2,Age-appropriateness concerns
We Know It Was You,Age-appropriateness concerns; Violence & mature themes,2,Age-appropriateness concerns
The Blacker the Berry,,0,Uncategorized
Ripley's Believe It or Not!: Seeing Is Believing,,0,Uncategorized
Ripley's Believe It or Not!: Shatter Your Senses!,,0,Uncategorized
2 Days,Age-appropriateness concerns; Violence & mature themes,2,Age-appropriateness concerns
Edge of Ready,,0,Uncategorized
First Time,Age-appropriateness concerns,1,Age-appropriateness concerns
Fearlessly Made You: Surviving and Thriving in a Perfectly Imperfect Life,Mental health & trauma; Sexual or romantic content,2,Mental health & trauma
"Black Butler (Series, Title Not Specified)",Violence & mature themes,1,Violence & mature themes
After (AT),Age-appropriateness concerns; Sexual or romantic content,2,Age-appropriateness concerns
After Ever Happy,,0,Uncategorized
After We Collided,Age-appropriateness concerns; Sexual or romantic content,2,Age-appropriateness concerns
After We Fell,,0,Uncategorized
Before,,0,Uncategorized
"The Mermaid, The Witch, and The Sea",Age-appropriateness concerns; Race & systemic inequality,2,Age-appropriateness concerns
Surviving the Applewhites,Age-appropriateness concerns,1,Age-appropriateness concerns
Once Upon a Time: Regina Rising,Age-appropriateness concerns,1,Age-appropriateness concerns
Anna Karenina,Sexual or romantic content,1,Sexual or romantic content
"The Water Dragon's Bride, Vol. 8",,0,Uncategorized
"Dragon Ball, Vol. 4",Age-appropriateness concerns,1,Age-appropriateness concerns
"Dragon Ball, Vol. 5",,0,Uncategorized
"Dragon Ball, Vol. 6",,0,Uncategorized
"Dragon Ball, Vol. 7",Violence & mature themes,1,Violence & mature themes
"Dragon Ball, Vol. 8",Age-appropriateness concerns,1,Age-appropriateness concerns
"Dragon Ball, Vol. 9",Age-appropriateness concerns,1,Age-appropriateness concerns
The Fall of Innocence,Violence & mature themes,1,Violence & mature themes
The Unlikely Hero of Room 13B,Age-appropriateness concerns; Mental health & trauma; Sexual or romantic content,3,Age-appropriateness concerns
"Sigh, Gone: A Misfit's Memoir of Great Books, Punk Rock, and the Fight to Fit In",LGBTQ+ identity & sexuality; Mental health & trauma; Race & systemic inequality,3,LGBTQ+ identity & sexuality
Sex Smarts: You and Your Sexuality,Age-appropriateness concerns,1,Age-appropriateness concerns
Big Stone Gap,,0,Uncategorized
Milk Glass Moon,Sexual or romantic content,1,Sexual or romantic content
Stuck in Neutral,Violence & mature themes,1,Violence & mature themes
The Slap,,0,Uncategorized
Learning to Swim: a memoir,Age-appropriateness concerns,1,Age-appropriateness concerns
Ordinary Heroes,Violence & mature themes,1,Violence & mature themes
Pleading Guilty,,0,Uncategorized
The Last Trial,Violence & mature themes,1,Violence & mature themes
The Laws of Our Fathers,Violence & mature themes,1,Violence & mature themes
The Adventures of Tom Sawyer (Sterling),Age-appropriateness concerns; Violence & mature themes,2,Age-appropriateness concerns
Ladder of Years,,0,Uncategorized
Does the Noise in My Head Bother You? A Rock 'n' Roll Memoir,Mental health & trauma; Sexual or romantic content,2,Mental health & trauma
Coming up for Air,Age-appropriateness concerns; Mental health & trauma; Sexual or romantic content,3,Age-appropriateness concerns
Sticks and Scones,Age-appropriateness concerns; LGBTQ+ identity & sexuality; Sexual or romantic content,3,Age-appropriateness concerns
Banner in the Sky,Age-appropriateness concerns; Violence & mature themes,2,Age-appropriateness concerns
"Honey and Clover (Series, Title Not Specified)",,0,Uncategorized
American Girls,Age-appropriateness concerns; Sexual or romantic content; Violence & mature themes,3,Age-appropriateness concerns
Ogilvy,Age-appropriateness concerns,1,Age-appropriateness concerns
Lies We Sing to the Sea,Age-appropriateness concerns,1,Age-appropriateness concerns
Gertrude and Claudius,,0,Uncategorized
In the Beauty of the Lilies,Religion & worldview,1,Religion & worldview
Rabbit at Rest,,0,Uncategorized
Rabbit Redux,Violence & mature themes,1,Violence & mature themes
"Rabbit, Run",Sexual or romantic content,1,Sexual or romantic content
The Afterlife: And Other Stories,,0,Uncategorized
Almost There and Almost Not,Age-appropriateness concerns,1,Age-appropriateness concerns
The Third Side: Why We Fight and How We Can Stop,,0,Uncategorized
Protests and Riots,Sexual or romantic content; Violence & mature themes,2,Sexual or romantic content
How Dare The Sun Rise: Memoirs Of A War Child,Mental health & trauma; Race & systemic inequality; Violence & mature themes,3,Mental health & trauma
"Well, That Was Awkward",Age-appropriateness concerns,1,Age-appropriateness concerns
Spin Me Right Round,Age-appropriateness concerns; LGBTQ+ identity & sexuality; Sexual or romantic content,3,Age-appropriateness concerns
Beauty and the Besharam,Age-appropriateness concerns,1,Age-appropriateness concerns
Raising the Horseman,Age-appropriateness concerns,1,Age-appropriateness concerns
The Undocumented Americans,,0,Uncategorized
The RattleRat,Violence & mature themes,1,Violence & mature themes
Snitch,Age-appropriateness concerns,1,Age-appropriateness concerns
The Testament,Violence & mature themes,1,Violence & mature themes
Cattywampus,Age-appropriateness concerns,1,Age-appropriateness concerns
Navigating Early,Age-appropriateness concerns; Violence & mature themes,2,Age-appropriateness concerns
Red Thunder,,0,Uncategorized
Sia Martinez and the Moonlit Beginning of Everything,Age-appropriateness concerns,1,Age-appropriateness concerns
Pride of Baghdad,Violence & mature themes,1,Violence & mature themes
"Saga, Vol. 1",Violence & mature themes,1,Violence & mature themes
Elton John,Age-appropriateness concerns; LGBTQ+ identity & sexuality,2,Age-appropriateness concerns
When We Make It: A Nuyorican Novel,Age-appropriateness concerns,1,Age-appropriateness concerns
Lulu and Milagro's Search for Clarity,Age-appropriateness concerns; Sexual or romantic content,2,Age-appropriateness concerns
Katie the Catsitter: Best Friends for Never,Age-appropriateness concerns,1,Age-appropriateness concerns
Marc Chagall,Age-appropriateness concerns,1,Age-appropriateness concerns
The Covenant of Water,,0,Uncategorized
Same Difference,Age-appropriateness concerns; Sexual or romantic content,2,Age-appropriateness concerns
Not That Kind of Girl,Age-appropriateness concerns,1,Age-appropriateness concerns
The Last Boy and Girl in the World,Age-appropriateness concerns; Sexual or romantic content,2,Age-appropriateness concerns
The List,Age-appropriateness concerns,1,Age-appropriateness concerns
Shojo Beat,,0,Uncategorized
It's Kind of a Funny Story,Age-appropriateness concerns; Mental health & trauma; Sexual or romantic content; Violence & mature themes,4,Age-appropriateness concerns
Tell Me If the Lovers Are Losers,Age-appropriateness concerns,1,Age-appropriateness concerns
When She Hollers,Age-appropriateness concerns; Mental health & trauma; Sexual or romantic content,3,Age-appropriateness concerns
Candide,,0,Uncategorized
All I Want is Everything,Age-appropriateness concerns; Sexual or romantic content,2,Age-appropriateness concerns
Because I'm Worth It,Age-appropriateness concerns; Sexual or romantic content,2,Age-appropriateness concerns
Devious,Age-appropriateness concerns,1,Age-appropriateness concerns
Don't You Forget about Me,Age-appropriateness concerns; Sexual or romantic content,2,Age-appropriateness concerns
Gossip Girl,Age-appropriateness concerns,1,Age-appropriateness concerns
Gossip Girl: A Novel by Cecily von Ziegesar,Age-appropriateness concerns; Sexual or romantic content,2,Age-appropriateness concerns
I Like it Like That,Age-appropriateness concerns; Sexual or romantic content,2,Age-appropriateness concerns
I Will Always Love You,Age-appropriateness concerns; Sexual or romantic content,2,Age-appropriateness concerns
Infamous,Age-appropriateness concerns,1,Age-appropriateness concerns
It Had To Be You,Age-appropriateness concerns; Sexual or romantic content,2,Age-appropriateness concerns
Love the One You're With,Age-appropriateness concerns,1,Age-appropriateness concerns
Nobody Does It Better,Age-appropriateness concerns; Violence & mature themes,2,Age-appropriateness concerns
Nothing Can Keep Us Together,Age-appropriateness concerns; Sexual or romantic content,2,Age-appropriateness concerns
Notorious,Age-appropriateness concerns; Sexual or romantic content,2,Age-appropriateness concerns
Only in Your Dreams,Age-appropriateness concerns,1,Age-appropriateness concerns
Reckless,Age-appropriateness concerns; Violence & mature themes,2,Age-appropriateness concerns
Take a Chance on Me,Age-appropriateness concerns,1,Age-appropriateness concerns
Tempted (CVZ),Age-appropriateness concerns; Sexual or romantic content,2,Age-appropriateness concerns
The It Girl,Age-appropriateness concerns; Sexual or romantic content,2,Age-appropriateness concerns
Unforgettable,Age-appropriateness concerns,1,Age-appropriateness concerns
Would I Lie to You,Age-appropriateness concerns,1,Age-appropriateness concerns
You Just Can't Get Enough,Age-appropriateness concerns; Sexual or romantic content,2,Age-appropriateness concerns
You Know You Love Me,,0,Uncategorized
You're the One That I Want,Age-appropriateness concerns; Sexual or romantic content,2,Age-appropriateness concerns
Cat's Cradle,Violence & mature themes,1,Violence & mature themes
"God Bless You, Mr. Rosewater: or, Pearls Before Swine",,0,Uncategorized
Player Piano,Violence & mature themes,1,Violence & mature themes
Timequake,Mental health & trauma; Violence & mature themes,2,Mental health & trauma
The Brothers Torres,Age-appropriateness concerns; Sexual or romantic content; Violence & mature themes,3,Age-appropriateness concerns
Female Serial Killers: How and Why Women Become Monsters,Sexual or romantic content; Violence & mature themes,2,Sexual or romantic content
Serial Killers: The Method and Madness of Monsters,Violence & mature themes,1,Violence & mature themes
The Sampan War,,0,Uncategorized
Tornado Warning: A Memoir of Teen Dating Violence and Its Effect on a Women's Life,Violence & mature themes,1,Violence & mature themes
"The Same River Twice: Honoring the Difficult: A Meditation on Life, Spirit and Art, and the Making of the Film The Color Purple Ten Years Later",,0,Uncategorized
The Temple of My Familiar,Gender politics & feminism; Race & systemic inequality,2,Gender politics & feminism
The Woman's Encyclopedia of Myths and Secrets,Religion & worldview,1,Religion & worldview
The Age of Miracles,Age-appropriateness concerns; Violence & mature themes,2,Age-appropriateness concerns
Jubilee,Race & systemic inequality,1,Race & systemic inequality
"Black, White and Jewish: Autobiography of a Shifting Self",Race & systemic inequality,1,Race & systemic inequality
Human Body: a visual encyclopedia,Age-appropriateness concerns,1,Age-appropriateness concerns
Under the Microscope: The Human Body,Age-appropriateness concerns; Sexual or romantic content,2,Age-appropriateness concerns
All Is Not Forgotten,Mental health & trauma; Violence & mature themes,2,Mental health & trauma
"Stolen Innocence: My Story of Growing Up in a Polygamous Sect, Be coming a Teenage Bride, and Breaking Free ot Warren Jeffs",Violence & mature themes,1,Violence & mature themes
Perpetual Check,Age-appropriateness concerns,1,Age-appropriateness concerns
We All Looked Up,Age-appropriateness concerns; Sexual or romantic content; Violence & mature themes,3,Age-appropriateness concerns
Deadfall,Age-appropriateness concerns; Violence & mature themes,2,Age-appropriateness concerns
A Thousand Country Roads: An Epilogue to The Bridges of Madison County,Sexual or romantic content,1,Sexual or romantic content
The Bridges of Madison County,Sexual or romantic content,1,Sexual or romantic content
Augustus Caesar,,0,Uncategorized
Stargazing,Age-appropriateness concerns,1,Age-appropriateness concerns
Escape the Mask,Age-appropriateness concerns; Violence & mature themes,2,Age-appropriateness concerns
Dark Lover,Violence & mature themes,1,Violence & mature themes
Salvage the Bones,Race & systemic inequality,1,Race & systemic inequality
Infinity,Age-appropriateness concerns; Violence & mature themes,2,Age-appropriateness concerns
Numb8rs,,0,Uncategorized
The Chaos,Age-appropriateness concerns; Sexual or romantic content; Violence & mature themes,3,Age-appropriateness concerns
Something Worth Saving,,0,Uncategorized
Gendercide: The Implications of Sex Selection,Sexual or romantic content,1,Sexual or romantic content
The Cresswell Plot,Age-appropriateness concerns; Violence & mature themes,2,Age-appropriateness concerns
Beyoncé,,0,Uncategorized
Teen Sex,LGBTQ+ identity & sexuality; Religion & worldview; Sexual or romantic content,3,LGBTQ+ identity & sexuality
Montana 1948,Age-appropriateness concerns; Violence & mature themes,2,Age-appropriateness concerns
Watch Us Rise,Age-appropriateness concerns; Gender politics & feminism; Race & systemic inequality,3,Age-appropriateness concerns
What Momma Left Me,Age-appropriateness concerns,1,Age-appropriateness concerns
Endometriosis,Age-appropriateness concerns,1,Age-appropriateness concerns
A Bird's Eye View,Age-appropriateness concerns,1,Age-appropriateness concerns
A Terrible Plan,Age-appropriateness concerns,1,Age-appropriateness concerns
Out of Time,Age-appropriateness concerns,1,Age-appropriateness concerns
Stone Cold,Violence & mature themes,1,Violence & mature themes
"Captivated, By You",,0,Uncategorized
The Graduate,,0,Uncategorized
Weegee's World,,0,Uncategorized
Save Me a Seat,Age-appropriateness concerns; Mental health & trauma,2,Age-appropriateness concerns
Code Name Verity,Age-appropriateness concerns; Violence & mature themes,2,Age-appropriateness concerns
Rose Under Fire,Age-appropriateness concerns; Violence & mature themes,2,Age-appropriateness concerns
Girl Boy Etc,,0,Uncategorized
The Martian,Violence & mature themes,1,Violence & mature themes
The Secret Garden on 81st Street: A Modern Graphic Retelling of The Secret Garden,Age-appropriateness concerns; Mental health & trauma,2,Age-appropriateness concerns
Doom of the Darksword,Religion & worldview,1,Religion & worldview
Forging the Darksword,Religion & worldview; Violence & mature themes,2,Religion & worldview
Triumph of the Darksword,,0,Uncategorized
Chasing Harry Winston,Sexual or romantic content,1,Sexual or romantic content
The Young World,Age-appropriateness concerns; Violence & mature themes,2,Age-appropriateness concerns
Nine Months Luciana,,0,Uncategorized
Divine Secrets of the Ya-Ya Sisterhood,Sexual or romantic content,1,Sexual or romantic content
Little Altars Everywhere,,0,Uncategorized
Henri Matisse,Age-appropriateness concerns,1,Age-appropriateness concerns
Hernan Cortes,,0,Uncategorized
Impossible,Age-appropriateness concerns; Religion & worldview; Sexual or romantic content,3,Age-appropriateness concerns
The Killer's Cousin,Age-appropriateness concerns; Violence & mature themes,2,Age-appropriateness concerns
The Rookie Bookie,Age-appropriateness concerns; LGBTQ+ identity & sexuality,2,Age-appropriateness concerns
Urinary Tract Infections,Age-appropriateness concerns,1,Age-appropriateness concerns
Miss Lonelyhearts and the Day of the Locust,,0,Uncategorized
Blue Noon,Age-appropriateness concerns,1,Age-appropriateness concerns
So Yesterday,Age-appropriateness concerns,1,Age-appropriateness concerns
Touching Darkness,Age-appropriateness concerns,1,Age-appropriateness concerns
Educated: A Memoir,,0,Uncategorized
Noggin,Age-appropriateness concerns,1,Age-appropriateness concerns
Where Things Come Back,Age-appropriateness concerns,1,Age-appropriateness concerns
No Child's Game: Reality TV 2083,Age-appropriateness concerns,1,Age-appropriateness concerns
Let Me List the Ways,Age-appropriateness concerns; Mental health & trauma,2,Age-appropriateness concerns
The Once and Future King,Age-appropriateness concerns,1,Age-appropriateness concerns
How I Made It to Eighteen: A Mostly True Story,Age-appropriateness concerns; Mental health & trauma,2,Age-appropriateness concerns
The Underground Railroad,Race & systemic inequality; Violence & mature themes,2,Race & systemic inequality
For the Wolf,Age-appropriateness concerns; Religion & worldview; Sexual or romantic content,3,Age-appropriateness concerns
Human Body Theater: A Non-Fiction Revue,Age-appropriateness concerns,1,Age-appropriateness concerns
Bad Boy,Age-appropriateness concerns,1,Age-appropriateness concerns
Cured,Age-appropriateness concerns,1,Age-appropriateness concerns
Stung,Age-appropriateness concerns,1,Age-appropriateness concerns
The Dictionary of Costume,,0,Uncategorized
The Picture of Dorian Gray,Violence & mature themes,1,Violence & mature themes
Falling,Age-appropriateness concerns; Mental health & trauma,2,Age-appropriateness concerns
The Unbidden Truth,Violence & mature themes,1,Violence & mature themes
Early Humans,Age-appropriateness concerns,1,Age-appropriateness concerns
Unicorns Are the Worst!,Age-appropriateness concerns,1,Age-appropriateness concerns
Every Time a Rainbow Dies,Age-appropriateness concerns,1,Age-appropriateness concerns
Genesis Begins Again,Age-appropriateness concerns; Race & systemic inequality,2,Age-appropriateness concerns
The Chosen One,Age-appropriateness concerns; Religion & worldview; Violence & mature themes,3,Age-appropriateness concerns
Child Abuse,Mental health & trauma,1,Mental health & trauma
Thurgood Marshall: American Revolutionary,Race & systemic inequality,1,Race & systemic inequality
When Kambia Elain Flew in from Neptune,Age-appropriateness concerns,1,Age-appropriateness concerns
Date Rape,Violence & mature themes,1,Violence & mature themes
Rape,Mental health & trauma; Violence & mature themes,2,Mental health & trauma
Life In Prison,Violence & mature themes,1,Violence & mature themes
Gangs and Wanting to Belong,Age-appropriateness concerns,1,Age-appropriateness concerns
The Crown of Eden,,0,Uncategorized
The Glass Menagerie,,0,Uncategorized
Home at Last (VBW),Age-appropriateness concerns,1,Age-appropriateness concerns
A Flicker in the Dark,Violence & mature themes,1,Violence & mature themes
Sexual Predators,Mental health & trauma,1,Mental health & trauma
Ultimate Body-Pedia: An Amazing Inside-Out Tour of the Human Body,Age-appropriateness concerns,1,Age-appropriateness concerns
The Dragon's Tooth,Age-appropriateness concerns,1,Age-appropriateness concerns
Ma Mere L'oye,,0,Uncategorized
"The Professor and the Madman: A Tale of Murder, Insanity, and the Making of the Oxford English Dictionary",Violence & mature themes,1,Violence & mature themes
Date Rape: A Hot Issue,Age-appropriateness concerns; Violence & mature themes,2,Age-appropriateness concerns
In Memoiriam,Violence & mature themes,1,Violence & mature themes
Happiness Sold Separately,Sexual or romantic content,1,Sexual or romantic content
Syphilis,Age-appropriateness concerns,1,Age-appropriateness concerns
Child Sexual Abuse,Mental health & trauma; Sexual or romantic content,2,Mental health & trauma
Breathless (PM),Age-appropriateness concerns; Sexual or romantic content,2,Age-appropriateness concerns
The Clear and Simple Thesaurus Dictionary,,0,Uncategorized
Spanking Shakespeare,Age-appropriateness concerns,1,Age-appropriateness concerns
A Man in Full,Race & systemic inequality; Violence & mature themes,2,Race & systemic inequality
Court,Age-appropriateness concerns; Violence & mature themes,2,Age-appropriateness concerns
Covet,Age-appropriateness concerns; Sexual or romantic content,2,Age-appropriateness concerns
Crave,Age-appropriateness concerns; Sexual or romantic content,2,Age-appropriateness concerns
Crush (TW),Age-appropriateness concerns; Sexual or romantic content,2,Age-appropriateness concerns
The Interestings,Age-appropriateness concerns,1,Age-appropriateness concerns
Turkish Delight,Mental health & trauma; Sexual or romantic content,2,Mental health & trauma
Kapaemahu,Age-appropriateness concerns; Race & systemic inequality,2,Age-appropriateness concerns
Winter's Bone,Violence & mature themes,1,Violence & mature themes
Dishonorable Intentions,,0,Uncategorized
Another Brooklyn,Age-appropriateness concerns,1,Age-appropriateness concerns
I Hadn't Meant to Tell You This,Age-appropriateness concerns,1,Age-appropriateness concerns
Billy Graham: World-Famous Evangelist,,0,Uncategorized
The World Book Encyclopedia of People and Places,,0,Uncategorized
The Winds of War,Violence & mature themes,1,Violence & mature themes
Dealing with Dragons,Age-appropriateness concerns; Religion & worldview,2,Age-appropriateness concerns
Getting Rid of Marjorie,Age-appropriateness concerns,1,Age-appropriateness concerns
Brighter than Gold,Sexual or romantic content; Violence & mature themes,2,Sexual or romantic content
The Autobiography of Malcolm X,Race & systemic inequality,1,Race & systemic inequality
"Black Cat, Vol. 10: Big Changes",Violence & mature themes,1,Violence & mature themes
Blu's Hanging,,0,Uncategorized
STDs,,0,Uncategorized
The 5th Wave,Age-appropriateness concerns; Sexual or romantic content; Violence & mature themes,3,Age-appropriateness concerns
The Infinite Sea,Age-appropriateness concerns; Sexual or romantic content; Violence & mature themes,3,Age-appropriateness concerns
Room to Dream,Age-appropriateness concerns,1,Age-appropriateness concerns
Three Keys,Age-appropriateness concerns; Race & systemic inequality,2,Age-appropriateness concerns
Fourth Wing,Religion & worldview; Violence & mature themes,2,Religion & worldview
Encyclopedia of World Costume,,0,Uncategorized
Revolutionary Road,,0,Uncategorized
Maizy Chen's Last Chance,Age-appropriateness concerns; Race & systemic inequality,2,Age-appropriateness concerns
Money Boy,Age-appropriateness concerns; LGBTQ+ identity & sexuality; Race & systemic inequality; Sexual or romantic content,4,Age-appropriateness concerns
A Taste for Love,Age-appropriateness concerns,1,Age-appropriateness concerns
Armageddon Summer,Age-appropriateness concerns,1,Age-appropriateness concerns
Briar Rose,Age-appropriateness concerns; Race & systemic inequality,2,Age-appropriateness concerns
Frankly in Love,Age-appropriateness concerns; Race & systemic inequality,2,Age-appropriateness concerns
I'm a Unicorn,Age-appropriateness concerns,1,Age-appropriateness concerns
Everything Everything,Age-appropriateness concerns; Sexual or romantic content,2,Age-appropriateness concerns
"Everything, Everything",Age-appropriateness concerns; Sexual or romantic content,2,Age-appropriateness concerns
The Sun Is Also a Star,Age-appropriateness concerns; Sexual or romantic content,2,Age-appropriateness concerns
Photography: A Crash Course,,0,Uncategorized
Nowhere Man,,0,Uncategorized
Young Palestinians Speak: Living Under Occupation,Age-appropriateness concerns,1,Age-appropriateness concerns
A Need So Beautiful,Age-appropriateness concerns,1,Age-appropriateness concerns
A Want So Wicked,Age-appropriateness concerns; Sexual or romantic content,2,Age-appropriateness concerns
The Adjustment,Age-appropriateness concerns; Mental health & trauma; Sexual or romantic content; Violence & mature themes,4,Age-appropriateness concerns
The Complication,Age-appropriateness concerns,1,Age-appropriateness concerns
The Shack,Religion & worldview,1,Religion & worldview
Nothing But Your Skin,Age-appropriateness concerns; Sexual or romantic content,2,Age-appropriateness concerns
The Girl King,Age-appropriateness concerns,1,Age-appropriateness concerns
"Angel Sanctuary (Series, Title Not Specified)",,0,Uncategorized
"Library Wars: Love and War (Series, Title Not Specified)",,0,Uncategorized
Solito: A Memoir,Sexual or romantic content,1,Sexual or romantic content
Made You Up,Age-appropriateness concerns; Mental health & trauma; Sexual or romantic content; Violence & mature themes,4,Age-appropriateness concerns
Freshman Year and Other Unnatural Disasters,Age-appropriateness concerns,1,Age-appropriateness concerns
Goodbye Days,Age-appropriateness concerns,1,Age-appropriateness concerns
In the Wild Light,Age-appropriateness concerns; Mental health & trauma; Sexual or romantic content,3,Age-appropriateness concerns
The Storied Life of A. J. Fikry,,0,Uncategorized
Tomorrow and Tomorrow and Tomorrow,,0,Uncategorized
Falling into Place,Age-appropriateness concerns; Mental health & trauma,2,Age-appropriateness concerns
Iron Widow,Age-appropriateness concerns; LGBTQ+ identity & sexuality; Sexual or romantic content; Violence & mature themes,4,Age-appropriateness concerns
A People's History of the United States,Race & systemic inequality,1,Race & systemic inequality
Black Boy Out of Time: A Memoir,LGBTQ+ identity & sexuality; Race & systemic inequality,2,LGBTQ+ identity & sexuality
Black Enough: Stories of Being Young and Black in America,Age-appropriateness concerns; LGBTQ+ identity & sexuality; Race & systemic inequality,3,Age-appropriateness concerns
Messing Around with Drinking Straw Construction: A Children's Museum Activisty Book,Age-appropriateness concerns,1,Age-appropriateness concerns
Rising Above: How 11 Athletes Overcame Challenges in Their Youth to Become Stars,Age-appropriateness concerns,1,Age-appropriateness concerns
"Lost in Shangri-La: A True Story of Survival, Adventure and the Most Incredible Rescue Mission of World War II",,0,Uncategorized
I Am the Messenger,Age-appropriateness concerns,1,Age-appropriateness concerns
#Pride: Championing LGBTQ Rights,Age-appropriateness concerns; LGBTQ+ identity & sexuality; Sexual or romantic content,3,Age-appropriateness concerns
"It's Your World - If You Don't Like It, Change It: Activism for Teenagers",LGBTQ+ identity & sexuality; Mental health & trauma; Race & systemic inequality; Sexual or romantic content; Violence & mature themes,5,LGBTQ+ identity & sexuality
Grim,Age-appropriateness concerns,1,Age-appropriateness concerns
Into the Garden,,0,Uncategorized
The Human Stain,Race & systemic inequality,1,Race & systemic inequality
"Heartstopper, Vol. 5",Age-appropriateness concerns; LGBTQ+ identity & sexuality; Mental health & trauma; Sexual or romantic content,4,Age-appropriateness concerns
Wander in the Dark,Age-appropriateness concerns; Violence & mature themes,2,Age-appropriateness concerns
Margo Zimmerman Gets the Girl,Age-appropriateness concerns; LGBTQ+ identity & sexuality,2,Age-appropriateness concerns
My Sister Daisy,Age-appropriateness concerns,1,Age-appropriateness concerns
The Crown of Gilded Bones,,0,Uncategorized
Rabbit is Rich,,0,Uncategorized
2024: A Graphic Novel,,0,Uncategorized
Against the Tide,Age-appropriateness concerns,1,Age-appropriateness concerns
Be Not Far From Me,,0,Uncategorized
Blight,Age-appropriateness concerns; Violence & mature themes,2,Age-appropriateness concerns
Bloodline: a novel,Age-appropriateness concerns; Violence & mature themes,2,Age-appropriateness concerns
Change of Heart,Sexual or romantic content,1,Sexual or romantic content
Code Name Cassandra,Age-appropriateness concerns,1,Age-appropriateness concerns
Crooked Kingdom,Age-appropriateness concerns; Mental health & trauma; Violence & mature themes,3,Age-appropriateness concerns
Darkest Hour,Age-appropriateness concerns,1,Age-appropriateness concerns
Daughter of the Pirate King,Age-appropriateness concerns,1,Age-appropriateness concerns
Daughter of the Siren Queen,Age-appropriateness concerns,1,Age-appropriateness concerns
"David and Goliath: Underdogs, Misfits, and the Art of Battling Giants",,0,Uncategorized
Diamonds in the Shadow,Age-appropriateness concerns,1,Age-appropriateness concerns
Dough Boys,Age-appropriateness concerns; Mental health & trauma,2,Age-appropriateness concerns
Emmy & Oliver,Age-appropriateness concerns,1,Age-appropriateness concerns
Every Boy's Got One,,0,Uncategorized
Forever or a Long Long Time,Age-appropriateness concerns,1,Age-appropriateness concerns
Going Rogue,Age-appropriateness concerns,1,Age-appropriateness concerns
Golden Arm,Age-appropriateness concerns,1,Age-appropriateness concerns
Gutless,Age-appropriateness concerns; Mental health & trauma,2,Age-appropriateness concerns
Gym Candy,,0,Uncategorized
Hades (AA),Age-appropriateness concerns; Sexual or romantic content,2,Age-appropriateness concerns
Heart of A Champion,,0,Uncategorized
High Heat,Age-appropriateness concerns,1,Age-appropriateness concerns
Homecoming,Age-appropriateness concerns; LGBTQ+ identity & sexuality; Sexual or romantic content,3,Age-appropriateness concerns
Ice Wolves,Age-appropriateness concerns,1,Age-appropriateness concerns
Independent Study,Age-appropriateness concerns,1,Age-appropriateness concerns
Major Crush,Age-appropriateness concerns,1,Age-appropriateness concerns
MEG: Nightstalkers,Mental health & trauma; Violence & mature themes,2,Mental health & trauma
"Mirror, Mirror",Religion & worldview,1,Religion & worldview
No Judgements,,0,Uncategorized
One For All,Age-appropriateness concerns,1,Age-appropriateness concerns
Party Princess,Age-appropriateness concerns,1,Age-appropriateness concerns
Pirate Latitudes,,0,Uncategorized
Princess in Pink,Age-appropriateness concerns,1,Age-appropriateness concerns
Princess Lessons,Age-appropriateness concerns,1,Age-appropriateness concerns
Princess Mia,Age-appropriateness concerns,1,Age-appropriateness concerns
Project Princess,Age-appropriateness concerns,1,Age-appropriateness concerns
Red Kayak,Age-appropriateness concerns,1,Age-appropriateness concerns
Reunion,Age-appropriateness concerns; Violence & mature themes,2,Age-appropriateness concerns
Rooftoppers,Age-appropriateness concerns,1,Age-appropriateness concerns
Royal Wedding,Age-appropriateness concerns,1,Age-appropriateness concerns
Ruby Red,Age-appropriateness concerns,1,Age-appropriateness concerns
Rules for Being a Girl,Age-appropriateness concerns; Sexual or romantic content,2,Age-appropriateness concerns
Runaway,Age-appropriateness concerns,1,Age-appropriateness concerns
Slob,Age-appropriateness concerns; Mental health & trauma,2,Age-appropriateness concerns
Stuck In Tte Middle: 17 Comics from an Unpleasant Age,,0,Uncategorized
The Atlas Six,Age-appropriateness concerns; LGBTQ+ identity & sexuality; Religion & worldview; Sexual or romantic content,4,Age-appropriateness concerns
The Book Of Lost Things,Age-appropriateness concerns; Violence & mature themes,2,Age-appropriateness concerns
The Dying Breath,Age-appropriateness concerns; Violence & mature themes,2,Age-appropriateness concerns
The Four Winds,Mental health & trauma; Violence & mature themes,2,Mental health & trauma
The Girl Who Drew Butterflies: How Maria Merian's Art Changed Science,Age-appropriateness concerns,1,Age-appropriateness concerns
The House of the Scorpion,Age-appropriateness concerns; Violence & mature themes,2,Age-appropriateness concerns
The Julian Game,Age-appropriateness concerns,1,Age-appropriateness concerns
The Name Of The Star,Age-appropriateness concerns; Violence & mature themes,2,Age-appropriateness concerns
The Naturals,Age-appropriateness concerns; Sexual or romantic content; Violence & mature themes,3,Age-appropriateness concerns
The O'Reilly Factor for Kids: A Survival Guide for America's Families,Mental health & trauma; Sexual or romantic content,2,Mental health & trauma
The Queen of Kentucky,Age-appropriateness concerns,1,Age-appropriateness concerns
The Queen's Gambit,Mental health & trauma,1,Mental health & trauma
The Running Dream,Age-appropriateness concerns,1,Age-appropriateness concerns
The Testing,Age-appropriateness concerns,1,Age-appropriateness concerns
The Voting Booth,Age-appropriateness concerns,1,Age-appropriateness concerns
The Warrior Heir,Age-appropriateness concerns,1,Age-appropriateness concerns
The Wish,,0,Uncategorized
Thirteen Plus One,Age-appropriateness concerns,1,Age-appropriateness concerns
This is all: The Pillow Book of Cordelia Kenn,Age-appropriateness concerns; Sexual or romantic content,2,Age-appropriateness concerns
Two By Two,,0,Uncategorized
Under Shifting Stars,Age-appropriateness concerns,1,Age-appropriateness concerns
Underworld,Violence & mature themes,1,Violence & mature themes
Valentine Princess,Age-appropriateness concerns,1,Age-appropriateness concerns
Valient: A Modern Tale of Faerie,Age-appropriateness concerns,1,Age-appropriateness concerns
Vanished: Books One & Two: When Lightning Strikes; Code Name Cassandra,Age-appropriateness concerns,1,Age-appropriateness concerns
What Happened to Goodbye,Age-appropriateness concerns,1,Age-appropriateness concerns
What I Saw And How I Lied,Age-appropriateness concerns; Sexual or romantic content; Violence & mature themes,3,Age-appropriateness concerns
Wicked Fox,Age-appropriateness concerns,1,Age-appropriateness concerns
Wolf Hollow,Age-appropriateness concerns; Mental health & trauma; Violence & mature themes,3,Age-appropriateness concerns
Zia Erases the World,Age-appropriateness concerns,1,Age-appropriateness concerns
Halloween ABC,Age-appropriateness concerns; Violence & mature themes,2,Age-appropriateness concerns
I'll Get There. It Better Be Worth the Trip,Age-appropriateness concerns,1,Age-appropriateness concerns
Sideways Stories from Wayside School,Age-appropriateness concerns,1,Age-appropriateness concerns
"Teen Titans (Series, Title Not Specified)",Age-appropriateness concerns,1,Age-appropriateness concerns
Wait Till Helen Comes,Age-appropriateness concerns,1,Age-appropriateness concerns
The First to Die at the End,Age-appropriateness concerns,1,Age-appropriateness concerns
10 Things I Can See From Here,Age-appropriateness concerns; LGBTQ+ identity & sexuality; Mental health & trauma; Sexual or romantic content,4,Age-appropriateness concerns
A Bad Boy Can Be Good For A Girl,Age-appropriateness concerns,1,Age-appropriateness concerns
Asking For It,Age-appropriateness concerns; Gender politics & feminism; Mental health & trauma,3,Age-appropriateness concerns
Autonomous,Age-appropriateness concerns,1,Age-appropriateness concerns
Fathers are Part of a Family,Age-appropriateness concerns,1,Age-appropriateness concerns
Flirtin' with the Monster: Your Favorite Authors on Ellen Hopkins' Crank and Glass,Age-appropriateness concerns; Mental health & trauma,2,Age-appropriateness concerns
Girl with a Pearl Earring,Sexual or romantic content,1,Sexual or romantic content
Goth Girl Rising,Mental health & trauma,1,Mental health & trauma
Happily Ever After (NR),,0,Uncategorized
History is All You Left Me,Age-appropriateness concerns; LGBTQ+ identity & sexuality; Mental health & trauma; Sexual or romantic content,4,Age-appropriateness concerns
Juliet Takes A Breath,Age-appropriateness concerns; Gender politics & feminism; LGBTQ+ identity & sexuality,3,Age-appropriateness concerns
Music From Another World,Age-appropriateness concerns; LGBTQ+ identity & sexuality; Race & systemic inequality; Sexual or romantic content,4,Age-appropriateness concerns
"My Hero Academia: Origin, Vol. 5",,0,Uncategorized
Nightingale,Age-appropriateness concerns,1,Age-appropriateness concerns
Pushing the Limits (KM),Age-appropriateness concerns; Sexual or romantic content,2,Age-appropriateness concerns
The Little Black Book for Girlz: A Book on Healthy Sexuality,Sexual or romantic content; Violence & mature themes,2,Sexual or romantic content
This is Where it Ends,Age-appropriateness concerns; Violence & mature themes,2,Age-appropriateness concerns
"A Clockwork Orange: Authoritative Text, Backgrounds and Contexts Criticism",,0,Uncategorized
Choque de Reyes,Age-appropriateness concerns,1,Age-appropriateness concerns
Black As He's Painted,Race & systemic inequality,1,Race & systemic inequality
California,,0,Uncategorized
The War of Two Queens,Age-appropriateness concerns; Violence & mature themes,2,Age-appropriateness concerns
The Taking,Sexual or romantic content; Violence & mature themes,2,Sexual or romantic content
Accountable: The True Story of a Racist Social Media Account and the Teenagers Whose Lives it Changed,Race & systemic inequality,1,Race & systemic inequality
Adrift,Age-appropriateness concerns,1,Age-appropriateness concerns
"And Then, Boom!",Age-appropriateness concerns,1,Age-appropriateness concerns
Barracoon: Adapted for Young Readers,Age-appropriateness concerns,1,Age-appropriateness concerns
Deep Water,Age-appropriateness concerns,1,Age-appropriateness concerns
Diary,Mental health & trauma; Violence & mature themes,2,Mental health & trauma
Hear Me,Age-appropriateness concerns,1,Age-appropriateness concerns
In Nightfall,Age-appropriateness concerns,1,Age-appropriateness concerns
It Ends with Us,Sexual or romantic content,1,Sexual or romantic content
Kelcie Murphy and the Academy for the Unbreakable Arts,Age-appropriateness concerns,1,Age-appropriateness concerns
Kill Her Twice,Age-appropriateness concerns; Violence & mature themes,2,Age-appropriateness concerns
Maple's Theory of Fun,Age-appropriateness concerns,1,Age-appropriateness concerns
Max in the House of Spies: A Tale of World War II,Age-appropriateness concerns; Violence & mature themes,2,Age-appropriateness concerns
Midnight at the Houdini,Age-appropriateness concerns,1,Age-appropriateness concerns
Over and Out,Age-appropriateness concerns; Violence & mature themes,2,Age-appropriateness concerns
Remember Me Gone,Age-appropriateness concerns,1,Age-appropriateness concerns
Remember Us,Age-appropriateness concerns; Violence & mature themes,2,Age-appropriateness concerns
Ride On,Age-appropriateness concerns,1,Age-appropriateness concerns
"Shackled: A Tale of Wronged Kids, Rogue Judges, and a Town that Looked Away",,0,Uncategorized
Survivor (CP),Mental health & trauma,1,Mental health & trauma
The Girl in White,Age-appropriateness concerns,1,Age-appropriateness concerns
The Nighthouse Keeper,Age-appropriateness concerns,1,Age-appropriateness concerns
The Ruby Code,Age-appropriateness concerns; Mental health & trauma; Violence & mature themes,3,Age-appropriateness concerns
We Are Big Time,Age-appropriateness concerns,1,Age-appropriateness concerns
What Girls are Made Of,Age-appropriateness concerns; Gender politics & feminism; Sexual or romantic content; Violence & mature themes,4,Age-appropriateness concerns
Welcome to St. Hell: My Trans Teen Misadventure: A Graphic Novel,Age-appropriateness concerns; LGBTQ+ identity & sexuality; Mental health & trauma,3,Age-appropriateness concerns
Cupid's Revenge,Age-appropriateness concerns; LGBTQ+ identity & sexuality,2,Age-appropriateness concerns
Diary of a Confused Feminist,Age-appropriateness concerns; Mental health & trauma,2,Age-appropriateness concerns
Face It,LGBTQ+ identity & sexuality; Mental health & trauma; Sexual or romantic content,3,LGBTQ+ identity & sexuality
What's the T?: The Guide to All Things Trans and/or Nonbinary,LGBTQ+ identity & sexuality; Sexual or romantic content; Violence & mature themes,3,LGBTQ+ identity & sexuality
Ancient Greece and the Olympics: A Nonfiction Companion to Magic Tree House,Age-appropriateness concerns,1,Age-appropriateness concerns
Attila the Hun: Leader of the Barbarian Hordes,,0,Uncategorized
Behind the Mask,Violence & mature themes,1,Violence & mature themes
Black Duck,Age-appropriateness concerns; Violence & mature themes,2,Age-appropriateness concerns
Blood on the River: James Town 1607,Age-appropriateness concerns,1,Age-appropriateness concerns
Business Ethics in Islam,,0,Uncategorized
"Catherine, Called Birdy",Age-appropriateness concerns,1,Age-appropriateness concerns
Counting Down with You,Age-appropriateness concerns,1,Age-appropriateness concerns
El Libro de la Familia/The Family Book (Spanish Edition),Age-appropriateness concerns; LGBTQ+ identity & sexuality,2,Age-appropriateness concerns
"Eloise and the Strange Museum Visit: Learning to Make Reasoned, Ethical Decisions",,0,Uncategorized
Enrique's Journey: The Story of a Boy's Dangerous Odyssey to Reunite with His Mother,Race & systemic inequality,1,Race & systemic inequality
Gentle Annie: The True Story of a Civil War Nurse,,0,Uncategorized
"I, Emma Freke",Age-appropriateness concerns,1,Age-appropriateness concerns
Lionclaw,Age-appropriateness concerns,1,Age-appropriateness concerns
Losing Joe's Place,Age-appropriateness concerns,1,Age-appropriateness concerns
Lost on a Mountain in Maine,Age-appropriateness concerns,1,Age-appropriateness concerns
Lying Out Loud: A Companion to The DUFF,Age-appropriateness concerns,1,Age-appropriateness concerns
Minerva Clark Gets a Clue,Age-appropriateness concerns; Sexual or romantic content; Violence & mature themes,3,Age-appropriateness concerns
"My Family, Your Family",Age-appropriateness concerns; LGBTQ+ identity & sexuality,2,Age-appropriateness concerns
"My Last Skirt: The Story of Jennie Hodgers, Union Soldier",Age-appropriateness concerns; Violence & mature themes,2,Age-appropriateness concerns
Odds Are Good: An Oddly Enough and Odder Than Ever Omnibus,Age-appropriateness concerns,1,Age-appropriateness concerns
Outlaw Girl of Sherwood Forest,Age-appropriateness concerns,1,Age-appropriateness concerns
Outlaw Princess of Sherwood,Age-appropriateness concerns,1,Age-appropriateness concerns
Pay It Forward (Young Readers Edition),Age-appropriateness concerns,1,Age-appropriateness concerns
Real Friends,Age-appropriateness concerns; Mental health & trauma,2,Age-appropriateness concerns
Recruited,Age-appropriateness concerns,1,Age-appropriateness concerns
Restless Spirit: The Life and Work of Dorothea Lange,Age-appropriateness concerns; Mental health & trauma,2,Age-appropriateness concerns
Rogue Wave: And Other Red-Blooded Sea Stories,,0,Uncategorized
Rowan Hood Returns: The Final Chapter,Age-appropriateness concerns,1,Age-appropriateness concerns
Sarah Bishop,Age-appropriateness concerns,1,Age-appropriateness concerns
Sarah's Key,Race & systemic inequality; Violence & mature themes,2,Race & systemic inequality
Secrets of the Mummies,Age-appropriateness concerns,1,Age-appropriateness concerns
Some Kind of Hate,Age-appropriateness concerns,1,Age-appropriateness concerns
Summer of Secrets,Age-appropriateness concerns,1,Age-appropriateness concerns
"TBH, I Feel the Same",Age-appropriateness concerns,1,Age-appropriateness concerns
"TBH, IDK What's Next",Age-appropriateness concerns,1,Age-appropriateness concerns
"TBH, This is So Awkward",Age-appropriateness concerns; Mental health & trauma,2,Age-appropriateness concerns
"TBH, Too Much Drama",Age-appropriateness concerns,1,Age-appropriateness concerns
"TBH, You Know What I Mean",Age-appropriateness concerns,1,Age-appropriateness concerns
Tell No One Who You Are: The Hidden Childhood of Regine Miller,Age-appropriateness concerns; Violence & mature themes,2,Age-appropriateness concerns
The Big Lie: A True Story of the Holocaust,Age-appropriateness concerns; Race & systemic inequality; Violence & mature themes,3,Age-appropriateness concerns
The Crossing,Age-appropriateness concerns,1,Age-appropriateness concerns
The Da Vinci Code,Violence & mature themes,1,Violence & mature themes
The Egypt Game,Age-appropriateness concerns,1,Age-appropriateness concerns
The Eyes of the Amaryllis,Age-appropriateness concerns,1,Age-appropriateness concerns
"The Journal of James Edmond Pease: A Civil War Union Soldier, Virginia, 1863",,0,Uncategorized
The Magical Misfits,Age-appropriateness concerns,1,Age-appropriateness concerns
The Magical Misfits: The Minor Third,Age-appropriateness concerns,1,Age-appropriateness concerns
The Magical Misfits: The Second Story,Age-appropriateness concerns; Mental health & trauma,2,Age-appropriateness concerns
The Princess Trap,Age-appropriateness concerns; Violence & mature themes,2,Age-appropriateness concerns
The Squared Circle,Age-appropriateness concerns,1,Age-appropriateness concerns
There's Only One You,Age-appropriateness concerns,1,Age-appropriateness concerns
These Unlucky Stars,Age-appropriateness concerns,1,Age-appropriateness concerns
To Be a Slave,Age-appropriateness concerns; Race & systemic inequality,2,Age-appropriateness concerns
True Believer (NS),,0,Uncategorized
Zara Hossin is Here,,0,Uncategorized
Galatea: A Short Story,,0,Uncategorized
Check & Mate,Age-appropriateness concerns,1,Age-appropriateness concerns
Nothing,Age-appropriateness concerns,1,Age-appropriateness concerns
"Foundations in Personal Finance, 2022, 4th Edition",,0,Uncategorized
"L8R, G8R",Age-appropriateness concerns; Sexual or romantic content,2,Age-appropriateness concerns
Life Is Funny,Age-appropriateness concerns,1,Age-appropriateness concerns
Man O' War,Age-appropriateness concerns; LGBTQ+ identity & sexuality,2,Age-appropriateness concerns
Nightmares and dreamscapes,,0,Uncategorized
Nobody Does it Better: A Gossip Girl Novel,Age-appropriateness concerns; Violence & mature themes,2,Age-appropriateness concerns
"Real Live Boyfriends: Yes. Boyfriends, Plural. If My Life Weren't Complicated, I Wouldn't be Ruby Oliver",Age-appropriateness concerns,1,Age-appropriateness concerns
TTYL,Age-appropriateness concerns; Sexual or romantic content; Violence & mature themes,3,Age-appropriateness concerns
Water For Elephants,Mental health & trauma; Sexual or romantic content,2,Mental health & trauma
YOLO,Age-appropriateness concerns; Sexual or romantic content,2,Age-appropriateness concerns
"On the Bright Side, I'm Now the Girlfriend of a Sex God",Sexual or romantic content,1,Sexual or romantic content
City of Saints and Thieves,Age-appropriateness concerns; Violence & mature themes,2,Age-appropriateness concerns
Ironfire: An Epic Novel of Love and War,Violence & mature themes,1,Violence & mature themes
It Starts with Us,,0,Uncategorized
Laid: Young People's Experience with Sex in an Easy-Access Culture,Sexual or romantic content,1,Sexual or romantic content
A Mighty Long Way: My Journey to Justice at Little Rock Central High School,Age-appropriateness concerns,1,Age-appropriateness concerns
All Quiet on the Western Front,Violence & mature themes,1,Violence & mature themes
Little Rock Girl: How A Photograph Changed the Gight for Integration,Age-appropriateness concerns,1,Age-appropriateness concerns
October Sky/Rocket Boys,,0,Uncategorized
My Maddy,Age-appropriateness concerns; LGBTQ+ identity & sexuality,2,Age-appropriateness concerns
Sewing the Rainbow: A Story About Gilbert Baker,Age-appropriateness concerns; LGBTQ+ identity & sexuality,2,Age-appropriateness concerns
Future Home of the Living God,,0,Uncategorized
Specimen Days,,0,Uncategorized
The Curious Incident of the Dog in the Night-Time,Violence & mature themes,1,Violence & mature themes
The Great Big Book of Families,Age-appropriateness concerns; LGBTQ+ identity & sexuality,2,Age-appropriateness concerns
The Vanishing Act of Esme Lennox,,0,Uncategorized
The Rainbow Parade,Age-appropriateness concerns; LGBTQ+ identity & sexuality,2,Age-appropriateness concerns
Call Me Max,,0,Uncategorized
Grandad's Pride,Age-appropriateness concerns,1,Age-appropriateness concerns
50 Queers Who Changed the World: A Celebration of LGBTQ+ Icons,LGBTQ+ identity & sexuality,1,LGBTQ+ identity & sexuality
500 AP Psychology Questions to Know By Test Day,,0,Uncategorized
A Burning,,0,Uncategorized
A Child's Introduction to Pride: The Inspirational History and Culture of the LGBTQIA+ Community,Age-appropriateness concerns; LGBTQ+ identity & sexuality,2,Age-appropriateness concerns
A Girl's Guide to Joining the Resistance: A Feminist Handbook on Fighting for Good,Race & systemic inequality,1,Race & systemic inequality
A History of Racism in America,Race & systemic inequality,1,Race & systemic inequality
A House for Everyone: A Story to Help Children Learn About Gender Identity and Gender Expression,Age-appropriateness concerns; LGBTQ+ identity & sexuality,2,Age-appropriateness concerns
A Smart Girl's Guide to Race & Inclusion: Standing Up To Racism and Building A Better World,Age-appropriateness concerns; Race & systemic inequality,2,Age-appropriateness concerns
A Terrible Thing to Waste: Environmental Racism and Its Assault on the American Mind,Race & systemic inequality,1,Race & systemic inequality
Ab(solutely) Normal: Short Stories that Smash Mental Health Stereotypes,,0,Uncategorized
Abnormal Psychology,,0,Uncategorized
Activist Athletes: When Sports and Politics Mix,,0,Uncategorized
Afterglow,Age-appropriateness concerns; LGBTQ+ identity & sexuality; Mental health & trauma,3,Age-appropriateness concerns
Airlock,Age-appropriateness concerns; LGBTQ+ identity & sexuality; Mental health & trauma,3,Age-appropriateness concerns
Alex as Well,Age-appropriateness concerns; LGBTQ+ identity & sexuality,2,Age-appropriateness concerns
All Bodies Are Wonderful: Use Science to Celebrate Everyone's Body!,Age-appropriateness concerns,1,Age-appropriateness concerns
All Kinds of Other,Age-appropriateness concerns; LGBTQ+ identity & sexuality,2,Age-appropriateness concerns
All Out: The No-Longer-Secret Stories of Queer Teens throughout the Ages,Age-appropriateness concerns; LGBTQ+ identity & sexuality; Violence & mature themes,3,Age-appropriateness concerns
All You Need Is Love: Celebrating Families of All Shapes and Sizes,Age-appropriateness concerns,1,Age-appropriateness concerns
Always the Almost,Age-appropriateness concerns; LGBTQ+ identity & sexuality,2,Age-appropriateness concerns
"An ABC of Equality, Vol 1",Age-appropriateness concerns; LGBTQ+ identity & sexuality,2,Age-appropriateness concerns
Ander & Santi Were Here,Age-appropriateness concerns; LGBTQ+ identity & sexuality,2,Age-appropriateness concerns
"Anti-Racism: Powerful Voices, Inspiring Ideas",LGBTQ+ identity & sexuality; Race & systemic inequality,2,LGBTQ+ identity & sexuality
Anything But Fine,Age-appropriateness concerns,1,Age-appropriateness concerns
AP Psychology,,0,Uncategorized
"AP Psychology Prep Plus, 2020-2021",,0,Uncategorized
"AP Psychology, 2016",,0,Uncategorized
AP Q&A Psychology: 600 Questions and Answers,,0,Uncategorized
Are America's Wealthy Too Powerful?,,0,Uncategorized
Are There Two Americas,,0,Uncategorized
Are You A Boy or Are You A Girl?,Age-appropriateness concerns,1,Age-appropriateness concerns
As Nature Made Him: The Boy Who Was Raised as A Girl,,0,Uncategorized
Atrocities in Action,Age-appropriateness concerns,1,Age-appropriateness concerns
Auntie Uncle: Drag Queen Hero,Age-appropriateness concerns; LGBTQ+ identity & sexuality,2,Age-appropriateness concerns
Baby Drag Queen,Age-appropriateness concerns; LGBTQ+ identity & sexuality,2,Age-appropriateness concerns
Band Together,Age-appropriateness concerns,1,Age-appropriateness concerns
Barron's AP Psychology Premium,,0,Uncategorized
Be Amazing: A History of Pride,Age-appropriateness concerns; LGBTQ+ identity & sexuality,2,Age-appropriateness concerns
Be Your True Self (Social Justice and You),Age-appropriateness concerns; LGBTQ+ identity & sexuality,2,Age-appropriateness concerns
Beating Heart Baby,Age-appropriateness concerns,1,Age-appropriateness concerns
Before I Had The Words: On Being a Transgender Young Adult,Sexual or romantic content,1,Sexual or romantic content
Being Transgender in America,Age-appropriateness concerns; LGBTQ+ identity & sexuality; Sexual or romantic content,3,Age-appropriateness concerns
Better Than We Found It: Conversations to Help Save the World,Violence & mature themes,1,Violence & mature themes
"Beyond Gender Binaries: The History of Trans, Intersex, and Third-Gender Individuals",LGBTQ+ identity & sexuality; Sexual or romantic content,2,LGBTQ+ identity & sexuality
Bianca Torre is Afraid of Everything,Age-appropriateness concerns; LGBTQ+ identity & sexuality; Mental health & trauma; Violence & mature themes,4,Age-appropriateness concerns
"Biased: Uncovering the Hidden Prejudice That Shapes What We See, Think, and Do",,0,Uncategorized
Black Lives Matter (DH),Age-appropriateness concerns; Race & systemic inequality; Violence & mature themes,3,Age-appropriateness concerns
Black Lives Matter (MG),Age-appropriateness concerns; Race & systemic inequality; Violence & mature themes,3,Age-appropriateness concerns
Black Lives Matter (SEB),Age-appropriateness concerns; Race & systemic inequality; Violence & mature themes,3,Age-appropriateness concerns
Black Nerd Problems: Essays,,0,Uncategorized
"Black Skin, White Masks",Race & systemic inequality,1,Race & systemic inequality
Bless the Blood: A Cancer Memoir,LGBTQ+ identity & sexuality; Race & systemic inequality,2,LGBTQ+ identity & sexuality
"Boys Run the Riot, Vol. 1",LGBTQ+ identity & sexuality; Mental health & trauma,2,LGBTQ+ identity & sexuality
"Boys Run the Riot, Vol. 2",LGBTQ+ identity & sexuality,1,LGBTQ+ identity & sexuality
"Boys Run the Riot, Vol. 3",LGBTQ+ identity & sexuality,1,LGBTQ+ identity & sexuality
"Boys Run the Riot, Vol. 4",LGBTQ+ identity & sexuality,1,LGBTQ+ identity & sexuality
Breathe: Journeys to Healthy Binding,LGBTQ+ identity & sexuality,1,LGBTQ+ identity & sexuality
Bright World,Age-appropriateness concerns; LGBTQ+ identity & sexuality; Sexual or romantic content,3,Age-appropriateness concerns
"Brown Enough: True Stories about Love, Violence, the Student Loan Crisis - Hollywood, Race, Familia, and Making it in America",Sexual or romantic content,1,Sexual or romantic content
"Bum the Page: A True Story of Torching Doubts, Blazing Trails, and Igniting Change",,0,Uncategorized
Burying White Privilege: Resurrecting a Badass Christianity,Race & systemic inequality; Religion & worldview,2,Race & systemic inequality
Call and Response: The Story of Black Lives Matter,Age-appropriateness concerns,1,Age-appropriateness concerns
Canto Contigo,Age-appropriateness concerns; LGBTQ+ identity & sexuality,2,Age-appropriateness concerns
Challenges for LGBTQ Teens,LGBTQ+ identity & sexuality,1,LGBTQ+ identity & sexuality
Chaz Bono,Age-appropriateness concerns; LGBTQ+ identity & sexuality,2,Age-appropriateness concerns
"Cheeky Angel, Vol. 1",,0,Uncategorized
"Cheeky Angel, Vol. 2",,0,Uncategorized
"Cheeky Angel, Vol. 3",,0,Uncategorized
Chef's Kiss,LGBTQ+ identity & sexuality,1,LGBTQ+ identity & sexuality
Ciel in All Directions,Age-appropriateness concerns; LGBTQ+ identity & sexuality,2,Age-appropriateness concerns
"Click, Vol. 1",Sexual or romantic content,1,Sexual or romantic content
"Click, Vol. 2",,0,Uncategorized
"Click, Vol. 3",LGBTQ+ identity & sexuality,1,LGBTQ+ identity & sexuality
"Click, Vol. 5",LGBTQ+ identity & sexuality,1,LGBTQ+ identity & sexuality
"Click, Vol. 6",,0,Uncategorized
"Click, Vol. 7",LGBTQ+ identity & sexuality,1,LGBTQ+ identity & sexuality
"Click, Vol. 8",Violence & mature themes,1,Violence & mature themes
Coming Out As Transgender,Age-appropriateness concerns; LGBTQ+ identity & sexuality,2,Age-appropriateness concerns
Confronting LGBTQ+ Discrimination,Age-appropriateness concerns; LGBTQ+ identity & sexuality,2,Age-appropriateness concerns
Confronting Racism,Age-appropriateness concerns; Race & systemic inequality,2,Age-appropriateness concerns
Constellations,Age-appropriateness concerns; LGBTQ+ identity & sexuality,2,Age-appropriateness concerns
Continuum,LGBTQ+ identity & sexuality,1,LGBTQ+ identity & sexuality
Coping with Gender Dysphoria,Age-appropriateness concerns; LGBTQ+ identity & sexuality,2,Age-appropriateness concerns
Coping with Gender Fluidity,LGBTQ+ identity & sexuality; Mental health & trauma,2,LGBTQ+ identity & sexuality
Coping with Hate and Intolerance,Age-appropriateness concerns; Sexual or romantic content,2,Age-appropriateness concerns
Coping with Racial Inequality,Age-appropriateness concerns; Mental health & trauma; Race & systemic inequality,3,Age-appropriateness concerns
Counseling LGBTQ Americans,LGBTQ+ identity & sexuality,1,LGBTQ+ identity & sexuality
Counselling Skills for Working with Gender Diversity and Identity,LGBTQ+ identity & sexuality,1,LGBTQ+ identity & sexuality
Cramm This Book: So You Know WTF Is Going On in the World Today,Race & systemic inequality,1,Race & systemic inequality
Critical Perspectives on Social Justice,,0,Uncategorized
Dear Mothman,Age-appropriateness concerns; LGBTQ+ identity & sexuality,2,Age-appropriateness concerns
Debbie Harry Sings in French,Age-appropriateness concerns; LGBTQ+ identity & sexuality,2,Age-appropriateness concerns
"Delusions of Gender: How Our Minds, Society, and Neurosexism Create Difference",Gender politics & feminism,1,Gender politics & feminism
Desert Queen,Age-appropriateness concerns; Sexual or romantic content,2,Age-appropriateness concerns
Dignity for All: Safeguarding LGBT Students,LGBTQ+ identity & sexuality,1,LGBTQ+ identity & sexuality
Discrimination (CF),,0,Uncategorized
Discrimination (JL),,0,Uncategorized
Dismantling Global White Privilege: Equity for a Post-Western World,,0,Uncategorized
Does Equality Exist in America?,,0,Uncategorized
Door By Door: How Sarah McBride became America's First Openly Transgender Senator,Age-appropriateness concerns; LGBTQ+ identity & sexuality,2,Age-appropriateness concerns
Dragging Mason County,Age-appropriateness concerns; LGBTQ+ identity & sexuality,2,Age-appropriateness concerns
Dreadnought (AD),Age-appropriateness concerns; LGBTQ+ identity & sexuality,2,Age-appropriateness concerns
"Dude, You're a Fag: Masculinity and Sexuality in High School",LGBTQ+ identity & sexuality; Sexual or romantic content,2,LGBTQ+ identity & sexuality
Elle Campbell Wins Their Weekend,Age-appropriateness concerns; LGBTQ+ identity & sexuality,2,Age-appropriateness concerns
Equality & Diversity,,0,Uncategorized
"Equality, Social Justice and Our Future",Age-appropriateness concerns,1,Age-appropriateness concerns
Everything I Learned About Racism I Learned In School,Race & systemic inequality,1,Race & systemic inequality
Fair Play: How l.GBT Athletes are Claiming Their Rightful Place in Sports,LGBTQ+ identity & sexuality; Mental health & trauma,2,LGBTQ+ identity & sexuality
Feminism: Reinventing the F-Word,,0,Uncategorized
Feminist AF: A Guide to Crushing Girlhood,LGBTQ+ identity & sexuality; Race & systemic inequality; Sexual or romantic content; Violence & mature themes,4,LGBTQ+ identity & sexuality
Finding Out: An Introduction to LGBT Studies,LGBTQ+ identity & sexuality; Sexual or romantic content,2,LGBTQ+ identity & sexuality
Frankissstein,LGBTQ+ identity & sexuality; Sexual or romantic content,2,LGBTQ+ identity & sexuality
Freeing Finch,Age-appropriateness concerns; LGBTQ+ identity & sexuality,2,Age-appropriateness concerns
Fresh Ink: A We Need Diverse Books Anthology,,0,Uncategorized
From #BlackLivesMatter to Black Liberation,Race & systemic inequality; Violence & mature themes,2,Race & systemic inequality
Galaxy: The Prettiest Star,Violence & mature themes,1,Violence & mature themes
"Gay Characters in Theater, Movies, and Television: New Roles, New Attitudes",Age-appropriateness concerns; LGBTQ+ identity & sexuality,2,Age-appropriateness concerns
Gay Club!,Age-appropriateness concerns; LGBTQ+ identity & sexuality,2,Age-appropriateness concerns
Gay Rights,Age-appropriateness concerns; LGBTQ+ identity & sexuality,2,Age-appropriateness concerns
Gender Dysphoria,,0,Uncategorized
Gender Inequality in Sports: From Tiile IX lo World Titles,LGBTQ+ identity & sexuality; Sexual or romantic content,2,LGBTQ+ identity & sexuality
Gender Politics,,0,Uncategorized
"Gender Rebels: 30 Trans, Nonbinary, and Gender Expansive Heroes Past and Present",LGBTQ+ identity & sexuality,1,LGBTQ+ identity & sexuality
Golden Boy: Blue-Eyed Boy or Girl Next Door,LGBTQ+ identity & sexuality,1,LGBTQ+ identity & sexuality
Green,Age-appropriateness concerns; LGBTQ+ identity & sexuality,2,Age-appropriateness concerns
Growing Up LGBTQ,Age-appropriateness concerns; LGBTQ+ identity & sexuality; Mental health & trauma,3,Age-appropriateness concerns
Growing Up Trans: In Our Own Words,Age-appropriateness concerns; LGBTQ+ identity & sexuality,2,Age-appropriateness concerns
Gumballs,Sexual or romantic content,1,Sexual or romantic content
Happy Families,Age-appropriateness concerns; LGBTQ+ identity & sexuality,2,Age-appropriateness concerns
He/She/They: How We Talk About Gender and Why It Matters,Age-appropriateness concerns; LGBTQ+ identity & sexuality,2,Age-appropriateness concerns
Heads Up Sociology,,0,Uncategorized
Hell Followed With Us,Age-appropriateness concerns; LGBTQ+ identity & sexuality,2,Age-appropriateness concerns
"Hit the Road, Manny",Age-appropriateness concerns,1,Age-appropriateness concerns
Home and Family Relationships,Age-appropriateness concerns; LGBTQ+ identity & sexuality,2,Age-appropriateness concerns
Homebody: A Graphic Memoir of Gender Identity Exploration,Age-appropriateness concerns; LGBTQ+ identity & sexuality; Sexual or romantic content,3,Age-appropriateness concerns
House of Rougeaux,Mental health & trauma,1,Mental health & trauma
How Can I Be An Ally,Age-appropriateness concerns,1,Age-appropriateness concerns
How to Be a (Young) Antiracist,Age-appropriateness concerns; Race & systemic inequality,2,Age-appropriateness concerns
How to Fight Racism Young Readers Edition: A Guide to Standing Up for Racial Justice,Age-appropriateness concerns; Race & systemic inequality,2,Age-appropriateness concerns
How to They/Them: A Visual Guide to Nonbinary Pronouns and the World of Gender Fluidity,LGBTQ+ identity & sexuality,1,LGBTQ+ identity & sexuality
I Am An AntiRacist Superhero,Age-appropriateness concerns; Race & systemic inequality; Violence & mature themes,3,Age-appropriateness concerns
I Hope We Choose Love: A Trans Girl's Notes from the End of the World,LGBTQ+ identity & sexuality; Violence & mature themes,2,LGBTQ+ identity & sexuality
I Was Born for This,Age-appropriateness concerns; LGBTQ+ identity & sexuality; Mental health & trauma,3,Age-appropriateness concerns
I'm Still Here: Black Dignity in a World Made For Whiteness,Age-appropriateness concerns; Violence & mature themes,2,Age-appropriateness concerns
Identity Politics,,0,Uncategorized
If I Can Give You That,Age-appropriateness concerns; LGBTQ+ identity & sexuality; Mental health & trauma,3,Age-appropriateness concerns
If You're A Drag Queen and You Know It,Age-appropriateness concerns; LGBTQ+ identity & sexuality,2,Age-appropriateness concerns
Inside the LGBTQ+ Movement,Age-appropriateness concerns; LGBTQ+ identity & sexuality,2,Age-appropriateness concerns
Intersectionality and Identity Politics,,0,Uncategorized
J is for Justice! An Activism Alphabet,Age-appropriateness concerns,1,Age-appropriateness concerns
Jackalope Springs Eternal,Age-appropriateness concerns,1,Age-appropriateness concerns
Jazz Jennings: Voice for LGBTQ Youth,Age-appropriateness concerns; LGBTQ+ identity & sexuality,2,Age-appropriateness concerns
Just Shy of Ordinary,Age-appropriateness concerns; LGBTQ+ identity & sexuality; Mental health & trauma,3,Age-appropriateness concerns
Lakelore,Age-appropriateness concerns; LGBTQ+ identity & sexuality,2,Age-appropriateness concerns
Lana Wachowski,Age-appropriateness concerns; LGBTQ+ identity & sexuality,2,Age-appropriateness concerns
Laverne Cox (ES),Age-appropriateness concerns; LGBTQ+ identity & sexuality,2,Age-appropriateness concerns
Laverne Cox (MV),Age-appropriateness concerns; LGBTQ+ identity & sexuality,2,Age-appropriateness concerns
LGBT Discrimination,LGBTQ+ identity & sexuality,1,LGBTQ+ identity & sexuality
LGBT Youth Issues Today: A Reference Handbook,LGBTQ+ identity & sexuality; Sexual or romantic content,2,LGBTQ+ identity & sexuality
LGBTQ Discrimination in America,Age-appropriateness concerns; LGBTQ+ identity & sexuality; Mental health & trauma,3,Age-appropriateness concerns
LGBTQ Human Rights Movement,Age-appropriateness concerns; LGBTQ+ identity & sexuality; Violence & mature themes,3,Age-appropriateness concerns
LGBTQ Rights,Age-appropriateness concerns; LGBTQ+ identity & sexuality; Sexual or romantic content,3,Age-appropriateness concerns
LGBTQ Rights and the Law,Age-appropriateness concerns; LGBTQ+ identity & sexuality,2,Age-appropriateness concerns
LGBTQ Service in the Armed Forces,Age-appropriateness concerns; LGBTQ+ identity & sexuality; Violence & mature themes,3,Age-appropriateness concerns
LGBTQ Social Movements in America,Age-appropriateness concerns; LGBTQ+ identity & sexuality,2,Age-appropriateness concerns
LGBTQ+ History Book,,0,Uncategorized
LGBTQ+ Icons: A Celebration of Historical LGBTQ+ Icons in the Arts,,0,Uncategorized
LGBTQ+ Rights,Age-appropriateness concerns; LGBTQ+ identity & sexuality; Sexual or romantic content,3,Age-appropriateness concerns
Light from Uncommon Stars,LGBTQ+ identity & sexuality,1,LGBTQ+ identity & sexuality
Linus and Etta Could Use a Win,Age-appropriateness concerns; LGBTQ+ identity & sexuality,2,Age-appropriateness concerns
Living with Gender Dysphoria,LGBTQ+ identity & sexuality,1,LGBTQ+ identity & sexuality
Lofladoros. Un plan terrible (Lumberjanes: A Terrible Plan Spanish Edition),,0,Uncategorized
Long Time Coming: Reckoning with Race in America,Race & systemic inequality; Violence & mature themes,2,Race & systemic inequality
Looking at Privilege and Power,,0,Uncategorized
Looking For Group,,0,Uncategorized
Love & Other Curses,Age-appropriateness concerns; LGBTQ+ identity & sexuality,2,Age-appropriateness concerns
Love is Love,Age-appropriateness concerns; LGBTQ+ identity & sexuality; Sexual or romantic content,3,Age-appropriateness concerns
Love Is Love: An Important LGBTQ Pride Book for Kids About Gay Parents and Diverse Families,Age-appropriateness concerns; LGBTQ+ identity & sexuality; Mental health & trauma,3,Age-appropriateness concerns
"Love Me For Who I Am, Vol. 2",LGBTQ+ identity & sexuality,1,LGBTQ+ identity & sexuality
Lumberjanes: A Bird's Eye View,Age-appropriateness concerns,1,Age-appropriateness concerns
Lumberjanes: A Terrible Plan,Age-appropriateness concerns,1,Age-appropriateness concerns
Lumberjanes: Bonus Tracks,,0,Uncategorized
Lumberjanes: Out of Time,Age-appropriateness concerns,1,Age-appropriateness concerns
Lumberjanes: Parents' Day,Age-appropriateness concerns,1,Age-appropriateness concerns
Lumberjanes: Stone Cold,Age-appropriateness concerns,1,Age-appropriateness concerns
Lunar Boy,Age-appropriateness concerns,1,Age-appropriateness concerns
M is for Monster,Age-appropriateness concerns; LGBTQ+ identity & sexuality,2,Age-appropriateness concerns
"Magical Boy (Series, Title Not Specifed)",Age-appropriateness concerns; LGBTQ+ identity & sexuality,2,Age-appropriateness concerns
"Magical Boy, Vol 1",Age-appropriateness concerns; LGBTQ+ identity & sexuality,2,Age-appropriateness concerns
Male Privilege,,0,Uncategorized
Marley's Pride,Age-appropriateness concerns,1,Age-appropriateness concerns
Masculinity in the Twenty-First Century,,0,Uncategorized
Modern HERstory: Stories of Women and Nonbinary People Rewriting History,LGBTQ+ identity & sexuality; Race & systemic inequality,2,LGBTQ+ identity & sexuality
Molly's Tuxedo,Age-appropriateness concerns; LGBTQ+ identity & sexuality,2,Age-appropriateness concerns
Mooncakes,Age-appropriateness concerns,1,Age-appropriateness concerns
Most Ardently: A Pride & Prejudice Remix,Age-appropriateness concerns; LGBTQ+ identity & sexuality,2,Age-appropriateness concerns
My Dad Thinks I'm a Boy?!: A Trans Positive Children's Book,Age-appropriateness concerns; LGBTQ+ identity & sexuality,2,Age-appropriateness concerns
My Own Way: Celebrating Gender Freedom for Kids,Age-appropriateness concerns; LGBTQ+ identity & sexuality,2,Age-appropriateness concerns
My Shadow is Pink,Age-appropriateness concerns,1,Age-appropriateness concerns
"Navigating Intersectionality: How Race, Class, and Gender Overlap",,0,Uncategorized
Nick and Charlie: A Heartstopper Novella,Age-appropriateness concerns,1,Age-appropriateness concerns
No One Left But You,Age-appropriateness concerns; LGBTQ+ identity & sexuality; Mental health & trauma; Violence & mature themes,4,Age-appropriateness concerns
"Not He or She, I'm Me",Age-appropriateness concerns; LGBTQ+ identity & sexuality,2,Age-appropriateness concerns
Nothing Ever Happens Here,Age-appropriateness concerns; LGBTQ+ identity & sexuality,2,Age-appropriateness concerns
"Okay, Cupid",Age-appropriateness concerns,1,Age-appropriateness concerns
OMG Queer: Short Stories by Queer Youth,,0,Uncategorized
On a Roll,Age-appropriateness concerns,1,Age-appropriateness concerns
One True Wish,Age-appropriateness concerns,1,Age-appropriateness concerns
Orlando: A Biography,LGBTQ+ identity & sexuality; Sexual or romantic content,2,LGBTQ+ identity & sexuality
Other Boy,Age-appropriateness concerns,1,Age-appropriateness concerns
"Other, Please Specify: Queer Methods in Sociology",,0,Uncategorized
Otherworldly,Age-appropriateness concerns,1,Age-appropriateness concerns
Out of Blue Comes Green,Age-appropriateness concerns; LGBTQ+ identity & sexuality; Mental health & trauma; Violence & mature themes,4,Age-appropriateness concerns
Out!: How to Be Your Authentic Self,LGBTQ+ identity & sexuality,1,LGBTQ+ identity & sexuality
Pageboy,LGBTQ+ identity & sexuality; Mental health & trauma; Sexual or romantic content,3,LGBTQ+ identity & sexuality
Payden's Pronoun Party,Age-appropriateness concerns; LGBTQ+ identity & sexuality,2,Age-appropriateness concerns
People of Pride: 25 Great LGBTO Americans,Age-appropriateness concerns; LGBTQ+ identity & sexuality,2,Age-appropriateness concerns
Phoenix Gets Greater,Age-appropriateness concerns,1,Age-appropriateness concerns
"Pink, Blue, and You! Questions for Kids about Gender Stereotypes",Age-appropriateness concerns; LGBTQ+ identity & sexuality,2,Age-appropriateness concerns
Prejudice: A Young Activist's Guide,Age-appropriateness concerns,1,Age-appropriateness concerns
Pride: An Inspirational History of the LGBTQ+ Community,Age-appropriateness concerns; LGBTQ+ identity & sexuality,2,Age-appropriateness concerns
Pride: Celebrating Diversity and Community,Age-appropriateness concerns; LGBTQ+ identity & sexuality,2,Age-appropriateness concerns
Pride: The Celebration and the Struggle,Age-appropriateness concerns; LGBTQ+ identity & sexuality,2,Age-appropriateness concerns
Privilege in America,,0,Uncategorized
Queer As All Get Out: 10 People Who've Inspired Me,LGBTQ+ identity & sexuality,1,LGBTQ+ identity & sexuality
Queer Heroes: Meet 53 LGBTQ Heroes from Past and Present,Age-appropriateness concerns; LGBTQ+ identity & sexuality,2,Age-appropriateness concerns
Queerfully and Wonderfully Made: A Guide for LGBTQ+ Christian Teens,LGBTQ+ identity & sexuality; Mental health & trauma; Religion & worldview; Sexual or romantic content,4,LGBTQ+ identity & sexuality
Quiver,Age-appropriateness concerns,1,Age-appropriateness concerns
Rabbit Chase,Age-appropriateness concerns; LGBTQ+ identity & sexuality; Mental health & trauma; Race & systemic inequality,4,Age-appropriateness concerns
Rachel Levine,Age-appropriateness concerns; LGBTQ+ identity & sexuality,2,Age-appropriateness concerns
Racial Bias: Is Change Possible?,,0,Uncategorized
Racial Discrimination,Age-appropriateness concerns,1,Age-appropriateness concerns
Racial Justice,Age-appropriateness concerns; Race & systemic inequality,2,Age-appropriateness concerns
Racial Justice in America: Topics for Change,Age-appropriateness concerns; Race & systemic inequality,2,Age-appropriateness concerns
Racial Profiling: Everyday Inequality,Race & systemic inequality,1,Race & systemic inequality
Racism in America: A Long History of Hate,Age-appropriateness concerns; Race & systemic inequality,2,Age-appropriateness concerns
Racism Without Racists: Color-Blind Racism and the Persistence of Racial Inequality in America,Race & systemic inequality; Violence & mature themes,2,Race & systemic inequality
Rainbow Village: A Story to Help Children Celebrate Diversity,Age-appropriateness concerns,1,Age-appropriateness concerns
"Raising the Transgender Child: A Complete Guide for Parents, Families and Caregivers",LGBTQ+ identity & sexuality,1,LGBTQ+ identity & sexuality
Real Queer America: LGBT Stories from Red States,LGBTQ+ identity & sexuality,1,LGBTQ+ identity & sexuality
Respecting diversity,Age-appropriateness concerns,1,Age-appropriateness concerns
Riley Reynolds Crushes Costume Day,Age-appropriateness concerns; LGBTQ+ identity & sexuality,2,Age-appropriateness concerns
Rise Up! How You Can Join the Fight Against White Supremacy,Race & systemic inequality,1,Race & systemic inequality
RuPaul,Age-appropriateness concerns,1,Age-appropriateness concerns
Safe is Not Enough: Better Schools for LGBTQ Students,LGBTQ+ identity & sexuality,1,LGBTQ+ identity & sexuality
Saint Juniper's Folly,Age-appropriateness concerns; LGBTQ+ identity & sexuality,2,Age-appropriateness concerns
Salt the Water,,0,Uncategorized
"Say the Right Thing: How to Talk About Identity, Diversity, and Justice",LGBTQ+ identity & sexuality,1,LGBTQ+ identity & sexuality
Sexuality and Gender Identity,Sexual or romantic content,1,Sexual or romantic content
She He They Them: Understanding Gender Identity,Age-appropriateness concerns; LGBTQ+ identity & sexuality,2,Age-appropriateness concerns
She's My Dad!: A Story for Children Who Have a Transgender Parent or Relative,Age-appropriateness concerns; LGBTQ+ identity & sexuality,2,Age-appropriateness concerns
Should Parents Be Allowed to Choose the Sex of their Children,Sexual or romantic content,1,Sexual or romantic content
Sink or Swim,Age-appropriateness concerns; LGBTQ+ identity & sexuality; Mental health & trauma,3,Age-appropriateness concerns
Sink or Swim (SW),Age-appropriateness concerns; LGBTQ+ identity & sexuality; Mental health & trauma,3,Age-appropriateness concerns
Sir Callie and the Champions of Helston,,0,Uncategorized
Sir Callie and the Dragon's Roost,,0,Uncategorized
Sissy: A Coming of Gender Story,LGBTQ+ identity & sexuality; Mental health & trauma,2,LGBTQ+ identity & sexuality
Skate for Your Life,LGBTQ+ identity & sexuality; Sexual or romantic content,2,LGBTQ+ identity & sexuality
Skating on Mars,Age-appropriateness concerns; LGBTQ+ identity & sexuality,2,Age-appropriateness concerns
"Smashing the Stereotypes: What Does It Mean To Be Gay, Lesbian, Bisexual, or Transgender?",Age-appropriateness concerns; LGBTQ+ identity & sexuality,2,Age-appropriateness concerns
Some Girls Bind,Age-appropriateness concerns,1,Age-appropriateness concerns
Sovereign,Violence & mature themes,1,Violence & mature themes
Speaking Out: Queer Youth in Focus,LGBTQ+ identity & sexuality; Sexual or romantic content,2,LGBTQ+ identity & sexuality
Spin with Me,Age-appropriateness concerns; LGBTQ+ identity & sexuality,2,Age-appropriateness concerns
Stamped From the Beginning: A Graphic History of Racist Ideas in America,Race & systemic inequality,1,Race & systemic inequality
Stand Up and Speak Out Against Racism,Age-appropriateness concerns; Race & systemic inequality,2,Age-appropriateness concerns
Stars in their Eyes,Age-appropriateness concerns,1,Age-appropriateness concerns
"Stay up: racism, resistance, and reclaiming Black freedom",Race & systemic inequality,1,Race & systemic inequality
Super Late Bloomer: My Early Days In Transition,,0,Uncategorized
Sylvia and Marsha Start a Revolution!: The Story of the Trans Women of Color Who Made LGBTQ+ History,Age-appropriateness concerns; LGBTQ+ identity & sexuality,2,Age-appropriateness concerns
Taking Sides: Clashing Views in Gender,,0,Uncategorized
Teens & LGBT Issues,Age-appropriateness concerns; LGBTQ+ identity & sexuality,2,Age-appropriateness concerns
"Tell Me Who You Are: Sharing Our Stories of Race, Culture, and Identity",,0,Uncategorized
The Antiracism Handbook: Practical Tools to Shift Your Mindset and Uproot Racism in Your Life and Community,Race & systemic inequality,1,Race & systemic inequality
"The Antiracist Kid: A Book About Identity, Justice, and Activism",Age-appropriateness concerns; Race & systemic inequality,2,Age-appropriateness concerns
The Antiracist Kitchen: 21 Stories (And Recipes),,0,Uncategorized
The Beautiful Something Else,Age-appropriateness concerns; LGBTQ+ identity & sexuality,2,Age-appropriateness concerns
The Best Liars in Riverview,Age-appropriateness concerns; Mental health & trauma,2,Age-appropriateness concerns
The Book of Radical Answers: Real Questions from Real Kids Just Like You,Age-appropriateness concerns; Sexual or romantic content,2,Age-appropriateness concerns
The Broken Halo,Age-appropriateness concerns; LGBTQ+ identity & sexuality; Violence & mature themes,3,Age-appropriateness concerns
The Day Changes Everything,LGBTQ+ identity & sexuality,1,LGBTQ+ identity & sexuality
The Deep Dark,Age-appropriateness concerns; Violence & mature themes,2,Age-appropriateness concerns
The Diablo's Curse,Age-appropriateness concerns; Violence & mature themes,2,Age-appropriateness concerns
The Divide: American Injustice in the Age of the Wealth Gap,Race & systemic inequality,1,Race & systemic inequality
The Divine Order,Age-appropriateness concerns; LGBTQ+ identity & sexuality,2,Age-appropriateness concerns
The Dog Knight,Age-appropriateness concerns; LGBTQ+ identity & sexuality; Mental health & trauma,3,Age-appropriateness concerns
"The Every Body Book: The LGBTQ+ Inclusive Guide for Kids about Sex, Gender, Bodies and Families",Age-appropriateness concerns; LGBTQ+ identity & sexuality; Sexual or romantic content,3,Age-appropriateness concerns
The Fight for LGBTQ+ Rights,LGBTQ+ identity & sexuality; Race & systemic inequality,2,LGBTQ+ identity & sexuality
"The Full Spectrum: A New Generation of Writing About Gay, Lesbian, Bisexual, Transgender, Questioning, and Other Identities",LGBTQ+ identity & sexuality,1,LGBTQ+ identity & sexuality
The Gender Binary is a Big Lie: Infinite Identities Around the World,LGBTQ+ identity & sexuality,1,LGBTQ+ identity & sexuality
The Gender Identity Workbook for Kids: A Guide to Exploring Who You Are,Age-appropriateness concerns; LGBTQ+ identity & sexuality,2,Age-appropriateness concerns
The greatest superpower,Age-appropriateness concerns,1,Age-appropriateness concerns
The Heartstopper Yearbook,Age-appropriateness concerns,1,Age-appropriateness concerns
The Kilroy's List: 97 Monologues and Scenes by Female and Trans Playwrights,LGBTQ+ identity & sexuality,1,LGBTQ+ identity & sexuality
The LGBT Rights Movement,LGBTQ+ identity & sexuality,1,LGBTQ+ identity & sexuality
"The Madness of Crowds: Gender, Race and Identity",LGBTQ+ identity & sexuality; Race & systemic inequality,2,LGBTQ+ identity & sexuality
The Many Half-Lived Lives of Sam Sylvester,Age-appropriateness concerns; LGBTQ+ identity & sexuality; Mental health & trauma; Violence & mature themes,4,Age-appropriateness concerns
The One True Me and You,Age-appropriateness concerns; LGBTQ+ identity & sexuality; Mental health & trauma,3,Age-appropriateness concerns
The One Who Loves You the Most,Age-appropriateness concerns; LGBTQ+ identity & sexuality; Mental health & trauma,3,Age-appropriateness concerns
The Otherwoods,Age-appropriateness concerns,1,Age-appropriateness concerns
The Queer Girl is Going to Be Okay,Age-appropriateness concerns; LGBTQ+ identity & sexuality,2,Age-appropriateness concerns
The Racial Justice Movement,,0,Uncategorized
The Ribbon Skirt,Age-appropriateness concerns; LGBTQ+ identity & sexuality; Race & systemic inequality,3,Age-appropriateness concerns
The Science of Identity,,0,Uncategorized
The Sociology Book: Big Ideas Simply Explained,LGBTQ+ identity & sexuality,1,LGBTQ+ identity & sexuality
The Spirit Bares its Teeth,Age-appropriateness concerns; LGBTQ+ identity & sexuality; Violence & mature themes,3,Age-appropriateness concerns
The Stonewall Riots: Making a Stand for LGBTQ Rights,Age-appropriateness concerns; LGBTQ+ identity & sexuality,2,Age-appropriateness concerns
The Stonewall Riots: The Fight for LGBT Rights,Age-appropriateness concerns; LGBTQ+ identity & sexuality,2,Age-appropriateness concerns
The Sum of Us: How Racism Hurts Everyone (Adapted for young readers),Age-appropriateness concerns; Race & systemic inequality,2,Age-appropriateness concerns
The Sunbearer Trials,Age-appropriateness concerns; LGBTQ+ identity & sexuality,2,Age-appropriateness concerns
The Talk (AW),Sexual or romantic content; Violence & mature themes,2,Sexual or romantic content
The Talk (DB),Sexual or romantic content; Violence & mature themes,2,Sexual or romantic content
The Third Person,LGBTQ+ identity & sexuality; Mental health & trauma,2,LGBTQ+ identity & sexuality
The Transgender Child: Revised & Updated Edition: A Handbook for Parents and Professionals Supporting Transgender and Non-binary Children,LGBTQ+ identity & sexuality,1,LGBTQ+ identity & sexuality
The Transgender Teen: A Handbook for Parents and Professionals Supporting Transgender and Non-binary Teens,LGBTQ+ identity & sexuality,1,LGBTQ+ identity & sexuality
The Truth About White Lies,Age-appropriateness concerns; Violence & mature themes,2,Age-appropriateness concerns
The Watcher's Test,Age-appropriateness concerns; LGBTQ+ identity & sexuality; Violence & mature themes,3,Age-appropriateness concerns
The Wicked Bargain,Age-appropriateness concerns; LGBTQ+ identity & sexuality,2,Age-appropriateness concerns
The Witch King,Age-appropriateness concerns; LGBTQ+ identity & sexuality,2,Age-appropriateness concerns
This Is How It Always Is,LGBTQ+ identity & sexuality,1,LGBTQ+ identity & sexuality
"This is Our Rainbow: 16 Stories of Her, Him, Them, and Us",Age-appropriateness concerns; LGBTQ+ identity & sexuality; Race & systemic inequality,3,Age-appropriateness concerns
This is Your Brain on Stereotypes: How Science is Tackling Unconscious Bias,Age-appropriateness concerns,1,Age-appropriateness concerns
This Winter - A Heartstopper Novella,Age-appropriateness concerns,1,Age-appropriateness concerns
"Throw Like a Girl, Cheer Like A Boy: The Evolution of Gender, Identity, and Race in Sports",LGBTQ+ identity & sexuality; Race & systemic inequality,2,LGBTQ+ identity & sexuality
Time After Crime,,0,Uncategorized
Transgender 101: A Simple Guide to a Complex Issue,LGBTQ+ identity & sexuality; Sexual or romantic content,2,LGBTQ+ identity & sexuality
Transgender Role Models and Pioneers,Age-appropriateness concerns; LGBTQ+ identity & sexuality,2,Age-appropriateness concerns
Transmogrify! 14 Fantastical Tales of Trans Magic,Age-appropriateness concerns; LGBTQ+ identity & sexuality,2,Age-appropriateness concerns
"Transparent: Love, Family, and Living with T with Transgender Teenagers",Age-appropriateness concerns,1,Age-appropriateness concerns
Transphobia: Deal with It and Be A Gender Transcender,Age-appropriateness concerns; LGBTQ+ identity & sexuality,2,Age-appropriateness concerns
True You: A Gender Joumey,,0,Uncategorized
Twas the Night Before Pride,Age-appropriateness concerns; LGBTQ+ identity & sexuality,2,Age-appropriateness concerns
Uncomfortable Conversations with a Black Man,Age-appropriateness concerns; Race & systemic inequality,2,Age-appropriateness concerns
Under the Skin: The Hidden Toll of Racism on American Lives and on the Health of Our Nation,Race & systemic inequality,1,Race & systemic inequality
Understanding Gender Dysphoria,LGBTQ+ identity & sexuality,1,LGBTQ+ identity & sexuality
Upstaged,Age-appropriateness concerns,1,Age-appropriateness concerns
Venom & Vow,Age-appropriateness concerns; LGBTQ+ identity & sexuality,2,Age-appropriateness concerns
Victories Greater Than Death,Age-appropriateness concerns; LGBTQ+ identity & sexuality,2,Age-appropriateness concerns
"Wandering Son, Vol. 1",LGBTQ+ identity & sexuality; Sexual or romantic content,2,LGBTQ+ identity & sexuality
"Wandering Son, Vol. 2",LGBTQ+ identity & sexuality; Sexual or romantic content,2,LGBTQ+ identity & sexuality
"Wandering Son, Vol. 4",LGBTQ+ identity & sexuality,1,LGBTQ+ identity & sexuality
"Wandering Son, Vol. 5",LGBTQ+ identity & sexuality; Sexual or romantic content,2,LGBTQ+ identity & sexuality
"Wandering Son, Vol. 6",LGBTQ+ identity & sexuality; Sexual or romantic content,2,LGBTQ+ identity & sexuality
"Wandering Son, Vol. 7",LGBTQ+ identity & sexuality; Sexual or romantic content,2,LGBTQ+ identity & sexuality
Wangjawa Deuleseumeikeo (The Prince and the Dressmaker Korean Edition),,0,Uncategorized
We Are Here: Visionaries of Color Transforming the Art World,LGBTQ+ identity & sexuality; Sexual or romantic content,2,LGBTQ+ identity & sexuality
We Are Mayhem,Age-appropriateness concerns,1,Age-appropriateness concerns
We Are Not Yet Equal: Understanding Our Racial Divide,Race & systemic inequality; Violence & mature themes,2,Race & systemic inequality
What Are Your Words: A Book About Pronouns,LGBTQ+ identity & sexuality,1,LGBTQ+ identity & sexuality
"What Causes Sexual Orientation?: Genetics, Biology, Psychology",Age-appropriateness concerns; LGBTQ+ identity & sexuality; Race & systemic inequality; Sexual or romantic content,4,Age-appropriateness concerns
What Does it Mean to Defund the Police,Age-appropriateness concerns,1,Age-appropriateness concerns
What is Anti-Racism,Age-appropriateness concerns; Race & systemic inequality,2,Age-appropriateness concerns
What Is Black Lives Matter?,Age-appropriateness concerns; Race & systemic inequality; Violence & mature themes,3,Age-appropriateness concerns
What is the Black Lives Matter Movement?,Age-appropriateness concerns; Race & systemic inequality,2,Age-appropriateness concerns
What Is White Privilege?,Age-appropriateness concerns; Race & systemic inequality,2,Age-appropriateness concerns
What Makes You Beautiful,Age-appropriateness concerns; LGBTQ+ identity & sexuality,2,Age-appropriateness concerns
What We See: Women and Nonbinary Perspectives Through the Lens,,0,Uncategorized
What's diversity?,Age-appropriateness concerns,1,Age-appropriateness concerns
What's Your Name?,Age-appropriateness concerns,1,Age-appropriateness concerns
What's Your Pronoun? Beyond He and She,LGBTQ+ identity & sexuality,1,LGBTQ+ identity & sexuality
When a Bully Is President: Truth and Creativity for Oppressive Times,Age-appropriateness concerns; Mental health & trauma,2,Age-appropriateness concerns
When They Call You a Terrorist: A Black Lives Matter Memoir,Race & systemic inequality,1,Race & systemic inequality
When Women Stood: The Untold History of Females Who Changed Sports and the World,LGBTQ+ identity & sexuality; Mental health & trauma; Violence & mature themes,3,LGBTQ+ identity & sexuality
White Privilege,,0,Uncategorized
White Privilege Unmarked,Race & systemic inequality,1,Race & systemic inequality
Who Are You? The Kid's Guide to Gender Identity,,0,Uncategorized
Whv I’m No Longer Talking to While People About Race,,0,Uncategorized
With Honor and Integrity: Transgender Troops in Their Own Words,,0,Uncategorized
"You Be You!: A Kid's Guide to Gender, Sexuality, and Family",Age-appropriateness concerns; LGBTQ+ identity & sexuality; Sexual or romantic content,3,Age-appropriateness concerns
You Call This Democracy?: How to Fix Our Government and Deliver Power to the People,Age-appropriateness concerns,1,Age-appropriateness concerns
You Can Tell Just By Looking: And 20 Other Myths About LGBT Life and People,LGBTQ+ identity & sexuality,1,LGBTQ+ identity & sexuality
You-ology: A Puberty Guide for Every Body,Age-appropriateness concerns; Sexual or romantic content,2,Age-appropriateness concerns
Zoom in on Equality,Age-appropriateness concerns,1,Age-appropriateness concerns
Frequently Asked Questions About Dating: Teen Life,Age-appropriateness concerns,1,Age-appropriateness concerns
Gay America: Struggle for Equality,LGBTQ+ identity & sexuality,1,LGBTQ+ identity & sexuality
"Gay Power! The Stonewall Riots and the Gay Rights Movememnt, 1969",Age-appropriateness concerns; LGBTQ+ identity & sexuality,2,Age-appropriateness concerns
Homosexuality,LGBTQ+ identity & sexuality; Sexual or romantic content,2,LGBTQ+ identity & sexuality
How Can Teen Pregnancy Be Reduced,,0,Uncategorized
How is Online Pornography Affecting Society,,0,Uncategorized
Human Trafficking (KCD),Race & systemic inequality; Sexual or romantic content,2,Race & systemic inequality
Interracial Relationships,Race & systemic inequality,1,Race & systemic inequality
Is It A Choice? Answers to the Most Frequently Asked Questions About Gay and Lesbian People,LGBTQ+ identity & sexuality,1,LGBTQ+ identity & sexuality
Is It Still Cheating If I Don't Get Caught?,Age-appropriateness concerns,1,Age-appropriateness concerns
Mixed Messages: Interpreting Body Image and Social Norms,Age-appropriateness concerns; Sexual or romantic content; Violence & mature themes,3,Age-appropriateness concerns
Sexting,Sexual or romantic content,1,Sexual or romantic content
Side by Side: On Having a Gay or Lesbian Sibling,LGBTQ+ identity & sexuality,1,LGBTQ+ identity & sexuality
What If Someone I Know is Gay? Answers to Questions About What It Means to be Gay and Lesbian?,Age-appropriateness concerns; LGBTQ+ identity & sexuality; Sexual or romantic content,3,Age-appropriateness concerns
"Berserk (Series, Title Not Specified)",,0,Uncategorized
"Cantarella, Vol. 1",,0,Uncategorized
"Cantarella, Vol. 2",,0,Uncategorized
"Cantarella, Vol. 3",Violence & mature themes,1,Violence & mature themes
"Cantarella, Vol. 4",,0,Uncategorized
"Cantarella, Vol. 5",,0,Uncategorized
"Cantarella, Vol. 6",,0,Uncategorized
"Cantarella, Vol. 7",,0,Uncategorized
"Cantarella, Vol. 8",,0,Uncategorized
"Cantarella, Vol. 9",Violence & mature themes,1,Violence & mature themes
"Fairy Tail (Series, Title Not Specified)",,0,Uncategorized
Ghost Houses,Age-appropriateness concerns; Violence & mature themes,2,Age-appropriateness concerns
"Hero Heel (Series, Title Not Specified)",,0,Uncategorized
"Soul Eater, Vol. 11",,0,Uncategorized
"Soul Eater, Vol. 14",,0,Uncategorized
"Soul Eater, Vol. 15",,0,Uncategorized
"Soul Eater, Vol. 16",,0,Uncategorized
"The Sandman (Series, Title Not Specified)",,0,Uncategorized
We Survived the Holocaust: The Bluma and Felix Goldberg Story,,0,Uncategorized
A Light in the Attic,Age-appropriateness concerns,1,Age-appropriateness concerns
"Attack on Titan, Vol 2",,0,Uncategorized
"Blood Lad, Vol. 1",Violence & mature themes,1,Violence & mature themes
Chopsticks,,0,Uncategorized
Dr. Xargle's Book of Earthlets,Age-appropriateness concerns,1,Age-appropriateness concerns
"Dragon Ball, Vol. 1",,0,Uncategorized
"Dragon Ball, Vol. 2",,0,Uncategorized
"Dragon Ball, Vol. 3",,0,Uncategorized
Draw Me A Star,Age-appropriateness concerns,1,Age-appropriateness concerns
Girls on the Verge,Age-appropriateness concerns; Violence & mature themes,2,Age-appropriateness concerns
In A Glass Grimmly,Age-appropriateness concerns,1,Age-appropriateness concerns
In The Night Kitchen,Age-appropriateness concerns,1,Age-appropriateness concerns
InuYasha Vol. 1,,0,Uncategorized
Locke and Key Vol. 1: Welcomeome To Lovecraft,Violence & mature themes,1,Violence & mature themes
"Locke and Key, Vol. 5: Clockworks",,0,Uncategorized
"Locke and Key, Vol. 6: Alpha and Omega",,0,Uncategorized
Mammal,Age-appropriateness concerns,1,Age-appropriateness concerns
Miss Peregrine’s Home for Peculiar Children: The Graphic Novel,Age-appropriateness concerns; Violence & mature themes,2,Age-appropriateness concerns
Olympians: Artemis - Wild Goddess of the Hunt,Age-appropriateness concerns,1,Age-appropriateness concerns
Solo Leveling Vol. 1,Violence & mature themes,1,Violence & mature themes
The Merciless,Age-appropriateness concerns; Violence & mature themes,2,Age-appropriateness concerns
There's Going To Be A Baby,Age-appropriateness concerns,1,Age-appropriateness concerns
This is Why They Hate Us,Age-appropriateness concerns,1,Age-appropriateness concerns
You: The Owner's Manual for Teens: A Guide to a Healthy Body and Happy Life,Sexual or romantic content,1,Sexual or romantic content
21st-Century Science Medicine,,0,Uncategorized
A Hero's Guide to Warriors,,0,Uncategorized
A Man Named Dave: A Story of Triumph and Forgiveness,Violence & mature themes,1,Violence & mature themes
A Moment Comes,Age-appropriateness concerns; Violence & mature themes,2,Age-appropriateness concerns
A Soaring Spirit: Timeframe 600-400 BC,,0,Uncategorized
"Abortion (Title, no author)",,0,Uncategorized
Abortion: Violence & Extremism,Age-appropriateness concerns; Violence & mature themes,2,Age-appropriateness concerns
Africa,Age-appropriateness concerns,1,Age-appropriateness concerns
Aftermath and Remembrance,Violence & mature themes,1,Violence & mature themes
Age of God-Kings: Timeframe 3000-1500 BC,,0,Uncategorized
Alcohol: The Real Story,,0,Uncategorized
Alexander and His Times,Age-appropriateness concerns,1,Age-appropriateness concerns
Alice the Fairy,Age-appropriateness concerns,1,Age-appropriateness concerns
Alien Abductions,Age-appropriateness concerns,1,Age-appropriateness concerns
Amber & Dusk,Age-appropriateness concerns,1,Age-appropriateness concerns
America's Children,Age-appropriateness concerns; Mental health & trauma,2,Age-appropriateness concerns
Amy,Age-appropriateness concerns,1,Age-appropriateness concerns
An Album of the Vietnam War,Violence & mature themes,1,Violence & mature themes
Ancient Egypt (AG),Age-appropriateness concerns,1,Age-appropriateness concerns
Ancient Greece (AP),Age-appropriateness concerns,1,Age-appropriateness concerns
Ancient Rome (DK),Age-appropriateness concerns,1,Age-appropriateness concerns
Angels,Violence & mature themes,1,Violence & mature themes
Anicent Incas,,0,Uncategorized
Art and Culture of the Medieval World,Age-appropriateness concerns,1,Age-appropriateness concerns
Art and Culture of the Renaissance World,Age-appropriateness concerns,1,Age-appropriateness concerns
Art of the Ancient Mediterranean World,,0,Uncategorized
"Auschwitz, Bergen-Belsan, Treblinka: The Holocaust Camps",Age-appropriateness concerns; Race & systemic inequality; Violence & mature themes,3,Age-appropriateness concerns
Autumn's Kiss,Age-appropriateness concerns,1,Age-appropriateness concerns
Autumn's Wish,Age-appropriateness concerns,1,Age-appropriateness concerns
Aztec Inca & Maya,,0,Uncategorized
"Bioethics: Sex, Genetics & Human Reproduction",Sexual or romantic content,1,Sexual or romantic content
Bites and Bones Flip Book: Scary Stories to Sink Your Teeth Into,Age-appropriateness concerns,1,Age-appropriateness concerns
Born Confused,,0,Uncategorized
"Boruto: Naruto Next Generations (Series, Title Not Specified)",,0,Uncategorized
Bound,Sexual or romantic content,1,Sexual or romantic content
"Boy v. Girl?: How Gender Shapes Who We Are, What We Want, and How We Get Along",,0,Uncategorized
Brewster,,0,Uncategorized
Busted,Age-appropriateness concerns,1,Age-appropriateness concerns
Caesar and Rome,,0,Uncategorized
"Calvin and Hobbes (Series, Title Not Specified)",Age-appropriateness concerns,1,Age-appropriateness concerns
Carve the Mark,Age-appropriateness concerns; Sexual or romantic content; Violence & mature themes,3,Age-appropriateness concerns
Carved in Stone: Clues About Cultures,Age-appropriateness concerns,1,Age-appropriateness concerns
Case Histories,Violence & mature themes,1,Violence & mature themes
Cerberus,,0,Uncategorized
Charcoal & Pastels,,0,Uncategorized
Cherokee Rose,Age-appropriateness concerns,1,Age-appropriateness concerns
"Chicken Noodle Soup for the Teenage Soul: The Real Deal Challenges, Stories about Disses, Losses, Messes, Stresses & More",,0,Uncategorized
"Chicken Soup for the Preteen Soul: Stories of Changes, Choices and Growing Up for Kids Ages 9-13",Age-appropriateness concerns; Sexual or romantic content; Violence & mature themes,3,Age-appropriateness concerns
"Chicken Soup for the Teenage Soul II: More Stories of Life, Love and Learning",,0,Uncategorized
Child Abuse (WD),Mental health & trauma,1,Mental health & trauma
"Child Sexual Abuse in the Catholic Church (Title only, no further information)",,0,Uncategorized
"Children of Violence in America (Title only, no further information)",,0,Uncategorized
Choices: Making Right Decisions in a Complex World,,0,Uncategorized
Christianity,Age-appropriateness concerns; Religion & worldview,2,Age-appropriateness concerns
Civil War,,0,Uncategorized
Claywork: Form and Idea in Ceramic Design,,0,Uncategorized
Cocaine,Age-appropriateness concerns; Mental health & trauma,2,Age-appropriateness concerns
Columbine,Violence & mature themes,1,Violence & mature themes
Columbine High School Shooting: Student Violence,Age-appropriateness concerns; Violence & mature themes,2,Age-appropriateness concerns
Coping With a Drug Abusing Parent,Age-appropriateness concerns; Mental health & trauma,2,Age-appropriateness concerns
Coping with Weapons and Violence in School and on Your Streets,Age-appropriateness concerns; Violence & mature themes,2,Age-appropriateness concerns
Costume,Age-appropriateness concerns,1,Age-appropriateness concerns
Crimes Against Children: Child Abuse and Neglect,Age-appropriateness concerns; Mental health & trauma,2,Age-appropriateness concerns
Crimes and Criminals of the Holocaust,Age-appropriateness concerns; Race & systemic inequality; Violence & mature themes,3,Age-appropriateness concerns
"Crimes of Gender: Violence Against Women (Title only, no further information)",,0,Uncategorized
Crisis in Black and White,,0,Uncategorized
Crossed,Age-appropriateness concerns; Sexual or romantic content; Violence & mature themes,3,Age-appropriateness concerns
Cryptid Hunters,Age-appropriateness concerns,1,Age-appropriateness concerns
Cyclops,Age-appropriateness concerns,1,Age-appropriateness concerns
D'Aulaires Book of Greek Myths,,0,Uncategorized
Dali,,0,Uncategorized
Darfur: African Genocide,Violence & mature themes,1,Violence & mature themes
Date Abuse,Age-appropriateness concerns; Mental health & trauma; Violence & mature themes,3,Age-appropriateness concerns
Date Violence,Age-appropriateness concerns; Mental health & trauma,2,Age-appropriateness concerns
David & Della,,0,Uncategorized
Deadly School and Campus Violence,Violence & mature themes,1,Violence & mature themes
Desert Angel,Violence & mature themes,1,Violence & mature themes
Do You Dream of Terr-Two?,,0,Uncategorized
Doctor Assisted Suicide and the Euthanasia Movement,Age-appropriateness concerns; Mental health & trauma,2,Age-appropriateness concerns
"Dog Tags (Series, Title Not Specified)",Age-appropriateness concerns; Violence & mature themes,2,Age-appropriateness concerns
"Drinking, Driving and Drugs",,0,Uncategorized
Drug Use & the Family,Mental health & trauma,1,Mental health & trauma
Drug Use on Your Streets,Age-appropriateness concerns; Mental health & trauma,2,Age-appropriateness concerns
Drugs and Crime,,0,Uncategorized
Drugs and Sports,Age-appropriateness concerns; Mental health & trauma,2,Age-appropriateness concerns
Drugs and the Family,Age-appropriateness concerns; Mental health & trauma; Violence & mature themes,3,Age-appropriateness concerns
Drugs and Your Parents,Age-appropriateness concerns,1,Age-appropriateness concerns
Early Humans: Discover How the World's First People Lived,Age-appropriateness concerns,1,Age-appropriateness concerns
Economy and Industry in Ancient Greece,,0,Uncategorized
Economy and Industry in Ancient Rome,,0,Uncategorized
Edge,Age-appropriateness concerns; Violence & mature themes,2,Age-appropriateness concerns
Empires Ascendant: Timeframe 400 BC-AD 200,,0,Uncategorized
European Art Since 1850,,0,Uncategorized
European Art to 1850,,0,Uncategorized
Euthanasia,Age-appropriateness concerns; Mental health & trauma; Violence & mature themes,3,Age-appropriateness concerns
Everything You Need to Know About Going to the Gynecologist,Sexual or romantic content,1,Sexual or romantic content
Explorers,Age-appropriateness concerns,1,Age-appropriateness concerns
Explorers of the Ancient World,,0,Uncategorized
Extras,Age-appropriateness concerns; Sexual or romantic content; Violence & mature themes,3,Age-appropriateness concerns
Faceless,Age-appropriateness concerns,1,Age-appropriateness concerns
"Family Violence (Title only, no further information)",,0,Uncategorized
Far Eastern Art,Violence & mature themes,1,Violence & mature themes
Farm Team,Age-appropriateness concerns,1,Age-appropriateness concerns
Fight For Freedom: The American Revolutionary War,Violence & mature themes,1,Violence & mature themes
Firehorse,Age-appropriateness concerns,1,Age-appropriateness concerns
First Facts about the Ancient Egyptians,Age-appropriateness concerns,1,Age-appropriateness concerns
First Facts about the Ancient Greeks,Age-appropriateness concerns,1,Age-appropriateness concerns
First Facts about the Ancient Romans,Age-appropriateness concerns,1,Age-appropriateness concerns
First French Kiss: And Other Traumas,Age-appropriateness concerns,1,Age-appropriateness concerns
Flight of the Raven,Age-appropriateness concerns,1,Age-appropriateness concerns
For the Good of Mankind?: The Shameful History of Human Medical Experimentation,Age-appropriateness concerns,1,Age-appropriateness concerns
Forge,Age-appropriateness concerns,1,Age-appropriateness concerns
Founders of Faith,Religion & worldview,1,Religion & worldview
Freaky Green Eyes,,0,Uncategorized
"Free To Be Me: An LGBTQ+ Journal of Love, Pride and Finding Your Inner Rainbow",,0,Uncategorized
Gentlemen,Age-appropriateness concerns,1,Age-appropriateness concerns
Give a Boy a Gun,Age-appropriateness concerns; Violence & mature themes,2,Age-appropriateness concerns
Gladiator,Age-appropriateness concerns,1,Age-appropriateness concerns
"God's Images: The Bible, A New Vision",,0,Uncategorized
Gray's Anatomy: The Anatomical Basis of Medicine and Surgery,Sexual or romantic content,1,Sexual or romantic content
Great Wonders of the World,,0,Uncategorized
Greece,Age-appropriateness concerns,1,Age-appropriateness concerns
"Greece: Temples, Tombs & Treasures",,0,Uncategorized
Greek and Roman Mythology A to Z: A Young Reader's Compansion,Age-appropriateness concerns,1,Age-appropriateness concerns
Greek Warrior,,0,Uncategorized
"Gun Control (Title only, no further information)",,0,Uncategorized
"Guns and Violence (Title only, no further information)",,0,Uncategorized
Hate Groups,,0,Uncategorized
Haunted Homes,Age-appropriateness concerns,1,Age-appropriateness concerns
Hecate,Age-appropriateness concerns,1,Age-appropriateness concerns
Heroin,Age-appropriateness concerns; Mental health & trauma,2,Age-appropriateness concerns
Hidden Figures: the American Dream and the Untold Story of the Black Women Mathematicians Who Helped Win the Space Race,Gender politics & feminism; Race & systemic inequality; Sexual or romantic content; Violence & mature themes,4,Gender politics & feminism
Hinduism,Age-appropriateness concerns; Religion & worldview,2,Age-appropriateness concerns
Hitler Youth: Growing Up in Hitler's Shadow,Age-appropriateness concerns; Race & systemic inequality,2,Age-appropriateness concerns
HItler's Last Days: The Death of the Nazi Regime and the World's Most Notorious Dictator,Age-appropriateness concerns,1,Age-appropriateness concerns
Home Life in Ancient Egypt,Age-appropriateness concerns,1,Age-appropriateness concerns
Home Life in Ancient Greece,Age-appropriateness concerns,1,Age-appropriateness concerns
Home Life in Ancient Rome,,0,Uncategorized
How Our Muscles Work,Age-appropriateness concerns,1,Age-appropriateness concerns
How to Make A Mummy Talk,,0,Uncategorized
Impact of the Holocaust,Age-appropriateness concerns; Race & systemic inequality,2,Age-appropriateness concerns
International Terrorism,,0,Uncategorized
"Islam: Signs, Symbols, and Stories",Age-appropriateness concerns,1,Age-appropriateness concerns
"It's Christmas, David",Age-appropriateness concerns,1,Age-appropriateness concerns
Jealousy,LGBTQ+ identity & sexuality; Sexual or romantic content,2,LGBTQ+ identity & sexuality
Jesus and Christianity,Religion & worldview,1,Religion & worldview
John Hedgecoe's New Book of Photography,,0,Uncategorized
Judaism,Age-appropriateness concerns; Religion & worldview,2,Age-appropriateness concerns
Just Ella,Age-appropriateness concerns,1,Age-appropriateness concerns
Kent State,Age-appropriateness concerns; Violence & mature themes,2,Age-appropriateness concerns
King Arthur,,0,Uncategorized
Kite,,0,Uncategorized
Knight,Age-appropriateness concerns,1,Age-appropriateness concerns
Knowledge Genius!: A Quiz Encyclopedia to Boost Your Brain,Age-appropriateness concerns,1,Age-appropriateness concerns
Krishna and Hindusm,,0,Uncategorized
Land and Resources of Ancient Greece,Age-appropriateness concerns,1,Age-appropriateness concerns
Land and Resources of Ancient Rome,,0,Uncategorized
Leonardo Da Vinci (CN),,0,Uncategorized
Liberation: Teens in the Concentration Camps and the Teen Soldiers Who Liberated Them,Race & systemic inequality; Violence & mature themes,2,Race & systemic inequality
Life as A Gladiator: An Interactive History Adventure,Age-appropriateness concerns,1,Age-appropriateness concerns
Life During The Great Civilizations - Ancient Greece,Age-appropriateness concerns,1,Age-appropriateness concerns
"Life During the Great Civilizations (Series, Title Not Specified)",Age-appropriateness concerns,1,Age-appropriateness concerns
Life in Ancient Egypt,Age-appropriateness concerns,1,Age-appropriateness concerns
Life In Ancient Greece,Age-appropriateness concerns; Violence & mature themes,2,Age-appropriateness concerns
Life in Ancient Rome,Age-appropriateness concerns,1,Age-appropriateness concerns
Life in the Ancient Indus River Valley,Age-appropriateness concerns,1,Age-appropriateness concerns
Life of a Soldier,Violence & mature themes,1,Violence & mature themes
Life of the Ancient Celts,Age-appropriateness concerns,1,Age-appropriateness concerns
Life under Occupation,Violence & mature themes,1,Violence & mature themes
Living on Impulse,Age-appropriateness concerns,1,Age-appropriateness concerns
Machete Season: The Killers in Rwanda Speak,Violence & mature themes,1,Violence & mature themes
Mad Honey,,0,Uncategorized
Making Up Megaboy,Age-appropriateness concerns; Violence & mature themes,2,Age-appropriateness concerns
Mapping the Bones,Age-appropriateness concerns; Race & systemic inequality; Violence & mature themes,3,Age-appropriateness concerns
Margaux with an X,Age-appropriateness concerns; Mental health & trauma; Violence & mature themes,3,Age-appropriateness concerns
Massacre at Virginia Tech: Disaster & Survival,Violence & mature themes,1,Violence & mature themes
Matched,Age-appropriateness concerns; Sexual or romantic content; Violence & mature themes,3,Age-appropriateness concerns
Mayo Clinic Family Health Book (Unknown Edition),,0,Uncategorized
Media Violence,Violence & mature themes,1,Violence & mature themes
Medieval Europe,,0,Uncategorized
Medieval Life,Age-appropriateness concerns,1,Age-appropriateness concerns
Megan's Law: Protection or Privacy,Age-appropriateness concerns; Mental health & trauma; Sexual or romantic content; Violence & mature themes,4,Age-appropriateness concerns
Mesopotamia,Age-appropriateness concerns,1,Age-appropriateness concerns
"Mexican, Central & South American Art",Age-appropriateness concerns; Race & systemic inequality,2,Age-appropriateness concerns
Michelangelo and His Times,Age-appropriateness concerns,1,Age-appropriateness concerns
Monsters of Mythology (Vol. not specified),Age-appropriateness concerns; Violence & mature themes,2,Age-appropriateness concerns
Moses and Judaism,Age-appropriateness concerns,1,Age-appropriateness concerns
Mosque,,0,Uncategorized
Muhanmmad and Islam,,0,Uncategorized
Mummies Made in Egypt,,0,Uncategorized
My Sad Is All Gone: A Family's Triumph Over Violent Autism,Mental health & trauma; Violence & mature themes,2,Mental health & trauma
Mysteries of History,,0,Uncategorized
"Mysteries of Mankind (Series, Title Not Specified)",,0,Uncategorized
Mystics and Psychics,Age-appropriateness concerns,1,Age-appropriateness concerns
Mythology (DK),Religion & worldview; Violence & mature themes,2,Religion & worldview
Myths and Civilization of the Ancient Greeks,,0,Uncategorized
Native American Literature,Age-appropriateness concerns; Race & systemic inequality,2,Age-appropriateness concerns
Never So Green,Age-appropriateness concerns,1,Age-appropriateness concerns
North American Art to 1900,,0,Uncategorized
"Online Pornography (Title only, no further information)",,0,Uncategorized
Origins of the Holocaust,Age-appropriateness concerns; Race & systemic inequality; Violence & mature themes,3,Age-appropriateness concerns
Our Hearts Will Burn Us Down,Mental health & trauma; Violence & mature themes,2,Mental health & trauma
Period 8,Age-appropriateness concerns,1,Age-appropriateness concerns
Persecution and Emigration,Age-appropriateness concerns; Violence & mature themes,2,Age-appropriateness concerns
Photocraft,,0,Uncategorized
Physician-Assisted Suicide,Age-appropriateness concerns; Mental health & trauma,2,Age-appropriateness concerns
Pirate: Discover the Pirates Who Terrorized the Seas from the Mediterranean to the Caribbean,Age-appropriateness concerns,1,Age-appropriateness concerns
Pornography,Age-appropriateness concerns,1,Age-appropriateness concerns
Practical Photography,,0,Uncategorized
Pretties,Age-appropriateness concerns; Sexual or romantic content; Violence & mature themes,3,Age-appropriateness concerns
Ramses II and Egypt,,0,Uncategorized
Reached,Age-appropriateness concerns; Sexual or romantic content; Violence & mature themes,3,Age-appropriateness concerns
"Read With Dick and Jane books (Series, Title not specified)",Age-appropriateness concerns,1,Age-appropriateness concerns
"Real Boys' Voices: Boys Speak Out About Drugs, Sex, Violence, Bullying, Sports, School, Parents, and So Much More",LGBTQ+ identity & sexuality; Mental health & trauma; Sexual or romantic content; Violence & mature themes,4,LGBTQ+ identity & sexuality
Reincarnation,Age-appropriateness concerns; Violence & mature themes,2,Age-appropriateness concerns
"Reproductive Technologies (Title only, no further information)",,0,Uncategorized
Resisters and Rescures-Standing Up Against,Age-appropriateness concerns; Race & systemic inequality; Violence & mature themes,3,Age-appropriateness concerns
Ripley's Believe It Or Not! Special Edtion 2008,,0,Uncategorized
Safe Teen: Powerful Alternatives to Violence,Mental health & trauma; Sexual or romantic content; Violence & mature themes,3,Mental health & trauma
Sarah Dessen: From Burritos to Box Office,Age-appropriateness concerns,1,Age-appropriateness concerns
School Violence,Violence & mature themes,1,Violence & mature themes
Screenshot,Age-appropriateness concerns,1,Age-appropriateness concerns
Scylla and Charybdis,Age-appropriateness concerns,1,Age-appropriateness concerns
Scythe,Age-appropriateness concerns; Sexual or romantic content; Violence & mature themes,3,Age-appropriateness concerns
"Sex Education (Title only, no further information)",Age-appropriateness concerns; Mental health & trauma; Sexual or romantic content,3,Age-appropriateness concerns
"Sexual Harassment (Title only, no further information)",,0,Uncategorized
Shabanu: Daughter of the Wind,Age-appropriateness concerns; Race & systemic inequality,2,Age-appropriateness concerns
"Shakespeare Remains: Theater to Film, Early Modern to Postmodern",,0,Uncategorized
Sisters of the Sword,Age-appropriateness concerns,1,Age-appropriateness concerns
"Skeleton: Discover the Evolution, Structure, and Functions of Bones",Age-appropriateness concerns,1,Age-appropriateness concerns
Sovay,Age-appropriateness concerns,1,Age-appropriateness concerns
Specials,Age-appropriateness concerns; Sexual or romantic content; Violence & mature themes,3,Age-appropriateness concerns
"Suicide (Title only, no further information)",,0,Uncategorized
Suicide Bombers,Mental health & trauma,1,Mental health & trauma
Sunrise Over Fallujah,Age-appropriateness concerns; Violence & mature themes,2,Age-appropriateness concerns
Survivors: True Stories of Children in the Holocaust,Age-appropriateness concerns; Race & systemic inequality; Violence & mature themes,3,Age-appropriateness concerns
Swimwear in Vogue Since 1910,,0,Uncategorized
Tales From My Closet,Age-appropriateness concerns,1,Age-appropriateness concerns
"Teen pregnancy (Title only, no further information)",,0,Uncategorized
Teenage Pregnancy,,0,Uncategorized
Teens At Risk,Mental health & trauma; Sexual or romantic content,2,Mental health & trauma
Tell Them We Remember: The Story of the Holocaust,Race & systemic inequality,1,Race & systemic inequality
"The Abortion Controversy (Title only, no further information)",,0,Uncategorized
"The American Revolution: ""Give Me Liberty or Give Me Death!""",,0,Uncategorized
"The Architecture and Design of Man and Woman: The Marvel of the Human Body, Revealed",,0,Uncategorized
The Artist's Eye,,0,Uncategorized
The Barbarian Tides: Timeframe 1500-600 BC,,0,Uncategorized
The Battle of the Labyrinth,Age-appropriateness concerns; Violence & mature themes,2,Age-appropriateness concerns
The Beat Goes On,,0,Uncategorized
The Book Thief,Age-appropriateness concerns; Violence & mature themes,2,Age-appropriateness concerns
The Boys' War: Confederate and Union Soldiers Talk About the Civil War,Age-appropriateness concerns; Violence & mature themes,2,Age-appropriateness concerns
The Buddha and Buddhism,Age-appropriateness concerns,1,Age-appropriateness concerns
"The Chronicles of Vladimir Tod (Series, Title Not Specified)",Age-appropriateness concerns,1,Age-appropriateness concerns
The Columbine School Shootings,Mental health & trauma; Violence & mature themes,2,Mental health & trauma
The Complete Book of Cats,,0,Uncategorized
The Complete Book of Dogs,,0,Uncategorized
The Complete Kodak Book of Photography,,0,Uncategorized
The Covenant,,0,Uncategorized
The Creek,Age-appropriateness concerns,1,Age-appropriateness concerns
The Crisis of Islam: Holy War and Unholy Terror,Mental health & trauma; Violence & mature themes,2,Mental health & trauma
The Curse of King Tut,Age-appropriateness concerns,1,Age-appropriateness concerns
The Cyclopes,Age-appropriateness concerns; Violence & mature themes,2,Age-appropriateness concerns
The Death Penalty for Teens: A Pro/Con Issue,Violence & mature themes,1,Violence & mature themes
"The Digestive System (Title and author only, no further information)",Age-appropriateness concerns,1,Age-appropriateness concerns
The End and Other Beginnings: Stories from the Future,Age-appropriateness concerns,1,Age-appropriateness concerns
The First Americans: The Story of Where They Came From and Who They Became,Age-appropriateness concerns,1,Age-appropriateness concerns
The French Revolution,,0,Uncategorized
The Furies,,0,Uncategorized
The Gendered Atom: Reflections on the Sexual Psychology of Science,,0,Uncategorized
The Good Fight: How World War II Was Won,Age-appropriateness concerns,1,Age-appropriateness concerns
"The Great Civilizations (Series, Title not Specified)",Age-appropriateness concerns; Sexual or romantic content,2,Age-appropriateness concerns
The Greek News,Age-appropriateness concerns,1,Age-appropriateness concerns
"The Guy Book: An Owner's Manual for Teens: Maintenance, Safety, and Operating Instructions",Sexual or romantic content,1,Sexual or romantic content
"The Haiti Earthquake (Title only, no further information)",,0,Uncategorized
The Harvard Medical School Family Health Guide,,0,Uncategorized
The Hidden Children of the Holocaust: Teens Who Hid from the Nazis,Age-appropriateness concerns,1,Age-appropriateness concerns
The Holocaust (AR),Age-appropriateness concerns; Violence & mature themes,2,Age-appropriateness concerns
The Holocaust and Life Under Nazi Occupation,Violence & mature themes,1,Violence & mature themes
The Holocaust: A Primary Source History,Age-appropriateness concerns; Race & systemic inequality,2,Age-appropriateness concerns
The Holocaust: Survival and Resistance,Race & systemic inequality,1,Race & systemic inequality
The How and Why Wonder Book of The Human Body,,0,Uncategorized
The Human Body (BF),,0,Uncategorized
The Human Body (SS),,0,Uncategorized
"The Human Body Book: An Illustrated Guide to its Structure, Function, and Disorders",,0,Uncategorized
The Iroquois,Age-appropriateness concerns,1,Age-appropriateness concerns
The Jewish Victims of the Holocaust,Age-appropriateness concerns; Violence & mature themes,2,Age-appropriateness concerns
The Killing Sea,Age-appropriateness concerns; Violence & mature themes,2,Age-appropriateness concerns
The Ku Klux Klan: A Century of Infamy,Race & systemic inequality,1,Race & systemic inequality
The Last Olympian,Age-appropriateness concerns,1,Age-appropriateness concerns
"The Legend of Drizzt, Vol. 2: Exile",,0,Uncategorized
"The Legend of Drizzt, Vol. 3: Sojourn",,0,Uncategorized
"The legend of Drizzt, Vol. 6: The Halfling's Gem",,0,Uncategorized
"The legend of Drizzt, Vol. 7: The Legacy",,0,Uncategorized
The Long Road to Gettysburg,Age-appropriateness concerns,1,Age-appropriateness concerns
The Making of a Navy Seal: My Story of Surviving the Toughest Challenge and Training the Best,,0,Uncategorized
"The Mark of the Golden Dragon: Being an Account of the Further Adventures of Jacky Faber, Jewel of the Weast, Vexation of the West, and Pearl of the South China Sea",Age-appropriateness concerns,1,Age-appropriateness concerns
The Media: The Impact on Our Lives,Age-appropriateness concerns,1,Age-appropriateness concerns
The Militia Movement and Hate Groups in America,,0,Uncategorized
The Minotaur,Age-appropriateness concerns; Violence & mature themes,2,Age-appropriateness concerns
The Moneylender's Daughter,Age-appropriateness concerns,1,Age-appropriateness concerns
The Nazi Death Camps,Age-appropriateness concerns; Violence & mature themes,2,Age-appropriateness concerns
The Nervous System,Age-appropriateness concerns,1,Age-appropriateness concerns
The New Encyclopedia of the Cat,,0,Uncategorized
The Oklahoma City Bombing: Terror in the Heartland,Age-appropriateness concerns,1,Age-appropriateness concerns
The Parthenon of Ancient Greece,,0,Uncategorized
The Pequots,Age-appropriateness concerns; Religion & worldview,2,Age-appropriateness concerns
The Pigman,Age-appropriateness concerns,1,Age-appropriateness concerns
The Poetry of the Negro: 1746-1970,,0,Uncategorized
The Right Fight,Age-appropriateness concerns; Violence & mature themes,2,Age-appropriateness concerns
The Roman News,Age-appropriateness concerns,1,Age-appropriateness concerns
The Secret Holocaust Diaries: The Untold Story of Nonna Bannister,Race & systemic inequality,1,Race & systemic inequality
The Senses,,0,Uncategorized
The Seven Wonders of the Ancient World,Religion & worldview,1,Religion & worldview
The Seven Wonders of the Historic World,,0,Uncategorized
The short novels of John Steinbeck,,0,Uncategorized
The Short Second Life of Bree Tanner: An Eclipse Novella,Age-appropriateness concerns,1,Age-appropriateness concerns
The Skeletal and Muscular systems,,0,Uncategorized
The Skeletal System,,0,Uncategorized
The Spanish-American War,Age-appropriateness concerns; Violence & mature themes,2,Age-appropriateness concerns
The Sphinx,Age-appropriateness concerns,1,Age-appropriateness concerns
The Square Root of Summer,Age-appropriateness concerns,1,Age-appropriateness concerns
The Timeline of the Civil War,Violence & mature themes,1,Violence & mature themes
The Titan's Curse,Age-appropriateness concerns,1,Age-appropriateness concerns
The Toll,Age-appropriateness concerns; Mental health & trauma,2,Age-appropriateness concerns
The Warrior's Heart : Becoming a Man of Compassion and Courage,Age-appropriateness concerns,1,Age-appropriateness concerns
Through Indian Eyes: The Untold Story of Native American Peoples,,0,Uncategorized
"Ties That Bind, Ties That Break",Age-appropriateness concerns,1,Age-appropriateness concerns
Tobacco: The Real Story,,0,Uncategorized
"Together, Apart",Age-appropriateness concerns; Mental health & trauma,2,Age-appropriateness concerns
Top 10 Worst Creepy Egyptians Mummies You Wouldn't Want to Meet,,0,Uncategorized
Top 10 Worst Things About Ancient Egypt You Wouldn't Want To Know!,,0,Uncategorized
Top 10 Worst Things about Ancient Greece You Wouldn't Want to Know!,,0,Uncategorized
Top 10 Worst Things About Ancient Rome You Wouldn't Want to Know!,Violence & mature themes,1,Violence & mature themes
Towards Genocide,,0,Uncategorized
Trails to the Far West: Beyond the Mississippi,Age-appropriateness concerns,1,Age-appropriateness concerns
Troubadour,Age-appropriateness concerns,1,Age-appropriateness concerns
Truce,Age-appropriateness concerns; Violence & mature themes,2,Age-appropriateness concerns
True Believer (VEW),,0,Uncategorized
Uglies,Age-appropriateness concerns; Sexual or romantic content; Violence & mature themes,3,Age-appropriateness concerns
Vampirates: Tide of Terror,Age-appropriateness concerns,1,Age-appropriateness concerns
Vampires,Age-appropriateness concerns,1,Age-appropriateness concerns
Van Gogh,Age-appropriateness concerns,1,Age-appropriateness concerns
Vietnam,,0,Uncategorized
Vietnam War,Age-appropriateness concerns; Violence & mature themes,2,Age-appropriateness concerns
Vincent's Starry Night and Other Stories: A Children's History of Art,Age-appropriateness concerns; Sexual or romantic content,2,Age-appropriateness concerns
"Violence Against Women (Title only, no further information)",,0,Uncategorized
"Violence in Our Schools: Halls of Hope, Halls of Fear",,0,Uncategorized
"Violence in the Media (Title only, no further information)",,0,Uncategorized
Violence: Opposing Viewpoints,Violence & mature themes,1,Violence & mature themes
Virtue & Vengeance,Age-appropriateness concerns; Mental health & trauma; Violence & mature themes,3,Age-appropriateness concerns
Vive La France The French Resistance W.W.2,,0,Uncategorized
We the People: The Trail of Tears,,0,Uncategorized
We Were There Too! Young People in US History,Age-appropriateness concerns,1,Age-appropriateness concerns
"Weapons of Mass Destruction (Title only, no further information)",,0,Uncategorized
Welcome to Italy (JH),,0,Uncategorized
What Happens When You Grow?,Age-appropriateness concerns,1,Age-appropriateness concerns
What Motivates Suicide Bombers?,Mental health & trauma,1,Mental health & trauma
Who Uses Drugs,,0,Uncategorized
Whose Bible Is It?: A History of the Scriptures,Religion & worldview,1,Religion & worldview
Why Did Hiroshima Happen?,Age-appropriateness concerns,1,Age-appropriateness concerns
Why Waco?: Cults and the Battle for Religious Freedom in America,Mental health & trauma; Religion & worldview; Sexual or romantic content; Violence & mature themes,4,Mental health & trauma
Witches,Age-appropriateness concerns,1,Age-appropriateness concerns
Witches and Magic-Makers,Age-appropriateness concerns; Religion & worldview,2,Age-appropriateness concerns
With Their Eyes: September 11th - The View From A High School at Ground Zero,,0,Uncategorized
World War II,Age-appropriateness concerns; Violence & mature themes,2,Age-appropriateness concerns
You Wouldn't Want to be a Slave in Greece!: A Life You'd Rather Not Have,Age-appropriateness concerns,1,Age-appropriateness concerns
19th Century Art,,0,Uncategorized
A Pocket Dictionary of Greek and Roman Gods and Goddesses,,0,Uncategorized
A Story of Medicine in 50 Discoveries: From Mummies to Gene Splicing,,0,Uncategorized
Al Capone,,0,Uncategorized
Albrecht Durer,,0,Uncategorized
"All You Need is Kill, Book 1",Violence & mature themes,1,Violence & mature themes
Alphonse Mucha,,0,Uncategorized
Amedeo Modigliani 1884-1920: The Poetry of Seeing,,0,Uncategorized
America's Art: Smithsonian American Art Museum,Sexual or romantic content,1,Sexual or romantic content
Ancient Greek Art and Architecture,Age-appropriateness concerns,1,Age-appropriateness concerns
Ancient Roman Art and Architecture,Age-appropriateness concerns,1,Age-appropriateness concerns
Annotated Art,,0,Uncategorized
Art and Architecture in Mexico,Race & systemic inequality,1,Race & systemic inequality
Art Attack: A Short Cultural History of the Avant-Garde,,0,Uncategorized
Art That Changed the World: Transformative Art Movements and the Paintings That Inspired Them,Race & systemic inequality,1,Race & systemic inequality
Art Theory for Beginners,,0,Uncategorized
Art: An A-Z Guide,Age-appropriateness concerns,1,Age-appropriateness concerns
Athena (BAH),Age-appropriateness concerns; Violence & mature themes,2,Age-appropriateness concerns
Athena (RR),Age-appropriateness concerns; Violence & mature themes,2,Age-appropriateness concerns
Auguste Rodin: 1840-1917,,0,Uncategorized
Black Art: A Cultural History,Race & systemic inequality,1,Race & systemic inequality
"Blue Period, Vol. 5",,0,Uncategorized
"Blue Period, Vol. 6",,0,Uncategorized
"Blue Period, Vol. 7",,0,Uncategorized
"Blue Period, Vol. 8",,0,Uncategorized
"Blue Period, Vol. 9",,0,Uncategorized
Botticelli,,0,Uncategorized
Brave New World: A Graphic Novel,Violence & mature themes,1,Violence & mature themes
Butts Are Everywhere,Age-appropriateness concerns,1,Age-appropriateness concerns
Caravaggio: The Art of Realism,Violence & mature themes,1,Violence & mature themes
Caribbean Art,Race & systemic inequality,1,Race & systemic inequality
Chagall,,0,Uncategorized
"Chainsaw Man (Series, Title Not Specified)",,0,Uncategorized
Chardin,,0,Uncategorized
Chicano Visions: American Painters on the Verge,,0,Uncategorized
"Children of the Sea (Series, Title Not Specified)",,0,Uncategorized
Classical Mythology: Myths and Legends of the Ancient World,,0,Uncategorized
Collide,Age-appropriateness concerns,1,Age-appropriateness concerns
Contemporary African Art,Race & systemic inequality,1,Race & systemic inequality
Degas,,0,Uncategorized
Diane Arbus: An Aperture Monograph,,0,Uncategorized
Diego Velazquez 1599-1660: The Face of Spain,,0,Uncategorized
Digital Art: A Complete Guide to Making Your Own Computer Artworks,,0,Uncategorized
Dionysus,Age-appropriateness concerns,1,Age-appropriateness concerns
"Don't Toy With Me, Miss Nagatoro, Vol. 6",,0,Uncategorized
"Don't Toy With Me, Miss Nagatoro, Vol. 7",,0,Uncategorized
"Don't Toy With Me, Miss Nagatoro, Vol. 8",,0,Uncategorized
"Don't Toy With Me, Miss Nagatoro, Vol. 9",,0,Uncategorized
Donatello,,0,Uncategorized
Filippo Lippi,,0,Uncategorized
"Flame of Recca, Vol. 3",,0,Uncategorized
"Frida Kahlo, 1907-1954: Pain and Passion",,0,Uncategorized
Georgia O'Keeffe,,0,Uncategorized
Giotto di Bondon: About 1267-1337,Sexual or romantic content,1,Sexual or romantic content
God: A Brief History,Religion & worldview,1,Religion & worldview
Gods & Goddesses in the Daily Life of the Ancient Greeks,,0,Uncategorized
Gods and Goddesses,Age-appropriateness concerns,1,Age-appropriateness concerns
Goya,,0,Uncategorized
Greek Legends and Stories,Violence & mature themes,1,Violence & mature themes
Greek Mythology for Beginners,,0,Uncategorized
Greek Myths: A New Retelling,Age-appropriateness concerns; Violence & mature themes,2,Age-appropriateness concerns
Gustav Klimt: Drawings & Paintings,,0,Uncategorized
Hades (AR),Age-appropriateness concerns; Sexual or romantic content,2,Age-appropriateness concerns
Hades (KR),Age-appropriateness concerns; Sexual or romantic content,2,Age-appropriateness concerns
Henri Cartier-Bresson: The Modern Century,,0,Uncategorized
Henry Taylor: B Side,,0,Uncategorized
Hephaestus,Age-appropriateness concerns,1,Age-appropriateness concerns
Heroes: The Greek Myths Reimagined,,0,Uncategorized
Holbein,,0,Uncategorized
How to Read a Painting: Lessons from the Old Masters,,0,Uncategorized
Human Anatomy: The Definitive Visual Guide,,0,Uncategorized
"Hunter X Hunter (Series, Title Not Specified)",Violence & mature themes,1,Violence & mature themes
I Too Sing America: The Harlem Renaissance at 100,Violence & mature themes,1,Violence & mature themes
"Impressionism and Post-Impressionism: The Hermitage, Leningrad, the Pushkin Museum of Fine Arts, Moscow, and the National Gallery of Art, Washington",,0,Uncategorized
In Praise of Black Women: Ancient African Queens,,0,Uncategorized
In the Black Fantastic,,0,Uncategorized
"It's Totally Normal!: An LGBTQIA+ Guide to Puberty, Sex, and Gender",LGBTQ+ identity & sexuality; Sexual or romantic content,2,LGBTQ+ identity & sexuality
Jean-Michel Basquiat,Sexual or romantic content,1,Sexual or romantic content
"Joan Miro, 1893-1983: The Poet Among the Surrealists",,0,Uncategorized
"Jojo's Bizarre Adventure (Series, Title Not Specified)",,0,Uncategorized
"Jujutsu Kaisen (Series, Title Not Specified)",Mental health & trauma,1,Mental health & trauma
"Kill Shakespeare, Vol. 2",Violence & mature themes,1,Violence & mature themes
"Kill Shakespeare, Vol. 3 - The Tide of Blood",Violence & mature themes,1,Violence & mature themes
"Kill Shakespeare, Vol. 4 - The Mask of Night",Violence & mature themes,1,Violence & mature themes
Leonardo da Vinci: 1452-1519,,0,Uncategorized
"Leonardo da Vinci: Artist, Inventor and Scientist of the Renaissance",Age-appropriateness concerns,1,Age-appropriateness concerns
"Locke & Key (Series, Title Not Specified)",,0,Uncategorized
Love and Other Words,,0,Uncategorized
Magritte,,0,Uncategorized
"Man-Eaters (Series, Title not Specified)",Violence & mature themes,1,Violence & mature themes
Manet,Sexual or romantic content,1,Sexual or romantic content
Mary McCartney: From Where I Stand,Sexual or romantic content,1,Sexual or romantic content
Masaccio and the Brancacci Chapel,,0,Uncategorized
Masterpieces: The Best-Loved Paintings from America's Museums,,0,Uncategorized
Matisse,,0,Uncategorized
"Maxfield Parrish, 1870-1966",,0,Uncategorized
Medicine: A Graphic History,,0,Uncategorized
Medieval European Art and Architecture,,0,Uncategorized
Michelangelo Buonarroti,,0,Uncategorized
Michelangelo: Sculptor and Painter,Age-appropriateness concerns,1,Age-appropriateness concerns
"Mobile Suit Gundam Thunderbolt (Series, Title Not Specified)",,0,Uncategorized
"Moriarty the Patriot, Vol. 3",Violence & mature themes,1,Violence & mature themes
Mythos: The Greek Myths Reimagined,,0,Uncategorized
Myths & Legends: An Illustrated Guide To Their Origins and Meanings,Age-appropriateness concerns,1,Age-appropriateness concerns
National Gallery of Art: Master Paintings from the Collection,,0,Uncategorized
Netter's Anatomy Coloring Book,,0,Uncategorized
Netter's Atlas of the Human Body,,0,Uncategorized
Oceanic Art,,0,Uncategorized
"Pablo Picasso, A Retrospective",,0,Uncategorized
"Parasyte (Series, Title Not Specified)",,0,Uncategorized
Paul Cézanne,,0,Uncategorized
Paul Gaugin,,0,Uncategorized
Perseus,Age-appropriateness concerns; Violence & mature themes,2,Age-appropriateness concerns
Pierre Auguste Renoir,,0,Uncategorized
Pinkalicious,Age-appropriateness concerns,1,Age-appropriateness concerns
Poseidon (BAH),Age-appropriateness concerns,1,Age-appropriateness concerns
Poseidon (RR),Age-appropriateness concerns,1,Age-appropriateness concerns
Rain,,0,Uncategorized
"Ranma 1/2 (Series, Title Not Specified)",,0,Uncategorized
Raphael,,0,Uncategorized
"Ready, Set, Grow!: A ""What's Happening to My Body?"" Book for Younger Girls",Sexual or romantic content,1,Sexual or romantic content
Religion,Age-appropriateness concerns; Religion & worldview,2,Age-appropriateness concerns
Renaissance,,0,Uncategorized
Richard Jolley: Sculptor of Glass,,0,Uncategorized
Richard Matheson: Master of Terror Graphic Novel Collection,,0,Uncategorized
Ripper: The Secret Life of Walter Sickert,Violence & mature themes,1,Violence & mature themes
Rot & Ruin: Warrior Smart,Age-appropriateness concerns,1,Age-appropriateness concerns
Salvador Dali,,0,Uncategorized
Sandy Skoglund,,0,Uncategorized
Sculpture,,0,Uncategorized
Secrets of the Human Body,Age-appropriateness concerns,1,Age-appropriateness concerns
Sister Wendy's Story of Painting: The Essential Guide to the History of Western Art,,0,Uncategorized
"Sleeping Beauties, Vol. 1",,0,Uncategorized
"Sleeping Beauties, Vol. 2",,0,Uncategorized
"So Cute It Hurts!!, Vol. 12",,0,Uncategorized
"So Cute It Hurts!!, Vol. 13",,0,Uncategorized
"So Cute It Hurts!!, Vol. 14",,0,Uncategorized
"So Cute It Hurts!!, Vol. 15",,0,Uncategorized
Take It As a Compliment,Mental health & trauma; Sexual or romantic content,2,Mental health & trauma
Tattoo History Source Book: An Anthology of Historical Records of Tattooing Throughout the World,,0,Uncategorized
The Art of Contemporary China,,0,Uncategorized
The Art of Drag,,0,Uncategorized
The Art of Ukraine,,0,Uncategorized
The Body Book for Boys,Age-appropriateness concerns; Sexual or romantic content,2,Age-appropriateness concerns
The Book of Unknown Americans,Race & systemic inequality,1,Race & systemic inequality
The Children's Dictionary of Mythology,Age-appropriateness concerns; Religion & worldview,2,Age-appropriateness concerns
The Complete History of Costume & Fashion: From Ancient Egypt to the Present Day,,0,Uncategorized
The Encyclopedia of Sculpting Techniques,,0,Uncategorized
"The Everything Classical Mythology Book: Greek and Roman Gods, Goddesses, Heroes, and Monsters from Ares to Zeus",Violence & mature themes,1,Violence & mature themes
The Figure in Clay: Contemporary Sculpting Techniques by Master Artists,,0,Uncategorized
The Handy Anatomy Answer Book,,0,Uncategorized
The Handy Mythology Answer Book,Race & systemic inequality; Religion & worldview; Violence & mature themes,3,Race & systemic inequality
The History of Archaeology: Great Excavations of the World,,0,Uncategorized
The Iliad (A Graphic Novel),Violence & mature themes,1,Violence & mature themes
The Illustrated Book of Myths: Tales & Legends of the World,Age-appropriateness concerns,1,Age-appropriateness concerns
The Island of Dr. Moreau,Violence & mature themes,1,Violence & mature themes
The Italian Renaissance,Sexual or romantic content,1,Sexual or romantic content
The Journey of Diego Rivera,,0,Uncategorized
The Last Book on the Left: Stories of Murder and Mayhem From History's Most Notorious Serial Killers,Violence & mature themes,1,Violence & mature themes
The Nobleman's Guide to Scandal and Shipwrecks,Age-appropriateness concerns; Mental health & trauma,2,Age-appropriateness concerns
The Odyssey (Graphic Novel),Violence & mature themes,1,Violence & mature themes
The Panorama of the Renaissance,,0,Uncategorized
The Photograph as Contemporary Art,,0,Uncategorized
The Poster: A Visual History,,0,Uncategorized
"The Promised Neverland (Series, Title Not Specified)",Age-appropriateness concerns; Violence & mature themes,2,Age-appropriateness concerns
The Quest for Paradise: Visions of Heaven and Eternity in the World's Myths and Religions,,0,Uncategorized
The Snow Globe Family,Age-appropriateness concerns,1,Age-appropriateness concerns
The Story of Sculpture: From Prehistory to the Present,Age-appropriateness concerns,1,Age-appropriateness concerns
The What's Happening to My Body? Book for Girls: A Growing-up Guide for Parents and Daughters,Sexual or romantic content,1,Sexual or romantic content
Theseus and the Minotaur,Age-appropriateness concerns,1,Age-appropriateness concerns
This Delicious Death,Age-appropriateness concerns; Violence & mature themes,2,Age-appropriateness concerns
Titian: Sacred and Profane Love,,0,Uncategorized
"Tiziano Vecaellio, known as Titian",,0,Uncategorized
"Treasury of Greek Mythology: Classic Stories of Gods, Goddesses, Heroes and Monsters",Age-appropriateness concerns,1,Age-appropriateness concerns
Tribe: Endangered Peoples Around the World,,0,Uncategorized
Troy: The Greek Myths Reimagined,Violence & mature themes,1,Violence & mature themes
Twisted Myths: 20 Classic Stories With a Dark and Dangerous Heart,,0,Uncategorized
Uelsmann Untitled: A Retrospective,,0,Uncategorized
Understanding Greek Myths,,0,Uncategorized
Vanished Civilizations of the Ancient World,,0,Uncategorized
Velázquez,,0,Uncategorized
Vincent van Gogh: The Complete Paintings,,0,Uncategorized
Wake Up Our Souls: A Celebration of Black American Artists,Race & systemic inequality,1,Race & systemic inequality
"What Life Was Like at the Dawn of Democracy: Classical Athens, 525-322 BC",,0,Uncategorized
"What Life Was Like at the Rebirth of Genius: Renaissance Italy, AD 1400-1550",,0,Uncategorized
What Life Was Like on the Banks of the Nile: Egypt 3050-30 BC,,0,Uncategorized
"What Life Was Like When Rome Ruled the World: The Roman Empire, 100 BC-AD 200",,0,Uncategorized
"When the Beginning Began: Stories about God, the Creatures, and Us",Age-appropriateness concerns,1,Age-appropriateness concerns
Wild Boy: The Real Life of the Savage of Aveyron,Age-appropriateness concerns; Sexual or romantic content,2,Age-appropriateness concerns
William Eggleston: Portraits,,0,Uncategorized
Witches: The Complete Collection,,0,Uncategorized
Yayoi Kusama,,0,Uncategorized
Your Travel Guide to Ancient Greece,Age-appropriateness concerns,1,Age-appropriateness concerns
Zeus (BAH),Age-appropriateness concerns,1,Age-appropriateness concerns
Zeus (RR),Age-appropriateness concerns,1,Age-appropriateness concerns
And We Stay,Age-appropriateness concerns; Violence & mature themes,2,Age-appropriateness concerns
Even When Your Voice Shakes,Age-appropriateness concerns,1,Age-appropriateness concerns
Into the Light,Age-appropriateness concerns,1,Age-appropriateness concerns
Off the Record,Age-appropriateness concerns,1,Age-appropriateness concerns
This is Where the World Ends,Age-appropriateness concerns,1,Age-appropriateness concerns
Plan A,Age-appropriateness concerns; Sexual or romantic content,2,Age-appropriateness concerns
The Sun and her Flowers,Gender politics & feminism; Mental health & trauma; Sexual or romantic content,3,Gender politics & feminism
This is Kind of an Epic Love Story,Age-appropriateness concerns; LGBTQ+ identity & sexuality; Sexual or romantic content,3,Age-appropriateness concerns
"You Know, Sex - Bodies, Gender, Puberty and Other Things!",Age-appropriateness concerns; LGBTQ+ identity & sexuality; Mental health & trauma; Sexual or romantic content,4,Age-appropriateness concerns
A Long Stretch of Bad Days,Age-appropriateness concerns; Violence & mature themes,2,Age-appropriateness concerns
A Work of Art,Age-appropriateness concerns,1,Age-appropriateness concerns
"Age of Bronze, Vol. 1: A Thousand Ships",Violence & mature themes,1,Violence & mature themes
"Age of Bronze, Vol. 2: Sacrie",,0,Uncategorized
"AirGear (Series, Title Not Specified)",,0,Uncategorized
"Akira (Series, Title not Specified)",,0,Uncategorized
"Alice 19th (Series, Title Not Specified)",,0,Uncategorized
Anna Dressed in Blood,Age-appropriateness concerns; Sexual or romantic content; Violence & mature themes,3,Age-appropriateness concerns
Antipodes,Age-appropriateness concerns; LGBTQ+ identity & sexuality,2,Age-appropriateness concerns
Any Second,Age-appropriateness concerns; Mental health & trauma,2,Age-appropriateness concerns
Arrow to the Moon,Age-appropriateness concerns,1,Age-appropriateness concerns
As She Fades,Age-appropriateness concerns,1,Age-appropriateness concerns
Audacious,Age-appropriateness concerns,1,Age-appropriateness concerns
Baptism of Fire,Violence & mature themes,1,Violence & mature themes
Beck,Age-appropriateness concerns; Mental health & trauma,2,Age-appropriateness concerns
Beginnings - Battle of Jericho Hill,,0,Uncategorized
Beginnings - The Fall of Gilead,,0,Uncategorized
Beginnings - The Gunslinger Born,,0,Uncategorized
Beginnings - The Long Road Home,,0,Uncategorized
Beginnings - Treachery,,0,Uncategorized
Beyond the Black Door,Age-appropriateness concerns,1,Age-appropriateness concerns
"Bleach, Vol. 34",,0,Uncategorized
"Bleach, Vol. 42",,0,Uncategorized
"Bleach, Vol. 8",,0,Uncategorized
"Bloom Into You (Series, Title not Specified)",,0,Uncategorized
"Blue Exorcist (Series, Title not Specified)",,0,Uncategorized
"Bungo Stray Dogs (Series, Title Not Specified)",,0,Uncategorized
Capricous,,0,Uncategorized
"Case Closed (Series, Title Not Specified)",Violence & mature themes,1,Violence & mature themes
Castle of Lies,Age-appropriateness concerns,1,Age-appropriateness concerns
Crash into You (KM),Age-appropriateness concerns,1,Age-appropriateness concerns
Crazy Rich Asians,Sexual or romantic content,1,Sexual or romantic content
Dare You To,Age-appropriateness concerns,1,Age-appropriateness concerns
Daughter of Chaos,Age-appropriateness concerns,1,Age-appropriateness concerns
Discovery of Witches,,0,Uncategorized
Dogchild,Age-appropriateness concerns; Violence & mature themes,2,Age-appropriateness concerns
Durarara!! Vol. 2,Sexual or romantic content,1,Sexual or romantic content
Elysium Girls,Age-appropriateness concerns,1,Age-appropriateness concerns
Every Young Man's Battle: Strategies for Victory in the Real World of Sexual Temptation,Religion & worldview; Sexual or romantic content,2,Religion & worldview
"Fist of the North Star (Series, Title not Specified)",,0,Uncategorized
Gentleman,,0,Uncategorized
Guantanamo Voices: True Accounts from the World's Infamous Prison,,0,Uncategorized
H.G. Wells: The Invisible Man,,0,Uncategorized
H.G. Wells: The Time Machine,,0,Uncategorized
Have a Little Faith In Me,Age-appropriateness concerns; Sexual or romantic content,2,Age-appropriateness concerns
History of Wolves,,0,Uncategorized
Home Field Advantage,Age-appropriateness concerns; Violence & mature themes,2,Age-appropriateness concerns
"I am Nujood, Divorced at 10",Mental health & trauma,1,Mental health & trauma
I Hate Everyone But You,Age-appropriateness concerns,1,Age-appropriateness concerns
I Kill Giants,Violence & mature themes,1,Violence & mature themes
"I See London, I see France",Age-appropriateness concerns; Mental health & trauma; Violence & mature themes,3,Age-appropriateness concerns
I was the Cat,Age-appropriateness concerns,1,Age-appropriateness concerns
If You're Out There,Age-appropriateness concerns,1,Age-appropriateness concerns
"InuYasha (Series, Title not Specified)",,0,Uncategorized
Kingdom of the Wicked (KM),Age-appropriateness concerns; Violence & mature themes,2,Age-appropriateness concerns
Kissing Lessons,Age-appropriateness concerns,1,Age-appropriateness concerns
LaRose,,0,Uncategorized
"Lies, Knives, and Girls in Red Dresses",Age-appropriateness concerns,1,Age-appropriateness concerns
Long Way Home,Age-appropriateness concerns,1,Age-appropriateness concerns
Lying in the Deep,Age-appropriateness concerns; Violence & mature themes,2,Age-appropriateness concerns
Machete Squad,Violence & mature themes,1,Violence & mature themes
Manga Shakespere: The Tempest,Age-appropriateness concerns,1,Age-appropriateness concerns
"Marbles: Mania, Depression, Michelangelo, and Me: A Graphic Memoir",,0,Uncategorized
Memoirs of a Teenage Amnesiac,Age-appropriateness concerns,1,Age-appropriateness concerns
Middlegame,,0,Uncategorized
"My Hero Academia, Vigilantes Vol. 1",,0,Uncategorized
"My Hero Academia, Vigilantes Vol. 2",,0,Uncategorized
My Life Next Door,Age-appropriateness concerns,1,Age-appropriateness concerns
Nightbane,Age-appropriateness concerns,1,Age-appropriateness concerns
Notes from My Captivity,Age-appropriateness concerns; Violence & mature themes,2,Age-appropriateness concerns
Nowhere But Here,Age-appropriateness concerns,1,Age-appropriateness concerns
Only A Breath Apart,Age-appropriateness concerns,1,Age-appropriateness concerns
Only Ashes Remain,Age-appropriateness concerns; Violence & mature themes,2,Age-appropriateness concerns
Our Chemical Hearts,Age-appropriateness concerns,1,Age-appropriateness concerns
Paper Girls (Series Title Not Specified),,0,Uncategorized
Paper Palace,Mental health & trauma; Sexual or romantic content,2,Mental health & trauma
Path of Night,Age-appropriateness concerns,1,Age-appropriateness concerns
Plague Land No Escape,Age-appropriateness concerns; Mental health & trauma,2,Age-appropriateness concerns
Plague Land Reborn,Age-appropriateness concerns; Mental health & trauma; Violence & mature themes,3,Age-appropriateness concerns
Private Lessons,Age-appropriateness concerns; Sexual or romantic content,2,Age-appropriateness concerns
Raven Summer,Age-appropriateness concerns; Violence & mature themes,2,Age-appropriateness concerns
Ready Player Two,Violence & mature themes,1,Violence & mature themes
Recipe for Hate,Age-appropriateness concerns,1,Age-appropriateness concerns
Red Ink,Age-appropriateness concerns; Violence & mature themes,2,Age-appropriateness concerns
Right Where You Left Me,Age-appropriateness concerns; Race & systemic inequality,2,Age-appropriateness concerns
"Rosario and Vampire (Series, Title Not Specified)",,0,Uncategorized
Runaway Girl: Escaping Life on the Streets,Mental health & trauma; Sexual or romantic content,2,Mental health & trauma
Say You'll Remember Me,Age-appropriateness concerns,1,Age-appropriateness concerns
Season of Storms,,0,Uncategorized
Season of the Witch (SRB),Age-appropriateness concerns,1,Age-appropriateness concerns
Seeds of Yesterday,Age-appropriateness concerns; Sexual or romantic content; Violence & mature themes,3,Age-appropriateness concerns
"Seven Deadly Sins (Series, Title not Specified)",,0,Uncategorized
Seven Endless Forests,Age-appropriateness concerns,1,Age-appropriateness concerns
Ship of Smoke and Steel,Age-appropriateness concerns,1,Age-appropriateness concerns
Small Great Things,Race & systemic inequality,1,Race & systemic inequality
"Snow, Glass, Apples",,0,Uncategorized
Social Intercourse,Age-appropriateness concerns; LGBTQ+ identity & sexuality; Mental health & trauma,3,Age-appropriateness concerns
"Soul Eater, Vol. 18",,0,Uncategorized
"Soul Eater, Vol. 19",,0,Uncategorized
"Soul Eater, Vol. 20",,0,Uncategorized
"Soul Eater, Vol. 24",Violence & mature themes,1,Violence & mature themes
"Soul Eater, Vol. 25",,0,Uncategorized
Take Me On,Age-appropriateness concerns,1,Age-appropriateness concerns
The Accidential Bad Girl,Age-appropriateness concerns; Mental health & trauma,2,Age-appropriateness concerns
The Awesome,Age-appropriateness concerns; Violence & mature themes,2,Age-appropriateness concerns
The Burnouts,Age-appropriateness concerns,1,Age-appropriateness concerns
The Color of Heaven,,0,Uncategorized
The Color of Water,,0,Uncategorized
The Complete Persepolis: Volumes 1 and 2,,0,Uncategorized
The Drawing of the Three - Bitter Medicine,,0,Uncategorized
The Drawing of the Three - House of Cards,,0,Uncategorized
The Drawing of the Three - Lady of Shadows,,0,Uncategorized
The Drawing of the Three - The Prisoner,,0,Uncategorized
"The Girl, the Guy, the Artist, and His Ex",Age-appropriateness concerns,1,Age-appropriateness concerns
The Gunslinger - Last Shots,,0,Uncategorized
The Gunslinger - The Battle of Tull,,0,Uncategorized
The Gunslinger - The Journey Begins,,0,Uncategorized
The Gunslinger - The Man in Black,,0,Uncategorized
The Gunslinger - The Way Station,,0,Uncategorized
The Invisible Life of Ivan lsaenko,,0,Uncategorized
The Lady of the Lake,Violence & mature themes,1,Violence & mature themes
"The Last Duel: A True Story of Crime, Scandal and Trial by Combat",Violence & mature themes,1,Violence & mature themes
The Last Field Party,Age-appropriateness concerns,1,Age-appropriateness concerns
The Loners (LT),Age-appropriateness concerns,1,Age-appropriateness concerns
The Nickel Boys,Mental health & trauma; Race & systemic inequality; Sexual or romantic content,3,Mental health & trauma
The Pain Eater,Age-appropriateness concerns,1,Age-appropriateness concerns
The Rising Gold,Age-appropriateness concerns,1,Age-appropriateness concerns
The Saints,Age-appropriateness concerns,1,Age-appropriateness concerns
The Stan,Violence & mature themes,1,Violence & mature themes
The Stand-In,Age-appropriateness concerns,1,Age-appropriateness concerns
The Time of Contempt,,0,Uncategorized
The Tower of Swallows,Religion & worldview; Violence & mature themes,2,Religion & worldview
The Umbrella Academy: Apocalypse Suite,,0,Uncategorized
The Umbrella Academy: Dallas,,0,Uncategorized
The Umbrella Academy: Hotel Oblivion,,0,Uncategorized
The Waiting Tree,,0,Uncategorized
"The Walking Dead (Series, Title Not Specified)",Violence & mature themes,1,Violence & mature themes
Thorn,Age-appropriateness concerns,1,Age-appropriateness concerns
Trench Dogs,Violence & mature themes,1,Violence & mature themes
Tripping Back Blue,Age-appropriateness concerns; Mental health & trauma; Violence & mature themes,3,Age-appropriateness concerns
User,Sexual or romantic content,1,Sexual or romantic content
Wacky Wednesday,Age-appropriateness concerns,1,Age-appropriateness concerns
Walk the Edge,Age-appropriateness concerns,1,Age-appropriateness concerns
"We Stand on Guard (Series, Title Not Specified)",,0,Uncategorized
When Dimple Met Rishi,Age-appropriateness concerns,1,Age-appropriateness concerns
When Villians Rise,Age-appropriateness concerns,1,Age-appropriateness concerns
Zombies vs. Unicorns,Age-appropriateness concerns; Violence & mature themes,2,Age-appropriateness concerns
Becoming Billie Holiday,Age-appropriateness concerns,1,Age-appropriateness concerns
"Blade (Series, Title Not Specified)",Age-appropriateness concerns,1,Age-appropriateness concerns
Carols and Chaos,,0,Uncategorized
Endgame,,0,Uncategorized
Enemies,Age-appropriateness concerns,1,Age-appropriateness concerns
Everything is Illuminated,Violence & mature themes,1,Violence & mature themes
Firestorm (TB),Age-appropriateness concerns,1,Age-appropriateness concerns
Fledgling,Race & systemic inequality,1,Race & systemic inequality
Flight,Age-appropriateness concerns; Race & systemic inequality; Violence & mature themes,3,Age-appropriateness concerns
House of Leaves,Violence & mature themes,1,Violence & mature themes
I am Not Your Perfect Mexican Daughter,Age-appropriateness concerns; Mental health & trauma,2,Age-appropriateness concerns
I'll Give you the Sun,Age-appropriateness concerns; LGBTQ+ identity & sexuality; Sexual or romantic content,3,Age-appropriateness concerns
Killing Comendatore,Violence & mature themes,1,Violence & mature themes
Like A Love Story,Age-appropriateness concerns; LGBTQ+ identity & sexuality,2,Age-appropriateness concerns
Longbow Girl,Age-appropriateness concerns,1,Age-appropriateness concerns
Losers Bracket,Age-appropriateness concerns,1,Age-appropriateness concerns
"Love, Hate and Other Filters",Age-appropriateness concerns,1,Age-appropriateness concerns
My Brother's Keeper,,0,Uncategorized
Naondel,Age-appropriateness concerns,1,Age-appropriateness concerns
She who Became the Sun,LGBTQ+ identity & sexuality,1,LGBTQ+ identity & sexuality
Summoning,,0,Uncategorized
The Death of Vivek Oji,Violence & mature themes,1,Violence & mature themes
The Executioner,Violence & mature themes,1,Violence & mature themes
Wild Girls,Age-appropriateness concerns,1,Age-appropriateness concerns
A Hundred Vicious Turns,Age-appropriateness concerns; LGBTQ+ identity & sexuality,2,Age-appropriateness concerns
A Million to One,Age-appropriateness concerns,1,Age-appropriateness concerns
Aces Wild: A Heist,Age-appropriateness concerns,1,Age-appropriateness concerns
Alex,Violence & mature themes,1,Violence & mature themes
All Eyes On Us,Age-appropriateness concerns; LGBTQ+ identity & sexuality; Violence & mature themes,3,Age-appropriateness concerns
"An Infinite Number of Parallel Universes: In Real Life, You Need Real Friends",Age-appropriateness concerns; LGBTQ+ identity & sexuality,2,Age-appropriateness concerns
Answers in the Pages,Age-appropriateness concerns; LGBTQ+ identity & sexuality,2,Age-appropriateness concerns
Asexual,,0,Uncategorized
"Batcat, Vol. 1",Age-appropriateness concerns,1,Age-appropriateness concerns
Batcat: Sink or Swim!,Age-appropriateness concerns; Mental health & trauma,2,Age-appropriateness concerns
Before We Were Blue,Age-appropriateness concerns,1,Age-appropriateness concerns
Belly Up,Age-appropriateness concerns,1,Age-appropriateness concerns
Beyond Clueless,Age-appropriateness concerns,1,Age-appropriateness concerns
Beyond Male and Female: The Gender Identity Spectrum,LGBTQ+ identity & sexuality,1,LGBTQ+ identity & sexuality
Bisexual and Pansexual,,0,Uncategorized
"Bleach, Vol. 23",,0,Uncategorized
"Bleach, Vol. 60",,0,Uncategorized
Body and Mind: LGBTQ Health Issues,LGBTQ+ identity & sexuality; Mental health & trauma; Sexual or romantic content,3,LGBTQ+ identity & sexuality
Brooms,Age-appropriateness concerns; LGBTQ+ identity & sexuality,2,Age-appropriateness concerns
Bum Rush the Page: A Def Poetry Jam,,0,Uncategorized
Caitlyn Jenner,Age-appropriateness concerns; LGBTQ+ identity & sexuality; Mental health & trauma,3,Age-appropriateness concerns
Can We Achieve Gender Equality,Age-appropriateness concerns; LGBTQ+ identity & sexuality,2,Age-appropriateness concerns
Clarion Call,Age-appropriateness concerns,1,Age-appropriateness concerns
Cold Falling White,Age-appropriateness concerns; Violence & mature themes,2,Age-appropriateness concerns
Confessions of a Teenage Drag King,Age-appropriateness concerns; LGBTQ+ identity & sexuality; Sexual or romantic content,3,Age-appropriateness concerns
Cosmetic Surgery,,0,Uncategorized
Court of the Undying Season,Age-appropriateness concerns; LGBTQ+ identity & sexuality; Violence & mature themes,3,Age-appropriateness concerns
Dead End Girls,Age-appropriateness concerns; LGBTQ+ identity & sexuality; Violence & mature themes,3,Age-appropriateness concerns
Dealing with Gender Dysphoria,LGBTQ+ identity & sexuality; Mental health & trauma,2,LGBTQ+ identity & sexuality
Dig Two Graves,Age-appropriateness concerns; Violence & mature themes,2,Age-appropriateness concerns
Double Challenge: Being LGBTQ and a Minority,LGBTQ+ identity & sexuality; Mental health & trauma; Sexual or romantic content; Violence & mature themes,4,LGBTQ+ identity & sexuality
Double Exposure,Age-appropriateness concerns,1,Age-appropriateness concerns
"Drizzle, Dreams, and Lovestruck Things",Age-appropriateness concerns,1,Age-appropriateness concerns
El gris,,0,Uncategorized
Empress of the World,Age-appropriateness concerns; LGBTQ+ identity & sexuality; Sexual or romantic content,3,Age-appropriateness concerns
Everything Grows,Age-appropriateness concerns; LGBTQ+ identity & sexuality; Mental health & trauma,3,Age-appropriateness concerns
Fathersonfather,Age-appropriateness concerns; LGBTQ+ identity & sexuality,2,Age-appropriateness concerns
Female to Male Transgender and Transmasculine Identities,,0,Uncategorized
Flip the Script,Age-appropriateness concerns,1,Age-appropriateness concerns
Forever is Now,Age-appropriateness concerns; Mental health & trauma,2,Age-appropriateness concerns
Frannie and Tru,Age-appropriateness concerns,1,Age-appropriateness concerns
Frío cae blanco,,0,Uncategorized
From Archie to Zach: A Picture Book,Age-appropriateness concerns; LGBTQ+ identity & sexuality,2,Age-appropriateness concerns
"Gay, Lesbian, Bisexual, and Transgender Events, 1848-2006",LGBTQ+ identity & sexuality; Race & systemic inequality,2,LGBTQ+ identity & sexuality
Gender Expansive,,0,Uncategorized
Gender Fulfilled: Being Transgender,LGBTQ+ identity & sexuality,1,LGBTQ+ identity & sexuality
Gender Identity,Age-appropriateness concerns; LGBTQ+ identity & sexuality,2,Age-appropriateness concerns
Gender Issues,,0,Uncategorized
Gender: Roles & Rights,,0,Uncategorized
Giovanni's Room,LGBTQ+ identity & sexuality; Sexual or romantic content; Violence & mature themes,3,LGBTQ+ identity & sexuality
Girl Haven,Age-appropriateness concerns; LGBTQ+ identity & sexuality,2,Age-appropriateness concerns
Girlness: Deal With it Body and Soul,Age-appropriateness concerns,1,Age-appropriateness concerns
Going Bicoastal,Age-appropriateness concerns; LGBTQ+ identity & sexuality,2,Age-appropriateness concerns
Health Issues When You're Transgender,Age-appropriateness concerns; LGBTQ+ identity & sexuality; Sexual or romantic content,3,Age-appropriateness concerns
Hockey Girl Loves Drama Boy,Age-appropriateness concerns,1,Age-appropriateness concerns
Homosexuality (AO),LGBTQ+ identity & sexuality; Sexual or romantic content,2,LGBTQ+ identity & sexuality
How to Find a Missing Girl,Age-appropriateness concerns; Violence & mature themes,2,Age-appropriateness concerns
Human Rights in Focus: The LGBT Community,Age-appropriateness concerns; LGBTQ+ identity & sexuality,2,Age-appropriateness concerns
I: New and Selected Poems,,0,Uncategorized
I'll Take Everything You Have,Age-appropriateness concerns; LGBTQ+ identity & sexuality; Mental health & trauma,3,Age-appropriateness concerns
Ice Song,LGBTQ+ identity & sexuality,1,LGBTQ+ identity & sexuality
Identify,Age-appropriateness concerns,1,Age-appropriateness concerns
"Imogen, Obviously",Age-appropriateness concerns; LGBTQ+ identity & sexuality,2,Age-appropriateness concerns
In the Houses of the Holy: Led Zeppelin and the Power of Rock Music,,0,Uncategorized
In the Shadow of the Mountain: A Memoir of Courage,Mental health & trauma,1,Mental health & trauma
Intersex,,0,Uncategorized
"Ironhead, or, Once a Young Lady",Age-appropriateness concerns,1,Age-appropriateness concerns
Jude Saves the World,Age-appropriateness concerns; LGBTQ+ identity & sexuality,2,Age-appropriateness concerns
Just Lizzie,Age-appropriateness concerns; Sexual or romantic content,2,Age-appropriateness concerns
Killers and Other Family,,0,Uncategorized
La luna dentro de mí,Age-appropriateness concerns,1,Age-appropriateness concerns
La teoría de lo perfecto,Age-appropriateness concerns,1,Age-appropriateness concerns
Last Chance Dance,Age-appropriateness concerns,1,Age-appropriateness concerns
Leroy,Age-appropriateness concerns; LGBTQ+ identity & sexuality,2,Age-appropriateness concerns
"LGBT Families: Lesbian, Gay, Bisexual, and Transgender",LGBTQ+ identity & sexuality,1,LGBTQ+ identity & sexuality
LGBT Intolerance,LGBTQ+ identity & sexuality; Violence & mature themes,2,LGBTQ+ identity & sexuality
LGBTQ at Work: Your Personal and Working Life,LGBTQ+ identity & sexuality; Sexual or romantic content,2,LGBTQ+ identity & sexuality
LGBTQ Without Borders: International Life,LGBTQ+ identity & sexuality; Sexual or romantic content,2,LGBTQ+ identity & sexuality
"LGBTQ: The Survival Guide for Lesbian, Gay, Bisexual, Transgender, and Questioning Teens",Age-appropriateness concerns; LGBTQ+ identity & sexuality; Sexual or romantic content,3,Age-appropriateness concerns
LGBTQ+ Discrimination,Age-appropriateness concerns; LGBTQ+ identity & sexuality,2,Age-appropriateness concerns
Lilla the Accidental Witch,Age-appropriateness concerns,1,Age-appropriateness concerns
Look on the Bright Side,Age-appropriateness concerns,1,Age-appropriateness concerns
Love & Leftovers,Age-appropriateness concerns,1,Age-appropriateness concerns
Love & Other Curses,Age-appropriateness concerns; LGBTQ+ identity & sexuality,2,Age-appropriateness concerns
Love Letters for Joy,Age-appropriateness concerns; LGBTQ+ identity & sexuality,2,Age-appropriateness concerns
"Love Makes a Family: Friends, Family, and Significant Others",LGBTQ+ identity & sexuality,1,LGBTQ+ identity & sexuality
Love Somebody,Age-appropriateness concerns,1,Age-appropriateness concerns
"Love, Creekwood",Age-appropriateness concerns,1,Age-appropriateness concerns
Male To Female Transgender and Transfeminine Identities,Age-appropriateness concerns; LGBTQ+ identity & sexuality; Sexual or romantic content,3,Age-appropriateness concerns
Maria,Age-appropriateness concerns; LGBTQ+ identity & sexuality,2,Age-appropriateness concerns
Melt With You,Age-appropriateness concerns; LGBTQ+ identity & sexuality,2,Age-appropriateness concerns
Middletown,Age-appropriateness concerns,1,Age-appropriateness concerns
Mikala,Age-appropriateness concerns; LGBTQ+ identity & sexuality,2,Age-appropriateness concerns
Missing Clarissa,Age-appropriateness concerns; Violence & mature themes,2,Age-appropriateness concerns
Monster of the Week,Age-appropriateness concerns,1,Age-appropriateness concerns
My Body Belongs to Me = Mi Cuerpo me Pertenece,Age-appropriateness concerns; Mental health & trauma; Sexual or romantic content,3,Age-appropriateness concerns
Needlework,Age-appropriateness concerns; Mental health & trauma,2,Age-appropriateness concerns
Never-Contented Things,Age-appropriateness concerns,1,Age-appropriateness concerns
Northranger: A Modern Graphic Novel Retelling of Jane Austen's Northanger Abbey,Age-appropriateness concerns; LGBTQ+ identity & sexuality,2,Age-appropriateness concerns
Not in Room 204: Breaking the Silence of Abuse,Age-appropriateness concerns; Mental health & trauma; Sexual or romantic content,3,Age-appropriateness concerns
On Top of Glass: My Stories as a Queer Girl in Figure Skating,LGBTQ+ identity & sexuality,1,LGBTQ+ identity & sexuality
Only Pieces,Age-appropriateness concerns; LGBTQ+ identity & sexuality,2,Age-appropriateness concerns
Otherwise,Age-appropriateness concerns; Mental health & trauma,2,Age-appropriateness concerns
Out!: How to be Your Authentic Self,LGBTQ+ identity & sexuality,1,LGBTQ+ identity & sexuality
Pauli Murray: The Life of a Pioneering Feminist and Civil Rights Activist,Age-appropriateness concerns; LGBTQ+ identity & sexuality; Race & systemic inequality,3,Age-appropriateness concerns
Pedro & Daniel,Age-appropriateness concerns; LGBTQ+ identity & sexuality,2,Age-appropriateness concerns
Planning Perfect,Age-appropriateness concerns,1,Age-appropriateness concerns
Please Send Help,Age-appropriateness concerns; LGBTQ+ identity & sexuality,2,Age-appropriateness concerns
Polyamorous,,0,Uncategorized
Pride: The LGBTQ+ Rights Movement: A Photographic Journey,LGBTQ+ identity & sexuality; Sexual or romantic content,2,LGBTQ+ identity & sexuality
Pritty,Age-appropriateness concerns; Mental health & trauma; Violence & mature themes,3,Age-appropriateness concerns
Project Nought,Age-appropriateness concerns,1,Age-appropriateness concerns
Queer as a Five-Dollar Bill: What if You Knew a Secret from History that Could Change the World?,Age-appropriateness concerns; LGBTQ+ identity & sexuality,2,Age-appropriateness concerns
Queerstory: An Infographic History of the Fight for LGBTQ+ Rights,,0,Uncategorized
"Ranma 1/2, Vol. 11",,0,Uncategorized
"Ranma 1/2, Vol. 20",,0,Uncategorized
"Ranma 1/2, Vol. 21",,0,Uncategorized
Ravensong (CF),Age-appropriateness concerns,1,Age-appropriateness concerns
Read Me Like a Book,Age-appropriateness concerns,1,Age-appropriateness concerns
Reign of the Fallen,Age-appropriateness concerns; LGBTQ+ identity & sexuality,2,Age-appropriateness concerns
Representing the Rainbow in Young Adult Literature: LGBTQ+ Content Since 1969,LGBTQ+ identity & sexuality; Sexual or romantic content,2,LGBTQ+ identity & sexuality
Right Where I Left You,Age-appropriateness concerns; LGBTQ+ identity & sexuality; Mental health & trauma,3,Age-appropriateness concerns
Rough Patch,Age-appropriateness concerns; LGBTQ+ identity & sexuality,2,Age-appropriateness concerns
Sexual Orientation,Sexual or romantic content,1,Sexual or romantic content
Shatter the Sky,Age-appropriateness concerns,1,Age-appropriateness concerns
She is a Haunting,Age-appropriateness concerns; Race & systemic inequality,2,Age-appropriateness concerns
Skin (AV),Age-appropriateness concerns; Sexual or romantic content,2,Age-appropriateness concerns
Social Change in the Twenty-First Century,LGBTQ+ identity & sexuality,1,LGBTQ+ identity & sexuality
Some Girls Do,Age-appropriateness concerns; LGBTQ+ identity & sexuality,2,Age-appropriateness concerns
Song of the Dead,Age-appropriateness concerns,1,Age-appropriateness concerns
Stand Up for LGBTQ rights,LGBTQ+ identity & sexuality,1,LGBTQ+ identity & sexuality
Strictly No Heroics,Age-appropriateness concerns; LGBTQ+ identity & sexuality; Violence & mature themes,3,Age-appropriateness concerns
"Surviving the City, Vol. 2: From the Roots Up",,0,Uncategorized
Take Me Out: A Play,LGBTQ+ identity & sexuality,1,LGBTQ+ identity & sexuality
The Contradictions,LGBTQ+ identity & sexuality; Mental health & trauma,2,LGBTQ+ identity & sexuality
The Devouring Gray,Age-appropriateness concerns; LGBTQ+ identity & sexuality; Violence & mature themes,3,Age-appropriateness concerns
The Devouring Wolf,Age-appropriateness concerns; LGBTQ+ identity & sexuality,2,Age-appropriateness concerns
The Edge of the Water,Age-appropriateness concerns,1,Age-appropriateness concerns
The fae keeper,Age-appropriateness concerns,1,Age-appropriateness concerns
The Fight,Age-appropriateness concerns; LGBTQ+ identity & sexuality; Mental health & trauma,3,Age-appropriateness concerns
The Gentleman's Guide to Getting Lucky,Age-appropriateness concerns; LGBTQ+ identity & sexuality,2,Age-appropriateness concerns
"The Hazards of Love, Book One: Bright World",Age-appropriateness concerns; LGBTQ+ identity & sexuality,2,Age-appropriateness concerns
The House of Impossible Beauties,LGBTQ+ identity & sexuality; Mental health & trauma; Sexual or romantic content,3,LGBTQ+ identity & sexuality
The Inside of Out,Age-appropriateness concerns; LGBTQ+ identity & sexuality; Sexual or romantic content,3,Age-appropriateness concerns
The Lost Coast,Age-appropriateness concerns; LGBTQ+ identity & sexuality; Violence & mature themes,3,Age-appropriateness concerns
The Mirror Season,Age-appropriateness concerns; Mental health & trauma,2,Age-appropriateness concerns
"The Ojja-Wojja: A Horror-Mystery, or Whatever",Age-appropriateness concerns; LGBTQ+ identity & sexuality,2,Age-appropriateness concerns
The Princess and the Grilled Cheese Sandwich,Age-appropriateness concerns,1,Age-appropriateness concerns
The Questions Within,LGBTQ+ identity & sexuality; Mental health & trauma,2,LGBTQ+ identity & sexuality
The Rules and Regulations for Mediating Myths & Magic,Age-appropriateness concerns,1,Age-appropriateness concerns
The Space Between,Age-appropriateness concerns; Sexual or romantic content,2,Age-appropriateness concerns
The Spy with the Red Balloon,Age-appropriateness concerns,1,Age-appropriateness concerns
The truth Is,Age-appropriateness concerns; LGBTQ+ identity & sexuality; Sexual or romantic content,3,Age-appropriateness concerns
The World that Belongs to Us: An Anthology of Queer Poetry from South Asia,LGBTQ+ identity & sexuality; Sexual or romantic content,2,LGBTQ+ identity & sexuality
The Year My Life Went Down the Toilet,Age-appropriateness concerns,1,Age-appropriateness concerns
Then Everything Happens at Once,Age-appropriateness concerns; Sexual or romantic content,2,Age-appropriateness concerns
They Call Me a Hero: A Memoir of My Youth,Age-appropriateness concerns,1,Age-appropriateness concerns
This Dark Descent,Age-appropriateness concerns,1,Age-appropriateness concerns
This Is How It Always Is,,0,Uncategorized
Thronebreakers,Age-appropriateness concerns; Violence & mature themes,2,Age-appropriateness concerns
Tom,Age-appropriateness concerns; LGBTQ+ identity & sexuality; Mental health & trauma,3,Age-appropriateness concerns
Tomboy: una chica ruda,Age-appropriateness concerns,1,Age-appropriateness concerns
Transgender Health Issues,LGBTQ+ identity & sexuality; Sexual or romantic content,2,LGBTQ+ identity & sexuality
Transgender People (RE),Religion & worldview,1,Religion & worldview
Trevor: A Novella,Age-appropriateness concerns; LGBTQ+ identity & sexuality; Mental health & trauma,3,Age-appropriateness concerns
Understanding Sexual Identity and Orientation,Sexual or romantic content,1,Sexual or romantic content
Undone,Mental health & trauma; Violence & mature themes,2,Mental health & trauma
Violence Against the LGBTQ Community,,0,Uncategorized
"Wandering Son, Vol. 3",LGBTQ+ identity & sexuality; Sexual or romantic content,2,LGBTQ+ identity & sexuality
Wayward Witch,Age-appropriateness concerns; Religion & worldview,2,Age-appropriateness concerns
We Were Promised Spotlights,Age-appropriateness concerns; LGBTQ+ identity & sexuality,2,Age-appropriateness concerns
What We Left Behind,Age-appropriateness concerns; LGBTQ+ identity & sexuality,2,Age-appropriateness concerns
When Light Shatters,,0,Uncategorized
When You're Ready: Coming Out,LGBTQ+ identity & sexuality; Mental health & trauma; Sexual or romantic content,3,LGBTQ+ identity & sexuality
Where the Lockwood Grows,Age-appropriateness concerns,1,Age-appropriateness concerns
Who I Was With Her,Age-appropriateness concerns; LGBTQ+ identity & sexuality,2,Age-appropriateness concerns
Witches of Ash & Ruin,Age-appropriateness concerns; LGBTQ+ identity & sexuality; Violence & mature themes,3,Age-appropriateness concerns
Wonnie,Age-appropriateness concerns; LGBTQ+ identity & sexuality,2,Age-appropriateness concerns
Wren Martin Ruins it All,Age-appropriateness concerns; Violence & mature themes,2,Age-appropriateness concerns
You Are Not Alone: Finding Your LGBTQ Community,LGBTQ+ identity & sexuality,1,LGBTQ+ identity & sexuality
You're So Dead,Age-appropriateness concerns; Religion & worldview; Violence & mature themes,3,Age-appropriateness concerns
Your Own Safety,Age-appropriateness concerns,1,Age-appropriateness concerns
Aphrodite: Goddess of Love and Beauty,Age-appropriateness concerns,1,Age-appropriateness concerns
Build Strong Communities: The Power of Empathy and Respect,Age-appropriateness concerns,1,Age-appropriateness concerns
Children's Book of Art,Age-appropriateness concerns,1,Age-appropriateness concerns
Confessions of An Alleged Good Girl,Age-appropriateness concerns; Sexual or romantic content,2,Age-appropriateness concerns
"Deephaven: A Gothic Middle Grade Novel of Secrets, Shadows, and Unraveling Darkness at Deephaven Academy",Age-appropriateness concerns; LGBTQ+ identity & sexuality,2,Age-appropriateness concerns
Everything You Need for a Treehouse,Age-appropriateness concerns,1,Age-appropriateness concerns
Hate Crime in America: From Prejudice to Violence,Age-appropriateness concerns; LGBTQ+ identity & sexuality; Sexual or romantic content,3,Age-appropriateness concerns
Heartstopper 1 (Spanish Edition),Age-appropriateness concerns; LGBTQ+ identity & sexuality; Sexual or romantic content,3,Age-appropriateness concerns
If You'll Have Me,Age-appropriateness concerns,1,Age-appropriateness concerns
"Ironhead, Or, Once a Young Lady",Age-appropriateness concerns,1,Age-appropriateness concerns
"Jacob's School Play: Starring He, She, and They",Age-appropriateness concerns; LGBTQ+ identity & sexuality,2,Age-appropriateness concerns
"Nevertheless, We Persisted: 48 Voices of Defiance, Strength, and Courage",,0,Uncategorized
No Bows!,Age-appropriateness concerns,1,Age-appropriateness concerns
No Place for Fairy Tales,LGBTQ+ identity & sexuality,1,LGBTQ+ identity & sexuality
Puzzleheart,Age-appropriateness concerns,1,Age-appropriateness concerns
Sam is My Sister,Age-appropriateness concerns; LGBTQ+ identity & sexuality,2,Age-appropriateness concerns
Speak Up!,Mental health & trauma,1,Mental health & trauma
Sylvia Rivera,LGBTQ+ identity & sexuality,1,LGBTQ+ identity & sexuality
The Blood Runs Like a River Through My Dreams,Race & systemic inequality,1,Race & systemic inequality
The Borrow a Boyfriend Club,Age-appropriateness concerns; LGBTQ+ identity & sexuality,2,Age-appropriateness concerns
"The Hips on the Drag Queen Go Swish, Swish, Swish",Age-appropriateness concerns; LGBTQ+ identity & sexuality,2,Age-appropriateness concerns
The Paper Bag Princess,Age-appropriateness concerns,1,Age-appropriateness concerns
The Ultimate Art Museum,Age-appropriateness concerns; Sexual or romantic content,2,Age-appropriateness concerns
This Book is Feminist: An Intersecting Primer for Next-Gen Changemakers,Age-appropriateness concerns; Gender politics & feminism,2,Age-appropriateness concerns
Transgender People,Religion & worldview,1,Religion & worldview
Yes! No! A First Conversation about Consent,Age-appropriateness concerns,1,Age-appropriateness concerns
Gravity (LL),Age-appropriateness concerns; LGBTQ+ identity & sexuality; Religion & worldview,3,Age-appropriateness concerns
Speak (Audio),Age-appropriateness concerns; Mental health & trauma,2,Age-appropriateness concerns
¡Sí! somos Latinos,Age-appropriateness concerns,1,Age-appropriateness concerns
¿Quién es Carmen Sandiego?,Age-appropriateness concerns,1,Age-appropriateness concerns
The Faceless Ghost and Other Macabre Tales from Japan,,0,Uncategorized
#MeToo: Unveiling Abuse,Sexual or romantic content,1,Sexual or romantic content
#WomensMarch: Insisting on Equality,Age-appropriateness concerns; Sexual or romantic content,2,Age-appropriateness concerns
13 Artists Children Should Know,Age-appropriateness concerns; Sexual or romantic content,2,Age-appropriateness concerns
1900-10: New Ways of Seeing,,0,Uncategorized
50 Contemporary Artists You Should Know,Sexual or romantic content; Violence & mature themes,2,Sexual or romantic content
8 Tiny Reindeer: An Advent Calendar Adventure,Age-appropriateness concerns,1,Age-appropriateness concerns
A Blind Spot for Boys,Age-appropriateness concerns,1,Age-appropriateness concerns
A Boy Called Bat,Age-appropriateness concerns,1,Age-appropriateness concerns
"A Devil and Her Love Song (Series, Title Not Specified)",,0,Uncategorized
A Game of Noctis,Age-appropriateness concerns,1,Age-appropriateness concerns
A History of Western Art: From Prehistory to the 20th Century,Sexual or romantic content,1,Sexual or romantic content
"A Mad, Wicked Folly",Age-appropriateness concerns,1,Age-appropriateness concerns
A Maze Me: Poems for Girls,Age-appropriateness concerns,1,Age-appropriateness concerns
A Midsummer Tights Dream,Age-appropriateness concerns,1,Age-appropriateness concerns
"A Mouth is Always Muzzled: Six Dissidents, Five Continents, and the Art of Resistance",Race & systemic inequality; Sexual or romantic content,2,Race & systemic inequality
A Pair of Socks,Age-appropriateness concerns,1,Age-appropriateness concerns
A Strange Wilderness: The Lives of the Great Mathematicians,,0,Uncategorized
A Tour of Your Digestive System,Age-appropriateness concerns,1,Age-appropriateness concerns
A Warp in Time,,0,Uncategorized
Aftercare Instructions,Age-appropriateness concerns,1,Age-appropriateness concerns
"Ajin: Demi-Human (Series, Title Not Specified)",Violence & mature themes,1,Violence & mature themes
Alive 4: The Final Evolution,,0,Uncategorized
All In,Age-appropriateness concerns; Violence & mature themes,2,Age-appropriateness concerns
Always Forever Maybe,Age-appropriateness concerns,1,Age-appropriateness concerns
Amanecer,Age-appropriateness concerns,1,Age-appropriateness concerns
Amari and the Night Brothers,,0,Uncategorized
Amazing Fantastic Incredible: A Marvelous Memoir,Violence & mature themes,1,Violence & mature themes
Amelia Earhart: Legendary Aviator,Age-appropriateness concerns,1,Age-appropriateness concerns
American Spy,Violence & mature themes,1,Violence & mature themes
Among the Betrayed,Age-appropriateness concerns; Violence & mature themes,2,Age-appropriateness concerns
Among the Hidden,Age-appropriateness concerns; Violence & mature themes,2,Age-appropriateness concerns
Among the Imposters,Age-appropriateness concerns,1,Age-appropriateness concerns
Ancient and Classical Art,Sexual or romantic content,1,Sexual or romantic content
Ancient Egyptian Art and Architecture,Age-appropriateness concerns,1,Age-appropriateness concerns
Ancient Greece and Rome: Myths and Beliefs,Age-appropriateness concerns,1,Age-appropriateness concerns
Ancient Medicine: From Sorcery to Surgery,Age-appropriateness concerns,1,Age-appropriateness concerns
Andy Warhol,,0,Uncategorized
Animals in Camouflage,Age-appropriateness concerns,1,Age-appropriateness concerns
Animation and Presentation From Scratch: An Augmented Reading Experience,,0,Uncategorized
"Ao Haru Ride (Series, Title Not Specified)",,0,Uncategorized
Arcady's Goal,Age-appropriateness concerns,1,Age-appropriateness concerns
Are There Rainbows on the Moon: Over 200 Weird and Wonderful Science Questions Answered,,0,Uncategorized
Art Deco: 1910-1939,,0,Uncategorized
Art Nouveau,,0,Uncategorized
"Art: From Cave Painting to Street Art - 40,000 Years of Creativity",,0,Uncategorized
"Art: Over 2,500 Works from Cave to Contemporary",,0,Uncategorized
Arte para niños con 6 grandes artistas,,0,Uncategorized
Asian Art Now,,0,Uncategorized
At Work: Twenty-five Contemporary Chinese Artists,Sexual or romantic content,1,Sexual or romantic content
Attack on Titan: Before the Fall,Age-appropriateness concerns,1,Age-appropriateness concerns
Attack on Titan: Colossal Edition.,,0,Uncategorized
Attack on Titan: End of the World,,0,Uncategorized
Baby Girl,Age-appropriateness concerns,1,Age-appropriateness concerns
Bad Deal,Age-appropriateness concerns,1,Age-appropriateness concerns
Bad Girls Never Say Die,Age-appropriateness concerns; Violence & mature themes,2,Age-appropriateness concerns
Bad Kitty Goes to the Vet,Age-appropriateness concerns,1,Age-appropriateness concerns
Bad Things Happen Here,Age-appropriateness concerns; Violence & mature themes,2,Age-appropriateness concerns
Bajo La Misma Estrella,Age-appropriateness concerns,1,Age-appropriateness concerns
"Beliefs, Rituals, and Symbols of Ancient Greece and Rome",,0,Uncategorized
Benedict Arnold: American Hero and Traitor,Age-appropriateness concerns,1,Age-appropriateness concerns
Benito Runs,Age-appropriateness concerns,1,Age-appropriateness concerns
Beowulf: A Graphic Novel (GH),Age-appropriateness concerns,1,Age-appropriateness concerns
Beowulf: A Graphic Novel (SG),Age-appropriateness concerns,1,Age-appropriateness concerns
Better Than Running at Night,Age-appropriateness concerns,1,Age-appropriateness concerns
"Beyond the Clouds: The Girl Who Fell from the Sky (Series, Title Not Specified)",,0,Uncategorized
"Black Clover (Series, Title Not Specified)",,0,Uncategorized
"Black Panther: A Nation Under Our Feet (Series, Title Not Specified)",,0,Uncategorized
Black-eyed Suzie,Age-appropriateness concerns,1,Age-appropriateness concerns
Blood Beast,Age-appropriateness concerns,1,Age-appropriateness concerns
Blue Bloods: The Graphic Novel,Age-appropriateness concerns,1,Age-appropriateness concerns
Body Image and Dysmorphia,Age-appropriateness concerns,1,Age-appropriateness concerns
Booker T. Washington: Gran educador Norteamericano,Age-appropriateness concerns,1,Age-appropriateness concerns
Bradley Fighting Vehicles,Age-appropriateness concerns,1,Age-appropriateness concerns
"Breakthrough! How Three People Saved ""Blue Babies"" and Changed Medicine Forever",Age-appropriateness concerns,1,Age-appropriateness concerns
Bright We Burn,Age-appropriateness concerns; Violence & mature themes,2,Age-appropriateness concerns
Brothers to the Death,Age-appropriateness concerns; Violence & mature themes,2,Age-appropriateness concerns
"Cagaster (Series, Title Not Specified)",,0,Uncategorized
Call the Shots,Age-appropriateness concerns; Violence & mature themes,2,Age-appropriateness concerns
Calling the Doves: El canto de las palomas,Age-appropriateness concerns,1,Age-appropriateness concerns
Camp,Age-appropriateness concerns; LGBTQ+ identity & sexuality; Sexual or romantic content,3,Age-appropriateness concerns
Cells to Organ Systems,Age-appropriateness concerns,1,Age-appropriateness concerns
Cesar Chavez: Fighting for Farmworkers,Age-appropriateness concerns,1,Age-appropriateness concerns
Chasing Brooklyn,Age-appropriateness concerns,1,Age-appropriateness concerns
"Check, Please! (Series, Title Not Specified)",Age-appropriateness concerns,1,Age-appropriateness concerns
"Chicagoland Detective Agency (Series, Title Not Specified)",,0,Uncategorized
Chihuly: On Fire,,0,Uncategorized
Children Who Kill: Profiles of Pre-Teen and Teenage Killers,Violence & mature themes,1,Violence & mature themes
Chinese Mythology A to Z,,0,Uncategorized
Christmas in México,Age-appropriateness concerns,1,Age-appropriateness concerns
City of Stone and Silence,Age-appropriateness concerns,1,Age-appropriateness concerns
Ciudades de Papel,Age-appropriateness concerns,1,Age-appropriateness concerns
Classical Art from Greece to Rome,,0,Uncategorized
Cloudy with a Chance of Meatballs,Age-appropriateness concerns,1,Age-appropriateness concerns
Coding in Scratch for Beginners,Age-appropriateness concerns,1,Age-appropriateness concerns
Contemporary Art,,0,Uncategorized
Corona cruel,Age-appropriateness concerns,1,Age-appropriateness concerns
Cougars,Age-appropriateness concerns,1,Age-appropriateness concerns
Crepúsculo: un amor peligroso,Age-appropriateness concerns,1,Age-appropriateness concerns
Cubism,,0,Uncategorized
Dance of Shadows,Age-appropriateness concerns; Violence & mature themes,2,Age-appropriateness concerns
Dance Team,Age-appropriateness concerns,1,Age-appropriateness concerns
Deadly Little Scandals,Age-appropriateness concerns; Violence & mature themes,2,Age-appropriateness concerns
Dealing With Sexual Harassment,Sexual or romantic content,1,Sexual or romantic content
Dealing with Teen Pregnancy,,0,Uncategorized
"Death Note: L, Change the WorLd",,0,Uncategorized
Death's Shadow,Age-appropriateness concerns,1,Age-appropriateness concerns
Desperation,Violence & mature themes,1,Violence & mature themes
Diego Rivera: An Artist for the People,Age-appropriateness concerns; Sexual or romantic content,2,Age-appropriateness concerns
Don't Tell a Soul,Age-appropriateness concerns; Violence & mature themes,2,Age-appropriateness concerns
Donald Trump,Age-appropriateness concerns; Race & systemic inequality,2,Age-appropriateness concerns
"Dr. Buenavista, Look",,0,Uncategorized
"Dragon Ball Z (Series, Title Not Specified)",,0,Uncategorized
Drawing From Memory,Age-appropriateness concerns,1,Age-appropriateness concerns
Dumile Feni: The Story of a Great Artist,Race & systemic inequality,1,Race & systemic inequality
El abismo,Age-appropriateness concerns,1,Age-appropriateness concerns
El cocodrilo que vino a cenar,Age-appropriateness concerns,1,Age-appropriateness concerns
El diario completamente verídico de un Indio a tiempo parcial,Age-appropriateness concerns,1,Age-appropriateness concerns
El épico fracaso de Arturo Zamora,Age-appropriateness concerns,1,Age-appropriateness concerns
El Gusano de Tequila,,0,Uncategorized
El libro salvaje,Age-appropriateness concerns,1,Age-appropriateness concerns
El teorema Katherine,Age-appropriateness concerns,1,Age-appropriateness concerns
El último héroe del Olimpo,Age-appropriateness concerns,1,Age-appropriateness concerns
Elske,Age-appropriateness concerns,1,Age-appropriateness concerns
Emeraldalicious: A Springtime Book For Kids,,0,Uncategorized
European Architecture in Details,,0,Uncategorized
Ever After,Age-appropriateness concerns,1,Age-appropriateness concerns
Everybody Paints!: The Lives and Art of the Wyeth Family,Age-appropriateness concerns; Sexual or romantic content,2,Age-appropriateness concerns
Everyone We've Been,Age-appropriateness concerns,1,Age-appropriateness concerns
"Fabulous Creatures, Mythical Monsters, and Animal Power Symbols: A Handbook",Violence & mature themes,1,Violence & mature themes
Fadeaway,Age-appropriateness concerns,1,Age-appropriateness concerns
Falling Through Darkness,Age-appropriateness concerns,1,Age-appropriateness concerns
Famous Last Words,Violence & mature themes,1,Violence & mature themes
Finding Your Identity,Age-appropriateness concerns,1,Age-appropriateness concerns
Fire in the Sky,Age-appropriateness concerns,1,Age-appropriateness concerns
Folk and Fairy Tales: A Handbook,,0,Uncategorized
"Food, Girls, and Other Things I Can't Have",Age-appropriateness concerns,1,Age-appropriateness concerns
Forests of the Night,Age-appropriateness concerns,1,Age-appropriateness concerns
Forward Me Back to You,Age-appropriateness concerns; Violence & mature themes,2,Age-appropriateness concerns
"Gabi, fragmentos de una adolescente",Age-appropriateness concerns; LGBTQ+ identity & sexuality; Sexual or romantic content,3,Age-appropriateness concerns
"Gin Tama (Series, Title Not Specified)",,0,Uncategorized
Girl Stays in the Picture,Age-appropriateness concerns,1,Age-appropriateness concerns
Girls on Film,Age-appropriateness concerns; LGBTQ+ identity & sexuality,2,Age-appropriateness concerns
Girls with Razor Hearts,Age-appropriateness concerns; Violence & mature themes,2,Age-appropriateness concerns
Girls with Rebel Souls,Age-appropriateness concerns; Violence & mature themes,2,Age-appropriateness concerns
Girls with Sharp Sticks,Age-appropriateness concerns,1,Age-appropriateness concerns
Godslayers,Age-appropriateness concerns; Violence & mature themes,2,Age-appropriateness concerns
Goliath Beetles,Age-appropriateness concerns,1,Age-appropriateness concerns
Gothic Art,Age-appropriateness concerns,1,Age-appropriateness concerns
Greek and Roman Mythology,Age-appropriateness concerns,1,Age-appropriateness concerns
Grounded for All Eternity,Age-appropriateness concerns,1,Age-appropriateness concerns
Growing up LGBTQ,Age-appropriateness concerns; LGBTQ+ identity & sexuality; Mental health & trauma,3,Age-appropriateness concerns
"Haiku U: From Aristotle to Zola, 100 Great Books in 17 Syllables",,0,Uncategorized
Halloween,Violence & mature themes,1,Violence & mature themes
Harriet the Spy,Age-appropriateness concerns,1,Age-appropriateness concerns
Hate List,Age-appropriateness concerns; Mental health & trauma; Violence & mature themes,3,Age-appropriateness concerns
Hawks,Age-appropriateness concerns,1,Age-appropriateness concerns
Headin' For Better Times: The Arts of the Great Depression,Age-appropriateness concerns; Mental health & trauma,2,Age-appropriateness concerns
Healthy Romantic Relationships,Age-appropriateness concerns,1,Age-appropriateness concerns
Helen Keller: Courageous Advocate,Age-appropriateness concerns,1,Age-appropriateness concerns
Hell's Heroes,Age-appropriateness concerns,1,Age-appropriateness concerns
Help for the Haunted,,0,Uncategorized
Heretics Anonymous,Age-appropriateness concerns; LGBTQ+ identity & sexuality,2,Age-appropriateness concerns
Hero on a Bicycle,Age-appropriateness concerns; Violence & mature themes,2,Age-appropriateness concerns
"Heroman (Series, Title Not Specified)",Mental health & trauma,1,Mental health & trauma
Hidden Girl: The True Story of a Modern-Day Child Slave,Age-appropriateness concerns; Race & systemic inequality,2,Age-appropriateness concerns
"Hider, Seeker, Secret Keeper",Age-appropriateness concerns,1,Age-appropriateness concerns
"Hikaru No Go (Series, Title Not Specified)",,0,Uncategorized
Hillbilly Elegy: A Memoir of a Family and Culture in Crisis,Mental health & trauma,1,Mental health & trauma
Hold Fast,Age-appropriateness concerns,1,Age-appropriateness concerns
Hole in My Life,Age-appropriateness concerns,1,Age-appropriateness concerns
Holes,Age-appropriateness concerns,1,Age-appropriateness concerns
Hooked: When Addiction Hits Home,,0,Uncategorized
How Not to Disappear,Age-appropriateness concerns,1,Age-appropriateness concerns
Human Body: A Book with Guts!,Age-appropriateness concerns,1,Age-appropriateness concerns
Humvees,Age-appropriateness concerns,1,Age-appropriateness concerns
Husky,Age-appropriateness concerns,1,Age-appropriateness concerns
I Kick and I Fly,Age-appropriateness concerns; Mental health & trauma; Sexual or romantic content,3,Age-appropriateness concerns
Ichi-F: A Worker's Graphic Memoir of the Fukushima Nuclear Power Plant,,0,Uncategorized
If Only,Age-appropriateness concerns; Sexual or romantic content,2,Age-appropriateness concerns
Illusions,Age-appropriateness concerns,1,Age-appropriateness concerns
Impressionism,Age-appropriateness concerns,1,Age-appropriateness concerns
In the Ravenous Dark,Age-appropriateness concerns,1,Age-appropriateness concerns
Inkheart,Age-appropriateness concerns; Religion & worldview,2,Age-appropriateness concerns
Inkspell,Age-appropriateness concerns; Religion & worldview,2,Age-appropriateness concerns
Internet Famous,Age-appropriateness concerns,1,Age-appropriateness concerns
"Inu-Yasha: Ani-Manga (Series, Title Not Specified)",,0,Uncategorized
Invisible Heroes of World War II: Extraordinary Wartime Stories of Ordinary People,Violence & mature themes,1,Violence & mature themes
Karate,Age-appropriateness concerns,1,Age-appropriateness concerns
"Kekkaishi (Series, Title Not Specified)",,0,Uncategorized
Kids of Appetite,Age-appropriateness concerns; Violence & mature themes,2,Age-appropriateness concerns
Kieli,,0,Uncategorized
Killer Instinct,Age-appropriateness concerns; Violence & mature themes,2,Age-appropriateness concerns
Kung Fu,Age-appropriateness concerns,1,Age-appropriateness concerns
La batalla del laberinto,Age-appropriateness concerns,1,Age-appropriateness concerns
La Jaula Del Rey,Age-appropriateness concerns,1,Age-appropriateness concerns
La maldición del Titán,Age-appropriateness concerns,1,Age-appropriateness concerns
La sangre del Olimpo,Age-appropriateness concerns,1,Age-appropriateness concerns
La silla de Pedro,Age-appropriateness concerns,1,Age-appropriateness concerns
La travesía de Santiago,Age-appropriateness concerns,1,Age-appropriateness concerns
Liar and Spy,Age-appropriateness concerns,1,Age-appropriateness concerns
Locked in Time,Age-appropriateness concerns; Violence & mature themes,2,Age-appropriateness concerns
Lotería,Violence & mature themes,1,Violence & mature themes
Louvre: 400 Masterpieces,,0,Uncategorized
Luna nueva,Age-appropriateness concerns,1,Age-appropriateness concerns
Manga Dinosaurs,Age-appropriateness concerns,1,Age-appropriateness concerns
Manga Dragons,Age-appropriateness concerns,1,Age-appropriateness concerns
Manga Martial Arts Figures,Age-appropriateness concerns,1,Age-appropriateness concerns
Manga Superheroes,Age-appropriateness concerns,1,Age-appropriateness concerns
"Manifest Destiny (Series, Title Not Specified)",,0,Uncategorized
"Mär: Märchen Awakens Romance (Series, Title Not Specified)",,0,Uncategorized
Matter and Its Properties,Age-appropriateness concerns,1,Age-appropriateness concerns
Medicine,,0,Uncategorized
Medieval Art,Sexual or romantic content,1,Sexual or romantic content
Meranda and the Legend of the Lake,,0,Uncategorized
"MeruPuri: Märchen Prince (Series, Title Not Specified)",,0,Uncategorized
Mi bacinica y yo: para ella,Age-appropriateness concerns,1,Age-appropriateness concerns
"Michelangelo Merisi da Caravaggio, 1571-1610",,0,Uncategorized
Michelangelo: His Life and Works in 500 Images,,0,Uncategorized
Michigan vs. The Boys,Age-appropriateness concerns; Violence & mature themes,2,Age-appropriateness concerns
"Minecraft (Series, Title Not Specified)",Age-appropriateness concerns,1,Age-appropriateness concerns
Modern Women: Women Artists at the Museum of Modern Art,,0,Uncategorized
Monstrous: A Transracial Adoption Story,Mental health & trauma; Race & systemic inequality,2,Mental health & trauma
Moving Target: Princess Leia Adventure,Age-appropriateness concerns,1,Age-appropriateness concerns
Muchacho,Age-appropriateness concerns,1,Age-appropriateness concerns
"My Hero Academia: School Briefs (Series, Title Not Specified)",Age-appropriateness concerns,1,Age-appropriateness concerns
Myths of the Ancient Greeks,Age-appropriateness concerns,1,Age-appropriateness concerns
"Nancy Drew, Girl Detective: The New Case Files (Series, Title Not Specified)",Age-appropriateness concerns,1,Age-appropriateness concerns
"Naruto (Series, Title Not Specified)",,0,Uncategorized
Near-Death Experiences,Age-appropriateness concerns,1,Age-appropriateness concerns
Necromancing the Stone,Age-appropriateness concerns,1,Age-appropriateness concerns
Next Top Villain,Age-appropriateness concerns,1,Age-appropriateness concerns
Nina in That Makes Me Mad,Age-appropriateness concerns,1,Age-appropriateness concerns
"Noragami: Stray God (Series, Title Not Specified)",,0,Uncategorized
"Not Your Idol (Series, Title Not Specified)",Mental health & trauma,1,Mental health & trauma
"ONE PIECE (Series, Title Not Specified)",,0,Uncategorized
Orchards,Age-appropriateness concerns; Mental health & trauma,2,Age-appropriateness concerns
Our Country's Presidents 5th Ed.: A Complete Encyclopedia of the U.S. Presidency,Age-appropriateness concerns,1,Age-appropriateness concerns
Out of My Mind,Age-appropriateness concerns,1,Age-appropriateness concerns
Out of the Blue (JJ),Age-appropriateness concerns; LGBTQ+ identity & sexuality,2,Age-appropriateness concerns
Outside Beauty,Age-appropriateness concerns,1,Age-appropriateness concerns
Overexposed,Age-appropriateness concerns,1,Age-appropriateness concerns
Paladins,Age-appropriateness concerns,1,Age-appropriateness concerns
"Pandora Hearts (Series, Title Not Specified)",,0,Uncategorized
"Paragons and Paragone: Van Eyck, Raphael, Michelangelo, Caravaggio, Bernini",,0,Uncategorized
Passenger (AS),Age-appropriateness concerns; Sexual or romantic content,2,Age-appropriateness concerns
Peeps,Age-appropriateness concerns; Violence & mature themes,2,Age-appropriateness concerns
Percy Jackson y los dioses griegos,Age-appropriateness concerns,1,Age-appropriateness concerns
Perfect (CA),Age-appropriateness concerns; Sexual or romantic content; Violence & mature themes,3,Age-appropriateness concerns
Pinch Hit,Age-appropriateness concerns,1,Age-appropriateness concerns
"Pokémon: Sun & Moon (Series, Title Not Specified)",Age-appropriateness concerns,1,Age-appropriateness concerns
Pretty,Age-appropriateness concerns; Mental health & trauma,2,Age-appropriateness concerns
"Princess Jellyfish (Series, Title Not Specified)",,0,Uncategorized
"Psyren (Series, Title Not Specified)",,0,Uncategorized
Queso: Regional Recipes for the World's Favorite Chile-Cheese Dip,,0,Uncategorized
Quest,Age-appropriateness concerns,1,Age-appropriateness concerns
Reading Maya Art: A Hieroglyphic Guide to Ancient Maya Painting and Sculpture,,0,Uncategorized
Realism,Age-appropriateness concerns,1,Age-appropriateness concerns
Recuerda aquella vez,Age-appropriateness concerns; Mental health & trauma,2,Age-appropriateness concerns
Rembrandt: His Life and Works in 500 Images,,0,Uncategorized
Remote Control,,0,Uncategorized
Renaissance Art,,0,Uncategorized
Reproductive Rights: Who Decides?,Sexual or romantic content; Violence & mature themes,2,Sexual or romantic content
Revolution,Age-appropriateness concerns,1,Age-appropriateness concerns
"Riverdale: All-New Stories (Series, Title Not Specified)",,0,Uncategorized
Robert Louis Stevenson's Treasure Island,Age-appropriateness concerns,1,Age-appropriateness concerns
Romanticism,Age-appropriateness concerns,1,Age-appropriateness concerns
"Rurouni Kenshin, Vol. 1: Meiji Swordsman Romantic Story",Age-appropriateness concerns; Violence & mature themes,2,Age-appropriateness concerns
"RWBY: Official Manga Anthology (Series, Title Not Specified)",,0,Uncategorized
Rx,Age-appropriateness concerns; Mental health & trauma,2,Age-appropriateness concerns
Santiago's Road Home,Age-appropriateness concerns,1,Age-appropriateness concerns
Seeing Red,Age-appropriateness concerns,1,Age-appropriateness concerns
Serafina's Promise,Age-appropriateness concerns,1,Age-appropriateness concerns
Seraph of the End: Vampire Reign,Violence & mature themes,1,Violence & mature themes
Sex and Gender: A Reference Handbook,LGBTQ+ identity & sexuality; Sexual or romantic content,2,LGBTQ+ identity & sexuality
Sex: Opposing Viewpoints,Sexual or romantic content,1,Sexual or romantic content
"Shaolin Sisters (Series, Title Not Specified)",,0,Uncategorized
Shape,Age-appropriateness concerns,1,Age-appropriateness concerns
"Sherlock Bones (Series, Title Not Specified)",Violence & mature themes,1,Violence & mature themes
Si decido quedarme,Age-appropriateness concerns,1,Age-appropriateness concerns
Sliding on the Edge,,0,Uncategorized
Something Like Home,Age-appropriateness concerns,1,Age-appropriateness concerns
"Splatoon Squid Kids Comedy Show (Series, Title Not Specified)",,0,Uncategorized
Star Wars Rogue One: A Junior Novel,Age-appropriateness concerns,1,Age-appropriateness concerns
Star Wars: The Last Jedi Colbalt Squadron,Age-appropriateness concerns,1,Age-appropriateness concerns
Stink-O-Pedia: Super Stink-Y Stuff From A to Zzzzz,Age-appropriateness concerns,1,Age-appropriateness concerns
Strykers,Age-appropriateness concerns,1,Age-appropriateness concerns
Surrealism,Age-appropriateness concerns,1,Age-appropriateness concerns
Tae Kwon Do,Age-appropriateness concerns,1,Age-appropriateness concerns
Te daría el sol,Age-appropriateness concerns; LGBTQ+ identity & sexuality,2,Age-appropriateness concerns
Teen Killers Club,Age-appropriateness concerns; Violence & mature themes,2,Age-appropriateness concerns
Teen Killers in Love,Age-appropriateness concerns; Violence & mature themes,2,Age-appropriateness concerns
Thanksgiving,,0,Uncategorized
The 19th Century,Sexual or romantic content,1,Sexual or romantic content
The Alamo,,0,Uncategorized
The Art of Breaking Things,Age-appropriateness concerns,1,Age-appropriateness concerns
The Baroque and Neoclassical age,Sexual or romantic content,1,Sexual or romantic content
The Baroque Period,Age-appropriateness concerns,1,Age-appropriateness concerns
The Bitter Kingdom,Age-appropriateness concerns; Violence & mature themes,2,Age-appropriateness concerns
The Blood Years,Age-appropriateness concerns; Race & systemic inequality; Violence & mature themes,3,Age-appropriateness concerns
The Book of Lost Things (CV),Age-appropriateness concerns; Violence & mature themes,2,Age-appropriateness concerns
The Book of Universes: Exploring the Limits of the Cosmos,,0,Uncategorized
The Boy from the Basement,Age-appropriateness concerns,1,Age-appropriateness concerns
The Boy Who Harnessed The Wind,Age-appropriateness concerns,1,Age-appropriateness concerns
The Canterbury Tales of Geoffrey Chaucer: A New Modern English Prose Translation,,0,Uncategorized
The Cheerleaders,Age-appropriateness concerns; Mental health & trauma; Violence & mature themes,3,Age-appropriateness concerns
The Contemporary Art Book: The Essential Guide to 200 of the World's Most Widely Exhibited Artists,,0,Uncategorized
The Count of Monte Cristo,,0,Uncategorized
The Count of Monte Cristo (SF),,0,Uncategorized
The Crown of Embers,Age-appropriateness concerns,1,Age-appropriateness concerns
The Curse of the Mummy: Uncovering Tutankhamun's Tomb,Age-appropriateness concerns,1,Age-appropriateness concerns
The Dead Inside: A True Story,Age-appropriateness concerns; Mental health & trauma,2,Age-appropriateness concerns
The Digestive and Urinary Systems,Age-appropriateness concerns,1,Age-appropriateness concerns
"The Earl & the Fairy (Series, Title Not Specified)",,0,Uncategorized
The Early 20th Century,Sexual or romantic content,1,Sexual or romantic content
"The Early Modern World, 1492 to 1783",,0,Uncategorized
The Elements,Age-appropriateness concerns,1,Age-appropriateness concerns
The Endocrine and Reproductive Systems,Age-appropriateness concerns; Sexual or romantic content,2,Age-appropriateness concerns
The Epic Fail of Arturo Zamora,Age-appropriateness concerns,1,Age-appropriateness concerns
The Executioner's Daughter,Age-appropriateness concerns; Violence & mature themes,2,Age-appropriateness concerns
The Fall of Whit Rivera,Age-appropriateness concerns,1,Age-appropriateness concerns
The Fences Between Us: The Diary of Piper Davis,Age-appropriateness concerns; Violence & mature themes,2,Age-appropriateness concerns
The First Scientist: Anaximander and His Legacy,,0,Uncategorized
The Forbidden Wish,Age-appropriateness concerns,1,Age-appropriateness concerns
The Girl From Felony Bay,Age-appropriateness concerns,1,Age-appropriateness concerns
The Girl of Fire and Thorns,Age-appropriateness concerns,1,Age-appropriateness concerns
"The Glass Café: Or, The Stripper and the State; How My Mother Started a War with the System that Made Us Kind of Rich and a Little Bit Famous",Age-appropriateness concerns,1,Age-appropriateness concerns
The Gods and Goddesses of Greek Mythology,Age-appropriateness concerns,1,Age-appropriateness concerns
The Great American Dust Bowl: A Graphic Novel,Age-appropriateness concerns,1,Age-appropriateness concerns
"The Hardy Boys Graphic Novels: Undercover Brothers (Series, Title Not Specified)",Age-appropriateness concerns,1,Age-appropriateness concerns
The Hundred-Dollar Robber: A Mystery with Money,Age-appropriateness concerns,1,Age-appropriateness concerns
The Jungle Book,Age-appropriateness concerns,1,Age-appropriateness concerns
The Language of Flowers: Symbols and Myths,,0,Uncategorized
The Liars of Mariposa Island,Age-appropriateness concerns,1,Age-appropriateness concerns
The Little Red Train: El trenecito rojo,Age-appropriateness concerns,1,Age-appropriateness concerns
The Lost Track of Time,Age-appropriateness concerns,1,Age-appropriateness concerns
The Love Song of Ivy K. Harlowe,LGBTQ+ identity & sexuality,1,LGBTQ+ identity & sexuality
The Lying Game,Age-appropriateness concerns; Sexual or romantic content; Violence & mature themes,3,Age-appropriateness concerns
The Mockingbirds,Age-appropriateness concerns,1,Age-appropriateness concerns
The Murder Complex,Age-appropriateness concerns; Violence & mature themes,2,Age-appropriateness concerns
The Orphan of Awkward Falls,Age-appropriateness concerns,1,Age-appropriateness concerns
The Pear Affair,Age-appropriateness concerns,1,Age-appropriateness concerns
The Pilgrims and the First Thanksgiving,Age-appropriateness concerns,1,Age-appropriateness concerns
The Quest Begins,Age-appropriateness concerns,1,Age-appropriateness concerns
The Revelation of Louisa May,Age-appropriateness concerns; Violence & mature themes,2,Age-appropriateness concerns
The Secret Box,Age-appropriateness concerns,1,Age-appropriateness concerns
The Secret Ghost: A Mystery with Distance and Measurement,Age-appropriateness concerns,1,Age-appropriateness concerns
The Secret Starling,Age-appropriateness concerns; Violence & mature themes,2,Age-appropriateness concerns
The Secrets We Keep (TL),Age-appropriateness concerns; Violence & mature themes,2,Age-appropriateness concerns
The Serpent's Secret,Age-appropriateness concerns,1,Age-appropriateness concerns
The Sin Eater's Daughter,Age-appropriateness concerns; Violence & mature themes,2,Age-appropriateness concerns
The Space Race of 1869,Age-appropriateness concerns,1,Age-appropriateness concerns
"The Squad (Series, Title not Specified",,0,Uncategorized
The Story Behind ... Toni Morrison's The Bluest Eye,Age-appropriateness concerns,1,Age-appropriateness concerns
The Summer of Bitter and Sweet,Age-appropriateness concerns,1,Age-appropriateness concerns
The Tequila Worm,Age-appropriateness concerns,1,Age-appropriateness concerns
The Thief Lord,Age-appropriateness concerns,1,Age-appropriateness concerns
The Time Machine,Violence & mature themes,1,Violence & mature themes
The True Meaning of Cleavage,Age-appropriateness concerns; Sexual or romantic content,2,Age-appropriateness concerns
The Water Knife,Violence & mature themes,1,Violence & mature themes
The Wicked and the Just,Age-appropriateness concerns,1,Age-appropriateness concerns
The Year I Didn't Eat,Age-appropriateness concerns; Mental health & trauma,2,Age-appropriateness concerns
Theodore Roosevelt: Bear of a President,Age-appropriateness concerns; Violence & mature themes,2,Age-appropriateness concerns
These Things I've Done,Age-appropriateness concerns; Violence & mature themes,2,Age-appropriateness concerns
Things I Can't Forget,Age-appropriateness concerns,1,Age-appropriateness concerns
This is What Happy Looks Like,Age-appropriateness concerns,1,Age-appropriateness concerns
This is What it Feels Like,Age-appropriateness concerns,1,Age-appropriateness concerns
This Light Between Us,Age-appropriateness concerns; Violence & mature themes,2,Age-appropriateness concerns
Tristan Strong Punches a Hole in the Sky,Age-appropriateness concerns,1,Age-appropriateness concerns
Trono de cristal,Age-appropriateness concerns,1,Age-appropriateness concerns
True Things (Adults Don't Want Kids to Know),Age-appropriateness concerns,1,Age-appropriateness concerns
Tumbling (CC),Age-appropriateness concerns,1,Age-appropriateness concerns
Twilight: The Graphic Novel,Age-appropriateness concerns,1,Age-appropriateness concerns
Two Truths and a Lie,Age-appropriateness concerns; Violence & mature themes,2,Age-appropriateness concerns
Tyranny,Age-appropriateness concerns; Mental health & trauma,2,Age-appropriateness concerns
Una antorcha en las tinieblas,Age-appropriateness concerns,1,Age-appropriateness concerns
Understanding Reproductive Health,Age-appropriateness concerns; Sexual or romantic content,2,Age-appropriateness concerns
"Van Von Hunter (Series, Title Not Specified)",,0,Uncategorized
Violet y Finch,Age-appropriateness concerns,1,Age-appropriateness concerns
"Washington, D.C",Age-appropriateness concerns,1,Age-appropriateness concerns
We Believe You: Survivors of Campus Sexual Assault Speak Out,Mental health & trauma; Race & systemic inequality,2,Mental health & trauma
Whaam!: The Art and Life of Roy Lichtenstein,Age-appropriateness concerns,1,Age-appropriateness concerns
"What Are You Looking At: The Surprising, Shocking, and Sometimes Strange Story of 150 Years of Modern Art",Violence & mature themes,1,Violence & mature themes
What Dread Hand,Age-appropriateness concerns,1,Age-appropriateness concerns
What Will Grow,Age-appropriateness concerns,1,Age-appropriateness concerns
When You Were Here,Age-appropriateness concerns,1,Age-appropriateness concerns
Withering Tights,Age-appropriateness concerns,1,Age-appropriateness concerns
Wolf Island,Age-appropriateness concerns,1,Age-appropriateness concerns
Women's Issues in Margaret Atwood's The Handmaid's Tale,LGBTQ+ identity & sexuality; Sexual or romantic content,2,LGBTQ+ identity & sexuality
World Art,Sexual or romantic content,1,Sexual or romantic content
"Yo, Simon, homo sapiens",Age-appropriateness concerns; LGBTQ+ identity & sexuality,2,Age-appropriateness concerns
You Don't Know Me But I Know You,Age-appropriateness concerns,1,Age-appropriateness concerns
"Youth Ministry 3.0: A Manifesto of Where We've Been, Where We Are, and Where We Need to Go",Religion & worldview,1,Religion & worldview
The Girl Who Fell From the Sky,Age-appropriateness concerns; Race & systemic inequality,2,Age-appropriateness concerns
Adolescence and the Teenage Crush (Journal Article),Mental health & trauma,1,Mental health & trauma
Art of the Story,Sexual or romantic content,1,Sexual or romantic content
Discovering Art History,,0,Uncategorized
Down Sand Mountain,Age-appropriateness concerns; Mental health & trauma,2,Age-appropriateness concerns
"European Art (Title only, no further information)",,0,Uncategorized
Exit West,,0,Uncategorized
Health,,0,Uncategorized
"Lippincott Textbook for Nursing Assistants: A Humanistic Approach to Caregiving, Fifth Edition",,0,Uncategorized
Medical Terminology,,0,Uncategorized
Mono No Aware (Short Story),,0,Uncategorized
"Perrine's Literature Structure, Sound, and Sense",,0,Uncategorized
Project Hail Mary,Violence & mature themes,1,Violence & mature themes
Red,Sexual or romantic content; Violence & mature themes,2,Sexual or romantic content
See You Yesterday,Age-appropriateness concerns,1,Age-appropriateness concerns
Simmers DHO Health Science,,0,Uncategorized
Slouching Towards Bethlehem,,0,Uncategorized
Streetcar Named Desire,Violence & mature themes,1,Violence & mature themes
Such a Pretty Girl,,0,Uncategorized
The Luis Ortega Survival Club,Age-appropriateness concerns; Sexual or romantic content,2,Age-appropriateness concerns
The Secrets We Keep (CG),Age-appropriateness concerns; Violence & mature themes,2,Age-appropriateness concerns
Free Speech Handbook: A Practical Framework for Understanding Our Free Speech Protections,,0,Uncategorized
The Queer Bible,LGBTQ+ identity & sexuality; Sexual or romantic content,2,LGBTQ+ identity & sexuality
