book_title,author,ban_date,state,total_ban_count,states_banned_in
Crank,"Hopkins, Ellen",2022-07-01,Florida,114,20
Identical,"Hopkins, Ellen",2022-03-01,Texas,108,18
Water for Elephants,"Gruen, Sara",2021-11-01,Michigan,100,16
A Court of Thorns and Roses,"Maas, Sarah J.",2022-07-01,Florida,96,19
A Court of Frost and Starlight,"Maas, Sarah J.",2022-07-01,Florida,82,16
Damsel,"Arnold, Elana K.",2022-03-01,Florida,69,14
A ​Court of Silver Flames,"Maas, Sarah J.",2022-07-01,Florida,65,15
The Color Purple,"Walker, Alice",2021-11-01,Florida,62,7
Perfect (EH),"Hopkins, Ellen",2023-08-01,Alaska,60,10
Slaughterhouse-Five,"Vonnegut Jr., Kurt",2022-05-01,Florida,59,16
Fallout,"Hopkins, Ellen",2022-09-01,Florida,57,13
Wicked: The Life and Times of the Wicked Witch of the West,"Maguire, Gregory",2022-12-01,Florida,55,14
Impulse,"Hopkins, Ellen",2022-07-01,Florida,52,12
Breathless (JN),"Niven, Jennifer",2023-07-01,Alaska,51,12
Red Hood,"Arnold, Elana K.",2022-03-01,Florida,48,10
Burned (EH),"Hopkins, Ellen",2022-10-01,Florida,45,10
Glass,"Hopkins, Ellen",2022-10-01,Florida,44,13
A Stolen Life,"Dugard, Jaycee",2023-06-01,Texas,44,11
Tower of Dawn,"Maas, Sarah J.",2022-09-01,Florida,43,10
"l8r, g8r","Myracle, Lauren",2021-07-01,Wisconsin,42,15
People Kill People,"Hopkins, Ellen",2022-03-01,Texas,39,13
Homegoing,"Gyasi, Yaa",2021-11-01,Texas,38,14
Smoke,"Hopkins, Ellen",2022-09-01,Florida,37,10
The DUFF: Designated Ugly Fat Friend,"Keplinger, Kody",2022-10-01,Florida,37,10
The Freedom Writers Diary,"Gruwell, Erin",2022-09-01,Florida,37,11
Boy Toy,"Lyga, Barry",2022-07-01,Florida,35,8
The Fault in Our Stars,"Green, John",2023-06-01,Florida,34,6
Fade,"McMann, Lisa",2022-09-01,Florida,34,10
Grown,"Jackson, Tiffany D.",2022-09-01,Florida,33,8
I'll Give You the Sun,"Nelson, Jandy",2021-12-01,Texas,31,10
We Are the Ants,"Hutchinson, Shaun David",2021-10-01,Texas,30,8
The Art of Racing in the Rain,"Stein, Garth",2022-05-01,Michigan,30,14
Where the Crawdads Sing,"Owens, Delia",2023-06-01,Florida,29,5
Beautiful,"Reed, Amy",2022-05-01,Florida,28,8
Dime,"Frank, E. R.",2021-11-01,Florida,28,8
Clockwork Orange,"Burgess, Anthony",2024-02-01,Florida,27,3
It,"King, Stephen",2023-01-01,Florida,26,6
Unravel Me,"Mafi, Tahereh",2022-07-01,Florida,25,7
Man o' War,"McCarthy, Cory",2022-11-01,Florida,24,5
A Game of Thrones,"Martin, George R. R.",2022-09-01,Texas,24,5
Felix Ever After,"Callender, Kacen",2021-12-01,Texas,23,10
Concrete Rose,"Thomas, Angie",2023-01-01,Florida,23,5
Jesus Land: A Memoir,"Scheeres, Julia",2022-03-01,Texas,23,8
This Is Kind of an Epic Love Story,"Callender, Kacen",2021-12-01,Texas,23,6
yolo,"Myracle, Lauren",2022-10-01,Florida,22,7
Song of Solomon,"Morrison, Toni",2023-08-01,Florida,21,3
Collateral,"Hopkins, Ellen",2022-10-01,Florida,21,6
Yolk,"Choi, Mary H.K.",2022-09-01,Florida,20,7
Crown of Midnight,"Maas, Sarah J.",2023-06-01,Florida,20,8
Twisted,"Anderson, Laurie Halse",2022-09-01,Florida,20,10
Throne of Glass,"Maas, Sarah J.",2023-02-01,Florida,20,9
All the Bright Places,"Niven, Jennifer",2022-10-01,Florida,20,5
Half of a Yellow Sun,"Adichie, Chimamanda Ngozi",2022-01-01,Michigan,19,9
Perfect,"Hopkins, Ellen",2022-10-01,Florida,19,10
My Sister's Keeper,"Picoult, Jodi",2021-10-01,Florida,19,4
Simon vs. the Homo Sapiens Agenda,"Albertalli, Becky",2022-08-01,Florida,18,7
Clockwork Princess,"Clare, Cassandra",2022-09-01,Florida,18,6
I Never,"Hopper, Laura",2022-10-01,Florida,17,5
Ready or Not,"Cabot, Meg",2022-07-01,Florida,17,2
Ramona Blue,"Murphy, Julie",2022-02-01,Tennessee,17,5
America,"Frank, E. R.",2023-02-01,Florida,16,6
Black Girl Unlimited: The Remarkable Story of a Teenage Wizard,"Brown, Echo",2021-11-01,Missouri,16,5
Brave Face: A Memoir,"Hutchinson, Shaun David",2021-09-01,Texas,16,4
Lawn Boy (JE),"Evison, Jonathan",2023-07-01,Florida,16,4
The Invisible Life of Addie LaRue,"Schwab, V. E.",2022-01-01,Georgia,16,8
Wintergirls,"Anderson, Laurie Halse",2022-10-01,Florida,15,6
Rick,"Gino, Alex",2021-11-01,Texas,15,3
Spinning,"Walden, Tillie",2021-11-01,Texas,15,4
My Friend Dahmer,"Backderf, Derf",2022-09-01,Florida,15,6
Regretting You,"Hoover, Colleen",2023-06-01,Florida,15,3
Asking for It,"O'Neill, Louise",2022-03-01,Texas,14,5
A Feast for Crows,"Martin, George R. R.",2022-09-01,Pennsylvania,14,5
Call Me By Your Name,"Aciman, André",2023-01-01,Florida,14,6
What We Saw,"Hartzler, Aaron",2021-11-01,Texas,14,3
Aristotle and Dante Discover the Secrets of the Universe,"Sáenz, Benjamin Alire",2022-08-01,Florida,14,6
"Angus, Thongs and Full-Frontal Snogging","Rennison, Louise",2022-09-01,Florida,14,7
Darius the Great Deserves Better,"Khorram, Adib",2022-09-01,Florida,13,5
And They Lived...,"Salvatore, Steven",2022-10-01,Texas,13,6
Grit,"French, Gillian",2022-09-01,Florida,13,4
"Will Grayson, Will Grayson","Green, John",2022-10-01,Texas,13,5
American Psycho,"Ellis, Bret Easton",2023-06-01,Florida,12,5
Ignite Me,"Mafi, Tahereh",2023-01-01,Virginia,12,6
Flowers in the Attic,"Andrews, V.C.",2022-07-01,Florida,12,3
"A Child Called ""It"": One Child's Courage to Survive","Pelzer, Dave",2023-01-01,Florida,12,7
House of Sky and Breath,"Maas, Sarah J.",2022-10-01,Utah,12,6
ttfn,"Myracle, Lauren",2022-11-01,Florida,12,5
Zahra's Paradise,Amir,2022-08-01,Florida,12,4
Watchmen,"Moore, Alan",2022-08-01,Florida,12,3
Grasshopper Jungle,"Smith, Andrew",2023-08-01,Florida,12,5
Red at the Bone,"Woodson, Jacqueline",2021-09-01,Texas,11,5
How Beautiful the Ordinary: Twelve Stories of Identity,"Cart, Michael",2022-02-01,Tennessee,11,8
A Storm of Swords,"Martin, George R. R.",2022-10-01,Pennsylvania,11,5
Queer: The Ultimate LGBTQ Guide for Teens,"Belge, Kathy",2021-07-01,Wisconsin,11,7
"Hey, Kiddo: How I Lost My Mother, Found My Father, and Dealt with Family Addiction","Krosoczka, Jarrett J.",2023-10-01,Iowa,11,2
"Heartstopper, Vol. 1","Oseman, Alice",2022-11-01,Florida,11,5
The Opposite of Innocent,"Sones, Sonya",2021-10-01,Wisconsin,11,6
Burned (PCC),"Cast, P. C.",2023-06-01,Florida,11,4
Blood Water Paint,"McCullough, Joy",2021-11-01,Florida,10,3
Ugly Love,"Hoover, Colleen",2022-10-01,Utah,10,4
Laura Dean Keeps Breaking Up with Me,"Tamaki, Mariko",2021-12-01,Texas,10,4
You Too?: 25 Voices Share Their #MeToo Stories,"Gurtler, Janet",2023-06-01,Florida,10,6
Persepolis: The Story of a Childhood,"Satrapi, Marjane",2022-01-01,Texas,10,7
Outlander,"Gabaldon, Diana",2022-07-01,Florida,10,4
Exit Here.,"Myers, Jason",2023-02-01,Idaho,10,5
Haunted,"Palahniuk, Chuck",2023-03-01,Utah,10,5
Foul is Fair,"Capin, Hannah",2022-09-01,Florida,10,4
Home After Dark,"Small, David",2022-08-01,Florida,10,2
Kingsbane,"Legrand, Claire",2023-10-01,Florida,10,4
Lullaby,"Palahniuk, Chuck",2023-10-01,Florida,10,2
ttyl,"Myracle, Lauren",2022-09-01,Florida,10,4
When Aidan Became a Brother,"Lukoff, Kyle",2022-07-01,Florida,10,3
Guyaholic,"Mackler, Carolyn",2022-09-01,Florida,9,4
Julián Is a Mermaid,"Love, Jessica",2022-07-01,Florida,9,4
Skin and Bones,"Shahan, Sherry",2023-12-01,Florida,9,3
The Gentleman's Guide to Vice and Virtue,"Lee, Mackenzi",2023-06-01,Florida,9,3
Bag of Bones,"King, Stephen",2023-08-01,Florida,9,3
Lighter than My Shadow,"Green, Katie",2021-10-01,Pennsylvania,9,6
Here's to Us,"Albertalli, Becky",2022-02-01,Tennessee,9,3
A Dance with Dragons,"Martin, George R. R.",2022-09-01,Texas,9,4
Another Day,"Levithan, David",2023-06-01,Florida,9,4
Anne Frank's Diary: The Graphic Adaptation,"Folman, Ari",2022-01-01,Texas,9,3
"Friday Night Lights: A Town, A Team, and a Dream","Bissinger, H.G.",2023-12-01,Florida,9,2
Cool for the Summer,"Adler, Dahlia",2022-02-01,Tennessee,9,5
Marked,"Cast, P. C.",2023-08-01,Florida,9,4
Home Body,"Kaur, Rupi",2022-09-01,Florida,9,4
Zenobia July,"Bunker, Lisa",2021-12-01,Texas,9,3
November 9,"Hoover, Colleen",2023-08-01,Florida,9,4
Class Act,"Craft, Jerry",2021-09-01,Texas,9,4
Shatter Me,"Mafi, Tahereh",2023-01-01,Virginia,9,5
The Pact: A Love Story,"Picoult, Jodi",2023-02-01,Florida,9,2
One Last Stop,"McQuiston, Casey",2023-10-01,Florida,9,3
Hopeless,"Hoover, Colleen",2022-10-01,Florida,9,4
Dead End,"Myers, Jason",2022-11-01,Utah,9,5
"Assassination Classroom, Vol. 6","Matsui, Yūsei",2023-02-01,Florida,8,3
Under the Dome,"King, Stephen",2023-02-01,Pennsylvania,8,4
A Bad Boy Can Be Good for a Girl,"Stone, Tanya Lee",2021-11-01,Florida,8,3
"Assassination Classroom, Vol. 3","Matsui, Yūsei",2023-02-01,Florida,8,4
Alice on the Outside,"Naylor, Phyllis Reynolds",2023-07-01,Florida,8,2
Georgia Peaches and Other Forbidden Fruit,"Brown, Jaye Robin",2023-06-01,Florida,8,3
The Kite Runner Graphic Novel,"Hosseini, Khaled",2023-09-01,Alaska,8,3
The Stand,"King, Stephen",2023-08-01,Florida,8,3
With the Fire on High,"Acevedo, Elizabeth",2023-08-01,Florida,8,2
The Past and Other Things That Should Stay Buried,"Hutchinson, Shaun David",2021-12-01,Texas,8,3
Revealed (PCC),"Cast, P. C.",2023-08-01,Florida,8,3
The Notebook,"Sparks, Nicholas",2023-08-01,Florida,8,3
"Heartstopper, Vol. 2","Oseman, Alice",2022-11-01,Florida,8,5
Lighter Than My Shadow,"Green, Katie",2022-08-01,Florida,8,4
Defy Me,"Mafi, Tahereh",2023-01-01,Virginia,8,4
The Green Mile,"King, Stephen",2023-02-01,Pennsylvania,8,5
A Lesson in Vengeance,"Lee, Victoria",2022-02-01,Tennessee,8,4
Vanishing Acts,"Picoult, Jodi",2023-02-01,Florida,8,2
Cinderella Is Dead,"Bayron, Kalynn",2021-12-01,Texas,8,4
The Year of the Flood,"Atwood, Margaret",2022-12-01,Florida,8,4
The Drawing of the Three,"King, Stephen",2023-10-01,Florida,8,2
The Wind-Up Bird Chronicle,"Murakami, Haruki",2023-08-01,Maine,8,4
"On the Bright Side, I'm Now the Girlfriend of a Sex God (Confessions of Georgia Nicolson #2)","Rennison, Louise",2022-05-01,Michigan,7,4
There's Someone Inside Your House,"Perkins, Stephanie",2023-08-01,Florida,7,2
A Girl Like That,"Bhathena, Tanaz",2023-08-01,Florida,7,3
Gossip Girl: A Novel by Cecily von Ziegesar,"von Ziegesar, Cecily",2023-10-01,Iowa,7,3
The Song of Achilles,"Miller, Madeline",2023-10-01,Florida,7,2
In Our Mothers' House,"Polacco, Patricia",2021-12-01,Texas,7,3
The Vampire Armand,"Rice, Anne",2023-10-01,Florida,7,1
Four Past Midnight,"King, Stephen",2023-08-01,Florida,7,2
Sula,"Morrison, Toni",2023-01-01,Idaho,7,4
Autoboyography,"Lauren, Christina",2021-12-01,Texas,7,3
Tempted (PCC),"Cast, P. C.",2023-08-01,Florida,7,4
Sophie's Choice,"Styron, William",2023-07-01,Florida,7,2
Bait,"Sanchez, Alex",2021-11-01,Florida,7,1
Skin (DJN),"Napoli, Donna Jo",2023-08-01,Iowa,7,4
House Rules,"Picoult, Jodi",2023-02-01,Florida,7,2
Winterkeep,"Cashore, Kristin",2023-10-01,Florida,7,3
Bronxwood,"Booth, Coe",2023-08-01,Florida,7,2
The Best Laid Plans,"Lund, Cameron",2022-05-01,Michigan,7,4
Girls Like Us (2015),"Giles, Gail",2021-12-01,Texas,7,4
11/22/63: A Novel,"King, Stephen",2023-01-01,Virginia,7,4
"Meg, Jo, Beth, and Amy: A Modern Graphic Retelling of Little Women","Terciero, Rey",2022-01-01,Texas,7,4
Stitches: A Memior,"Small, David",2024-01-01,Florida,7,3
Twilight,"Meyer, Stephenie",2023-08-01,Florida,7,3
Point of Retreat,"Hoover, Colleen",2023-10-01,Iowa,7,2
Doctor Sleep,"King, Stephen",2023-08-01,Florida,7,4
Darkness Before Dawn,"Draper, Sharon M.",2021-11-01,North Carolina,7,4
Daughters Unto Devils,"Lukavics, Amy",2021-12-01,Texas,7,3
Stealing Heaven,"Scott, Elizabeth",2023-05-01,Florida,7,2
Body Talk: 37 Voices Explore Our Radical Anatomy,"Jensen, Kelly",2022-02-01,Tennessee,7,4
Memoirs of a Geisha,"Golden, Arthur",2023-08-01,Florida,7,2
Rage and Ruin,"Armentrout, Jennifer L.",2023-06-01,Florida,7,2
Eclipse,"Meyer, Stephenie",2023-08-01,Florida,6,4
Nick and Norah's Infinite Playlist,"Cohn, Rachel",2023-08-01,Florida,6,2
"Assassination Classroom (Series, Title Not Specified)","Matsui, Yūsei",2023-07-01,Florida,6,5
The Red Scrolls of Magic,"Clare, Cassandra",2021-12-01,Texas,6,3
Little & Lion,"Colbert, Brandy",2021-11-01,Texas,6,3
Not My Problem,"Smyth, Ciara",2022-02-01,Tennessee,6,3
Maus 1: A Survivor's Tale: My Father Bleeds History,"Spiegelman, Art",2021-11-01,Texas,6,5
The Seven Husbands of Evelyn Hugo,"Reid, Taylor Jenkins",2023-10-01,Florida,6,2
Not That Bad: Dispatches from Rape Culture,"Gay, Roxane",2022-09-01,Florida,6,4
Beauty Queens,"Bray, Libba",2023-08-01,Florida,6,2
Ban This Book,"Gratz, Alan",2023-06-01,Florida,6,1
The Passing Playbook,"Fitzsimons, Isaac",2022-02-01,Tennessee,6,5
I Was Here,"Forman, Gayle",2021-10-01,Oklahoma,6,4
I Have Lost My Way,"Forman, Gayle",2023-06-01,Florida,6,1
Salem Falls,"Picoult, Jodi",2023-02-01,Florida,6,2
Rose Madder,"King, Stephen",2023-10-01,Florida,6,3
Running with Scissors: A Memoir,"Burroughs, Augusten",2023-10-01,Florida,6,3
After the Game,"Glines, Abbi",2023-08-01,Florida,6,1
The Deepest Breath,"Grehan, Meg",2021-12-01,Texas,6,3
Flowers for Algernon,"Keyes, Daniel",2023-08-01,Florida,6,2
Cujo,"King, Stephen",2023-11-01,Florida,6,3
Turtles All the Way Down,"Green, John",2022-10-01,Texas,6,2
The Fever King,"Lee, Victoria",2023-08-01,Florida,6,2
You: A Novel of Dark Obsession,"Kepnes, Caroline",2023-09-01,Alaska,6,6
"Stamped (For Kids): Racism, Antiracism, and You","Reynolds, Jason",2022-10-01,Florida,6,4
Striving for Equality: LGBTQ Athletes Claim the Field,"Cronn-Mills, Kirstin",2021-12-01,Texas,6,2
Spirit Bound,"Mead, Richelle",2023-07-01,Florida,6,2
Wizard and Glass,"King, Stephen",2023-08-01,Florida,6,2
Both Can Be True,"Machias, Jules",2022-07-01,Florida,6,2
Handle with Care,"Picoult, Jodi",2023-02-01,Florida,6,1
Hold Still,"LaCour, Nina",2023-02-01,Pennsylvania,6,3
When I was Puerto Rican: A Memoir,"Santiago, Esmeralda",2023-08-01,Florida,6,2
Snow Falling on Cedars,"Guterson, David",2023-01-01,Virginia,6,3
Hurricane Child,"Callender, Kacen",2021-12-01,Texas,6,4
"Heartstopper, Vol. 4","Oseman, Alice",2022-11-01,Texas,6,5
Kiss and Tell,"Khorram, Adib",2024-02-01,Florida,6,3
Beyond the Chocolate War,"Cormier, Robert",2023-08-01,Florida,6,2
Just Listen,"Dessen, Sarah",2023-07-01,Florida,6,4
Far from the Tree,"Benway, Robin",2021-10-01,Indiana,6,4
Perfect Match,"Picoult, Jodi",2023-02-01,Florida,6,2
The House of the Spirits,"Allende, Isabel",2021-11-01,Florida,6,1
Persepolis 2: The Story of a Return,"Satrapi, Marjane",2022-09-01,Missouri,6,3
Keeping You a Secret,"Peters, Julie Anne",2021-12-01,Texas,6,2
To All the Boys I've Loved Before,"Han, Jenny",2023-08-01,Florida,6,4
Cut,"McCormick, Patricia",2023-02-01,Florida,6,5
Billy Summers,"King, Stephen",2024-06-01,Florida,6,3
Plain Truth,"Picoult, Jodi",2023-02-01,Florida,6,2
Only Mostly Devastated,"Gonzales, Sophie",2023-07-01,Florida,6,2
One of Us Is Lying,"McManus, Karen M.",2023-06-01,Florida,5,4
Orphan Train,"Kline, Christina Baker",2023-08-01,Florida,5,2
Catch-22,"Heller, Joseph",2023-08-01,Florida,5,3
City of Bones,"Clare, Cassandra",2023-08-01,Florida,5,3
Ship It,"Lundin, Britta",2021-12-01,Texas,5,3
Dreamcatcher,"King, Stephen",2024-05-01,Florida,5,2
Not a Drop to Drink,"McGinnis, Mindy",2023-10-01,Florida,5,1
Choke (SO),"Skye, Obert",2022-10-01,Florida,5,5
Tell Me Three Things,"Buxbaum, Julie",2023-03-01,Texas,5,3
Boy2Girl,"Blacker, Terence",2021-11-01,Florida,5,1
Something Happened in Our Town,"Celano, Marianne",2022-05-01,Missouri,5,3
SuperMutant Magic Academy,"Tamaki, Jillian",2022-08-01,Florida,5,5
Beetle and the Hollowbones,"Layne, Aliza",2023-04-01,Florida,5,3
The Last Star,"Yancey, Rick",2023-03-01,Texas,5,3
Chicken Girl,"Smith, Heather",2022-02-01,Tennessee,5,2
Blood and Honey,"Mahurin, Shelby",2023-10-01,Iowa,5,4
Revival,"King, Stephen",2023-02-01,Pennsylvania,5,2
New Moon,"Meyer, Stephenie",2023-08-01,Florida,5,4
"No, David!","Shannon, David",2023-10-01,Florida,5,3
Dishes,"Wallace, Rich",2022-01-01,Texas,5,3
Not Even Bones,"Schaeffer, Rebecca",2024-02-01,Florida,5,2
The Gunslinger,"King, Stephen",2023-08-01,Florida,5,1
Black House,"King, Stephen",2024-05-01,Florida,5,2
The Magicians,"Grossman, Lev",2023-10-01,Florida,5,2
Dark Triumph,"LaFevers, Robin",2023-08-01,Florida,5,3
Clockwork Angel,"Clare, Cassandra",2023-08-01,Florida,5,3
City of Thieves (DB),"Benioff, David",2023-12-01,Florida,5,2
Bone Gap,"Ruby, Laura",2023-08-01,Florida,5,2
Picture Perfect (JP),"Picoult, Jodi",2023-07-01,Florida,5,2
Christine,"King, Stephen",2024-05-01,Florida,5,3
Rules of Attraction,"Elkeles, Simone",2024-06-01,Iowa,5,2
The Clan of the Cave Bear,"Auel, Jean M.",2023-07-01,Florida,5,1
The Mist,"King, Stephen",2023-02-01,Pennsylvania,5,3
Blue Bloods,"de la Cruz, Melissa",2022-10-01,Texas,5,3
Copper Sun,"Draper, Sharon M.",2023-07-01,Florida,5,2
Running Loose,"Crutcher, Chris",2023-10-01,Florida,5,2
Cold Mountain,"Frazier, Charles",2023-08-01,Florida,5,1
Fire,"Cashore, Kristin",2023-08-01,Florida,5,2
Firekeeper's Daughter,"Boulley, Angeline",2023-08-01,Florida,5,4
Kafka on the Shore,"Murakami, Haruki",2024-05-01,Florida,5,1
A Good Man is Hard to Find And Other Stories,"O'Connor, Flannery",2023-10-01,Florida,5,1
King and the Dragonflies,"Callender, Kacen",2021-11-01,Florida,5,3
A Heart in a Body in the World,"Caletti, Deb",2023-08-01,Florida,5,3
The Storyteller,"Picoult, Jodi",2023-02-01,Florida,5,1
"Then Again, Maybe I Won't","Blume, Judy",2022-03-01,Texas,5,3
King's Cage,"Aveyard, Victoria",2022-10-01,Texas,5,4
Everything's Eventual: 14 Dark Tales,"King, Stephen",2023-08-01,Florida,5,2
The Tale of a Body Thief,"Rice, Anne",2022-10-01,Virginia,5,2
Would I Lie to You,"von Ziegesar, Cecily",2023-08-01,Florida,5,2
Every Last Word,"Stone, Tamara Ireland",2023-08-01,Florida,5,3
Gone (LM),"McMann, Lisa",2024-03-01,Florida,5,3
Everybody Sees the Ants,"King, A. S.",2021-09-01,Indiana,5,5
We'll Always Have Summer,"Han, Jenny",2022-11-01,Texas,5,3
"Full Dark, No Stars","King, Stephen",2024-03-01,Florida,5,3
A Song Only I Can Hear,"Jonsberg, Barry",2023-07-01,Florida,5,3
Across the Universe,"Revis, Beth",2023-08-01,Florida,5,2
In the Night Kitchen,"Sendak, Maurice",2023-10-01,Florida,5,2
Verity,"Hoover, Colleen",2022-10-01,Utah,5,4
A Yellow Raft in Blue Water,"Dorris, Michael",2023-07-01,Florida,5,2
Intensity,"Koontz, Dean R.",2023-08-01,Florida,5,1
Where She Went,"Forman, Gayle",2023-06-01,Florida,5,3
Whispers,"Koontz, Dean R.",2023-10-01,Florida,5,1
When I Was the Greatest,"Reynolds, Jason",2023-02-01,Florida,5,3
It Feels Good to Be Yourself: A Book About Gender Identity,"Thorn, Theresa",2023-10-01,Florida,5,4
All the Rage,"Summers, Courtney",2023-08-01,Florida,5,4
Jay's Gay Agenda,"June, Jason",2022-02-01,Tennessee,5,2
Transgender Rights and Issues,"Pelleschi, Andrea",2021-12-01,Texas,5,2
Maybe Someday,"Hoover, Colleen",2023-08-01,Iowa,5,2
Lisey's Story,"King, Stephen",2024-05-01,Florida,5,2
At the Edge of the Universe,"Hutchinson, Shaun David",2021-12-01,Texas,5,3
Empire of Wild,"Dimaline, Cherie",2023-08-01,Florida,5,1
Echo After Echo,"Capetta, Amy Rose",2021-12-01,Texas,5,3
You Know You Love Me,"von Ziegesar, Cecily",2023-07-01,Florida,5,2
Maybe Not,"Hoover, Colleen",2022-10-01,Michigan,5,3
The Shining,"King, Stephen",2024-06-01,Florida,5,3
Girl With a Pearl Earring,"Chevalier, Tracy",2023-08-01,Florida,5,2
Grave Mercy,"LaFevers, Robin",2023-08-01,Florida,5,2
It's Not Summer Without You,"Han, Jenny",2023-10-01,Florida,4,3
It's Not Like It's a Secret,"Sugiura, Misa",2021-12-01,Texas,4,3
Fighting Words,"Bradley, Kimberly Brubaker",2023-08-01,Florida,4,2
10 Things I Can See from Here,"Mac, Carrie",2021-12-01,Texas,4,4
White Hot Kiss,"Armentrout, Jennifer L.",2023-10-01,Florida,4,2
Snapdragon,"Leyh, Kat",2023-06-01,Florida,4,1
The Sacrifice of Darkness,"Gay, Roxane",2022-08-01,Florida,4,2
"101 Questions About Sex and Sexuality: With Answers for the Curious, Cautious, and Confused","Brynie, Faith Hickman",2021-12-01,Texas,4,3
Black Rabbit Summer,"Brooks, Kevin",2021-12-01,Texas,4,2
Gender Identity: Beyond Pronouns and Bathrooms,"Cook, Maria",2022-02-01,Tennessee,4,3
Flor Fights Back: A Stonewall Riots Survival Story,"Ellison, Joy Michael",2023-05-01,Florida,4,3
Alice Austen Lived Here,"Gino, Alex",2024-06-01,Iowa,4,2
"Will Grayson, Will Grayson (Will Grayson, Will Grayson Series)","Green, John",2021-11-01,Texas,4,2
Almost Flying,"Arlow, Jake Maia",2023-09-01,Florida,4,4
"Soul Eater, Vol. 2","Ohkubo, Atsushi",2022-10-01,Texas,4,4
Marriage of a Thousand Lies,"Sindu, S. J.",2021-11-01,Florida,4,3
The Art of Being Normal,"Williamson, Lisa",2021-12-01,Texas,4,2
Jarhead: A Marine's Chronicle of the Gulf War and Other Battles,"Swofford, Anthony",2022-12-01,Michigan,4,2
The Grief Keeper,"Villasante, Alexandra",2021-12-01,Texas,4,2
Tomboy: A Graphic Memoir,"Prince, Liz",2021-12-01,Texas,4,2
When It Happens,"Colasanti, Susane",2023-09-01,Florida,4,1
Is He a Girl?,"Sachar, Louis",2022-09-01,Florida,4,2
Punkzilla,"Rapp, Adam",2023-08-01,Florida,4,1
Gingerbread,"Cohn, Rachel",2023-06-01,Florida,4,2
Uncomfortable Conversations with a Black Boy,"Acho, Emmanuel",2022-09-01,Florida,4,2
Plan A,"Caletti, Deb",2024-08-01,Tennessee,4,3
"Shirley Jackson's ""The Lottery"": The Authorized Graphic Adaptation","Hyman, Miles",2021-09-01,Texas,4,3
Gerald's Game,"King, Stephen",2023-08-01,Maine,4,3
The Carrie Diaries,"Bushnell, Candace",2023-08-01,Florida,4,2
A Thousand Acres,"Smiley, Jane",2023-02-01,Idaho,4,3
Hooked,"Greenman, Catherine",2022-01-01,Texas,4,2
Monument 14: Sky On Fire,"Laybourne, Emmy",2023-12-01,Florida,4,3
Confess,"Hoover, Colleen",2022-10-01,South Carolina,4,3
Mr. Mercedes,"King, Stephen",2024-05-01,Florida,4,2
Seeing Gender: An Illustrated Guide to Identity and Expression,"Gottlieb, Iris",2022-02-01,Tennessee,4,3
Gender Identity (Teen Mental Health),"Petrikowski, Nicki Peter",2021-12-01,Texas,4,2
I'm the Girl,"Summers, Courtney",2023-10-01,Iowa,4,3
A Time to Kill,"Grishman, John",2023-08-01,Florida,4,1
"I Have the Right To: A High School Survivor's Story of Sexual Assault, Justice and Hope","Prout, Chessy",2024-06-01,Iowa,4,2
Shut Out,"Keplinger, Kody",2024-04-01,Florida,4,1
Comanche Moon,"McMurty, Larry",2023-10-01,Florida,4,1
The Complete Maus: A Survivor's Tale,"Spiegelman, Art",2022-09-01,Missouri,4,2
Blockade Billy,"King, Stephen",2024-05-01,Florida,4,1
Blessed,"Smith, Cynthia Leitich",2023-12-01,Florida,4,1
Grace and Glory,"Armentrout, Jennifer L.",2023-06-01,Florida,4,2
Freak the Mighty,"Philbrick, Rodman",2023-08-01,Florida,4,2
If You Find This,"Baker, Matthew",2024-03-01,Florida,4,1
City of Heavenly Fire (The Mortal Instruments Series),"Clare, Cassandra",2021-11-01,Texas,4,4
The Difference Between You and Me,"George, Madeleine",2021-12-01,Texas,4,4
The Downstairs Girl,"Lee, Stacey",2021-12-01,Texas,4,2
The Dark Tower,"King, Stephen",2023-02-01,Pennsylvania,4,2
A Scatter of Light,"Lo, Malinda",2023-10-01,Florida,4,3
"You Don’t Know Everything, Jilly P!","Gino, Alex",2023-11-01,Iowa,4,4
In a Handful of Dust,"McGinnis, Mindy",2023-12-01,Florida,4,1
Redeemed,"Cast, P. C.",2023-08-01,Florida,4,4
Reminders of Him,"Hoover, Colleen",2023-10-01,Iowa,4,1
"Middle School's a Drag, You Better Werk!","Howard, Greg",2021-12-01,Texas,4,3
Mexican Whiteboy,"de la Peña, Matt",2021-11-01,Florida,4,2
Someone Like You,"Dessen, Sarah",2023-10-01,Florida,4,2
Num8ers,"Ward, Rachel",2023-06-01,Florida,4,1
"A Game of Thrones: The Graphic Novel, Vol. 1","Martin, George R. R.",2022-09-01,Missouri,4,3
End of Watch,"King, Stephen",2024-05-01,Florida,4,2
"The Teenage Guy's Survival Guide: The Real Deal on Going Out, Growing Up, and Other Guy Stuff","Daldry, Jeremy",2022-10-01,Texas,4,2
The Taking of Jake Livingston,"Douglass, Ryan",2024-02-01,Florida,4,2
A Complicated Love Story Set in Space,"Hutchinson, Shaun David",2022-02-01,Tennessee,4,2
My Dark Vanessa,"Russell, Kate Elizabeth",2023-03-01,Florida,4,2
Sonny's House of Spies,"Lyon, George Ella",2021-12-01,Texas,4,2
"Fairy Tail, Vol. 5","Mashima, Hiro",2024-04-01,Florida,4,1
"Fairy Tail, Vol. 2","Mashima, Hiro",2024-04-01,Florida,4,1
Opposition,"Armentrout, Jennifer L.",2023-08-01,Florida,4,1
Kingdom of the Cursed,"Maniscalco, Kerri",2024-06-01,Iowa,4,4
Before the Devil Breaks You,"Bray, Libba",2023-08-01,Florida,4,2
Let it Snow: Three Holiday Romances,"Green, John",2021-12-01,Wisconsin,4,2
Eon: Dragoneye Reborn,"Goodman, Alison",2023-10-01,Florida,4,3
Lessons from a Dead Girl,"Knowles, Jo",2022-09-01,Florida,4,2
"A Game of Thrones: The Graphic Novel, Vol. 4","Martin, George R. R.",2022-09-01,Missouri,4,2
Lord of the Flies,"Golding, William",2021-10-01,Oklahoma,4,4
Lock and Key,"Dessen, Sarah",2023-08-01,Florida,4,2
Wonders of the Invisible World,"Barzak, Christopher",2021-12-01,Texas,4,2
Let's Talk About Love,"Kann, Claire",2021-12-01,Texas,4,2
Night,"Wiesel, Elie",2021-11-01,Texas,4,4
Lizard Radio,"Schmatz, Pat",2021-12-01,Texas,4,2
"Gone, Gone, Gone","Moskowitz, Hannah",2021-12-01,Texas,4,2
Muted,"Charles, Tami",2023-10-01,Iowa,4,3
Dig,"King, A. S.",2023-08-01,Florida,4,4
Ninth House,"Bardugo, Leigh",2022-10-01,Texas,4,3
As I Descended,"Talley, Robin",2021-12-01,Texas,4,2
The Meaning of Birds,"Brown, Jaye Robin",2021-12-01,Texas,4,2
"Sparks: The epic, Completely True Blue, (Almost) Holy Quest of Debbie","Adams, S.J.",2023-11-01,Florida,4,1
Aristotle and Dante Dive into the Waters of the World,"Sáenz, Benjamin Alire",2023-10-01,Florida,4,4
Leviathan Wakes,"Corey, James S. A.",2024-03-01,Florida,4,1
Look,"Romanoff, Zan",2023-08-01,Florida,4,3
Arden Grey,"Stoeve, Ray",2024-02-01,Florida,4,2
"Soul Eater, Vol. 1","Ohkubo, Atsushi",2022-10-01,Texas,4,3
Keeping Faith,"Picoult, Jodi",2023-02-01,Florida,4,1
Kate in Waiting,"Albertalli, Becky",2022-02-01,Tennessee,4,2
Streets of Laredo,"McMurty, Larry",2023-10-01,Florida,4,1
The House of Hades,"Riordan, Rick",2023-10-01,Iowa,4,2
This Lullaby,"Dessen, Sarah",2023-08-01,Florida,4,2
Ellen Outside the Lines,"Sass, A.J.",2023-10-01,Florida,4,3
"Sorted: Growing Up, Coming Out, and Finding My Place","Bird, Jackson",2021-11-01,Florida,4,3
Dancing in My Nuddy-Pants: Even Further Confessions of Georgia Nicolson,"Rennison, Louise",2024-06-01,Iowa,4,4
Fat Kid Rules the World,"Going, K.L.",2023-08-01,Florida,4,2
Juliet Takes a Breath: The Graphic Novel,"Rivera, Gabby",2023-09-01,Florida,4,3
The Sin-Eater's Confession,"Bick, Ilsa J.",2021-11-01,Texas,4,2
All the Bad Apples,"Fowley-Doyle, Moïra",2022-10-01,Texas,4,3
Just After Sunset,"King, Stephen",2024-05-01,Florida,4,2
Bitter,"Emezi, Akwaeke",2024-02-01,Florida,4,4
The Way We Work: Getting to Know the Amazing Human Body,"Macaulay, David",2024-06-01,Iowa,4,2
Wizard's First Rule,"Goodkind, Terry",2024-01-01,Florida,4,1
The Way I Used to Be,"Smith, Amber",2021-10-01,Oklahoma,4,3
Catwoman: Soulstealer,"Maas, Sarah J.",2022-10-01,Texas,4,3
The Ship We Built,"Bean, Lexie",2023-08-01,Florida,4,2
"Knocked Out By My Nunga Nungas: Further, Further Confessions of Georgia Nicolson","Rennison, Louise",2023-08-01,Florida,4,4
World War Z: An Oral History of the Zombie War,"Brooks, Max",2023-08-01,Florida,3,2
Solitaire,"Oseman, Alice",2023-10-01,Iowa,3,2
GLBTQ*: The Survival Guide for Queer and Questioning Teens,"Huegel, Kelly",2024-06-01,Iowa,3,3
"Girl, (Nearly) 16: Absolute Torture","Limb, Sue",2021-12-01,Texas,3,1
"Soul Eater, Vol. 9","Ohkubo, Atsushi",2023-08-01,Florida,3,3
Six of Crows,"Bardugo, Leigh",2023-08-01,Florida,3,2
Glass Sword,"Aveyard, Victoria",2023-10-01,Florida,3,3
Club Dead,"Harris, Charlaine",2024-02-01,Florida,3,1
"Soul Eater, Vol. 8","Ohkubo, Atsushi",2023-08-01,Florida,3,3
"Soul Eater, Vol. 6","Ohkubo, Atsushi",2023-08-01,Florida,3,3
Heartless,"Shepard, Sara",2023-08-01,Florida,3,2
Somebody Told Me,"Siegert, Mia",2022-02-01,Tennessee,3,2
Someday This Pain Will Be Useful to You,"Cameron, Peter",2023-08-01,Florida,3,2
"Soul Eater, Vol. 13","Ohkubo, Atsushi",2023-08-01,Florida,3,3
Geography Club,"Hartinger, Brent",2024-01-01,Iowa,3,3
Startled by His Furry Shorts,"Rennison, Louise",2024-06-01,Iowa,3,3
Songs of a Humpback Whale,"Picoult, Jodi",2023-02-01,Florida,3,1
Ground Zero,"Gratz, Alan",2022-09-01,Florida,3,1
"Soul Eater, Vol. 10","Ohkubo, Atsushi",2023-08-01,Florida,3,3
"Soul Eater, Vol. 12","Ohkubo, Atsushi",2023-08-01,Florida,3,3
Hear These Voices: Youth at the Edge of the Millennium,"Allison, Anthony",2021-11-01,Florida,3,1
Hold Back the Tide,"Salisbury, Melinda",2022-01-01,Texas,3,2
Change of Heart,"Picoult, Jodi",2024-10-01,Florida,3,1
Solo quedó nuestra historia,Solo Quedo Nuestra Historia,2024-06-01,Florida,3,1
Cherry,"Rosin, Lindsey",2022-03-01,Texas,3,2
Some Assembly Required: The Not-So-Secret Life of a Transgender Teen,"Andrews, Arin",2021-12-01,Texas,3,2
Cherry Money Baby,"Cusick, John M.",2023-09-01,Florida,3,1
City of Lost Souls,"Clare, Cassandra",2023-08-01,Florida,3,2
Definitely Dead,"Harris, Charlaine",2024-02-01,Florida,3,1
Light It Up,"Magoon, Kekla",2022-08-01,Florida,3,2
Different Kinds of Fruit,"Lukoff, Kyle",2022-10-01,Florida,3,2
Evermore,"Noël, Alyson",2023-08-01,Florida,3,2
Every Hidden Thing,"Oppel, Kenneth",2022-10-01,Texas,3,2
No One to Trust,"Johansen, Iris",2023-08-01,Florida,3,2
Nearly Gone,"Cosimano, Elle",2023-08-01,Florida,3,1
Never Always Sometimes,"Alsaid, Adi",2023-08-01,Florida,3,2
King Dork,"Portman, Frank",2023-08-01,Florida,3,1
Kendra,"Booth, Coe",2023-08-01,Florida,3,1
"Families, Families, Families!","Lang, Suzanne",2023-06-01,Florida,3,1
Panic (SMD),"Draper, Sharon M.",2023-08-01,Florida,3,1
Defy the Stars,"Gray, Claudia",2023-08-01,Florida,3,1
One Flew Over the Cuckoo's Nest,"Kesey, Ken",2023-08-01,Florida,3,2
Kings Rising,"Pacat, C. S.",2024-02-01,Florida,3,1
Openly Straight,"Konigsberg, Bill",2023-10-01,Iowa,3,3
One of Those Hideous Books Where the Mother Dies,"Sones, Sonya",2021-12-01,Texas,3,2
LGBTQ Families: The Ultimate Teen Guide,"Apelqvist, Eva",2021-12-01,Texas,3,2
Mangaman,"Lyga, Barry",2023-02-01,Pennsylvania,3,3
M or F?,"Papademetriou, Lisa",2022-01-01,Texas,3,2
Misguided Angel,"de la Cruz, Melissa",2022-10-01,Texas,3,2
"Monstress, Vol. 4: The Chosen","Liu, Marjorie",2022-10-01,Texas,3,2
Midnight in the Garden of Good and Evil,"Berendt, John",2023-08-01,Florida,3,2
Monument 14,"Laybourne, Emmy",2023-08-01,Florida,3,3
Midnight Jewel,"Mead, Richelle",2023-06-01,Florida,3,1
Meow or Never,"Taylor, Jazz",2023-04-01,Florida,3,1
Memnoch the Devil,"Rice, Anne",2023-11-01,Florida,3,1
"No Choirboy: Murder, Violence, and Teenagers on Death Row","Kuklin, Susan",2023-07-01,Florida,3,3
Nimona,"Stevenson, ND",2023-07-01,Florida,3,3
Night Star,"Noël, Alyson",2023-08-01,Florida,3,2
Love Lies Beneath,"Hopkins, Ellen",2022-09-01,Florida,3,2
Love is a Many Trousered Thing,"Rennison, Louise",2024-06-01,Iowa,3,3
Love in the Time of Cholera,"García Márquez, Gabriel",2023-08-01,Florida,3,1
Love Is for Losers,"Brueggemann, Wibke",2022-02-01,Tennessee,3,2
Losing the Field,"Glines, Abbi",2023-08-01,Florida,3,2
Masked,"McClintock, Norah",2021-12-01,Texas,3,2
Seize the Night,"Koontz, Dean R.",2024-06-01,Florida,3,1
From Blood and Ash,"Armentrout, Jennifer L.",2022-09-01,Florida,3,1
If He Had Been With Me,"Nowlin, Laura",2024-04-01,Florida,3,1
Room,"Donoghue, Emma",2024-06-01,Florida,3,2
Deadline,"Crutcher, Chris",2023-08-01,Florida,3,1
Redwood and Ponytail,"Holt, K. A.",2021-12-01,Texas,3,3
Imaginary Friend,"Chbosky, Stephen",2024-02-01,Florida,3,1
In Other Lands,"Brennan, Sarah Rees",2023-08-01,Florida,3,2
Introducing Teddy,"Walton, Jessica",2021-07-01,Indiana,3,3
"How I Paid for College: A Novel of Sex, Theft, Friendship and Musical Theater","Acito, Marc",2023-07-01,Florida,3,1
I am Billie Jean King,"Meltzer, Brad",2023-07-01,Florida,3,2
I Wish You All the Best,"Deaver, Mason",2023-06-01,Florida,3,3
I am Number Four,"Lore, Pittacus",2023-08-01,Florida,3,2
I Am the Messenger,"Zusak, Markus",2023-08-01,Florida,3,2
Forrest Gump,"Groom, Winston",2023-10-01,Florida,3,2
Forged By Fire,"Draper, Sharon M.",2021-11-01,North Carolina,3,2
Salvage the Bones,"Ward, Jesmyn",2023-11-01,Florida,3,3
Salem's Lot,"King, Stephen",2024-06-01,Florida,3,1
If There Be Thorns,"Andrews, V.C.",2023-08-01,Florida,3,2
Flame in the Mist,"Ahdieh, Renée",2023-08-01,Florida,3,1
Danse Macabre,"King, Stephen",2024-06-01,Florida,3,1
Pinkalicious,"Kann, Victoria",2024-08-01,Tennessee,3,2
Prince and Knight,"Haack, Daniel",2023-10-01,Iowa,3,1
Finders Keepers,"King, Stephen",2024-03-01,Florida,3,1
Date Rape,"Williams, Mary E.",2023-08-01,Florida,3,2
"Date Me, Bryson Keller","van Whye, Kevin",2022-02-01,Tennessee,3,2
Fences,"Wilson, August",2021-11-01,Kansas,3,3
"Deal with It! A Whole New Approach to Your Body, Brain, and Life as a gURL","Drill, Esther",2023-08-01,Florida,3,3
Dead to the World,"Harris, Charlaine",2024-02-01,Florida,3,1
Ringer,"Oliver, Lauren",2023-03-01,Texas,3,2
Into the Real,"Brewer, Z",2021-12-01,Texas,3,2
Cruel Crown,"Aveyard, Victoria",2023-08-01,Florida,3,2
Rats Saw God,"Thomas, Rob",2023-08-01,Florida,3,2
Flawless,"Shepard, Sara",2023-08-01,Florida,3,2
Cursor's Fury,"Butcher, Jim",2024-02-01,Florida,3,1
Finding Cinderella,"Hoover, Colleen",2022-12-01,Florida,3,2
It Had To Be You,"Von Ziegesar, Cecily",2023-08-01,Florida,3,2
"It Gets Better: Coming Out, Overcoming Bullying, and Creating a Life Worth Living","Savage, Dan",2021-12-01,Texas,3,2
For Whom the Bell Tolls,"Hemingway, Ernest",2023-08-01,Florida,3,2
Blood of my Blood,"Lyga, Barry",2023-08-01,Florida,3,2
Blood Promise,"Mead, Richelle",2023-07-01,Florida,3,2
Another Kind of Cowboy,"Juby, Susan",2021-12-01,Texas,3,2
The Ocean at the End of the Lane,"Gaiman, Neil",2022-10-01,Texas,3,3
The Dark Tide,"Jasinska, Alicia",2022-02-01,Tennessee,3,2
Bodies Are Cool,"Feder, Tyler",2024-06-01,Iowa,3,2
Beastly,"Flinn, Alex",2023-08-01,Florida,3,1
Americanah,"Adichie, Chimamanda Ngozi",2023-06-01,Florida,3,1
The Deep and Dark Blue,"Smith, Niki",2023-11-01,Wisconsin,3,2
They Wish They Were Us,"Goodman, Jessica",2023-10-01,Florida,3,3
The Lover's Dictionary,"Levithan, David",2023-09-01,Florida,3,1
The Face on the Milk Carton,"Cooney, Caroline B.",2023-10-01,Florida,3,2
"Bless Me, Ultima","Anaya, Rudolfo",2021-10-01,Oklahoma,3,3
When the Moon Was Ours,"McLemore, Anna-Marie",2021-12-01,Texas,3,1
The Upside of Unrequited (Simonverse Series),"Albertalli, Becky",2021-12-01,Texas,3,2
The Black Witch,"Forest, Laurie",2023-08-01,Florida,3,3
The Other Boleyn Girl,"Gregory, Philippa",2024-06-01,Florida,3,3
The Vast Fields of Ordinary,"Burd, Nick",2021-12-01,Texas,3,2
The Vincent Boys,"Glines, Abbi",2023-03-01,Florida,3,1
The Burning,"Bates, Laura",2023-08-01,Florida,3,2
The Brief Wondrous Life of Oscar Wao,"Díaz, Junot",2024-06-01,Florida,3,1
"Then He Ate My Boy Entrancers: More Mad, Marvy Convessions of Georgia Nicolson","Rennison, Louise",2024-06-01,Iowa,3,3
Whatever.: or how junior year became totally f$@ked,"Goslee, S. J.",2021-12-01,Texas,3,2
The Cardboard Kingdom,"Sell, Chad",2023-07-01,Florida,3,3
Animal Farm: A Fairy Story,"Orwell, George",2023-10-01,Iowa,3,2
Born at Midnight,"Hunter, C. C.",2024-04-01,Florida,3,1
The Cider House Rules,"Irving, John",2021-11-01,Texas,3,2
What If It's Us (What If It's Us Series),"Albertalli, Becky",2021-12-01,Texas,3,2
A Sky Beyond the Storm,"Tahir, Sabaa",2023-03-01,Texas,3,2
Atonement,"McEwan, Ian",2023-08-01,Florida,3,1
The House You Pass on the Way,"Woodson, Jacqueline",2021-12-01,Texas,3,2
Undertow,"Buckley, Michael",2023-08-01,Florida,3,2
"Tokyo Ghoul (Series, Title Not Specified)","Ishida, Sui",2024-06-01,Texas,3,2
The Invention of Wings,"Kidd, Sue Monk",2023-10-01,Florida,3,2
Bingo Love #1,"Franklin, Tee",2022-02-01,Tennessee,3,3
Between Perfect and Real,"Stoeve, Ray",2022-02-01,Tennessee,3,3
The Giver,"Lowry, Lois",2022-10-01,Texas,3,2
Beyond the Gender Binary,"Vaid-Menon, Alok",2022-02-01,Tennessee,3,3
The Immortalists,"Benjamin, Chloe",2022-07-01,Texas,3,1
The Last to Let Go,"Smith, Amber",2021-12-01,Texas,3,1
The Heart of Betrayal,"Pearson, Mary E.",2022-10-01,Texas,3,2
Two-Way Street,"Barnholdt, Lauren",2024-05-01,Florida,3,1
The Language of Seabirds,"Taylor, Will",2023-10-01,Iowa,3,2
Twelfth,"Key, Janet",2023-10-01,Kentucky,3,2
The Hundred Thousand Kingdoms,"Jemisin, N. K.",2024-06-01,Florida,3,1
Alice the Brave,"Naylor, Phyllis Reynolds",2023-10-01,Florida,3,1
The Holy Bible (King James Version),Anonymous,2023-02-01,Florida,3,2
The Fixer,"Barnes, Jennifer Lynn",2022-10-01,Florida,3,2
Act Cool,"McSmith, Tobly",2022-02-01,Tennessee,3,3
After We Fell,"Todd, Anna",2023-08-01,Florida,3,3
After (AT),"Todd, Anna",2024-03-01,Florida,3,3
Blaze,"King, Stephen",2024-06-01,Florida,3,1
Being LGBTQ,"Nardo, Don",2023-10-01,Kentucky,3,2
Be Not Far From Me,"McGinnis, Mindy",2025-05-01,Florida,3,1
The Grace Year,"Liggett, Kim",2023-08-01,Florida,3,3
Alt Ed,"Atkins, Catherine",2022-09-01,Florida,3,2
Alone,No Author Specified,2024-06-01,Iowa,3,2
The Longest Ride,"Sparks, Nicholas",2023-08-01,Florida,3,2
After the Fire,"Hill, Will",2023-08-01,Florida,3,3
Because You Love to Hate Me: 13 Tales of Villainy,Ameriie,2023-08-01,Florida,3,2
The First Part Last,"Johnson, Angela",2023-10-01,Iowa,3,3
The Field Guide to the North American Teenager,"Philippe, Ben",2022-02-01,Texas,3,3
"Black Butler (Series, Title Not Specified)","Toboso, Yana",2023-08-01,Texas,3,2
Boy Meets Boy,"Levithan, David",2023-06-01,Florida,3,3
The Regulators,the regulators,2024-06-01,Florida,3,1
Sticks and Scones,"Ukazu, Ngozi",2023-10-01,Florida,3,3
Strange the Dreamer,"Taylor, Laini",2022-10-01,Texas,3,2
Stop in the Name of Pants!,"Rennison, Louise",2023-12-01,Florida,3,3
Suicide Notes From Beautiful Girls,"Weingarten, Lynn",2021-10-01,Oklahoma,3,3
Away Laughing on a Fast Camel: Even More Confessions of Georgia Nicolson,"Rennison, Louise",2024-06-01,Iowa,3,3
"Assassination Classroom, Vol. 10","Matsui, Yūsei",2023-05-01,Florida,3,2
The Test,"Kern, Peggy",2022-10-01,Texas,3,2
Away We Go,"Ostrovski, Emil",2021-12-01,Texas,3,3
The Round House,"Erdrich, Louise",2023-10-01,Florida,3,3
"Good-Bye, Chunky Rice","Thompson, Craig",2023-08-01,Florida,3,1
Tantalize,"Smith, Cynthia Leitich",2023-12-01,Florida,3,1
The Remarkable Journey of Coyote Sunrise,"Gemeinhart, Dan",2023-06-01,Florida,3,1
Teens and Gender Dysphoria,"Nardo, Don",2021-11-01,Texas,3,1
The Stonewall Riots: Coming Out in the Street,"Pitman, Gayle E.",2022-01-01,Florida,3,2
Woke: A Young Poets Call to Justice,"Browne, Mahogany L.",2022-09-01,Florida,3,3
A Curse So Dark and Lonely,"Kemmerer, Brigid",2023-08-01,Florida,3,3
1922,"King, Stephen",2024-05-01,Florida,3,1
Wintersong,"Jae-Jones, S.",2022-10-01,Texas,3,2
19 Love Songs,"Levithan, David",2022-02-01,Tennessee,3,2
Can't Take That Away,"Salvatore, Steven",2022-02-01,Tennessee,3,2
Burned (SS),"Shepard, Sara",2023-08-01,Florida,3,2
The Tea Dragon Society,"O'Neill, K.",2023-07-01,Florida,3,2
A Court of Frost and Starlight (A Court of Thorns and Roses Series),"Maas, Sarah J.",2021-10-01,Florida,3,2
Ashes to Ashes,"Han, Jenny",2023-08-01,Florida,3,1
"You Do You: Figuring Out Your Body, Dating, and Sexuality","Mirk, Sarah",2023-11-01,Texas,3,2
The Sweet Far Thing,"Bray, Libba",2023-08-01,Florida,3,1
Captain Underpants and the Sensational Saga of Sir Stink-a-Lot,"Pilkey, Dav",2023-07-01,Florida,3,3
They Went Left,"Hesse, Monica",2023-08-01,Florida,3,3
The Sky Blues,"Couch, Robbie",2022-02-01,Tennessee,3,3
Spin with Me,"Polonsky, Ami",2024-08-01,Texas,3,1
"Assassination Classroom, Vol. 9","Matsui, Yūsei",2023-05-01,Florida,3,2
Three Truths and a Lie,"Hartinger, Brent",2023-08-01,Florida,2,2
"Love Makes a Family: Friends, Family, and Significant Others","Vision, Willi",2024-08-01,Texas,2,1
All You Never Wanted,"Griffin, Adele",2023-08-01,Florida,2,1
Lucy in the Sky,Anonymous,2023-10-01,Florida,2,1
Tonight We Rule the World,"Smedley, Zack",2022-02-01,Tennessee,2,2
The Story of Us,"Caletti, Deb",2023-08-01,Florida,2,1
The Secret Life of Bees,"Kidd, Sue Monk",2023-07-01,Florida,2,1
All the Light We Cannot See,"Doerr, Anthony",2023-08-01,Florida,2,2
The Second Summer Of The Sisterhood,"Brashares, Ann",2024-06-01,Florida,2,1
It Feels Good To Be Yourself: A Book About Gender Identity,"Thorn, Theresa",2022-07-01,Florida,2,1
Fever Crumb,"Reeve, Philip",2024-06-01,Texas,2,2
It Ends with Us,"Hoover, Colleen",2024-10-01,Florida,2,2
Lobizona,"Garber, Romina",2023-06-01,Florida,2,1
Allegiant,"Roth, Veronica",2023-08-01,Florida,2,2
Are You My Mother?: A Comic Drama,"Bechdel, Alison",2023-01-01,North Carolina,2,2
Just Kids,"Smith, Patti",2024-06-01,Florida,2,1
All of Us with Wings,"Ruiz Keil, Michelle",2024-06-01,Florida,2,2
The Stranger: The Graphic Novel,"Camus, Albert",2022-08-01,Missouri,2,2
Transgender Rights: Striving for Equality,The New York Times Editorial Staff,2023-06-01,Florida,2,2
Totally Joe (The Misfits Series),"Howe, James",2021-12-01,Texas,2,1
Annie Leibovitz at Work,"Leibovitz, Annie",2022-10-01,Missouri,2,2
"Jess, Chunk, and the Road Trip to Infinity","Clark, Kristin Elizabeth",2021-12-01,Texas,2,1
Totally Joe,"Howe, James",2024-06-01,Iowa,2,1
Top Ten,"Cotugno, Katie",2023-08-01,Florida,2,1
Envy,"Godberson, Anna",2023-12-01,Florida,2,1
"Jojo's Bizarre Adventure: Part 1 - Phantom Blood, Vol. 1","Araki, Hirohiko",2022-10-01,Texas,2,2
"Tomorrow Will Be Different: Love, Loss, and the Fight for Trans Equality","McBride, Sarah",2021-12-01,Texas,2,1
The Summer of Jordi Perez (And the Best Burger in Los Angeles),"Spalding, Amy",2021-12-01,Texas,2,1
Joy in the Morning,"Smith, Betty",2023-10-01,Florida,2,1
Just a Girl,"Mesrobian, Carrie",2024-06-01,Texas,2,2
Little Fires Everywhere,"Ng, Celeste",2024-06-01,Florida,2,1
Lucas,"Brooks, Kevin",2023-08-01,Florida,2,1
Firefight,"Sanderson, Brandon",2023-08-01,Florida,2,2
Fine Things,"Steel, Danielle",2023-03-01,Florida,2,1
"Trans Bodies, Trans Selves: A Resource By and for Transgender Communities","Erickson-Schroth, Laura",2022-10-01,Wyoming,2,1
Find Me,"Mafi, Tahereh",2023-10-01,Iowa,2,2
"Jojo's Bizarre Adventure: Part 1 - Phantom Blood, Vol. 3","Araki, Hirohiko",2022-10-01,Texas,2,2
Little Rock Nine,"Poe, Marshall",2023-03-01,Florida,2,1
Toxic,"Shepard, Sara",2023-08-01,Florida,2,1
"Transgender Lives: Complex Stories, Complex Voices","Cronn-Mills, Kirstin",2022-10-01,Texas,2,1
Everlasting,"Noël, Alyson",2023-12-01,Florida,2,2
The Teenage Body Book,"McCoy, Kathy",2021-12-01,Texas,2,1
Kingdom of Flesh and Fire,"Armentrout, Jennifer L.",2022-10-01,Florida,2,1
The Testament,"Van Lustbader, Eric",2024-06-01,Florida,2,2
The Underground Railroad,"Whitehead, Colson",2023-11-01,Iowa,2,2
Fake ID,"Giles, Lamar",2023-08-01,Florida,2,1
The Scorch Trials,"Dashner, James",2023-08-01,Florida,2,2
Lies We Sing to the Sea,"Underwood, Sarah",2024-06-01,Iowa,2,2
King of the Screwups,"Going, K. L.",2023-08-01,Florida,2,1
Life As We Knew It,"Pfeffer, Susan Beth",2023-08-01,Florida,2,2
LGBTQ at Work: Your Personal and Working Life,"Albright-Jenkins, Melissa",2024-08-01,Texas,2,1
LGBT Intolerance,"Buckey, A.W.",2024-08-01,Texas,2,1
The Windup Girl,"Bacigalupi, Paolo",2023-04-01,Missouri,2,2
Lair of Dreams,"Bray, Libba",2024-05-01,Florida,2,2
The Sweet Revenge of Celia Door,"Finneyfrock, Karen",2021-12-01,Texas,2,2
Like Other Girls,"Lundin, Britta",2023-08-01,Georgia,2,2
Linger,"Stiefvater, Maggie",2023-08-01,Florida,2,2
The Voices of Rape,"Bode, Janet",2023-12-01,Iowa,2,2
"The Walking Dead, Vol. 11: Fear the Hunters","Kirkman, Robert",2022-09-01,Missouri,2,2
The Usborne Introduction to Art,"Dickins, Rosie",2023-08-01,Florida,2,2
The Unexpected Everything,"Matson, Morgan",2023-08-01,Florida,2,2
Legendary,"Garber, Stephanie",2023-08-01,Florida,2,1
The Valley of Horses,"Auel, Jean M.",2023-02-01,Pennsylvania,2,2
Leah on the Offbeat (Simonverse Series),"Albertalli, Becky",2022-02-01,Tennessee,2,2
Life of Pi,"Martel, Yann",2023-11-01,Wisconsin,2,2
Every Body Looking,"Iloh, Candice",2023-08-01,Florida,2,2
Another Brooklyn,"Woodson, Jacqueline",2024-06-01,Texas,2,2
Thirsty,"Anderson, M. T.",2023-08-01,Florida,2,1
Ark Angel,"Horowitz, Anthony",2022-10-01,Texas,2,2
Kindred,"Butler, Octavia E.",2023-11-01,Florida,2,2
Amy and Roger's Epic Detour,"Matson, Morgan",2023-03-01,Texas,2,2
Fahrenheit 451,"Bradbury, Ray",2023-03-01,Texas,2,2
The Wicked King,"Black, Holly",2023-08-01,Florida,2,2
The Steps,"Cohn, Rachel",2023-08-01,Florida,2,1
Feeling Wrong in Your Own Body: Understanding What It Means to Be Transgender,"Seba, Jaime A.",2021-12-01,Texas,2,1
All the Pretty Horses,"McCarthy, Cormac",2024-06-01,Florida,2,1
Look Past,"Devine, Eric",2021-12-01,Texas,2,1
Lore Olympus: Volume One,"Smythe, Rachel",2023-08-01,Florida,2,2
"Jujutsu Kaisen (Series, Title Not Specified)","Akutami, Gege",2024-10-01,Tennessee,2,1
Everything Leads to You,"LaCour, Nina",2021-12-01,Texas,2,2
Life and Death: Twilight Reimagined,"Meyer, Stephenie",2023-08-01,Florida,2,1
And I Darken,"White, Kiersten",2022-10-01,Texas,2,1
The Traitor Game,"Collins, B. R.",2021-12-01,Texas,2,2
LGBTQ Rights and Activism,"Currie, Stephen",2023-10-01,Kentucky,2,2
Ancient Greek Art and Architecture,"Nardo, Don",2024-08-01,Tennessee,2,2
Every Last Breath,"Armentrout, Jennifer L.",2023-06-01,Florida,2,1
An Assassin's Guide to Love and Treason,"Boecker, Virginia",2023-08-01,Florida,2,1
Family of Liars: The Prequel to We Were Liars,"Lockhart, E",2023-10-01,Iowa,2,2
Ancient Greece and the Olympics: A Nonfiction Companion to Magic Tree House,"Osborne, Mary Pop",2024-08-01,Florida,2,2
This Is Where It Ends,"Nijkamp, Marieke",2023-11-01,Wisconsin,2,2
Kaleidoscope Song,"Benwell, Fox",2021-12-01,Texas,2,2
"Are You There God? It's Me, Margaret","Blume, Judy",2024-06-01,Iowa,2,1
Liar,"Larbalestier, Justine",2023-08-01,Florida,2,1
A Phoenix First Must Burn,"Caldwell, Patrice",2024-06-01,Florida,2,1
A Northern Light,"Donnelly, Jennifer",2023-08-01,Florida,2,2
A Painted House,"Grisham, John",2023-08-01,Florida,2,2
Heavy: An American Memoir,"Laymon, Kiese",2021-10-01,Kansas,2,2
"Age of Bronze, Vol. 1: A Thousand Ships","Shanower, Eric",2024-08-01,Tennessee,2,2
Where Things Come Back,"Whaley, John Corey",2023-11-01,Wisconsin,2,2
When We Were Magic,"Gailey, Sarah",2021-12-01,Texas,2,2
Giant Days,"Allison, John",2022-09-01,Missouri,2,2
Gingerbread (Cyd Charisse Series),"Cohn, Rachel",2021-12-01,Texas,2,1
Girls Made of Snow and Glass,"Bashardoust, Melissa",2022-02-01,Tennessee,2,2
A Lesson Before Dying,"Gaines, Ernest J.",2021-10-01,Virginia,2,2
Girls vs. Guys: Surprising Differences Between the Sexes,"Rosen, Michael J.",2021-12-01,Texas,2,1
Willful Machines,"Floreen, Tim",2021-12-01,Texas,2,1
A Perfect Blank,"Duran, Rye",2022-02-01,Tennessee,2,2
Wildman,"Geiger, J. C.",2023-08-01,Florida,2,2
A Court of Thorns and Roses (A Court of Thorns and Roses Series),"Maas, Sarah J.",2021-10-01,Florida,2,2
Hero,"Lupica, Mike",2023-01-01,Texas,2,1
Himawari House,"Becker, Harmony",2022-09-01,Missouri,2,1
What Goes Around,"Millner, Denene",2022-09-01,Texas,2,1
"Hold Me Closer, Necromancer","McBride, Lish",2023-10-01,Florida,2,2
Gender in the 21st Century,"Eboch, M.M.",2023-10-01,Kentucky,2,2
What I Saw and How I Lied,"Blundell, Judy",2023-08-01,Florida,2,1
A Million Quiet Revolutions,"Gow, Robin",2024-03-01,Montana,2,2
A Madness So Discreet,"McGinnis, Mindy",2023-08-01,Florida,2,2
What on Earth Is a Pangolin?,"Ricciuti, Edward R.",2023-06-01,Florida,2,1
When I Am Through with You,"Kuehn, Stephanie",2023-08-01,Florida,2,2
Gather Together in My Name,"Angelou, Maya",2023-08-01,Florida,2,1
When the Emperor Was Divine,"Otsuka, Julie",2022-06-01,Wisconsin,2,2
When the Wind Blows,"Patterson, James",2023-08-01,Florida,2,1
Hot Dog Girl,"Dugan, Jennifer",2021-12-01,Texas,2,1
A Guy's Guide to Sexuality and Sexual Identity in the 21st Century,"Craig, Joe",2021-12-01,Texas,2,1
White Rabbit,"Roehrig, Caleb",2021-12-01,Texas,2,2
Whistle Me Home,"Wersba, Barbara",2021-12-01,Texas,2,1
Honestly Ben,"Konigsberg, Bill",2023-08-01,Florida,2,2
Greek Mythology for Beginners,"Lee, Joe",2024-11-01,Tennessee,2,2
Guts,"Telgemeier, Raina",2023-07-01,Florida,2,1
"100 Questions You'd Never Ask Your Parents: Straight Answers to Teens' Questions About Sex, Sexuality, and Health","Henderson, Elisabeth",2021-12-01,Texas,2,2
Gods and Monsters,"Mahurin, Shelby",2023-10-01,Iowa,2,1
#BlackLivesMatter: Protesting Racism,"Thomas, Rachael L.",2021-11-01,Texas,2,2
Zara Hossin is Here,"Kahan, Sabina",2024-08-01,Florida,2,2
1Q84,"Murakami, Haruki",2023-12-01,Florida,2,2
34 Pieces of You,"Rodrigues, Carmen",2024-04-01,Florida,2,1
#Pride: Championing LGBTQ Rights,"Felix, Rebecca",2024-08-01,Colorado,2,2
You're in the Wrong Bathroom!: And 20 Other Myths and Misconceptions About Transgender and Gender-Nonconforming People,"Erickson-Schroth, Laura",2024-01-01,Florida,2,2
Girl on the Line,"Gardner, Faith",2022-02-01,Tennessee,2,2
You Say It First,"Cotugno, Katie",2023-08-01,Florida,2,1
Green River Killer: A True Detective Story,"Jensen, Jeff",2022-09-01,Missouri,2,2
Grown in 60 Seconds,"Lee, Darrien",2022-10-01,Texas,2,2
"Guinness Book of World Records, 2023","Glenday, Craig",2023-07-01,Florida,2,1
You Brought Me the Ocean,"Sanchez, Alex",2022-02-01,Tennessee,2,2
Great,"Benincasa, Sara",2021-12-01,Texas,2,1
Guardian (Proxy Series),"London, Alex",2021-12-01,Texas,2,1
A Heart So Fierce and Broken,"Kemmerer, Brigid",2023-08-01,Florida,2,2
Harriet Gets Carried Away,"Sima, Jessie",2023-07-01,Florida,2,1
Harrow Lake,"Ellis, Kat",2023-08-01,Florida,2,1
"He Said, She Said","Alexander, Kwame",2023-10-01,Florida,2,2
Who Was Sally Ride?,"Stine, Megan",2023-07-01,Florida,2,1
A Light in the Attic,"Silverstein, Shel",2024-12-01,Tennessee,2,1
Halo,"Adornetto, Alexandra",2023-08-01,Florida,2,1
Half Wild,"Green, Sally",2023-08-01,Florida,2,2
Zombies vs. Unicorns,"Larbalestier, Justine",2024-10-01,Tennessee,2,2
YOLO,"Myracle, Lauren",2024-10-01,Florida,2,2
You Against Me,"Downham, Jenny",2023-08-01,Florida,2,2
2024: A Graphic Novel,"Rall, Ted",2025-02-01,Florida,2,1
Wonder Woman: Warbringer,"Bardugo, Leigh",2023-07-01,Florida,2,1
"Writing My Wrongs: Life, Death, and Reception in an American Prison","Senghor, Shaka",2023-12-01,Florida,2,1
1st to Die,"Patterson, James",2023-10-01,Florida,2,1
A Breath of Snow and Ashes,"Gabaldon, Diana",2023-08-01,Florida,2,2
Woodcuts of Women: Stories,"Gilb, Dagoberto",2024-03-01,Florida,2,1
Impulse (Impulse Series),"Hopkins, Ellen",2022-03-01,Texas,2,2
Impossible,"Werlin, Nancy",2023-10-01,Florida,2,1
Fred Gets Dressed,"Brown, Peter",2022-07-01,Florida,2,2
A Vow So Bold and Deadly,"Kemmerer, Brigid",2023-01-01,Texas,2,1
Al Capone Does My Shirts,"Choldenko, Gennifer",2023-06-01,Florida,2,1
Into the Light,"Oshiro, Mark",2024-08-01,Tennessee,2,2
Unbecoming,"Downham, Jenny",2022-02-01,Tennessee,2,2
Vampire Academy (Vampire Academy Series),"Mead, Richelle",2021-11-01,Michigan,2,2
In the Role of Brie Hutchens...,"Melleby, Nicole",2021-12-01,Texas,2,1
Flying Lessons and Other Stories,"Alexander, Kwame",2024-06-01,Iowa,2,1
Violets Are Blue (JP),"Patterson, James",2023-08-01,Florida,2,1
Imaginary Girls,"Suma, Nova Ren",2023-08-01,Florida,2,2
In Search of Us,"Dellaira, Ava",2023-08-01,Florida,2,2
In the Dream House,"Machado, Carmen Maria",2021-09-01,Texas,2,1
In the Afterlight,"Bracken, Alexandra",2023-03-01,Texas,2,1
Vanilla,"Merrell, Bill",2023-11-01,Iowa,2,2
Uprooted,"Novik, Naomi",2024-06-01,Iowa,2,1
It's Okay To Be Different,"Parr, Todd",2023-03-01,Florida,2,2
All I Want is Everything,"Von Ziegesar, Cecily",2023-12-01,Florida,2,2
Two Roads,"Bruchac, Joseph",2022-01-01,Florida,2,1
Unbelievable,"Shepard, Sara",2023-08-01,Florida,2,1
Téo's Tutu,"Macias, Maryann Jacob",2024-06-01,Iowa,2,2
Five Feet Apart,"Daughtry, Mikki",2023-10-01,Florida,2,2
Flip,"Bedford, Martyn",2023-08-01,Florida,2,1
Two Dark Reigns,"Blake, Kendare",2023-08-01,Florida,2,1
Understanding Gender Identity,"Nardo, Don",2022-02-01,Tennessee,2,2
Inkdeath,"Funke, Cornelia",2023-08-01,Florida,2,2
Under Rose-Tainted Skies,"Gornall, Louise",2023-08-01,Florida,2,1
Instructions for Dancing,"Yoon, Nicola",2023-06-01,Florida,2,2
"Alex, Approximately","Bennett, Jenn",2023-08-01,Florida,2,1
Unplanned Pregnancies,"Burling, Alexis",2023-10-01,Kentucky,2,2
In the Wild Light,"Zentner, Jeff",2023-08-01,Florida,2,1
Under Shifting Stars,"Latos, Alexandra",2024-08-01,Florida,2,2
I'm a Wild Seed: My Graphic Memoir on Queerness and Decolonizing the World,"De La Cruz, Sharon Lee",2022-02-01,Tennessee,2,2
I Know This Much Is True,"Lamb, Wally",2023-08-01,Florida,2,1
A Queer History of the United States For Young People,"Chevat, Richie",2024-06-01,Iowa,2,2
A Question of Holmes,"Cavallaro, Brittany",2023-08-01,Florida,2,1
Freeing Finch,"Rorby, Ginny",2024-08-01,Texas,2,1
A Taxonomy of Love,"Allen, Rachael",2023-08-01,Florida,2,2
How to Be Ace: A Memoir of Growing Up Asexual,"Burgess, Rebecca",2022-03-01,Vermont,2,2
How to Make a Wish,"Blake, Ashley Herring",2022-02-01,Tennessee,2,2
Human Body Theater: A Non-Fiction Revue,"Wicks, Maris",2024-06-01,Iowa,2,2
Gender Identity (AA),"Abraham, Anika",2023-10-01,Kentucky,2,2
Wayward Witch (Brooklyn Brujas Series),"Córdova, Zoraida",2021-12-01,Texas,2,2
If There's No Tomorrow,"Armentrout, Jennifer L.",2024-04-01,Florida,2,1
We Are Not Your Equal: Understanding Our Racial Divide,"Anderson, Carol",2022-09-01,Florida,2,1
A Study in Charlotte,"Cavallaro, Brittany",2023-08-01,Florida,2,1
"We Should Hang Out Sometime: Embarrassingly, A True Story","Sundquist, Josh",2023-08-01,Florida,2,1
"I, Claudia","McCoy, Mary",2023-10-01,Florida,2,1
Friday I'm in Love,"Garrett, Camryn",2024-05-01,Florida,2,2
"Friday Night Lights: A Town, a Team, and a Dream","Bissinger, H.G.",2023-10-01,Iowa,2,1
I Hope You're Listening,"Ryan, Tom",2021-12-01,Texas,2,2
Wash Day Diaries,"Rowser, Jamila",2024-06-01,Iowa,2,2
Watch Over Me,"LaCour, Nina",2022-10-01,Texas,2,1
Garden of Shadows,"Andrews, V. C.",2023-08-01,Florida,2,2
Galaxy: The Prettiest Star,"Axelrod, Jadzia",2024-08-01,Texas,2,1
Accountable: The True Story of a Racist Social Media Account and the Teenagers Whose Lives it Changed,"Slater, Dashka",2024-08-01,Florida,2,2
Forget Me Not (AD),"Derrick, Alyson",2023-10-01,Kentucky,2,2
Gates of Paradise,"de la Cruz, Melissa",2022-10-01,Texas,2,2
The Darkest Minds,"Bracken, Alexandra",2023-11-01,Florida,2,2
The Dark Days Club,"Goodman, Alison",2023-08-01,Florida,2,1
Sadie,"Summers, Courtney",2023-08-01,Florida,2,2
Mixed: A Colorful Story,"Chung, Arree",2022-10-01,Florida,2,1
The Cyclopes,"Evslin, Bernard",2025-02-01,Tennessee,2,1
Ruin of Stars,"Miller, Linsey",2024-06-01,Iowa,2,2
The Dead-Tossed Waves,"Ryan, Carrie",2022-10-01,Texas,2,2
SELF-ish: A Transgender Awakening,"Schwenke, Chloe",2022-02-01,Tennessee,2,2
Right Where You Left Me,"Devlin, Calla",2024-10-01,Tennessee,2,2
The Fell of Dark,"Roehrig, Caleb",2022-02-01,Tennessee,2,2
Replica: Gemma Lyra,"Oliver, Lauren",2024-06-01,Texas,2,2
The Exact Opposite of Okay,"Steven, Laura",2022-11-01,Texas,2,2
The Dark and Hollow Places,"Ryan, Carrie",2022-10-01,Texas,2,1
Blood of Elves,"Sapkowski, Andrzej",2024-06-01,Iowa,2,2
Crash and Burn,"Hassan, Michael",2023-08-01,Utah,2,2
Crazy Love,"Abrams, Amir.",2023-08-01,Florida,2,1
The Canterbury Tales,"Chaucer, Geoffrey",2023-02-01,Pennsylvania,2,2
Sawkill Girls,"Legrand, Claire",2024-05-01,Florida,2,2
The Closest I've Come,"Aceves, Fred",2023-08-01,Florida,2,1
School's Out - Forever,"Patterson, James",2023-02-01,Florida,2,2
The Dead Inside,"Etler, Cyndy Drew",2022-12-01,Texas,2,1
The Chosen One,"Williams, Carol Lynch",2023-08-01,Florida,2,2
Salvage,"Duncan, Alexandra",2023-08-01,Florida,2,2
Savage Inequalities: Children in America's Schools,"Kozol, Jonathan",2023-06-01,Florida,2,1
The Cost of Knowing,"Morris, Brittney",2022-11-01,Utah,2,2
Corelli's Mandolin,"De Bernières, Louis",2023-08-01,Florida,2,1
The Cabin,"Preston, Natasha",2023-08-01,Florida,2,2
Ruin and Rising,"Bardugo, Leigh",2023-08-01,Florida,2,1
Roar,"Carmack, Cora",2023-08-01,Florida,2,1
The Case for Jamie,"Cavallaro, Brittany",2023-08-01,Florida,2,1
Coping with Date Rape and Acquaintance Rape,"Parrot, Andrea",2023-08-01,Florida,2,2
Scott Pilgrim Vol. 5: Scott Pilgrim vs. the Universe,"O'Malley, Bryan Lee",2022-09-01,Missouri,2,2
Sea of Shadows,"Armstrong, Kelley",2023-08-01,Florida,2,1
See Me,"Sparks, Nicholas",2024-06-01,Florida,2,1
Confessions of a Murder Suspect,"Patterson, James",2023-08-01,Florida,2,1
The Fire Next Time,"Baldwin, James",2022-10-01,Florida,2,1
Crush (CM),"Mac, Carrie",2023-09-01,Florida,2,1
Puddin',"Murphy, Julie",2023-08-01,Florida,2,2
The Drowning Summer,"Herman, C.L.",2023-11-01,Oregon,2,2
The Forgetting,"Cameron, Sharon",2023-08-01,Florida,2,1
"Private: New York, Los Angeles, London, Paris","Patterson, James",2023-08-01,Florida,2,2
Prom,"Anderson, Laurie Halse",2023-08-01,Florida,2,1
The Fire Never Goes Out: A Memoir in Pictures,"Stevenson, Noelle",2021-12-01,Texas,2,2
The Great Alone,"Hannah, Kristin",2023-08-01,Florida,2,1
Postcards From No Man's Land,"Chambers, Aidan",2023-08-01,Florida,2,2
Portnoy's Complaint,"Roth, Philip",2024-02-01,Florida,2,2
Pink,"Wilkinson, Lili",2021-12-01,Texas,2,1
The Goldfinch,"Tartt, Donna",2023-11-01,Iowa,2,2
The Guardian,"Sparks, Nicholas",2024-06-01,Florida,2,1
Dangerous Lies,"Fitzpatrick, Becca",2023-10-01,Florida,2,1
Darius the Great Is Not Okay,"Khorram, Adib",2023-08-01,Florida,2,2
Black Enough: Stories of Being Young & Black in America,"Zoboi, Ibi",2021-11-01,Florida,2,1
Raiders Night,"Lipsyte, Robert",2023-10-01,Florida,2,2
Raise the Stakes,"Atwood, Megan",2021-12-01,Texas,2,1
The Distance From Me to You,"Gessner, Marina",2023-08-01,Florida,2,1
The Deep & Dark Blue,"Smith, Niki",2021-12-01,Texas,2,1
Princess in the Spotlight,"Cabot, Meg",2023-08-01,Florida,2,1
Race and Policing in Modern America,"Harris, Duchess",2022-08-01,Florida,2,1
"The Devil in the White City: Murder, Magic, and Madness at the Fair that Changed America","Larson, Erik",2023-08-01,Florida,2,2
The Electric Kingdom,"Arnold, David",2023-08-01,Florida,2,1
"The Earth, My Butt, and Other Big Round Things","Mackler, Carolyn",2023-10-01,Iowa,2,1
Princess in Love,"Cabot, Meg",2023-08-01,Florida,2,1
Crystal Kingdom,"Hocking, Amanda",2023-03-01,Texas,2,2
"Curse of the Blue Tattoo: Being an Account of the Misadventures of Jacky Faber, Midshipman and Fine Lady","Meyer, L. A.",2023-08-01,Florida,2,2
Rebel Angels,"Bray, Libba",2023-08-01,Florida,2,1
Black and White,"Volponi, Paul",2022-02-01,New Jersey,2,2
Red Glove,"Black, Holly",2023-08-01,Florida,2,1
Crave,"Wolff, Tracy",2023-10-01,Iowa,2,1
Ready Player Two,"Cline, Ernest",2024-10-01,Tennessee,2,2
Reality Boy,"King, A. S.",2023-08-01,Florida,2,2
Red Rising,"Brown, Pierce",2023-08-01,Florida,2,1
Something Like Fate,"Colasanti, Susane",2023-10-01,Iowa,2,2
Teen Sex,"Watkins, Christine",2023-10-01,Iowa,2,2
The (Un)Popular Vote,"Sanchez, Jasper",2022-02-01,Tennessee,2,2
That Inevitable Victorian Thing,"Johnston, E. K",2022-02-01,Tennessee,2,2
Tessa Masterson Will Go to Prom,"Franklin, Emily",2021-12-01,Texas,2,1
Something Like Normal,"Doller, Trish",2023-10-01,Florida,2,2
Tempest,"Cross, Julie",2023-08-01,Florida,2,1
So Hard to Say,"Sanchez, Alex",2021-12-01,Texas,2,2
The Apocalypse of Elena Mendoza,"Hutchinson, Shaun David",2023-08-01,Florida,2,2
The Alliance,"Lund, Gerald N.",2024-06-01,Florida,2,2
Skin (AV),"Vrettos, Adrienne Maria",2024-11-01,Texas,2,1
Children of Blood and Bone,"Adeyemi, Tomi",2023-11-01,Florida,2,2
Burning Glass,"Purdie, Kathryn",2023-12-01,Florida,2,1
Burned (Burned Series),"Hopkins, Ellen",2021-10-01,Texas,2,2
Tales of the Madman Underground,"Barnes, John",2023-08-01,Florida,2,1
Synchro Boy,"McFerran, Shannon",2022-02-01,Tennessee,2,2
Target,"Johnson, Kathleen Jeffrie",2022-01-01,Texas,2,2
Chopsticks,"Anthony, Jessica",2024-12-01,Tennessee,2,1
Champion,"Lu, Marie",2023-08-01,Florida,2,2
"Soul Eater, Vol. 16","Ohkubo, Atsushi",2024-09-01,Pennsylvania,2,2
"Soul Eater, Vol. 14","Ohkubo, Atsushi",2024-09-01,Pennsylvania,2,2
Caste: The Origins of Our Discontents,"Wilkerson, Isabel",2021-12-01,Texas,2,2
Spellbook of the Lost and Found,"Fowley-Doyle, Moïra",2023-08-01,Florida,2,2
Cat's Cradle,"Vonnegut Jr., Kurt",2023-08-01,Florida,2,2
Stargazer,"Gray, Claudia",2024-06-01,Florida,2,1
Catalyst,"Anderson, Laurie Halse",2023-08-01,Florida,2,1
Stay With Me (PG),"Griffin, Paul",2023-08-01,Florida,2,1
Candy,"Brooks, Kevin",2023-10-01,Florida,2,1
Special Delivery,"Steel, Danielle",2023-03-01,Florida,2,1
Chain Letter,"Pike, Christopher",2024-06-01,Florida,2,1
Speak No Evil,"Iweala, Uzodinma",2022-02-01,Tennessee,2,2
Stunning,"Shepard, Sara",2023-08-01,Florida,2,1
"Soul Eater, Vol. 23","Ohkubo, Atsushi",2023-08-01,Florida,2,2
"Soul Eater, Vol. 21","Ohkubo, Atsushi",2023-08-01,Florida,2,2
Candidly Cline,"Ormsbee, Kathryn",2024-03-01,Florida,2,2
Clockwork Princess (The Infernal Devices Series),"Clare, Cassandra",2022-05-01,Idaho,2,2
September Girls,"Madison, Bennett",2023-08-01,Florida,2,2
Send Pics,"McLaughlin, Lauren",2023-10-01,Iowa,2,2
Both Sides Now,"Thomas, Peyton",2023-08-01,Georgia,2,2
The Bourne Ultimatum,"Ludlum, Robert",2023-12-01,Florida,2,2
The Book of Unknown Americans,"Henriquez, Cristina",2024-10-01,Tennessee,2,1
The Blood of Olympus,"Riordan, Rick",2024-06-01,Iowa,2,2
The Boy and Girl Who Broke the World,"Reed, Amy",2023-06-01,Florida,2,2
Seek You: A Journey Through American Loneliness,"Radtke, Kristen",2022-08-01,Florida,2,2
The Color of Earth,"Kim, Dong Hwa",2023-06-01,Florida,2,2
The Circle of Blood,"Ferguson, Alane",2023-08-01,Florida,2,1
Shadowland,"Noël, Alyson",2024-06-01,Iowa,2,2
Shadow Wand,"Forest, Laurie",2023-10-01,Iowa,2,2
Shanghai Girls,"See, Lisa",2023-10-01,Florida,2,1
Body and Mind: LGBTQ Health Issues,"Quist, Jeremy",2024-08-01,Texas,2,1
Sex: An Uncensored Introduction,"Hasler, Nikol",2023-06-01,Utah,2,2
Sexual Predators,"Willis, Laurie",2023-12-01,Iowa,2,2
Sharice's Big Voice: A Native Kid Becomes a Congresswoman,"Davids, Sharice",2023-07-01,Florida,2,2
"Cirque du Freak: The Manga, Vol. 1","Shan, Darren",2024-04-01,Florida,2,2
"The Birds, the Bees, and You and Me","Hinebaugh, Olivia",2021-12-01,Texas,2,2
The Best Liars in Riverview,"Thompson, Lin",2024-08-01,Texas,2,1
Sinner,"Stiefvater, Maggie",2023-08-01,Florida,2,1
The 9th Judgment,"Patterson, James",2024-06-01,Florida,2,2
The Accidental Adventures of India McAllister,"Agell, Charlotte",2021-12-01,Texas,2,1
The Art of Starving,"Miller, Sam J.",2023-06-01,Florida,2,1
The Bourne Identity,"Ludlum, Robert",2023-12-01,Florida,2,2
Breathing Underwater,"Flinn, Alex",2023-08-01,Florida,2,2
Boyfriends with Girlfriends,"Sanchez, Alex",2023-02-01,Idaho,2,2
Short Stuff: A Young Adult LGBTQ+ Anthology,"Constantine, Alysia",2022-02-01,Tennessee,2,2
The Battle of Jericho,"Draper, Sharon M.",2023-08-01,Florida,2,1
Brave New World: A Graphic Novel,"Huxley, Aldous",2025-03-01,Tennessee,2,2
Shelter,"Coben, Harlan",2023-08-01,Florida,2,1
Circe,"Miller, Madeline",2024-06-01,Florida,2,2
"Boy Erased: A Memoir of Identity, Faith, and Family","Conley, Garrard",2021-12-01,Texas,2,2
Banned Book Club,"Sook, Kim Hyun",2023-06-01,Florida,2,1
Drums of Autumn,"Gabaldon, Diana",2023-08-01,Florida,2,2
The Outsiders,"Hinton, S. E.",2021-10-01,Oklahoma,2,2
Mythology (DK),DK,2025-02-01,Tennessee,2,1
Narrative of the Life of Frederick Douglass,"Douglass, Frederick",2021-10-01,Oklahoma,2,2
"My Hero Academia: School Briefs, Vol. 5","Yoshi, Anri",2023-02-01,Florida,2,2
My Life Next Door,"Fitzpatrick, Huntley",2024-10-01,Tennessee,2,2
"My Most Excellent Year: A Novel of Love, Mary Poppins, and Fenway Park","Kluger, Steve",2021-12-01,Texas,2,1
Mythology (Eyewitness),"Philip, Neil",2023-08-01,Florida,2,2
"Dragon Ball, Vol. 4","Toriyama, Akira",2023-10-01,Florida,2,2
Moon Chosen,"Cast, P. C.",2023-08-01,Florida,2,2
"More Than a Game: Race, Gender, and Politics in Sports","Doeden, Matt",2021-12-01,Texas,2,1
At First Sight,"Sparks, Nicholas",2024-06-01,Florida,2,2
Bad for You (Sea Breeze Series),"Glines, Abbi",2021-10-01,Texas,2,2
"Monstress, Vol. 3: Haven","Liu, Marjorie",2022-10-01,Texas,2,1
Monsters,"Bick, Ilsa J.",2023-08-01,Florida,2,1
Dreadnought (H.I.V.E. Series),"Walden, Mark",2021-12-01,Texas,2,1
Nights in Rodanthe,"Sparks, Nicholas",2024-06-01,Florida,2,1
The Nature of Jade,"Caletti, Deb",2023-08-01,Florida,2,1
The Mythology Book,"Carroll, Georgie",2023-08-01,Florida,2,2
Newjack: Guarding Sing Sing,"Conover, Ted",2024-06-01,Florida,2,1
Night Blood,"Blake, Elly",2023-08-01,Florida,2,1
Nick and Charlie: A Heartstopper Novella,"Oseman, Alice",2024-08-01,Tennessee,2,2
Doomed,"Palahniuk, Chuck",2023-07-01,Florida,2,2
Neferet's Curse,"Cast, P. C.",2023-08-01,Florida,2,2
Beautiful Creatures,"Garcia, Kami",2023-10-01,Florida,2,1
Beautiful Music for Ugly Children,"Cronn-Mills, Kirstin",2021-12-01,Texas,2,1
The Moon and More,"Dessen, Sarah",2023-08-01,Florida,2,1
"My Hero Academia (Series, Title Not Specified)","Horikoshi, Kōhei",2024-06-01,Texas,2,2
The Namesake,"Lahiri, Jhumpa",2023-08-01,Florida,2,1
"Dragon Ball, Vol. 8","Toriyama, Akira",2023-10-01,Florida,2,2
"Dragon Ball, Vol. 6","Toriyama, Akira",2023-10-01,Florida,2,2
Munmun,"Andrews, Jesse",2023-08-01,Florida,2,2
The Neon Rain,"Burke, James Lee",2023-08-01,Florida,2,1
The Misfits,"Howe, James",2023-08-01,Florida,2,2
The Princess Diaries,"Cabot, Meg",2023-08-01,Florida,2,1
The Princess and the Warrior: A Tale of Two Volcanoes,"Tonatiuh, Duncan",2022-01-01,Florida,2,2
Athletic Shorts: Six Short Stories,"Crutcher, Chris",2023-10-01,Iowa,2,1
The Rag and Bone Shop,"Cormier, Robert",2023-08-01,Florida,2,1
May the Best Man Win,"Ellor, Z. R.",2022-02-01,Tennessee,2,2
Echo,"Block, Francesca Lia",2023-08-01,Florida,2,1
The Promised Neverland,"Shirai, Kaiu",2023-03-01,Texas,2,1
Mask of Shadows,"Miller, Linsey",2024-06-01,Iowa,2,2
Ashfall,"Mullin, Mike",2023-08-01,Florida,2,2
The Six Rules of Maybe,"Caletti, Deb",2023-08-01,Florida,2,1
Emmy and Oliver,"Benway, Robin",2023-08-01,Florida,2,2
The Shadow in the North,"Pullman, Philip",2023-10-01,Florida,2,1
Love & Other Carnivorous Plants,"Gonsalves, Florence",2022-02-01,Tennessee,2,2
The Secrets of Peaches,"Anderson, Jodi Lynn",2023-03-01,Texas,2,1
Are You LGBTQ?,"Nagle, Jeanne",2021-12-01,Texas,2,1
Ellen Foster,"Gibbons, Kaye",2023-08-01,Florida,2,1
The Silvered Serpents,"Chokshi, Roshani",2023-08-01,Florida,2,1
"Audrey, Wait!","Benway, Robin",2023-08-01,Florida,2,1
"Assassination Classroom, Vol. 12","Matsui, Yūsei",2023-05-01,Florida,2,1
"Assassination Classroom, Vol. 14","Matsui, Yūsei",2023-05-01,Florida,2,1
Medusa,"Burton, Jessie",2022-09-01,Missouri,2,2
Marco Impossible,"Moskowitz, Hannah",2021-12-01,Texas,2,2
Each of Us a Desert,"Oshiro, Mark",2021-12-01,Texas,2,2
"Assassination Classroom, Vol. 16","Matsui, Yūsei",2023-05-01,Florida,2,1
Mothers Are Part of A Family,"Raatma, Lucia Tarbox",2023-06-01,Florida,2,1
Dry (NS),"Shusterman, Neal",2024-06-01,Florida,2,2
The Renaissance,"Fitzpatrick, Anne",2022-09-01,Missouri,2,2
Maestros,"Skroce, Steve",2023-07-01,Florida,2,1
Mammal,"Parker, Steve",2024-10-01,Tennessee,2,2
Miles Away from You,"Rutledge, A. B.",2021-12-01,Texas,2,1
Miss Peregrine’s Home for Peculiar Children: The Graphic Novel,"Riggs, Ransom",2024-12-01,Tennessee,2,1
The Running Man,"King, Stephen",2023-10-01,Florida,2,1
Michelangelo (MV),"Venezia, Mike",2023-06-01,Florida,2,1
The Ring and the Crown,"de la Cruz, Melissa",2023-08-01,Florida,2,1
BZRK Apocalypse,"Grant, Michael",2023-10-01,Florida,2,1
The King of Lies,"Hart, John",2023-08-01,Florida,2,1
The Kiss of Deception,"Pearson, Mary E.",2022-10-01,Texas,2,2
Over You,"Reed, Amy",2023-10-01,Florida,2,1
P. S. I Still Love You,"Han, Jenny",2022-08-01,Texas,2,2
Never Let Me Go,"Ishiguro, Kazuo",2022-10-01,Florida,2,1
Origin,"Armentrout, Jennifer L.",2023-08-01,Florida,2,1
The Last Song,"Sparks, Nicholas",2024-06-01,Florida,2,2
Our Subway Baby,Peter Mercurio,2023-07-01,Florida,2,2
Days of Blood and Starlight,"Taylor, Laini",2022-11-01,Indiana,2,2
Better Nate Than Ever,"Federle, Tim",2022-09-01,Florida,2,1
One Great Lie,"Caletti, Deb",2023-08-01,Florida,2,1
One Child: The True Story of a Tormented Six Year Old and the Brilliant Teacher Who Reached Out,"Hayden, Torey",2023-10-01,Iowa,2,1
The Iron Flower,"Forest, Laurie",2023-10-01,Iowa,2,2
Paradise Lost,"Milton, John",2023-11-01,Florida,2,2
Ogilvy,"Underwood, Deborah",2023-12-01,Florida,2,2
The Last Halloween: Children,"Howard, Abby",2022-09-01,Missouri,2,2
Parable of the Talents,"Butler, Octavia E.",2022-10-01,Texas,2,2
The Lady's Guide to Petticoats and Piracy,"Lee, Mackenzi",2023-08-01,Florida,2,2
The Insiders,"Oshiro, Mark",2023-10-01,Iowa,2,1
Perfect Chemistry (Perfect Chemistry Series),"Elkeles, Simone",2021-11-01,Georgia,2,2
Perfect (Impulse Series),"Hopkins, Ellen",2021-11-01,Texas,2,2
"Peace, Love, and Baby Ducks","Myracle, Lauren",2023-12-01,Florida,2,1
The Heartbreak Bakery,"Capetta, A. R.",2023-06-01,Florida,2,2
Prey,"Crichton, Michael",2022-10-01,Texas,2,2
The Girls Are Never Gone,"Marsh, Sarah Glenn",2022-02-01,Tennessee,2,2
Pride and Prejudice and Zombies: The Classic Regency Romance -- Now With Ultraviolent Zombie Mayhem,"Grahame-Smith, Seth",2023-08-01,Florida,2,1
Please Ignore Vera Dietz,"King, A. S.",2023-02-01,Pennsylvania,2,2
The House of One Thousand Eyes,"Barker, Michelle",2023-08-01,Florida,2,2
The House of the Scorpion,"Farmer, Nancy",2024-08-01,Florida,2,1
Peter Pan,"Barrie, James Matthew",2021-10-01,Tennessee,2,1
Big Nate From the Top,"Peirce, Lincoln",2023-08-01,Florida,2,1
The House that Whispers,"Thompson, Lin",2023-10-01,Kentucky,2,2
Percy Jackson's Greek Gods,"Riordan, Rick",2023-06-01,Florida,2,1
Perfectly Good White Boy,"Mesrobian, Carrie",2022-03-01,Texas,2,2
Between Shades of Gray,"Sepetys, Ruta",2021-10-01,Oklahoma,2,2
The Inheritance Games,"Barnes, Jennifer Lynn",2023-08-01,Florida,2,1
The Melancholy of Haruhi Suzumiya,"Tanigawa, Nagaru",2022-10-01,Texas,2,1
Divergent,"Roth, Veronica",2023-08-01,Florida,2,2
The Mammoth Hunters,"Auel, Jean M.",2023-02-01,Pennsylvania,2,2
The Man in the Iron Mask,"Dumas, Alexandre",2023-10-01,Florida,2,2
The Mark of Athena,"Riordan, Rick",2024-06-01,Iowa,2,2
Bathe the Cat,"McGinty, Alice B.",2024-03-01,Florida,2,2
Disclosure,"Crichton, Michael",2023-08-01,Florida,2,1
Belly Up,"Darrows, Eva",2024-08-01,Texas,2,1
"No Girls Allowed: Tales of Daring Women Dressed as Men for Love, Freedom and Adventure","Hughes, Susan",2021-12-01,Texas,2,1
Nearly Found,"Cosimano, Elle",2023-08-01,Florida,2,1
The Nickel Boys,"Whitehead, Colson",2024-08-01,Tennessee,2,2
"The Low, Low Woods","Machado, Carmen Maria",2022-09-01,Missouri,2,2
Don't Ask Me Where I'm From,"De Leon, Jennifer",2023-08-01,Florida,2,1
The Lotterys More or Less,"Donoghue, Emma",2023-06-01,Florida,2,2
Not So Pure and Simple,"Giles, Lamar",2022-02-01,Tennessee,2,2
"No Way, They Were Gay?: Hidden Lives and Secret Loves","Wind, Lee",2022-02-01,Tennessee,2,2
The Maze Runner,"Dashner, James",2023-08-01,Florida,2,2
Nothing Left to Burn,"Ezell, Heather",2023-08-01,Florida,2,1
Demon Apocalypse,"Shan, Darren",2023-12-01,Florida,2,2
Descender,"Lemire, Jeff",2024-06-01,Iowa,2,2
The Lost Boy: A Foster Child's Search for the Love of a Family,"Pelzer, Dave",2023-10-01,Iowa,2,2
Debating Darcy,"Dasgupta, Sayantani",2023-12-01,Florida,2,2
Bed of Roses,"Roberts, Nora",2023-03-01,Florida,2,1
One Life,"Rapinoe, Megan",2023-10-01,Iowa,2,2
One Hundred Years of Solitude,"García Márquez, Gabriel",2023-08-01,Florida,2,1
Openly Straight (Openly Straight Series),"Konigsberg, Bill",2021-12-01,Texas,2,1
Being Nikki,"Cabot, Meg",2023-08-01,Florida,2,1
Oblivion,"Armentrout, Jennifer L.",2023-08-01,Florida,2,2
The Little Black Book for Girlz: A Book on Healthy Sexuality,St. Stephen's Community House,2025-05-01,Florida,2,2
The Living,"de la Pena, Matt",2023-08-01,Florida,2,1
Dear Mothman,"Gow, Robin",2024-08-01,Texas,2,1
Dicey's Song,"Voigt, Cynthia",2022-10-01,Texas,2,2
Now I Rise,"White, Kiersten",2022-10-01,Texas,2,1
Believe Me,"Mafi, Tahereh",2024-06-01,Iowa,2,2
The Line Tender,"Allen, Kate",2023-08-01,Florida,2,1
#WomensMarch: Insisting on Equality,"Felix, Rebecca",2024-08-01,Texas,1,1
(Don't) Call Me Crazy: 33 Voices Start the Conversation,"Jensen, Kelly",2023-12-01,Florida,1,1
"10,000 Days of Thunder: A History of the Vietnam War","Caputo, Phillip",2024-06-01,Iowa,1,1
100 Characters from Classical Mythology: Discover the Fascinating Stories of the Greek and Roman Deities,"Day, Malcolm",2023-08-01,Florida,1,1
100 Women Who Made History: Remarkable Women Who Shaped Our World,"Caldwell, S. A.",2023-08-01,Florida,1,1
101 Ways to Dance,"Stinson, Kathy",2023-11-01,Wisconsin,1,1
120 Banned Books: Censorship Histories of World Literature,"Karolides, Nicholas J.",2023-07-01,Florida,1,1
13 Art Inventions Children Show Know,"Heine, Florian",2023-06-01,Florida,1,1
14 Cows for America,"Deedy, Carmen Agra",2022-01-01,Florida,1,1
17 First Kisses,"Allen, Rachael",2023-08-01,Florida,1,1
You: The Owner's Manual for Teens: A Guide to a Healthy Body and Happy Life,"Roizen, Michael F.",2024-12-01,Tennessee,1,1
Your One and Only,"Finlay, Adrianne",2023-08-01,Florida,1,1
2nd Chance,"Patterson, James",2024-06-01,Florida,1,1
3rd Degree,"Patterson, James",2024-06-01,Florida,1,1
4th of July,"Patterson, James",2024-06-01,Florida,1,1
50 Contemporary Artists You Should Know,"Finger, Brad",2024-08-01,Texas,1,1
2001: a Space Odyssey,"Clarke, Arthur C.",2023-10-01,Florida,1,1
21st-Century Science Medicine,"Kerrod, Robin",2025-02-01,Tennessee,1,1
Yesterday Is History,"Jackson, Kosoko",2022-02-01,Tennessee,1,1
"Yo, Simon, homo sapiens","Albertalli, Becky",2025-05-01,Texas,1,1
You Are Not Alone: Finding Your LGBTQ Community,"Quist, Jeremy",2024-08-01,Texas,1,1
2 Days,"Tillit, L.B.",2024-06-01,Iowa,1,1
Year of Wonders: A Novel of the Plague,"Brooks, Geraldine",2023-11-01,Wisconsin,1,1
Going Bicoastal,"Adler, Dahlia",2024-08-01,Texas,1,1
Going Rogue,"Benway, Robin",2025-01-01,Florida,1,1
Golden Arm,"Deuker, Carl",2025-04-01,Florida,1,1
Graceling: The Graphic Novel,"Cashore, Kristin",2024-06-01,Florida,1,1
God's Story,"Mark, Jan",2023-06-01,Florida,1,1
Goddess Interrupted,"Carter, Aimée",2023-08-01,Florida,1,1
Gods & Goddesses in the Daily Life of the Ancient Greeks,"Macdonald, Fiona",2025-04-01,Tennessee,1,1
Gods and Goddesses: A Treasury of Deities and Tales from World Mythology,"Hallam, Elizabeth",2023-08-01,Florida,1,1
Go Set a Watchman,"Lee, Harper",2023-02-01,Pennsylvania,1,1
"God Bless You, Mr. Rosewater: or, Pearls Before Swine","Vonnegut Jr., Kurt",2023-08-01,Maine,1,1
God Sent a Rainbow and Other Bible Stories,"Zeldis, Yona",2023-06-01,Florida,1,1
"God's Images: The Bible, A New Vision","Dickey, James",2025-02-01,Tennessee,1,1
Gothic Art,"Gunderson, Jessica",2024-11-01,Texas,1,1
Glengarry Glen Ross,"Mamet, David",2024-06-01,Florida,1,1
Glitter,"Daniels, Babygirl",2022-10-01,Texas,1,1
Grim,"Johnson,Christine",2025-06-01,Florida,1,1
Gross Gods,"Hoena, Blake",2023-03-01,Florida,1,1
Growing Up LGBTQ,"Harris, Duchess",2024-08-01,Texas,1,1
Guantanamo Voices: True Accounts from the World's Infamous Prison,"Mirk, Sarah",2024-10-01,Tennessee,1,1
Great Wonders of the World,"Ash, Russell",2025-02-01,Tennessee,1,1
"Greece: Temples, Tombs & Treasures",Time-Life Books,2025-02-01,Tennessee,1,1
Greek Myths: A New Retelling,"Higgins, Charlotte",2025-04-01,Tennessee,1,1
Greek and Roman Mythology,"Nardo, Don",2025-03-01,Texas,1,1
Graphic Classics: Edgar Allan Poe,"Pomplun, Tom",2022-09-01,Missouri,1,1
Graphic Design: A New History,"Eskilson, Stephen J.",2022-09-01,Missouri,1,1
Grave Peril,"Butcher, Jim",2023-08-01,Florida,1,1
Gravity (LL),"Lieberman, Leanne",2025-03-01,Texas,1,1
Grand Canyon: A Different View,"Vail, Tom",2023-06-01,Florida,1,1
Grandad's Pride,"Woodgate, Harry",2025-03-01,Minnesota,1,1
Grandmama's Pride,"Birtha, Becky",2022-01-01,Florida,1,1
Graphic Classics: Bram Stoker,"Pomplun, Tom",2022-09-01,Missouri,1,1
Give a Boy a Gun,"Strasser, Todd",2025-02-01,Tennessee,1,1
Glass (Crank Series),"Hopkins, Ellen",2022-03-01,Texas,1,1
"Gypsies, Wanderers of the World","McDowell, Bart",2023-08-01,Florida,1,1
H.G. Wells: The Time Machine,Dobbs,2024-10-01,Tennessee,1,1
Girls at the Edge of the World,"Robson, Laura Brooke",2022-02-01,Tennessee,1,1
Girls from Da Hood 2,"Turner, Nikki",2023-02-01,Pennsylvania,1,1
Girls on the Verge,"Waller, Sharon Biggs",2024-12-01,Tennessee,1,1
Girls with Rebel Souls,"Young, Suzanne",2024-11-01,Texas,1,1
Gustav Klimt: Drawings & Paintings,"Klimt, Gustav",2025-04-01,Tennessee,1,1
Gym Candy,"Deuker, Carl",2025-04-01,Florida,1,1
Girlchild,"Hassman, Tupelo",2023-08-01,Florida,1,1
Guess What?,"Fox, Mem",2023-03-01,Florida,1,1
"Guinness Book of World Records, 2000","Glenday, Craig",2023-08-01,Florida,1,1
"Guinness Book of World Records, 2019","Glenday, Craig",2023-08-01,Florida,1,1
Gulp: Adventures on the Alimentary Canal,"Roach, Mary",2023-12-01,Florida,1,1
Hank: The Short Life and Long Country Road of Hank Williams,"Ribowsky, Mark",2023-08-01,Florida,1,1
Happily Ever After (KC),"Cass, Kiera",2023-08-01,Florida,1,1
Happiness Sold Separately,"Winston, Lolly",2024-06-01,Florida,1,1
Happy families,"Davis, Tanita S.",2021-12-01,Texas,1,1
"Hama-Kimi: For You In Full Blossom, Vol. 3","Nakajo, Hisaya",2023-02-01,Pennsylvania,1,1
Handcuffs,"Griffin, Bethany",2023-08-01,Florida,1,1
"Hang-ups, Hook-ups, and Holding Out: Stuff You Need to Know about Your Body, Sex, and Dating","Holmes, Melisa",2021-12-01,Texas,1,1
"Haiku U: From Aristotle to Zola, 100 Great Books in 17 Syllables","Bader, David M.",2024-11-01,Texas,1,1
Half a Chance,"Lord, Cynthia",2024-03-01,Florida,1,1
Halloween,"Potts, Steve",2024-11-01,Texas,1,1
Hallway Diaries,"Pride, Felicia",2023-08-01,Florida,1,1
HItler's Last Days: The Death of the Nazi Regime and the World's Most Notorious Dictator,"O'Reilly, Bill",2025-02-01,Tennessee,1,1
Hades,"Adornetto, Alexandra",2023-08-01,Florida,1,1
Hades (AR),"Richardson, Adele",2025-04-01,Tennessee,1,1
Hag-Seed: William Shakespeare's The Tempest Retold,"Atwood, Margaret",2024-06-01,Florida,1,1
"Health Smarts: How to Eat Right, Stay Fit, Make Positive Choices, and More","Doeden, Matt",2023-08-01,Florida,1,1
Hear Me,"O'Malley Cerra, Kerry",2024-08-01,Florida,1,1
Heart of Flames (Crown of Feathers Series),"Pau Preto, Nicki",2022-02-01,Tennessee,1,1
Hawke,"Bell, Ted",2023-08-01,Florida,1,1
He Forgot To Say Goodbye,"Sáenz, Benjamin Alire",2024-06-01,Florida,1,1
Headin' For Better Times: The Arts of the Great Depression,"Damon, Duane",2024-11-01,Texas,1,1
"Healing Sexual Trauma Workbook: Somatic Skills to Help You Feel Safe in Your Body, Create Boundaries, and Live with Resilience","Shershun, Erika",2022-08-01,Michigan,1,1
Hatchet,"Paulsen, Gary",2023-07-01,Florida,1,1
Hate Crimes in America,"Abramovitz, Melissa",2023-08-01,Florida,1,1
Hate List,"Brown, Jennifer",2024-11-01,Texas,1,1
Have a Little Faith In Me,"Hartl, Sona",2024-10-01,Tennessee,1,1
Harley Quinn: Reckoning,"Allen, Rachael",2024-06-01,Iowa,1,1
Harriet the Spy,"Fitzhugh, Louise",2024-11-01,Texas,1,1
Harry Callahan: The Photographer at Work,"Salvesen, Britt",2022-09-01,Missouri,1,1
Harvesting the Heart,"Picoult, Jodi",2024-06-01,Iowa,1,1
Girl Stays in the Picture,"de la Cruz, Melissa",2024-11-01,Texas,1,1
Heartstopper: Volume Three (Heartstopper Series),"Oseman, Alice",2022-02-01,Tennessee,1,1
Heartwishes,"Deveraux, Jude",2024-06-01,Florida,1,1
Heaven's Prisoners,"Burke, James Lee",2023-08-01,Florida,1,1
Gift of the Unmage,"Alexander, Alma",2023-08-01,Florida,1,1
"Gin Tama (Series, Title Not Specified)","Sorachi, Hideaki",2024-11-01,Texas,1,1
Giovanni's Room,"Baldwin, James",2024-08-01,Texas,1,1
Girl Haven,"Sturges, Lilah",2024-08-01,Texas,1,1
Ghost Wood Song,"Waters, Erica",2022-02-01,Tennessee,1,1
Giant Days: Not On the Test Edition Vol. 2 - Winter Semester,"Allison, John",2022-09-01,Missouri,1,1
Heart of Thorns (Heart of Thorns Series),"Barton, Bree",2022-02-01,Tennessee,1,1
Heartbreak Boys,"Green, Simon James",2024-06-01,Iowa,1,1
Heartstopper 1 (Spanish Edition),"Oseman, Alice",2024-08-01,Texas,1,1
Ghost House,"Adornetto, Alexandra",2023-08-01,Florida,1,1
"Hero Heel (Series, Title Not Specified)","Tateno, Makoto",2024-10-01,Pennsylvania,1,1
Hero on a Bicycle,"Hughes, Shirley",2024-11-01,Texas,1,1
Heroes: The Greek Myths Reimagined,"Fry, Stephen",2025-04-01,Tennessee,1,1
"Heroman (Series, Title Not Specified)","Lee, Stan",2024-11-01,Texas,1,1
Hephaestus,"Reusser, Kayleen",2025-04-01,Tennessee,1,1
Here Comes Santa Claus,"Hill, Sandra",2024-06-01,Florida,1,1
Heretics Anonymous,"Henry, Katie",2024-11-01,Texas,1,1
Hello Universe,"Kelly, Erin Entrada",2023-11-01,Florida,1,1
Help for the Haunted,"Searles, John",2024-11-01,Texas,1,1
Henri Cartier-Bresson: The Modern Century,"Cartier-Bresson, Henri",2025-04-01,Tennessee,1,1
Henry Aaron's Dream,"Tavares, Matt",2022-01-01,Florida,1,1
Hecate,"Evslin, Bernard",2025-02-01,Tennessee,1,1
Heiress Apparently (Daughters of the Dynasty Series),"Ma, Diana",2022-02-01,Tennessee,1,1
Hell's Heroes,"Shan, Darren",2024-11-01,Texas,1,1
Hello Now,"Valentine, Jenny",2021-12-01,Texas,1,1
Holbein,"Langdon, Helen",2025-04-01,Tennessee,1,1
Holding the Dream,"Roberts, Nora",2023-03-01,Florida,1,1
Hole in My Life,"Gantos, Jack",2024-11-01,Texas,1,1
Holocaust Camps and Killing Centers,"Blohm, Craig E.",2022-09-01,Missouri,1,1
Hinduism,"Das, Rasamandala",2025-02-01,Tennessee,1,1
History is All You Left Me,"Silvera, Adam",2025-06-01,Florida,1,1
History of Wolves,"Fridlund, Emily",2024-10-01,Tennessee,1,1
Hitler's Final Solution,"Allen, John",2022-09-01,Missouri,1,1
Hidden Girl: The True Story of a Modern-Day Child Slave,"Hall, Shyima",2024-11-01,Texas,1,1
High Drama (Suspended Series),"Terrell, Brandon",2021-12-01,Texas,1,1
"High School of the Dead, Vol. 1","Sato, Daisuke",2023-02-01,Pennsylvania,1,1
Hillbilly Elegy: A Memoir of a Family and Culture in Crisis,"Vance, J.D.",2024-11-01,Texas,1,1
Hexed,"Krys, Michelle",2024-06-01,Texas,1,1
Hiawatha and the Peacemaker,"Robertson, Robbie",2022-01-01,Florida,1,1
Getting Somewhere,"Neff, Beth",2024-06-01,Florida,1,1
Home (TL),"Lemm, Trinity",2023-03-01,Utah,1,1
Home Field Advantage,"Adler, Dahlia",2024-10-01,Tennessee,1,1
Home Life in Ancient Greece,"Apel, Melanie Ann",2025-02-01,Tennessee,1,1
George vs. George: The American Revolution As Seen From Both Sides,"Schanzer, Rosalyn",2024-06-01,Iowa,1,1
Gert Garibaldi's Rants and Raves: One Butt Cheek at a Time,"Kizer, Amber",2023-08-01,Florida,1,1
Get a Clue (Bookish Boyfriends Series),"Schmidt, Tiffany",2022-02-01,Tennessee,1,1
Getting Rid of Marjorie,"Wright, Betty Ren",2024-06-01,Florida,1,1
Genesis Begins Again,"Williams, Alicia D.",2023-08-01,Florida,1,1
Genital Herpes,"Saulmon, Greg",2023-10-01,Iowa,1,1
Gentleman,"Northrop, Michael",2024-10-01,Tennessee,1,1
"George Washington Carver, What Do You See?","Benge, Janet",2023-06-01,Florida,1,1
Holocaust Resistance,"Blohm, Craig E.",2022-09-01,Missouri,1,1
Gender Issues and Sexuality: Essential Primary Sources,"Lerner, K. Lee",2022-02-01,Tennessee,1,1
Gender Politics,"Henneberg, Susan",2024-08-01,Texas,1,1
Gender: Roles & Rights,"Issitt, Micah L.",2024-08-01,Texas,1,1
Hoop City: New York City,"Moussavi, Sam",2024-06-01,Texas,1,1
Hooper,"Herbach, Geoff",2024-06-01,Iowa,1,1
Hope Nation: YA Authors Share Personal Moments of Inspiration,"Brock, Rose",2023-06-01,Florida,1,1
"Honey and Clover (Series, Title Not Specified)","Umino, Chika",2024-06-01,Texas,1,1
Honeymoon,"Patterson, James",2023-12-01,Florida,1,1
Hooked: When Addiction Hits Home,"Shantz-Hilkes, Chloe",2024-11-01,Texas,1,1
Hoop City: Chicago,"Moussavi, Sam",2024-06-01,Texas,1,1
Homecoming (CV),"Voigt, Cynthia",2022-10-01,Texas,1,1
Homophobia: From Social Stigma to Hate Crimes,"Palmer, Bill",2021-12-01,Texas,1,1
Homosexuality (AO),"Ojeda, Auriana",2024-08-01,Texas,1,1
Homosexuality: Opposing Viewpoints,"Williams, Mary E.",2023-06-01,Florida,1,1
Home Run,"Green, Tim",2022-11-01,Texas,1,1
Home at Last (VBW),"Williams, Vera B.",2023-07-01,Florida,1,1
Homeboyz,"Sitomer, Alan Lawrence",2023-08-01,Florida,1,1
"Gay, Lesbian, Bisexual, and Transgender Events, 1848-2006","Faderman, Lillian",2024-08-01,Texas,1,1
"Gays and Mental Health: Fighting Depression, Saying No to Suicide","Seba, Jaime A.",2021-12-01,Texas,1,1
Gears of War,"Capps, Michael",2023-08-01,Florida,1,1
Gemina,"Kaufman, Amie",2023-08-01,Florida,1,1
Gay Marriage (TLR),"Roleff, Tamara L.",2023-06-01,Florida,1,1
"Gay Power! The Stonewall Riots and the Gay Rights Movememnt, 1969","Kuhn, Betsy",2024-08-01,Pennsylvania,1,1
Gay Rights Activists,"Burns, Kate",2023-06-01,Florida,1,1
Gay and Lesbian Parents,"Fields, Juliana",2023-10-01,Iowa,1,1
House of Sand and Fog,"Dubus III, Andre",2024-06-01,Florida,1,1
Houses and Homes,"Morris, Ann",2023-03-01,Florida,1,1
Gay America: Struggle for Equality,"Alsenas, Linas",2024-08-01,Pennsylvania,1,1
Gay Marriage (LSF),"Friedman, Lauri S.",2023-06-01,Florida,1,1
House of Ash,"Cook, Hope",2023-08-01,Florida,1,1
House of Earth and Blood (Crescent City Series),"Maas, Sarah J.",2022-05-01,Florida,1,1
House of Leaves,"Danielewski, Mark Z",2024-11-01,Texas,1,1
How to Read a Painting: Lessons from the Old Masters,"de Rynck, Patrick",2025-04-01,Tennessee,1,1
Huda F Are You?,"Fahmy, Huda",2023-06-01,Florida,1,1
Human Body Systems,National Geographic Society,2023-08-01,Florida,1,1
Human Body: a visual encyclopedia,"Walker, Richard",2023-08-01,Florida,1,1
How is Online Pornography Affecting Society,"Wilcox, Christine",2024-08-01,Pennsylvania,1,1
How to Be Popular,"Cabot, Meg",2023-08-01,Florida,1,1
How to Find a Missing Girl,"Wlosok, Victoria",2024-08-01,Texas,1,1
How to Read Italian Renaissance Painting,"Zuffi, Stefano",2022-09-01,Missouri,1,1
How Not to Ask a Boy to Prom,"Goslee, S. J.",2021-12-01,Texas,1,1
How Our Muscles Work,"Avila, Victoria J.",2025-02-01,Tennessee,1,1
"How They Met, and Other Stories","Levithan, David",2023-08-01,Florida,1,1
How Can Teen Pregnancy Be Reduced,"Sheen, Barbara",2024-08-01,Pennsylvania,1,1
How Green Was My Valley,"Llewellyn, Richard",2023-08-01,Florida,1,1
How I Live Now,"Rosoff, Meg",2023-08-01,Florida,1,1
"How I Paid for College: A Novel of Sex, Theft, Friendship & Musical Theater (Edward Zanni Series)","Acito, Marc",2021-11-01,Florida,1,1
"Gabi, fragmentos de una adolescente","Quintero, Isabel",2024-10-01,Texas,1,1
"Gaby, Lost and Found","Cervantes, Angela",2022-01-01,Florida,1,1
Game Changer,"Shusterman, Neal",2022-01-01,Texas,1,1
Frost Like Night,"Raasch, Sara",2022-10-01,Texas,1,1
"Fruits Basket, Vol. 17","Takaya, Natsuki",2023-02-01,Pennsylvania,1,1
Full Bloom: The Art and Life of Georgia O' Keefe,"Drohojowska-Philip, Hunter",2022-09-01,Missouri,1,1
Future Home of the Living God,"Erdrich, Louise",2025-06-01,Maryland,1,1
Husky,"Sayre, Justin",2024-11-01,Texas,1,1
I Am J,"Beam, Cris",2023-08-01,Florida,1,1
Human Sexuality: Opposing Viewpoints,"Leone, Bruno",2023-02-01,Pennsylvania,1,1
Human Trafficking (KCD),"Cullen-DuPont, Kathryn",2024-08-01,Pennsylvania,1,1
Hunted (House of Night Series),"Cast, P. C.",2021-11-01,Florida,1,1
"Hunting the Devil: The Pursuit, Capture and Confession of the Most Savage Serial Killer in History","Lourie, Richard",2023-02-01,Pennsylvania,1,1
"I am Nujood, Divorced at 10","Ali, Jujood",2024-10-01,Tennessee,1,1
I was the Cat,"Tobin, Paul",2024-10-01,Tennessee,1,1
I'll Get There. It Better Be Worth the Trip,"Donovan, John",2024-10-01,Florida,1,1
I See the Sun in Afghanistan,"King, Dedie",2022-01-01,Florida,1,1
I Too Sing America: The Harlem Renaissance at 100,"Haygood, Wil",2025-04-01,Tennessee,1,1
I Will Always Love You,"von Ziegesar, Cecily",2024-06-01,Iowa,1,1
I Will Dance,"Flood, Nancy Bo",2023-10-01,Florida,1,1
I Kill Giants,"Kelly, Joe",2024-10-01,Tennessee,1,1
I Like it Like That,"von Ziegesar, Cecily",2024-06-01,Iowa,1,1
I Never Promised You a Rose Garden,"Green, Hannah",2023-08-01,Florida,1,1
I Am a Taxi,"Ellis, Deborah",2023-07-01,Florida,1,1
I Crawl Through It,"King, A. S.",2023-08-01,Florida,1,1
"I Hate Fairyland, Vol. 1: Madly Ever After","Young, Skottie",2022-09-01,Missouri,1,1
I Kick and I Fly,"Gupta, Ruchira",2024-11-01,Texas,1,1
From the Notebooks of Melanin Sun,"Woodson, Jacqueline",2022-10-01,Texas,1,1
I: New and Selected Poems,"Derricotte, Toi",2024-10-01,Texas,1,1
Ice Song,"Kasai, Kirsten Imani",2024-08-01,Texas,1,1
Freshman Year and Other Unnatural Disasters,"Zeitlin, Meredith",2024-06-01,Texas,1,1
Friday,"Heinlein, Robert",2023-12-01,Florida,1,1
From Archie to Zach: A Picture Book,"Kirsch, Vincent X.",2024-10-01,Texas,1,1
From Bad to Cursed,"Alender, Katie",2023-08-01,Florida,1,1
"Free To Be Me: An LGBTQ+ Journal of Love, Pride and Finding Your Inner Rainbow",Dom & Ink,2025-02-01,Tennessee,1,1
Freedom,"Franzen, Jonathan",2023-08-01,Florida,1,1
Frequently Asked Questions About Dating: Teen Life,"Baish, Vanessa",2024-08-01,Pennsylvania,1,1
Freshman Promises,"Cooney, Linda A.",2024-06-01,Florida,1,1
I'll Take Everything You Have,"Klise, James",2024-08-01,Texas,1,1
I'm a Unicorn,"Yoon, Helen",2023-09-01,Florida,1,1
Free Lunch,"Ogle, Rex",2023-09-01,Florida,1,1
Fragile Eternity,"Marr, Melissa",2023-08-01,Florida,1,1
"France, A History in Art","Smith, Bradley",2023-08-01,Florida,1,1
Frankie & Bug,"Forman, Gayle",2022-07-01,Florida,1,1
Freak Show,"St. James, James",2021-12-01,Texas,1,1
Forgotten Fire,"Bagdasarian, Adam",2023-10-01,Florida,1,1
Forward Me Back to You,"Perkins, Mitali",2024-10-01,Texas,1,1
Founders of Faith,"Price, Joan",2025-02-01,Tennessee,1,1
Four Plays by Aristophanes: The Birds; The Clouds; The Frogs; Lysistrata,Aristophanes,2023-12-01,Florida,1,1
Ida and Jake's Game Night,"Wischow, Katy",2023-03-01,Florida,1,1
If I Fix You,"Johnson, Abigail",2023-08-01,Florida,1,1
If Only,"Gilmore, Jennifer",2024-11-01,Texas,1,1
Forging the Darksword,"Weis, Margaret",2024-06-01,Florida,1,1
Ichi-F: A Worker's Graphic Memoir of the Fukushima Nuclear Power Plant,"Tatsuta, Kazuto",2024-11-01,Texas,1,1
Ida and Jake Do Not Like Babies!,"Wischow, Katy",2023-03-01,Florida,1,1
Ida and Jake Save the Parade,"Wischow, Katy",2023-03-01,Florida,1,1
Ida and Jake and the Scooter,"Wischow, Katy",2023-03-01,Florida,1,1
In Memoiriam,"Winn, Alice",2023-10-01,Kentucky,1,1
In Our Time,"Hemingway, Ernest",2023-10-01,Florida,1,1
In The Night Kitchen,"Sendak, Maurice",2024-12-01,Tennessee,1,1
In a Class by Itself,"Brown, Sandra",2023-12-01,Florida,1,1
Impact of the Holocaust,"Altman, Linda Jacobs",2025-02-01,Tennessee,1,1
Impressionism,"Gunderson, Jessica",2024-11-01,Texas,1,1
Imprison the Sky,"Gaughen, A. C.",2023-03-01,Texas,1,1
In Another Time,"Leech, Caroline",2023-08-01,Florida,1,1
Illuminae,"Kaufman, Amie",2023-08-01,Florida,1,1
Illustrated Who's Who in Mythology,"Senior, Michael",2023-08-01,Florida,1,1
Imogen Cunningham: Ideas Without End,"Lorenz, Richard",2023-08-01,Florida,1,1
If We Were Us,"Walther, K. L.",2022-02-01,Tennessee,1,1
"If You Tell: A True Story of Murder, Family Secrets, and the Unbreakable Bond of Sisterhood","Olsen, Gregg",2024-06-01,Florida,1,1
If You're Out There,"Loutzenhiser, Katy",2024-10-01,Tennessee,1,1
Forge,"Anderson, Laurie Halse",2025-02-01,Tennessee,1,1
Independent Study,"Charbonneau, Joelle",2025-06-01,Florida,1,1
Indivisible,"Aleman, Daniel",2022-02-01,Tennessee,1,1
Infamous,"von Ziegesar, Cecily",2024-06-01,Iowa,1,1
For the Good of Mankind?: The Shameful History of Human Medical Experimentation,"Wittenstein, Vicki Oransky",2025-02-01,Tennessee,1,1
For the Right to Learn: Malala Yousafzai's Story,"Langston-George, Rebecca",2024-04-01,Florida,1,1
Forbidden Knowledge: From Prometheus to Pornography,"Shattuck, Roger",2024-06-01,Florida,1,1
Forever is Now,"Lockington, Mariama J.",2024-08-01,Texas,1,1
In the Shadow of the Mountain: A Memoir of Courage,"Vasquez-Lavado, Silvia",2024-08-01,Texas,1,1
Flying the Dragon,"Lorenzi, Natalie Dias",2022-01-01,Florida,1,1
"Food, Girls, and Other Things I Can't Have","Zadoff, Allen",2024-10-01,Texas,1,1
For Real,"Cherry, Alison",2023-08-01,Florida,1,1
In the Black Fantastic,"Eshun, Ekow",2025-04-01,Tennessee,1,1
In the Key of Us,"Lockington, Mariama J.",2023-10-01,Iowa,1,1
In the Midst of Winter,"Allende, Isabel",2023-12-01,Florida,1,1
In the Ravenous Dark,"Strickland, AdriAnne",2025-06-01,Texas,1,1
Inventing Victoria,"Bolden, Tonya",2023-08-01,Florida,1,1
Invisible Girl: A Novel,"Jewell, Lisa",2021-10-01,Missouri,1,1
"Invisible Man, Got the Whole World Watching: A Young Black Man's Education","Smith, Mychal Denzel",2021-12-01,Texas,1,1
Iron Heart (Crier's War Series),"Varela, Nina",2022-02-01,Tennessee,1,1
Interview with a Vampire,"Rice, Anne",2023-01-01,Virginia,1,1
Into the Garden,"Andrews, V. C.",2025-06-01,Florida,1,1
Into the Wild,"Krakauer, Jon",2023-08-01,Florida,1,1
"Inu-Yasha: Ani-Manga (Series, Title Not Specified)","Takahashi, Rumiko",2024-11-01,Texas,1,1
Insignificant Events In The Life Of A Cactus,"Bowling, Dusti",2024-06-01,Florida,1,1
International Terrorism,"Fuller, Charlie",2025-02-01,Tennessee,1,1
Internment,"Ahmed, Samira",2024-06-01,Florida,1,1
Infinity,"Ward, Rachel",2024-02-01,Iowa,1,1
Influence,"Shepard, Sara",2022-02-01,Tennessee,1,1
Inkheart,"Funke, Cornelia",2024-11-01,Texas,1,1
Inkspell,"Funke, Cornelia",2024-11-01,Texas,1,1
Flip the Script,"Lee, Lyla",2024-08-01,Texas,1,1
Is It A Choice? Answers to the Most Frequently Asked Questions About Gay and Lesbian People,"Marcus, Eric",2024-08-01,Pennsylvania,1,1
Is Your Love Tank Full? Or Are You Driving on Empty?,"Swanberg, Dennis",2024-06-01,Florida,1,1
"Islam: Signs, Symbols, and Stories","Senker, Cath",2025-02-01,Tennessee,1,1
"Fist of the North Star (Series, Title not Specified)","Buronson, Tetsuo Hara",2024-10-01,Tennessee,1,1
"Flame of Recca, Vol. 3","Anzai, Nobuyuki",2025-04-01,Tennessee,1,1
Fledgling,"Butler, Octavia E.",2024-11-01,Texas,1,1
Flight,"Bowler, Tim",2024-11-01,Texas,1,1
First Facts about the Ancient Greeks,"Macdonald, Fiona",2025-02-01,Tennessee,1,1
First Family,"Baldacci, David",2023-08-01,Florida,1,1
First Semester,"Cross II, Cecil R.",2023-12-01,Florida,1,1
Fishtailing,"Phillips, Wendy",2023-12-01,Florida,1,1
Ironfire: An Epic Novel of Love and War,"Ball, David",2024-09-01,Georgia,1,1
"Ironhead, or, Once a Young Lady","van Rijckeghem, Jean-Claude",2024-08-01,Texas,1,1
Firestorm (TB),"Bowler, Tim",2024-11-01,Texas,1,1
First Facts about the Ancient Egyptians,"Morley, Jacqueline",2025-02-01,Tennessee,1,1
Fire Will Fall,"Plum-Ucci, Carol",2022-10-01,Texas,1,1
Firebug,"McBride, Lish",2022-10-01,Texas,1,1
It's Our Prom (So Deal With It),"Peters, Julie Anne",2021-12-01,Texas,1,1
"It's Your World - If You Don't Like It, Change It: Activism for Teenagers","Halpin, Mikki",2024-08-01,Colorado,1,1
Finding Perfect,"Hoover, Colleen",2023-10-01,Iowa,1,1
Finding Yvonne,"Colbert, Brandy",2023-12-01,Florida,1,1
Finger Lickin Fifteen,"Evanovich, Janet",2024-06-01,Iowa,1,1
Fire Song,"Jones, Adam Garnet",2022-02-01,Tennessee,1,1
Filippo Lippi,"Fossi, Glorio",2025-04-01,Tennessee,1,1
Final Appeal,"Scottoline, Lisa",2023-08-01,Florida,1,1
Finding Community,"Rodi, Robert",2021-12-01,Texas,1,1
It Goes Like This,"Moreland, Miel",2022-02-01,Tennessee,1,1
It Starts with Us,"Hoover, Colleen",2024-08-01,Georgia,1,1
It's Bigger Than Hip Hop: The Rise of the Post-Hip-Hop Generation,"Asante Jr., M. K.",2024-06-01,Florida,1,1
"It's Not Me, It's You","Strohm, Stephanie Kate",2023-10-01,Iowa,1,1
"Jojo's Bizarre Adventure (Series, Title Not Specified)","Araki, Hirohiko",2025-04-01,Tennessee,1,1
Joseph (BW),"Wildsmith, Brian",2023-06-01,Florida,1,1
Joseph and His Magnificent Coat of Many Colors,"Williams, Marcia",2023-06-01,Florida,1,1
Journey to the River Sea,"Ibbotson, Eva",2023-08-01,Florida,1,1
Jean-Michel Basquiat,"Nairne, Eleanor",2025-04-01,Tennessee,1,1
Jesus and Christianity,"Brown, Alan",2025-02-01,Tennessee,1,1
"Joan Miro, 1893-1983: The Poet Among the Surrealists","Mink, Janis",2025-04-01,Tennessee,1,1
Johann Gutenberg and the Printing Press,"Olson, Kay Melchisedech",2023-06-01,Florida,1,1
Jalani and the Lock,"Pace, Lorenzo",2023-03-01,Florida,1,1
Jane Against the World: Roe v. Wade and the Fight for Reproductive Rights,"Blumenthal, Karen",2021-12-01,Texas,1,1
Ivy,"Oleksyk, Sarah",2022-09-01,Missouri,1,1
Jack the Ripper,"Gordon, Richard",2023-08-01,Florida,1,1
Jacob Have I Loved,"Paterson, Katherine",2023-08-01,Florida,1,1
Jacques-Louis David,"de Nanteuil, Luc",2023-08-01,Florida,1,1
Jude Saves the World,"Riley, Ronnie",2024-08-01,Texas,1,1
Judge and Jury,"Patterson, James",2024-06-01,Florida,1,1
Jumping Off Swings (Jumping Off Swings Series),"Knowles, Jo",2022-03-01,Texas,1,1
Fence,"Pascat, C.S.",2024-06-01,Iowa,1,1
Ferris Beach,"McCorkle, Jill",2023-10-01,Florida,1,1
Feynman,"Ottaviani, Jim",2022-09-01,Missouri,1,1
Fifty Shades Freed,"James, E.L.",2023-12-01,Florida,1,1
Fatty Legs: A True Story,"Jordan-Fenton, Christy",2022-01-01,Florida,1,1
Fearless Women: Courageous Females Who Refused to Be Denied,"Reynolds, Toby",2023-08-01,Florida,1,1
Felix Yz,"Bunker, Lisa",2024-06-01,Iowa,1,1
Female to Male Transgender and Transmasculine Identities,"Alber, J.",2024-08-01,Texas,1,1
Juana & Lucas (Juana and Lucas Series),"Medina, Juana",2022-01-01,Florida,1,1
Judaism,"Senker, Cath",2025-02-01,Tennessee,1,1
Fatal Tide,"Johansen, Iris",2024-06-01,Iowa,1,1
Fathers are Part of a Family,"Raatma, Lucia Tarbox",2025-06-01,Florida,1,1
Farm Team,"Weaver, Will",2025-02-01,Tennessee,1,1
Fat Cat,"Brande, Robin",2023-08-01,Florida,1,1
Kandinsky: The First Abstract Watercolour Painting,"Zeri, Federico",2022-09-01,Missouri,1,1
"Karakuridoji Ultimo, Vol. 1","Lee, Stan",2023-02-01,Pennsylvania,1,1
Famous Players: The Mysterious Death of William Desmond Taylor,"Geary, Rick",2023-08-01,Florida,1,1
Fantastic Four By Mark Waid and Mike Wieringo: Ultimate Collection - Book One (Fantastic Four 1998-2012),"Waid, Mark",2022-09-01,Missouri,1,1
"Far From the Tree: Parents, Children and the Search for Identity","Solomon, Andrew",2021-12-01,Texas,1,1
Kaleidoscope,"Steel, Danielle",2023-03-01,Florida,1,1
Falling Over Sideways,"Sonnenblick, Jordan",2022-10-01,Texas,1,1
Falling into Place,"Zhang, Amy",2023-08-01,Florida,1,1
Families Around the World,"Ruurs, Margriet",2023-07-01,Florida,1,1
Just Breathe,"McGovern, Cammie",2023-08-01,Florida,1,1
Just Fly Away,"McCarthy, Andrew",2023-08-01,Florida,1,1
Just Kill Me,"Selzer, Adam",2021-12-01,Texas,1,1
Just Mercy,"Stevenson, Bryan",2023-08-01,Illinois,1,1
Killers and Other Family,"Thurber, Lucy",2024-08-01,Texas,1,1
Killing Jesus: A History,"O'Reilly, Bill",2023-08-01,Florida,1,1
Killing Reagan: The Violent Assault That Changed a Presidency,"O'Reilly, Bill",2023-08-01,Florida,1,1
Killjoy,"Garwood, Julie",2023-12-01,Florida,1,1
Kill Game,"Pascal, Francine",2023-11-01,Florida,1,1
"Kill Shakespeare, Vol. 2","McCreery, Conor",2025-04-01,Tennessee,1,1
"Kill Shakespeare, Vol. 4 - The Mask of Night","McCreery, Conor",2025-04-01,Tennessee,1,1
Killer Instinct,"Barnes, Jennifer Lynn",2024-11-01,Texas,1,1
Kenang-Kenangan Seorang Geisha (Memoirs of a Geisha),"Golden, Arthur",2023-12-01,Florida,1,1
Khaled Hosseini's The Kite Runner,"Bloom, Harold",2023-08-01,Florida,1,1
Kid Lawyer,"Grisham, John",2022-10-01,Texas,1,1
Kids of Appetite,"Arnold, David",2024-11-01,Texas,1,1
Karate,"O'Shei, Tim",2024-11-01,Texas,1,1
"Keep it Together, Keiko Carter","Florence, Debbi Michiko",2024-06-01,Iowa,1,1
Keeping Corner,"Sheth, Kashmira",2024-06-01,Texas,1,1
Kelcie Murphy and the Academy for the Unbreakable Arts,"Lewis, Erika",2024-08-01,Florida,1,1
Fadeaway,"Vickers, E. B.",2024-09-01,Texas,1,1
Fairest: Levana's Story (The Lunar Chronicles Series),"Meyer, Marissa",2021-10-01,Oklahoma,1,1
Fallen Angels,"Myers, Walter Dean",2023-08-01,Florida,1,1
Extras,"Westerfeld, Scott",2025-02-01,Tennessee,1,1
Eyes of the Forest,"Henry, April",2022-10-01,Texas,1,1
Face It,"Harry, Debbie",2024-12-01,Florida,1,1
King Arthur,"Wyly, Michael",2025-02-01,Tennessee,1,1
King Arthur and the Knights of the Round Table (STM),"Malory, Sir Thomas",2024-06-01,Florida,1,1
King Solomon and the Queen of Sheba,"Greenberg, Blu",2023-06-01,Florida,1,1
Explorers of the Ancient World,"Brierley, Anthony",2025-02-01,Tennessee,1,1
LGBTQ Service in the Armed Forces,"Harris, Duchess",2024-08-01,Texas,1,1
LGBTQ Without Borders: International Life,"Quist, Jeremy",2024-08-01,Texas,1,1
LGBTQ+ Rights,"Loh-Hagan, Virginia",2024-08-01,Texas,1,1
La Casa en Mango Street,"Cisneros, Sandra",2023-08-01,Florida,1,1
Krishna and Hindusm,"Marchant, Kerena",2025-02-01,Tennessee,1,1
L'Hystérique,"Lemonnier, Camille",2024-06-01,Florida,1,1
"LGBT Families: Lesbian, Gay, Bisexual, and Transgender","Poole, Hilary W.",2024-08-01,Texas,1,1
LGBTQ Rights,"Henneberg, Susan",2024-08-01,Texas,1,1
Kite,"Minus, Ed",2025-02-01,Tennessee,1,1
Knight,"Murrell, Deborah",2025-02-01,Tennessee,1,1
Knots on a Counting Rope,"Martin Jr., Bill",2022-01-01,Florida,1,1
Knowledge Genius!: A Quiz Encyclopedia to Boost Your Brain,DK,2025-02-01,Tennessee,1,1
Kingdom of Souls,"Barron, Rena",2023-08-01,Florida,1,1
Kings of B'more,"Thomas, R. Eric",2024-06-01,Iowa,1,1
Kiss and Blog,"Noël, Alyson",2023-08-01,Florida,1,1
Kissing Lessons,"Jordan, Sophie",2024-10-01,Tennessee,1,1
Evil Queen,"Showalter, Gena",2023-10-01,Iowa,1,1
Exit West,"Hamid, Mohsin",2024-08-01,Virginia,1,1
Exodus: The Jewish Children's Bible,"Prenzlau, Sheryl",2023-06-01,Florida,1,1
Explorers and Discoverers: from Alexander the Great to Sally Ride,"Pear, Nancy",2024-06-01,Texas,1,1
Everything You Need for a Treehouse,"Higgins, Carter",2024-08-01,Texas,1,1
Everything You Need to Know About Bisexuality,"Baldino, Greg",2023-10-01,Kentucky,1,1
Everything You Need to Know About Nonbinary Gender Identities,"McCormick, Anita Louise",2023-10-01,Kentucky,1,1
Everything You Want Me to Be,"Mejia, Mindy",2023-12-01,Florida,1,1
Lab Girl,"Jahren, Hope",2023-11-01,Wisconsin,1,1
Everybody Paints!: The Lives and Art of the Wyeth Family,"Rubin, Susan Goldman",2024-09-01,Texas,1,1
Everything Everything,"Yoon, Nicola",2023-10-01,Iowa,1,1
La batalla del laberinto,"Riordan, Rick",2024-11-01,Texas,1,1
La maldición del Titán,"Riordan, Rick",2024-11-01,Texas,1,1
La silla de Pedro,"Keats, Ezra Jack",2024-11-01,Texas,1,1
La tormenta,"Bell, William",2021-12-01,Texas,1,1
Leaving Paradise,"Elkeles, Simone",2022-10-01,Texas,1,1
Legendborn,"Deonn, Tracy",2024-04-01,Florida,1,1
Leonardo Da Vinci (CN),"Nichols, Catherine",2025-02-01,Tennessee,1,1
Leonardo da Vinci,"Krensky, Stephen",2023-08-01,Florida,1,1
Later,"King, Stephen",2023-08-01,Georgia,1,1
Laura Ingalls Wilder Country: The People and Places in Laura Ingalls Wilder's Life and Books,"Anderson, William",2023-06-01,Florida,1,1
Lawn Boy (GP),"Paulsen, Gary",2023-10-01,Iowa,1,1
Lean Mean Thirteen,"Evanovich, Janet",2024-06-01,Iowa,1,1
Lana Wachowski,"Mapua, Jeff",2024-08-01,Texas,1,1
Land and Resources of Ancient Rome,"Gedacht, Daniel C.",2025-02-01,Tennessee,1,1
Lasher,"Rice, Anne",2023-10-01,Florida,1,1
Labyrinth Lost (Brooklyn Brujas Series),"Córdova, Zoraida",2022-02-01,Tennessee,1,1
Lady Gaga: Pop's Glam Queen,"Doeden, Matt",2023-08-01,Florida,1,1
Laid: Young People's Experience with Sex in an Easy-Access Culture,"Boodram, Shannon T.",2024-08-01,Georgia,1,1
Lair of Dreams (The Diviners Series),"Bray, Libba",2022-02-01,Tennessee,1,1
Every Boy's Got One,"Cabot, Meg",2025-02-01,Florida,1,1
Every Day with God: A Child's Daily Bible (Selections from the International Children's Bible),"Nichols, Doris",2023-06-01,Florida,1,1
Every Heart a Doorway (Seanan McGuire Series),"McGuire, Seanan",2022-02-01,Tennessee,1,1
Every Time a Rainbow Dies,"Williams-Garcia, Rita",2023-10-01,Florida,1,1
European Art Since 1850,"Scott, John",2025-02-01,Tennessee,1,1
Euthanasia,"Torr, James D.",2025-02-01,Tennessee,1,1
Even If I Fall,"Johnson, Abigail",2022-10-01,Texas,1,1
Ever After,"Vieweg, Olivia",2024-09-01,Texas,1,1
Esther's Story,"Wolkstein, Diane",2023-06-01,Florida,1,1
Ethiopia,"Gish, Steven",2023-08-01,Florida,1,1
Leonardo da Vinci: 1452-1519,"Hohenstatt, Peter",2025-04-01,Tennessee,1,1
Leonardo: Revised Edition,"Kemp, Martin",2022-09-01,Missouri,1,1
Les Misérables,"Hugo, Victor",2023-08-01,Florida,1,1
Let Me Play: The Story of Title IX: The Law That Changed the Future of Girls in America,"Blumenthal, Karen",2023-08-01,Florida,1,1
Life under Occupation,"Samuels, Charles",2025-02-01,Tennessee,1,1
Lifeguard,"Patterson, James",2024-06-01,Florida,1,1
Light Years,"Stein, Tammar",2023-08-01,Florida,1,1
Lightning,"Steel, Danielle",2024-06-01,Iowa,1,1
Life in Ancient Rome,"Mehta-Jones, Shilpa",2025-02-01,Tennessee,1,1
Life in a Nazi Concentration Camp,"Nardo, Don",2022-09-01,Missouri,1,1
Life of a Soldier,"Samuels, Charlie",2025-02-01,Tennessee,1,1
Lies and Other Tall Tales,"Hurston, Zora Neale",2024-06-01,Florida,1,1
Life,"Richards, Keith",2024-06-01,Florida,1,1
Life During The Great Civilizations - Ancient Greece,"Nardo, Don",2025-02-01,Tennessee,1,1
Life In Ancient Greece,"Peppas, Lynn",2025-02-01,Tennessee,1,1
Lethal,"Brown, Sandra",2024-06-01,Florida,1,1
Liar and Spy,"Stead, Rebecca",2024-11-01,Texas,1,1
Liberation: Teens in the Concentration Camps and the Teen Soldiers Who Liberated Them,"Tito, E. Tina",2025-02-01,Tennessee,1,1
"Library Wars: Love and War (Series, Title Not Specified)","Yumi, Kiiro",2024-06-01,Texas,1,1
Equus,"Shaffer, Peter",2024-06-01,Florida,1,1
Escape,"Jessop, Carolyn",2024-06-01,Iowa,1,1
Escape from Chernobyl,"Marino, Andy",2023-07-01,Florida,1,1
Linus and Etta Could Use a Win,"Huntoon, Caroline",2024-08-01,Texas,1,1
Endometriosis,"Watson, Stephanie",2023-10-01,Iowa,1,1
Enna Burning,"Hale, Shannon",2024-06-01,Florida,1,1
Enrique's Journey: The Story of a Boy's Dangerous Odyssey to Reunite with His Mother,"Nazario, Sonia",2024-08-01,Florida,1,1
En el bosque,"Stevenson, Robin",2021-12-01,Texas,1,1
Encyclopedia of World Costume,"Yarwood, Doreen",2023-08-01,Florida,1,1
Endangered (LG),"Giles, Lamar",2023-08-01,Florida,1,1
Endgame,"Bowler, Tim",2024-11-01,Texas,1,1
Lilac Girls,"Kelly, Martha Hall",2023-11-01,Wisconsin,1,1
Lily and the Night Creatures,"Lake, Nick",2024-05-01,Florida,1,1
Empty,"Walton, K. M.",2021-11-01,Florida,1,1
"Locke and Key, Vol. 5: Clockworks","Hill, Joe",2024-12-01,Tennessee,1,1
Locked in Time,"Duncan, Lois",2024-11-01,Texas,1,1
Living on Impulse,"Haycak, Cara",2025-02-01,Tennessee,1,1
Lobizona: A Novel (Wolves of No World Series),"Garber, Romina",2021-12-01,Texas,1,1
Locke & Key Vol. 1: Welcomeome To Lovecraft,"Hill, Joe",2022-09-01,Missouri,1,1
"Locke & Key, Vol. 6: Alpha & Omega","Hill, Joe",2022-09-01,Missouri,1,1
Little Night/Nochecita,"Morales, Yuyi",2022-01-01,Florida,1,1
Little Rock Girl: How A Photograph Changed the Gight for Integration,"Tougas, Shelley Marie",2024-08-01,Georgia,1,1
Lionclaw,"Springer, Nancy",2024-08-01,Florida,1,1
Lips Touch: Three Times,"Taylor, Laini",2023-11-01,Wisconsin,1,1
"Literary Newsmakers for Students, Vol. 1","Hacht, Anne Marie",2023-06-01,Florida,1,1
Little Bee,"Cleave, Chris",2024-06-01,Florida,1,1
Lore Olympus: Volume Five,"Smythe, Rachel",2023-08-01,Florida,1,1
Lore Olympus: Volume Six,"Smythe, Rachel",2023-08-01,Florida,1,1
Lore Olympus: Volume Two,"Smythe, Rachel",2023-08-01,Florida,1,1
Losing Joe's Place,"Korman, Gordon",2024-08-01,Florida,1,1
Look Again,"Scottoline, Lisa",2024-06-01,Iowa,1,1
Look on the Bright Side,"Williams, Lily",2024-08-01,Texas,1,1
Looking at Paintings,"Welton, Jude",2022-09-01,Missouri,1,1
Looking for JJ,"Cassidy, Anne",2023-08-01,Florida,1,1
Lone Survivor: The Eyewitness Account of Operation Redwing and the Lost Heroes of SEAL Team 10,"Luttrell, Marcus",2023-11-01,Wisconsin,1,1
Long Way Home,"McGarry, Katie",2024-10-01,Tennessee,1,1
Lost Gospels and Hidden Codes: New Concepts of Scripture,"McIntosh, Kenneth",2023-08-01,Florida,1,1
"Lost in Shangri-La: A True Story of Survival, Adventure and the Most Incredible Rescue Mission of World War II","Zuckoff, Mitchell",2024-06-01,Florida,1,1
Lotería,"Zambrano, Mario Alberto",2024-11-01,Texas,1,1
Ember Queen (Ash Princess Trilogy Series),"Sebastian, Laura",2022-02-01,Tennessee,1,1
Emily Windsnap and the Pirate Prince,"Kessler, Liz",2024-03-01,Florida,1,1
Emmy & Oliver,"Benway, Robin",2025-01-01,Florida,1,1
Empires Ascendant: Timeframe 400 BC-AD 200,Time-Life Books,2025-02-01,Tennessee,1,1
Elle Campbell Wins Their Weekend,"Kahn, Ben",2024-08-01,Texas,1,1
"Eloise and the Strange Museum Visit: Learning to Make Reasoned, Ethical Decisions","Killoran, Tosca",2024-08-01,Florida,1,1
Elton John,"Vegara, Maria Isabel Sanchez",2023-07-01,Florida,1,1
Elysium Girls,"Pentecost, Kate",2024-10-01,Tennessee,1,1
Losing the Field (The Field Party Series),"Glines, Abbi",2022-01-01,Texas,1,1
Lost Boy Lost Girl,"Straub, Peter",2023-10-01,Florida,1,1
Electric Girl,"Brennan, Michael",2023-12-01,Florida,1,1
Eleven on Top,"Evanovich, Janet",2024-06-01,Iowa,1,1
"Love, Stargirl","Spinelli, Jerry",2023-01-01,Texas,1,1
Love & Other Curses,"Ford, Michael Thomas",2024-08-01,Texas,1,1
Luciana (Nine Months Series),"Wells, Maggie",2022-01-01,Texas,1,1
Love the One You're With,"von Ziegesar, Cecily",2024-06-01,Iowa,1,1
Love to Mama: A Tribute To Mothers,"Mora, Pat",2022-01-01,Florida,1,1
"Love, Creekwood","Albertalli, Becky",2024-08-01,Texas,1,1
"Love, Ellen: A Mother/Daughter Journey","DeGeneres, Betty",2024-06-01,Iowa,1,1
Love and Other Carnivorous Plants,"Gonsalves, Florence",2023-08-01,Florida,1,1
Love and Other Natural Disasters,"Sugiura, Misa",2023-07-01,Florida,1,1
Love and War,"de la Cruz, Melissa",2023-08-01,Florida,1,1
Love is the Drug,"Johnson, Alaya Dawn",2023-09-01,Florida,1,1
Louvre: 400 Masterpieces,"Soulié, Daniel",2024-11-01,Texas,1,1
Love & Leftovers,"Tregay, Sarah",2024-08-01,Texas,1,1
Love Is the Higher Law,"Levithan, David",2021-12-01,Texas,1,1
Love Letters to the Dead,"Dellaira, Ava",2023-08-01,Florida,1,1
Made You Up,"Zappia, Francesca",2023-10-01,Florida,1,1
Magic Study,"Snyder, Maria V.",2023-08-01,Florida,1,1
Magical Boy,The Kao,2024-06-01,Iowa,1,1
"Magical Boy, Vol. 1","Kao, The",2023-08-01,Ohio,1,1
Macbeth: The Graphic Novel,"Hinds, Gareth",2022-09-01,Missouri,1,1
Machete Squad,"Dulak, Brent",2024-10-01,Tennessee,1,1
Mad Scientists,"Thorne, Ian",2023-03-01,Florida,1,1
MaddAddam,"Atwood, Margaret",2023-08-01,Florida,1,1
Lying Out Loud: A Companion to The DUFF,"Keplinger, Kody",2024-08-01,Florida,1,1
Lyndon B. Johnson,"Day, Meredith",2023-08-01,Florida,1,1
M.L.K.: Journey of a King,"Bolden, Tonya",2022-10-01,Texas,1,1
MEG: Nightstalkers,"Alten, Steve",2025-01-01,Florida,1,1
Lucy Peale,"Rodowsky, Colby",2021-11-01,Florida,1,1
LumberJanes: The Moon is Up,"Tamaki, Mariko",2024-04-01,Florida,1,1
Luna Bay,"Kama, Adrienne",2024-06-01,Florida,1,1
Man Ray: The Paris Years,"Taylor, Michael R.",2022-09-01,Missouri,1,1
"Man-Eaters (Series, Title not Specified)","Cain, Chelsea",2025-04-01,Tennessee,1,1
Manet: Le dejeuner sur I'herbe,"Zeri, Federico",2022-09-01,Missouri,1,1
"Eat, Pray, Love: One Women's Search for Everything Across Italy, India and Indonesia","Gilbert, Elizabeth",2024-06-01,Florida,1,1
Malcolm X,"Slater, Jack",2023-07-01,Florida,1,1
Male To Female Transgender and Transfeminine Identities,"Ryan, Rin",2024-08-01,Texas,1,1
Male/Female Roles (BL),"Leone, Bruno",2023-10-01,Kentucky,1,1
Making Bombs for Hitler,"Skrypuch, Marsha Forchuk",2023-07-01,Florida,1,1
Making Sexual Decisions: The Ultimate Teen Guide,"Gowen, L. Kris",2023-10-01,Iowa,1,1
Making a Play (The Field Party Series),"Glines, Abbi",2022-01-01,Texas,1,1
Magritte: The Human Condition,"Zeri, Federico",2022-09-01,Missouri,1,1
Maid Sama,"Fujiwara, Hiro",2023-02-01,Pennsylvania,1,1
Maizy Chen's Last Chance,"Yee, Lisa",2023-10-01,Florida,1,1
Major Crush,"Echols, Jennifer",2025-01-01,Florida,1,1
Eldest,"Paolini, Christopher",2022-10-01,Texas,1,1
Manga Dragons,"Jones, Richard",2024-11-01,Texas,1,1
Manga Shakespeare: A Midsummer Night's Dream,"Appignanesi, Richard",2023-08-01,Florida,1,1
Manga Superheroes,"Jones, Richard",2024-11-01,Texas,1,1
El diario completamente verídico de un Indio a tiempo parcial,"Alexie, Sherman",2024-09-01,Texas,1,1
El gris,"Herman, Christine Lynn",2024-08-01,Texas,1,1
El teorema Katherine,"Green, John",2024-09-01,Texas,1,1
Educated: A Memoir,"Westover, Tara",2023-11-01,Wisconsin,1,1
El Gigante Solitario,"Cappellini, Mary",2024-06-01,Florida,1,1
El Libro de la Familia/The Family Book (Spanish Edition),"Parr, Todd",2024-08-01,Florida,1,1
El abismo,"Shusterman, Neal",2024-09-01,Texas,1,1
Economy and Industry in Ancient Greece,"Apel, Melanie Ann",2025-02-01,Tennessee,1,1
Eden Conquered,"Charbonneau, Joelle",2022-12-01,Texas,1,1
Edge,"Cadnum, Michael",2025-02-01,Tennessee,1,1
Edie in Between,"Sibson, Laura",2022-02-01,Tennessee,1,1
"Master Keaton, Vol. 1","Urasawa, Naoki",2022-10-01,Texas,1,1
"Master Keaton, Vol. 2","Urasawa, Naoki",2022-10-01,Texas,1,1
"Master Keaton, Vol. 4","Urasawa, Naoki",2022-10-01,Texas,1,1
"Master Keaton, Vol. 6","Urasawa, Naoki",2022-10-01,Texas,1,1
Mary McCartney: From Where I Stand,"McCartney, Mary",2025-04-01,Tennessee,1,1
"Mary's Monster: Love, Madness, and How Mary Shelley Created Frankenstein","Judge, Lita",2022-09-01,Missouri,1,1
Mary: The Mother of Jesus,"DePaola, Tomie",2023-06-01,Florida,1,1
"Marbles: Mania, Depression, Michelangelo, and Me: A Graphic Memoir","Forney, Ellen",2024-10-01,Tennessee,1,1
"March Forward, Girl","Beals, Melba",2023-08-01,Florida,1,1
Maria,"Aguilar Zeleny, Sylvia",2024-08-01,Texas,1,1
Marked (House of Night Series),"Cast, P. C.",2021-11-01,Florida,1,1
Maniac Magee,"Spinelli, Jerry",2023-07-01,Florida,1,1
Mantle: The Best There Ever Was,"Castro, Tony",2023-08-01,Florida,1,1
Maple's Theory of Fun,"McMillan, Kate",2024-08-01,Florida,1,1
"Mara, Daughter of the Nile","McGraw, Eloise Jarvis",2022-09-01,Texas,1,1
Me Myself & Him,"Tebbetts, Chris",2022-02-01,Tennessee,1,1
Medical Terminology,"Nath, Judi L.",2024-08-01,Virginia,1,1
Medicine: A Graphic History,"Fabiani, Jean-Noël",2025-04-01,Tennessee,1,1
Medieval Europe,"Hodge, Susie",2025-02-01,Tennessee,1,1
Maximum Ride Forever,"Patterson, James",2023-02-01,Florida,1,1
Maya Angelou: Greeting the Morning,"King, Sarah E.",2023-08-01,Florida,1,1
Maybe I Will,"Gray, Laurie",2024-06-01,Texas,1,1
Matched,"Condie, Ally",2025-02-01,Tennessee,1,1
Matisse,"Crepaldi, Gabriele",2025-04-01,Tennessee,1,1
Matter and Its Properties,"Midthun, Joseph",2024-11-01,Texas,1,1
Max in the House of Spies: A Tale of World War II,"Gidwitz, Adam",2024-08-01,Florida,1,1
"Master Keaton, Vol. 8","Urasawa, Naoki",2022-10-01,Texas,1,1
Master of One,"Jones, Jaida",2022-02-01,Tennessee,1,1
Masterpieces: The Best-Loved Paintings from America's Museums,"Frankel, David",2025-04-01,Tennessee,1,1
Mastiff (Beka Cooper Series),"Pierce, Tamora",2021-10-01,Oklahoma,1,1
Early Humans: Discover How the World's First People Lived,DK,2025-02-01,Tennessee,1,1
Earthshine,"Nelson, Theresa",2023-10-01,Florida,1,1
Meet Me at the River,"de Gramont, Nina",2023-08-01,Florida,1,1
Megan Rapinoe: Soccer Superstar,"Rose, Rachel",2023-07-01,Florida,1,1
Duquesa by Default,"McGiveny, Maura",2024-06-01,Florida,1,1
Dying to Know You,"Chambers, Aidan",2023-08-01,Florida,1,1
Eagle Song,"Bruchac, Joseph",2022-01-01,Florida,1,1
Dumile Feni: The Story of a Great Artist,"Dube, Prince Mbusi",2024-09-01,Texas,1,1
Dune,"Herbert, Frank",2023-10-01,Florida,1,1
"Dune: House Atreides, Vol. 2 (The Graphic Novel)","Herbert, Brian",2023-10-01,Kentucky,1,1
"Dune: House Atreides, Vol. 4 (The Graphic Novel)","Herbert, Brian",2023-10-01,Kentucky,1,1
Medieval Life,"Langley, Andrew",2025-02-01,Tennessee,1,1
Dry,"Burroughs, Augusten",2023-08-01,Florida,1,1
Duma Key,"King, Stephen",2024-03-01,Florida,1,1
Michelangelo: Master of the Italian Renaissance,"Di Cagno, Gabriella",2022-09-01,Missouri,1,1
Michigan vs. The Boys,"Allen, Carrie S.",2024-11-01,Texas,1,1
Middlegame,"McGuire, Seanan",2024-10-01,Tennessee,1,1
Midnight Bayou,"Roberts, Nora",2024-06-01,Iowa,1,1
Mi bacinica y yo: para ella,"Frankel, Alona",2024-11-01,Texas,1,1
Michelangelo Buonarotti,"Tames, Richard",2023-08-01,Florida,1,1
"Michelangelo Merisi da Caravaggio, 1571-1610","Konig, Eberhard",2024-11-01,Texas,1,1
Michelangelo: His Life and Works in 500 Images,"Ormiston, Rosalind",2024-11-01,Texas,1,1
Mesopotamia,"Steele, Phillip",2025-02-01,Tennessee,1,1
Messenger,"Lowry, Lois",2022-10-01,Texas,1,1
Metamorphoses,Ovid,2023-12-01,Florida,1,1
Mexican Gothic,"Moreno-Garcia, Silvia",2024-06-01,Florida,1,1
Melt With You,"Dugan, Jennifer",2024-08-01,Texas,1,1
"Memphis, Martin, and the Mountaintop: The Sanitation Strike of 1968","Duncan, Alice Faye",2022-01-01,Florida,1,1
Meranda and the Legend of the Lake,"Mahoney, Meagan",2024-11-01,Texas,1,1
Merriam-Webster's Elementary Dictionary,Editors of Merriam-Webster,2023-08-01,Florida,1,1
Miriam's Cup: A Passover Story,"Manushkin, Fran",2023-06-01,Florida,1,1
Mirror of the World: A New History of Art,"Bell, Julian",2022-09-01,Missouri,1,1
Miss Lonelyhearts and the Day of the Locust,"West, Nathanael",2024-06-01,Florida,1,1
"Minecraft (Series, Title Not Specified)","Monster, Sfé R.",2024-11-01,Texas,1,1
"Minecraft, Volume 3","Monster, Sfe R.",2023-07-01,Florida,1,1
Miracle Creek,"Kim, Angie",2023-08-01,Florida,1,1
Millennium Prophecies: Predictions for the Year 2000 and Beyond from the World's Greatest Seers and Mystics.,"Skinner, Stephen",2023-08-01,Florida,1,1
Midnight Beauties,"Shepherd, Megan",2023-08-01,Florida,1,1
Midnight at the Electric,"Anderson, Jodi Lynn",2023-08-01,Florida,1,1
Midwives,"Bohjalian, Chris",2024-06-01,Florida,1,1
Mikala,"Aguilar Zeleny, Sylvia",2024-08-01,Texas,1,1
Drugs and Your Parents,"McFarland, Rhoda",2025-02-01,Tennessee,1,1
"Drumroll, Please","Bigelow, Lisa Jenn",2024-06-01,Iowa,1,1
"Modern Love: Revised and Updated: True Stories of Love Loss, and Redemption","Jones, Daniel",2023-12-01,Florida,1,1
Modern Women: Women Artists at the Museum of Modern Art,"Butler, Connie",2024-11-01,Texas,1,1
"Drizzle, Dreams, and Lovestruck Things","Prasad, Maya",2024-08-01,Texas,1,1
Drowned Cities,"Bacigalupi, Paolo",2023-11-01,Wisconsin,1,1
Drug Use & the Family,"Martin, Jo",2025-02-01,Tennessee,1,1
Drugs and Crime,"Shulman, Jeffery",2025-02-01,Tennessee,1,1
Dreadnought (AD),"Daniels, April",2024-08-01,Texas,1,1
Dreaming of Antigone,"Bridges, Robin",2023-08-01,Florida,1,1
Dreams of Gods and Monsters,"Taylor, Laini",2022-11-01,Indiana,1,1
"Drinking, Driving and Drugs","Knox, Jean McBee",2025-02-01,Tennessee,1,1
Mixed Messages: Interpreting Body Image and Social Norms,"Palad, Thea",2024-08-01,Pennsylvania,1,1
Draw the Line,"Linn, Laurent",2021-12-01,Texas,1,1
Drawing From Memory,"Say, Allen",2024-09-01,Texas,1,1
Moses in Egypt,"Kessler, Brad",2023-06-01,Florida,1,1
Moses: The Long Road to Freedom,"Beneduce, Ann Keay",2023-06-01,Florida,1,1
Most Valuable Players (Rip and Red Series),"Bildner, Phil",2022-01-01,Florida,1,1
Mother Bruce,"Higgins, Ryan T.",2023-05-01,Tennessee,1,1
Moonlight Becomes You,"Clark, Mary Higgins",2023-10-01,Florida,1,1
More Than We Can Tell,"Kemmerer, Brigid",2021-10-01,Tennessee,1,1
"Moriarty the Patriot, Vol. 3","Takeuchi, Ryosuke",2025-04-01,Tennessee,1,1
Mortal Heart,"LaFevers, Robin",2023-08-01,Florida,1,1
Monster of the Week,"Lukens, F. T.",2024-08-01,Texas,1,1
Monstress,"Liu, Marjorie",2022-10-01,Missouri,1,1
Monstrous: A Transracial Adoption Story,"Myer, Sarah",2024-11-01,Texas,1,1
Moonheart,"De Lint, Charles",2023-08-01,Florida,1,1
Molly of Denali: Berry Itchy Day,WGBH Kids,2022-01-01,Florida,1,1
Money Boy,"Yee, Paul",2023-10-01,Kentucky,1,1
Mono No Aware (Short Story),"Liu, Ken",2024-08-01,Virginia,1,1
Dragons of Darkness,"Michaelis, Antonia",2024-06-01,Texas,1,1
Dragonwings,"Yep, Laurence",2022-02-01,Tennessee,1,1
Dramarama,"Lockhart, E.",2024-04-01,Florida,1,1
Muhanmmad and Islam,"Marchant, Kerena",2025-02-01,Tennessee,1,1
Drag Teen,"Self, Jeffery",2023-02-01,Tennessee,1,1
"Dragon Ball, Vol. 1","Toriyama, Akira",2025-05-01,Tennessee,1,1
"Dragon Ball, Vol. 3","Toriyama, Akira",2025-05-01,Tennessee,1,1
Dragonflight,"McCaffrey, Anne",2023-08-01,Florida,1,1
Dough Boys,"Chase, Paula",2025-04-01,Florida,1,1
"Dr. Buenavista, Look","Jardí, Enric",2024-09-01,Texas,1,1
Dr. Xargle's Book of Earthlets,"Willis, Tony",2025-05-01,Tennessee,1,1
Dracula in Love,"Essex, Karen",2024-06-01,Iowa,1,1
Mozambique in Pictures,"Streissguth, Thomas",2023-08-01,Florida,1,1
Mr. Ding’s Chicken Feet: On a Slow Boat from Shanghai to Texas,"Kendall, Gillian",2024-06-01,Florida,1,1
Muchacho,"Johnson, LouAnne",2024-11-01,Texas,1,1
"My Hero Academia, Vigilantes Vol. 1","Furuhashi, Hideyuki",2024-10-01,Tennessee,1,1
"My Hero Academia, Vol. 14: Overhaul","Horikoshi, Kōhei",2023-08-01,Florida,1,1
"My Hero Academia: Origin (Series, Title Not Specified)","Horikoshi, Kōhei",2024-06-01,Texas,1,1
"My Family, Your Family","Bullard, Lisa",2024-08-01,Florida,1,1
My Fate According to the Butterfly,Gail Villanueva,2024-06-01,Iowa,1,1
My Friends and Me,"Stansbie, Stephanie",2024-06-01,Iowa,1,1
"My Best Friend, Maybe","Carter, Caela",2021-12-01,Texas,1,1
My Brother's Keeper,"Billingsley, ReShonda Tate",2024-11-01,Texas,1,1
My Dear Henry: A Jekyll and Hyde Remix,"Bayron, Kalynn",2023-10-01,Kentucky,1,1
Munch: The Scream,"Zeri, Federico",2022-09-01,Missouri,1,1
Murder in Mayberry: Death and Mayhem in a Small Town,"Branson, Mary Kinney",2023-08-01,Maine,1,1
Muse of Nightmares,"Taylor, Laini",2023-08-01,Florida,1,1
My Antonia,"Cather, Willa",2023-11-01,Wisconsin,1,1
My Whole Truth,"Thrace, Mischa",2022-02-01,Tennessee,1,1
Mysteries of History,"Stewart, Robert",2025-02-01,Tennessee,1,1
Mystic River,"Lehane, Dennis",2024-06-01,Florida,1,1
My One Hundred Adventures,"Horvath, Polly",2023-06-01,Florida,1,1
My Sad Is All Gone: A Family's Triumph Over Violent Autism,"Wheatley, Thelma",2025-02-01,Tennessee,1,1
My Sister's Bones,"Hanauer, Cathy",2023-10-01,Florida,1,1
My Two Dads and Me,"Joosten, Michael",2022-01-01,Florida,1,1
My Maddy,"Pitman, Gayle E.",2024-08-01,Iowa,1,1
My Mother the Cheerleader,"Sharenow, Robert",2024-03-01,Florida,1,1
My Name Is María Isabel,"Ada, Alma Flor",2022-01-01,Florida,1,1
"My Hero Academia: School Briefs (Series, Title Not Specified)","Yoshi, Anri",2024-12-01,Texas,1,1
"My Hero Academia: School Briefs, Vol. 4: Festival for All","Yoshi, Anri",2023-02-01,Pennsylvania,1,1
My Last Summer with Cass,"Crilley, Mark",2022-09-01,Missouri,1,1
My Life as a Rhombus,"Johnson, Varian",2021-12-01,Texas,1,1
Navigating Early,"Vanderpool, Clare",2023-08-01,Florida,1,1
Necklace of Kisses,"Block, Francesca Lia",2023-08-01,Florida,1,1
Necropolis,"Hawk, Jordan L.",2023-12-01,Florida,1,1
Needles,"Dominick, Andie",2023-08-01,Florida,1,1
"Naruto, Vol. 28: Homecoming","Kishimoto, Masashi",2023-08-01,Florida,1,1
"Naruto, Vol. 38: Practice Makes Perfect","Kishimoto, Masashi",2023-08-01,Florida,1,1
Nate the Great and the Sticky Case,"Sharmat, Marjorie Weinman",2024-03-01,Florida,1,1
Native American Literature,"Gleason, Katherine",2025-02-01,Tennessee,1,1
Nadia's Hands,"English, Karen",2022-01-01,Florida,1,1
Names Will Never Hurt Me,"Adoff, Jaime",2023-08-01,Florida,1,1
Naondel,"Turtschaninoff, Maria",2024-11-01,Texas,1,1
"Naruto, Vol. 11: Impassioned efforts","Kishimoto, Masashi",2023-08-01,Florida,1,1
Mythology of the World,"Philip, Neil",2023-08-01,Florida,1,1
Myths & Legends: An Illustrated Guide To Their Origins and Meanings,"Wilkinson, Philip",2025-04-01,Tennessee,1,1
Myths of the Ancient Greeks,"O'Brian, Pliny",2024-12-01,Texas,1,1
"Mär: Märchen Awakens Romance (Series, Title Not Specified)","Anzai, Nobuyuki",2024-11-01,Texas,1,1
Double Challenge: Being LGBTQ and a Minority,"Kaplan, Rebecca",2024-08-01,Texas,1,1
"Neon Genesis Evangelion: 2-in-1 edition, Vol. 5","Sadamoto, Yoshiyuki",2024-03-01,Florida,1,1
"Neon Genesis Evangelion: 3-in-1 edition, Vol. 4","Sadamoto, Yoshiyuki",2024-03-01,Florida,1,1
Don't You Wish,"St. Claire, Roxanne",2023-08-01,Florida,1,1
Donatello,"Bertela, Giovanna Gaeta",2025-04-01,Tennessee,1,1
Doomraga's Revenge,"Barron, T. A.",2022-10-01,Texas,1,1
"Dork Diaries (Series, not volume specific)","Russell, Rachel Renee",2023-07-01,Florida,1,1
Don't Say a Word,"Klavan, Andrew",2024-06-01,Florida,1,1
Don't Tell the Nazis,"Skrypuch, Marsha Forchuk",2023-07-01,Florida,1,1
"Don't Toy With Me, Miss Nagatoro, Vol. 7",Nanashi,2025-04-01,Tennessee,1,1
Does the Noise in My Head Bother You? A Rock 'n' Roll Memoir,"Tyler, Steven",2024-06-01,Florida,1,1
"Dog Tags (Series, Title Not Specified)","London, Alexander",2025-02-01,Tennessee,1,1
Doing It,"Burgess, Melvin",2024-06-01,Florida,1,1
Don't Get Caught,"Dinan, Kurt",2023-12-01,Florida,1,1
Nightbane,"Aster, Alex",2024-10-01,Tennessee,1,1
Nightingale,"Lukavics, Amy",2025-06-01,Florida,1,1
Nina in That Makes Me Mad,"Kroll, Steven",2025-01-01,Texas,1,1
Nicholas Dane,"Burgess, Melvin",2024-06-01,Iowa,1,1
Nigeria,"Nnoromele, Salome",2023-08-01,Florida,1,1
Night Owl,"Mylnowski, Sarah",2024-06-01,Florida,1,1
Night School,"Child, Lee",2023-08-01,Florida,1,1
Nevermore,"Patterson, James",2023-02-01,Florida,1,1
Neverwhere,"Gaiman, Neil",2023-10-01,Florida,1,1
New Sudden Fiction: Short-Short Stories from America and Beyond,"Shapard, Robert",2024-06-01,Florida,1,1
Next Summer,"Abbott, Hailey",2023-08-01,Florida,1,1
Netter's Anatomy Coloring Book,"Hansen, John T.",2025-04-01,Tennessee,1,1
Nevada's Red Rock Canyon : The Story Behind the Scenery,"Madison, Cheri C.",2024-06-01,Florida,1,1
Never Look Back,"Rivera, Lilliam",2023-08-01,Florida,1,1
Never So Green,"Johnston, Tim",2025-02-01,Tennessee,1,1
No Country for Old Men,"McCarthy, Cormac",2024-06-01,Florida,1,1
No Longer Human,"Dazai, Osamu",2024-06-01,Florida,1,1
No More Poems!: A Book in Verse That Just Gets Worse,"Miller, Rhett",2023-04-01,Texas,1,1
Dishonorable Intentions,"Woods, Stuart",2023-08-01,Florida,1,1
Divine Evil,"Roberts, Nora",2024-06-01,Florida,1,1
Do Abstinence Programs Work?,"Fisanick, Christina",2021-11-01,Texas,1,1
Doctor Assisted Suicide and the Euthanasia Movement,"McCuen, Gary E.",2025-02-01,Tennessee,1,1
Dionysus,"Roberts, Russell",2025-04-01,Tennessee,1,1
Discovering Art History,"Brommer, Gerald F.",2024-08-01,Virginia,1,1
Discovery of Witches,"Harkness, Deborah",2024-10-01,Tennessee,1,1
Disgrace,"Coetzee, J.M.",2024-06-01,Florida,1,1
No Child's Game: Reality TV 2083,"White, Andrea",2024-06-01,Texas,1,1
Dig Two Graves,"McNeil, Gretchen",2024-08-01,Texas,1,1
Dim Sum for Everyone!,"Lin, Grace",2022-01-01,Florida,1,1
Notes From a Former Virgin : Junior Year,"Chastain, Emma",2023-08-01,Maine,1,1
Notes from a Young Black Chef,"Onwuachi, Kwame",2023-06-01,Florida,1,1
Nothing,"Barrows, Annie",2025-01-01,Florida,1,1
Nothing Can Keep Us Together,"von Ziegesar, Cecily",2024-06-01,Iowa,1,1
Not Here to be Liked,"Quach, Michelle",2024-02-01,Florida,1,1
Not That Kind of Girl,"Vivian, Siobhan",2024-06-01,Iowa,1,1
Not in Room 204: Breaking the Silence of Abuse,"Riggs, Shannon",2024-08-01,Texas,1,1
Noah's Ark: Words from the Book of Genesis,Anonymous,2023-06-01,Florida,1,1
Nobody Does it Better: A Gossip Girl Novel,"Von Ziegesar, Cecily",2025-06-01,Florida,1,1
"Noragami: Stray God (Series, Title Not Specified)","Adachi, Toka",2025-06-01,Texas,1,1
North American Art to 1900,"Pancza-Graham, Arleen",2025-02-01,Tennessee,1,1
No Problem,"Gaetz, Dayle Campbell",2023-10-01,Florida,1,1
Noah and the Flood,"Brenner, Barbara",2023-06-01,Florida,1,1
Noah's Ark (JW),"Wilkon, Józef",2023-06-01,Florida,1,1
Noah's Ark: A Story from the Bible,"Hayward, Linda",2023-06-01,Florida,1,1
Did I Mention I Need You? (DIMILY Series),"Maskame, Estelle",2021-11-01,Florida,1,1
Noughts and Crosses,"Blackman, Malorie",2023-08-01,Florida,1,1
"Novels for Students, Vol. 60","Hill, Melissa Sue",2023-06-01,Florida,1,1
"Novels for Students, Vol. 9","Stanley, Deborah A.",2022-09-01,Florida,1,1
Dexter Is Delicious,"Lindsay, Jeff",2024-06-01,Florida,1,1
Diamonds in the Shadow,"Cooney, Caroline B.",2025-05-01,Florida,1,1
Diane Arbus: An Aperture Monograph,"Arbus, Diane",2025-04-01,Tennessee,1,1
Diary of a Confused Feminist,"Weston, Kate",2025-04-01,Florida,1,1
Deserted Prisons,"Markovics, Joyce",2023-02-01,Wisconsin,1,1
Destined (House of Night Series),"Cast, P. C.",2021-11-01,Florida,1,1
Detour for Emmy,"Reynolds, Marilyn",2021-12-01,Texas,1,1
Devil in the Device,"Johnson, Lora Beth",2024-06-01,Texas,1,1
Notorious,"von Ziegesar, Cecily",2024-06-01,Iowa,1,1
"Demon Slayer: Kimetsu No Yaiba (Series, Title Not Specified)","Gotoge, Koyoharu",2024-06-01,Texas,1,1
Demons and Druids,"Patterson, James",2024-06-01,Texas,1,1
Deep Water,"Sumner, Jamie",2024-08-01,Florida,1,1
Defining Sexual Consent: Where the Law Falls Short,The New York Times Editorial Staff,2023-10-01,Kentucky,1,1
Degas,"Roberts, Keith",2025-04-01,Tennessee,1,1
Degas: The Dance Class,"Zeri, Federico",2022-09-01,Missouri,1,1
"Death Note (Series, Title Not Specified)","Ohba, Tsugumi",2024-06-01,Texas,1,1
"Death Note: L, Change the WorLd",M,2024-09-01,Texas,1,1
Death's Shadow,"Shan, Darren",2024-09-01,Texas,1,1
Deep Dark Blue: A Memoir of Survival,"Tate, Polo",2023-10-01,Iowa,1,1
Obasan,"Kogawa, Joy",2023-08-01,Florida,1,1
October Mourning: A Song for Matthew Shepard,"Newman, Lesléa",2021-12-01,Texas,1,1
Odds Are Good: An Oddly Enough and Odder Than Ever Omnibus,"Coville, Bruce",2024-08-01,Florida,1,1
Of Poseidon,"Banks, Anna",2023-11-01,Wisconsin,1,1
Now Sheba Sings the Song,"Angelou, Maya",2023-08-01,Florida,1,1
Nowhere But Here,"McGarry, Katie",2024-10-01,Tennessee,1,1
Nya's Long Walk: A Step at a Time,"Park, Linda Sue",2022-01-01,Florida,1,1
"ONE PIECE (Series, Title Not Specified)","Oda, Eiichiro",2025-01-01,Texas,1,1
Online Pornography,"Nelson, David E.",2023-10-01,Iowa,1,1
Only A Breath Apart,"McGarry, Katie",2024-10-01,Tennessee,1,1
Only Pieces,"Tello, Edd",2024-08-01,Texas,1,1
Operatic,"Maclear, Kyo",2023-10-01,Kentucky,1,1
Once & Future,"Capetta, Amy Rose",2022-02-01,Tennessee,1,1
One Dark Throne,"Blake, Kendare",2023-08-01,Florida,1,1
"One Nation Under Taught: Solving America's Science, Technology, Engineering and Math Crisis","Bertram, Vince M.",2024-06-01,Florida,1,1
One Trick Pony,"Brodsky, Daniella",2023-08-01,Florida,1,1
On Mother's Lap,"Scott, Ann Herbert",2022-01-01,Florida,1,1
On The Come Up (TH),"Hunter, Travis",2024-06-01,Florida,1,1
On a Sunbeam (On a Sunbeam Series),"Walden, Tillie",2022-02-01,Tennessee,1,1
On the Other Side of Freedom: The Case for Hope,"Mckesson, DeRay",2022-02-01,Tennessee,1,1
Demian: The Story of Emil Sinclair's Youth,"Hesse, Hermann",2024-06-01,Florida,1,1
Olive's Ocean,"Henkes, Kevin",2024-03-01,Florida,1,1
"Olympians (Series, not volume specific)","O'Connor, George",2023-07-01,Florida,1,1
On Chesil Beach,"McEwan, Ian",2024-06-01,Florida,1,1
Dealing with Teen Pregnancy,"Thiel, Kristin",2024-09-01,Texas,1,1
Dear Edward,"Napolitano, Ann",2023-06-01,Florida,1,1
Orchard Valley Grooms,"Macomber, Debbie",2024-06-01,Florida,1,1
Ordinary Girl,"Gossiaux, Pamela",2024-06-01,Iowa,1,1
Deadly Design,"Dockter, Debra",2023-08-01,Florida,1,1
Deadly Little Scandals,"Barnes, Jennifer Lynn",2024-09-01,Texas,1,1
Dealing With Dating and Romance,"Poole, H. W.",2024-06-01,Texas,1,1
Dealing with Dragons,"Wrede, Patricia C.",2024-01-01,Florida,1,1
Dead City,"Ponti, James",2023-08-01,Florida,1,1
Dead Little Mean Girl,"Darrows, Eva",2023-08-01,Florida,1,1
Deadfall,"Wallenfels, Stephen",2023-08-01,Florida,1,1
Ophelia Speaks: Adolescent Girls Write About Their Search for Self,"Shandler, Sara",2023-08-01,Florida,1,1
Oprah Winfrey: The Real Story,"Mair, George",2023-08-01,Florida,1,1
Orange Is The New Black: My Year In A Women's Prison,"Kerman, Piper",2024-06-01,Florida,1,1
David and the Giant,"Little, Emily",2023-06-01,Florida,1,1
Over and Out,"Walsh, Jenni L.",2024-08-01,Florida,1,1
Overexposed,"Korman, Susan J.",2025-01-01,Texas,1,1
Pablo,"Birmant, Julie",2023-10-01,Iowa,1,1
"Pablo Picasso, A Retrospective","Picasso, Pablo",2025-04-01,Tennessee,1,1
Out of Time,"Watters, Shannon",2024-06-01,Iowa,1,1
Out!: How to be Your Authentic Self,"McKenna, Miles",2024-08-01,Texas,1,1
Outlaw Girl of Sherwood Forest,"Springer, Nancy",2024-08-01,Florida,1,1
Outside Beauty,"Kadohata, Cynthia",2025-01-01,Texas,1,1
Our Hearts Will Burn Us Down,"Valente, Anne",2025-02-01,Tennessee,1,1
"Ouran High School Host Club (Series, Title Not Specified)","Hatori, Bisco",2024-06-01,Texas,1,1
Out of My Mind,"Draper, Sharon M.",2025-01-01,Texas,1,1
Original Fake,"Cronn-Mills, Kirstin",2022-11-01,Texas,1,1
Orphea Proud,"Wyeth, Sharon Dennis",2021-12-01,Texas,1,1
Other Words for Home,"Warga, Jasmine",2022-01-01,Florida,1,1
Our Chemical Hearts,"Sutherland, Krystal",2024-10-01,Tennessee,1,1
Patina,"Reynolds, Jason",2023-08-01,Florida,1,1
Paul Cézanne,"Copplestone, Trewin",2025-04-01,Tennessee,1,1
Paul McCartney: The Life,"Norman, Philip",2023-08-01,Florida,1,1
Parrotfish,"Wittlinger, Ellen",2021-12-01,Texas,1,1
Party,"Leveen, Tom",2024-06-01,Florida,1,1
Paso a Paso,"Echeverria, José Antonio",2024-06-01,Florida,1,1
Pastwatch: The Redemption of Christopher Columbus,"Card, Orson Scott",2023-08-01,Florida,1,1
Parables: Stories Jesus Told,"Hoffman, Mary",2023-06-01,Florida,1,1
Paradise,"Morrison, Toni",2023-12-01,Florida,1,1
"Paragons and Paragone: Van Eyck, Raphael, Michelangelo, Caravaggio, Bernini","Preimesberger, Rudolf",2025-01-01,Texas,1,1
Parenthesis,"Durand, Elodie",2022-09-01,Missouri,1,1
Paladins,"Hamilton, John",2025-01-01,Texas,1,1
"Pandora Hearts (Series, Title Not Specified)","Mochizuki, Jun",2025-01-01,Texas,1,1
Paper Dollhouse: A Memoir,"Masterson, Lisa M.",2024-06-01,Florida,1,1
Paper Palace,"Cowley Heller, Miranda",2024-10-01,Tennessee,1,1
David and Goliath (CS),"Storr, Catherine",2023-06-01,Florida,1,1
David and Goliath (MA),"Auld, Mary",2023-06-01,Florida,1,1
Pedro & Daniel,"Erebia, Federico",2024-08-01,Texas,1,1
Datos geniales sobre béisbol/Cool Baseball Facts,"Clay, Kathryn",2024-06-01,Texas,1,1
Daughter of the Forest,"Marillier, Juliet",2023-11-01,Wisconsin,1,1
Daughter of the Siren Queen,"Levenseller, Tricia",2025-03-01,Florida,1,1
David & Della,"Zindel, Paul",2025-02-01,Tennessee,1,1
Date Rape: A Hot Issue,"Winkler, Kathleen",2023-08-01,Florida,1,1
Date Violence (Life Balance),"Landau, Elaine",2022-03-01,Texas,1,1
Dateable: Are You? Are They?,"Lookadoo, Justin",2022-10-01,Texas,1,1
Dating Violence: True Stories of Hurt and Hope,"Hicks, John",2023-08-01,Florida,1,1
Pay It Forward (Young Readers Edition),"Hyde, Catherine Ryan",2024-08-01,Florida,1,1
Darkthaw,"Boorman, Kate A.",2023-08-01,Florida,1,1
Dash (Dogs of World War II Series),"Larson, Kirby",2022-01-01,Florida,1,1
Date Rape (At Issue),"Watkins, Christine",2022-10-01,Florida,1,1
Physician-Assisted Suicide,"Marzilli, Alan",2025-02-01,Tennessee,1,1
Picture Perfect,"Jules, Jacqueline",2023-02-01,Florida,1,1
Pieces of a Girl,"Kuehnert, Stephanie",2024-06-01,Texas,1,1
Persecution and Emigration,"Downing, David",2025-02-01,Tennessee,1,1
Phantoms,"Koontz, Dean R.",2023-08-01,Florida,1,1
Phoebe and Her Unicorn,"Simpson, Dana",2024-04-01,Florida,1,1
Photocraft,"Herter, Frankel Lovett",2025-02-01,Tennessee,1,1
Percy Jackson y los dioses griegos,"Riordan, Rick",2025-01-01,Texas,1,1
Perfect Fifths,"McCafferty, Megan",2024-06-01,Florida,1,1
Perfidia,"Rossner, Judith",2024-06-01,Florida,1,1
Perpetual Check,"Wallace, Rich",2024-06-01,Texas,1,1
Peeps,"Westerfeld, Scott",2025-01-01,Texas,1,1
Peony in Love,"See, Lisa",2024-06-01,Florida,1,1
Pepper's Rules for Secret Sleuthing,"McDonald, Briana",2024-06-01,Iowa,1,1
Dark Rivers of the Heart,"Koontz, Dean R.",2023-08-01,Florida,1,1
Dark and Deepest Red,"McLemore, Anna-Marie",2022-02-01,Tennessee,1,1
Pink!,"Rickards, Lynne",2022-01-01,Florida,1,1
Piper Perish,"Cagan, Kayla",2023-08-01,Florida,1,1
Darfur: African Genocide,"Xavier, John",2025-02-01,Tennessee,1,1
Darius the Great Is Not Okay (Darius the Great Series),"Khorram, Adib",2022-02-01,Tennessee,1,1
Dark Days,"Ponti, James",2023-08-01,Florida,1,1
Dark Life,"Falls, Kat",2023-07-01,Florida,1,1
Dance of Shadows,"Black, Yelena",2024-09-01,Texas,1,1
Dancing at the Pity Party: A Dead Mom Graphic Memoir,"Feder, Tyler",2024-01-01,Florida,1,1
Dangerous Play,"Kress, Emma",2023-08-01,Georgia,1,1
Daniel Boone,"Lawlor, Laurie",2023-08-01,Florida,1,1
Pierce Brown's Red Rising: Sons of Ares - An Original Graphic Novel,"Brown, Pierce",2022-09-01,Missouri,1,1
Pigs,"Munsch, Robert",2023-12-01,Florida,1,1
Pillage,"Skye, Obert",2022-10-01,Texas,1,1
Damned,"Palahniuk, Chuck",2024-05-01,Texas,1,1
Point Blank,"Horowitz, Anthony",2022-10-01,Texas,1,1
Poisoned,"Donnelly, Jennifer",2022-11-01,Texas,1,1
"Pokémon: Sun & Moon (Series, Title Not Specified)","Kusaka, Hidenori",2025-01-01,Texas,1,1
Polyamorous,"Lorenz-Coryell, Sarah",2024-08-01,Texas,1,1
Pleading Guilty,"Turow, Scott",2024-06-01,Florida,1,1
Plenty of Hugs,"Manushkin, Fran",2023-07-01,Florida,1,1
Plum Lovin,"Evanovich, Janet",2024-06-01,Iowa,1,1
Plum Spooky,"Evanovich, Janet",2024-06-01,Iowa,1,1
Planning Perfect,"Neil, Haley",2024-08-01,Texas,1,1
Player Piano,"Vonnegut Jr., Kurt",2023-08-01,Maine,1,1
Playing by the Rules,"Murphy, Monica",2023-10-01,Iowa,1,1
Pirate: Discover the Pirates Who Terrorized the Seas from the Mediterranean to the Caribbean,"Platt, Richard",2025-02-01,Tennessee,1,1
Plague Land No Escape,"Scarrow, Alex",2024-10-01,Tennessee,1,1
Plague in the Mirror,"Noyes, Deborah",2023-12-01,Florida,1,1
Prince of Persia,"Mechner, Jordan",2024-06-01,Missouri,1,1
Princess Lessons,"Cabot, Meg",2025-04-01,Florida,1,1
Princess Princess Ever After,"O'Neill, Kay",2022-01-01,Texas,1,1
Princess in Training,"Cabot, Meg",2023-08-01,Florida,1,1
Pretty Woman,"Michaels, Fern",2023-12-01,Florida,1,1
Pride of Lions,"Llywelyn, Morgan",2023-08-01,Florida,1,1
Pride: The LGBTQ+ Rights Movement: A Photographic Journey,"Measom, Christopher",2024-08-01,Texas,1,1
Primary Colors: A Novel of Politics,"Klein, Joe",2024-06-01,Florida,1,1
Prague,"Phillips, Arthur",2024-06-01,Florida,1,1
Prep,"Sittenfeld, Curtis",2023-12-01,Florida,1,1
Pretty,"Sayre, Justin",2025-01-01,Texas,1,1
Pretty Lies: A Contemporary YA Romance,"Blessing, Blake",2023-10-01,Iowa,1,1
"Portrait of a Monster: Joran van der Sloot, A Murder in Peru, and the Natalee Holloway Mystery","Pulitzer, Lisa Beth",2023-08-01,Maine,1,1
Poseidon (BAH),"Hoena, B. A.",2025-04-01,Tennessee,1,1
Postmortem: A Mystery Introducing Dr. Kay Scarpetta,"Cornwell, Patricia",2024-06-01,Florida,1,1
Practical Magic,"Hoffman, Alice",2023-11-01,Texas,1,1
Damage,"Jenkins, A.M.",2024-06-01,Iowa,1,1
Prodigal Summer,"Kingsolver, Barbara",2024-06-01,Florida,1,1
Project Hail Mary,"Weir, Andy",2024-08-01,Virginia,1,1
Project Nought,"Furedi, Chelsey",2024-08-01,Texas,1,1
D. Gray-Man,"Hoshino, Katsura",2023-03-01,Texas,1,1
Daddy's Little Girl,"Clark, Mary Higgins",2023-10-01,Florida,1,1
Daddy: A Novel,"Steel, Danielle",2023-03-01,Florida,1,1
Cupid's Revenge,"Brueggemann, Wibke",2025-02-01,Florida,1,1
Cursed (JLA),"Armentrout, Jennifer L.",2023-08-01,Florida,1,1
Cyclops,"Nardo, Don",2025-02-01,Tennessee,1,1
Pritty,"Miller, Keith F., Jr,",2024-08-01,Texas,1,1
Cuban Kids,"Ancona, George",2023-03-01,Florida,1,1
Cultural Atlas of Africa,"Murray, Jocelyn",2023-08-01,Florida,1,1
Queen of Babble,"Cabot, Meg",2023-08-01,Florida,1,1
Queen of the Sea,"Meconis, Dylan",2022-09-01,Missouri,1,1
Queer As All Get Out: 10 People Who've Inspired Me,"Criswell, Shelby",2024-08-01,Texas,1,1
Queer Heroes: Meet 53 LGBTQ Heroes from Past and Present,"Sicardi, Arabelle",2024-08-01,Texas,1,1
Purge,"Littman, Sarah Darer",2024-06-01,Iowa,1,1
Putting Makeup on the Fat Boy,"Wright, Bil",2021-12-01,Texas,1,1
Quackery: A Brief History of the Worst Ways to Cure Everything,"Kang, Lydia",2022-11-01,Missouri,1,1
Proud: Living My American Dream (Young Readers Edition),"Muhammad, Ibtihaj",2022-01-01,Florida,1,1
Psalms and Proverbs,"Davidson, Alice Joyce",2023-06-01,Florida,1,1
"Psyren (Series, Title Not Specified)","Iwashiro, Toshiaki",2025-01-01,Texas,1,1
Pulp,"Talley, Robin",2022-02-01,Tennessee,1,1
Project Princess,"Cabot, Meg",2025-04-01,Florida,1,1
Prometheus Bound,Aeschylus,2024-06-01,Florida,1,1
Protesting Police Violence in Modern America,"Harris, Duchess",2022-07-01,Florida,1,1
Cross,"Patterson, James",2023-08-01,Florida,1,1
Cross My Heart (Cross My Heart Series),"Gould, Sasha",2021-11-01,Florida,1,1
Crossings,"Steel, Danielle",2023-03-01,Florida,1,1
Cruel Beauty,"Hodge, Rosamund",2023-08-01,Florida,1,1
"Crimes of Gender: Violence Against Women (Title only, no further information)",No Further Information Available,2025-02-01,Tennessee,1,1
Crisis in Black and White,"Silberman, Charles E.",2025-02-01,Tennessee,1,1
Critical Perspectives on Sexual Harassment and Gender Violence,"Being, Bridey",2024-06-01,Texas,1,1
Crooked Kingdom: A Sequel to Six of Crows,"Bardugo, Leigh",2023-08-01,Florida,1,1
Rabbit Chase,"LaPensée, Elizabeth",2024-08-01,Texas,1,1
Crewel,"Albin, Gennifer",2023-08-01,Florida,1,1
Crime and Detection: History and Methods of Torture,"Innes, Brian",2023-08-01,Florida,1,1
Crimes Against Children: Child Abuse and Neglect,"De Hahn, Tracee",2025-02-01,Tennessee,1,1
Queerfully and Wonderfully Made: A Guide for LGBTQ+ Christian Teens,"Finke, Leigh",2025-02-01,Tennessee,1,1
Queso: Regional Recipes for the World's Favorite Chile-Cheese Dip,"Fain, Lisa,",2025-01-01,Texas,1,1
Quicksilver,"Anderson, R. J.",2023-08-01,Florida,1,1
"RIPPED-APART Understanding, Coping and Living with Gender Dysphoria","Knight, Traci M.",2022-02-01,Tennessee,1,1
Rape and Sexual Assault: Healing and Recovery,"Klein, Rebecca T.",2023-10-01,Iowa,1,1
"Raphael: His Life, Works, and Times","Muntz, Eugene",2022-09-01,Missouri,1,1
Rapture Practice: A True Story About Growing Up Gay in an Evangelical Family,"Hartzler, Aaron",2022-02-01,Tennessee,1,1
"Rat Queens, Vol. 2: The Far Reaching Tentacles of N'Rygoth","Wiebe, Kurtis J.",2022-10-01,Texas,1,1
"Ranma 1/2 (Series, Title Not Specified)","Takahashi, Rumiko",2025-04-01,Tennessee,1,1
"Ranma 1/2, Vol. 20","Takahashi, Rumiko",2024-08-01,Texas,1,1
Rape,"Williams, Mary E.",2023-10-01,Iowa,1,1
"Rainbow Family Collections: Selecting and Using Children's Books with Lesbian, Gay, Bisexual, Transgender, and Queer Content","Naidoo, Jamie Campbell",2024-06-01,Florida,1,1
"Rainbow Revolutions: Power, Pride and Protest in the Fight for Queer Rights","Lawson, Jamie",2021-12-01,Texas,1,1
Raintree Steck-Vaughn Illustrated Science Encyclopedia,"Oxford, Andromeda",2023-08-01,Florida,1,1
Ramses II and Egypt,"Tiano, Olivier",2025-02-01,Tennessee,1,1
Crushing It,"Levy, Joanne",2024-06-01,Iowa,1,1
Rabbit Redux,"Updike, John",2023-10-01,Florida,1,1
Rabbit is Rich,"Updike, John",2025-04-01,Florida,1,1
Rain,"Hill, Joe",2025-04-01,Tennessee,1,1
Recess Warriors: Hero Is A Four-Letter Word,"Emerson, Marcus",2024-02-01,Florida,1,1
Recipe for Hate,"Kinsella, Warren",2024-10-01,Tennessee,1,1
Recovery Road,"Nelson, Blake",2023-08-01,Florida,1,1
Recruited,"Weyn, Suzanne",2024-08-01,Florida,1,1
Real Friends,"Hale, Shannon",2024-08-01,Florida,1,1
Reawakened,"Houck, Colleen",2023-08-01,Florida,1,1
Rebel Girl Revolution (Fat Angie Series),"Charlton-Trujillo, E. E.",2022-02-01,Tennessee,1,1
Read with Me Bible: An NIV Story Bible for Children,Anonymous,2023-06-01,Florida,1,1
"Reader, I Murdered Him","Cornwell, Betsy",2024-06-01,Iowa,1,1
Ready or Not (All-American Girl Series),"Cabot, Meg",2021-11-01,Florida,1,1
"Ready, Set, Grow!: A ""What's Happening to My Body?"" Book for Younger Girls","Madaras, Lynda",2025-04-01,Tennessee,1,1
Raven Boys,"Stiefvater, Maggie",2023-11-01,Wisconsin,1,1
Ravensong (CF),"Fay, Cayla",2024-08-01,Texas,1,1
Reached,"Condie, Ally",2025-02-01,Tennessee,1,1
"Read With Dick and Jane books (Series, Title not specified)",Penguin Young Readers,2025-02-01,Tennessee,1,1
Crazy Horse's Vision,"Bruchac, Joseph",2022-01-01,Florida,1,1
Crazy Messy Beautiful,"Arcos, Carrie",2023-08-01,Florida,1,1
Crepúsculo: un amor peligroso,"Meyer, Stephanie",2024-09-01,Texas,1,1
Cress,"Meyer, Marissa",2023-11-01,Florida,1,1
Court of Lions,"Daud, Somaiya",2022-10-01,Texas,1,1
Courting Darkness,"LaFevers, Robin",2023-08-01,Florida,1,1
"Coyotes, Vol. 1","Lewis, Sean",2022-09-01,Missouri,1,1
Crash into You (KM),"McGarry, Katie",2024-10-01,Tennessee,1,1
Cougars,"Hamilton, John",2024-09-01,Texas,1,1
Counting Down with You,"Bhuiyan, Tashie",2024-08-01,Florida,1,1
Countries in the News: Cuba,"Walsh, Kieran",2023-03-01,Florida,1,1
Red,"Cardi, Annie",2024-08-01,Virginia,1,1
Red Ink,"Mayhew, Julie",2024-10-01,Tennessee,1,1
Red Spikes,"Lanagan, Margo",2023-08-01,Florida,1,1
Reproductive Rights: Who Decides?,"Wittenstein, Vicki O.",2025-06-01,Texas,1,1
Requiem,"Oliver, Lauren",2023-08-01,Florida,1,1
Reservation Blues,"Alexie, Sherman",2024-06-01,Florida,1,1
Resisters and Rescures-Standing Up Against,"Altman, Linda Jacobs",2025-02-01,Tennessee,1,1
Remember Us,"Woodson, Jacqueline",2024-08-01,Florida,1,1
Renaissance,"Holmes, George",2025-04-01,Tennessee,1,1
Renoir: Moulin de la Galette,"Zeri, Federico",2022-09-01,Missouri,1,1
Reproductive Rights,"Cunningham, Anne",2023-10-01,Kentucky,1,1
Reluctantly Alice,"Naylor, Phyllis Reynolds",2022-10-01,Texas,1,1
Rembrandt: His Life and Works in 500 Images,"Ormiston, Rosalind",2025-02-01,Texas,1,1
Remember Me Gone,"Stokes, Stacy",2024-08-01,Florida,1,1
Redeemed (House of Night Series),"Cast, P. C.",2021-11-01,Florida,1,1
"Reflections in Black: A History of Black Photographers, 1840 to the Present","Willis, Deborah",2022-09-01,Missouri,1,1
Reign of the Fallen,"Marsh, Sarah Glenn",2024-08-01,Texas,1,1
Reino de Cenizas,"Maas, Sarah J.",2023-08-01,Florida,1,1
"Riverdale: All-New Stories (Series, Title Not Specified)","Allen, Aaron",2025-02-01,Texas,1,1
Robert Louis Stevenson,"Pomplun, Tom",2023-08-01,Florida,1,1
Roberto Clemente: Pride of the Pittsburgh Pirates,"Winter, Jonah",2022-01-01,Florida,1,1
Robot Explorers,"Miller, Ron",2023-08-01,Florida,1,1
Ripley's Believe It or Not!: Shatter Your Senses!,"Tibbals, Geoff",2023-08-01,Florida,1,1
Ripper: The Secret Life of Walter Sickert,"Cornwell, Patricia",2025-04-01,Tennessee,1,1
Rival,"Bennett-Wealer, Sara",2023-08-01,Florida,1,1
River of Darkness,"Airth, Rennie",2024-06-01,Florida,1,1
Richard Matheson: Master of Terror Graphic Novel Collection,"Adams, Ted",2025-04-01,Tennessee,1,1
Rift (Nightshade Prequel Series),"Cremer, Andrea",2021-11-01,Florida,1,1
Rip Tide,"Falls, Kat",2023-07-01,Florida,1,1
Ripley's Believe It Or Not! Special Edtion 2008,Ripley's Inc.,2025-02-01,Tennessee,1,1
Reunion,"Cabot, Meg",2025-04-01,Florida,1,1
Revealed (House of Night Series),"Cast, P. C.",2021-11-01,Florida,1,1
Revenge of a Not-So-Pretty Girl,"Blythe, Carolita",2023-08-01,Florida,1,1
Revolutionary Road,"Yates, Richard",2024-06-01,Florida,1,1
Corona de Medianoche,"Maas, Sarah J.",2023-08-01,Florida,1,1
Roller Girl,"Jamieson, Victoria",2023-11-01,Wisconsin,1,1
Romeo and Juliet,"Shakespeare, William",2023-08-01,Texas,1,1
Rooftoppers,"Rundell, Katherine",2025-04-01,Florida,1,1
Coping With a Drug Abusing Parent,"Clayton, Lawrence",2025-02-01,Tennessee,1,1
Coping with Gender Dysphoria,"McGrody, Ellen",2024-08-01,Texas,1,1
Coping with Weapons and Violence in School and on Your Streets,"Miller, Maryann",2025-02-01,Tennessee,1,1
Corn Goddess,"Dickinson, Stephanie",2023-10-01,Iowa,1,1
Confronting LGBTQ+ Discrimination,"Hurt, Avery Elizabeth",2024-08-01,Texas,1,1
Consent,"Ohlin, Nancy",2022-10-01,Texas,1,1
Contemporary African Art,"Kasfir, Sidney Littlefield",2025-04-01,Tennessee,1,1
Coolies,Yin,2022-01-01,Florida,1,1
Rogue Wave,"Donnelly, Jennifer",2022-10-01,Texas,1,1
Concealed,"Gonzalez, Christina Diaz",2023-06-01,Florida,1,1
Confessions of a Not It Girl,"Kantor, Melissa",2023-12-01,Florida,1,1
Ruth and Naomi: A Bible Story,"Marzollo, Jean",2023-06-01,Florida,1,1
Ryan and Avery,"Levithan, David",2024-06-01,Texas,1,1
STDs,"Yancey, Diane",2023-08-01,Florida,1,1
Sadako,"Coerr, Eleanor",2022-01-01,Florida,1,1
Rules for Life,"Ryan, Darlene",2023-08-01,Florida,1,1
Run For Cover,"Gray, Eva",2023-12-01,Florida,1,1
Runaway Girl: Escaping Life on the Streets,"Phelps, Carissa",2024-10-01,Tennessee,1,1
"Rurouni Kenshin, Vol. 1: Meiji Swordsman Romantic Story","Watsuki, Nobuhiro",2025-02-01,Texas,1,1
Rowan Hood Returns: The Final Chapter,"Springer, Nancy",2024-08-01,Florida,1,1
Royal Wedding,"Cabot, Meg",2025-02-01,Florida,1,1
Ruby Red,"Gier, Kerstin",2025-06-01,Florida,1,1
Rules for Being a Girl,"Bushnell, Candace",2025-04-01,Florida,1,1
Rosa Parks,"Greenfield, Eloise",2021-09-01,Florida,1,1
Rose Under Fire,"Wein, Elizabeth",2023-11-01,Wisconsin,1,1
Rosencrantz and Guildenstern Are Dead,"Stoppard, Tom",2024-06-01,Florida,1,1
Rough Patch,"Markotic, Nicole",2024-08-01,Texas,1,1
Complete Guide to Drawing and Painting,Reader's Digest Editors,2022-09-01,Missouri,1,1
Saint Iggy,"Going, K. L.",2023-08-01,Florida,1,1
Saints of Augustine,"Ryan, P. E.",2022-02-01,Tennessee,1,1
Sal and Gabi Break the Universe (Sal and Gabi Series),"Hernandez, Carlos",2022-05-01,North Carolina,1,1
Columbine High School Shooting: Student Violence,"Hasday, Judy L.",2025-02-01,Tennessee,1,1
Come Back to Me,"Gray, Mila",2023-03-01,Kansas,1,1
Coming up for Air,"Tyndall, Nicole B.",2023-10-01,Iowa,1,1
Code Name Verity,"Wein, Elizabeth",2023-11-01,Wisconsin,1,1
Code-Breaker and Mathematician Alan Turing,"Schwartz, Heather E.",2023-07-01,Florida,1,1
Cold Falling White,"Prendergast, Gabrielle",2024-08-01,Texas,1,1
Collide,"Khabra, Bal",2025-04-01,Tennessee,1,1
Safe Teen: Powerful Alternatives to Violence,"Roberts, Anita",2025-02-01,Tennessee,1,1
Saga Boy: My Life of Blackness and Becoming,"Downing, Antonio Michael",2023-08-01,Florida,1,1
Saint Anything,"Dessen, Sarah",2023-10-01,Iowa,1,1
Code Name Cassandra,"Cabot, Meg",2025-04-01,Florida,1,1
Save Me a Seat,"Weeks, Sarah",2023-08-01,Florida,1,1
Saving Montgomery Sole,"Tamaki, Mariko",2023-10-01,Iowa,1,1
Saving the World & Other Extreme Sports,"Patterson, James",2023-02-01,Florida,1,1
Sara Will,"Bridgers, Sue Ellen",2023-08-01,Florida,1,1
Sarah Dessen: From Burritos to Box Office,"Glenn, Wendy J.",2025-02-01,Tennessee,1,1
"Sarah, Who Loved Laughter","Quere, France",2023-06-01,Florida,1,1
Satanism (At Issue),"Roleff, Tamara L.",2021-11-01,Kansas,1,1
Same-Sex Parents,"Duhig, Holly",2023-04-01,Florida,1,1
Sand and Foam,"Gilbran, Lahlil",2023-08-01,Florida,1,1
Santiago's Road Home,"Diaz, Alexandra",2025-02-01,Texas,1,1
Sally and The Magical Sneeze,"Taylor, Simon",2022-01-01,Florida,1,1
Salvador Dali,"Duane, O.B.",2025-04-01,Tennessee,1,1
Sam and the Lucky Money,"Chinn, Karen",2022-01-01,Florida,1,1
Sam!,"Gabriel, Dani",2022-01-01,Florida,1,1
Second Helpings,"McCafferty, Megan",2024-06-01,Florida,1,1
Secret Origins,"Lemire, Jeff",2022-09-01,Missouri,1,1
Secrets of the Mummies,"Griffey, Harriet",2024-08-01,Florida,1,1
See You Yesterday,"Solomon, Rachel Lynn",2024-08-01,Virginia,1,1
Sculpture,"Opie, Mary-Jane",2025-04-01,Tennessee,1,1
Scythe,"Shusterman, Neal",2025-02-01,Tennessee,1,1
Search for Safety,"Langan, Paul",2023-12-01,Florida,1,1
Season of the Witch (SRB),"Brennan, Sara Rees",2024-10-01,Tennessee,1,1
Scent of Danger,"Kane, Andrea",2023-12-01,Florida,1,1
Schooled,"Korman, Gordon",2022-10-01,Texas,1,1
Scooter Girl,"Clugston-Flores, Chynna",2023-12-01,Florida,1,1
Scorpia Rising,"Horowitz, Anthony",2022-10-01,Texas,1,1
Say You'll Remember Me,"McGarry, Katie",2024-10-01,Tennessee,1,1
Scarlet,"Meyer, Marissa",2023-11-01,Florida,1,1
Scary Stories to Tell in the Dark,"Schwartz, Alvin",2021-10-01,Oklahoma,1,1
"Scenic Art for the Theatre: History, Tools and Techniques","Crabtree, Susan",2022-09-01,Missouri,1,1
Cloudy with a Chance of Meatballs,"Barrett, Judi",2024-08-01,Texas,1,1
Sent,"Haddix, Margaret Peterson",2024-06-01,Texas,1,1
Serafina and the Black Cloak,"Beatty, Robert",2024-03-01,Florida,1,1
Seraph of the End: Vampire Reign,"Kagami, Takaya",2025-02-01,Texas,1,1
Clean Getaway,"Stone, Nic",2022-05-01,North Carolina,1,1
Cleopatra's Moon,"Shecter, Vicky",2023-08-01,Florida,1,1
Clique,"Harrison, Lisi",2023-11-01,Wisconsin,1,1
Closer to Nowhere,"Hopkins, Ellen",2023-06-01,Florida,1,1
Civil War,"Stanchack, John",2025-02-01,Tennessee,1,1
Clarity,"Harrington, Kim",2023-08-01,Florida,1,1
"Classical Myth: A Treasury of Greek and Roman Legends, Art, and History","Bingham, Jane",2023-08-01,Florida,1,1
Claywork: Form and Idea in Ceramic Design,"Nigrosh, Leon",2025-02-01,Tennessee,1,1
Seeing Red,"MacDonald, Anne Louise",2025-02-01,Texas,1,1
City of Speed,"London, Alex",2023-10-01,Kentucky,1,1
City of Thieves,"Benioff, David",2022-09-01,Florida,1,1
City of the Lost: A Rockton Novel,"Armstrong, Kelley",2023-12-01,Florida,1,1
Shabanu: Daughter of the Wind,"Staples, Suzanne Fisher",2025-02-01,Tennessee,1,1
Shades of Earth,"Revis, Beth",2023-10-01,Iowa,1,1
Shadow of Night,"Harkness, Deborah",2024-06-01,Florida,1,1
Sex: Opposing Viewpoints,"Williams, Mary E.",2025-02-01,Texas,1,1
Sexual Abuse and Incest,"Reinert, Dale Robert",2023-08-01,Florida,1,1
Sexual Consent,"Gitlin, Martin",2023-10-01,Kentucky,1,1
Sexual Orientation,"Scherer, Lauri S.",2024-08-01,Texas,1,1
Sex (TLR),"Roleff, Tamara L.",2023-02-01,Pennsylvania,1,1
Sex Smarts: You and Your Sexuality,"Traugh, Susan M.",2023-11-01,Texas,1,1
Sex and Sexuality,The New York Times Editorial Staff,2023-10-01,Kentucky,1,1
Sex on the Moon: The Amazing Story Behind the Most Audacious Heist in History,"Mezrich, Ben",2024-06-01,Florida,1,1
Serial Killers: The Method and Madness of Monsters,"Vronsky, Peter",2023-08-01,Florida,1,1
Seven Deadly Shadows,"Alameda, Courtney",2023-08-01,Florida,1,1
Seven Endless Forests,"Tucholke, April Genevieve",2024-10-01,Tennessee,1,1
Sewing the Rainbow: A Story About Gilbert Baker,"Pitman, Gayle E.",2024-08-01,Iowa,1,1
City of Night,"Koontz, Dean R.",2024-06-01,Florida,1,1
City of Secrets,"London, Alex",2023-10-01,Kentucky,1,1
Shattered Star,"Simon, Charnan",2024-06-01,Florida,1,1
She Drives Me Crazy,"Quindlen, Kelly",2023-11-01,Oregon,1,1
Cinder,"Meyer, Marissa",2023-11-01,Florida,1,1
"Citrus Plus, Vol. 1",Saburouta,2022-10-01,Missouri,1,1
City Love,"Colasanti, Susane",2022-09-01,Texas,1,1
Choque de Reyes,"Martin, George R. R.",2025-06-01,Florida,1,1
Christianity,"Bingham, Jane",2025-02-01,Tennessee,1,1
Christmas in the Barn,"Brown, Margaret Wise",2023-06-01,Florida,1,1
Chronicle of a Death Foretold,"García Márquez, Gabriel",2024-06-01,Florida,1,1
Shadows on the Stars,"Barron, T. A.",2022-10-01,Texas,1,1
Shadowsong,"Jae-Jones, S.",2022-10-01,Texas,1,1
Shakespeare's Hamlet: The Manga Edition,"Shakespeare, William",2022-09-01,Missouri,1,1
Shape,"Pluckrose, Henry Arthur",2025-02-01,Texas,1,1
Silence,"Fitzpatrick, Becca",2023-08-01,Florida,1,1
Silhouette of a Sparrow,"Griffin, Molly Beth",2023-11-01,Wisconsin,1,1
Since You've Been Gone,"Matson, Morgan",2023-08-01,Florida,1,1
Sing No Evil,"Ahonen, J.P.",2023-09-01,Wyoming,1,1
Sia Martinez and the Moonlit Beginning of Everything,"Vasquez Gilliland, Raquel",2023-12-01,Florida,1,1
Siddhartha (Dual-Language edition),"Hesse, Hermann",2023-12-01,Florida,1,1
Sideways Stories from Wayside School,"Sachar, Louis",2024-10-01,Florida,1,1
Siege and Storm,"Bardugo, Leigh",2023-08-01,Florida,1,1
Shojo Beat,Viz Media,2023-12-01,Florida,1,1
Shopgirl,"Martin, Steve",2023-10-01,Florida,1,1
Shōgun: The Epic Novel of Japan,"Clavell, James",2023-10-01,Florida,1,1
She who Became the Sun,"Parker-Chan, Shelley",2024-11-01,Texas,1,1
Shelly Struggles to Shine,"Rosewater, Kit",2024-03-01,Florida,1,1
She’s Not There: A Life in Two Genders,"Boylan, Jennifer Finney",2023-10-01,Texas,1,1
Chinese Mythology A to Z,"Roberts, Jeremy",2024-08-01,Texas,1,1
Chlamydia,"Breguet, Amy",2023-10-01,Iowa,1,1
Choice Words: How Our Language Affects Children's Learning,"Johnston, Peter H.",2023-12-01,Florida,1,1
Sir Callie and the Dragon's Roost,"Symcs-Smilh, Esme",2024-08-01,Texas,1,1
Children of Dune,"Herbert, Frank",2023-10-01,Florida,1,1
Children of Virtue and Vengeance,"Adeyemi, Tomi",2023-08-01,Florida,1,1
Children's Bible Stories from Genesis to Daniel,"Chaikin, Miriam",2023-06-01,Florida,1,1
Children's Stories from the Bible,"Pirotta, Saviour",2023-06-01,Florida,1,1
Chik Chak Shabbat,"Rockliff, Mara",2022-01-01,Florida,1,1
Child Abuse (KD),"de Koster, Katie",2023-08-01,Florida,1,1
Child Sexual Abuse,"Winters, Paul A.",2023-08-01,Florida,1,1
Children Who Kill: Profiles of Pre-Teen and Teenage Killers,"Davis, Carol Anne",2024-08-01,Texas,1,1
Sink or Swim,"McAdam, Tash",2024-08-01,Texas,1,1
Sir Callie and the Champions of Helston,"Symcs-Smilh, Esme",2024-08-01,Texas,1,1
"Chicken Soup for the Teenage Soul II: More Stories of Life, Love and Learning","Canfield, Jack",2025-02-01,Tennessee,1,1
Smack,"Burgess, Melvin",2024-02-01,Florida,1,1
Small Sacrifices: A True Story of Passion and Murder,"Rule, Ann",2023-08-01,Maine,1,1
Small Town Pride,"Stamper, Phil",2024-06-01,Iowa,1,1
Snakehead,"Horowitz, Anthony",2022-10-01,Texas,1,1
"Sleeping Beauties, Vol. 2","Youers, Rio",2025-04-01,Tennessee,1,1
Sliding on the Edge,"McKenzie, C. Lee",2025-02-01,Texas,1,1
Slob,"Potter, Ellen",2025-04-01,Florida,1,1
"Skeleton: Discover the Evolution, Structure, and Functions of Bones","Parker, Steve",2025-02-01,Tennessee,1,1
Skin Tight,"Hiaasen, Carl",2024-06-01,Florida,1,1
Slam!,"Myers, Walter Dean",2023-08-01,Florida,1,1
Slayride,"Francis, Dick",2023-08-01,Florida,1,1
Sister Outsider: Essays and Speeches,"Lorde, Audre",2022-02-01,Tennessee,1,1
Sisters of the Sword,"Snow, Maya",2025-02-01,Tennessee,1,1
Size 12 Is Not Fat,"Cabot, Meg",2023-08-01,Florida,1,1
Skeleton Key,"Horowitz, Anthony",2022-10-01,Texas,1,1
Chaucer's Canterbury Tales,"Williams, Marcia",2022-09-01,Missouri,1,1
Check & Mate,"Hazelwood, Ali",2025-06-01,Florida,1,1
Cheever: A Life,"Bailey, Blake",2023-12-01,Florida,1,1
Cheshire Crossing,"Weir, Andy",2022-10-01,Texas,1,1
Chardin,"Naughton, Gabriel",2025-04-01,Tennessee,1,1
Chasing Brooklyn,"Schroeder, Lisa",2024-08-01,Texas,1,1
Chasing Lucky,"Bennett, Jenn",2024-06-01,Iowa,1,1
"So Cute It Hurts!!, Vol. 15","Ikeyamada, Gō",2025-04-01,Tennessee,1,1
Changeless,"Carriger, Gail",2023-08-01,Florida,1,1
Changes: A Love Story,"Aidoo, Ama Ata",2024-06-01,Florida,1,1
"Character, Driven","Lubar, David",2023-12-01,Florida,1,1
Snitch,"Van Diepen, Allison",2024-06-01,Florida,1,1
"Snow, Glass, Apples","Gaiman, Neil",2024-10-01,Tennessee,1,1
"So Cute It Hurts!!, Vol. 12","Ikeyamada, Gō",2025-04-01,Tennessee,1,1
"So Cute It Hurts!!, Vol. 14","Ikeyamada, Gō",2025-04-01,Tennessee,1,1
Something Must Be Wrong with Me: A Boy's Book about Sexual Abuse,"Sanford, Doris",2022-03-01,Texas,1,1
Something to Say,"Ramée, Lisa Moore",2023-06-01,Florida,1,1
Sometimes a Great Notion,"Kesey, Ken",2023-10-01,Florida,1,1
Son of a Witch,"Maguire, Gregory",2023-12-01,Florida,1,1
Solito: A Memoir,"Zamora, Javier",2024-06-01,Iowa,1,1
Solo Leveling Vol. 1,Chugong,2025-05-01,Tennessee,1,1
Some Girls Do,"Dugan, Jennifer",2024-08-01,Texas,1,1
Something Happened to Ali Greenleaf,"Krischer, Hayley",2024-06-01,Texas,1,1
Social Change in the Twenty-First Century,"Bryan, Bethany",2024-08-01,Texas,1,1
Sofi Mendoza's Guide to Getting Lost in Mexico,"Alegría, Malín.",2023-08-01,Florida,1,1
Soldier for Equality: José de la Luz Sáenz and the Great War,"Tonatiuh, Duncan",2022-01-01,Florida,1,1
"Chicagoland Detective Agency (Series, Title Not Specified)","Robbins, Trina",2024-08-01,Texas,1,1
"Chicken Noodle Soup for the Teenage Soul: The Real Deal Challenges, Stories about Disses, Losses, Messes, Stresses & More","Canfield, Jack",2025-02-01,Tennessee,1,1
So This is Ever After,"Lukens, FT",2023-10-01,Iowa,1,1
So You Want to be a Wizard,"Duane, Diane",2023-10-01,Florida,1,1
Chain Of Iron,"Clare, Cassandra",2023-12-01,Florida,1,1
Chain of Gold,"Clare, Cassandra",2023-08-01,Florida,1,1
Chains,"Anderson, Laurie Halse",2023-11-01,Florida,1,1
Chance Fortune and the Outlaws,"Berryhill, Shane",2024-06-01,Texas,1,1
Cells to Organ Systems,"Midthun, Joseph",2024-08-01,Texas,1,1
Cerberus,"Evslin, Bernard",2025-02-01,Tennessee,1,1
Cesar Chavez: Fighting for Farmworkers,"Braun, Eric",2024-08-01,Texas,1,1
Chagall,"Polonsky, Gill",2025-04-01,Tennessee,1,1
Cattywampus,"van Otterloo, Ash",2024-01-01,Florida,1,1
"Caves, Graves, and Catacombs: Secrets from Beneath the Earth","Prior, Natalie Jane",2023-12-01,Florida,1,1
Celebrating Different Beliefs,"Cavell-Clarke, Steffi",2022-01-01,Florida,1,1
Songs in Ordinary Time,"Morris, Mary McGarry",2023-08-01,Florida,1,1
Sons of Fortune,"Archer, Jeffrey",2023-08-01,Florida,1,1
Sophomore Switch,"McDonald, Abby",2023-12-01,Florida,1,1
Spider-Man in Face-to-Face with the Lizard,"Lee, Stan",2023-06-01,Florida,1,1
Spinners,"Napoli, Donna Jo",2023-10-01,Florida,1,1
"Splatoon Squid Kids Comedy Show (Series, Title Not Specified)","Goto, Hideki",2025-02-01,Texas,1,1
Spy School Secret Service,"Gibbs, Stuart",2023-07-01,Florida,1,1
Speak: Chinese Edition,"Anderson, Laurie Halse",2023-02-01,Florida,1,1
Special of the Day,"Fox, Elaine",2024-06-01,Florida,1,1
Specimen Days,"Cunningham, Michael",2025-06-01,Maryland,1,1
Spelled,"Schow, Betsy",2023-08-01,Florida,1,1
Sovay,"Rees, Celia",2025-02-01,Tennessee,1,1
"Space Battle Lunchtime, Vol. 2: A Recipe for Disaster","Riess, Natalie",2022-10-01,Texas,1,1
Spanish Love Deception,"Armas, Elena",2023-10-01,Iowa,1,1
Speak (Audio),"Anderson, Laurie Halse",2025-03-01,Texas,1,1
"Soul Eater, Vol. 18","Ohkubo, Atsushi",2024-10-01,Tennessee,1,1
"Soul Eater, Vol. 20","Ohkubo, Atsushi",2024-10-01,Tennessee,1,1
"Soul Eater, Vol. 25","Ohkubo, Atsushi",2024-10-01,Tennessee,1,1
Soulless,"Carriger, Gail",2023-08-01,Florida,1,1
"Catherine, Called Birdy","Cushman, Karen",2024-08-01,Florida,1,1
"Spy x Family, Vol. 4","Endo, Tatsuya",2022-10-01,Texas,1,1
"Spy x Family, Vol. 6","Endo, Tatsuya",2022-10-01,Texas,1,1
"Case Closed (Series, Title Not Specified)","Aoyama, Gosho",2024-10-01,Tennessee,1,1
Cashelmara,"Howatch, Susan",2023-08-01,Florida,1,1
Castle of Lies,"Burkhart, Kiersi",2024-10-01,Tennessee,1,1
Caribbean Art,"Poupeye, Veerle",2025-04-01,Tennessee,1,1
Carpe Diem,"Cornwell, Autumn",2024-06-01,Florida,1,1
Carter Reads the Newspaper,"Hopkinson, Deborah",2022-01-01,Florida,1,1
"Spy x Family, Vol. 1","Endo, Tatsuya",2022-10-01,Texas,1,1
Capricous,"Prendergast, Gabrielle",2024-10-01,Tennessee,1,1
"Captivated, By You","Wayama, Yama",2024-06-01,Texas,1,1
Caravaggio: The Art of Realism,"Varriano, John L.",2025-04-01,Tennessee,1,1
Stiegliz on Photography: His Selected Essays and Notes,"Stieglitz, Alfred",2022-09-01,Missouri,1,1
Still the Greatest: Muhammad Ali,"Grant, Adam",2024-06-01,Florida,1,1
Stitching the Stars: The Story Quilts of Harriet Powers,"Lyons, Mary E.",2023-06-01,Florida,1,1
"Stolen Innocence: My Story of Growing Up in a Polygamous Sect, Be coming a Teenage Bride, and Breaking Free ot Warren Jeffs","Wall, Elissa",2023-08-01,Maine,1,1
Stealing Snow,"Paige, D. M.",2023-08-01,Florida,1,1
Step Up,"McKayhan, Monica",2023-08-01,Florida,1,1
Stepsister,"Donnelly, Jennifer",2023-11-01,Wisconsin,1,1
Stars Above: A Lunar Chronicles Collection,"Meyer, Marissa",2023-08-01,Florida,1,1
Stay,"Caletti, Deb",2023-08-01,Florida,1,1
Stay with Me,"Gray, Mila",2023-03-01,Kansas,1,1
Stealing Parker,"Kenneally, Miranda",2023-08-01,Florida,1,1
Star (French Edition),"Steel, Danielle",2023-12-01,Florida,1,1
Star Wars: The Last Jedi Colbalt Squadron,"Wein, Elizabeth",2025-02-01,Texas,1,1
Stargazing,"Wang, Jen",2023-12-01,Florida,1,1
Starry River of the Sky,"Lin, Grace",2022-01-01,Florida,1,1
"Cantarella, Vol. 9","Higuri, You",2024-09-01,Pennsylvania,1,1
Caprice,"Booth, Coe",2023-10-01,Iowa,1,1
Storm,"Napoli, Donna Jo",2023-08-01,Florida,1,1
Stormbreaker,"Horowitz, Anthony",2022-10-01,Texas,1,1
"Cantarella, Vol. 1","Higuri, You",2024-09-01,Pennsylvania,1,1
"Cantarella, Vol. 3","Higuri, You",2024-09-01,Pennsylvania,1,1
"Cantarella, Vol. 5","Higuri, You",2024-09-01,Pennsylvania,1,1
"Cantarella, Vol. 7","Higuri, You",2024-09-01,Pennsylvania,1,1
Can We Achieve Gender Equality,"Cunningham, Kevin",2024-09-01,Texas,1,1
Can You See Me?,"Scott, Libby",2024-06-01,Iowa,1,1
Candide,Voltaire,2024-06-01,Florida,1,1
Stones From the River,"Hegi, Ursula",2023-10-01,Florida,1,1
Call the Shots,"Calame, Don",2024-08-01,Texas,1,1
Calling the Doves: El canto de las palomas,"Herrera, Juan Felipe",2024-08-01,Texas,1,1
Camp,"Rosen, L. C.",2024-08-01,Texas,1,1
Suicide Bombers,"Greenberger, Robert",2025-02-01,Tennessee,1,1
Suite Francaise,"Nemirovsky, Irene",2024-06-01,Florida,1,1
Summer Girls,"Abbott, Hailey",2023-08-01,Florida,1,1
Summer Spirit,"Holleville, Elizabeth",2023-07-01,Florida,1,1
Submarine,"Dunthorne, Joe",2024-06-01,Florida,1,1
Such a Pretty Girl,"Weiss, Laura",2024-08-01,Virginia,1,1
Sudden Fiction (Continued): 60 New Short-Short Stories,"Shapard, Robert",2024-06-01,Florida,1,1
Street Love,"Myers, Walter Dean",2023-12-01,Florida,1,1
Strictly No Heroics,"Radley, B.L.",2024-08-01,Texas,1,1
Strykers,"Hamilton, John",2025-02-01,Texas,1,1
Stuck in Neutral,"Trueman, Terry",2023-12-01,Florida,1,1
Storytelling in Christian Art from Biotto to Donatello,"Lubbock, Jules",2022-09-01,Missouri,1,1
Strange Intimacy,"Mather, Anne",2023-12-01,Florida,1,1
Strangers She Knows,"Dodd, Christina",2024-06-01,Florida,1,1
Strays,"Koertge, Ronald",2023-08-01,Florida,1,1
"Swann's Way: In Search of Lost Time, Vol. 1","Proust, Marcel",2023-12-01,Florida,1,1
Sweet Treats and Secret Crushes,"Greenwald, Lisa",2023-10-01,Iowa,1,1
Swimming with Faith: The Missy Franklin Story (ZonderKidz Biography Series),"Miller, Natalie Davis",2022-01-01,Florida,1,1
Swing,"Alexander, Kwame",2023-08-01,Florida,1,1
Surviving Antarctica: Reality TV 2083,"White, Andrea",2022-09-01,Texas,1,1
"Surviving the City, Vol. 2: From the Roots Up","Spillett-Sumner, Tasha",2024-08-01,Texas,1,1
Survivor (CP),"Palahniuk, Chuck",2024-08-01,Florida,1,1
Suzanne's Diary for Nicholas,"Patterson, James",2024-06-01,Florida,1,1
Sunset Boulevard,"Dean, Zoey",2023-12-01,Florida,1,1
Super Late Bloomer: My Early Days In Transition,"Kaye, Julia",2024-08-01,Texas,1,1
Supernova,"Meyer, Marissa",2023-08-01,Florida,1,1
Surveys,"Stagg, Natasha",2023-03-01,Pennsylvania,1,1
Summer of Secrets,"Langan, Paul",2024-08-01,Florida,1,1
Summoning,"Armstrong, Kelley",2024-11-01,Texas,1,1
Sun Warrior: Tales of a New World,"Cast, P. C.",2024-06-01,Texas,1,1
Sunrise Over Fallujah,"Myers, Walter Dean",2025-02-01,Tennessee,1,1
Tales of the City,"Maupin, Armistead",2023-08-01,Florida,1,1
Talking in the Dark: A Poetry Memoir,"Merrell, Billy",2023-12-01,Florida,1,1
Taltos,"Rice, Anne",2023-10-01,Florida,1,1
Take Me Out: A Play,"Greenberg, Richard",2024-08-01,Texas,1,1
Take the Mic: Fictional Stories of Everyday Resistance,"Reynolds, Jason",2023-06-01,Florida,1,1
Taking Action for Civil and Political Rights,"Braun, Eric",2024-06-01,Iowa,1,1
Tales From My Closet,"Moses, Jennifer Anne",2025-02-01,Tennessee,1,1
"TBH, This is So Awkward","Greenwald, Lisa",2024-08-01,Florida,1,1
"TBH, You Know What I Mean","Greenwald, Lisa",2024-08-01,Florida,1,1
Tae Kwon Do,"O'Shei, Tim",2025-02-01,Texas,1,1
Take It As a Compliment,"Stoian, Maria",2025-04-01,Tennessee,1,1
Sword Catcher,"Clare, Cassandra",2023-11-01,Florida,1,1
Sycamore Row,"Grisham, John",2023-08-01,Florida,1,1
Syphilis,"Winters, Adam",2023-10-01,Iowa,1,1
"TBH, I Feel the Same","Greenwald, Lisa",2024-08-01,Florida,1,1
Tarnished Are the Stars,"Thor, Rosiee",2022-02-01,Tennessee,1,1
Te daría el sol,"Nelson, Jandy",2025-06-01,Texas,1,1
Caesar and Rome,"Bernard, Charlotte",2025-02-01,Tennessee,1,1
Caitlyn Jenner,"Mooney, Carl",2024-08-01,Texas,1,1
California,"Lepucki, Edan",2024-08-01,Florida,1,1
Call Me By Your Name (Call Me By Your Name Series),"Aciman, André",2021-11-01,Virginia,1,1
Burning for Revenge,"Marsden, John",2023-08-01,Florida,1,1
Business Ethics in Islam,"Ahmad, Mushtaq",2024-08-01,Florida,1,1
Busted Flush,"Farrell, S.L.",2023-10-01,Florida,1,1
By Any Means Necessary,"Montgomery, Cam",2024-06-01,Florida,1,1
Tangled,"Mackler, Carolyn",2023-12-01,Florida,1,1
"Bungo Stray Dogs (Series, Title Not Specified)","Asagiri, Kafka",2024-10-01,Tennessee,1,1
Burn Our Bodies Down,"Power, Rory",2022-02-01,Tennessee,1,1
Burning Midnight,"McIntosh, Will",2024-06-01,Iowa,1,1
Tell No One Who You Are: The Hidden Childhood of Regine Miller,"Buchignani, Walter",2024-08-01,Florida,1,1
Tempted (House of Night Series),"Cast, P. C.",2021-11-01,Florida,1,1
Tender is the Night,"Fitzgerald, F. Scott",2023-08-01,Florida,1,1
Terrorism Inc.: The Financing of Terrorism Insurgency and Irregular Warfare,"Clarke, Colin P.",2024-06-01,Florida,1,1
Teens and Pregnancy: A Hot Issue,"Byers, Ann",2023-08-01,Florida,1,1
Tell Me Again How a Crush Should Feel,"Farizan, Sara",2021-12-01,Texas,1,1
Tell Me If the Lovers Are Losers,"Voigt, Cynthia",2023-08-01,Florida,1,1
Tell Me When You Feel Something,"Grant, Vicki",2024-06-01,Florida,1,1
Teen Spirit,"Block, Francesca Lia",2023-08-01,Florida,1,1
"Teen pregnancy (Title only, no further information)",No Further Information Available,2025-02-01,Tennessee,1,1
Teenage Pregnancy and Parenting,"Frick, Lisa",2023-10-01,Kentucky,1,1
Teens At Risk,"Ojeda, Auriana",2025-02-01,Tennessee,1,1
Tears of Frost (Heart of Thorns Series),"Barton, Bree",2022-02-01,Tennessee,1,1
Teen Hyde,"Baker, Chandler",2023-12-01,Florida,1,1
Teen Killers Club,"Sparks, Lily",2025-02-01,Texas,1,1
Teen Legal Rights,"Hudson Jr., David L.",2021-12-01,Texas,1,1
The Abduction,"Grisham, John",2022-10-01,Texas,1,1
"The Abortion Controversy (Title only, no further information)",No Further Information Available,2025-02-01,Tennessee,1,1
The Absolute Value of -1,"Brezenoff, Steven",2023-08-01,Florida,1,1
Breathless (PM),"Withers, Pam",2024-01-01,Iowa,1,1
The (Almost) Perfect Guide to Imperfect Boys,"Dee, Barbara",2024-06-01,Iowa,1,1
The 1619 Project: Born on the Water,"Hannah-Jones, Nikole",2022-07-01,Florida,1,1
The 5th Horseman,"Patterson, James",2024-06-01,Florida,1,1
Thanksgiving,"Marx, David F.",2025-02-01,Texas,1,1
That Hideous Strength: A Modern Fairy-Tale for Grown-Ups,"Lewis, C. S.",2023-08-01,Florida,1,1
That Summer,"Dessen, Sarah",2023-10-01,Iowa,1,1
That's Betty!: The Story of Betty White,"Bonsignore, Gregory",2023-04-01,Florida,1,1
Texas Fridays: Austin,"Moussavi, Sam",2024-06-01,Texas,1,1
Texas Fridays: El Paso,"Moussavi, Sam",2024-06-01,Texas,1,1
Texas Fridays: Odessa,"Moussavi, Sam",2024-06-01,Texas,1,1
"Thank You, Jackie Robinson","Cohen, Barbara",2022-01-01,Florida,1,1
The Accidential Bad Girl,"Kaplan, Maxine",2024-10-01,Tennessee,1,1
The Accused,"Grisham, John",2022-10-01,Texas,1,1
The Adjustment,"Young, Suzanne",2023-08-01,Florida,1,1
The Adventures of Honey and Leon,"Cumming, Alan",2023-06-01,Florida,1,1
Brules,"Combs, Harry",2023-12-01,Florida,1,1
Bull,"Elliott, David",2023-08-01,Florida,1,1
Bully: A True Story of High School Revenge,"Schutze, Jim",2024-06-01,Florida,1,1
"Bum the Page: A True Story of Torching Doubts, Blazing Trails, and Igniting Change","Roem, Danica",2024-08-01,Texas,1,1
Broken Beautiful Hearts,"Garcia, Kami",2022-10-01,Texas,1,1
Brooms,"Walls, Jasmine",2024-08-01,Texas,1,1
Brothers to the Death,"Shan, Darren",2024-08-01,Texas,1,1
Bruised,"Boteju, Tanya",2022-02-01,Tennessee,1,1
Briar Rose,"Yolen, Jane",2023-08-01,Florida,1,1
Bridges: The Spans of North America,"Plowden, David",2023-08-01,Florida,1,1
Bright World (The Hazards of Love Series),"Stanley, Stan",2022-02-01,Tennessee,1,1
Brightly Burning,"Donne, Alexa",2023-08-01,Florida,1,1
The Art of Ukraine,"Lozhkina, Alisa",2025-04-01,Tennessee,1,1
The Assignation,"Oates, Joyce Carol",2024-06-01,Florida,1,1
The Astonishing Adventures of Fanboy and Goth Girl,"Lyga, Barry",2023-08-01,Florida,1,1
"The Astonishing Life of Octavian Nothing, Traitor to the Nation, Volume II: The Kingdom on the Waves","Anderson, M.T.",2023-10-01,Florida,1,1
The Art of Breaking Things,"Sibson, Laura",2025-02-01,Texas,1,1
The Art of Contemporary China,"Jiang, Jiehong",2025-04-01,Tennessee,1,1
The Art of Hana-Kimi,"Nakajo, Hisaya",2023-12-01,Florida,1,1
"The American Revolution: ""Give Me Liberty or Give Me Death!""","Kent, Deborah",2025-02-01,Tennessee,1,1
The Ancient Romans,"Ganeri, Anita",2023-08-01,Florida,1,1
The Angel of Death,"Ferguson, Alane",2023-08-01,Florida,1,1
The Apparatus of Death - The Third Reich,"Flaherty, Thomas",2022-09-01,Missouri,1,1
The Adventures of Tom Sawyer (Sterling),"Twain, Mark",2023-08-01,Florida,1,1
The Afterward,"Johnston, E. K",2022-02-01,Tennessee,1,1
The Agony and the Ecstasy: A Biographical Novel of Michelangelo,"Stone, Irving",2023-10-01,Florida,1,1
The Amber Spyglass,"Pullman, Philip",2023-08-01,Florida,1,1
"Breath, Eyes, Memory","Danticat, Edwidge",2023-10-01,Florida,1,1
The Bane Chronicles,"Clare, Cassandra",2023-08-01,Florida,1,1
The Baroque Period,"Fitzpatrick, Anne",2025-02-01,Texas,1,1
The Barren Grounds (The Misewa Saga Series),"Robertson, David A.",2021-12-01,Texas,1,1
Bradley Fighting Vehicles,"Hamilton, John",2024-08-01,Texas,1,1
Brave (Berrybrook Middle School Series),"Chmakova, Svetlana",2022-03-01,Florida,1,1
Brave New Girl,"Luna, Louisa",2023-12-01,Florida,1,1
Boy 21,"Quick, Matthew",2023-08-01,Florida,1,1
Boy-Crazy Stacey (The Baby-Sitters Club Series),"Martin, Ann M.",2022-05-01,Missouri,1,1
"Boys Run the Riot, Vol. 2","Gaku, Keito",2024-08-01,Texas,1,1
"Boys Run the Riot, Vol. 4","Gaku, Keito",2024-08-01,Texas,1,1
The Atlas Six,"Blake, Olive",2024-12-01,Florida,1,1
The Au Pairs,"de la Cruz, Melissa",2023-08-01,Florida,1,1
The Authority: Book One,"Ellis, Warren",2024-06-01,Florida,1,1
The Awesome,"Darrows, Eva",2024-10-01,Tennessee,1,1
The Bible for Young Children,"Delval, Marie-Hélène",2023-06-01,Florida,1,1
The Big Lie: A True Story of the Holocaust,"Leitner, Isabella",2024-08-01,Florida,1,1
The Bite of the Mango,"Kamara, Mariatu",2024-03-01,Iowa,1,1
The Black Book of Secrets,"Higgins, F. E.",2024-06-01,Texas,1,1
The Best We Could Do: An Illustrated Memoir,"Bui, Thi",2022-09-01,Missouri,1,1
"The Best, Worst and Most Unusual: Noteworthy Achievements, Events, Feats and Blunders of Every Conceivable Kind","Felton, Bruce",2023-08-01,Florida,1,1
The Betrothed,"Cass, Kiera",2023-08-01,Florida,1,1
The Bible Story,"Maxwell, Arthur",2023-06-01,Florida,1,1
The Beautiful Something Else,"Van Otterloo, Ash",2024-08-01,Texas,1,1
The Beginner's Bible: Timeless Bible Stories,Anonymous,2023-06-01,Florida,1,1
The Beloved Wild,"Ostrom, Melissa",2023-08-01,Florida,1,1
The Best 100 Poems of Gwen Harwood,"Harwood, Gwen",2024-06-01,Florida,1,1
The Battle Against Polio,"Peters, Stephanie True",2022-09-01,Texas,1,1
The Beach House,"Patterson, James",2023-08-01,Florida,1,1
The Bear Went Over the Mountain,"Kotzwinkle, William",2023-12-01,Florida,1,1
The Beat Goes On,"Minchin, Adele",2025-02-01,Tennessee,1,1
The Blob,"Thorne, Ian",2023-03-01,Florida,1,1
The Blood Runs Like a River Through My Dreams,Nasdijj,2024-08-01,Texas,1,1
The Blood of Flowers,"Amirrezvani, Anita",2024-06-01,Florida,1,1
The Body Book for Boys,"Mar, Jonathan",2025-04-01,Tennessee,1,1
Born on the Fourth of July,"Kovic, Ron",2024-06-01,Florida,1,1
Botticelli,"Santi, Bruno",2025-04-01,Tennessee,1,1
Bound by Honor: A Mafioso's Story,"Bonanno, Bill",2024-06-01,Florida,1,1
"Bone Parish, Vol. 3","Bunn, Cullen",2022-09-01,Missouri,1,1
Book Lovers,"Henry, Emily",2023-10-01,Iowa,1,1
Book of Broken Hearts,"Ockler, Sarah",2023-10-01,Iowa,1,1
Boost,"Mackel, Kathy",2024-06-01,Florida,1,1
The Black Lives Matter Movement,"Parks, Peggy J.",2022-02-01,Tennessee,1,1
Body Image and Dysmorphia,"Buckey, A. W.",2024-08-01,Texas,1,1
Bomb: The Race to Build and Steal the World’s Most Dangerous Weapon,"Sheinkin, Steve",2023-11-01,Wisconsin,1,1
"Bone Parish, Vol. 1","Bunn, Cullen",2022-09-01,Missouri,1,1
The Boy of the Three-Year Nap,"Snyder, Dianne",2022-01-01,Florida,1,1
The Bracelet,"Uchida,Yoshiko",2022-01-01,Florida,1,1
The Bride Was a Boy,Chii,2022-02-01,Tennessee,1,1
The Brilliant Death,"Capetta, A. R.",2023-08-01,Florida,1,1
The Boy Next Door,"Cabot, Meggin",2023-08-01,Florida,1,1
The Boy Who Dared,"Campbell Bartoletti, Susan",2022-10-01,Texas,1,1
The Boy Who Lost His Face,"Sachar, Louis",2023-10-01,Florida,1,1
The Boy in the Dress,"Williams, David",2021-10-01,Florida,1,1
The Book of Longings,"Kidd, Sue Monk",2023-12-01,Florida,1,1
The Book of Magic,"Barron, T. A.",2022-10-01,Texas,1,1
The Book of Universes: Exploring the Limits of the Cosmos,"Barrow, John D.",2025-03-01,Texas,1,1
The Box in the Woods,"Johnson, Maureen",2023-12-01,Florida,1,1
The Bone Witch,"Chupeco, Rin",2023-08-01,Florida,1,1
The Book Thief,"Zusak, Markus",2025-02-01,Tennessee,1,1
The Book of Essie,"Weir, Meghan MacLean",2022-02-01,Tennessee,1,1
"Blue Period, Vol. 7","Yamaguchi, Tsubasa",2025-04-01,Tennessee,1,1
"Blue Period, Vol. 9","Yamaguchi, Tsubasa",2025-04-01,Tennessee,1,1
Blues: A History of American Music,"Handyside, Christopher",2022-09-01,Missouri,1,1
Bobby Rex's Greatest Hits,"Gingher, Marianne",2023-10-01,Florida,1,1
"Blue Flag, Vol. 5 (Blue Flag Series)",Kaito,2022-02-01,Tennessee,1,1
"Blue Flag, Vol. 7 (Blue Flag Series)",Kaito,2022-02-01,Tennessee,1,1
Blue Moon (JP),"Ponti, James",2023-08-01,Florida,1,1
"Blue Period, Vol. 5","Yamaguchi, Tsubasa",2025-04-01,Tennessee,1,1
Blu's Hanging,"Yamanaka, Lois-Ann",2024-06-01,Florida,1,1
Blue Bloods: The Graphic Novel,"de la Cruz, Melissa",2025-06-01,Texas,1,1
"Blue Flag, Vol. 1 (Blue Flag Series)",Kaito,2022-02-01,Tennessee,1,1
"Blue Flag, Vol. 3 (Blue Flag Series)",Kaito,2022-02-01,Tennessee,1,1
The Brothers Story,"Sturtevant, Katherine",2024-06-01,Florida,1,1
The Buddha and Buddhism,"Marchant, Kerena",2025-02-01,Tennessee,1,1
The Burn Journals,"Runyon, Brent",2024-06-01,Iowa,1,1
Bloody Valentine,"de la Cruz, Melissa",2023-08-01,Florida,1,1
The Children's Christmas Pageant,"Frank, Marjorie",2023-06-01,Florida,1,1
The Children's Illustrated Bible,"Hastings, Selina",2023-06-01,Florida,1,1
The Christmas Story: According to the Gospels of Matthew and Luke from the King James Bible,Anonymous,2023-06-01,Florida,1,1
The Chupacabra,"Flitcroft, Jean",2022-09-01,Texas,1,1
The Center of Everything,"Moriarty, Laura",2023-12-01,Florida,1,1
The Chandler Legacies,"Nazemian, Abdi",2023-06-01,Florida,1,1
The Chaos,"Ward, Rachel",2024-02-01,Iowa,1,1
The Cheerleaders,"Thomas, Kara",2025-03-01,Texas,1,1
The Case of the Bizarre Bouquets,"Springer, Nancy",2023-08-01,Florida,1,1
The Case of the Left-Handed Lady,"Springer, Nancy",2023-08-01,Florida,1,1
The Case of the Peculiar Pink Fan,"Springer, Nancy",2023-08-01,Florida,1,1
The Burning Maze,"Riordan, Rick",2024-06-01,Iowa,1,1
The Burnouts,"Thomas, Lex",2024-10-01,Tennessee,1,1
The Campaign,"Fuentes, Carlos",2023-08-01,Florida,1,1
The Cape,"Hill, Joe",2022-09-01,Missouri,1,1
The Contemporary Art Book: The Essential Guide to 200 of the World's Most Widely Exhibited Artists,"Bonham Carter, Charlotte",2025-03-01,Texas,1,1
The Count of Monte Cristo,"Dumas, Alexandre",2024-08-01,Texas,1,1
The Country Girls: Three Novels and an Epilogue,"O'Brien, Erica",2023-08-01,Iowa,1,1
The Covenant,"Lewis, Beverly",2025-02-01,Tennessee,1,1
The Complete Kodak Book of Photography,"Dickey, Thomas",2025-02-01,Tennessee,1,1
The Complete Stories,"O'Connor, Flannery",2023-08-01,Florida,1,1
The Confessions of Nat Turner,"Styron, William",2021-12-01,Texas,1,1
The Conspiracy of Us,"Hall, Maggie",2023-08-01,Florida,1,1
The Comedy Writer,"Farrelly, Peter",2024-06-01,Florida,1,1
The Complete Book of Dogs,"Pilbeam, Rosie",2025-02-01,Tennessee,1,1
The Complete History of Costume & Fashion: From Ancient Egypt to the Present Day,"Cosgrave, Bronwyn",2025-04-01,Tennessee,1,1
The City Beautiful,"Polydoros, Aden",2022-02-01,Tennessee,1,1
The Clear and Simple Thesaurus Dictionary,"Wittels, Harriet",2023-08-01,Florida,1,1
The Color Master,"Bender, Aimee",2024-06-01,Florida,1,1
The Color of My Words,"Joseph, Lynn",2022-01-01,Florida,1,1
The Creeps: A Deep Dark Fears Collection,"Krause, Fran",2022-09-01,Missouri,1,1
The Crisis of Islam: Holy War and Unholy Terror,"Lewis, Bernard",2025-02-01,Tennessee,1,1
The Crown,"Cass, Kiera",2023-08-01,Florida,1,1
The Crown of Embers,"Carson, Rae",2025-03-01,Texas,1,1
Blood Beast,"Shan, Darren",2024-08-01,Texas,1,1
Blood Memory,"Iles, Greg",2023-08-01,Florida,1,1
Bloodchild and Other Stories,"Butler, Octavia E.",2024-06-01,Iowa,1,1
Bloodline: A Novel,"Cary, Kate",2023-08-01,Florida,1,1
"Bleach, Vol. 42","Kubo, Tite",2024-10-01,Tennessee,1,1
"Bleach, Vol. 8","Kubo, Tite",2024-10-01,Tennessee,1,1
Blight,"Duncan, Alexandra",2025-06-01,Florida,1,1
Blink,"Dawn, Sasha",2024-06-01,Iowa,1,1
The Cranes Dance,"Howrey, Meg",2024-06-01,Florida,1,1
The Creation,"Johnson, James Weldon",2023-06-01,Florida,1,1
"Bleach, Vol. 21","Kubo, Tite",2022-11-01,Missouri,1,1
"Bleach, Vol. 34","Kubo, Tite",2024-10-01,Tennessee,1,1
The Dead and the Gone,"Pfeffer, Susan Beth",2023-08-01,Florida,1,1
The Deadliest Diseases Then and Now,"Hopkinson, Deborah",2022-09-01,Missouri,1,1
The Dear One,"Woodson, Jacqueline",2021-12-01,Texas,1,1
The Dark Thirty: Southern Tales of the Supernatural,"McKissack, Patricia",2024-06-01,Iowa,1,1
The Darkest Part of the Forest,"Black, Holly",2023-08-01,Florida,1,1
The Dateable Rules: A Guide to the Sexes,"Lookadoo, Justin",2022-01-01,Texas,1,1
The Dazzling Heights,"McGee, Katharine",2022-10-01,Texas,1,1
The Dangerous Days of Daniel X,"Patterson, James",2024-06-01,Texas,1,1
The Dark Descent of Elizabeth Frankenstein,"White, Kiersten",2021-10-01,Oklahoma,1,1
The Dark Light,"Newth, Mette",2023-10-01,Florida,1,1
The Dark Prophecy (The Trials of Apollo Series),"Riordan, Rick",2022-02-01,Tennessee,1,1
The Cup of the World,"Dickinson, John",2023-08-01,Florida,1,1
The Curious Incident of the Dog in the Night-Time,"Haddon, Mark",2025-06-01,Maryland,1,1
The Curse of King Tut's Tomb,"Burgan, Michael",2024-01-01,South Carolina,1,1
The Cute Girl Network,"Reed, M. K.",2023-12-01,Florida,1,1
"Blade of the Immortal Omnibus, Vol. 3","Samura, Hiroaki",2022-10-01,Missouri,1,1
Blanca & Roja,"McLemore, Anna-Marie",2022-02-01,Tennessee,1,1
The Demon's Surrender,"Brennan, Sarah Rees",2023-12-01,Florida,1,1
The Devouring Gray,"Herman, Christine Lynn",2024-08-01,Texas,1,1
"Black, White and Jewish: Autobiography of a Shifting Self","Walker, Rebecca",2023-12-01,Florida,1,1
Blackbird: Book 1 The Great Beast,"Humphries, Sam",2022-09-01,Missouri,1,1
Blacklisted,"Showalter, Gena",2023-08-01,Florida,1,1
"Blade (Series, Title Not Specified)","Bowler, Tim",2024-11-01,Texas,1,1
Black Panther: The Young Prince,"Smith, Ronald L.",2023-07-01,Florida,1,1
Black Road: The Holy North,"Wood, Brian",2022-09-01,Missouri,1,1
Black Wings Beating (Skybound Series),"London, Alex",2022-02-01,Tennessee,1,1
The Death of Jayson Porter,"Adoff, Jaime",2023-08-01,Florida,1,1
The Deceiver's Heart,"Nielsen, Jennifer A.",2023-08-01,Florida,1,1
"Black Panther: A Nation Under Our Feet (Series, Title Not Specified)","Coates, Ta-Nehisi",2024-08-01,Texas,1,1
"Black Panther: A Nation Under Our Feet, Vol. 2","Coates, Ta-Nehisi",2023-08-01,Florida,1,1
The Dragonet Prophecy,"Sutherland, Tui T.",2023-10-01,Florida,1,1
The Drawing of the Three - House of Cards,"Furth, Robin",2024-10-01,Tennessee,1,1
The Drawing of the Three - The Prisoner,"Furth, Robin",2024-10-01,Tennessee,1,1
The Dress Lodger,"Holman, Sheri",2024-06-01,Florida,1,1
The Dollmage,"Leavitt, Martine",2023-10-01,Florida,1,1
The Downside of Being Up,"Sitomer, Alan Lawrence",2023-03-01,Texas,1,1
The Dragon Factory,"Maberry, Jonathan",2024-05-01,Florida,1,1
The Dragon's Tooth,"Wilson, Nathan D.",2024-06-01,Texas,1,1
The Dirt on Mr. Claxton,"Youngblood, Tiffany",2022-10-01,Texas,1,1
The Distance Between Us: A Memoir,"Grande, Reyna",2024-06-01,Texas,1,1
The Dive From Clausen's Pier,"Packer, Ann",2023-10-01,Florida,1,1
The Devouring Gray (The Devouring Gray Series),"Herman, Christine Lynn",2021-12-01,Texas,1,1
The Dew Breaker,"Danticat, Edwidge",2023-10-01,Florida,1,1
The Diary of a Teenage Girl: An Account in Words and Pictures,"Gloeckner, Phoebe",2024-06-01,Iowa,1,1
The Dictionary of Cultural Literacy,"Hirsh, Eric Donald",2023-06-01,Florida,1,1
The Encyclopedia of Sculpting Techniques,"Plowman, John",2025-04-01,Tennessee,1,1
"The Encyclopedia of Unsolved Crimes, 2nd Edition","Newton, Michael",2023-11-01,Texas,1,1
The End of Everything,"Abbott, Megan",2024-06-01,Florida,1,1
The Endocrine and Reproductive Systems,"Midthun, Joseph",2025-03-01,Texas,1,1
The Electric Heir (Feverwake Series),"Lee, Victoria",2022-02-01,Tennessee,1,1
The Elements,"Dingle, Adrian",2024-09-01,Texas,1,1
The Elite,"Cass, Kiera",2023-08-01,Florida,1,1
The Enchantment Emporium,"Huff, Tanya",2023-08-01,Florida,1,1
"The Easter Story: According to the Gospels of Matthew, Luke, and John from the King James Bible",Anonymous,2023-06-01,Florida,1,1
The Edge of the Water,"George, Elizabeth",2024-08-01,Texas,1,1
The Education of Little Tree,"Carter, Forrest",2023-08-01,Florida,1,1
The Egypt Game,"Snyder, Zilpha Keatley",2024-08-01,Florida,1,1
The Duel: The Parallel Lives of Alexander Hamilton and Aaron Burr,"St. George, Judith",2022-10-01,Texas,1,1
"The Earl & the Fairy (Series, Title Not Specified)",Ayuko,2025-03-01,Texas,1,1
The Early History of the Gay Rights Movement,"Baldino, Greg",2023-06-01,Florida,1,1
The Easter Story,"Wildsmith, Brian",2023-06-01,Florida,1,1
The Fall of Innocence,"Torres Sanchez, Jenny",2023-08-01,Florida,1,1
The Falling in Love Montage,"Smyth, Ciara",2022-02-01,Tennessee,1,1
The Family,"Puzo, Mario",2024-06-01,Florida,1,1
The Fascinators,"Eliopulos, Andrew",2024-06-01,Iowa,1,1
The Executioner,"Bennett, Jay",2024-11-01,Texas,1,1
The Executioner's Song,"Mailer, Norman",2023-10-01,Florida,1,1
The Eyes of the Amaryllis,"Babbitt, Natalie",2024-08-01,Florida,1,1
The Fall,"Muchamore, Robert",2024-06-01,Florida,1,1
The Essential Pablo Picasso,"Schaffner, Ingrid",2022-09-01,Missouri,1,1
The Essential Vincent van Gogh,"Schaffner, Ingrid",2022-09-01,Missouri,1,1
The Eternal Ones: What If Love Refused to Die?,"Miller, Kirsten",2023-08-01,Florida,1,1
"The Everything Classical Mythology Book: Greek and Roman Gods, Goddesses, Heroes, and Monsters from Ares to Zeus","Bolton, Lesley",2025-04-01,Tennessee,1,1
The Epidemic,"Young, Suzanne",2022-10-01,Texas,1,1
The Essential Edward Hopper,"Spring, Justin",2022-09-01,Missouri,1,1
The Essential Hieronymus Bosch,"Campbell, W. John",2022-09-01,Missouri,1,1
The Essential Mary Cassatt,"Gouveia, Georgette",2022-09-01,Missouri,1,1
"Black Leopard, Red Wolf","James, Marlon",2024-01-01,Florida,1,1
Black Lives Matter: From a Moment to a Movement,"Hillstrom, Laurie Collier",2021-11-01,Florida,1,1
The Fellowship of the Ring,"Tolkien, J.R.R.",2022-10-01,Texas,1,1
The Fences Between Us: The Diary of Piper Davis,"Larson, Kirby",2025-03-01,Texas,1,1
"Black Cat, Vol. 10: Big Changes","Yabuki, Kentaro",2023-08-01,Florida,1,1
Black Duck,"Lisle, Janet Taylor",2024-08-01,Florida,1,1
Black Frontiers: A History of African American Heroes in the Old West,"Schlissel, Lillian",2022-01-01,Florida,1,1
Black Ice,"Fitzpatrick, Becca",2023-08-01,Florida,1,1
"Black Bird, Vol. 5","Sakurakōji, Kanoko",2023-08-01,Florida,1,1
"Black Bird, Vol. 7","Sakurakōji, Kanoko",2023-08-01,Florida,1,1
"Black Bird, Vol. 9","Sakurakōji, Kanoko",2023-08-01,Florida,1,1
Black Boy Out of Time: A Memoir,"Ziyad, Hari",2024-06-01,Iowa,1,1
The Fate of Ten,"Lore, Pittacus",2023-08-01,Florida,1,1
"Black Bird, Vol. 15","Sakurakōji, Kanoko",2023-08-01,Florida,1,1
"Black Bird, Vol. 17","Sakurakōji, Kanoko",2023-08-01,Florida,1,1
"Black Bird, Vol. 2","Sakurakōji, Kanoko",2023-08-01,Florida,1,1
The Four Winds,"Hannah, Kristin",2024-10-01,Florida,1,1
The French Revolution,"Barber, Nicola",2025-02-01,Tennessee,1,1
The Friend Scheme,"Dietrich, Cale",2022-02-01,Tennessee,1,1
The Flower of Sheba,"Orgel, Doris",2023-06-01,Florida,1,1
The Fool's Run,"Sandford, John",2024-06-01,Florida,1,1
The Forest Queen,"Cornwell, Betsy",2023-08-01,Florida,1,1
The Forest of Stolen Girls,"Hur, June",2023-08-01,Florida,1,1
The Fire This Time: A New Generation Speaks About Race,"Ward, Jesmyn",2023-06-01,Florida,1,1
The First 7,"Pohl, Laura",2024-06-01,Texas,1,1
The First Scientist: Anaximander and His Legacy,"Rovelli, Carlo",2025-03-01,Texas,1,1
The First Wives Club,"Goldsmith, Olivia",2024-06-01,Florida,1,1
The Fever King (Feverwake Series),"Lee, Victoria",2022-02-01,Tennessee,1,1
The Fifth Sorceress,"Newcomb, Robert",2023-08-01,Florida,1,1
The Fight (Surviving Southside Series),"Karre, Elizabeth",2021-12-01,Texas,1,1
The Final Warning,"Patterson, James",2023-02-01,Florida,1,1
The Girl Who Drank the Moon,"Barnhill, Kelly",2023-08-01,Florida,1,1
The Girl Who Fell From the Sky,"Durrow, Heidi W.",2024-12-01,Utah,1,1
The Girl in White,"Currie, Lindsay",2024-08-01,Florida,1,1
The Girl with No Shadow (published in UK as The Lollipop Shoes),"Harris, Joanne",2023-12-01,Florida,1,1
The Gift of Ramadan,"Lumbard, Rabiah York",2022-01-01,Florida,1,1
The Girl Before,"Delaney, J. P.",2024-06-01,Florida,1,1
The Girl From Felony Bay,"Thompson, J. E.",2025-03-01,Texas,1,1
The Girl King,"Yu, Mimi",2023-10-01,Florida,1,1
The Gendered Atom: Reflections on the Sexual Psychology of Science,"Roszak, Theodore",2025-02-01,Tennessee,1,1
The Gentleman's Guide to Vice and Virtue (Montague Siblings Series),"Lee, Mackenzi",2022-02-01,Tennessee,1,1
The Gettysburg Address: A Graphic Adaptation,"Hennessey, Jonathan",2022-09-01,Missouri,1,1
The Gift,"Patterson, James",2022-10-01,Texas,1,1
The Furies,"Evslin, Bernard",2025-02-01,Tennessee,1,1
The Gallery of Unfinished Girls,"Karcz, Lauren",2021-12-01,Texas,1,1
The Garden of My Imaan,"Zia, Farhana",2022-01-01,Florida,1,1
The Gay Liberation Movement: Before and After Stonewall,"McGraw, Sean Heather K.",2023-06-01,Florida,1,1
"Black Bird, Vol. 12","Sakurakōji, Kanoko",2023-08-01,Florida,1,1
"Black Bird, Vol. 14","Sakurakōji, Kanoko",2023-08-01,Florida,1,1
"The Glass Café: Or, The Stripper and the State; How My Mother Started a War with the System that Made Us Kind of Rich and a Little Bit Famous","Paulsen, Gary",2025-03-01,Texas,1,1
The Glister,"Burnside, John",2024-06-01,Florida,1,1
Bisexual and Pansexual,"Manetta, Lara Stewart",2024-08-01,Texas,1,1
Bites and Bones Flip Book: Scary Stories to Sink Your Teeth Into,"Metzger, Lois",2025-02-01,Tennessee,1,1
Black As He's Painted,"Marsh, Ngaio",2024-08-01,Florida,1,1
Billie Standish Was Here,"Crocker, Nancy",2024-06-01,Texas,1,1
Billy Lynn's Long Halftime Walk,"Fountain, Ben",2024-06-01,Florida,1,1
Biology: The Unity and Diversity of Life,"Starr, Cecie",2024-06-01,Iowa,1,1
Bird Box,"Malerman, Josh",2022-10-01,Texas,1,1
"The Girl, the Guy, the Artist, and His Ex","Williams, Gabrielle",2024-10-01,Tennessee,1,1
Big Stone Gap,"Trigiani, Adriana",2024-06-01,Florida,1,1
Biggest Flirts,"Echols, Jennifer",2023-10-01,Florida,1,1
Billie Jean! How Tennis Star Billie Jean King Changed Women's Sports,"Rockliff, Mara",2023-07-01,Florida,1,1
The Great Migration: Journey to the North,"Greenfield, Eloise",2022-01-01,Florida,1,1
The Great Tree of Avalon: Child of the Dark Prophecy,"Barron, T. A.",2022-10-01,Texas,1,1
The Grimm Legacy,"Shulman, Polly",2022-10-01,Texas,1,1
The Guernsey Literary and Potato Peel Pie Society,"Shaffer, Mary Anne",2023-11-01,Wisconsin,1,1
The Graduate (The Play),"Johnson, Terry",2024-06-01,Florida,1,1
The Grass Is Singing,"Lessing, Doris",2024-06-01,Florida,1,1
The Great American Dust Bowl: A Graphic Novel,"Brown, Don",2025-03-01,Texas,1,1
The Great Circle: A History of the First Nations,"Philip, Neil",2024-06-01,Florida,1,1
The Golden Sheep 1,"Ozaki, Kaori",2022-09-01,Missouri,1,1
The Good Fight: How World War II Was Won,"Ambrose, Stephen E.",2025-02-01,Tennessee,1,1
The Good Girls Revolt: How the Women of Newsweek Sued their Bosses and Changed the Workplace,"Povich, Lynn",2023-10-01,Iowa,1,1
The Good Luck Girls,"Davis, Charlotte Nicole",2023-10-01,Florida,1,1
The Goddess Inheritance,"Carter, Aimée",2023-08-01,Florida,1,1
The Goddess Test,"Carter, Aimée",2023-08-01,Florida,1,1
The Gods and Goddesses of Olympus,Aliki,2023-08-01,Florida,1,1
The Golden Hour,"Smith, Niki",2023-03-01,Florida,1,1
The Hidden Oracle,"Riordan, Rick",2024-06-01,Iowa,1,1
The High Window,"Chandler, Raymond",2023-12-01,Florida,1,1
Bible ABC,"Metaxas, Eric",2023-06-01,Florida,1,1
Bible Questions & Answers,"Pickering, David",2023-06-01,Florida,1,1
The Hazel Wood: a novel,"Albert, Melissa",2023-08-01,Florida,1,1
The Heart of a Woman,"Angelou, Maya",2023-08-01,Florida,1,1
The Heir,"Cass, Kiera",2023-08-01,Florida,1,1
The Hero Two Doors Down: Based on the True Story of Friendship between a Boy and a Baseball Legend,"Robinson, Sharon",2022-01-01,Florida,1,1
The Hand on the Wall,"Johnson, Maureen",2023-12-01,Florida,1,1
The Handy Mythology Answer Book,"Leeming, David Adams",2025-04-01,Tennessee,1,1
The Harvard Medical School Family Health Guide,"Komaroff, Anthony",2025-02-01,Tennessee,1,1
The Gunslinger - Last Shots,"Furth, Robin",2024-10-01,Tennessee,1,1
The Gunslinger - The Journey Begins,"Furth, Robin",2024-10-01,Tennessee,1,1
The Gunslinger - The Way Station,"Furth, Robin",2024-10-01,Tennessee,1,1
"The Haiti Earthquake (Title only, no further information)",No Further Information Available,2025-02-01,Tennessee,1,1
Big Nate: The Crowd Goes Wild,"Peirce, Lincoln",2023-08-01,Florida,1,1
Big Red Lollipop,"Khan, Rukhsana",2022-01-01,Florida,1,1
The Hill We Climb: An Inaugural Poem for the Country,"Gorman, Amanda",2023-03-01,Florida,1,1
The History Boys: A Play,"Bennett, Alan",2024-06-01,Florida,1,1
Big Nate: A Good Old-Fashioned Wedgie,"Peirce, Lincoln",2023-08-01,Florida,1,1
Big Nate: Great Minds Think Alike,"Peirce, Lincoln",2023-08-01,Florida,1,1
Big Nate: In a Class by Himself,"Peirce, Lincoln",2023-08-01,Florida,1,1
Big Nate: Revenge of the Cream Puffs,"Peirce, Lincoln",2023-08-01,Florida,1,1
Big Nate Hug it Out!,"Peirce, Lincoln",2023-08-01,Florida,1,1
Big Nate Makes the Grade,"Peirce, Lincoln",2023-08-01,Florida,1,1
Big Nate and Friends,"Peirce, Lincoln",2023-08-01,Florida,1,1
Big Nate on a Roll,"Peirce, Lincoln",2023-08-01,Florida,1,1
"Big Bob, Little Bob","Howe, James",2022-07-01,Florida,1,1
Big Nate Blasts Off,"Peirce, Lincoln",2023-08-01,Florida,1,1
Big Nate Game On!,"Peirce, Lincoln",2023-08-01,Florida,1,1
The Human Stain,"Roth, Philip",2025-06-01,Florida,1,1
The Hunting Accident: A True Story of Crime and Poetry,"Carlson, David L.",2022-09-01,Missouri,1,1
The Illustrated Book of Myths: Tales & Legends of the World,"Philip, Neil",2025-04-01,Tennessee,1,1
The Illustrated Jewish Bible for Children,"Hastings, Selina",2023-06-01,Florida,1,1
The House of Bernarda Alba,"García Lorca, Federico",2024-06-01,Florida,1,1
The How and Why Wonder Book of The Human Body,"Keen, Martin",2025-02-01,Tennessee,1,1
The Human Body (SS),"Savran, Stacy",2025-02-01,Tennessee,1,1
The Holloway Girls,"Crispell, Susan Bishop",2023-08-01,Florida,1,1
The Holocaust and Life Under Nazi Occupation,"Darman, Peter",2025-02-01,Tennessee,1,1
The Holocaust: Survival and Resistance,"Levy, Pat",2025-02-01,Tennessee,1,1
The Hookup Artist,"Shaw, Tucker",2021-12-01,Texas,1,1
The History Puzzle: How We Know What We Know About the Past,"Beller, Susan Provost",2023-06-01,Florida,1,1
The History of Art,"Hodge, A.N.",2022-09-01,Missouri,1,1
The History of Western Sculpture,"Osier, Peter",2022-09-01,Missouri,1,1
The Hitchhiker's Guide to the Galaxy,"Adams, Douglas",2023-08-01,Florida,1,1
Beyond the Break,"Buchta, Heather",2024-03-01,Florida,1,1
Beyond the Red,"Jae, Ava",2024-06-01,Texas,1,1
The Innocent,"Baldacci, David",2023-08-01,Florida,1,1
The Inside of Out,"Thorne, Jenn Marie",2024-08-01,Texas,1,1
Beyoncé,"Waters, Rosa",2023-08-01,Florida,1,1
Beyond Dreams (Hamilton High Series),"Reynolds, Marilyn",2021-12-01,Texas,1,1
Beyond Male and Female: The Gender Identity Spectrum,"Walker, Anita R.",2024-08-01,Texas,1,1
Better Than We Found It: Conversations to Help Save the World,Joseph. Frederick,2024-08-01,Texas,1,1
Between Sisters,"Hannah, Kristin",2024-06-01,Iowa,1,1
Between the Lines,"Picoult, Jodi",2023-08-01,Florida,1,1
"Beverly, Right Here","DiCamillo, Kate",2024-06-01,Texas,1,1
The Incredible Adventures of Cinnamon Girl,"Keil, Melissa",2023-08-01,Florida,1,1
The Infernal Compass,"Sturges, Lilah",2024-06-01,Iowa,1,1
The Influential Woman,"Kraft, Vickie",2023-08-01,Florida,1,1
Better Than Perfect,"Elkeles, Simone",2022-10-01,Texas,1,1
The Kitchen God's Wife,"Tan, Amy",2024-06-01,Florida,1,1
The Knowing,"Cameron, Sharon",2023-08-01,Florida,1,1
The LGBT Community,"Seba, Jaime A.",2021-12-01,Texas,1,1
The Lady and the Unicorn,"Chevalier, Tracy",2023-12-01,Florida,1,1
The Jungle Book,"Kipling, Rudyard",2025-03-01,Texas,1,1
The Killer's Cousin,"Werlin, Nancy",2023-08-01,Florida,1,1
The King of Crows,"Bray, Libba",2024-06-01,Iowa,1,1
The Kiss,"Patterson, James",2022-10-01,Texas,1,1
The It Girl,"von Ziegesar, Cecily",2024-06-01,Iowa,1,1
The Jane Austen Book Club,"Fowler, Karen Joy",2024-06-01,Florida,1,1
The Jewish Victims of the Holocaust,"Altman, Linda Jacobs",2025-02-01,Tennessee,1,1
The Journey of Diego Rivera,"Goldstein, Ernest",2025-04-01,Tennessee,1,1
The Inventor's Secret,"Robertson, Andrea",2023-08-01,Florida,1,1
The Invisible Life of Ivan lsaenko,"Stambach, Scott",2024-10-01,Tennessee,1,1
The Iron Queen,"Kagawa, Julie",2024-01-01,Florida,1,1
The Island,"Hilderbrand, Elin",2024-06-01,Florida,1,1
The Last Trial,"Turow, Scott",2024-06-01,Florida,1,1
The Laws of Our Fathers,"Turow, Scott",2024-06-01,Florida,1,1
The Leftovers,"Perrotta, Tom",2023-12-01,Florida,1,1
"The Legend of Drizzt, Vol. 3: Sojourn","Dabb, Andrew",2025-02-01,Tennessee,1,1
The Last Forever,"Caletti, Deb",2023-08-01,Florida,1,1
The Last Kid Left,"Baldwin, Rosecrans",2024-06-01,Florida,1,1
The Last Summer (of You and Me),"Brashares, Ann",2023-12-01,Florida,1,1
The Last Time I Wore a Dress,"Scholinski, Daphne",2021-12-01,Texas,1,1
The Last American Hero: The Remarkable Life of John Glenn,"George, Alice L.",2023-08-01,Florida,1,1
The Last Boy and Girl in the World,"Vivian, Siobhan",2023-11-01,Wisconsin,1,1
The Last Confession of Autumn Casterly,"Tate, Meredith",2022-02-01,Tennessee,1,1
"The Last Duel: A True Story of Crime, Scandal and Trial by Combat","Jager, Eric",2024-10-01,Tennessee,1,1
The Lady of the Lake,"Sapkowski, Andrzej",2024-10-01,Tennessee,1,1
The Lake House,"Patterson, James",2024-06-01,Florida,1,1
The Land of Painted Caves,"Auel, Jean M.",2023-02-01,Pennsylvania,1,1
The Language of Thorns: Midnight Tales and Dangerous Magic,"Bardugo, Leigh",2023-08-01,Florida,1,1
Betrayed (House of Night Series),"Cast, P. C.",2021-11-01,Florida,1,1
The Less-dead,"Lurie, April",2021-12-01,Texas,1,1
The Librarian of Auschwitz,"Iturbe, Antonio",2023-10-01,Florida,1,1
The Library of Lost Things,"Namey, Laura Taylor",2023-03-01,Texas,1,1
Beowulf: A Graphic Novel (GH),"Hinds, Gareth",2024-08-01,Texas,1,1
"Berlin Diary: The Journal of a Foreign Correspondent 1934-1941, an Unparalleled Eyewitness Account of Hitler's German","Shirer, William",2024-06-01,Florida,1,1
Best Best Colors: Los mejores colores,"Hoffman, Eric",2021-12-01,Texas,1,1
"Best and Buzzworthy 2017: World Records, Trending Topics, and Viral Moments","O'Brien, Cynthia",2023-08-01,Florida,1,1
"Beliefs, Rituals, and Symbols of Ancient Greece and Rome","Talbot, Jeffrey",2024-08-01,Texas,1,1
BenBee and the Teacher Griefer: The Kids Under the Stairs,"Holt, K. A.",2024-06-01,Iowa,1,1
Beneath a Meth Moon: An Elegy,"Woodson, Jacqueline",2022-05-01,Florida,1,1
Benito Runs,"Fontes, Justine",2024-08-01,Texas,1,1
"The Legend of Korra: Turf Wars, Part Three","DiMartino, Michael Dante",2022-02-01,Tennessee,1,1
The Legend of the Bluebonnet (Legends Series),"dePaola, Tomie",2022-01-01,Florida,1,1
Behind the Shadows,"Potter, Patricia",2024-06-01,Florida,1,1
Being You,Anonymous,2023-10-01,Iowa,1,1
Before I Had The Words: On Being a Transgender Young Adult,"Kergil, Skylar",2024-08-01,Texas,1,1
Before We Were Blue,"Schwartz, E. J.",2024-08-01,Texas,1,1
Beginnings - Battle of Jericho Hill,"Furth, Robin",2024-10-01,Tennessee,1,1
Beautiful Redemption,"Garcia, Kami",2023-10-01,Florida,1,1
Beck,"Peet, Mal",2024-10-01,Tennessee,1,1
Bee Season,"Goldberg, Myla",2024-06-01,Florida,1,1
The Lizard King: The Essential Jim Morrison,"Hopkins, Jerry",2023-08-01,Florida,1,1
The Loners,"Thomas, Lex",2023-12-01,Florida,1,1
The Long Goodbye,"Chandler, Raymond",2023-12-01,Florida,1,1
The Long-Distance Dispatch Between Lydia Goldblatt and Julie Graham-Chang,"Ignatow, Amy",2023-09-01,Florida,1,1
The Life and Art of Paul Gauguin,"Roddam, George",2022-09-01,Missouri,1,1
The Likeness,"French, Tana",2023-12-01,Florida,1,1
The Line,"Hall, Teri",2022-11-01,Texas,1,1
The Little Book of Snowflakes,"Libbrecht, Kenneth George",2024-06-01,Texas,1,1
The Magical Misfits: The Second Story,"Harris, Neil Patrick",2024-08-01,Florida,1,1
The Making of a Navy Seal: My Story of Surviving the Toughest Challenge and Training the Best,"Webb, Brandon",2025-02-01,Tennessee,1,1
The Manny Files,"Burch, Christian",2024-06-01,Texas,1,1
The Lovely Reckless,"Garcia, Kami",2023-08-01,Florida,1,1
The Luis Ortega Survival Club,"Reyes, Sonora",2024-08-01,Virginia,1,1
The Lying Game,"Shepard, Sara",2025-03-01,Texas,1,1
The Magic Circle,"Napoli, Donna Jo",2023-10-01,Florida,1,1
The Lost Book of the White (The Eldest Curses Series),"Clare, Cassandra",2022-02-01,Tennessee,1,1
The Lost Heir,"Sutherland, Tui T.",2023-10-01,Florida,1,1
The Lost Track of Time,"Britt, Paige",2025-03-01,Texas,1,1
The Love Song of Ivy K. Harlowe,"Moskowitz, Hannah",2025-03-01,Texas,1,1
Beginnings - The Fall of Gilead,"Furth, Robin",2024-10-01,Tennessee,1,1
Beginnings - The Long Road Home,"Furth, Robin",2024-10-01,Tennessee,1,1
Behind Closed Doors,"Paris, B. A.",2024-06-01,Florida,1,1
The Lost,"Patterson, James",2022-10-01,Texas,1,1
Beasts,"Oates, Joyce Carol",2023-12-01,Florida,1,1
Beasts of Prey,"Gray, Ayana",2023-08-01,Georgia,1,1
Beautiful Boy: A Father's Journey Through His Son's Addiction,"Sheff, David",2023-02-01,Pennsylvania,1,1
Beautiful Darkness,"Garcia, Kami",2023-10-01,Florida,1,1
"Bats, Cats, and Rats","Miller, Dave",2023-06-01,Florida,1,1
"Be Gay, Do Comics: Queer History, Memoir, and Satire from The Nib","Bors, Matt",2022-02-01,Tennessee,1,1
"Be Strong, Be Wise: The Young Adult’s Guide to Sexual Assault Awareness and Personal Safety","Carpenter, Amy R.",2022-02-01,Tennessee,1,1
"The Meaning of Matthew: My Son's Murder in Laramie, and a World Transformed","Shepard, Judy",2023-08-01,Maine,1,1
The Member of the Wedding,"McCullers, Carson",2024-06-01,Florida,1,1
The Memory of Running,"McLarty, Ron",2023-12-01,Florida,1,1
Batcat: Sink or Swim!,"Ramm, Meggie",2025-03-01,Texas,1,1
The Mark,"Nadol, Jen",2022-10-01,Texas,1,1
The Mars Room,"Kushner, Rachel",2023-08-01,Florida,1,1
The Martian Chronicles,"Bradbury, Ray",2023-08-01,Florida,1,1
The Marvels,"Selznick, Brian",2024-06-01,Iowa,1,1
The Murder of Helen Jewett,"Cohen, Patricia Cline",2024-06-01,Florida,1,1
The Murderer's Daughter,"Kellerman, Jonathan",2024-06-01,Florida,1,1
The Mysterious Disappearance of Aidan S. (As Told To His Brother),"Levithan, David",2024-06-01,Iowa,1,1
The Mythics #1: Heroes Reborn,"Ogaki, Philippe",2022-09-01,Missouri,1,1
The Mockingbirds,"Whitney, Daisy",2025-06-01,Texas,1,1
The Morning of the World,"Hartman, Bob",2023-06-01,Florida,1,1
The Mud Pony,"Cohen, Caron Lee",2022-01-01,Florida,1,1
The Militia Movement and Hate Groups in America,"McCuen, Gary E.",2025-02-01,Tennessee,1,1
The Miracles of Jesus,"DePaola, Tomie",2023-06-01,Florida,1,1
The Mirror of Merlin,"Barron, T. A.",2022-10-01,Texas,1,1
The Miscalculations of Lightning Girl,"McAnulty, Stacy",2023-10-01,Florida,1,1
The Men of Brewster Place,"Naylor, Gloria",2024-06-01,Florida,1,1
The Merciless,"Vega, Danielle",2025-05-01,Tennessee,1,1
The Midnight Line,"Child, Lee",2023-08-01,Florida,1,1
The Midwinter Witch,"Ostertag, Molly Knox",2024-06-01,Iowa,1,1
The Once And Future Geek,"Mancusi, Mari",2024-06-01,Florida,1,1
The One,"Cass, Kiera",2023-08-01,Florida,1,1
The One True Me and You,"England, Remi K.",2024-08-01,Texas,1,1
The One and Only Ivan,"Applegate, Katherine",2023-12-01,Florida,1,1
The Nighthouse Keeper,"Senf, Lora",2024-08-01,Florida,1,1
The November Criminals,"Munson, Sam",2022-10-01,Texas,1,1
The Ogre of Oglefort,"Ibbotson, Eva",2024-06-01,Florida,1,1
The Oklahoma City Bombing: Terror in the Heartland,"Sherrow, Victoria",2025-02-01,Tennessee,1,1
The Need to Know Library: Everything You Need to Know About Sexual Harassment,"Bouchard, Elizabeth",2023-08-01,Florida,1,1
The Never Tilting World,"Chupeco, Rin",2023-08-01,Florida,1,1
The New Encyclopedia of the Cat,"Fogle, Bruce",2025-02-01,Tennessee,1,1
The Night Diary,"Hiranandani, Veera",2022-01-01,Florida,1,1
The Name Of The Star,"Johnson, Maureen",2025-05-01,Florida,1,1
The Names We Take,"Kerr, Trace",2023-08-01,Georgia,1,1
The Nativity: Mary Remembers,"Knowlton, Laurie",2023-06-01,Florida,1,1
The Nazi Death Camps,"Downing, David",2025-02-01,Tennessee,1,1
The Other Half of Happy,"Balcarel, Rebecca",2024-06-01,Iowa,1,1
The Otherwoods,"Winans, Justine Pucella",2024-08-01,Texas,1,1
The Pacific Giants,"Flitcroft, Jean",2022-10-01,Texas,1,1
Bangkok 8,"Burdett, John",2023-08-01,Florida,1,1
Banner in the Sky,"Ullman, James Ramsey",2023-10-01,Florida,1,1
Barbed Wire Baseball: How One Man Brought Hope to the Japanese Internment Camps of WWII,"Moss, Marissa",2022-01-01,Florida,1,1
Barracoon: Adapted for Young Readers,"Hurston, Zora Neale",2024-08-01,Florida,1,1
Bad Girls Don't Die,"Alender, Katie",2023-08-01,Florida,1,1
Bad Kitty Goes to the Vet,"Bruel, Nick",2024-08-01,Texas,1,1
Bajo La Misma Estrella,"Green, John",2024-08-01,Texas,1,1
Balzac and the Little Chinese Seamstress,"Dai, Sijie",2023-12-01,Florida,1,1
Baby Moses,"Hayward, Linda",2023-06-01,Florida,1,1
Bach: Music in the Castle of Heaven,"Gardiner, John Eliot",2023-08-01,Florida,1,1
Back to the Drawing Board,"Gudsnuk, Kristen",2023-06-01,Florida,1,1
"Bad Days In History: A Gleefully Grim Chronicle of Misfortune, Mayhem, and Misery for Every Day of the Year","Farquhar, Michael",2024-06-01,Florida,1,1
The Plains of Passage,"Auel, Jean M.",2023-02-01,Pennsylvania,1,1
The Poetry of the Negro: 1746-1970,"Hughes, Langston",2025-02-01,Tennessee,1,1
The Poisonwood Bible,"Kingsolver, Barbara",2023-11-01,Wisconsin,1,1
The Poppy War,"Kuang, R. F.",2024-06-01,Florida,1,1
The Perfect Girl,"Macmillan, Gilly",2024-06-01,Florida,1,1
The Phantom Twin,"Brown, Lisa",2022-10-01,Texas,1,1
The Pigman,"Zindel, Paul",2025-02-01,Tennessee,1,1
The Pine Tree Parable,"Higgs, Liz Curtis",2023-06-01,Florida,1,1
The Passage,"Cronin, Justin",2023-08-01,Florida,1,1
The Path of Daggers,"Jordan, Robert",2023-08-01,Florida,1,1
The Pear Affair,"Eagle, Judith",2025-03-01,Texas,1,1
The Painted Bird,"Kosinski, Jerzy N.",2023-10-01,Florida,1,1
The Paladin Prophecy,"Frost, Mark",2023-11-01,Wisconsin,1,1
The Paper Bag Princess,"Munsch, Robert",2024-08-01,Texas,1,1
The Parables of Jesus,"DePaola, Tomie",2023-06-01,Florida,1,1
Aztec Inca & Maya,"Baquedano, Elizabeth",2025-02-01,Tennessee,1,1
Baby & Solo,"Posthuma, Lisabeth",2022-02-01,Tennessee,1,1
Assassination Classroom,"Matsui, Yūsei",2022-09-01,Missouri,1,1
At Work: Twenty-five Contemporary Chinese Artists,"Burris, Jon",2024-08-01,Texas,1,1
Auguste Rodin: 1840-1917,"Blanchetiere, Francois",2025-04-01,Tennessee,1,1
"Auschwitz, Bergen-Belsan, Treblinka: The Holocaust Camps","Byers, Ann",2025-02-01,Tennessee,1,1
Autumn's Kiss,"Thorne, Bella",2025-02-01,Tennessee,1,1
Awakened (House of Night Series),"Cast, P. C.",2021-11-01,Florida,1,1
Attack of the Mutant Underwear,"Birdseye, Tom",2023-08-01,Florida,1,1
Attack on Titan: Before the Fall,"Suzukaze, Ryo",2024-08-01,Texas,1,1
Attack on Titan: End of the World,"Asakura, Touji",2024-08-01,Texas,1,1
Audacious,"Prendergast, Gabrielle",2024-10-01,Tennessee,1,1
The Poster: A Visual History,"Saunders, Gill",2025-04-01,Tennessee,1,1
The Pretty Committee Strikes Back,"Harrison, L.",2023-09-01,Texas,1,1
The Prime of Miss Jean Brodie,"Spark, Muriel",2024-06-01,Florida,1,1
The Rainbow Parade,"Neilson, Emily",2025-01-01,Minnesota,1,1
The Rape of Nanking,"Chang, Iris",2021-11-01,Florida,1,1
The Reader,"Schlink, Bernard",2023-12-01,Florida,1,1
The Reckoning,"Armstrong, Kelley",2023-08-01,Florida,1,1
The Quest for Paradise: Visions of Heaven and Eternity in the World's Myths and Religions,"Ashton, John",2025-04-01,Tennessee,1,1
The Questions Within (Cutting Edge Series),"Schaeffer, Teresa",2021-12-01,Texas,1,1
The Quiller Memorandum,"Hall, Adam",2024-06-01,Florida,1,1
The Rainbow Fish,"Pfister, Marcus",2023-09-01,Florida,1,1
The Queen of Kentucky,"Whitaker, Alecia",2024-10-01,Florida,1,1
The Queen's Gambit,"Tevis, Walter",2024-12-01,Florida,1,1
The Queer Girl is Going to Be Okay,"Walls, Dale",2024-08-01,Texas,1,1
Atalanta: The Race Against Destiny,"Fontes, Justine",2023-08-01,Florida,1,1
Athena (RR),"Roberts, Russell",2025-04-01,Tennessee,1,1
The Princess Trap,"Boie, Kirsten",2024-08-01,Florida,1,1
The Prison Healer,"Noni, Lynette",2023-08-01,Florida,1,1
The Royals: With the Latest on the Royal Family,"Kelley, Kitty",2023-08-01,Florida,1,1
The Rule of Claw,"Brindley, John",2023-08-01,Florida,1,1
The Rule of Mirrors,"O'Brien, Caragh M.",2024-06-01,Florida,1,1
The Rules and Regulations for Mediating Myths & Magic,"Lukens, F. T.",2024-08-01,Texas,1,1
The Road to Wellville,"Boyle, T.C.",2023-12-01,Florida,1,1
The Roman News,"Steele, Phillip",2025-02-01,Tennessee,1,1
The Rose Society,"Lu, Marie",2023-08-01,Florida,1,1
The Rose and the Dagger,"Ahdieh, Renée",2023-08-01,Florida,1,1
The Revolution of Little Girls,"McCrary Boyd, Blanche",2023-12-01,Florida,1,1
The Rise and Fall of Charles Lindbergh,"Fleming, Candace",2022-10-01,Texas,1,1
The Rising Gold,"Jae, Ava",2024-10-01,Tennessee,1,1
The Road,"McCarthy, Cormac",2023-08-01,Florida,1,1
The Red Scrolls of Magic (The Eldest Curses Series),"Clare, Cassandra",2022-02-01,Tennessee,1,1
The Renegades of Pern,"McCaffrey, Anne",2023-08-01,Florida,1,1
The Restaurant at the End of the Universe,"Adams, Douglas",2023-12-01,Florida,1,1
The Revelation of Louisa May,"MacColl, Michaela",2025-04-01,Texas,1,1
Ask the Dust,"Fante, John",2023-12-01,Florida,1,1
"The Sandman, Vol. 10: The Wake","Gaiman, Neil",2023-08-01,Florida,1,1
"The Sandman, Vol. 2: The Doll's House","Gaiman, Neil",2023-08-01,Florida,1,1
"The Sandman, Vol. 4: Season of Mists","Gaiman, Neil",2023-08-01,Florida,1,1
As Good as Dead,"Jackson, Holly",2023-08-01,Florida,1,1
Asexual,"Quist, Jeremy",2024-08-01,Texas,1,1
Ashen Winter,"Mullin, Mike",2023-08-01,Florida,1,1
Asian Art Now,"Chiu, Melissa",2024-08-01,Texas,1,1
"Art: From Cave Painting to Street Art - 40,000 Years of Creativity","Farthing, Stephen",2024-08-01,Texas,1,1
Arte para niños con 6 grandes artistas,Susaeta Publishing,2024-08-01,Texas,1,1
Artie and the Wolf Moon,"Stephens, Olivia",2023-09-01,Florida,1,1
The Runaway King,"Nielsen, Jennifer A.",2023-11-01,Wisconsin,1,1
The Sacred Lies of Minnow Bly,"Oakes, Stephanie",2023-10-01,Florida,1,1
"The Same River Twice: Honoring the Difficult: A Meditation on Life, Spirit and Art, and the Making of the Film The Color Purple Ten Years Later","Walker, Alice",2023-08-01,Florida,1,1
Art: A World History,"Buchholz, Elke Linda",2022-09-01,Missouri,1,1
The Selection,"Cass, Kiera",2023-10-01,Florida,1,1
The Senses,"Bellamy, Rufus",2025-02-01,Tennessee,1,1
The Serpents Shadow,"Riordan, Rick",2024-02-01,Florida,1,1
The Seven Rays,"Bendinger, Jessica",2024-06-01,Florida,1,1
The Secret Holocaust Diaries: The Untold Story of Nonna Bannister,"Bannister, Nonna",2025-02-01,Tennessee,1,1
The Secret Starling,"Eagle, Judith",2025-04-01,Texas,1,1
The Secret of Gumbo Grove,"Tate, Eleanora E.",2023-08-01,Florida,1,1
The Secrets We Keep (TL),"Leaver, Trisha",2025-04-01,Texas,1,1
The Seamstress: A Memoir of Survival,"Bernstein, Sara Tuvel",2023-08-01,Florida,1,1
The Second Deadly Sin,"Sanders, Lawrence",2023-10-01,Florida,1,1
The Secret Diary of Anne Boleyn,"Maxwell, Robin",2024-06-01,Florida,1,1
The Secret Ghost: A Mystery with Distance and Measurement,"Thielbar, Melinda",2025-04-01,Texas,1,1
"The Sandman, Vol. 7: Brief Lives","Gaiman, Neil",2023-08-01,Florida,1,1
"The Sandman, Vol. 9: The Kindly Ones","Gaiman, Neil",2023-08-01,Florida,1,1
The Scapegracers (Scapegracers Series),"Clarke, Hannah Abigail",2022-02-01,Tennessee,1,1
The Sleeping Beauty,"Hyman, Trina Schart",2023-03-01,Florida,1,1
The Smaller Evil,"Kuehn, Stephanie",2023-12-01,Florida,1,1
The Snow Globe Family,"O'Connor, Jane",2025-04-01,Tennessee,1,1
The Son of Neptune,"Riordan, Rick",2024-06-01,Iowa,1,1
The Skeletal System,"Arnau, Edward",2025-02-01,Tennessee,1,1
The Sky Is Mine,"Beashel, Amy",2022-02-01,Tennessee,1,1
The Slave Dancer,"Fox, Paula",2023-10-01,Florida,1,1
The Sidekicks,"Kostakis, William",2024-06-01,Iowa,1,1
The Sign of the Cat,"Jonell, Lynee",2024-03-01,Florida,1,1
The Silence of the Lambs,"Harris, Thomas",2023-08-01,Florida,1,1
The Sin Eater's Daughter,"Salisbury, Melinda",2025-06-01,Texas,1,1
The Seven Wonders of the Ancient World,"Cox, Reg",2025-02-01,Tennessee,1,1
The Shade of the Moon,"Pfeffer, Susan Beth",2024-06-01,Florida,1,1
The Shape of Thunder,"Warga, Jasmine",2022-06-01,North Carolina,1,1
The Shelters of Stone,"Auel, Jean M.",2023-02-01,Pennsylvania,1,1
Art of the Ancient Mediterranean World,"Scott, John",2025-02-01,Tennessee,1,1
Art: 21 Art in the 21st Century,"Sollins, Susan",2023-10-01,Florida,1,1
The Spellman Files,"Lutz, Lisa",2024-06-01,Florida,1,1
The Spirit Bares its Teeth,"White, Andrew Joseph",2024-08-01,Texas,1,1
Art Attack: A Short Cultural History of the Avant-Garde,"Aronson, Marc",2025-04-01,Tennessee,1,1
Art Nouveau,"Miller, Judith",2024-08-01,Texas,1,1
Art Theory for Beginners,"Osborne, Richard",2025-04-01,Tennessee,1,1
Art and Culture of the Medieval World,"Delaware, Steven S.",2025-02-01,Tennessee,1,1
Archer's Voice,"Sheridan, Mia",2023-10-01,Iowa,1,1
Ares: God of War,"Temple, Teri",2024-04-01,Texas,1,1
Armageddon Summer,"Yolen, Jane",2024-06-01,Florida,1,1
"Ars Amatoria; Or, The Art of Love",Ovid,2023-12-01,Florida,1,1
The Sound of Letting Go,"Kehoe, Stasia Ward",2023-08-01,Florida,1,1
The Space Between,"Jacobs, Evan",2024-08-01,Texas,1,1
The Spanish Love Deception,"Armas, Elena",2024-06-01,Iowa,1,1
Arcady's Goal,"Yelchin, Eugene",2024-08-01,Texas,1,1
The Story of Jonah (JB),"Bragg, Juliana",2023-06-01,Florida,1,1
The Story of Sculpture: From Prehistory to the Present,"Romei, Francesca",2025-04-01,Tennessee,1,1
The Story of the Loaves and Fishes,"Davidson, Alice Joyce",2023-06-01,Florida,1,1
The Story of Christmas (VF),"French, Vivian",2023-06-01,Florida,1,1
The Story of Creation,"Davidson, Alice Joyce",2023-06-01,Florida,1,1
The Story of Exodus,"Davidson, Alice Joyce",2023-06-01,Florida,1,1
The Story of Job,"Brodsky, Beverly",2023-06-01,Florida,1,1
The Stonewall Riots: Making a Stand for LGBTQ Rights,Bongiovanni. Archie,2024-08-01,Texas,1,1
The Storied Life of A. J. Fikry,"Zevin, Gabrielle",2024-06-01,Florida,1,1
The Storm of Life (The Brilliant Death Series),"Capetta, Amy Rose",2022-02-01,Tennessee,1,1
The Story of Baby Moses,"Davidson, Alice Joyce",2023-06-01,Florida,1,1
"The Squad (Series, Title not Specified","Barnes, Jennifer Lynn",2025-04-01,Texas,1,1
The Squared Circle,"Bennett, James W.",2024-08-01,Florida,1,1
The Stan,"Knodell, Kevin",2024-10-01,Tennessee,1,1
The Stars Beneath Our Feet,"Moore, David Barclay",2024-03-01,Florida,1,1
Any Way the Wind Blows (Simon Snow Series),"Rowell, Rainbow",2022-02-01,Tennessee,1,1
Anything But Okay,"Littman, Sarah Darer",2023-03-01,Texas,1,1
Aphrodite: Goddess of Love and Beauty,"Temple, Teri",2024-08-01,Texas,1,1
The Sunbearer Trials,"Thomas, Aiden",2024-08-01,Texas,1,1
Announcing Trouble,"Dominy, Amy Fellner",2023-10-01,Iowa,1,1
Answers in the Pages,"Levithan, David",2024-08-01,Texas,1,1
Antonio's Card/La tarjeta de Antonio,"González, Rigoberto",2022-10-01,Texas,1,1
The Summer of Everything,"Winters, Julian",2022-02-01,Tennessee,1,1
The Summer of Lost Things,"Sedgwick, Chantele",2023-10-01,Iowa,1,1
Anne Hutchinson,"Aller, Susan Bivin",2023-06-01,Florida,1,1
Annihilation,"VanderMeer, Jeff",2022-10-01,Texas,1,1
The Story of the Prodigal Son,"Davidson, Alice Joyce",2023-06-01,Florida,1,1
The Story of the Tower of Babel,"Davidson, Alice Joyce",2023-06-01,Florida,1,1
The Stranger Beside Me,"Rule, Ann",2023-08-01,Maine,1,1
The Street Lawyer,"Grisham, John",2024-05-01,Florida,1,1
The Three Musketeers,"Dumas, Alexandre",2024-06-01,Texas,1,1
The Time Machine,"Wells, H. G.",2025-04-01,Texas,1,1
The Timeline of the Civil War,"Wright, John",2025-02-01,Tennessee,1,1
The Toll,"Shusterman, Neal",2025-02-01,Tennessee,1,1
The Test (Bluford High Series),"Kern, Peggy",2021-12-01,Texas,1,1
The Thief Lord,"Funke, Cornelia",2025-04-01,Texas,1,1
The Third Side: Why We Fight and How We Can Stop,"Ury, William L.",2024-06-01,Florida,1,1
The Thirteenth Tale,"Setterfield, Diane",2023-11-01,Wisconsin,1,1
The Tale of John Barleycorn: Or From Barley to Beer,"Azarian, Mary",2023-12-01,Florida,1,1
The Teen Vogue Handbook: An Insider's Guide to Careers in Fashion,Teen Vogue,2023-08-01,Florida,1,1
The Temple of My Familiar,"Walker, Alice",2023-10-01,Florida,1,1
The Tequila Worm,"Canales, Viola",2025-04-01,Texas,1,1
The Sweetest Story: Bible for Toddlers,"Stortz, Diane",2023-06-01,Florida,1,1
The Sword of Summer,"Riordan, Rick",2024-06-01,Iowa,1,1
The Syndicate,"Combs, Teshelle",2024-06-01,Florida,1,1
The Taking,"Koontz, Dean R.",2024-07-01,Florida,1,1
Animals in Camouflage,"Tildes, Phyllis Limbacher",2024-08-01,Texas,1,1
Animation and Presentation From Scratch: An Augmented Reading Experience,"Ziter, Rachel",2024-08-01,Texas,1,1
The Trouble With Liberty,"Butcher, Kristin",2024-06-01,Florida,1,1
"Angel Sanctuary (Series, Title Not Specified)","Yuki, Kaori",2024-06-01,Texas,1,1
Angelfall,"Ee, Susan",2023-08-01,Florida,1,1
Angels and Demons,"Brown, Dan",2024-06-01,Florida,1,1
Anicent Incas,"Murgan, Michael",2025-02-01,Tennessee,1,1
And I Darken (The Conqueror's Saga Series),"White, Kiersten",2022-02-01,Tennessee,1,1
And Still the Turtle Watched,"MacGill-Callahan, Sheila",2022-01-01,Florida,1,1
And We Stay,"Hubbard, Jenny",2025-03-01,Tennessee,1,1
André Kertész,"Greenough, Sarah",2022-09-01,Missouri,1,1
The Tower of Swallows,"Sapkowski, Andrzej",2024-10-01,Tennessee,1,1
The Tragic Age,"Metcalfe, Stephen",2023-11-01,Wisconsin,1,1
The Transformation,"Newth, Mette",2023-10-01,Florida,1,1
"The Treasure Map of Boys: Noel, Jackson, Finn, Hutch, Gideon -- and Me, Ruby Oliver","Lockhart, E.",2023-08-01,Florida,1,1
The Valiant,"Livingston, Lesley",2023-08-01,Florida,1,1
The Vampire Lestat,"Rice, Anne",2023-10-01,Florida,1,1
The Vanishing Season,"Anderson, Jodi Lynn",2023-08-01,Florida,1,1
The Unbearable Lightness of Being,"Kundera, Milan",2024-06-01,Iowa,1,1
The Undertaking of Lily Chen,"Novgorodoff, Danica",2024-06-01,Missouri,1,1
The Unfinished Life of Addison Stone,"Griffin, Adele",2023-08-01,Florida,1,1
The Usborne Book of Bible Stories,"Amery, Heather",2023-06-01,Florida,1,1
The Tyrant’s Tomb,"Riordan, Rick",2024-06-01,Iowa,1,1
The Ultimate Art Museum,"Gipson, Ferren",2024-08-01,Texas,1,1
The Umbrella Academy: Apocalypse Suite,"Way, Gerard",2024-10-01,Tennessee,1,1
The Umbrella Academy: Hotel Oblivion,"Way, Gerard",2024-10-01,Tennessee,1,1
The True Story of Hansel and Gretel: A Novel of War and Survival,"Murphy, Louise",2024-06-01,Iowa,1,1
The Truth About Rape,"Golden, Robert N.",2023-12-01,Iowa,1,1
The Truth about Keeping Secrets,"Brown, Savannah",2021-12-01,Texas,1,1
The Twelve Tribes of Hattie,"Mathis, Ayana",2024-05-01,Florida,1,1
The War Below,"Skyrpuch, Marsha Forchuk",2023-07-01,Florida,1,1
The War of Two Queens,"Armentrout, Jennifer L.",2025-03-01,Florida,1,1
The Warrior Heir,"Chima, Cinda Williams",2025-06-01,Florida,1,1
The Warrior's Heart : Becoming a Man of Compassion and Courage,"Greitens, Eric",2025-02-01,Tennessee,1,1
"The Walking Dead: A Continuing Story of Survival Horror, Book 2","Kirkman, Robert",2022-09-01,Missouri,1,1
"The Walking Dead: A Continuing Story of Survival Horror, Book 4","Kirkman, Robert",2022-09-01,Missouri,1,1
"The Walking Dead: A Continuing Story of Survival Horror, Book 7","Kirkman, Robert",2022-09-01,Missouri,1,1
"The Walking Dead: A Continuing Story of Survival Horror, Book 9","Kirkman, Robert",2022-09-01,Missouri,1,1
"The Walking Dead, Vol. 2: Miles Behind Us","Kirkman, Robert",2024-06-01,Florida,1,1
"The Walking Dead, Vol. 7: The Calm Before","Kirkman, Robert",2022-09-01,Missouri,1,1
"The Walking Dead: A Continuing Story of Survival Horror, Book 1","Kirkman, Robert",2022-09-01,Missouri,1,1
"The Walking Dead: A Continuing Story of Survival Horror, Book 15","Kirkman, Robert",2022-09-01,Missouri,1,1
The Vincent Brothers (The Vincent Boys Series),"Glines, Abbi",2022-01-01,Texas,1,1
The Visual Dictionary of the Civil War,"Stanchak, John E.",2024-06-01,Texas,1,1
The Wailing Wall,"Fisher, Leonard Everett",2023-06-01,Florida,1,1
"The Wake of the Lorelei Lee: Being An Account of the Further Adventures of Jacky Faber, On Her Way to Botany Bay","Meyer, L.A.",2023-10-01,Florida,1,1
The Way I Used To Be,"Smith, Amber",2023-12-01,Florida,1,1
The Weight of the Stars,"Ancrum, K.",2022-02-01,Tennessee,1,1
"The Whistleblower: Sex Trafficking, Military Contractors, and One Woman's Fight for Justice","Bolkovac, Kathryn",2024-06-01,Florida,1,1
Ancient Egyptian Art and Architecture,"Nardo, Don",2024-08-01,Texas,1,1
Ancient Greece (AP),"Pearson, Anne",2025-02-01,Tennessee,1,1
Ancient Medicine: From Sorcery to Surgery,"Woods, Michael",2024-08-01,Texas,1,1
Ancient World Commanders: From the Trojan War to the Fall of Rome,"Konstam, Angus",2023-08-01,Florida,1,1
An Experiment With an Air Pump,"Stephenson, Shelagh",2024-06-01,Florida,1,1
An Introduction to Drawing: An Artist's Guide to Skills & Techniques,"Hazlewood, Robin",2022-09-01,Missouri,1,1
An Introduction to Watercolor,"Smith, Ray",2022-09-01,Missouri,1,1
Ancient Egypt (AG),"Ganeri, Anita",2025-02-01,Tennessee,1,1
"The Water Dragon's Bride, Vol. 8","Toma, Rei",2023-09-01,Wyoming,1,1
The Watsons Go To Birmingham - 1963,"Curtis, Christopher Paul",2023-07-01,Florida,1,1
An American Plague: The True and Terrifying Story of the Yellow Fever Epidemic of 1793,"Murphy, Jim",2022-10-01,Texas,1,1
An Anonymous Girl,"Hendricks, Greer",2024-06-01,Iowa,1,1
"The World Almanac and Book of Facts, 2018","Janssen, Sarah",2023-08-01,Florida,1,1
The World that Belongs to Us: An Anthology of Queer Poetry from South Asia,"Angiras, Aditi",2024-08-01,Texas,1,1
The Wrath and The Dawn,"Ahdieh, Renée",2023-08-01,Florida,1,1
The Year I Stopped Trying,"Heaney, Katie",2023-10-01,Kentucky,1,1
The Witch's Hand (The Montague Twins),"Page, Nathan",2022-02-01,Tennessee,1,1
The Wolf Man,"Thorne, Ian",2023-03-01,Florida,1,1
The Women of Brewster Place: A Novel in Seven Stories,"Naylor, Gloria",2023-12-01,Florida,1,1
The Words in my Hands,Asphyxia,2023-08-01,Florida,1,1
The Wings of Merlin,"Barron, T. A.",2022-10-01,Texas,1,1
The Wish,"Sparks, Nicholas",2025-03-01,Florida,1,1
The Witch King,"Edgmon, H. E.",2024-08-01,Texas,1,1
The Witch Owl Parliament (Clockwork Curandera Series),"Bowles, David",2022-02-01,Tennessee,1,1
The White Dragon,"McCaffrey, Anne",2023-08-01,Florida,1,1
The Whole Truth,"Baldacci, David",2023-08-01,Florida,1,1
The Wicked and the Just,"Coats, Jillian Anderson",2025-04-01,Texas,1,1
The Wind Blows Backward,"Hahn, Mary Downing",2023-08-01,Florida,1,1
There’s a Girl in My Hammerlock,"Spinelli, Jerry",2023-10-01,Iowa,1,1
These Hollow Vows,"Ryan, Lexi",2023-10-01,Iowa,1,1
These Things I've Done,"Phillips, Rebecca",2025-04-01,Texas,1,1
These Witches Don't Burn,"Sterling, Isabel",2024-06-01,Iowa,1,1
Theodore Roosevelt: Bear of a President,"Olson, Nathan",2025-04-01,Texas,1,1
There Will Come a Darkness,"Pool, Katy Rose",2023-08-01,Florida,1,1
There's No Place Like Home,"Calonita, Jen",2022-10-01,Texas,1,1
The Young World,"Weitz, Chris",2024-06-01,Florida,1,1
The greatest superpower,"Sanchez, Alex",2024-08-01,Texas,1,1
"The legend of Drizzt, Vol. 6: The Halfling's Gem","Dabb, Andrew",2025-02-01,Tennessee,1,1
The short novels of John Steinbeck,"Steinbeck, John",2025-02-01,Tennessee,1,1
The Year My Life Went Down the Toilet,"Arlow, Jake Maia",2024-08-01,Texas,1,1
The Year They Burned the Books,"Garden, Nancy",2021-12-01,Texas,1,1
The Year of the Bomb,"Kidd, Ronald",2024-06-01,Texas,1,1
The Young Elites,"Lu, Marie",2023-08-01,Florida,1,1
Amy,"Hooper, Mary",2025-02-01,Tennessee,1,1
Things Hoped For,"Clements, Andrew",2023-05-01,Texas,1,1
Things That Are,"Clements, Andrew",2024-06-01,Texas,1,1
Things We Hide From the Light,"Score, Lucy",2023-10-01,Iowa,1,1
American Royals,"McGee, Katharine",2023-08-01,Florida,1,1
"American Women Activists' Writings: An Anthology, 1637-2002","Cullen-DuPont, Kathryn",2023-08-01,Georgia,1,1
Among the Betrayed,"Haddix, Margaret Peterson",2024-08-01,Texas,1,1
Among the Imposters,"Haddix, Margaret Peterson",2024-08-01,Texas,1,1
American Dirt,"Cummins, Jeanine",2024-06-01,Iowa,1,1
American Girls,"Umminger, Alison",2024-01-01,Texas,1,1
"American Gods, Vol. 2: My Ainsel","Gaiman, Neil",2022-10-01,Missouri,1,1
American Photography,"Orvell, Miles",2023-08-01,Florida,1,1
Theseus and the Minotaur,"Welvaert, Scott R.",2025-04-01,Tennessee,1,1
They Called Me Red,"Kilbourne, Christina",2021-11-01,Florida,1,1
America's Children,"Wekesser, Carol",2025-02-01,Tennessee,1,1
"This is Our Rainbow: 16 Stories of Her, Him, Them, and Us","Locke, Katherine",2024-08-01,Texas,1,1
This is What it Feels Like,"Barrow, Rebecca",2025-04-01,Texas,1,1
This is all: The Pillow Book of Cordelia Kenn,"Chambers, Aiden",2025-03-01,Florida,1,1
This Is How It Always Is,"Frankel, Laurie",2024-08-01,Texas,1,1
This Place Is Not My Home,"Bermudez, Cyn",2022-01-01,Florida,1,1
This Savage Song,"Schwab, Victoria",2023-11-01,Wisconsin,1,1
This Winter - A Heartstopper Novella,"Oseman, Alice",2024-08-01,Texas,1,1
This is Kind of an Epic Love Story,"Callender, Kacen",2025-04-01,Tennessee,1,1
Thirteen Moons on Turtle's Back: A Native American Year of Moons,"Bruchac, Joseph",2022-01-01,Florida,1,1
Thirty Sunsets,"Deriso, Christine Hurley",2023-08-01,Florida,1,1
This Dark Descent,"Josephson, Kalyn",2024-08-01,Texas,1,1
This Golden Flame,"Victoria, Emily",2022-02-01,Tennessee,1,1
Things We Never Got Over,"Score, Lucy",2023-10-01,Iowa,1,1
Things in Jars,"Kidd, Jess",2023-08-01,Florida,1,1
"Thirst No. 1: Human Urges, Fatal Consequences","Pike, Christopher",2023-12-01,Florida,1,1
Thirst No. 4: The Shadow of Death,"Pike, Christopher",2023-12-01,Florida,1,1
Amelia Anne Is Dead and Gone,"Rosenfield, Kat",2024-06-01,Florida,1,1
Amelia Westlake Was Never Here,"Gough, Erin",2022-02-01,Tennessee,1,1
Three Keys,"Yang, Kelly",2023-11-01,Florida,1,1
Three Little Words: A Memoir,"Rhodes-Courter, Ashley",2021-12-01,Indiana,1,1
Amari and the Night Brothers,"B.B., Alston",2024-08-01,Texas,1,1
Amazon Basin: Vanishing Cultures,"Reynolds, Jan",2023-08-01,Florida,1,1
Amber and Dusk,"Selene, Lyra",2023-08-01,Florida,1,1
Amedeo Modigliani 1884-1920: The Poetry of Seeing,"Krystof, Doris",2025-04-01,Tennessee,1,1
Also Known As,"Benway, Robin",2023-08-01,Florida,1,1
Always Forever Maybe,"Rissi, Anica Mrose",2024-08-01,Texas,1,1
Amanecer,"Meyer, Stephanie",2024-08-01,Texas,1,1
Those That Wake,"Karp, Jesse",2022-10-01,Texas,1,1
Almost American Girl,"Ha, Robin",2023-05-01,New Jersey,1,1
Along Came A Spider,"Patterson, James",2023-10-01,Florida,1,1
All the Tides of Fate,"Grace, Adalyn",2023-10-01,Iowa,1,1
All-Action Classics No. 3: The Odyssey,Homer,2022-09-01,Missouri,1,1
Allies,"Gratz, Alan",2023-07-01,Florida,1,1
Timescape,"Liparulo, Robert",2022-10-01,Texas,1,1
Tinisima,"Poniatowska, Elena",2023-12-01,Florida,1,1
All the Birds in the Sky,"Anders, Charlie Jane",2023-11-01,Wisconsin,1,1
Thunderhead,"Shusterman, Neal",2024-06-01,Texas,1,1
Tick Tock,"Patterson, James",2024-06-01,Florida,1,1
Tiger's Destiny,"Houck, Colleen",2023-03-01,Texas,1,1
Time to Pray,"Addasi, Maha",2022-01-01,Florida,1,1
Three Wishes,"Moriarty, Liane",2023-03-01,Texas,1,1
Through Indian Eyes: The Untold Story of Native American Peoples,Reader's Digest,2025-02-01,Tennessee,1,1
Through the Ever Night,"Rossi, Veronica",2023-10-01,Iowa,1,1
Thunder Boy Jr.,"Alexie, Sherman",2022-01-01,Florida,1,1
Tornado Warning: A Memoir of Teen Dating Violence and Its Effect on a Women's Life,"Waldal, Elin Stebbins",2023-08-01,Georgia,1,1
Totem Tale,"Vanasse, Deb",2022-01-01,Florida,1,1
Touching Darkness,"Westerfeld, Scott",2023-08-01,Florida,1,1
Towards Genocide,"Downing, David",2025-02-01,Tennessee,1,1
Top 10 Worst Creepy Egyptians Mummies You Wouldn't Want to Meet,"Stewart, David",2025-02-01,Tennessee,1,1
Top 10 Worst Things About Ancient Rome You Wouldn't Want to Know!,"England, Victoria",2025-02-01,Tennessee,1,1
Torment,"Kate, Lauren",2023-08-01,Florida,1,1
To Every Thing There is a Season: Verses from Ecclesiastes,"Dillon, Diane",2023-06-01,Florida,1,1
Tobacco: The Real Story,"Stronck, David R.",2025-02-01,Tennessee,1,1
Tokyo Heist,"Renn, Diana",2023-08-01,Florida,1,1
Tomboy: una chica ruda,"Prince, Liz",2024-08-01,Texas,1,1
Tips on Having a Gay (Ex) Boyfriend,"Jones, Carrie",2023-08-01,Florida,1,1
Titans and Olympians: Greek and Roman Myth,"Allan, Tony",2023-08-01,Florida,1,1
"Tiziano Vecaellio, known as Titian","Kaminski, Marion",2025-04-01,Tennessee,1,1
To Be a Slave,"Lester, Julius",2024-08-01,Florida,1,1
Troubadour,"Hoffman, Mary",2025-02-01,Tennessee,1,1
Troublemakers,"Barter, Catherine",2023-10-01,Kentucky,1,1
Truancy City,"Fukui, Isdamu",2024-06-01,Iowa,1,1
Truce,"Murphy, Jim",2025-02-01,Tennessee,1,1
"Trickster: Native American Tales, A Graphic Collection","Dembicki, Matt",2023-08-01,Florida,1,1
Tristan Strong Punches a Hole in the Sky,"Mbalia, Kwame",2025-04-01,Texas,1,1
Triumph of the hero: Greek and Roman Myth,"Allan, Tony",2023-08-01,Florida,1,1
Transgender People (RE),"Espejo, Roman",2024-08-01,Texas,1,1
"Treasury of Greek Mythology: Classic Stories of Gods, Goddesses, Heroes and Monsters","Napoli, Donna Jo",2025-04-01,Tennessee,1,1
Tremor,"Carman, Patrick",2023-08-01,Florida,1,1
Trevor: A Novella,"Lecesne, James",2024-08-01,Texas,1,1
Trace,"Cornwell, Patricia",2024-06-01,Florida,1,1
Trails to the Far West: Beyond the Mississippi,"Pelta, Kathy",2025-02-01,Tennessee,1,1
Transgender Activists and Celebrities,The New York Times Editorial Staff,2023-06-01,Florida,1,1
True Believer (VEW),"Wolff, Virginia Euwer",2025-02-01,Tennessee,1,1
True Notebooks: A Writer's Year at Juvenile Hall,"Salzman, Mark",2023-02-01,Pennsylvania,1,1
Truly Devious,"Johnson, Maureen",2023-12-01,Florida,1,1
Truthwitch,"Dennard, Susan",2023-08-01,Florida,1,1
All Out: The No-Longer-Secret Stories of Queer Teens Throughout the Ages,"Mitchell, Saundra",2022-10-01,Texas,1,1
All Quiet on the Western Front,"Remarque, Erich Maria",2024-08-01,Georgia,1,1
All Summer Long,"Larson, Hope",2023-07-01,Florida,1,1
All That's Left in the World,"Brown, Erik J.",2023-10-01,Kentucky,1,1
All Eyes On Us,"Frick, Kit",2024-08-01,Texas,1,1
All In,"Barnes, Jennifer Lynn",2024-08-01,Texas,1,1
All Kinds of Other,"Sie, James",2024-08-01,Texas,1,1
All My Rage,"Tahir, Sabaa",2023-12-01,Florida,1,1
True Believer,"Sparks, Nicholas",2024-06-01,Florida,1,1
Alichino,"Shurei, Kouyu",2023-12-01,Florida,1,1
"Alison, Who Went Away","Vande Velde, Vivian",2021-12-01,Texas,1,1
All Around Us,"Gonzalez, Xelena",2022-01-01,Florida,1,1
Ultimate Body-Pedia: An Amazing Inside-Out Tour of the Human Body,"Wilsdon, Christina",2023-08-01,Florida,1,1
Ultraviolet,"Anderson, R. J.",2023-08-01,Florida,1,1
UnDivided,"Shusterman, Neal",2023-11-01,Wisconsin,1,1
UnWholly,"Shusterman, Neal",2023-11-01,Wisconsin,1,1
Two More Days: An Anthology,"Hoover, Colleen",2023-10-01,Iowa,1,1
Two for the Dough,"Evanovich, Janet",2024-06-01,Iowa,1,1
Uelsmann Untitled: A Retrospective,"Uelsmann, Jerry",2025-04-01,Tennessee,1,1
Ugly Truths,"Blessing, Blake",2023-10-01,Iowa,1,1
Twisted (SS),"Shepard, Sara",2023-08-01,Florida,1,1
Two By Two,"Sparks, Nicholas",2025-03-01,Florida,1,1
Two Degrees,"Gratz, Alan",2023-01-01,Pennsylvania,1,1
Tumbling (CC),"Carter, Caela",2025-04-01,Texas,1,1
Turkish Delight,"Wolkers, Jan",2023-12-01,Florida,1,1
Tweet Cute,"Lord, Emma",2023-11-01,Wisconsin,1,1
Twilight Eyes,"Koontz, Dean R.",2023-12-01,Florida,1,1
Alias Grace,"Atwood, Margaret",2024-06-01,Florida,1,1
Alice in the Country of Hearts,QuinRose,2023-02-01,Pennsylvania,1,1
Under the Egg,"Fitzgerald, Laura Marx",2023-08-01,Florida,1,1
Under the Lights (The Field Party Series),"Glines, Abbi",2022-01-01,Texas,1,1
"Alas, Babylon","Frank, Pat",2023-10-01,Florida,1,1
Alcohol: The Real Story,"Stronck, David R.",2025-02-01,Tennessee,1,1
Alex,"Aguilar Zeleny, Sylvia",2024-08-01,Texas,1,1
Alex and Eliza,"de la Cruz, Melissa",2023-10-01,Florida,1,1
"AirGear (Series, Title Not Specified)","Yukon, Makoto",2024-10-01,Tennessee,1,1
"Ajin: Demi-Human (Series, Title Not Specified)","Sakurai, Gamon",2025-06-01,Texas,1,1
Al Capone,"Meralli, Swann",2025-04-01,Tennessee,1,1
Alan Cole Is Not a Coward,"Bell, Eric",2021-12-01,Texas,1,1
Unbecoming: A Memoir of Disobedience,"Bhagwati, Anuradha",2022-12-01,Texas,1,1
Uncle Jed's Barber Shop,"Mitchell, Margaree King",2022-01-01,Florida,1,1
Against the Tide,"Sutherland, Tui",2025-04-01,Florida,1,1
Air,"Gattis, Ryan",2023-08-01,Florida,1,1
Up country : a novel,"DeMille, Nelson",2023-08-01,Florida,1,1
Urinary Tract Infections,"West, Krista",2023-10-01,Iowa,1,1
Valediction,"Parker, Robert B.",2023-08-01,Florida,1,1
Unraveled,"Albin, Gennifer",2023-08-01,Florida,1,1
Unstoppable: How Jim Thorpe and the Carlisle Indian School Football Team Defeated Army (Encounter: Narrative Nonfiction Picture Books Series),"Coulson, Art",2022-01-01,Florida,1,1
Until Friday Night (The Field Party Series),"Glines, Abbi",2022-01-01,Texas,1,1
Until the End (Sea Breeze Series),"Glines, Abbi",2022-01-01,Texas,1,1
Undone,"Clarke, Cat",2024-08-01,Texas,1,1
Unhinged,"Howard, A. G.",2023-08-01,Florida,1,1
Unleaving,"Ostrom, Melissa",2024-06-01,Texas,1,1
Unravel the Dusk,"Lim, Elizabeth",2023-08-01,Florida,1,1
Underneath It All: A History of Women's Underwear,"Keyser, Amber J.",2021-12-01,Texas,1,1
Understanding Reproductive Health,"Ford, Jeanne Marie",2025-05-01,Texas,1,1
Understanding Sexuality,"World Book, Inc.",2022-03-01,Texas,1,1
Aftermath and Remembrance,"Downing, David",2025-02-01,Tennessee,1,1
"Vampire, Interrupted","Sands, Lynsay",2024-06-01,Florida,1,1
Van Gogh,"Bowen, Richard A.",2025-02-01,Tennessee,1,1
"Van Von Hunter (Series, Title Not Specified)","Schwark, Mike",2025-05-01,Texas,1,1
African Journey,"Chiasson, John",2023-08-01,Florida,1,1
After We Collided (After Series),"Todd, Anna",2022-01-01,Georgia,1,1
After the Game (The Field Party Series),"Glines, Abbi",2022-01-01,Texas,1,1
Aftercare Instructions,"Pipkin, Bonnie",2024-08-01,Texas,1,1
Adrift,"Guerrero, Tanya",2024-08-01,Florida,1,1
Adventures with Waffles,"Parr, Maria",2024-06-01,Florida,1,1
Africa,"Ayo, Yvonne",2025-02-01,Tennessee,1,1
African Art: An Introduction,"Willett, Frank",2022-09-01,Missouri,1,1
Valiant Ladies,"Grey, Melissa",2024-01-01,Virginia,1,1
Vampirates: Tide of Terror,"Somper, Justin",2025-02-01,Tennessee,1,1
Adam and Eve and the Garden of Eden,"Ray, Jane",2023-06-01,Florida,1,1
Violet and Daisy: The Story of Vaudeville's Famous Conjoined Twins,"Miller, Sarah",2022-09-01,Missouri,1,1
Violets are Blue (BD),"Dee, Barbara",2023-12-01,Florida,1,1
Virtually Yours,"Tash, Sarvenaz",2024-06-01,Texas,1,1
Vision in White,"Roberts, Nora",2023-03-01,Florida,1,1
Vincent van Gogh: The Complete Paintings,"Metzger, Rainer",2025-04-01,Tennessee,1,1
"Violence Against Women (Title only, no further information)",No Further Information Available,2025-02-01,Tennessee,1,1
"Violence in Our Schools: Halls of Hope, Halls of Fear","Orr, Tamra B.",2025-02-01,Tennessee,1,1
Violence: Opposing Viewpoints,"Egendorf, Laura K.",2025-02-01,Tennessee,1,1
Vicious,"Shepard, Sara",2023-08-01,Florida,1,1
Victories Greater Than Death,"Anders, Charlie Jane",2024-08-01,Texas,1,1
Vietnam,Discovery Channel,2025-02-01,Tennessee,1,1
Villa Incognito,"Robbins, Tom",2023-08-01,Florida,1,1
Vanished: Books One & Two: When Lightning Strikes; Code Name Cassandra,"Cabot, Meg",2025-04-01,Florida,1,1
Vanity Fair,"Thackeray, William Makepeace",2023-11-01,Wisconsin,1,1
Vermeer: The Astronomer,"Zeri, Federico",2022-09-01,Missouri,1,1
Vessel (SBD),"Durst, Sarah Beth",2023-02-01,Pennsylvania,1,1
Above and Beyond,"Brown, Sandra",2023-12-01,Florida,1,1
Absolute Brightness,"Lecesne, Celeste",2021-12-01,Texas,1,1
Acceptance (EN),"Nietfeld, Emi",2024-06-01,Iowa,1,1
Aaliyah: More Than a Woman,"Farley, Christopher John",2023-08-01,Florida,1,1
"Aaron Slater, Illustrator","Beaty, Andrea",2023-10-01,Kentucky,1,1
Abortion (Opposing Viewpoints Series),"Torr, James D.",2021-11-01,Texas,1,1
Abortion: A Documentary and Reference Guide,"Rose, Melody",2021-12-01,Texas,1,1
A Work of Art,"Maysonet, Melody",2024-10-01,Tennessee,1,1
A Year Down Yonder,"Peck, Richard",2023-08-01,Florida,1,1
A Year and a Day,"Pietrzyk, Leslie",2023-12-01,Florida,1,1
Vortex: An Insignia Novel,"Kincaid, S. J.",2023-08-01,Florida,1,1
Wacky Wednesday,Dr. Seuss,2024-10-01,Tennessee,1,1
Waiting to Exhale,"McMillan, Terry",2023-10-01,Florida,1,1
Walk the Edge,"McGarry, Katie",2024-10-01,Tennessee,1,1
We Are All Completely Beside Ourselves,"Fowler, Karen Joy",2023-08-01,Florida,1,1
We Are All Made of Molecules,"Nielsen, Susin",2023-12-01,Florida,1,1
We Are Here to Stay: Voices of Undocumented Young Adults,"Kuklin, Susan",2023-06-01,Florida,1,1
We Are Not Free,"Chee, Traci",2024-06-01,Florida,1,1
Water Dancer,"Levin, Jenifer",2023-08-01,Florida,1,1
Watercolor: The Complete Course,"Smith, Stan",2023-08-01,Florida,1,1
Wayward Son (Simon Snow Series),"Rowell, Rainbow",2022-02-01,Tennessee,1,1
We All Looked Up,"Wallach, Tommy",2023-12-01,Florida,1,1
"Washington, D.C","Kent, Deborah",2025-05-01,Texas,1,1
Watch Us Rise,"Watson, Renee",2023-09-01,Florida,1,1
Watch the Skies,"Patterson, James",2024-06-01,Texas,1,1
Watchers,"Koontz, Dean R.",2023-08-01,Florida,1,1
"Wandering Son, Vol. 2","Shimura, Takako",2024-08-01,Texas,1,1
"Wandering Son, Vol. 4","Shimura, Takako",2024-08-01,Texas,1,1
Wanderlust: A Beautiful Americans Novel (LS),"Silag, Lucy",2024-06-01,Florida,1,1
War Inside Me,"Nicholas, Sydney",2023-08-01,Florida,1,1
A Want So Wicked,"Young, Suzanne",2023-08-01,Florida,1,1
A Widow for One Year,"Irving, John",2024-06-01,Florida,1,1
A Work in Progress,"Franta, Connor",2024-06-01,Iowa,1,1
We Were There Too! Young People in US History,"Hoose, Phillip M.",2025-02-01,Tennessee,1,1
A Taste for Love,"Yen, Jennifer",2024-06-01,Florida,1,1
A Thousand Country Roads: An Epilogue to The Bridges of Madison County,"Waller, Robert James",2023-12-01,Florida,1,1
A Tour of Your Digestive System,"Kolpin, Molly",2024-08-01,Texas,1,1
A Visit from the Goon Squad,"Egan, Jennifer",2024-06-01,Iowa,1,1
A Story of Medicine in 50 Discoveries: From Mummies to Gene Splicing,"Vigliani, Marguerite",2025-04-01,Tennessee,1,1
"A Stylistic Analysis of Selected Stories in Achebe's ""Girls At War And Other Stories"": A Comparative Study","Dike, Chidinma",2024-06-01,Florida,1,1
A Tale of Magic,"Colfer, Chris",2024-06-01,Iowa,1,1
A Tale of Two Cities,"Dickens, Charles",2023-08-01,Florida,1,1
"We Rise, We Resist, We Raise our Voices","Hudson, Wade",2023-06-01,Florida,1,1
"We Stand on Guard (Series, Title Not Specified)","Vaughan, Brian K.",2024-10-01,Tennessee,1,1
We Used to Be Friends,"Spalding, Amy",2022-02-01,Tennessee,1,1
A Storm Called Katrina,"Uhlberg, Myron",2022-01-01,Florida,1,1
Were I Not a Girl: The Inspiring and True Story of Dr. James Barry,"Robinson, Lisa",2022-01-01,Florida,1,1
Whaam!: The Art and Life of Roy Lichtenstein,"Rubin, Susan Goldman",2025-05-01,Texas,1,1
What Are Your Words: A Book About Pronouns,"Locke, Katherine",2024-08-01,Texas,1,1
A Secret Splendor,"Brown, Sandra",2023-12-01,Florida,1,1
A Sense of the Infinite,"Smith, Hilary T.",2022-10-01,Texas,1,1
"A Silent Voice (Series, Title Not Specified)","Ōima, Yoshitoki",2024-06-01,Texas,1,1
A Song Below Water,"Morrow, Bethany C.",2023-06-01,Florida,1,1
"Well, That Was Awkward","Vail, Rachel",2024-06-01,Iowa,1,1
A Queer History of the United States,"Bronski, Michael",2023-10-01,Iowa,1,1
A Rational Explanation,"Youngblood, Tiffany",2022-09-01,Texas,1,1
A River of Royal Blood,"Joy, Amanda",2023-08-01,Florida,1,1
We the Living,"Rand, Ayn",2023-08-01,Florida,1,1
We the Students: Supreme Court Cases for and about Students,"Raskin, Jamin B.",2021-12-01,Texas,1,1
Webster's Dictionary and Thesaurus for Students,Editors of Merriam-Webster,2023-08-01,Florida,1,1
Weetzie Bat,"Block, Francesca Lia",2023-08-01,Florida,1,1
What We Left Behind,"Talley, Robin",2024-08-01,Texas,1,1
What is Sexual Harrassment,"Swisher, Karin",2023-08-01,Florida,1,1
What Momma Left Me,"Watson, Renée",2023-08-01,Florida,1,1
What My Girlfriend Doesn't Know,"Sones, Sonya",2024-06-01,Iowa,1,1
What Philosophy Can Do,"Gutting, Gary",2021-12-01,Texas,1,1
What Unbreakable Looks Like,"McLaughlin, Kate",2024-06-01,Texas,1,1
What If Someone I Know is Gay? Answers to Questions About What It Means to be Gay and Lesbian?,"Marcus, Eric",2024-08-01,Pennsylvania,1,1
What Is Black Lives Matter? (What was...? Series),"Wilson, Lakita",2021-11-01,Florida,1,1
"What Life Was Like at the Dawn of Democracy: Classical Athens, 525-322 BC",Time-Life Books,2025-04-01,Tennessee,1,1
What Can't Wait,"Pérez, Ashley Hope",2023-11-01,Wisconsin,1,1
What Drowns the Flowers in Your Mouth: A Memoir of Brotherhood,"González, Rigoberto",2022-02-01,Tennessee,1,1
What Goes Around (SD),"Diamond, Susan",2024-06-01,Florida,1,1
What Happens When You Grow?,"Richardson, Joy",2025-02-01,Tennessee,1,1
A Need So Beautiful,"Young, Suzanne",2023-08-01,Florida,1,1
A Pair of Socks,"Murphy, Stuart J.",2024-08-01,Texas,1,1
A Picture Book of Anne Frank,"Adler, David A.",2023-07-01,Florida,1,1
A Portrait of the Artist as a Young Man,"Joyce, James",2023-08-01,Florida,1,1
A Midsummer Tights Dream,"Rennison, Louise",2024-08-01,Texas,1,1
A Million Shades of Gray,"Kadohata, Cynthia",2022-10-01,Texas,1,1
A Million to One,"Jaigirdar, Adiba",2024-08-01,Texas,1,1
"A Mouth is Always Muzzled: Six Dissidents, Five Continents, and the Art of Resistance","Hopkinson, Natalie",2024-08-01,Texas,1,1
"A Mad, Wicked Folly","Biggs Waller, Sharon",2024-08-01,Texas,1,1
A Man in Full,"Wolfe, Tom",2023-12-01,Florida,1,1
A Map to the Sun,"Leong, Sloane",2022-09-01,Missouri,1,1
A Measure of Darkness,"Kellerman, Jonathan",2024-06-01,Florida,1,1
What was the Wild West,"Pascal, Janet B.",2023-09-01,Florida,1,1
What's Your Pronoun? Beyond He and She,"Baron, Dennis E.",2024-08-01,Texas,1,1
When Angels Sing: The Story of Rock Legend Carlos Santana,"Mahin, Michael James",2022-01-01,Florida,1,1
When Dinosaurs Walked,"Chaikin, Andrew",2024-06-01,Texas,1,1
White Oleander,"Fitch, Janet",2024-06-01,Florida,1,1
Who Am I Without Him?: A Short Story Collection about Girls and Boys in Their Lives,"Flake, Sharon G.",2021-11-01,Florida,1,1
Where the Lockwood Grows,"Cole, Olivia A.",2024-08-01,Texas,1,1
"Where'd You Go, Bernadette?","Semple, Maria",2023-11-01,Wisconsin,1,1
Whispers at Midnight,"Roberts, Peggy",2024-06-01,Florida,1,1
White Cat,"Black, Holly",2023-08-01,Florida,1,1
When Wilma Rudolph Played Basketball,"Weakland, Mark",2022-09-01,Florida,1,1
When You're Ready: Coming Out,"Lacaze, Katherine",2024-08-01,Texas,1,1
When the Rainbow Goddess Wept,"Brainard, Cecilia Manguerra",2023-08-01,Florida,1,1
When Kambia Elain Flew in from Neptune,"Williams, Lori Aurelia",2023-10-01,Florida,1,1
When She Hollers,"Voigt, Cynthia",2023-08-01,Florida,1,1
When Spring Comes to the DMZ,"Lee, Uk-Bae",2022-01-01,Florida,1,1
When Villians Rise,"Schaeffer, Rebecca",2024-10-01,Tennessee,1,1
Who Killed These Girls?: The Unsolved Murders That Rocked a Texas Town,"Lowry, Beverly",2023-08-01,Florida,1,1
Who Put This Song On?,"Parker, Morgan",2023-08-01,Florida,1,1
A Killing Frost,"Marsden, John",2023-08-01,Florida,1,1
A Landing on the Sun,"Frayn, Michael",2024-06-01,Florida,1,1
A Long Pitch Home,"Lorenzi, Natalie Dias",2022-01-01,Florida,1,1
A Long Walk to Water: Based on a True Story,"Park, Linda Sue",2024-06-01,Iowa,1,1
A Handful of Stars,"Lord, Cynthia",2022-01-01,Florida,1,1
A Hero's Guide to Warriors,"Murrell, Deborah",2025-02-01,Tennessee,1,1
A History of Western Art: From Prehistory to the 20th Century,"Mason, Antony",2024-08-01,Texas,1,1
Who Is Dolly Parton?,"Kelley, True",2023-07-01,Florida,1,1
A Girl Named Zippy,"Kimmel, Haven",2023-11-01,Wisconsin,1,1
Wicked Lovely,"Marr, Melissa",2023-08-01,Florida,1,1
Wide Sargasso Sea,"Rhys, Jean",2023-12-01,Florida,1,1
Wild Girls,"Atwell, Mary Stewart",2024-11-01,Texas,1,1
Who is RuPaul?,"Medina, Nico",2024-06-01,Iowa,1,1
Whose Bible Is It?: A History of the Scriptures,"Pelikan, Jaroslav Jan",2025-02-01,Tennessee,1,1
Why Waco?: Cults and the Battle for Religious Freedom in America,"Tabor, James D.",2025-02-01,Tennessee,1,1
Wicked Fox,"Cho, Kat",2025-04-01,Florida,1,1
Who Was Maya Angelou?,"Labrecque, Ellen",2023-08-01,Florida,1,1
Who Was Dr. Seuss?,"Pascal, Janet B.",2023-07-01,Florida,1,1
Winter's Heart,"Jordan, Robert",2023-08-01,Florida,1,1
Wise Young Fool,"Beaudoin, Sean",2023-12-01,Florida,1,1
Witches,"Kallen, Stuart",2025-02-01,Tennessee,1,1
Witches of Ash & Ruin,"Latimer, E.",2024-08-01,Texas,1,1
A Dog Named Haku: A Holiday Story from Nepal,"Engle, Margarita",2022-01-01,Florida,1,1
A Family of Poems: My Favorite Poetry for Children,"Kennedy, Caroline",2023-06-01,Florida,1,1
A Game of Fox and Squirrels,"Reese, Jenn",2024-06-01,Iowa,1,1
A Gathering of Old Men,"Gaines, Ernest J.",2023-10-01,Florida,1,1
Wings of Shadow (Crown of Feathers Series),"Pau Preto, Nicki",2022-02-01,Tennessee,1,1
Winter,"Meyer, Marissa",2023-08-01,Florida,1,1
A Court of Wings and Ruin (A Court of Thorns and Roses Series),"Maas, Sarah J.",2022-05-01,Florida,1,1
"A Devil and Her Love Song (Series, Title Not Specified)","Tōmori, Miyoshi",2024-08-01,Texas,1,1
Wildcard,"Lu, Marie",2023-08-01,Florida,1,1
Will You Always Love Me? And Other Stories,"Oates, Joyce Carol",2023-10-01,Florida,1,1
Wilma's Way Home: The Life of Wilma Mankiller,"Rappaport, Doreen",2022-01-01,Florida,1,1
Wings (JG),"Gonzalez, Julie",2023-08-01,Florida,1,1
A Child's First Bible,"Stoddard, Sandol",2023-06-01,Florida,1,1
"A Clockwork Orange: Authoritative Text, Backgrounds and Contexts Criticism","Burgess, Anthony",2025-06-01,Florida,1,1
Women's Issues in Margaret Atwood's The Handmaid's Tale,"Nelson, David E.",2025-05-01,Texas,1,1
Wonnie,"Aguilar Zeleny, Sylvia",2024-08-01,Texas,1,1
A Blind Spot for Boys,"Chen, Justina",2024-08-01,Texas,1,1
A Brief History of Manga,"McCarthy, Helen",2022-09-01,Missouri,1,1
Women,"Leibovitz, Annie",2022-10-01,Missouri,1,1
96 Words For Love,"Roy, Rachel",2023-08-01,Florida,1,1
A Baby Doesn't Make the Man: Alternative Sources of Power and Manhood for Young Men,"Jamiolkowski, Raymond",2022-10-01,Texas,1,1
A Bad Kitty Christmas,"Bruel, Nick",2023-09-01,Florida,1,1
Witchlight,"Zabarsky, Jessi",2022-02-01,Tennessee,1,1
With the Enemy,"Gray, Eva",2023-12-01,Florida,1,1
Wolf Hollow,"Wolk, Lauren",2025-05-01,Florida,1,1
Woman World,"Dhaliwal, Aminder",2022-09-01,Missouri,1,1
X-Men: Age of X,"Carey, Mike",2022-09-01,Missouri,1,1
Xenocide,"Card, Orson Scott",2024-06-01,Florida,1,1
Yang the Youngest and his Terrible Ear (The Yang Family Series),"Namioka, Lensey",2022-01-01,Florida,1,1
Wraith,"Hill, Joe",2022-09-01,Missouri,1,1
Writing and Illustrating the Graphic Novel: Everything You Need to Know to Create Great Graphic Works,"Chinn, Mike",2022-09-01,Missouri,1,1
Written in Bone: Buried Lives of Jamestown and Colonial Maryland,"Walker, Sally M.",2022-10-01,Texas,1,1
Wrong About the Guy,"LaZebnik, Claire",2024-06-01,Florida,1,1
Words of (Questionable) Wisdom from Lydia Goldblatt and Julie Graham-Chang,"Ignatow, Amy",2023-09-01,Florida,1,1
World Art,"Bean, Rachel",2025-05-01,Texas,1,1
World War II,"Hamen, Susan E.",2025-02-01,Tennessee,1,1
Worth Dying For,"Child, Lee",2023-08-01,Florida,1,1
yolo (Internet Girls Series),"Myracle, Lauren",2021-12-01,Wisconsin,1,1
Your Rights as an LGBTQ+ Teen,"Penne, Barbra",2022-02-01,Tennessee,1,1
You Wouldn't Want to be a Slave in Greece!: A Life You'd Rather Not Have,"Macdonald, Fiona",2025-02-01,Tennessee,1,1
You'd Be Home Now,"Glasgow, Kathleen",2023-08-01,Florida,1,1
You're So Dead,"Parsons, Ash",2024-08-01,Texas,1,1
#MurderFunding,"McNeil, Gretchen",2023-10-01,Iowa,1,1
You Hear Me? Poems and Writing by Teenage Boys,"Franco, Betsy",2023-12-01,Florida,1,1
You Killed Wesley Payne,"Beaudoin, Sean",2022-09-01,Texas,1,1
You Must Not Miss,"Leno, Katrina",2023-08-01,Florida,1,1
50 Paintings You Should Know,"Lowis, Kristina",2022-09-01,Missouri,1,1
50 Women Artists You Should Know,"Weidemann, Christiane",2022-09-01,Missouri,1,1
8 Tiny Reindeer: An Advent Calendar Adventure,"Tinkler, Robert",2024-08-01,Texas,1,1
"You Be You!: A Kid's Guide to Gender, Sexuality, and Family","Branfman, Jonathan",2024-08-01,Texas,1,1
Good Trouble: Lessons from the Civil Rights Playbook,"Noxon, Christopher",2021-10-01,Virginia,1,1
Goodbye Stranger,"Stead, Rebecca",2023-10-01,Florida,1,1
"Gorilla, My Love","Bambara, Toni",2023-08-01,Florida,1,1
Gossip Girl: A Novel by Cecily von Ziegesar (Gossip Girl Series),"von Ziegesar, Cecily",2021-11-01,Florida,1,1
"Good Girl, Bad Blood","Jackson, Holly",2023-08-01,Florida,1,1
Good Girls,"Ruby, Laura",2023-08-01,Florida,1,1
"Good Morning, Mr. Mandela","la Grange, Zelda",2024-06-01,Florida,1,1
Good Talk: A Memoir in Conversations,"Jacob, Mira",2022-09-01,Missouri,1,1
Zia Erases the World,"Barton, Bree",2025-04-01,Florida,1,1
Zoo,"Patterson, James",2024-04-01,Florida,1,1
#MurderTrending (MurderTrending Series),"McNeil, Gretchen",2021-11-01,Kansas,1,1
Goliath Beetles,"Hansen, Grace",2024-11-01,Texas,1,1
"Youth Ministry 3.0: A Manifesto of Where We've Been, Where We Are, and Where We Need to Go","Oestreicher, Mark",2025-05-01,Texas,1,1
Zen Shorts,"Muth, Jon J.",2023-06-01,Florida,1,1
Zen and the Art of Faking It,"Sonnenblick, Jordan",2024-06-01,Texas,1,1
Zeus (BAH),"Hoena, B. A.",2025-04-01,Tennessee,1,1
