2026-01-30 13:57:21,921 - ERROR - Invalid date format for Chicken Soup for the Teenage Soul II: More Stories of Life, Love and Learning: February 2025
2026-01-30 14:03:10,121 - ERROR - Invalid date format for Liberation: Teens in the Concentration Camps and the Teen Soldiers Who Liberated Them: February 2025
2026-01-30 14:05:04,218 - ERROR - Invalid date format for Liberation: Teens in the Concentration Camps and the Teen Soldiers Who Liberated Them: February 2025
2026-01-30 14:12:33,708 - WARNING - Attempt 1 failed for Filippo Lippi: cannot access local variable 'after_values' where it is not associated with a value. Retrying...
2026-01-30 14:13:07,744 - WARNING - Attempt 2 failed for Filippo Lippi: cannot access local variable 'after_values' where it is not associated with a value. Retrying...
2026-01-30 14:13:41,523 - ERROR - All attempts failed for Filippo Lippi: cannot access local variable 'after_values' where it is not associated with a value
2026-01-30 14:13:56,003 - INFO - Successfully collected data for: The Mist
2026-01-30 14:14:10,093 - WARNING - Attempt 1 failed for Last Night at the Telegraph Club: cannot access local variable 'before_values' where it is not associated with a value. Retrying...
2026-01-30 14:14:43,712 - WARNING - Attempt 2 failed for Last Night at the Telegraph Club: cannot access local variable 'before_values' where it is not associated with a value. Retrying...
2026-01-30 14:15:17,694 - ERROR - All attempts failed for Last Night at the Telegraph Club: cannot access local variable 'before_values' where it is not associated with a value
2026-01-30 14:15:31,825 - WARNING - Attempt 1 failed for Wonders of the Invisible World: cannot access local variable 'before_values' where it is not associated with a value. Retrying...
2026-01-30 14:16:05,624 - WARNING - Attempt 2 failed for Wonders of the Invisible World: cannot access local variable 'before_values' where it is not associated with a value. Retrying...
2026-01-30 14:16:39,017 - ERROR - All attempts failed for Wonders of the Invisible World: cannot access local variable 'before_values' where it is not associated with a value
2026-01-30 14:16:52,629 - WARNING - Attempt 1 failed for Dragon Ball, Vol. 5: cannot access local variable 'before_values' where it is not associated with a value. Retrying...
2026-01-30 14:17:25,860 - WARNING - Attempt 2 failed for Dragon Ball, Vol. 5: cannot access local variable 'before_values' where it is not associated with a value. Retrying...
2026-01-30 14:17:59,146 - ERROR - All attempts failed for Dragon Ball, Vol. 5: cannot access local variable 'before_values' where it is not associated with a value
2026-01-30 14:18:13,126 - WARNING - Attempt 1 failed for The End and Other Beginnings: Stories from the Future: cannot access local variable 'before_values' where it is not associated with a value. Retrying...
2026-01-30 14:18:46,432 - WARNING - Attempt 2 failed for The End and Other Beginnings: Stories from the Future: cannot access local variable 'before_values' where it is not associated with a value. Retrying...
2026-01-30 14:19:19,659 - ERROR - All attempts failed for The End and Other Beginnings: Stories from the Future: cannot access local variable 'before_values' where it is not associated with a value
2026-01-30 14:19:34,211 - INFO - Successfully collected data for: Echo After Echo
2026-01-30 14:19:47,944 - INFO - Successfully collected data for: Song of Solomon
2026-01-30 14:20:01,444 - WARNING - Attempt 1 failed for Winterkeep: cannot access local variable 'before_values' where it is not associated with a value. Retrying...
2026-01-30 14:20:34,784 - WARNING - Attempt 2 failed for Winterkeep: cannot access local variable 'before_values' where it is not associated with a value. Retrying...
2026-01-30 14:21:08,035 - ERROR - All attempts failed for Winterkeep: cannot access local variable 'before_values' where it is not associated with a value
2026-01-30 14:21:21,935 - INFO - Successfully collected data for: Slaughterhouse-Five
2026-01-30 14:22:06,606 - WARNING - Attempt 1 failed for Filippo Lippi: cannot access local variable 'after_values' where it is not associated with a value. Retrying...
2026-01-30 14:23:16,757 - WARNING - Attempt 2 failed for Filippo Lippi: HTTPSConnectionPool(host='trends.google.com', port=443): Max retries exceeded with url: /trends/api/explore?hl=en-US&tz=360&req=%7B%22comparisonItem%22%3A+%5B%7B%22keyword%22%3A+%22Filippo+Lippi%22%2C+%22time%22%3A+%222025-01-01+2025-03-31%22%2C+%22geo%22%3A+%22US%22%7D%5D%2C+%22category%22%3A+0%2C+%22property%22%3A+%22%22%7D (Caused by NameResolutionError("HTTPSConnection(host='trends.google.com', port=443): Failed to resolve 'trends.google.com' ([Errno 8] nodename nor servname provided, or not known)")). Retrying...
2026-01-30 14:24:54,328 - ERROR - All attempts failed for Filippo Lippi: HTTPSConnectionPool(host='trends.google.com', port=443): Max retries exceeded with url: /trends/api/explore?hl=en-US&tz=360&req=%7B%22comparisonItem%22%3A+%5B%7B%22keyword%22%3A+%22Filippo+Lippi%22%2C+%22time%22%3A+%222025-01-01+2025-03-31%22%2C+%22geo%22%3A+%22US%22%7D%5D%2C+%22category%22%3A+0%2C+%22property%22%3A+%22%22%7D (Caused by NameResolutionError("HTTPSConnection(host='trends.google.com', port=443): Failed to resolve 'trends.google.com' ([Errno 8] nodename nor servname provided, or not known)"))
2026-01-30 14:24:54,339 - WARNING - Attempt 1 failed for The Mist: HTTPSConnectionPool(host='trends.google.com', port=443): Max retries exceeded with url: /trends/api/explore?hl=en-US&tz=360&req=%7B%22comparisonItem%22%3A+%5B%7B%22keyword%22%3A+%22The+Mist%22%2C+%22time%22%3A+%222025-03-03+2025-05-31%22%2C+%22geo%22%3A+%22US%22%7D%5D%2C+%22category%22%3A+0%2C+%22property%22%3A+%22%22%7D (Caused by NameResolutionError("HTTPSConnection(host='trends.google.com', port=443): Failed to resolve 'trends.google.com' ([Errno 8] nodename nor servname provided, or not known)")). Retrying...
2026-01-30 14:25:17,198 - WARNING - Attempt 2 failed for The Mist: HTTPSConnectionPool(host='trends.google.com', port=443): Max retries exceeded with url: /trends/api/explore?hl=en-US&tz=360&req=%7B%22comparisonItem%22%3A+%5B%7B%22keyword%22%3A+%22The+Mist%22%2C+%22time%22%3A+%222025-03-03+2025-05-31%22%2C+%22geo%22%3A+%22US%22%7D%5D%2C+%22category%22%3A+0%2C+%22property%22%3A+%22%22%7D (Caused by NameResolutionError("HTTPSConnection(host='trends.google.com', port=443): Failed to resolve 'trends.google.com' ([Errno 8] nodename nor servname provided, or not known)")). Retrying...
2026-01-30 14:27:11,541 - INFO - Successfully collected data for: The Mist
2026-01-30 14:27:37,730 - WARNING - Attempt 1 failed for Last Night at the Telegraph Club: HTTPSConnectionPool(host='trends.google.com', port=443): Max retries exceeded with url: /trends/api/explore?hl=en-US&tz=360&req=%7B%22comparisonItem%22%3A+%5B%7B%22keyword%22%3A+%22Last+Night+at+the+Telegraph+Club%22%2C+%22time%22%3A+%222025-04-02+2025-06-30%22%2C+%22geo%22%3A+%22US%22%7D%5D%2C+%22category%22%3A+0%2C+%22property%22%3A+%22%22%7D (Caused by NewConnectionError("HTTPSConnection(host='trends.google.com', port=443): Failed to establish a new connection: [Errno 51] Network is unreachable")). Retrying...
2026-01-30 14:28:03,524 - WARNING - Attempt 2 failed for Last Night at the Telegraph Club: HTTPSConnectionPool(host='trends.google.com', port=443): Max retries exceeded with url: /trends/api/explore?hl=en-US&tz=360&req=%7B%22comparisonItem%22%3A+%5B%7B%22keyword%22%3A+%22Last+Night+at+the+Telegraph+Club%22%2C+%22time%22%3A+%222025-01-01+2025-03-31%22%2C+%22geo%22%3A+%22US%22%7D%5D%2C+%22category%22%3A+0%2C+%22property%22%3A+%22%22%7D (Caused by NameResolutionError("HTTPSConnection(host='trends.google.com', port=443): Failed to resolve 'trends.google.com' ([Errno 8] nodename nor servname provided, or not known)")). Retrying...
2026-01-30 14:29:30,955 - ERROR - All attempts failed for Last Night at the Telegraph Club: cannot access local variable 'before_values' where it is not associated with a value
2026-01-30 14:29:44,844 - WARNING - Attempt 1 failed for Wonders of the Invisible World: cannot access local variable 'before_values' where it is not associated with a value. Retrying...
2026-01-30 14:30:18,535 - WARNING - Attempt 2 failed for Wonders of the Invisible World: cannot access local variable 'before_values' where it is not associated with a value. Retrying...
2026-01-30 14:48:06,034 - ERROR - All attempts failed for Wonders of the Invisible World: HTTPSConnectionPool(host='trends.google.com', port=443): Read timed out.
2026-01-30 14:48:20,252 - WARNING - Attempt 1 failed for Dragon Ball, Vol. 5: cannot access local variable 'after_values' where it is not associated with a value. Retrying...
2026-01-30 15:06:44,413 - WARNING - Attempt 2 failed for Dragon Ball, Vol. 5: cannot access local variable 'after_values' where it is not associated with a value. Retrying...
2026-01-30 15:23:09,008 - ERROR - All attempts failed for Dragon Ball, Vol. 5: cannot access local variable 'after_values' where it is not associated with a value
2026-01-30 15:23:34,252 - WARNING - Attempt 1 failed for The End and Other Beginnings: Stories from the Future: HTTPSConnectionPool(host='trends.google.com', port=443): Max retries exceeded with url: /trends/api/explore?hl=en-US&tz=360&req=%7B%22comparisonItem%22%3A+%5B%7B%22keyword%22%3A+%22The+End+and+Other+Beginnings%3A+Stories+from+the+Future%22%2C+%22time%22%3A+%222025-02-02+2025-05-02%22%2C+%22geo%22%3A+%22US%22%7D%5D%2C+%22category%22%3A+0%2C+%22property%22%3A+%22%22%7D (Caused by NameResolutionError("HTTPSConnection(host='trends.google.com', port=443): Failed to resolve 'trends.google.com' ([Errno 8] nodename nor servname provided, or not known)")). Retrying...
2026-01-30 15:24:55,611 - WARNING - Attempt 2 failed for The End and Other Beginnings: Stories from the Future: HTTPSConnectionPool(host='trends.google.com', port=443): Max retries exceeded with url: /trends/api/explore?hl=en-US&tz=360&req=%7B%22comparisonItem%22%3A+%5B%7B%22keyword%22%3A+%22The+End+and+Other+Beginnings%3A+Stories+from+the+Future%22%2C+%22time%22%3A+%222024-11-03+2025-01-31%22%2C+%22geo%22%3A+%22US%22%7D%5D%2C+%22category%22%3A+0%2C+%22property%22%3A+%22%22%7D (Caused by NameResolutionError("HTTPSConnection(host='trends.google.com', port=443): Failed to resolve 'trends.google.com' ([Errno 8] nodename nor servname provided, or not known)")). Retrying...
2026-01-30 15:26:29,824 - ERROR - All attempts failed for The End and Other Beginnings: Stories from the Future: HTTPSConnectionPool(host='trends.google.com', port=443): Max retries exceeded with url: /trends/api/explore?hl=en-US&tz=360&req=%7B%22comparisonItem%22%3A+%5B%7B%22keyword%22%3A+%22The+End+and+Other+Beginnings%3A+Stories+from+the+Future%22%2C+%22time%22%3A+%222024-11-03+2025-01-31%22%2C+%22geo%22%3A+%22US%22%7D%5D%2C+%22category%22%3A+0%2C+%22property%22%3A+%22%22%7D (Caused by NameResolutionError("HTTPSConnection(host='trends.google.com', port=443): Failed to resolve 'trends.google.com' ([Errno 8] nodename nor servname provided, or not known)"))
2026-01-30 15:26:29,830 - WARNING - Attempt 1 failed for Echo After Echo: HTTPSConnectionPool(host='trends.google.com', port=443): Max retries exceeded with url: /trends/api/explore?hl=en-US&tz=360&req=%7B%22comparisonItem%22%3A+%5B%7B%22keyword%22%3A+%22Echo+After+Echo%22%2C+%22time%22%3A+%222024-09-02+2024-11-30%22%2C+%22geo%22%3A+%22US%22%7D%5D%2C+%22category%22%3A+0%2C+%22property%22%3A+%22%22%7D (Caused by NameResolutionError("HTTPSConnection(host='trends.google.com', port=443): Failed to resolve 'trends.google.com' ([Errno 8] nodename nor servname provided, or not known)")). Retrying...
2026-01-30 15:30:53,980 - WARNING - Attempt 2 failed for Echo After Echo: HTTPSConnectionPool(host='trends.google.com', port=443): Max retries exceeded with url: /trends/api/explore?hl=en-US&tz=360&req=%7B%22comparisonItem%22%3A+%5B%7B%22keyword%22%3A+%22Echo+After+Echo%22%2C+%22time%22%3A+%222024-09-02+2024-11-30%22%2C+%22geo%22%3A+%22US%22%7D%5D%2C+%22category%22%3A+0%2C+%22property%22%3A+%22%22%7D (Caused by NameResolutionError("HTTPSConnection(host='trends.google.com', port=443): Failed to resolve 'trends.google.com' ([Errno 8] nodename nor servname provided, or not known)")). Retrying...
2026-01-30 15:32:44,982 - ERROR - All attempts failed for Echo After Echo: HTTPSConnectionPool(host='trends.google.com', port=443): Max retries exceeded with url: /trends/api/explore?hl=en-US&tz=360&req=%7B%22comparisonItem%22%3A+%5B%7B%22keyword%22%3A+%22Echo+After+Echo%22%2C+%22time%22%3A+%222024-09-02+2024-11-30%22%2C+%22geo%22%3A+%22US%22%7D%5D%2C+%22category%22%3A+0%2C+%22property%22%3A+%22%22%7D (Caused by NameResolutionError("HTTPSConnection(host='trends.google.com', port=443): Failed to resolve 'trends.google.com' ([Errno 8] nodename nor servname provided, or not known)"))
2026-01-30 15:32:44,988 - WARNING - Attempt 1 failed for Song of Solomon: HTTPSConnectionPool(host='trends.google.com', port=443): Max retries exceeded with url: /trends/api/explore?hl=en-US&tz=360&req=%7B%22comparisonItem%22%3A+%5B%7B%22keyword%22%3A+%22Song+of+Solomon%22%2C+%22time%22%3A+%222025-03-03+2025-05-31%22%2C+%22geo%22%3A+%22US%22%7D%5D%2C+%22category%22%3A+0%2C+%22property%22%3A+%22%22%7D (Caused by NameResolutionError("HTTPSConnection(host='trends.google.com', port=443): Failed to resolve 'trends.google.com' ([Errno 8] nodename nor servname provided, or not known)")). Retrying...
2026-01-30 15:34:07,029 - INFO - Successfully collected data for: Song of Solomon
2026-01-30 15:34:21,792 - WARNING - Attempt 1 failed for Winterkeep: cannot access local variable 'before_values' where it is not associated with a value. Retrying...
2026-01-30 15:34:55,125 - WARNING - Attempt 2 failed for Winterkeep: cannot access local variable 'before_values' where it is not associated with a value. Retrying...
2026-01-30 15:35:28,455 - ERROR - All attempts failed for Winterkeep: cannot access local variable 'before_values' where it is not associated with a value
2026-01-30 15:35:41,703 - WARNING - Attempt 1 failed for Slaughterhouse-Five: cannot access local variable 'after_values' where it is not associated with a value. Retrying...
2026-01-30 15:36:15,030 - WARNING - Attempt 2 failed for Slaughterhouse-Five: cannot access local variable 'after_values' where it is not associated with a value. Retrying...
2026-01-30 15:36:48,354 - ERROR - All attempts failed for Slaughterhouse-Five: cannot access local variable 'after_values' where it is not associated with a value
2026-02-05 20:19:27,820 - INFO - Successfully collected data for: Lucky (AS)
2026-02-05 20:19:41,846 - INFO - Successfully collected data for: Empire of Storms
2026-02-05 20:19:55,848 - INFO - Successfully collected data for: My Friends and Me
2026-02-05 20:19:56,269 - WARNING - Attempt 1 failed for Culturally Responsive Teaching and The Brain: Promoting Authentic Engagement and Rigor Among Culturally and Linguistically Diverse Students: The request failed: Google returned a response with code 400. Retrying...
2026-02-05 20:20:16,751 - WARNING - Attempt 2 failed for Culturally Responsive Teaching and The Brain: Promoting Authentic Engagement and Rigor Among Culturally and Linguistically Diverse Students: The request failed: Google returned a response with code 400. Retrying...
2026-02-05 20:20:37,231 - ERROR - All attempts failed for Culturally Responsive Teaching and The Brain: Promoting Authentic Engagement and Rigor Among Culturally and Linguistically Diverse Students: The request failed: Google returned a response with code 400
2026-02-05 20:20:51,056 - WARNING - Attempt 1 failed for Burned (EH): cannot access local variable 'before_values' where it is not associated with a value. Retrying...
2026-02-05 20:21:24,185 - WARNING - Attempt 2 failed for Burned (EH): cannot access local variable 'before_values' where it is not associated with a value. Retrying...
2026-02-05 20:21:57,520 - ERROR - All attempts failed for Burned (EH): cannot access local variable 'before_values' where it is not associated with a value
2026-02-05 20:22:11,657 - INFO - Successfully collected data for: Boy Toy
2026-02-05 20:22:25,993 - INFO - Successfully collected data for: Gentlemen
2026-02-05 20:22:39,304 - INFO - Successfully collected data for: Needful Things
2026-02-05 20:22:53,013 - WARNING - Attempt 1 failed for The Poet X: The request failed: Google returned a response with code 429. Retrying...
2026-02-05 20:23:26,508 - INFO - Successfully collected data for: The Poet X
2026-02-05 20:23:40,187 - WARNING - Attempt 1 failed for All Boys Aren't Blue: cannot access local variable 'before_values' where it is not associated with a value. Retrying...
2026-02-05 20:24:13,324 - WARNING - Attempt 2 failed for All Boys Aren't Blue: cannot access local variable 'before_values' where it is not associated with a value. Retrying...
2026-02-05 20:24:46,690 - ERROR - All attempts failed for All Boys Aren't Blue: cannot access local variable 'before_values' where it is not associated with a value
2026-02-05 20:37:03,871 - INFO - Successfully collected data for: Lucky (AS)
2026-02-05 20:37:10,326 - INFO - Successfully collected data for: Empire of Storms
2026-02-05 20:37:16,567 - INFO - Successfully collected data for: My Friends and Me
2026-02-05 20:37:16,690 - ERROR - Error collecting data for Culturally Responsive Teaching and The Brain: Promoting Authentic Engagement and Rigor Among Culturally and Linguistically Diverse Students: The request failed: Google returned a response with code 400
2026-02-05 20:37:17,212 - INFO - No 'before' data for Burned (EH) - treating as zero interest
2026-02-05 20:37:23,086 - INFO - No 'after' data for Burned (EH) - treating as zero interest
2026-02-05 20:37:23,087 - INFO - Successfully collected data for: Burned (EH)
2026-02-05 20:37:29,017 - INFO - Successfully collected data for: Boy Toy
2026-02-05 20:37:35,080 - INFO - Successfully collected data for: Gentlemen
2026-02-05 20:37:41,247 - INFO - Successfully collected data for: Needful Things
2026-02-05 20:37:47,795 - INFO - Successfully collected data for: The Poet X
2026-02-05 20:37:48,607 - INFO - No 'before' data for All Boys Aren't Blue - treating as zero interest
2026-02-05 20:37:54,456 - INFO - Successfully collected data for: All Boys Aren't Blue
2026-02-05 20:48:16,748 - ERROR - Invalid date format for Sloppy Firsts (Jessica Darling Series): April 2022
2026-02-05 20:48:26,753 - ERROR - Invalid date format for Outlander (Outlander Series): April 2022
2026-02-05 20:48:36,761 - ERROR - Invalid date format for Gender Queer: A Memoir: April 2022
2026-02-05 20:48:46,765 - ERROR - Invalid date format for The Family Fletcher Takes Rock Island (Family Fletcher Series): April 2022
2026-02-05 20:48:56,770 - ERROR - Invalid date format for Thirteen Reasons Why: April 2022
2026-02-05 20:49:06,778 - ERROR - Invalid date format for The Truth About Alice: A Novel: April 2022
2026-02-05 20:49:16,783 - ERROR - Invalid date format for Looking for Alaska: April 2022
2026-02-05 20:49:26,788 - ERROR - Invalid date format for Out of Darkness: April 2022
2026-02-05 20:49:36,797 - ERROR - Invalid date format for I Am Not Your Perfect Mexican Daughter: April 2022
2026-02-05 20:49:46,805 - ERROR - Invalid date format for Milk and Honey: April 2022
2026-02-05 20:49:56,820 - ERROR - Invalid date format for Life is Funny: April 2022
2026-02-05 20:50:06,829 - ERROR - Invalid date format for Milk and Honey: April 2022
2026-02-05 20:50:16,837 - ERROR - Invalid date format for The Bluest Eye: April 2022
2026-02-05 20:50:26,843 - ERROR - Invalid date format for All Boys Aren't Blue: April 2022
2026-02-05 20:50:36,852 - ERROR - Invalid date format for The Absolutely True Diary of a Part-Time Indian: April 2022
2026-02-05 20:50:46,857 - ERROR - Invalid date format for Home at Last: April 2022
2026-02-05 20:50:56,860 - ERROR - Invalid date format for The Kite Runner: April 2022
2026-02-05 20:51:06,869 - ERROR - Invalid date format for Celebrate Your Body 2: The Ultimate Puberty Book for Preteen and Teen Girls: April 2022
2026-02-05 20:51:16,878 - ERROR - Invalid date format for Piecing Me Together: April 2022
2026-02-05 20:51:26,886 - ERROR - Invalid date format for Duels and Deception: April 2022
2026-02-05 20:51:36,900 - ERROR - Invalid date format for Forbidden: April 2022
2026-02-05 20:51:46,912 - ERROR - Invalid date format for Looking for Alaska: April 2022
2026-02-05 20:51:56,921 - ERROR - Invalid date format for This Day in June: April 2022
2026-02-05 20:52:06,929 - ERROR - Invalid date format for Forever...: April 2022
2026-02-05 20:52:16,937 - ERROR - Invalid date format for Everywhere Babies: April 2022
2026-02-05 20:52:26,945 - ERROR - Invalid date format for The Hate U Give: April 2022
2026-02-05 20:52:36,951 - ERROR - Invalid date format for The Bluest Eye: April 2022
2026-02-05 20:52:46,960 - ERROR - Invalid date format for Full Disclosure: April 2022
2026-02-05 20:52:56,968 - ERROR - Invalid date format for Touching Spirit Bear (Spirit Bear Series): April 2022
2026-02-05 20:53:06,977 - ERROR - Invalid date format for Wait, What?: A Comic Book Guide to Relationships, Bodies, and Growing Up: April 2022
2026-02-05 20:53:16,995 - ERROR - Invalid date format for The Absolutely True Diary of a Part-Time Indian: April 2022
2026-02-05 20:53:27,009 - ERROR - Invalid date format for The Absolutely True Diary of a Part-Time Indian: April 2022
2026-02-05 20:53:37,020 - ERROR - Invalid date format for Beloved: April 2022
2026-02-05 20:53:47,028 - ERROR - Invalid date format for Pride: The Story of Harvey Milk and the Rainbow Flag: April 2022
2026-02-05 20:53:57,035 - ERROR - Invalid date format for Blue Is the Warmest Color: April 2022
2026-02-05 20:54:07,043 - ERROR - Invalid date format for Unravel Me (Shatter Me Series): April 2022
2026-02-05 20:54:17,053 - ERROR - Invalid date format for The Benefits of Being an Octopus: April 2022
2026-02-05 20:54:27,063 - ERROR - Invalid date format for No One Knows About You: April 2022
2026-02-05 20:54:37,077 - ERROR - Invalid date format for Nineteen Minutes: April 2022
2026-02-05 20:54:47,082 - ERROR - Invalid date format for Me and Earl and the Dying Girl: April 2022
2026-02-05 20:54:57,111 - ERROR - Invalid date format for Beloved: April 2022
2026-02-05 20:55:07,119 - ERROR - Invalid date format for Dreaming in Cuban: April 2022
2026-02-05 20:55:17,127 - ERROR - Invalid date format for Queer, There and Everywhere: 23 People Who Changed the World: April 2022
2026-02-05 20:55:27,130 - ERROR - Invalid date format for Beloved: April 2022
2026-02-05 20:55:37,138 - ERROR - Invalid date format for Tricks (Tricks Series): April 2022
2026-02-05 20:55:47,147 - ERROR - Invalid date format for Trans+: Love, Sex, Romance, and Being You: April 2022
2026-02-05 20:55:57,162 - ERROR - Invalid date format for The Family Book: April 2022
2026-02-05 20:56:07,172 - ERROR - Invalid date format for I am Jazz: April 2022
2026-02-05 20:56:17,179 - ERROR - Invalid date format for Jack of Hearts (and other parts): April 2022
2026-02-05 20:56:27,192 - ERROR - Invalid date format for The Absolutely True Diary of a Part-Time Indian: April 2022
2026-02-05 20:56:37,203 - ERROR - Invalid date format for Fun Home: A Family Tragicomic: April 2022
2026-02-05 20:56:47,215 - ERROR - Invalid date format for Extremely Loud & Incredibly Close: April 2022
2026-02-05 20:56:57,232 - ERROR - Invalid date format for Love, Hate & Other Filters: April 2022
2026-02-05 20:57:07,237 - ERROR - Invalid date format for Nineteen Minutes: April 2022
2026-02-05 20:57:17,249 - ERROR - Invalid date format for Doing It!: Let's Talk About Sex: April 2022
2026-02-05 20:57:27,264 - ERROR - Invalid date format for The Truth About Alice: A Novel: April 2022
2026-02-05 20:57:37,270 - ERROR - Invalid date format for This Book Is Gay: April 2022
2026-02-05 20:57:47,281 - ERROR - Invalid date format for The Haters: April 2022
2026-02-05 20:57:57,286 - ERROR - Invalid date format for grl2grl: April 2022
2026-02-05 20:58:07,301 - ERROR - Invalid date format for Gender Queer: A Memoir: April 2022
2026-02-05 20:58:17,313 - ERROR - Invalid date format for Flamer: April 2022
2026-02-05 20:58:27,318 - ERROR - Invalid date format for A Peacock Among Pigeons: April 2022
2026-02-05 21:02:02,319 - ERROR - Invalid date format for Sloppy Firsts (Jessica Darling Series): April 2022
2026-02-05 21:02:04,327 - ERROR - Invalid date format for Outlander (Outlander Series): April 2022
2026-02-05 21:02:06,331 - ERROR - Invalid date format for Gender Queer: A Memoir: April 2022
2026-02-05 21:02:08,333 - ERROR - Invalid date format for The Family Fletcher Takes Rock Island (Family Fletcher Series): April 2022
2026-02-05 21:02:10,339 - ERROR - Invalid date format for Thirteen Reasons Why: April 2022
2026-02-05 21:02:12,343 - ERROR - Invalid date format for The Truth About Alice: A Novel: April 2022
2026-02-05 21:02:14,350 - ERROR - Invalid date format for Looking for Alaska: April 2022
2026-02-05 21:02:16,356 - ERROR - Invalid date format for Out of Darkness: April 2022
2026-02-05 21:02:18,363 - ERROR - Invalid date format for I Am Not Your Perfect Mexican Daughter: April 2022
2026-02-05 21:02:20,370 - ERROR - Invalid date format for Milk and Honey: April 2022
2026-02-05 21:02:22,385 - ERROR - Invalid date format for Life is Funny: April 2022
2026-02-05 21:02:24,395 - ERROR - Invalid date format for Milk and Honey: April 2022
2026-02-05 21:02:26,404 - ERROR - Invalid date format for The Bluest Eye: April 2022
2026-02-05 21:02:28,413 - ERROR - Invalid date format for All Boys Aren't Blue: April 2022
2026-02-05 21:02:30,418 - ERROR - Invalid date format for The Absolutely True Diary of a Part-Time Indian: April 2022
2026-02-05 21:02:32,425 - ERROR - Invalid date format for Home at Last: April 2022
2026-02-05 21:02:34,432 - ERROR - Invalid date format for The Kite Runner: April 2022
2026-02-05 21:02:36,440 - ERROR - Invalid date format for Celebrate Your Body 2: The Ultimate Puberty Book for Preteen and Teen Girls: April 2022
2026-02-05 21:02:38,449 - ERROR - Invalid date format for Piecing Me Together: April 2022
2026-02-05 21:02:40,455 - ERROR - Invalid date format for Duels and Deception: April 2022
2026-02-05 21:02:42,468 - ERROR - Invalid date format for Forbidden: April 2022
2026-02-05 21:02:44,475 - ERROR - Invalid date format for Looking for Alaska: April 2022
2026-02-05 21:02:46,483 - ERROR - Invalid date format for This Day in June: April 2022
2026-02-05 21:02:48,490 - ERROR - Invalid date format for Forever...: April 2022
2026-02-05 21:02:50,499 - ERROR - Invalid date format for Everywhere Babies: April 2022
2026-02-05 21:02:52,517 - ERROR - Invalid date format for The Hate U Give: April 2022
2026-02-05 21:02:54,528 - ERROR - Invalid date format for The Bluest Eye: April 2022
2026-02-05 21:02:56,535 - ERROR - Invalid date format for Full Disclosure: April 2022
2026-02-05 21:02:58,542 - ERROR - Invalid date format for Touching Spirit Bear (Spirit Bear Series): April 2022
2026-02-05 21:03:00,549 - ERROR - Invalid date format for Wait, What?: A Comic Book Guide to Relationships, Bodies, and Growing Up: April 2022
2026-02-05 21:03:02,563 - ERROR - Invalid date format for The Absolutely True Diary of a Part-Time Indian: April 2022
2026-02-05 21:03:04,569 - ERROR - Invalid date format for The Absolutely True Diary of a Part-Time Indian: April 2022
2026-02-05 21:03:06,579 - ERROR - Invalid date format for Beloved: April 2022
2026-02-05 21:03:08,587 - ERROR - Invalid date format for Pride: The Story of Harvey Milk and the Rainbow Flag: April 2022
2026-02-05 21:03:10,608 - ERROR - Invalid date format for Blue Is the Warmest Color: April 2022
2026-02-05 21:03:12,615 - ERROR - Invalid date format for Unravel Me (Shatter Me Series): April 2022
2026-02-05 21:03:14,619 - ERROR - Invalid date format for The Benefits of Being an Octopus: April 2022
2026-02-05 21:03:16,627 - ERROR - Invalid date format for No One Knows About You: April 2022
2026-02-05 21:03:18,634 - ERROR - Invalid date format for Nineteen Minutes: April 2022
2026-02-05 21:03:20,642 - ERROR - Invalid date format for Me and Earl and the Dying Girl: April 2022
2026-02-05 21:03:22,653 - ERROR - Invalid date format for Beloved: April 2022
2026-02-05 21:03:24,657 - ERROR - Invalid date format for Dreaming in Cuban: April 2022
2026-02-05 21:03:26,665 - ERROR - Invalid date format for Queer, There and Everywhere: 23 People Who Changed the World: April 2022
2026-02-05 21:03:28,670 - ERROR - Invalid date format for Beloved: April 2022
2026-02-05 21:03:30,677 - ERROR - Invalid date format for Tricks (Tricks Series): April 2022
2026-02-05 21:03:32,683 - ERROR - Invalid date format for Trans+: Love, Sex, Romance, and Being You: April 2022
2026-02-05 21:03:34,690 - ERROR - Invalid date format for The Family Book: April 2022
2026-02-05 21:03:36,699 - ERROR - Invalid date format for I am Jazz: April 2022
2026-02-05 21:03:38,706 - ERROR - Invalid date format for Jack of Hearts (and other parts): April 2022
2026-02-05 21:03:40,712 - ERROR - Invalid date format for The Absolutely True Diary of a Part-Time Indian: April 2022
2026-02-05 21:03:42,725 - ERROR - Invalid date format for Fun Home: A Family Tragicomic: April 2022
2026-02-05 21:03:44,732 - ERROR - Invalid date format for Extremely Loud & Incredibly Close: April 2022
2026-02-05 21:03:46,740 - ERROR - Invalid date format for Love, Hate & Other Filters: April 2022
2026-02-05 21:03:48,748 - ERROR - Invalid date format for Nineteen Minutes: April 2022
2026-02-05 21:03:50,755 - ERROR - Invalid date format for Doing It!: Let's Talk About Sex: April 2022
2026-02-05 21:03:52,763 - ERROR - Invalid date format for The Truth About Alice: A Novel: April 2022
2026-02-05 21:03:54,771 - ERROR - Invalid date format for This Book Is Gay: April 2022
2026-02-05 21:03:56,778 - ERROR - Invalid date format for The Haters: April 2022
2026-02-05 21:03:58,784 - ERROR - Invalid date format for grl2grl: April 2022
2026-02-05 21:04:00,790 - ERROR - Invalid date format for Gender Queer: A Memoir: April 2022
2026-02-05 21:04:02,804 - ERROR - Invalid date format for Flamer: April 2022
2026-02-05 21:04:04,813 - ERROR - Invalid date format for A Peacock Among Pigeons: April 2022
2026-02-05 21:04:06,820 - ERROR - Invalid date format for Fifty Shades of Grey (Fifty Shades Series): April 2022
2026-02-05 21:04:08,824 - ERROR - Invalid date format for A Day in the Life of Marlon Bundo: April 2022
2026-02-05 21:04:10,832 - ERROR - Invalid date format for The Purim Superhero: April 2022
2026-02-05 21:04:12,837 - ERROR - Invalid date format for Beautiful Bastard (Beautiful Bastard Series): April 2022
2026-02-05 21:04:14,839 - ERROR - Invalid date format for All American Boys: April 2022
2026-02-05 21:04:16,847 - ERROR - Invalid date format for Fates and Furies: April 2022
2026-02-05 21:04:18,852 - ERROR - Invalid date format for Being Jazz: My Life as a (Transgender) Teen: April 2022
2026-02-05 21:04:20,860 - ERROR - Invalid date format for Drama: A Graphic Novel: April 2022
2026-02-05 21:04:22,866 - ERROR - Invalid date format for The God of Small Things: April 2022
2026-02-05 21:04:24,873 - ERROR - Invalid date format for The Handmaid's Tale: April 2022
2026-02-05 21:04:26,879 - ERROR - Invalid date format for The Parker Inheritance: April 2022
2026-02-05 21:04:28,886 - ERROR - Invalid date format for Out of Darkness: April 2022
2026-02-05 21:04:30,894 - ERROR - Invalid date format for The Black Friend: On Being a Better White Person: April 2022
2026-02-05 21:04:32,901 - ERROR - Invalid date format for Thirteen Reasons Why: April 2022
2026-02-05 21:04:34,909 - ERROR - Invalid date format for Caraval (Caraval Series): April 2022
2026-02-05 21:04:36,913 - ERROR - Invalid date format for The Family Fletcher Takes Rock Island (Family Fletcher Series): April 2022
2026-02-05 21:04:38,921 - ERROR - Invalid date format for A Court of Mist and Fury (A Court of Thorns and Roses Series): April 2022
2026-02-05 21:04:40,929 - ERROR - Invalid date format for Eleanor & Park: April 2022
2026-02-05 21:04:42,939 - ERROR - Invalid date format for The Kite Runner: April 2022
2026-02-05 21:04:44,945 - ERROR - Invalid date format for A Court of Mist and Fury (A Court of Thorns and Roses Series): April 2022
2026-02-05 21:04:46,953 - ERROR - Invalid date format for The Handmaid's Tale: The Graphic Novel: April 2022
2026-02-05 21:04:48,955 - ERROR - Invalid date format for The Hate U Give: April 2022
2026-02-05 21:04:50,957 - ERROR - Invalid date format for Mommy, Mama, and Me: April 2022
2026-02-05 21:04:52,964 - ERROR - Invalid date format for Out of Darkness: April 2022
2026-02-05 21:04:54,979 - ERROR - Invalid date format for It's Perfectly Normal: Changing Bodies, Growing Up, Sex, and Sexual Health: April 2022
2026-02-05 21:04:56,984 - ERROR - Invalid date format for Real Live Boyfriends: Yes. Boyfriends, Plural. If My Life Weren't Complicated, I Wouldn't Be Ruby Oliver: April 2022
2026-02-05 21:04:58,989 - ERROR - Invalid date format for How Beautiful We Were: April 2022
2026-02-05 21:05:00,996 - ERROR - Invalid date format for And Tango Makes Three: April 2022
2026-02-05 21:05:03,009 - ERROR - Invalid date format for The Kite Runner: April 2022
2026-02-05 21:05:05,013 - ERROR - Invalid date format for Fly on the Wall: How One Girl Saw Everything: April 2022
2026-02-05 21:05:07,020 - ERROR - Invalid date format for The Hate U Give: April 2022
2026-02-05 21:05:09,027 - ERROR - Invalid date format for Call Me Max (Max and Friends Series): April 2022
2026-02-05 21:05:11,033 - ERROR - Invalid date format for Sex Plus: Learning, Loving, and Enjoying Your Body: April 2022
2026-02-05 21:05:13,041 - ERROR - Invalid date format for Flamer: April 2022
2026-02-05 21:05:15,046 - ERROR - Invalid date format for Two Boys Kissing: April 2022
2026-02-05 21:05:17,056 - ERROR - Invalid date format for Speak: April 2022
2026-02-05 21:05:19,063 - ERROR - Invalid date format for Fun Home: A Family Tragicomic: April 2022
2026-02-05 21:05:21,070 - ERROR - Invalid date format for This Book Is Gay: April 2022
2026-02-05 21:05:23,077 - ERROR - Invalid date format for Tricks (Tricks Series): April 2022
2026-02-05 21:05:25,084 - ERROR - Invalid date format for The Perks of Being a Wallflower: April 2022
2026-02-05 21:05:27,089 - ERROR - Invalid date format for Dead Until Dark (Sookie Stackhouse Series): April 2022
2026-02-05 21:05:29,096 - ERROR - Invalid date format for Sex is a Funny Word: A Book about Bodies, Feelings, and YOU: April 2022
2026-02-05 21:05:31,104 - ERROR - Invalid date format for The Circle (The Circle Series): April 2022
2026-02-05 21:05:33,112 - ERROR - Invalid date format for Two Dads: A Book About Adopton: April 2022
2026-02-05 21:05:35,119 - ERROR - Invalid date format for The Bluest Eye: April 2022
2026-02-05 21:05:37,128 - ERROR - Invalid date format for More Happy Than Not: April 2022
2026-02-05 21:05:39,137 - ERROR - Invalid date format for Blended: April 2022
2026-02-05 21:05:41,140 - ERROR - Invalid date format for The Absolutely True Diary of a Part-Time Indian: April 2022
2026-02-05 21:05:43,153 - ERROR - Invalid date format for Let Me Hear a Rhyme: April 2022
2026-02-05 21:05:45,158 - ERROR - Invalid date format for The Bluest Eye: April 2022
2026-02-05 21:05:47,160 - ERROR - Invalid date format for Killing Mr. Griffin: April 2022
2026-02-05 21:05:49,165 - ERROR - Invalid date format for Beloved: April 2022
2026-02-05 21:05:51,169 - ERROR - Invalid date format for Fly on the Wall: How One Girl Saw Everything: April 2022
2026-02-05 21:05:53,177 - ERROR - Invalid date format for Killing Mr. Griffin: April 2022
2026-02-05 21:05:55,187 - ERROR - Invalid date format for Jack of Hearts (and other parts): April 2022
2026-02-05 21:05:57,189 - ERROR - Invalid date format for Sloppy Firsts (Jessica Darling Series): April 2022
2026-02-05 21:05:59,197 - ERROR - Invalid date format for Thirteen Reasons Why: April 2022
2026-02-05 21:06:01,205 - ERROR - Invalid date format for The Truth About Alice: A Novel: April 2022
2026-02-05 21:06:03,218 - ERROR - Invalid date format for Me and Earl and the Dying Girl: April 2022
2026-02-05 21:06:05,226 - ERROR - Invalid date format for The Vincent Boys (The Vincent Boys Series): April 2022
2026-02-05 21:06:07,229 - ERROR - Invalid date format for Daddy's Roommate: April 2022
2026-02-05 21:06:09,233 - ERROR - Invalid date format for S.E.X.: The All-You-Need-To-Know Progressive Sexuality Guide to Get You Through High School and College: April 2022
2026-02-05 21:06:11,239 - ERROR - Invalid date format for Drama: A Graphic Novel: April 2022
2026-02-05 21:06:13,246 - ERROR - Invalid date format for The Scottsboro Boys: April 2022
2026-02-05 21:06:15,254 - ERROR - Invalid date format for Out of Darkness: April 2022
2026-02-05 21:06:17,261 - ERROR - Invalid date format for All Boys Aren't Blue: April 2022
2026-02-05 21:06:19,267 - ERROR - Invalid date format for This One Summer: April 2022
2026-02-05 21:06:21,273 - ERROR - Invalid date format for Nineteen Minutes: April 2022
2026-02-05 21:06:23,282 - ERROR - Invalid date format for Girl, Woman, Other: April 2022
2026-02-05 21:06:25,289 - ERROR - Invalid date format for Normal People: April 2022
2026-02-05 21:06:27,297 - ERROR - Invalid date format for Uglies (Uglies Series): April 2022
2026-02-05 21:06:29,302 - ERROR - Invalid date format for American Born Chinese: April 2022
2026-02-05 21:06:31,309 - ERROR - Invalid date format for Triangles: April 2022
2026-02-05 21:06:33,317 - ERROR - Invalid date format for I am Jazz: April 2022
2026-02-05 21:06:35,319 - ERROR - Invalid date format for The Hate U Give: April 2022
2026-02-05 21:06:37,323 - ERROR - Invalid date format for Discovering Wes Moore: April 2022
2026-02-05 21:06:39,331 - ERROR - Invalid date format for Dear Martin: April 2022
2026-02-05 21:06:41,337 - ERROR - Invalid date format for What Girls Are Made Of: April 2022
2026-02-05 21:06:43,350 - ERROR - Invalid date format for Monday's Not Coming: April 2022
2026-02-05 21:06:45,353 - ERROR - Invalid date format for Almost Perfect: April 2022
2026-02-05 21:06:47,364 - ERROR - Invalid date format for Melissa (George): April 2022
2026-02-05 21:06:49,371 - ERROR - Invalid date format for Forever...: April 2022
2026-02-05 21:06:51,378 - ERROR - Invalid date format for Worm Loves Worm: April 2022
2026-02-05 21:06:53,387 - ERROR - Invalid date format for The Gender Quest Workbook: A Guide for Teens and Young Adults Exploring Gender Identity: April 2022
2026-02-05 21:06:55,393 - ERROR - Invalid date format for Lola Levine and the Ballet Scheme (Lola Levine Series): August 2021
2026-02-05 21:06:57,401 - ERROR - Invalid date format for We March: August 2021
2026-02-05 21:06:59,407 - ERROR - Invalid date format for Morris Micklewhite and the Tangerine Dress: August 2021
2026-02-05 21:07:01,411 - ERROR - Invalid date format for How We Fight White Supremacy: August 2021
2026-02-05 21:07:03,424 - ERROR - Invalid date format for Lola at the Library with Mommy (Lola Series): August 2021
2026-02-05 21:07:05,431 - ERROR - Invalid date format for Yasmin the Zookeeper (Yasmin Series): August 2021
2026-02-05 21:07:07,437 - ERROR - Invalid date format for All the Colors We Are: Todos los colores de nuestra piel/The Story of How We Get Our Skin Color: August 2021
2026-02-05 21:07:09,441 - ERROR - Invalid date format for Lola Levine Is Not Mean! (Lola Levine Series): August 2021
2026-02-05 21:07:11,447 - ERROR - Invalid date format for Who Was Lucille Ball? (Who was...? Series): August 2021
2026-02-05 21:07:13,455 - ERROR - Invalid date format for Who Was Maria Tallchief? (Who was...? Series): August 2021
2026-02-05 21:07:15,462 - ERROR - Invalid date format for Each Kindness: August 2021
2026-02-05 21:07:17,470 - ERROR - Invalid date format for What Were the Negro Leagues? (What was...? Series): August 2021
2026-02-05 21:07:19,477 - ERROR - Invalid date format for This Is My America: August 2021
2026-02-05 21:07:21,483 - ERROR - Invalid date format for I am Martin Luther King, Jr.: August 2021
2026-02-05 21:07:23,493 - ERROR - Invalid date format for How to Be an Antiracist: August 2021
2026-02-05 21:07:25,500 - ERROR - Invalid date format for Always my Dad: August 2021
2026-02-05 21:07:27,509 - ERROR - Invalid date format for 47,000 Beads: August 2021
2026-02-05 21:07:29,512 - ERROR - Invalid date format for 25 Women Who Ruled: August 2021
2026-02-05 21:07:31,518 - ERROR - Invalid date format for Pushout: The Criminalization of Black Girls in Schools: August 2021
2026-02-05 21:07:33,540 - ERROR - Invalid date format for Before John Was a Jazz Giant: A Song of John Coltrane: August 2021
2026-02-05 21:07:35,548 - ERROR - Invalid date format for One Green Apple: August 2021
2026-02-05 21:07:37,552 - ERROR - Invalid date format for Mission Star-Power (Jaden Toussaint, the Greatest Series): August 2021
2026-02-05 21:07:39,561 - ERROR - Invalid date format for All the World: August 2021
2026-02-05 21:07:41,565 - ERROR - Invalid date format for Hey Black Child: August 2021
2026-02-05 21:07:43,575 - ERROR - Invalid date format for Yasmin the Fashionista (Yasmin Series): August 2021
2026-02-05 21:07:45,582 - ERROR - Invalid date format for No Mirrors in My Nana's House: Musical CD and Book: August 2021
2026-02-05 21:07:47,586 - ERROR - Invalid date format for Because: August 2021
2026-02-05 21:07:49,591 - ERROR - Invalid date format for Jasmine Toguchi, Drummer Girl (Jasmine Toguchi Series): August 2021
2026-02-05 21:07:51,597 - ERROR - Invalid date format for Team BFF: Race to the Finish! (Girls Who Code Series): August 2021
2026-02-05 21:07:53,606 - ERROR - Invalid date format for Hands Up!: August 2021
2026-02-05 21:07:55,610 - ERROR - Invalid date format for The Power of One: Every Act of Kindness Counts: August 2021
2026-02-05 21:07:57,611 - ERROR - Invalid date format for Yasmin the Friend (Yasmin Series): August 2021
2026-02-05 21:07:59,614 - ERROR - Invalid date format for The Art of Critical Pedagogy: Possibilities for Moving from Theory to Practice in Urban Schools: August 2021
2026-02-05 21:08:01,621 - ERROR - Invalid date format for Pride: The Story of Harvey Milk and the Rainbow Flag: August 2021
2026-02-05 21:08:03,627 - ERROR - Invalid date format for King & Kayla and the Case of the Lost Tooth (King & Kayla Series): August 2021
2026-02-05 21:08:05,634 - ERROR - Invalid date format for Lola Loves Stories with Daddy (Lola Series): August 2021
2026-02-05 21:08:07,643 - ERROR - Invalid date format for Ghost Boys: August 2021
2026-02-05 21:08:09,650 - ERROR - Invalid date format for As Fast as Words Could Fly: August 2021
2026-02-05 21:08:11,653 - ERROR - Invalid date format for My Family Adventure (Sofía Martínez Series): August 2021
2026-02-05 21:08:13,661 - ERROR - Invalid date format for Harvesting Hope: The Story of Cesar Chavez: August 2021
2026-02-05 21:08:15,669 - ERROR - Invalid date format for Daddy, There's A Noise Outside: August 2021
2026-02-05 21:08:17,677 - ERROR - Invalid date format for Michelle: August 2021
2026-02-05 21:08:19,682 - ERROR - Invalid date format for Who Wants I Scream? (Desmond Cole Ghost Patrol Series): August 2021
2026-02-05 21:08:21,690 - ERROR - Invalid date format for Planet Omar: Unexpected Super Spy (Planet Omar Series): August 2021
2026-02-05 21:08:23,697 - ERROR - Invalid date format for Exquisite: The Poetry and Life of Gwendolyn Brooks: August 2021
2026-02-05 21:08:25,705 - ERROR - Invalid date format for Ada Byron Lovelace and the Thinking Machine: August 2021
2026-02-05 21:08:27,710 - ERROR - Invalid date format for Saturday: August 2021
2026-02-05 21:08:29,714 - ERROR - Invalid date format for Culturally Sustaining Pedagogies: Teaching and Learning for Justice in a Changing World: August 2021
2026-02-05 21:08:31,722 - ERROR - Invalid date format for Mindy Kim and the Birthday Puppy (Mindy Kim Series): August 2021
2026-02-05 21:08:33,728 - ERROR - Invalid date format for Reparations, Yes!: The Legal And Political Reasons Why New Afrikans, Black People In North America, Should Be Paid Now For The Enslavement Of Our Ancestors: August 2021
2026-02-05 21:08:35,732 - ERROR - Invalid date format for Rainbow Revolutionaries: Fifty LGBTQ+ People Who Made History: August 2021
2026-02-05 21:08:37,736 - ERROR - Invalid date format for Shopping Trip Trouble (Sofía Martínez Series): August 2021
2026-02-05 21:08:39,745 - ERROR - Invalid date format for Another: August 2021
2026-02-05 21:08:41,748 - ERROR - Invalid date format for Ghosts Don't Ride Bikes, Do They? (Desmond Cole Ghost Patrol Series): August 2021
2026-02-05 21:08:43,761 - ERROR - Invalid date format for Same, Same But Different: August 2021
2026-02-05 21:08:45,768 - ERROR - Invalid date format for Big Hair, Don't Care: August 2021
2026-02-05 21:08:47,776 - ERROR - Invalid date format for The Sleepwalking Snowman (Desmond Cole Ghost Patrol Series): August 2021
2026-02-05 21:08:49,781 - ERROR - Invalid date format for Lola Plants a Garden (Lola Series): August 2021
2026-02-05 21:08:51,795 - ERROR - Invalid date format for Jabari Jumps (Jabari Series): August 2021
2026-02-05 21:08:53,802 - ERROR - Invalid date format for Peanut Goes for the Gold: August 2021
2026-02-05 21:08:55,809 - ERROR - Invalid date format for Every Day Is Exciting (Sofía Martínez Series): August 2021
2026-02-05 21:08:57,814 - ERROR - Invalid date format for A is for Activist: August 2021
2026-02-05 21:08:59,817 - ERROR - Invalid date format for Jasmine Toguchi, Mochi Queen (Jasmine Toguchi Series): August 2021
2026-02-05 21:09:01,840 - ERROR - Invalid date format for Lulu and the Duck in the Park (Lulu Series): August 2021
2026-02-05 21:09:03,854 - ERROR - Invalid date format for Max and the Tag-Along Moon: August 2021
2026-02-05 21:09:05,857 - ERROR - Invalid date format for Counting on Katherine: How Katherine Johnson Saved Apollo 13: August 2021
2026-02-05 21:09:07,862 - ERROR - Invalid date format for Faces at the Bottom of the Well: The Permanence of Racism: August 2021
2026-02-05 21:09:09,870 - ERROR - Invalid date format for Ramadan Around The World: August 2021
2026-02-05 21:09:11,879 - ERROR - Invalid date format for Cultivating Genius: An Equity Framework for Culturally and Historically Responsive Literacy: August 2021
2026-02-05 21:09:13,885 - ERROR - Invalid date format for Ghouls Just Want to Have Fun (Desmond Cole Ghost Patrol Series): August 2021
2026-02-05 21:09:15,896 - ERROR - Invalid date format for Monster Trouble!: August 2021
2026-02-05 21:09:17,904 - ERROR - Invalid date format for How Many Stars in the Sky?: August 2021
2026-02-05 21:09:19,916 - ERROR - Invalid date format for My Family Plays Music: August 2021
2026-02-05 21:09:21,930 - ERROR - Invalid date format for Trivia Queen, 3rd Grade Supreme (Ruby and the Booker Boys Series): August 2021
2026-02-05 21:09:23,945 - ERROR - Invalid date format for White Fragility: Why It's So Hard for White People to Talk About Racism: August 2021
2026-02-05 21:09:25,953 - ERROR - Invalid date format for Culturally and Linguistically Responsive Teaching and Learning – Classroom Practices for Student Success, Grades K-12: August 2021
2026-02-05 21:09:27,959 - ERROR - Invalid date format for Alma and How She Got Her Name: August 2021
2026-02-05 21:09:29,964 - ERROR - Invalid date format for Trombone Shorty: August 2021
2026-02-05 21:09:31,971 - ERROR - Invalid date format for Chasing Space Young Readers' Edition: August 2021
2026-02-05 21:09:33,973 - ERROR - Invalid date format for WeirDo Series: WeirDo: August 2021
2026-02-05 21:09:35,976 - ERROR - Invalid date format for Rap a Tap Tap: Here's Bojangles - Think of That!: August 2021
2026-02-05 21:09:37,984 - ERROR - Invalid date format for African American Cowboys: True Heroes Of The Old West: August 2021
2026-02-05 21:09:39,998 - ERROR - Invalid date format for Nelson Beats The Odds: August 2021
2026-02-05 21:30:09,826 - ERROR - Invalid date format for Sloppy Firsts (Jessica Darling Series): April 2022
2026-02-05 21:30:11,835 - ERROR - Invalid date format for Outlander (Outlander Series): April 2022
2026-02-05 21:30:13,841 - ERROR - Invalid date format for Gender Queer: A Memoir: April 2022
2026-02-05 21:35:05,791 - ERROR - Invalid date format for Sloppy Firsts (Jessica Darling Series): April 2022
2026-02-05 21:35:07,809 - ERROR - Invalid date format for Outlander (Outlander Series): April 2022
2026-02-05 21:35:09,816 - ERROR - Invalid date format for Gender Queer: A Memoir: April 2022
2026-02-05 21:35:11,820 - ERROR - Invalid date format for The Family Fletcher Takes Rock Island (Family Fletcher Series): April 2022
2026-02-05 21:35:13,828 - ERROR - Invalid date format for Thirteen Reasons Why: April 2022
2026-02-05 21:35:15,835 - ERROR - Invalid date format for The Truth About Alice: A Novel: April 2022
2026-02-05 21:35:17,841 - ERROR - Invalid date format for Looking for Alaska: April 2022
2026-02-05 21:35:19,847 - ERROR - Invalid date format for Out of Darkness: April 2022
2026-02-05 21:35:21,855 - ERROR - Invalid date format for I Am Not Your Perfect Mexican Daughter: April 2022
2026-02-05 21:35:23,864 - ERROR - Invalid date format for Milk and Honey: April 2022
2026-02-05 21:35:25,873 - ERROR - Invalid date format for Life is Funny: April 2022
2026-02-05 21:35:27,879 - ERROR - Invalid date format for Milk and Honey: April 2022
2026-02-05 21:35:29,885 - ERROR - Invalid date format for The Bluest Eye: April 2022
2026-02-05 21:35:31,894 - ERROR - Invalid date format for All Boys Aren't Blue: April 2022
2026-02-05 21:35:33,900 - ERROR - Invalid date format for The Absolutely True Diary of a Part-Time Indian: April 2022
2026-02-05 21:35:35,906 - ERROR - Invalid date format for Home at Last: April 2022
2026-02-05 21:35:37,914 - ERROR - Invalid date format for The Kite Runner: April 2022
2026-02-05 21:35:39,921 - ERROR - Invalid date format for Celebrate Your Body 2: The Ultimate Puberty Book for Preteen and Teen Girls: April 2022
2026-02-05 21:35:41,929 - ERROR - Invalid date format for Piecing Me Together: April 2022
2026-02-05 21:35:43,933 - ERROR - Invalid date format for Duels and Deception: April 2022
2026-02-05 21:35:45,938 - ERROR - Invalid date format for Forbidden: April 2022
2026-02-05 21:35:47,944 - ERROR - Invalid date format for Looking for Alaska: April 2022
2026-02-05 21:35:49,950 - ERROR - Invalid date format for This Day in June: April 2022
2026-02-05 21:38:15,076 - INFO - No 'before' data for Sloppy Firsts (Jessica Darling Series) - treating as zero interest
2026-02-05 21:38:20,454 - INFO - No 'after' data for Sloppy Firsts (Jessica Darling Series) - treating as zero interest
2026-02-05 21:38:20,454 - INFO - Successfully collected data for: Sloppy Firsts (Jessica Darling Series)
2026-02-05 21:38:28,513 - INFO - Successfully collected data for: Outlander (Outlander Series)
2026-02-05 21:38:36,559 - INFO - Successfully collected data for: Gender Queer: A Memoir
2026-02-05 21:38:39,155 - INFO - No 'before' data for The Family Fletcher Takes Rock Island (Family Fletcher Series) - treating as zero interest
2026-02-05 21:38:44,636 - INFO - Successfully collected data for: The Family Fletcher Takes Rock Island (Family Fletcher Series)
2026-02-05 21:38:52,557 - INFO - Successfully collected data for: Thirteen Reasons Why
2026-02-05 21:38:54,892 - INFO - No 'before' data for The Truth About Alice: A Novel - treating as zero interest
2026-02-05 21:39:00,284 - INFO - No 'after' data for The Truth About Alice: A Novel - treating as zero interest
2026-02-05 21:39:00,284 - INFO - Successfully collected data for: The Truth About Alice: A Novel
2026-02-05 21:39:08,557 - INFO - Successfully collected data for: Looking for Alaska
2026-02-05 21:39:16,323 - INFO - Successfully collected data for: Out of Darkness
2026-02-05 21:39:24,376 - INFO - Successfully collected data for: I Am Not Your Perfect Mexican Daughter
2026-02-05 21:39:32,278 - INFO - Successfully collected data for: Milk and Honey
2026-02-05 21:39:40,171 - INFO - Successfully collected data for: Life is Funny
2026-02-05 21:39:47,713 - INFO - Successfully collected data for: Milk and Honey
2026-02-05 21:39:55,754 - INFO - Successfully collected data for: The Bluest Eye
2026-02-05 21:40:03,886 - INFO - Successfully collected data for: All Boys Aren't Blue
2026-02-05 21:40:11,903 - INFO - Successfully collected data for: The Absolutely True Diary of a Part-Time Indian
2026-02-05 21:40:19,982 - INFO - Successfully collected data for: Home at Last
2026-02-05 21:40:28,090 - INFO - Successfully collected data for: The Kite Runner
2026-02-05 21:40:30,670 - INFO - No 'before' data for Celebrate Your Body 2: The Ultimate Puberty Book for Preteen and Teen Girls - treating as zero interest
2026-02-05 21:40:36,218 - INFO - No 'after' data for Celebrate Your Body 2: The Ultimate Puberty Book for Preteen and Teen Girls - treating as zero interest
2026-02-05 21:40:36,220 - INFO - Successfully collected data for: Celebrate Your Body 2: The Ultimate Puberty Book for Preteen and Teen Girls
2026-02-05 21:40:38,606 - INFO - No 'before' data for Piecing Me Together - treating as zero interest
2026-02-05 21:40:44,001 - INFO - Successfully collected data for: Piecing Me Together
2026-02-05 21:40:46,397 - INFO - No 'before' data for Duels and Deception - treating as zero interest
2026-02-05 21:40:51,758 - INFO - No 'after' data for Duels and Deception - treating as zero interest
2026-02-05 21:40:51,758 - INFO - Successfully collected data for: Duels and Deception
2026-02-05 21:41:00,376 - INFO - Successfully collected data for: Forbidden
2026-02-05 21:41:08,367 - INFO - Successfully collected data for: Looking for Alaska
2026-02-05 21:41:16,759 - INFO - Successfully collected data for: This Day in June
2026-02-05 21:41:24,706 - INFO - Successfully collected data for: Forever...
2026-02-05 21:41:27,245 - INFO - No 'before' data for Everywhere Babies - treating as zero interest
2026-02-05 21:41:32,703 - INFO - Successfully collected data for: Everywhere Babies
2026-02-05 21:41:41,075 - INFO - Successfully collected data for: The Hate U Give
2026-02-05 21:41:48,914 - INFO - Successfully collected data for: The Bluest Eye
2026-02-05 21:41:56,923 - INFO - Successfully collected data for: Full Disclosure
2026-02-05 21:41:59,656 - INFO - No 'before' data for Touching Spirit Bear (Spirit Bear Series) - treating as zero interest
2026-02-05 21:42:05,137 - INFO - No 'after' data for Touching Spirit Bear (Spirit Bear Series) - treating as zero interest
2026-02-05 21:42:05,137 - INFO - Successfully collected data for: Touching Spirit Bear (Spirit Bear Series)
2026-02-05 21:42:07,606 - INFO - No 'before' data for Wait, What?: A Comic Book Guide to Relationships, Bodies, and Growing Up - treating as zero interest
2026-02-05 21:42:12,965 - INFO - No 'after' data for Wait, What?: A Comic Book Guide to Relationships, Bodies, and Growing Up - treating as zero interest
2026-02-05 21:42:12,966 - INFO - Successfully collected data for: Wait, What?: A Comic Book Guide to Relationships, Bodies, and Growing Up
2026-02-05 21:42:21,096 - INFO - Successfully collected data for: The Absolutely True Diary of a Part-Time Indian
2026-02-05 21:42:28,949 - INFO - Successfully collected data for: The Absolutely True Diary of a Part-Time Indian
2026-02-05 21:42:37,591 - INFO - Successfully collected data for: Beloved
2026-02-05 21:42:40,203 - INFO - No 'before' data for Pride: The Story of Harvey Milk and the Rainbow Flag - treating as zero interest
2026-02-05 21:42:45,708 - INFO - No 'after' data for Pride: The Story of Harvey Milk and the Rainbow Flag - treating as zero interest
2026-02-05 21:42:45,710 - INFO - Successfully collected data for: Pride: The Story of Harvey Milk and the Rainbow Flag
2026-02-05 21:42:53,935 - INFO - Successfully collected data for: Blue Is the Warmest Color
2026-02-05 21:42:56,359 - INFO - No 'before' data for Unravel Me (Shatter Me Series) - treating as zero interest
2026-02-05 21:43:01,827 - INFO - No 'after' data for Unravel Me (Shatter Me Series) - treating as zero interest
2026-02-05 21:43:01,828 - INFO - Successfully collected data for: Unravel Me (Shatter Me Series)
2026-02-05 21:43:09,998 - INFO - No 'after' data for The Benefits of Being an Octopus - treating as zero interest
2026-02-05 21:43:10,000 - INFO - Successfully collected data for: The Benefits of Being an Octopus
2026-02-05 21:43:18,066 - INFO - Successfully collected data for: No One Knows About You
2026-02-05 21:43:26,059 - INFO - Successfully collected data for: Nineteen Minutes
2026-02-05 21:43:34,288 - INFO - Successfully collected data for: Me and Earl and the Dying Girl
2026-02-05 21:43:42,314 - INFO - Successfully collected data for: Beloved
2026-02-05 21:43:50,468 - INFO - Successfully collected data for: Dreaming in Cuban
2026-02-05 21:43:52,890 - INFO - No 'before' data for Queer, There and Everywhere: 23 People Who Changed the World - treating as zero interest
2026-02-05 21:43:58,412 - INFO - No 'after' data for Queer, There and Everywhere: 23 People Who Changed the World - treating as zero interest
2026-02-05 21:43:58,412 - INFO - Successfully collected data for: Queer, There and Everywhere: 23 People Who Changed the World
2026-02-05 21:44:06,251 - INFO - Successfully collected data for: Beloved
2026-02-05 21:44:14,302 - INFO - Successfully collected data for: Tricks (Tricks Series)
2026-02-05 21:44:23,408 - INFO - Successfully collected data for: Trans+: Love, Sex, Romance, and Being You
2026-02-05 21:44:31,614 - INFO - Successfully collected data for: The Family Book
2026-02-05 21:44:39,737 - INFO - Successfully collected data for: I am Jazz
2026-02-05 21:44:42,197 - INFO - No 'before' data for Jack of Hearts (and other parts) - treating as zero interest
2026-02-05 21:44:47,639 - INFO - No 'after' data for Jack of Hearts (and other parts) - treating as zero interest
2026-02-05 21:44:47,640 - INFO - Successfully collected data for: Jack of Hearts (and other parts)
2026-02-05 21:44:55,467 - INFO - Successfully collected data for: The Absolutely True Diary of a Part-Time Indian
2026-02-05 21:44:58,049 - INFO - No 'before' data for Fun Home: A Family Tragicomic - treating as zero interest
2026-02-05 21:45:03,640 - INFO - Successfully collected data for: Fun Home: A Family Tragicomic
2026-02-05 21:45:11,763 - INFO - No 'after' data for Extremely Loud & Incredibly Close - treating as zero interest
2026-02-05 21:45:11,764 - INFO - Successfully collected data for: Extremely Loud & Incredibly Close
2026-02-05 21:45:14,202 - INFO - No 'before' data for Love, Hate & Other Filters - treating as zero interest
2026-02-05 21:45:19,598 - INFO - No 'after' data for Love, Hate & Other Filters - treating as zero interest
2026-02-05 21:45:19,598 - INFO - Successfully collected data for: Love, Hate & Other Filters
2026-02-05 21:45:27,507 - INFO - Successfully collected data for: Nineteen Minutes
2026-02-05 21:45:30,083 - INFO - No 'before' data for Doing It!: Let's Talk About Sex - treating as zero interest
2026-02-05 21:45:35,719 - INFO - No 'after' data for Doing It!: Let's Talk About Sex - treating as zero interest
2026-02-05 21:45:35,720 - INFO - Successfully collected data for: Doing It!: Let's Talk About Sex
2026-02-05 21:46:56,644 - INFO - No 'before' data for Sloppy Firsts (Jessica Darling Series) - treating as zero interest
2026-02-05 21:46:59,160 - INFO - No 'after' data for Sloppy Firsts (Jessica Darling Series) - treating as zero interest
2026-02-05 21:46:59,160 - INFO - Successfully collected data for: Sloppy Firsts (Jessica Darling Series)
2026-02-05 21:47:04,062 - INFO - Successfully collected data for: Outlander (Outlander Series)
2026-02-05 21:47:09,076 - INFO - Successfully collected data for: Gender Queer: A Memoir
2026-02-05 21:47:11,668 - INFO - No 'before' data for The Family Fletcher Takes Rock Island (Family Fletcher Series) - treating as zero interest
2026-02-05 21:47:14,245 - INFO - Successfully collected data for: The Family Fletcher Takes Rock Island (Family Fletcher Series)
2026-02-05 21:47:19,065 - INFO - Successfully collected data for: Thirteen Reasons Why
2026-02-05 21:47:21,476 - INFO - No 'before' data for The Truth About Alice: A Novel - treating as zero interest
2026-02-05 21:47:23,985 - INFO - No 'after' data for The Truth About Alice: A Novel - treating as zero interest
2026-02-05 21:47:23,985 - INFO - Successfully collected data for: The Truth About Alice: A Novel
2026-02-05 21:47:28,852 - INFO - Successfully collected data for: Looking for Alaska
2026-02-05 21:47:33,851 - INFO - Successfully collected data for: Out of Darkness
2026-02-05 21:47:38,690 - INFO - Successfully collected data for: I Am Not Your Perfect Mexican Daughter
2026-02-05 21:47:43,491 - INFO - Successfully collected data for: Milk and Honey
2026-02-05 21:47:48,229 - INFO - Successfully collected data for: Life is Funny
2026-02-05 21:47:53,037 - INFO - Successfully collected data for: Milk and Honey
2026-02-05 21:47:57,892 - INFO - Successfully collected data for: The Bluest Eye
2026-02-05 21:48:02,975 - INFO - Successfully collected data for: All Boys Aren't Blue
2026-02-05 21:48:07,967 - INFO - Successfully collected data for: The Absolutely True Diary of a Part-Time Indian
2026-02-05 21:48:12,853 - INFO - Successfully collected data for: Home at Last
2026-02-05 21:48:17,852 - INFO - Successfully collected data for: The Kite Runner
2026-02-05 21:48:20,475 - INFO - No 'before' data for Celebrate Your Body 2: The Ultimate Puberty Book for Preteen and Teen Girls - treating as zero interest
2026-02-05 21:48:23,007 - INFO - No 'after' data for Celebrate Your Body 2: The Ultimate Puberty Book for Preteen and Teen Girls - treating as zero interest
2026-02-05 21:48:23,007 - INFO - Successfully collected data for: Celebrate Your Body 2: The Ultimate Puberty Book for Preteen and Teen Girls
2026-02-05 21:48:25,473 - INFO - No 'before' data for Piecing Me Together - treating as zero interest
2026-02-05 21:48:28,013 - INFO - Successfully collected data for: Piecing Me Together
2026-02-05 21:48:30,469 - INFO - No 'before' data for Duels and Deception - treating as zero interest
2026-02-05 21:48:32,971 - INFO - No 'after' data for Duels and Deception - treating as zero interest
2026-02-05 21:48:32,971 - INFO - Successfully collected data for: Duels and Deception
2026-02-05 21:48:37,845 - INFO - Successfully collected data for: Forbidden
2026-02-05 21:48:42,594 - INFO - Successfully collected data for: Looking for Alaska
2026-02-05 21:48:47,486 - INFO - Successfully collected data for: This Day in June
2026-02-05 21:48:52,368 - INFO - Successfully collected data for: Forever...
2026-02-05 21:48:54,738 - INFO - No 'before' data for Everywhere Babies - treating as zero interest
2026-02-05 21:48:57,027 - INFO - Successfully collected data for: Everywhere Babies
2026-02-05 21:49:01,729 - INFO - Successfully collected data for: The Hate U Give
2026-02-05 21:49:06,351 - INFO - Successfully collected data for: The Bluest Eye
2026-02-05 21:49:11,424 - INFO - Successfully collected data for: Full Disclosure
2026-02-05 21:49:13,927 - INFO - No 'before' data for Touching Spirit Bear (Spirit Bear Series) - treating as zero interest
2026-02-05 21:49:16,461 - INFO - No 'after' data for Touching Spirit Bear (Spirit Bear Series) - treating as zero interest
2026-02-05 21:49:16,462 - INFO - Successfully collected data for: Touching Spirit Bear (Spirit Bear Series)
2026-02-05 21:49:19,125 - INFO - No 'before' data for Wait, What?: A Comic Book Guide to Relationships, Bodies, and Growing Up - treating as zero interest
2026-02-05 21:49:21,760 - INFO - No 'after' data for Wait, What?: A Comic Book Guide to Relationships, Bodies, and Growing Up - treating as zero interest
2026-02-05 21:49:21,761 - INFO - Successfully collected data for: Wait, What?: A Comic Book Guide to Relationships, Bodies, and Growing Up
2026-02-05 21:49:26,593 - INFO - Successfully collected data for: The Absolutely True Diary of a Part-Time Indian
2026-02-05 21:49:31,537 - INFO - Successfully collected data for: The Absolutely True Diary of a Part-Time Indian
2026-02-05 21:49:36,541 - INFO - Successfully collected data for: Beloved
2026-02-05 21:49:38,961 - INFO - No 'before' data for Pride: The Story of Harvey Milk and the Rainbow Flag - treating as zero interest
2026-02-05 21:49:41,500 - INFO - No 'after' data for Pride: The Story of Harvey Milk and the Rainbow Flag - treating as zero interest
2026-02-05 21:49:41,501 - INFO - Successfully collected data for: Pride: The Story of Harvey Milk and the Rainbow Flag
2026-02-05 21:49:46,202 - INFO - Successfully collected data for: Blue Is the Warmest Color
2026-02-05 21:49:48,705 - INFO - No 'before' data for Unravel Me (Shatter Me Series) - treating as zero interest
2026-02-05 21:49:51,201 - INFO - No 'after' data for Unravel Me (Shatter Me Series) - treating as zero interest
2026-02-05 21:49:51,201 - INFO - Successfully collected data for: Unravel Me (Shatter Me Series)
2026-02-05 21:49:56,011 - INFO - No 'after' data for The Benefits of Being an Octopus - treating as zero interest
2026-02-05 21:49:56,012 - INFO - Successfully collected data for: The Benefits of Being an Octopus
2026-02-05 21:50:00,989 - INFO - Successfully collected data for: No One Knows About You
2026-02-05 21:50:05,695 - INFO - Successfully collected data for: Nineteen Minutes
2026-02-05 21:50:10,604 - INFO - Successfully collected data for: Me and Earl and the Dying Girl
2026-02-05 21:50:15,322 - INFO - Successfully collected data for: Beloved
2026-02-05 21:50:20,528 - INFO - Successfully collected data for: Dreaming in Cuban
2026-02-05 21:50:23,163 - INFO - No 'before' data for Queer, There and Everywhere: 23 People Who Changed the World - treating as zero interest
2026-02-05 21:50:25,776 - INFO - No 'after' data for Queer, There and Everywhere: 23 People Who Changed the World - treating as zero interest
2026-02-05 21:50:25,778 - INFO - Successfully collected data for: Queer, There and Everywhere: 23 People Who Changed the World
2026-02-05 21:50:30,616 - INFO - Successfully collected data for: Beloved
2026-02-05 21:50:35,755 - INFO - Successfully collected data for: Tricks (Tricks Series)
2026-02-05 21:50:40,595 - INFO - Successfully collected data for: Trans+: Love, Sex, Romance, and Being You
2026-02-05 21:50:45,227 - INFO - Successfully collected data for: The Family Book
2026-02-05 21:50:49,810 - INFO - Successfully collected data for: I am Jazz
2026-02-05 21:50:52,228 - INFO - No 'before' data for Jack of Hearts (and other parts) - treating as zero interest
2026-02-05 21:50:54,963 - INFO - No 'after' data for Jack of Hearts (and other parts) - treating as zero interest
2026-02-05 21:50:54,963 - INFO - Successfully collected data for: Jack of Hearts (and other parts)
2026-02-05 21:50:59,698 - INFO - Successfully collected data for: The Absolutely True Diary of a Part-Time Indian
2026-02-05 21:51:01,993 - INFO - No 'before' data for Fun Home: A Family Tragicomic - treating as zero interest
2026-02-05 21:51:04,356 - INFO - Successfully collected data for: Fun Home: A Family Tragicomic
2026-02-05 21:51:09,194 - INFO - No 'after' data for Extremely Loud & Incredibly Close - treating as zero interest
2026-02-05 21:51:09,195 - INFO - Successfully collected data for: Extremely Loud & Incredibly Close
2026-02-05 21:51:11,495 - INFO - No 'before' data for Love, Hate & Other Filters - treating as zero interest
2026-02-05 21:51:13,916 - INFO - No 'after' data for Love, Hate & Other Filters - treating as zero interest
2026-02-05 21:51:13,916 - INFO - Successfully collected data for: Love, Hate & Other Filters
2026-02-05 21:51:18,520 - INFO - Successfully collected data for: Nineteen Minutes
2026-02-05 21:51:20,878 - INFO - No 'before' data for Doing It!: Let's Talk About Sex - treating as zero interest
2026-02-05 21:51:23,185 - INFO - No 'after' data for Doing It!: Let's Talk About Sex - treating as zero interest
2026-02-05 21:51:23,186 - INFO - Successfully collected data for: Doing It!: Let's Talk About Sex
2026-02-05 21:51:25,793 - INFO - No 'before' data for The Truth About Alice: A Novel - treating as zero interest
2026-02-05 21:51:28,238 - INFO - No 'after' data for The Truth About Alice: A Novel - treating as zero interest
2026-02-05 21:51:28,239 - INFO - Successfully collected data for: The Truth About Alice: A Novel
2026-02-05 21:51:33,338 - INFO - Successfully collected data for: This Book Is Gay
2026-02-05 21:51:38,384 - INFO - Successfully collected data for: The Haters
2026-02-05 21:51:41,003 - INFO - No 'before' data for grl2grl - treating as zero interest
2026-02-05 21:51:43,337 - INFO - No 'after' data for grl2grl - treating as zero interest
2026-02-05 21:51:43,337 - INFO - Successfully collected data for: grl2grl
2026-02-05 21:51:48,089 - INFO - Successfully collected data for: Gender Queer: A Memoir
2026-02-05 21:51:52,885 - INFO - Successfully collected data for: Flamer
2026-02-05 21:51:57,671 - INFO - No 'after' data for A Peacock Among Pigeons - treating as zero interest
2026-02-05 21:51:57,672 - INFO - Successfully collected data for: A Peacock Among Pigeons
2026-02-05 21:52:02,636 - INFO - Successfully collected data for: Fifty Shades of Grey (Fifty Shades Series)
2026-02-05 21:52:07,601 - INFO - No 'after' data for A Day in the Life of Marlon Bundo - treating as zero interest
2026-02-05 21:52:07,601 - INFO - Successfully collected data for: A Day in the Life of Marlon Bundo
2026-02-05 21:52:10,101 - INFO - No 'before' data for The Purim Superhero - treating as zero interest
2026-02-05 21:52:12,626 - INFO - Successfully collected data for: The Purim Superhero
2026-02-05 21:52:17,299 - INFO - No 'after' data for Beautiful Bastard (Beautiful Bastard Series) - treating as zero interest
2026-02-05 21:52:17,300 - INFO - Successfully collected data for: Beautiful Bastard (Beautiful Bastard Series)
2026-02-05 21:52:22,661 - INFO - Successfully collected data for: All American Boys
2026-02-05 21:52:27,397 - INFO - Successfully collected data for: Fates and Furies
2026-02-05 21:52:29,902 - INFO - No 'before' data for Being Jazz: My Life as a (Transgender) Teen - treating as zero interest
2026-02-05 21:52:32,484 - INFO - No 'after' data for Being Jazz: My Life as a (Transgender) Teen - treating as zero interest
2026-02-05 21:52:32,484 - INFO - Successfully collected data for: Being Jazz: My Life as a (Transgender) Teen
2026-02-05 21:52:37,396 - INFO - No 'after' data for Drama: A Graphic Novel - treating as zero interest
2026-02-05 21:52:37,397 - INFO - Successfully collected data for: Drama: A Graphic Novel
2026-02-05 21:52:42,330 - INFO - Successfully collected data for: The God of Small Things
2026-02-05 21:52:47,455 - INFO - Successfully collected data for: The Handmaid's Tale
2026-02-05 21:52:49,781 - INFO - No 'before' data for The Parker Inheritance - treating as zero interest
2026-02-05 21:52:52,339 - INFO - Successfully collected data for: The Parker Inheritance
2026-02-05 21:52:56,931 - INFO - Successfully collected data for: Out of Darkness
2026-02-05 21:52:59,307 - INFO - No 'before' data for The Black Friend: On Being a Better White Person - treating as zero interest
2026-02-05 21:53:01,687 - INFO - No 'after' data for The Black Friend: On Being a Better White Person - treating as zero interest
2026-02-05 21:53:01,687 - INFO - Successfully collected data for: The Black Friend: On Being a Better White Person
2026-02-05 21:53:06,318 - INFO - Successfully collected data for: Thirteen Reasons Why
2026-02-05 21:53:11,502 - INFO - No 'after' data for Caraval (Caraval Series) - treating as zero interest
2026-02-05 21:53:11,504 - INFO - Successfully collected data for: Caraval (Caraval Series)
2026-02-05 21:53:14,078 - INFO - No 'before' data for The Family Fletcher Takes Rock Island (Family Fletcher Series) - treating as zero interest
2026-02-05 21:53:16,475 - INFO - Successfully collected data for: The Family Fletcher Takes Rock Island (Family Fletcher Series)
2026-02-05 21:53:21,440 - INFO - Successfully collected data for: A Court of Mist and Fury (A Court of Thorns and Roses Series)
2026-02-05 21:53:23,911 - INFO - No 'before' data for Eleanor & Park - treating as zero interest
2026-02-05 21:53:26,440 - INFO - Successfully collected data for: Eleanor & Park
2026-02-05 21:53:31,255 - INFO - Successfully collected data for: The Kite Runner
2026-02-05 21:53:35,845 - INFO - Successfully collected data for: A Court of Mist and Fury (A Court of Thorns and Roses Series)
2026-02-05 21:53:40,662 - INFO - No 'after' data for The Handmaid's Tale: The Graphic Novel - treating as zero interest
2026-02-05 21:53:40,664 - INFO - Successfully collected data for: The Handmaid's Tale: The Graphic Novel
2026-02-05 21:53:45,266 - INFO - Successfully collected data for: The Hate U Give
2026-02-05 21:53:50,191 - INFO - No 'after' data for Mommy, Mama, and Me - treating as zero interest
2026-02-05 21:53:50,191 - INFO - Successfully collected data for: Mommy, Mama, and Me
2026-02-05 21:53:54,815 - INFO - Successfully collected data for: Out of Darkness
2026-02-05 21:53:59,832 - INFO - No 'after' data for It's Perfectly Normal: Changing Bodies, Growing Up, Sex, and Sexual Health - treating as zero interest
2026-02-05 21:53:59,833 - INFO - Successfully collected data for: It's Perfectly Normal: Changing Bodies, Growing Up, Sex, and Sexual Health
2026-02-05 21:54:02,060 - ERROR - Error collecting data for Real Live Boyfriends: Yes. Boyfriends, Plural. If My Life Weren't Complicated, I Wouldn't Be Ruby Oliver: The request failed: Google returned a response with code 400
2026-02-05 21:54:07,011 - INFO - Successfully collected data for: How Beautiful We Were
2026-02-05 21:54:11,903 - INFO - No 'after' data for And Tango Makes Three - treating as zero interest
2026-02-05 21:54:11,904 - INFO - Successfully collected data for: And Tango Makes Three
2026-02-05 21:54:16,416 - INFO - Successfully collected data for: The Kite Runner
2026-02-05 21:54:18,799 - INFO - No 'before' data for Fly on the Wall: How One Girl Saw Everything - treating as zero interest
2026-02-05 21:54:21,178 - INFO - No 'after' data for Fly on the Wall: How One Girl Saw Everything - treating as zero interest
2026-02-05 21:54:21,178 - INFO - Successfully collected data for: Fly on the Wall: How One Girl Saw Everything
2026-02-05 21:54:25,831 - INFO - Successfully collected data for: The Hate U Give
2026-02-05 21:54:28,319 - INFO - No 'before' data for Call Me Max (Max and Friends Series) - treating as zero interest
2026-02-05 21:54:30,771 - INFO - No 'after' data for Call Me Max (Max and Friends Series) - treating as zero interest
2026-02-05 21:54:30,772 - INFO - Successfully collected data for: Call Me Max (Max and Friends Series)
2026-02-05 21:54:33,217 - INFO - No 'before' data for Sex Plus: Learning, Loving, and Enjoying Your Body - treating as zero interest
2026-02-05 21:54:35,571 - INFO - Successfully collected data for: Sex Plus: Learning, Loving, and Enjoying Your Body
2026-02-05 21:54:40,154 - INFO - Successfully collected data for: Flamer
2026-02-05 21:54:42,503 - INFO - No 'before' data for Two Boys Kissing - treating as zero interest
2026-02-05 21:54:44,977 - INFO - Successfully collected data for: Two Boys Kissing
2026-02-05 21:54:50,638 - INFO - Successfully collected data for: Speak
2026-02-05 21:54:53,009 - INFO - No 'before' data for Fun Home: A Family Tragicomic - treating as zero interest
2026-02-05 21:54:55,639 - INFO - No 'after' data for Fun Home: A Family Tragicomic - treating as zero interest
2026-02-05 21:54:55,640 - INFO - Successfully collected data for: Fun Home: A Family Tragicomic
2026-02-05 21:55:00,364 - INFO - Successfully collected data for: This Book Is Gay
2026-02-05 21:55:05,052 - INFO - Successfully collected data for: Tricks (Tricks Series)
2026-02-05 21:55:10,206 - INFO - Successfully collected data for: The Perks of Being a Wallflower
2026-02-05 21:55:12,568 - INFO - No 'before' data for Dead Until Dark (Sookie Stackhouse Series) - treating as zero interest
2026-02-05 21:55:14,945 - INFO - Successfully collected data for: Dead Until Dark (Sookie Stackhouse Series)
2026-02-05 21:55:17,339 - INFO - No 'before' data for Sex is a Funny Word: A Book about Bodies, Feelings, and YOU - treating as zero interest
2026-02-05 21:55:19,729 - INFO - No 'after' data for Sex is a Funny Word: A Book about Bodies, Feelings, and YOU - treating as zero interest
2026-02-05 21:55:19,730 - INFO - Successfully collected data for: Sex is a Funny Word: A Book about Bodies, Feelings, and YOU
2026-02-05 21:55:24,779 - INFO - Successfully collected data for: The Circle (The Circle Series)
2026-02-05 21:55:27,227 - INFO - No 'before' data for Two Dads: A Book About Adopton - treating as zero interest
2026-02-05 21:55:29,609 - INFO - No 'after' data for Two Dads: A Book About Adopton - treating as zero interest
2026-02-05 21:55:29,610 - INFO - Successfully collected data for: Two Dads: A Book About Adopton
2026-02-05 21:55:34,434 - INFO - Successfully collected data for: The Bluest Eye
2026-02-05 21:55:39,339 - INFO - Successfully collected data for: More Happy Than Not
2026-02-05 21:55:44,621 - INFO - Successfully collected data for: Blended
2026-02-05 21:55:49,534 - INFO - Successfully collected data for: The Absolutely True Diary of a Part-Time Indian
2026-02-05 21:55:51,896 - INFO - No 'before' data for Let Me Hear a Rhyme - treating as zero interest
2026-02-05 21:55:54,362 - INFO - Successfully collected data for: Let Me Hear a Rhyme
2026-02-05 21:55:59,002 - INFO - Successfully collected data for: The Bluest Eye
2026-02-05 21:56:01,355 - INFO - No 'before' data for Killing Mr. Griffin - treating as zero interest
2026-02-05 21:56:03,801 - INFO - No 'after' data for Killing Mr. Griffin - treating as zero interest
2026-02-05 21:56:03,801 - INFO - Successfully collected data for: Killing Mr. Griffin
2026-02-05 21:56:08,728 - INFO - Successfully collected data for: Beloved
2026-02-05 21:56:11,184 - INFO - No 'before' data for Fly on the Wall: How One Girl Saw Everything - treating as zero interest
2026-02-05 21:56:13,576 - INFO - No 'after' data for Fly on the Wall: How One Girl Saw Everything - treating as zero interest
2026-02-05 21:56:13,577 - INFO - Successfully collected data for: Fly on the Wall: How One Girl Saw Everything
2026-02-05 21:56:15,929 - INFO - No 'before' data for Killing Mr. Griffin - treating as zero interest
2026-02-05 21:56:18,365 - INFO - No 'after' data for Killing Mr. Griffin - treating as zero interest
2026-02-05 21:56:18,365 - INFO - Successfully collected data for: Killing Mr. Griffin
2026-02-05 21:56:20,829 - INFO - No 'before' data for Jack of Hearts (and other parts) - treating as zero interest
2026-02-05 21:56:23,328 - INFO - No 'after' data for Jack of Hearts (and other parts) - treating as zero interest
2026-02-05 21:56:23,329 - INFO - Successfully collected data for: Jack of Hearts (and other parts)
2026-02-05 21:56:25,707 - INFO - No 'before' data for Sloppy Firsts (Jessica Darling Series) - treating as zero interest
2026-02-05 21:56:28,031 - INFO - No 'after' data for Sloppy Firsts (Jessica Darling Series) - treating as zero interest
2026-02-05 21:56:28,032 - INFO - Successfully collected data for: Sloppy Firsts (Jessica Darling Series)
2026-02-05 21:56:32,741 - INFO - Successfully collected data for: Thirteen Reasons Why
2026-02-05 21:56:35,060 - INFO - No 'before' data for The Truth About Alice: A Novel - treating as zero interest
2026-02-05 21:56:37,396 - INFO - No 'after' data for The Truth About Alice: A Novel - treating as zero interest
2026-02-05 21:56:37,397 - INFO - Successfully collected data for: The Truth About Alice: A Novel
2026-02-05 21:56:42,419 - INFO - Successfully collected data for: Me and Earl and the Dying Girl
2026-02-05 21:56:47,458 - INFO - No 'after' data for The Vincent Boys (The Vincent Boys Series) - treating as zero interest
2026-02-05 21:56:47,458 - INFO - Successfully collected data for: The Vincent Boys (The Vincent Boys Series)
2026-02-05 21:56:49,916 - INFO - No 'before' data for Daddy's Roommate - treating as zero interest
2026-02-05 21:56:52,461 - INFO - Successfully collected data for: Daddy's Roommate
2026-02-05 21:56:54,697 - ERROR - Error collecting data for S.E.X.: The All-You-Need-To-Know Progressive Sexuality Guide to Get You Through High School and College: The request failed: Google returned a response with code 400
2026-02-05 21:56:59,578 - INFO - No 'after' data for Drama: A Graphic Novel - treating as zero interest
2026-02-05 21:56:59,579 - INFO - Successfully collected data for: Drama: A Graphic Novel
2026-02-05 21:57:04,672 - INFO - Successfully collected data for: The Scottsboro Boys
2026-02-05 21:57:09,916 - INFO - Successfully collected data for: Out of Darkness
2026-02-05 21:57:15,191 - INFO - Successfully collected data for: All Boys Aren't Blue
2026-02-05 21:57:20,543 - INFO - Successfully collected data for: This One Summer
2026-02-05 21:57:25,307 - INFO - Successfully collected data for: Nineteen Minutes
2026-02-05 21:57:28,235 - INFO - No 'before' data for Girl, Woman, Other - treating as zero interest
2026-02-05 21:57:30,770 - INFO - Successfully collected data for: Girl, Woman, Other
2026-02-05 21:57:36,003 - INFO - Successfully collected data for: Normal People
2026-02-05 21:57:41,124 - INFO - Successfully collected data for: Uglies (Uglies Series)
2026-02-05 21:57:46,163 - INFO - Successfully collected data for: American Born Chinese
2026-02-05 21:57:51,582 - INFO - Successfully collected data for: Triangles
2026-02-05 21:57:56,371 - INFO - Successfully collected data for: I am Jazz
2026-02-05 21:58:01,353 - INFO - Successfully collected data for: The Hate U Give
2026-02-05 21:58:03,804 - INFO - No 'before' data for Discovering Wes Moore - treating as zero interest
2026-02-05 21:58:06,319 - INFO - Successfully collected data for: Discovering Wes Moore
2026-02-05 21:58:11,421 - INFO - Successfully collected data for: Dear Martin
2026-02-05 21:58:17,451 - INFO - Successfully collected data for: What Girls Are Made Of
2026-02-05 21:58:22,530 - INFO - Successfully collected data for: Monday's Not Coming
2026-02-05 21:58:27,513 - INFO - Successfully collected data for: Almost Perfect
2026-02-05 21:58:32,631 - INFO - Successfully collected data for: Melissa (George)
2026-02-05 21:58:37,552 - INFO - Successfully collected data for: Forever...
2026-02-05 21:58:42,621 - INFO - Successfully collected data for: Worm Loves Worm
2026-02-05 21:58:48,448 - INFO - No 'after' data for The Gender Quest Workbook: A Guide for Teens and Young Adults Exploring Gender Identity - treating as zero interest
2026-02-05 21:58:48,449 - INFO - Successfully collected data for: The Gender Quest Workbook: A Guide for Teens and Young Adults Exploring Gender Identity
2026-02-05 21:58:51,054 - INFO - No 'before' data for Lola Levine and the Ballet Scheme (Lola Levine Series) - treating as zero interest
2026-02-05 21:58:53,615 - INFO - No 'after' data for Lola Levine and the Ballet Scheme (Lola Levine Series) - treating as zero interest
2026-02-05 21:58:53,615 - INFO - Successfully collected data for: Lola Levine and the Ballet Scheme (Lola Levine Series)
2026-02-05 21:58:58,665 - INFO - Successfully collected data for: We March
2026-02-05 21:59:03,629 - INFO - No 'after' data for Morris Micklewhite and the Tangerine Dress - treating as zero interest
2026-02-05 21:59:03,630 - INFO - Successfully collected data for: Morris Micklewhite and the Tangerine Dress
2026-02-05 21:59:06,076 - INFO - No 'before' data for How We Fight White Supremacy - treating as zero interest
2026-02-05 21:59:08,768 - INFO - No 'after' data for How We Fight White Supremacy - treating as zero interest
2026-02-05 21:59:08,769 - INFO - Successfully collected data for: How We Fight White Supremacy
2026-02-05 21:59:11,101 - INFO - No 'before' data for Lola at the Library with Mommy (Lola Series) - treating as zero interest
2026-02-05 21:59:13,572 - INFO - No 'after' data for Lola at the Library with Mommy (Lola Series) - treating as zero interest
2026-02-05 21:59:13,572 - INFO - Successfully collected data for: Lola at the Library with Mommy (Lola Series)
2026-02-05 21:59:16,028 - INFO - No 'before' data for Yasmin the Zookeeper (Yasmin Series) - treating as zero interest
2026-02-05 21:59:18,474 - INFO - No 'after' data for Yasmin the Zookeeper (Yasmin Series) - treating as zero interest
2026-02-05 21:59:18,475 - INFO - Successfully collected data for: Yasmin the Zookeeper (Yasmin Series)
2026-02-05 21:59:21,060 - INFO - No 'before' data for All the Colors We Are: Todos los colores de nuestra piel/The Story of How We Get Our Skin Color - treating as zero interest
2026-02-05 21:59:23,559 - INFO - No 'after' data for All the Colors We Are: Todos los colores de nuestra piel/The Story of How We Get Our Skin Color - treating as zero interest
2026-02-05 21:59:23,561 - INFO - Successfully collected data for: All the Colors We Are: Todos los colores de nuestra piel/The Story of How We Get Our Skin Color
2026-02-05 21:59:26,005 - INFO - No 'before' data for Lola Levine Is Not Mean! (Lola Levine Series) - treating as zero interest
2026-02-05 21:59:28,605 - INFO - Successfully collected data for: Lola Levine Is Not Mean! (Lola Levine Series)
2026-02-05 21:59:33,830 - INFO - Successfully collected data for: Who Was Lucille Ball? (Who was...? Series)
2026-02-05 21:59:36,441 - INFO - No 'before' data for Who Was Maria Tallchief? (Who was...? Series) - treating as zero interest
2026-02-05 21:59:39,068 - INFO - No 'after' data for Who Was Maria Tallchief? (Who was...? Series) - treating as zero interest
2026-02-05 21:59:39,068 - INFO - Successfully collected data for: Who Was Maria Tallchief? (Who was...? Series)
2026-02-05 21:59:44,223 - INFO - No 'after' data for Each Kindness - treating as zero interest
2026-02-05 21:59:44,225 - INFO - Successfully collected data for: Each Kindness
2026-02-05 21:59:46,934 - INFO - No 'before' data for What Were the Negro Leagues? (What was...? Series) - treating as zero interest
2026-02-05 21:59:49,626 - INFO - No 'after' data for What Were the Negro Leagues? (What was...? Series) - treating as zero interest
2026-02-05 21:59:49,626 - INFO - Successfully collected data for: What Were the Negro Leagues? (What was...? Series)
2026-02-05 21:59:54,647 - INFO - Successfully collected data for: This Is My America
2026-02-05 21:59:57,185 - INFO - No 'before' data for I am Martin Luther King, Jr. - treating as zero interest
2026-02-05 21:59:59,764 - INFO - No 'after' data for I am Martin Luther King, Jr. - treating as zero interest
2026-02-05 21:59:59,764 - INFO - Successfully collected data for: I am Martin Luther King, Jr.
2026-02-05 22:00:04,869 - INFO - Successfully collected data for: How to Be an Antiracist
2026-02-05 22:00:10,002 - INFO - Successfully collected data for: Always my Dad
2026-02-05 22:00:14,922 - INFO - No 'after' data for 47,000 Beads - treating as zero interest
2026-02-05 22:00:14,922 - INFO - Successfully collected data for: 47,000 Beads
2026-02-05 22:00:17,376 - INFO - No 'before' data for 25 Women Who Ruled - treating as zero interest
2026-02-05 22:00:19,931 - INFO - Successfully collected data for: 25 Women Who Ruled
2026-02-05 22:00:22,508 - INFO - No 'before' data for Pushout: The Criminalization of Black Girls in Schools - treating as zero interest
2026-02-05 22:00:25,066 - INFO - No 'after' data for Pushout: The Criminalization of Black Girls in Schools - treating as zero interest
2026-02-05 22:00:25,067 - INFO - Successfully collected data for: Pushout: The Criminalization of Black Girls in Schools
2026-02-05 22:00:27,719 - INFO - No 'before' data for Before John Was a Jazz Giant: A Song of John Coltrane - treating as zero interest
2026-02-05 22:00:30,168 - INFO - No 'after' data for Before John Was a Jazz Giant: A Song of John Coltrane - treating as zero interest
2026-02-05 22:00:30,169 - INFO - Successfully collected data for: Before John Was a Jazz Giant: A Song of John Coltrane
2026-02-05 22:00:35,252 - INFO - Successfully collected data for: One Green Apple
2026-02-05 22:00:40,418 - INFO - No 'after' data for Mission Star-Power (Jaden Toussaint, the Greatest Series) - treating as zero interest
2026-02-05 22:00:40,418 - INFO - Successfully collected data for: Mission Star-Power (Jaden Toussaint, the Greatest Series)
2026-02-05 22:00:46,191 - INFO - Successfully collected data for: All the World
2026-02-05 22:00:51,304 - INFO - No 'after' data for Hey Black Child - treating as zero interest
2026-02-05 22:00:51,304 - INFO - Successfully collected data for: Hey Black Child
2026-02-05 22:00:53,992 - INFO - No 'before' data for Yasmin the Fashionista (Yasmin Series) - treating as zero interest
2026-02-05 22:00:56,626 - INFO - No 'after' data for Yasmin the Fashionista (Yasmin Series) - treating as zero interest
2026-02-05 22:00:56,626 - INFO - Successfully collected data for: Yasmin the Fashionista (Yasmin Series)
2026-02-05 22:00:59,362 - INFO - No 'before' data for No Mirrors in My Nana's House: Musical CD and Book - treating as zero interest
2026-02-05 22:01:01,824 - INFO - No 'after' data for No Mirrors in My Nana's House: Musical CD and Book - treating as zero interest
2026-02-05 22:01:01,824 - INFO - Successfully collected data for: No Mirrors in My Nana's House: Musical CD and Book
2026-02-05 22:01:07,728 - INFO - Successfully collected data for: Because
2026-02-05 22:01:12,685 - INFO - No 'after' data for Jasmine Toguchi, Drummer Girl (Jasmine Toguchi Series) - treating as zero interest
2026-02-05 22:01:12,685 - INFO - Successfully collected data for: Jasmine Toguchi, Drummer Girl (Jasmine Toguchi Series)
2026-02-05 22:01:17,791 - INFO - No 'after' data for Team BFF: Race to the Finish! (Girls Who Code Series) - treating as zero interest
2026-02-05 22:01:17,791 - INFO - Successfully collected data for: Team BFF: Race to the Finish! (Girls Who Code Series)
2026-02-05 22:01:23,272 - INFO - Successfully collected data for: Hands Up!
2026-02-05 22:01:25,788 - INFO - No 'before' data for The Power of One: Every Act of Kindness Counts - treating as zero interest
2026-02-05 22:01:28,295 - INFO - Successfully collected data for: The Power of One: Every Act of Kindness Counts
2026-02-05 22:01:33,463 - INFO - No 'after' data for Yasmin the Friend (Yasmin Series) - treating as zero interest
2026-02-05 22:01:33,464 - INFO - Successfully collected data for: Yasmin the Friend (Yasmin Series)
2026-02-05 22:01:36,019 - INFO - No 'before' data for The Art of Critical Pedagogy: Possibilities for Moving from Theory to Practice in Urban Schools - treating as zero interest
2026-02-05 22:01:38,682 - INFO - No 'after' data for The Art of Critical Pedagogy: Possibilities for Moving from Theory to Practice in Urban Schools - treating as zero interest
2026-02-05 22:01:38,682 - INFO - Successfully collected data for: The Art of Critical Pedagogy: Possibilities for Moving from Theory to Practice in Urban Schools
2026-02-05 22:01:41,345 - INFO - No 'before' data for Pride: The Story of Harvey Milk and the Rainbow Flag - treating as zero interest
2026-02-05 22:01:43,914 - INFO - Successfully collected data for: Pride: The Story of Harvey Milk and the Rainbow Flag
2026-02-05 22:01:46,397 - INFO - No 'before' data for King & Kayla and the Case of the Lost Tooth (King & Kayla Series) - treating as zero interest
2026-02-05 22:01:48,861 - INFO - No 'after' data for King & Kayla and the Case of the Lost Tooth (King & Kayla Series) - treating as zero interest
2026-02-05 22:01:48,862 - INFO - Successfully collected data for: King & Kayla and the Case of the Lost Tooth (King & Kayla Series)
2026-02-05 22:01:51,287 - INFO - No 'before' data for Lola Loves Stories with Daddy (Lola Series) - treating as zero interest
2026-02-05 22:01:53,843 - INFO - No 'after' data for Lola Loves Stories with Daddy (Lola Series) - treating as zero interest
2026-02-05 22:01:53,843 - INFO - Successfully collected data for: Lola Loves Stories with Daddy (Lola Series)
2026-02-05 22:01:58,918 - INFO - Successfully collected data for: Ghost Boys
2026-02-05 22:02:04,028 - INFO - No 'after' data for As Fast as Words Could Fly - treating as zero interest
2026-02-05 22:02:04,028 - INFO - Successfully collected data for: As Fast as Words Could Fly
2026-02-05 22:02:06,466 - INFO - No 'before' data for My Family Adventure (Sofía Martínez Series) - treating as zero interest
2026-02-05 22:02:08,891 - INFO - No 'after' data for My Family Adventure (Sofía Martínez Series) - treating as zero interest
2026-02-05 22:02:08,892 - INFO - Successfully collected data for: My Family Adventure (Sofía Martínez Series)
2026-02-05 22:02:11,456 - INFO - No 'before' data for Harvesting Hope: The Story of Cesar Chavez - treating as zero interest
2026-02-05 22:02:13,957 - INFO - No 'after' data for Harvesting Hope: The Story of Cesar Chavez - treating as zero interest
2026-02-05 22:02:13,957 - INFO - Successfully collected data for: Harvesting Hope: The Story of Cesar Chavez
2026-02-05 22:02:16,569 - INFO - No 'before' data for Daddy, There's A Noise Outside - treating as zero interest
2026-02-05 22:02:18,990 - INFO - No 'after' data for Daddy, There's A Noise Outside - treating as zero interest
2026-02-05 22:02:18,991 - INFO - Successfully collected data for: Daddy, There's A Noise Outside
2026-02-05 22:02:25,341 - INFO - Successfully collected data for: Michelle
2026-02-05 22:02:27,871 - INFO - No 'before' data for Who Wants I Scream? (Desmond Cole Ghost Patrol Series) - treating as zero interest
2026-02-05 22:02:30,475 - INFO - No 'after' data for Who Wants I Scream? (Desmond Cole Ghost Patrol Series) - treating as zero interest
2026-02-05 22:02:30,475 - INFO - Successfully collected data for: Who Wants I Scream? (Desmond Cole Ghost Patrol Series)
2026-02-05 22:02:35,887 - INFO - No 'after' data for Planet Omar: Unexpected Super Spy (Planet Omar Series) - treating as zero interest
2026-02-05 22:02:35,888 - INFO - Successfully collected data for: Planet Omar: Unexpected Super Spy (Planet Omar Series)
2026-02-05 22:02:38,625 - INFO - No 'before' data for Exquisite: The Poetry and Life of Gwendolyn Brooks - treating as zero interest
2026-02-05 22:02:41,104 - INFO - No 'after' data for Exquisite: The Poetry and Life of Gwendolyn Brooks - treating as zero interest
2026-02-05 22:02:41,104 - INFO - Successfully collected data for: Exquisite: The Poetry and Life of Gwendolyn Brooks
2026-02-05 22:02:43,702 - INFO - No 'before' data for Ada Byron Lovelace and the Thinking Machine - treating as zero interest
2026-02-05 22:02:46,219 - INFO - No 'after' data for Ada Byron Lovelace and the Thinking Machine - treating as zero interest
2026-02-05 22:02:46,219 - INFO - Successfully collected data for: Ada Byron Lovelace and the Thinking Machine
2026-02-05 22:02:51,798 - INFO - Successfully collected data for: Saturday
2026-02-05 22:02:54,394 - INFO - No 'before' data for Culturally Sustaining Pedagogies: Teaching and Learning for Justice in a Changing World - treating as zero interest
2026-02-05 22:02:56,976 - INFO - Successfully collected data for: Culturally Sustaining Pedagogies: Teaching and Learning for Justice in a Changing World
2026-02-05 22:02:59,333 - INFO - No 'before' data for Mindy Kim and the Birthday Puppy (Mindy Kim Series) - treating as zero interest
2026-02-05 22:03:01,804 - INFO - No 'after' data for Mindy Kim and the Birthday Puppy (Mindy Kim Series) - treating as zero interest
2026-02-05 22:03:01,804 - INFO - Successfully collected data for: Mindy Kim and the Birthday Puppy (Mindy Kim Series)
2026-02-05 22:03:04,023 - ERROR - Error collecting data for Reparations, Yes!: The Legal And Political Reasons Why New Afrikans, Black People In North America, Should Be Paid Now For The Enslavement Of Our Ancestors: The request failed: Google returned a response with code 400
2026-02-05 22:03:09,112 - INFO - Successfully collected data for: Rainbow Revolutionaries: Fifty LGBTQ+ People Who Made History
2026-02-05 22:03:11,667 - INFO - No 'before' data for Shopping Trip Trouble (Sofía Martínez Series) - treating as zero interest
2026-02-05 22:03:14,133 - INFO - No 'after' data for Shopping Trip Trouble (Sofía Martínez Series) - treating as zero interest
2026-02-05 22:03:14,133 - INFO - Successfully collected data for: Shopping Trip Trouble (Sofía Martínez Series)
2026-02-05 22:03:19,869 - INFO - Successfully collected data for: Another
2026-02-05 22:03:22,413 - INFO - No 'before' data for Ghosts Don't Ride Bikes, Do They? (Desmond Cole Ghost Patrol Series) - treating as zero interest
2026-02-05 22:03:24,791 - INFO - Successfully collected data for: Ghosts Don't Ride Bikes, Do They? (Desmond Cole Ghost Patrol Series)
2026-02-05 22:03:28,519 - INFO - No 'before' data for Same, Same But Different - treating as zero interest
2026-02-05 22:03:31,018 - INFO - No 'after' data for Same, Same But Different - treating as zero interest
2026-02-05 22:03:31,018 - INFO - Successfully collected data for: Same, Same But Different
2026-02-05 22:03:33,574 - INFO - No 'before' data for Big Hair, Don't Care - treating as zero interest
2026-02-05 22:03:35,986 - INFO - No 'after' data for Big Hair, Don't Care - treating as zero interest
2026-02-05 22:03:35,986 - INFO - Successfully collected data for: Big Hair, Don't Care
2026-02-05 22:03:38,346 - INFO - No 'before' data for The Sleepwalking Snowman (Desmond Cole Ghost Patrol Series) - treating as zero interest
2026-02-05 22:03:40,797 - INFO - Successfully collected data for: The Sleepwalking Snowman (Desmond Cole Ghost Patrol Series)
2026-02-05 22:03:43,233 - INFO - No 'before' data for Lola Plants a Garden (Lola Series) - treating as zero interest
2026-02-05 22:03:45,761 - INFO - No 'after' data for Lola Plants a Garden (Lola Series) - treating as zero interest
2026-02-05 22:03:45,761 - INFO - Successfully collected data for: Lola Plants a Garden (Lola Series)
2026-02-05 22:03:48,102 - INFO - No 'before' data for Jabari Jumps (Jabari Series) - treating as zero interest
2026-02-05 22:03:50,573 - INFO - No 'after' data for Jabari Jumps (Jabari Series) - treating as zero interest
2026-02-05 22:03:50,573 - INFO - Successfully collected data for: Jabari Jumps (Jabari Series)
2026-02-05 22:03:53,032 - INFO - No 'before' data for Peanut Goes for the Gold - treating as zero interest
2026-02-05 22:03:55,707 - INFO - Successfully collected data for: Peanut Goes for the Gold
2026-02-05 22:03:58,382 - INFO - No 'before' data for Every Day Is Exciting (Sofía Martínez Series) - treating as zero interest
2026-02-05 22:04:00,917 - INFO - No 'after' data for Every Day Is Exciting (Sofía Martínez Series) - treating as zero interest
2026-02-05 22:04:00,918 - INFO - Successfully collected data for: Every Day Is Exciting (Sofía Martínez Series)
2026-02-05 22:04:05,975 - INFO - Successfully collected data for: A is for Activist
2026-02-05 22:04:08,594 - INFO - No 'before' data for Jasmine Toguchi, Mochi Queen (Jasmine Toguchi Series) - treating as zero interest
2026-02-05 22:04:11,059 - INFO - Successfully collected data for: Jasmine Toguchi, Mochi Queen (Jasmine Toguchi Series)
2026-02-05 22:04:13,616 - INFO - No 'before' data for Lulu and the Duck in the Park (Lulu Series) - treating as zero interest
2026-02-05 22:04:16,057 - INFO - No 'after' data for Lulu and the Duck in the Park (Lulu Series) - treating as zero interest
2026-02-05 22:04:16,058 - INFO - Successfully collected data for: Lulu and the Duck in the Park (Lulu Series)
2026-02-05 22:04:18,535 - INFO - No 'before' data for Max and the Tag-Along Moon - treating as zero interest
2026-02-05 22:04:21,106 - INFO - Successfully collected data for: Max and the Tag-Along Moon
2026-02-05 22:04:23,742 - INFO - No 'before' data for Counting on Katherine: How Katherine Johnson Saved Apollo 13 - treating as zero interest
2026-02-05 22:04:26,100 - INFO - No 'after' data for Counting on Katherine: How Katherine Johnson Saved Apollo 13 - treating as zero interest
2026-02-05 22:04:26,101 - INFO - Successfully collected data for: Counting on Katherine: How Katherine Johnson Saved Apollo 13
2026-02-05 22:04:28,696 - INFO - No 'before' data for Faces at the Bottom of the Well: The Permanence of Racism - treating as zero interest
2026-02-05 22:04:31,191 - INFO - No 'after' data for Faces at the Bottom of the Well: The Permanence of Racism - treating as zero interest
2026-02-05 22:04:31,192 - INFO - Successfully collected data for: Faces at the Bottom of the Well: The Permanence of Racism
2026-02-05 22:04:33,734 - INFO - No 'before' data for Ramadan Around The World - treating as zero interest
2026-02-05 22:04:36,169 - INFO - Successfully collected data for: Ramadan Around The World
2026-02-05 22:04:38,657 - INFO - No 'before' data for Cultivating Genius: An Equity Framework for Culturally and Historically Responsive Literacy - treating as zero interest
2026-02-05 22:04:41,338 - INFO - No 'after' data for Cultivating Genius: An Equity Framework for Culturally and Historically Responsive Literacy - treating as zero interest
2026-02-05 22:04:41,338 - INFO - Successfully collected data for: Cultivating Genius: An Equity Framework for Culturally and Historically Responsive Literacy
2026-02-05 22:04:46,512 - INFO - No 'after' data for Ghouls Just Want to Have Fun (Desmond Cole Ghost Patrol Series) - treating as zero interest
2026-02-05 22:04:46,513 - INFO - Successfully collected data for: Ghouls Just Want to Have Fun (Desmond Cole Ghost Patrol Series)
2026-02-05 22:04:49,066 - INFO - No 'before' data for Monster Trouble! - treating as zero interest
2026-02-05 22:04:51,523 - INFO - No 'after' data for Monster Trouble! - treating as zero interest
2026-02-05 22:04:51,523 - INFO - Successfully collected data for: Monster Trouble!
2026-02-05 22:04:53,932 - INFO - No 'before' data for How Many Stars in the Sky? - treating as zero interest
2026-02-05 22:04:56,455 - INFO - No 'after' data for How Many Stars in the Sky? - treating as zero interest
2026-02-05 22:04:56,456 - INFO - Successfully collected data for: How Many Stars in the Sky?
2026-02-05 22:04:59,021 - INFO - No 'before' data for My Family Plays Music - treating as zero interest
2026-02-05 22:05:01,508 - INFO - No 'after' data for My Family Plays Music - treating as zero interest
2026-02-05 22:05:01,508 - INFO - Successfully collected data for: My Family Plays Music
2026-02-05 22:05:06,733 - INFO - Successfully collected data for: Trivia Queen, 3rd Grade Supreme (Ruby and the Booker Boys Series)
2026-02-05 22:05:09,570 - INFO - No 'before' data for White Fragility: Why It's So Hard for White People to Talk About Racism - treating as zero interest
2026-02-05 22:05:12,245 - INFO - No 'after' data for White Fragility: Why It's So Hard for White People to Talk About Racism - treating as zero interest
2026-02-05 22:05:12,246 - INFO - Successfully collected data for: White Fragility: Why It's So Hard for White People to Talk About Racism
2026-02-05 22:05:14,809 - ERROR - Error collecting data for Culturally and Linguistically Responsive Teaching and Learning – Classroom Practices for Student Success, Grades K-12: The request failed: Google returned a response with code 400
2026-02-05 22:05:17,440 - INFO - No 'before' data for Alma and How She Got Her Name - treating as zero interest
2026-02-05 22:05:20,054 - INFO - No 'after' data for Alma and How She Got Her Name - treating as zero interest
2026-02-05 22:05:20,054 - INFO - Successfully collected data for: Alma and How She Got Her Name
2026-02-05 22:05:24,975 - INFO - Successfully collected data for: Trombone Shorty
2026-02-05 22:05:27,614 - INFO - No 'before' data for Chasing Space Young Readers' Edition - treating as zero interest
2026-02-05 22:05:30,156 - INFO - Successfully collected data for: Chasing Space Young Readers' Edition
2026-02-05 22:05:32,701 - INFO - No 'before' data for WeirDo Series: WeirDo - treating as zero interest
2026-02-05 22:05:35,257 - INFO - No 'after' data for WeirDo Series: WeirDo - treating as zero interest
2026-02-05 22:05:35,257 - INFO - Successfully collected data for: WeirDo Series: WeirDo
2026-02-05 22:05:37,877 - INFO - No 'before' data for Rap a Tap Tap: Here's Bojangles - Think of That! - treating as zero interest
2026-02-05 22:05:40,389 - INFO - No 'after' data for Rap a Tap Tap: Here's Bojangles - Think of That! - treating as zero interest
2026-02-05 22:05:40,390 - INFO - Successfully collected data for: Rap a Tap Tap: Here's Bojangles - Think of That!
2026-02-05 22:05:42,855 - INFO - No 'before' data for African American Cowboys: True Heroes Of The Old West - treating as zero interest
2026-02-05 22:05:45,297 - INFO - Successfully collected data for: African American Cowboys: True Heroes Of The Old West
2026-02-05 22:05:47,842 - INFO - No 'before' data for Nelson Beats The Odds - treating as zero interest
2026-02-05 22:05:50,462 - INFO - No 'after' data for Nelson Beats The Odds - treating as zero interest
2026-02-05 22:05:50,462 - INFO - Successfully collected data for: Nelson Beats The Odds
2026-02-05 22:05:53,090 - INFO - No 'before' data for The Book Itch: Freedom, Truth & Harlem's Greatest Bookstore - treating as zero interest
2026-02-05 22:05:55,606 - INFO - No 'after' data for The Book Itch: Freedom, Truth & Harlem's Greatest Bookstore - treating as zero interest
2026-02-05 22:05:55,607 - INFO - Successfully collected data for: The Book Itch: Freedom, Truth & Harlem's Greatest Bookstore
2026-02-05 22:05:58,142 - INFO - No 'before' data for Leila in Saffron - treating as zero interest
2026-02-05 22:06:00,656 - INFO - No 'after' data for Leila in Saffron - treating as zero interest
2026-02-05 22:06:00,656 - INFO - Successfully collected data for: Leila in Saffron
2026-02-05 22:06:05,874 - INFO - No 'after' data for The Story of Rap - treating as zero interest
2026-02-05 22:06:05,875 - INFO - Successfully collected data for: The Story of Rap
2026-02-05 22:06:11,115 - INFO - No 'after' data for Yasmin the Librarian (Yasmin Series) - treating as zero interest
2026-02-05 22:06:11,116 - INFO - Successfully collected data for: Yasmin the Librarian (Yasmin Series)
2026-02-05 22:06:13,537 - INFO - No 'before' data for The Marigold Mess (Sofía Martínez Series) - treating as zero interest
2026-02-05 22:06:16,039 - INFO - No 'after' data for The Marigold Mess (Sofía Martínez Series) - treating as zero interest
2026-02-05 22:06:16,039 - INFO - Successfully collected data for: The Marigold Mess (Sofía Martínez Series)
2026-02-05 22:06:22,474 - INFO - Successfully collected data for: The Name Jar
2026-02-05 22:06:25,071 - INFO - No 'before' data for I'm a Pretty Little Black Girl! - treating as zero interest
2026-02-05 22:06:27,703 - INFO - No 'after' data for I'm a Pretty Little Black Girl! - treating as zero interest
2026-02-05 22:06:27,704 - INFO - Successfully collected data for: I'm a Pretty Little Black Girl!
2026-02-05 22:06:30,349 - INFO - No 'before' data for King & Kayla and the Case of the Mysterious Mouse (King & Kayla Series) - treating as zero interest
2026-02-05 22:06:32,972 - INFO - Successfully collected data for: King & Kayla and the Case of the Mysterious Mouse (King & Kayla Series)
2026-02-05 22:06:35,468 - INFO - No 'before' data for Lola Loves Stories (Lola Series) - treating as zero interest
2026-02-05 22:06:38,021 - INFO - No 'after' data for Lola Loves Stories (Lola Series) - treating as zero interest
2026-02-05 22:06:38,021 - INFO - Successfully collected data for: Lola Loves Stories (Lola Series)
2026-02-05 22:06:40,496 - INFO - No 'before' data for Subtractive Schooling: U.S.-Mexican Youth and the Politics of Caring - treating as zero interest
2026-02-05 22:06:42,979 - INFO - Successfully collected data for: Subtractive Schooling: U.S.-Mexican Youth and the Politics of Caring
2026-02-05 22:06:47,804 - INFO - No 'after' data for ¿De Dónde Eres?/Where Are You From? - treating as zero interest
2026-02-05 22:06:47,805 - INFO - Successfully collected data for: ¿De Dónde Eres?/Where Are You From?
2026-02-05 22:06:52,871 - INFO - No 'after' data for The Quest for Screen Time (Jaden Toussaint, the Greatest Series) - treating as zero interest
2026-02-05 22:06:52,871 - INFO - Successfully collected data for: The Quest for Screen Time (Jaden Toussaint, the Greatest Series)
2026-02-05 22:06:55,501 - INFO - No 'before' data for King & Kayla and the Case of the Missing Dog Treats (King & Kayla Series) - treating as zero interest
2026-02-05 22:06:57,951 - INFO - No 'after' data for King & Kayla and the Case of the Missing Dog Treats (King & Kayla Series) - treating as zero interest
2026-02-05 22:06:57,951 - INFO - Successfully collected data for: King & Kayla and the Case of the Missing Dog Treats (King & Kayla Series)
2026-02-05 22:07:00,524 - INFO - No 'before' data for WeirDo Series: Hopping Weird! - treating as zero interest
2026-02-05 22:07:03,082 - INFO - No 'after' data for WeirDo Series: Hopping Weird! - treating as zero interest
2026-02-05 22:07:03,083 - INFO - Successfully collected data for: WeirDo Series: Hopping Weird!
2026-02-05 22:07:05,415 - INFO - No 'before' data for Grandpa Cacao: A Tale of Chocolate, from Farm to Family - treating as zero interest
2026-02-05 22:07:08,003 - INFO - Successfully collected data for: Grandpa Cacao: A Tale of Chocolate, from Farm to Family
2026-02-05 22:07:13,537 - INFO - Successfully collected data for: Encounter
2026-02-05 22:07:18,667 - INFO - Successfully collected data for: Esta bien ser diferente/It's Okay to Be Different (Spanish Version)
2026-02-05 22:07:21,177 - INFO - No 'before' data for Muffin Wars (Jaden Toussaint, the Greatest Series) - treating as zero interest
2026-02-05 22:07:23,739 - INFO - Successfully collected data for: Muffin Wars (Jaden Toussaint, the Greatest Series)
2026-02-05 22:07:26,237 - INFO - No 'before' data for Spotlight on Coding Club! (Girls Who Code Series) - treating as zero interest
2026-02-05 22:07:28,710 - INFO - No 'after' data for Spotlight on Coding Club! (Girls Who Code Series) - treating as zero interest
2026-02-05 22:07:28,710 - INFO - Successfully collected data for: Spotlight on Coding Club! (Girls Who Code Series)
2026-02-05 22:07:34,404 - INFO - Successfully collected data for: Come with Me
2026-02-05 22:07:36,776 - INFO - No 'before' data for Who Was Maya Angelou? (Who was...? Series) - treating as zero interest
2026-02-05 22:07:39,215 - INFO - No 'after' data for Who Was Maya Angelou? (Who was...? Series) - treating as zero interest
2026-02-05 22:07:39,216 - INFO - Successfully collected data for: Who Was Maya Angelou? (Who was...? Series)
2026-02-05 22:07:41,915 - INFO - No 'before' data for The Sunday Outing - treating as zero interest
2026-02-05 22:07:44,503 - INFO - Successfully collected data for: The Sunday Outing
2026-02-05 22:07:46,897 - INFO - No 'before' data for Lola Levine Meets Jelly and Bean (Lola Levine Series) - treating as zero interest
2026-02-05 22:07:49,513 - INFO - No 'after' data for Lola Levine Meets Jelly and Bean (Lola Levine Series) - treating as zero interest
2026-02-05 22:07:49,514 - INFO - Successfully collected data for: Lola Levine Meets Jelly and Bean (Lola Levine Series)
2026-02-05 22:07:54,566 - INFO - No 'after' data for An Indigenous Peoples' History of the United States - treating as zero interest
2026-02-05 22:07:54,567 - INFO - Successfully collected data for: An Indigenous Peoples' History of the United States
2026-02-05 22:07:57,048 - INFO - No 'before' data for Who Was Cesar Chavez? (Who was...? Series) - treating as zero interest
2026-02-05 22:07:59,416 - INFO - Successfully collected data for: Who Was Cesar Chavez? (Who was...? Series)
2026-02-05 22:08:01,863 - INFO - No 'before' data for When Stars Are Scattered - treating as zero interest
2026-02-05 22:08:04,425 - INFO - No 'after' data for When Stars Are Scattered - treating as zero interest
2026-02-05 22:08:04,426 - INFO - Successfully collected data for: When Stars Are Scattered
2026-02-05 22:08:06,886 - INFO - No 'before' data for The New Jim Crow: Mass Incarceration in the Age of Colorblindness - treating as zero interest
2026-02-05 22:08:09,650 - INFO - No 'after' data for The New Jim Crow: Mass Incarceration in the Age of Colorblindness - treating as zero interest
2026-02-05 22:08:09,651 - INFO - Successfully collected data for: The New Jim Crow: Mass Incarceration in the Age of Colorblindness
2026-02-05 22:08:15,376 - INFO - Successfully collected data for: Lovely
2026-02-05 22:08:18,041 - INFO - No 'before' data for Catching the Moon: The Story of a Young Girl's Baseball Dream - treating as zero interest
2026-02-05 22:08:20,506 - INFO - Successfully collected data for: Catching the Moon: The Story of a Young Girl's Baseball Dream
2026-02-05 22:08:23,099 - INFO - No 'before' data for Black Appetite. White Food.: Issues of Race, Voice, and Justice Within and Beyond the Classroom - treating as zero interest
2026-02-05 22:08:25,720 - INFO - No 'after' data for Black Appetite. White Food.: Issues of Race, Voice, and Justice Within and Beyond the Classroom - treating as zero interest
2026-02-05 22:08:25,720 - INFO - Successfully collected data for: Black Appetite. White Food.: Issues of Race, Voice, and Justice Within and Beyond the Classroom
2026-02-05 22:08:28,208 - INFO - No 'before' data for Brand New School, Brave New Ruby (Ruby and the Booker Boys Series) - treating as zero interest
2026-02-05 22:08:30,840 - INFO - No 'after' data for Brand New School, Brave New Ruby (Ruby and the Booker Boys Series) - treating as zero interest
2026-02-05 22:08:30,841 - INFO - Successfully collected data for: Brand New School, Brave New Ruby (Ruby and the Booker Boys Series)
2026-02-05 22:08:35,764 - INFO - No 'after' data for Transformative Ethnic Studies in Schools: Curriculum, Pedagogy, and Research - treating as zero interest
2026-02-05 22:08:35,764 - INFO - Successfully collected data for: Transformative Ethnic Studies in Schools: Curriculum, Pedagogy, and Research
2026-02-05 22:08:38,221 - INFO - No 'before' data for Attack of the Swamp Thing (Jaden Toussaint, the Greatest Series) - treating as zero interest
2026-02-05 22:08:40,846 - INFO - No 'after' data for Attack of the Swamp Thing (Jaden Toussaint, the Greatest Series) - treating as zero interest
2026-02-05 22:08:40,846 - INFO - Successfully collected data for: Attack of the Swamp Thing (Jaden Toussaint, the Greatest Series)
2026-02-05 22:08:46,091 - INFO - No 'after' data for Sofia Valdez, Future Prez (Questioneers Picture Books Series) - treating as zero interest
2026-02-05 22:08:46,092 - INFO - Successfully collected data for: Sofia Valdez, Future Prez (Questioneers Picture Books Series)
2026-02-05 22:08:51,366 - INFO - No 'after' data for Pele, King of Soccer/Pele, El rey del futbol: Bilingual Spanish-English - treating as zero interest
2026-02-05 22:08:51,367 - INFO - Successfully collected data for: Pele, King of Soccer/Pele, El rey del futbol: Bilingual Spanish-English
2026-02-05 22:08:53,972 - INFO - No 'before' data for Fry Bread: A Native American Family Story - treating as zero interest
2026-02-05 22:08:56,423 - INFO - Successfully collected data for: Fry Bread: A Native American Family Story
2026-02-05 22:08:58,993 - INFO - No 'before' data for IntersectionAllies: We Make Room for All - treating as zero interest
2026-02-05 22:09:01,570 - INFO - Successfully collected data for: IntersectionAllies: We Make Room for All
2026-02-05 22:09:06,878 - INFO - Successfully collected data for: You Matter
2026-02-05 22:09:12,298 - INFO - Successfully collected data for: Say Something
2026-02-05 22:09:14,947 - INFO - No 'before' data for Stamped from the Beginning: The Definitive History of Racist Ideas in America - treating as zero interest
2026-02-05 22:09:17,548 - INFO - Successfully collected data for: Stamped from the Beginning: The Definitive History of Racist Ideas in America
2026-02-05 22:09:20,196 - INFO - No 'before' data for Who Are Venus and Serena Williams? (What was...? Series) - treating as zero interest
2026-02-05 22:09:22,679 - INFO - Successfully collected data for: Who Are Venus and Serena Williams? (What was...? Series)
2026-02-05 22:09:27,924 - INFO - No 'after' data for Can We Talk about Race?: And Other Conversations in an Era of School Resegregation - treating as zero interest
2026-02-05 22:09:27,925 - INFO - Successfully collected data for: Can We Talk about Race?: And Other Conversations in an Era of School Resegregation
2026-02-05 22:09:30,405 - INFO - No 'before' data for Who Is Derek Jeter? (Who was...? Series) - treating as zero interest
2026-02-05 22:09:32,854 - INFO - No 'after' data for Who Is Derek Jeter? (Who was...? Series) - treating as zero interest
2026-02-05 22:09:32,854 - INFO - Successfully collected data for: Who Is Derek Jeter? (Who was...? Series)
2026-02-05 22:09:35,454 - INFO - No 'before' data for Niño Wrestles the World (Niño Series) - treating as zero interest
2026-02-05 22:09:39,026 - INFO - Successfully collected data for: Niño Wrestles the World (Niño Series)
2026-02-05 22:09:44,052 - INFO - Successfully collected data for: Clap When You Land
2026-02-05 22:09:49,404 - INFO - Successfully collected data for: The Other Side
2026-02-05 22:09:54,600 - INFO - No 'after' data for Yasmin the Scientist (Yasmin Series) - treating as zero interest
2026-02-05 22:09:54,601 - INFO - Successfully collected data for: Yasmin the Scientist (Yasmin Series)
2026-02-05 22:09:57,060 - INFO - No 'before' data for WeirDo Series: Splashy Weird! - treating as zero interest
2026-02-05 22:09:59,678 - INFO - No 'after' data for WeirDo Series: Splashy Weird! - treating as zero interest
2026-02-05 22:09:59,678 - INFO - Successfully collected data for: WeirDo Series: Splashy Weird!
2026-02-05 22:10:02,200 - INFO - No 'before' data for WeirDo Series: Weirdomania! - treating as zero interest
2026-02-05 22:10:04,754 - INFO - No 'after' data for WeirDo Series: Weirdomania! - treating as zero interest
2026-02-05 22:10:04,756 - INFO - Successfully collected data for: WeirDo Series: Weirdomania!
2026-02-05 22:10:10,308 - INFO - Successfully collected data for: Hair Love
2026-02-05 22:10:12,767 - INFO - No 'before' data for Planet Omar: Epic Hero Flop (Planet Omar Series) - treating as zero interest
2026-02-05 22:10:15,410 - INFO - Successfully collected data for: Planet Omar: Epic Hero Flop (Planet Omar Series)
2026-02-05 22:10:17,932 - INFO - No 'before' data for WeirDo Series: Even Weirder! - treating as zero interest
2026-02-05 22:10:20,492 - INFO - Successfully collected data for: WeirDo Series: Even Weirder!
2026-02-05 22:10:22,859 - INFO - No 'before' data for Condoleezza Rice: Being the Best (Gateway Biographies) - treating as zero interest
2026-02-05 22:10:25,437 - INFO - Successfully collected data for: Condoleezza Rice: Being the Best (Gateway Biographies)
2026-02-05 22:10:27,929 - INFO - No 'before' data for Pink Is for Boys - treating as zero interest
2026-02-05 22:10:30,287 - INFO - No 'after' data for Pink Is for Boys - treating as zero interest
2026-02-05 22:10:30,287 - INFO - Successfully collected data for: Pink Is for Boys
2026-02-05 22:10:35,214 - INFO - No 'after' data for Singing Superstar (Sofía Martínez Series) - treating as zero interest
2026-02-05 22:10:35,216 - INFO - Successfully collected data for: Singing Superstar (Sofía Martínez Series)
2026-02-05 22:10:37,653 - INFO - No 'before' data for Smoky Night - treating as zero interest
2026-02-05 22:10:40,001 - INFO - Successfully collected data for: Smoky Night
2026-02-05 22:10:45,060 - INFO - Successfully collected data for: Fishing Day
2026-02-05 22:10:47,534 - INFO - No 'before' data for Who Was Frida Kahlo? (Who was...? Series) - treating as zero interest
2026-02-05 22:10:49,920 - INFO - Successfully collected data for: Who Was Frida Kahlo? (Who was...? Series)
2026-02-05 22:10:52,473 - INFO - No 'before' data for Amazing Grace (Grace Series) - treating as zero interest
2026-02-05 22:10:54,921 - INFO - No 'after' data for Amazing Grace (Grace Series) - treating as zero interest
2026-02-05 22:10:54,921 - INFO - Successfully collected data for: Amazing Grace (Grace Series)
2026-02-05 22:10:59,969 - INFO - No 'after' data for Julián Is a Mermaid (Julián Series) - treating as zero interest
2026-02-05 22:10:59,970 - INFO - Successfully collected data for: Julián Is a Mermaid (Julián Series)
2026-02-05 22:11:02,451 - INFO - No 'before' data for Surf's Up, Creepy Stuff! (Desmond Cole Ghost Patrol Series) - treating as zero interest
2026-02-05 22:11:05,013 - INFO - No 'after' data for Surf's Up, Creepy Stuff! (Desmond Cole Ghost Patrol Series) - treating as zero interest
2026-02-05 22:11:05,013 - INFO - Successfully collected data for: Surf's Up, Creepy Stuff! (Desmond Cole Ghost Patrol Series)
2026-02-05 22:11:07,440 - INFO - No 'before' data for WeirDo Series: Spooky Weird! - treating as zero interest
2026-02-05 22:11:10,002 - INFO - No 'after' data for WeirDo Series: Spooky Weird! - treating as zero interest
2026-02-05 22:11:10,003 - INFO - Successfully collected data for: WeirDo Series: Spooky Weird!
2026-02-05 22:11:12,633 - INFO - No 'before' data for Can I Touch Your Hair? Poems of Race, Mistakes, and Friendship - treating as zero interest
2026-02-05 22:11:15,345 - INFO - Successfully collected data for: Can I Touch Your Hair? Poems of Race, Mistakes, and Friendship
2026-02-05 22:11:17,594 - ERROR - Error collecting data for All the Colors We Are: Todos los colores de nuestra piel/The Story of How We Get Our Skin Color (Spanish Version): The request failed: Google returned a response with code 400
2026-02-05 22:11:20,062 - INFO - No 'before' data for Henry's Freedom Box: A True Story from the Underground Railroad - treating as zero interest
2026-02-05 22:11:22,665 - INFO - No 'after' data for Henry's Freedom Box: A True Story from the Underground Railroad - treating as zero interest
2026-02-05 22:11:22,666 - INFO - Successfully collected data for: Henry's Freedom Box: A True Story from the Underground Railroad
2026-02-05 22:11:25,327 - INFO - No 'before' data for Lola Reads to Leo (Lola Series) - treating as zero interest
2026-02-05 22:11:27,775 - INFO - No 'after' data for Lola Reads to Leo (Lola Series) - treating as zero interest
2026-02-05 22:11:27,776 - INFO - Successfully collected data for: Lola Reads to Leo (Lola Series)
2026-02-05 22:11:30,220 - INFO - No 'before' data for Sing a Song: How "Lift Every Voice and Sing" Inspired Generations - treating as zero interest
2026-02-05 22:11:32,803 - INFO - No 'after' data for Sing a Song: How "Lift Every Voice and Sing" Inspired Generations - treating as zero interest
2026-02-05 22:11:32,804 - INFO - Successfully collected data for: Sing a Song: How "Lift Every Voice and Sing" Inspired Generations
2026-02-05 22:11:36,366 - INFO - No 'before' data for I Am Rosa Parks - treating as zero interest
2026-02-05 22:11:38,871 - INFO - Successfully collected data for: I Am Rosa Parks
2026-02-05 22:11:44,138 - INFO - Successfully collected data for: Your Name Is a Song
2026-02-05 22:11:49,403 - INFO - Successfully collected data for: All American Boys
2026-02-05 22:11:54,215 - INFO - No 'after' data for Patina (Track Series) - treating as zero interest
2026-02-05 22:11:54,216 - INFO - Successfully collected data for: Patina (Track Series)
2026-02-05 22:11:56,680 - INFO - No 'before' data for Hank's Big Day: The Story of a Bug - treating as zero interest
2026-02-05 22:11:59,206 - INFO - No 'after' data for Hank's Big Day: The Story of a Bug - treating as zero interest
2026-02-05 22:11:59,207 - INFO - Successfully collected data for: Hank's Big Day: The Story of a Bug
2026-02-05 22:12:01,698 - INFO - No 'before' data for Teach Us Your Name: Empowering Children to Teach Others to Pronounce Their Names Correctly - treating as zero interest
2026-02-05 22:12:04,340 - INFO - No 'after' data for Teach Us Your Name: Empowering Children to Teach Others to Pronounce Their Names Correctly - treating as zero interest
2026-02-05 22:12:04,340 - INFO - Successfully collected data for: Teach Us Your Name: Empowering Children to Teach Others to Pronounce Their Names Correctly
2026-02-05 22:12:06,902 - INFO - No 'before' data for This Book Is Anti-Racist: 20 Lessons on How to Wake Up, Take Action, and Do the Work - treating as zero interest
2026-02-05 22:12:09,481 - INFO - No 'after' data for This Book Is Anti-Racist: 20 Lessons on How to Wake Up, Take Action, and Do the Work - treating as zero interest
2026-02-05 22:12:09,481 - INFO - Successfully collected data for: This Book Is Anti-Racist: 20 Lessons on How to Wake Up, Take Action, and Do the Work
2026-02-05 22:12:14,332 - INFO - Successfully collected data for: All Are Welcome
2026-02-05 22:12:16,790 - INFO - No 'before' data for Little Leaders: Bold Women in Black History - treating as zero interest
2026-02-05 22:12:19,163 - INFO - No 'after' data for Little Leaders: Bold Women in Black History - treating as zero interest
2026-02-05 22:12:19,163 - INFO - Successfully collected data for: Little Leaders: Bold Women in Black History
2026-02-05 22:12:21,750 - INFO - No 'before' data for Tito Puente, Mambo King/Tito Puente, Rey del Mambo - treating as zero interest
2026-02-05 22:12:24,396 - INFO - No 'after' data for Tito Puente, Mambo King/Tito Puente, Rey del Mambo - treating as zero interest
2026-02-05 22:12:24,397 - INFO - Successfully collected data for: Tito Puente, Mambo King/Tito Puente, Rey del Mambo
2026-02-05 22:12:29,623 - INFO - Successfully collected data for: Mixed Me!
2026-02-05 22:12:32,220 - INFO - No 'before' data for Not Norman: A Goldfish Story - treating as zero interest
2026-02-05 22:12:34,853 - INFO - No 'after' data for Not Norman: A Goldfish Story - treating as zero interest
2026-02-05 22:12:34,854 - INFO - Successfully collected data for: Not Norman: A Goldfish Story
2026-02-05 22:12:37,466 - INFO - No 'before' data for Anna Hibiscus (Anna Hibiscus Series) - treating as zero interest
2026-02-05 22:12:39,965 - INFO - No 'after' data for Anna Hibiscus (Anna Hibiscus Series) - treating as zero interest
2026-02-05 22:12:39,965 - INFO - Successfully collected data for: Anna Hibiscus (Anna Hibiscus Series)
2026-02-05 22:12:42,400 - INFO - No 'before' data for Ninth Ward (The Louisiana Girls Trilogy Series) - treating as zero interest
2026-02-05 22:12:44,892 - INFO - No 'after' data for Ninth Ward (The Louisiana Girls Trilogy Series) - treating as zero interest
2026-02-05 22:12:44,892 - INFO - Successfully collected data for: Ninth Ward (The Louisiana Girls Trilogy Series)
2026-02-05 22:12:47,364 - INFO - No 'before' data for Escape from the Roller Ghoster (Desmond Cole Ghost Patrol Series) - treating as zero interest
2026-02-05 22:12:49,858 - INFO - Successfully collected data for: Escape from the Roller Ghoster (Desmond Cole Ghost Patrol Series)
2026-02-05 22:12:55,072 - INFO - Successfully collected data for: Refugee
2026-02-05 22:13:00,186 - INFO - Successfully collected data for: I Am Not Your Perfect Mexican Daughter
2026-02-05 22:13:02,812 - INFO - No 'before' data for I Am Human: A Book of Empathy (I Am... Series) - treating as zero interest
2026-02-05 22:13:05,279 - INFO - Successfully collected data for: I Am Human: A Book of Empathy (I Am... Series)
2026-02-05 22:13:07,831 - INFO - No 'before' data for Yasmin the Gardener (Yasmin Series) - treating as zero interest
2026-02-05 22:13:10,179 - INFO - No 'after' data for Yasmin the Gardener (Yasmin Series) - treating as zero interest
2026-02-05 22:13:10,179 - INFO - Successfully collected data for: Yasmin the Gardener (Yasmin Series)
2026-02-05 22:13:15,511 - INFO - No 'after' data for Mae Among the Stars - treating as zero interest
2026-02-05 22:13:15,512 - INFO - Successfully collected data for: Mae Among the Stars
2026-02-05 22:13:20,553 - INFO - No 'after' data for ¡Solo pregunta!: Sé Diferente, Sé Valiente, Sé Tú - treating as zero interest
2026-02-05 22:13:20,553 - INFO - Successfully collected data for: ¡Solo pregunta!: Sé Diferente, Sé Valiente, Sé Tú
2026-02-05 22:13:25,531 - INFO - Successfully collected data for: The Hate U Give
2026-02-05 22:13:30,368 - INFO - No 'after' data for Bilal Cooks Daal - treating as zero interest
2026-02-05 22:13:30,369 - INFO - Successfully collected data for: Bilal Cooks Daal
2026-02-05 22:13:35,855 - INFO - Successfully collected data for: I Am Who I Am
2026-02-05 22:13:38,426 - INFO - No 'before' data for WeirDo Series: Crazy Weird! - treating as zero interest
2026-02-05 22:13:40,956 - INFO - No 'after' data for WeirDo Series: Crazy Weird! - treating as zero interest
2026-02-05 22:13:40,956 - INFO - Successfully collected data for: WeirDo Series: Crazy Weird!
2026-02-05 22:13:43,466 - INFO - No 'before' data for The Proudest Blue: A Story of Hijab and Family - treating as zero interest
2026-02-05 22:13:46,050 - INFO - Successfully collected data for: The Proudest Blue: A Story of Hijab and Family
2026-02-05 22:13:48,608 - INFO - No 'before' data for Amelia to Zora: Twenty-Six Women Who Changed the World - treating as zero interest
2026-02-05 22:13:51,077 - INFO - No 'after' data for Amelia to Zora: Twenty-Six Women Who Changed the World - treating as zero interest
2026-02-05 22:13:51,079 - INFO - Successfully collected data for: Amelia to Zora: Twenty-Six Women Who Changed the World
2026-02-05 22:13:53,711 - INFO - No 'before' data for Changing the Equation: 50+ US Black Women in STEM - treating as zero interest
2026-02-05 22:13:56,270 - INFO - Successfully collected data for: Changing the Equation: 50+ US Black Women in STEM
2026-02-05 22:13:58,827 - INFO - No 'before' data for Yasmin the Superhero (Yasmin Series) - treating as zero interest
2026-02-05 22:14:01,282 - INFO - No 'after' data for Yasmin the Superhero (Yasmin Series) - treating as zero interest
2026-02-05 22:14:01,283 - INFO - Successfully collected data for: Yasmin the Superhero (Yasmin Series)
2026-02-05 22:14:03,853 - INFO - No 'before' data for Look Both Ways: A Tale Told in Ten Blocks - treating as zero interest
2026-02-05 22:14:06,505 - INFO - No 'after' data for Look Both Ways: A Tale Told in Ten Blocks - treating as zero interest
2026-02-05 22:14:06,505 - INFO - Successfully collected data for: Look Both Ways: A Tale Told in Ten Blocks
2026-02-05 22:14:08,949 - INFO - No 'before' data for A Bike Like Sergio's - treating as zero interest
2026-02-05 22:14:11,304 - INFO - No 'after' data for A Bike Like Sergio's - treating as zero interest
2026-02-05 22:14:11,304 - INFO - Successfully collected data for: A Bike Like Sergio's
2026-02-05 22:14:13,806 - INFO - No 'before' data for Mindy Kim and the Fairy-Tale Wedding (Mindy Kim Series) - treating as zero interest
2026-02-05 22:14:16,266 - INFO - No 'after' data for Mindy Kim and the Fairy-Tale Wedding (Mindy Kim Series) - treating as zero interest
2026-02-05 22:14:16,266 - INFO - Successfully collected data for: Mindy Kim and the Fairy-Tale Wedding (Mindy Kim Series)
2026-02-05 22:14:18,827 - INFO - No 'before' data for Abuela's Birthday (Sofía Martínez Series) - treating as zero interest
2026-02-05 22:14:21,314 - INFO - No 'after' data for Abuela's Birthday (Sofía Martínez Series) - treating as zero interest
2026-02-05 22:14:21,314 - INFO - Successfully collected data for: Abuela's Birthday (Sofía Martínez Series)
2026-02-05 22:14:23,863 - INFO - No 'before' data for Chocolate Milk, Por Favor - treating as zero interest
2026-02-05 22:14:26,468 - INFO - No 'after' data for Chocolate Milk, Por Favor - treating as zero interest
2026-02-05 22:14:26,469 - INFO - Successfully collected data for: Chocolate Milk, Por Favor
2026-02-05 22:14:28,999 - INFO - No 'before' data for The Ladek Invasion (Jaden Toussaint, the Greatest Series) - treating as zero interest
2026-02-05 22:14:31,434 - INFO - No 'after' data for The Ladek Invasion (Jaden Toussaint, the Greatest Series) - treating as zero interest
2026-02-05 22:14:31,434 - INFO - Successfully collected data for: The Ladek Invasion (Jaden Toussaint, the Greatest Series)
2026-02-05 22:14:36,391 - INFO - No 'after' data for Nikki & Deja (Nikki & Deja Series) - treating as zero interest
2026-02-05 22:14:36,393 - INFO - Successfully collected data for: Nikki & Deja (Nikki & Deja Series)
2026-02-05 22:14:39,003 - INFO - No 'before' data for Indian No More - treating as zero interest
2026-02-05 22:14:41,574 - INFO - Successfully collected data for: Indian No More
2026-02-05 22:14:46,786 - INFO - No 'after' data for My Papi Has a Motorcycle - treating as zero interest
2026-02-05 22:14:46,787 - INFO - Successfully collected data for: My Papi Has a Motorcycle
2026-02-05 22:14:49,364 - INFO - No 'before' data for The People Shall Continue - treating as zero interest
2026-02-05 22:14:51,942 - INFO - Successfully collected data for: The People Shall Continue
2026-02-05 22:14:54,533 - INFO - No 'before' data for Abuela's Special Letters (Sofía Martínez Series) - treating as zero interest
2026-02-05 22:14:57,099 - INFO - No 'after' data for Abuela's Special Letters (Sofía Martínez Series) - treating as zero interest
2026-02-05 22:14:57,099 - INFO - Successfully collected data for: Abuela's Special Letters (Sofía Martínez Series)
2026-02-05 22:14:59,647 - INFO - No 'before' data for Hey, Charleston!: The True Story of the Jenkins Orphanage Band - treating as zero interest
2026-02-05 22:15:02,326 - INFO - Successfully collected data for: Hey, Charleston!: The True Story of the Jenkins Orphanage Band
2026-02-05 22:15:04,870 - INFO - No 'before' data for 25 Women Who Fought Back - treating as zero interest
2026-02-05 22:15:07,554 - INFO - Successfully collected data for: 25 Women Who Fought Back
2026-02-05 22:15:09,928 - INFO - No 'before' data for Jasmine Toguchi, Flamingo Keeper (Jasmine Toguchi Series) - treating as zero interest
2026-02-05 22:15:12,450 - INFO - No 'after' data for Jasmine Toguchi, Flamingo Keeper (Jasmine Toguchi Series) - treating as zero interest
2026-02-05 22:15:12,451 - INFO - Successfully collected data for: Jasmine Toguchi, Flamingo Keeper (Jasmine Toguchi Series)
2026-02-05 22:15:14,874 - INFO - No 'before' data for WeirDo Series: Really Weird! - treating as zero interest
2026-02-05 22:15:17,366 - INFO - No 'after' data for WeirDo Series: Really Weird! - treating as zero interest
2026-02-05 22:15:17,366 - INFO - Successfully collected data for: WeirDo Series: Really Weird!
2026-02-05 22:15:22,484 - INFO - No 'after' data for Yasmin the Teacher (Yasmin Series) - treating as zero interest
2026-02-05 22:15:22,485 - INFO - Successfully collected data for: Yasmin the Teacher (Yasmin Series)
2026-02-05 22:15:24,943 - INFO - No 'before' data for The Boy Who Didn't Believe in Spring - treating as zero interest
2026-02-05 22:15:27,398 - INFO - Successfully collected data for: The Boy Who Didn't Believe in Spring
2026-02-05 22:15:32,420 - INFO - No 'after' data for The Missing Mouse (Sofía Martínez Series) - treating as zero interest
2026-02-05 22:15:32,421 - INFO - Successfully collected data for: The Missing Mouse (Sofía Martínez Series)
2026-02-05 22:15:34,919 - INFO - No 'before' data for Mindy Kim and the Trip to Korea (Mindy Kim Series) - treating as zero interest
2026-02-05 22:15:37,487 - INFO - No 'after' data for Mindy Kim and the Trip to Korea (Mindy Kim Series) - treating as zero interest
2026-02-05 22:15:37,487 - INFO - Successfully collected data for: Mindy Kim and the Trip to Korea (Mindy Kim Series)
2026-02-05 22:15:40,165 - INFO - No 'before' data for Gordon Parks: How the Photographer Captured Black and White America - treating as zero interest
2026-02-05 22:15:42,758 - INFO - No 'after' data for Gordon Parks: How the Photographer Captured Black and White America - treating as zero interest
2026-02-05 22:15:42,758 - INFO - Successfully collected data for: Gordon Parks: How the Photographer Captured Black and White America
2026-02-05 22:15:45,323 - INFO - No 'before' data for Not Quite Snow White - treating as zero interest
2026-02-05 22:15:47,894 - INFO - Successfully collected data for: Not Quite Snow White
2026-02-05 22:15:50,314 - INFO - No 'before' data for The 5 O'Clock Band - treating as zero interest
2026-02-05 22:15:52,863 - INFO - No 'after' data for The 5 O'Clock Band - treating as zero interest
2026-02-05 22:15:52,863 - INFO - Successfully collected data for: The 5 O'Clock Band
2026-02-05 22:15:55,322 - INFO - No 'before' data for Cilla Lee-Jenkins: The Epic Story (Cilla Lee-Jenkins Series) - treating as zero interest
2026-02-05 22:15:57,831 - INFO - No 'after' data for Cilla Lee-Jenkins: The Epic Story (Cilla Lee-Jenkins Series) - treating as zero interest
2026-02-05 22:15:57,831 - INFO - Successfully collected data for: Cilla Lee-Jenkins: The Epic Story (Cilla Lee-Jenkins Series)
2026-02-05 22:16:02,894 - INFO - No 'after' data for Little Melba and Her Big Trombone - treating as zero interest
2026-02-05 22:16:02,895 - INFO - Successfully collected data for: Little Melba and Her Big Trombone
2026-02-05 22:16:05,447 - INFO - No 'before' data for Squeak, Rumble, Whomp! Whomp! Whomp!: A Sonic Adventure - treating as zero interest
2026-02-05 22:16:08,105 - INFO - Successfully collected data for: Squeak, Rumble, Whomp! Whomp! Whomp!: A Sonic Adventure
2026-02-05 22:16:13,611 - INFO - Successfully collected data for: I Promise
2026-02-05 22:16:18,795 - INFO - No 'after' data for King & Kayla and the Case of the Secret Code (King & Kayla Series) - treating as zero interest
2026-02-05 22:16:18,796 - INFO - Successfully collected data for: King & Kayla and the Case of the Secret Code (King & Kayla Series)
2026-02-05 22:16:21,344 - INFO - No 'before' data for The Girl with a Mind for Math: The Story of Raye Montague - treating as zero interest
2026-02-05 22:16:23,849 - INFO - No 'after' data for The Girl with a Mind for Math: The Story of Raye Montague - treating as zero interest
2026-02-05 22:16:23,849 - INFO - Successfully collected data for: The Girl with a Mind for Math: The Story of Raye Montague
2026-02-05 22:16:28,933 - INFO - No 'after' data for Cilla Lee-Jenkins: This Book Is a Classic (Cilla Lee-Jenkins Series) - treating as zero interest
2026-02-05 22:16:28,933 - INFO - Successfully collected data for: Cilla Lee-Jenkins: This Book Is a Classic (Cilla Lee-Jenkins Series)
2026-02-05 22:16:31,438 - INFO - No 'before' data for Yasmin the Chef (Yasmin Series) - treating as zero interest
2026-02-05 22:16:33,766 - INFO - Successfully collected data for: Yasmin the Chef (Yasmin Series)
2026-02-05 22:16:36,303 - INFO - No 'before' data for Bat and the Waiting Game (A Boy Called Bat Series) - treating as zero interest
2026-02-05 22:16:38,899 - INFO - No 'after' data for Bat and the Waiting Game (A Boy Called Bat Series) - treating as zero interest
2026-02-05 22:16:38,899 - INFO - Successfully collected data for: Bat and the Waiting Game (A Boy Called Bat Series)
2026-02-05 22:16:41,442 - INFO - No 'before' data for A Kids Book About Racism - treating as zero interest
2026-02-05 22:16:43,805 - INFO - No 'after' data for A Kids Book About Racism - treating as zero interest
2026-02-05 22:16:43,805 - INFO - Successfully collected data for: A Kids Book About Racism
2026-02-05 22:16:46,339 - INFO - No 'before' data for What Was Stonewall? (What was...? Series) - treating as zero interest
2026-02-05 22:16:48,888 - INFO - No 'after' data for What Was Stonewall? (What was...? Series) - treating as zero interest
2026-02-05 22:16:48,888 - INFO - Successfully collected data for: What Was Stonewall? (What was...? Series)
2026-02-05 22:16:53,866 - INFO - Successfully collected data for: Sulwe
2026-02-05 22:16:56,416 - INFO - No 'before' data for WeirDo Series: Messy Weird! - treating as zero interest
2026-02-05 22:16:58,872 - INFO - Successfully collected data for: WeirDo Series: Messy Weird!
2026-02-05 22:17:03,952 - INFO - No 'after' data for They Called Us Enemy - treating as zero interest
2026-02-05 22:17:03,954 - INFO - Successfully collected data for: They Called Us Enemy
2026-02-05 22:17:06,452 - INFO - No 'before' data for Tameka's New Dress - treating as zero interest
2026-02-05 22:17:08,993 - INFO - No 'after' data for Tameka's New Dress - treating as zero interest
2026-02-05 22:17:08,994 - INFO - Successfully collected data for: Tameka's New Dress
2026-02-05 22:17:11,347 - INFO - No 'before' data for WeirDo Series: Planet Weird - treating as zero interest
2026-02-05 22:17:13,712 - INFO - Successfully collected data for: WeirDo Series: Planet Weird
2026-02-05 22:17:18,777 - INFO - Successfully collected data for: Teaching to Transgress: Education as the Practice of Freedom
2026-02-05 22:17:21,355 - INFO - No 'before' data for Skin Like Mine (Kids Like Mine Series) - treating as zero interest
2026-02-05 22:17:23,698 - INFO - No 'after' data for Skin Like Mine (Kids Like Mine Series) - treating as zero interest
2026-02-05 22:17:23,698 - INFO - Successfully collected data for: Skin Like Mine (Kids Like Mine Series)
2026-02-05 22:17:26,263 - INFO - No 'before' data for 25 Women Who Dared to Go - treating as zero interest
2026-02-05 22:17:28,717 - INFO - No 'after' data for 25 Women Who Dared to Go - treating as zero interest
2026-02-05 22:17:28,717 - INFO - Successfully collected data for: 25 Women Who Dared to Go
2026-02-05 22:17:33,703 - INFO - Successfully collected data for: Melissa (George)
2026-02-05 22:17:35,928 - ERROR - Error collecting data for Shining Legacy: A Treasury of "Storypoems and Tales for the Young So Black Heroes Forever Will Be Sung": The request failed: Google returned a response with code 400
2026-02-05 22:17:40,785 - INFO - Successfully collected data for: Before the Ever After
2026-02-05 22:17:43,010 - ERROR - Error collecting data for Culturally Responsive Teaching and The Brain: Promoting Authentic Engagement and Rigor Among Culturally and Linguistically Diverse Students: The request failed: Google returned a response with code 400
2026-02-05 22:17:45,466 - INFO - No 'before' data for Who Was Eleanor Roosevelt? (Who was...? Series) - treating as zero interest
2026-02-05 22:17:48,047 - INFO - Successfully collected data for: Who Was Eleanor Roosevelt? (Who was...? Series)
2026-02-05 22:17:52,906 - INFO - No 'after' data for Separate Is Never Equal: Sylvia Mendez and Her Family’s Fight for Desegregation - treating as zero interest
2026-02-05 22:17:52,908 - INFO - Successfully collected data for: Separate Is Never Equal: Sylvia Mendez and Her Family’s Fight for Desegregation
2026-02-05 22:17:55,339 - INFO - No 'before' data for Yasmin the Writer (Yasmin Series) - treating as zero interest
2026-02-05 22:17:57,892 - INFO - No 'after' data for Yasmin the Writer (Yasmin Series) - treating as zero interest
2026-02-05 22:17:57,892 - INFO - Successfully collected data for: Yasmin the Writer (Yasmin Series)
2026-02-05 22:18:00,240 - INFO - No 'before' data for Around Our Way on Neighbors' Day - treating as zero interest
2026-02-05 22:18:02,775 - INFO - No 'after' data for Around Our Way on Neighbors' Day - treating as zero interest
2026-02-05 22:18:02,775 - INFO - Successfully collected data for: Around Our Way on Neighbors' Day
2026-02-05 22:18:05,345 - INFO - No 'before' data for King & Kayla and the Case of Found Fred (King & Kayla Series) - treating as zero interest
2026-02-05 22:18:07,931 - INFO - No 'after' data for King & Kayla and the Case of Found Fred (King & Kayla Series) - treating as zero interest
2026-02-05 22:18:07,932 - INFO - Successfully collected data for: King & Kayla and the Case of Found Fred (King & Kayla Series)
2026-02-05 22:18:10,403 - INFO - No 'before' data for A is for Audra: Broadway's Leading Ladies from A to Z - treating as zero interest
2026-02-05 22:18:12,952 - INFO - No 'after' data for A is for Audra: Broadway's Leading Ladies from A to Z - treating as zero interest
2026-02-05 22:18:12,952 - INFO - Successfully collected data for: A is for Audra: Broadway's Leading Ladies from A to Z
2026-02-05 22:18:15,471 - INFO - No 'before' data for Peeny Butter Fudge - treating as zero interest
2026-02-05 22:18:17,887 - INFO - No 'after' data for Peeny Butter Fudge - treating as zero interest
2026-02-05 22:18:17,887 - INFO - Successfully collected data for: Peeny Butter Fudge
2026-02-05 22:18:20,389 - INFO - No 'before' data for The Friendship Code (Girls Who Code Series) - treating as zero interest
2026-02-05 22:18:22,978 - INFO - No 'after' data for The Friendship Code (Girls Who Code Series) - treating as zero interest
2026-02-05 22:18:22,978 - INFO - Successfully collected data for: The Friendship Code (Girls Who Code Series)
2026-02-05 22:18:25,544 - INFO - No 'before' data for Planet Omar: Incredible Rescue Mission (Planet Omar Series) - treating as zero interest
2026-02-05 22:18:28,115 - INFO - No 'after' data for Planet Omar: Incredible Rescue Mission (Planet Omar Series) - treating as zero interest
2026-02-05 22:18:28,115 - INFO - Successfully collected data for: Planet Omar: Incredible Rescue Mission (Planet Omar Series)
2026-02-05 22:18:30,484 - INFO - No 'before' data for Everyday Antiracism: Getting Real About Race in School - treating as zero interest
2026-02-05 22:18:32,925 - INFO - No 'after' data for Everyday Antiracism: Getting Real About Race in School - treating as zero interest
2026-02-05 22:18:32,926 - INFO - Successfully collected data for: Everyday Antiracism: Getting Real About Race in School
2026-02-05 22:18:35,250 - INFO - No 'before' data for Lola Sleeps Over (Lola Series) - treating as zero interest
2026-02-05 22:18:37,784 - INFO - No 'after' data for Lola Sleeps Over (Lola Series) - treating as zero interest
2026-02-05 22:18:37,784 - INFO - Successfully collected data for: Lola Sleeps Over (Lola Series)
2026-02-05 22:18:40,360 - INFO - No 'before' data for "Multiplication Is for White People": Raising Expectations for Other People's Children - treating as zero interest
2026-02-05 22:18:42,850 - INFO - Successfully collected data for: "Multiplication Is for White People": Raising Expectations for Other People's Children
2026-02-05 22:18:47,910 - INFO - No 'after' data for Hot Day on Abbott Avenue - treating as zero interest
2026-02-05 22:18:47,912 - INFO - Successfully collected data for: Hot Day on Abbott Avenue
2026-02-05 22:18:50,493 - INFO - No 'before' data for Duke Ellington: The Piano Prince and His Orchestra - treating as zero interest
2026-02-05 22:18:52,963 - INFO - Successfully collected data for: Duke Ellington: The Piano Prince and His Orchestra
2026-02-05 22:18:55,303 - INFO - No 'before' data for Malala's Magic Pencil - treating as zero interest
2026-02-05 22:18:57,632 - INFO - No 'after' data for Malala's Magic Pencil - treating as zero interest
2026-02-05 22:18:57,632 - INFO - Successfully collected data for: Malala's Magic Pencil
2026-02-05 22:19:00,089 - INFO - No 'before' data for Who Was Harriet Beecher Stowe? (Who was...? Series) - treating as zero interest
2026-02-05 22:19:02,577 - INFO - No 'after' data for Who Was Harriet Beecher Stowe? (Who was...? Series) - treating as zero interest
2026-02-05 22:19:02,577 - INFO - Successfully collected data for: Who Was Harriet Beecher Stowe? (Who was...? Series)
2026-02-05 22:19:05,036 - INFO - No 'before' data for Sofia's Party Shoes (Sofía Martínez Series) - treating as zero interest
2026-02-05 22:19:07,392 - INFO - No 'after' data for Sofia's Party Shoes (Sofía Martínez Series) - treating as zero interest
2026-02-05 22:19:07,393 - INFO - Successfully collected data for: Sofia's Party Shoes (Sofía Martínez Series)
2026-02-05 22:19:12,323 - INFO - Successfully collected data for: Shades of People
2026-02-05 22:19:14,967 - INFO - No 'before' data for WeirDo Series: Spinning Weird - treating as zero interest
2026-02-05 22:19:17,526 - INFO - No 'after' data for WeirDo Series: Spinning Weird - treating as zero interest
2026-02-05 22:19:17,527 - INFO - Successfully collected data for: WeirDo Series: Spinning Weird
2026-02-05 22:19:22,430 - INFO - No 'after' data for WeirDo Series: Extra Weird! - treating as zero interest
2026-02-05 22:19:22,432 - INFO - Successfully collected data for: WeirDo Series: Extra Weird!
2026-02-05 22:19:27,579 - INFO - Successfully collected data for: Parachutes
2026-02-05 22:19:30,225 - INFO - No 'before' data for El Día En Que Descubres Quién Eres - treating as zero interest
2026-02-05 22:19:32,674 - INFO - No 'after' data for El Día En Que Descubres Quién Eres - treating as zero interest
2026-02-05 22:19:32,674 - INFO - Successfully collected data for: El Día En Que Descubres Quién Eres
2026-02-05 22:19:35,242 - INFO - No 'before' data for WeirDo Series: Totally Weird! - treating as zero interest
2026-02-05 22:19:37,610 - INFO - No 'after' data for WeirDo Series: Totally Weird! - treating as zero interest
2026-02-05 22:19:37,610 - INFO - Successfully collected data for: WeirDo Series: Totally Weird!
2026-02-05 22:19:40,036 - INFO - No 'before' data for Yasmin the Painter (Yasmin Series) - treating as zero interest
2026-02-05 22:19:42,626 - INFO - Successfully collected data for: Yasmin the Painter (Yasmin Series)
2026-02-05 22:19:45,088 - INFO - No 'before' data for Who Was Marie Curie? (Who was...? Series) - treating as zero interest
2026-02-05 22:19:47,745 - INFO - Successfully collected data for: Who Was Marie Curie? (Who was...? Series)
2026-02-05 22:19:50,297 - INFO - No 'before' data for From the Stars in the Sky to the Fish in the Sea - treating as zero interest
2026-02-05 22:19:52,765 - INFO - No 'after' data for From the Stars in the Sky to the Fish in the Sea - treating as zero interest
2026-02-05 22:19:52,766 - INFO - Successfully collected data for: From the Stars in the Sky to the Fish in the Sea
2026-02-05 22:19:55,236 - INFO - No 'before' data for Stella Díaz Has Something to Say (Stella Díaz Series) - treating as zero interest
2026-02-05 22:19:57,618 - INFO - No 'after' data for Stella Díaz Has Something to Say (Stella Díaz Series) - treating as zero interest
2026-02-05 22:19:57,618 - INFO - Successfully collected data for: Stella Díaz Has Something to Say (Stella Díaz Series)
2026-02-05 22:20:02,899 - INFO - Successfully collected data for: Amal Unbound
2026-02-05 22:20:07,823 - INFO - No 'after' data for Our Favorite African Adrinkra Symbols: A Coloring Book - treating as zero interest
2026-02-05 22:20:07,824 - INFO - Successfully collected data for: Our Favorite African Adrinkra Symbols: A Coloring Book
2026-02-05 22:20:12,867 - INFO - Successfully collected data for: So You Want to Talk About Race
2026-02-05 22:20:17,891 - INFO - No 'after' data for Beyond Theory: A Blueprint to Implement African-Centered Education - treating as zero interest
2026-02-05 22:20:17,891 - INFO - Successfully collected data for: Beyond Theory: A Blueprint to Implement African-Centered Education
2026-02-05 22:20:20,481 - INFO - No 'before' data for Not My Idea: A Book About Whiteness (Ordinary Terrible Things Series) - treating as zero interest
2026-02-05 22:20:22,946 - INFO - No 'after' data for Not My Idea: A Book About Whiteness (Ordinary Terrible Things Series) - treating as zero interest
2026-02-05 22:20:22,950 - INFO - Successfully collected data for: Not My Idea: A Book About Whiteness (Ordinary Terrible Things Series)
2026-02-05 22:20:27,933 - INFO - Successfully collected data for: Pedagogy of the Oppressed
2026-02-05 22:20:33,109 - INFO - No 'after' data for My Hair is a Garden - treating as zero interest
2026-02-05 22:20:33,109 - INFO - Successfully collected data for: My Hair is a Garden
2026-02-05 22:20:38,163 - INFO - Successfully collected data for: I Am Enough
2026-02-05 22:20:40,655 - INFO - No 'before' data for Campfire Stories (Desmond Cole Ghost Patrol Series) - treating as zero interest
2026-02-05 22:20:43,234 - INFO - No 'after' data for Campfire Stories (Desmond Cole Ghost Patrol Series) - treating as zero interest
2026-02-05 22:20:43,234 - INFO - Successfully collected data for: Campfire Stories (Desmond Cole Ghost Patrol Series)
2026-02-05 22:20:45,796 - INFO - No 'before' data for Who Is Michelle Obama? (Who was...? Series) - treating as zero interest
2026-02-05 22:20:48,361 - INFO - Successfully collected data for: Who Is Michelle Obama? (Who was...? Series)
2026-02-05 22:20:50,852 - INFO - No 'before' data for King & Kayla and the Case of the Gold Ring (King & Kayla Series) - treating as zero interest
2026-02-05 22:20:53,370 - INFO - No 'after' data for King & Kayla and the Case of the Gold Ring (King & Kayla Series) - treating as zero interest
2026-02-05 22:20:53,370 - INFO - Successfully collected data for: King & Kayla and the Case of the Gold Ring (King & Kayla Series)
2026-02-05 22:20:58,490 - INFO - No 'after' data for Not Light, but Fire: How to Lead Meaningful Race Conversations in the Classroom - treating as zero interest
2026-02-05 22:20:58,491 - INFO - Successfully collected data for: Not Light, but Fire: How to Lead Meaningful Race Conversations in the Classroom
2026-02-05 22:21:01,158 - INFO - No 'before' data for Yasmin the Recycler (Yasmin Series) - treating as zero interest
2026-02-05 22:21:03,809 - INFO - No 'after' data for Yasmin the Recycler (Yasmin Series) - treating as zero interest
2026-02-05 22:21:03,809 - INFO - Successfully collected data for: Yasmin the Recycler (Yasmin Series)
2026-02-05 22:21:08,858 - INFO - Successfully collected data for: On the Come Up
2026-02-05 22:21:11,403 - INFO - No 'before' data for Planet Omar: Accidental Trouble Magnet (Planet Omar Series) - treating as zero interest
2026-02-05 22:21:13,718 - INFO - No 'after' data for Planet Omar: Accidental Trouble Magnet (Planet Omar Series) - treating as zero interest
2026-02-05 22:21:13,718 - INFO - Successfully collected data for: Planet Omar: Accidental Trouble Magnet (Planet Omar Series)
2026-02-05 22:21:15,955 - ERROR - Error collecting data for Hope and Healing in Urban Education: How Urban Activists and Teachers are Reclaiming Matters of the Heart: The request failed: Google returned a response with code 400
2026-02-05 22:21:18,354 - INFO - No 'before' data for For Black Girls Like Me - treating as zero interest
2026-02-05 22:21:21,031 - INFO - Successfully collected data for: For Black Girls Like Me
2026-02-05 22:21:23,384 - INFO - No 'before' data for Who Is Barack Obama? (Who was...? Series) - treating as zero interest
2026-02-05 22:21:25,938 - INFO - No 'after' data for Who Is Barack Obama? (Who was...? Series) - treating as zero interest
2026-02-05 22:21:25,938 - INFO - Successfully collected data for: Who Is Barack Obama? (Who was...? Series)
2026-02-05 22:21:28,598 - INFO - No 'before' data for Lola at the Library (Lola Series) - treating as zero interest
2026-02-05 22:21:31,172 - INFO - Successfully collected data for: Lola at the Library (Lola Series)
2026-02-05 22:21:33,705 - INFO - No 'before' data for Carmela Full of Wishes - treating as zero interest
2026-02-05 22:21:36,254 - INFO - No 'after' data for Carmela Full of Wishes - treating as zero interest
2026-02-05 22:21:36,255 - INFO - Successfully collected data for: Carmela Full of Wishes
2026-02-05 22:21:41,199 - INFO - No 'after' data for Front Desk (Front Desk Series) - treating as zero interest
2026-02-05 22:21:41,199 - INFO - Successfully collected data for: Front Desk (Front Desk Series)
2026-02-05 22:21:46,305 - INFO - Successfully collected data for: I Love My Hair
2026-02-05 22:21:51,187 - INFO - Successfully collected data for: ¡Vámonos! Let's Go!
2026-02-05 22:21:56,179 - INFO - No 'after' data for El color de la piel - treating as zero interest
2026-02-05 22:21:56,180 - INFO - Successfully collected data for: El color de la piel
2026-02-05 22:22:01,183 - INFO - Successfully collected data for: Early Sunday Morning
2026-02-05 22:22:06,195 - INFO - Successfully collected data for: Brown Girl Dreaming
2026-02-05 22:22:11,061 - INFO - No 'after' data for Last Stop on Market Street - treating as zero interest
2026-02-05 22:22:11,061 - INFO - Successfully collected data for: Last Stop on Market Street
2026-02-05 22:22:16,218 - INFO - No 'after' data for Imani's Moon - treating as zero interest
2026-02-05 22:22:16,218 - INFO - Successfully collected data for: Imani's Moon
2026-02-05 22:22:21,455 - INFO - Successfully collected data for: Dreamers
2026-02-05 22:22:24,062 - INFO - No 'before' data for The Guide for White Women Who Teach Black Boys - treating as zero interest
2026-02-05 22:22:26,635 - INFO - No 'after' data for The Guide for White Women Who Teach Black Boys - treating as zero interest
2026-02-05 22:22:26,635 - INFO - Successfully collected data for: The Guide for White Women Who Teach Black Boys
2026-02-05 22:22:32,100 - INFO - Successfully collected data for: New Kid
2026-02-05 22:22:34,598 - INFO - No 'before' data for Keena Ford and the Second Grade Mix Up (Keena Ford Series) - treating as zero interest
2026-02-05 22:22:37,135 - INFO - No 'after' data for Keena Ford and the Second Grade Mix Up (Keena Ford Series) - treating as zero interest
2026-02-05 22:22:37,135 - INFO - Successfully collected data for: Keena Ford and the Second Grade Mix Up (Keena Ford Series)
2026-02-05 22:22:39,270 - ERROR - Error collecting data for For White Folks Who Teach in the Hood... and the Rest of Y'all Too: Reality Pedagogy and Urban Education: The request failed: Google returned a response with code 400
2026-02-05 22:22:44,207 - INFO - No 'after' data for Ruby Flips For Attention (Ruby and the Booker Boys Series) - treating as zero interest
2026-02-05 22:22:44,207 - INFO - Successfully collected data for: Ruby Flips For Attention (Ruby and the Booker Boys Series)
2026-02-05 22:22:46,833 - INFO - No 'before' data for All Boys Aren't Blue - treating as zero interest
2026-02-05 22:22:49,308 - INFO - No 'after' data for All Boys Aren't Blue - treating as zero interest
2026-02-05 22:22:49,308 - INFO - Successfully collected data for: All Boys Aren't Blue
2026-02-05 22:22:51,961 - INFO - No 'before' data for Who Was Susan B. Anthony? (Who was...? Series) - treating as zero interest
2026-02-05 22:22:54,736 - INFO - No 'after' data for Who Was Susan B. Anthony? (Who was...? Series) - treating as zero interest
2026-02-05 22:22:54,737 - INFO - Successfully collected data for: Who Was Susan B. Anthony? (Who was...? Series)
2026-02-05 22:23:00,082 - INFO - Successfully collected data for: Why Are All the Black Kids Sitting Together in the Cafeteria?: And Other Conversations About Race
2026-02-05 22:23:02,604 - INFO - No 'before' data for Squanto's Journey: The Story of the First Thanksgiving - treating as zero interest
2026-02-05 22:23:05,036 - INFO - No 'after' data for Squanto's Journey: The Story of the First Thanksgiving - treating as zero interest
2026-02-05 22:23:05,037 - INFO - Successfully collected data for: Squanto's Journey: The Story of the First Thanksgiving
2026-02-05 22:23:07,519 - INFO - No 'before' data for Lola Levine: Drama Queen (Lola Levine Series) - treating as zero interest
2026-02-05 22:23:10,085 - INFO - No 'after' data for Lola Levine: Drama Queen (Lola Levine Series) - treating as zero interest
2026-02-05 22:23:10,086 - INFO - Successfully collected data for: Lola Levine: Drama Queen (Lola Levine Series)
2026-02-05 22:23:12,637 - INFO - No 'before' data for Who Is Malala Yousafzai? (Who was...? Series) - treating as zero interest
2026-02-05 22:23:15,081 - INFO - No 'after' data for Who Is Malala Yousafzai? (Who was...? Series) - treating as zero interest
2026-02-05 22:23:15,081 - INFO - Successfully collected data for: Who Is Malala Yousafzai? (Who was...? Series)
2026-02-05 22:23:18,122 - INFO - No 'before' data for Radiant Child: The Story of Young Artist Jean-Michel Basquiat - treating as zero interest
2026-02-05 22:23:20,683 - INFO - No 'after' data for Radiant Child: The Story of Young Artist Jean-Michel Basquiat - treating as zero interest
2026-02-05 22:23:20,683 - INFO - Successfully collected data for: Radiant Child: The Story of Young Artist Jean-Michel Basquiat
2026-02-05 22:23:23,291 - INFO - No 'before' data for Don't Touch My Hair! - treating as zero interest
2026-02-05 22:23:25,809 - INFO - Successfully collected data for: Don't Touch My Hair!
2026-02-05 22:23:31,161 - INFO - Successfully collected data for: Escuchando con mi Corazón: Un cuento de bondad y autocompasión (Listening to My Heart)
2026-02-05 22:23:33,837 - INFO - No 'before' data for Elizabeth Blackwell, the First Woman Doctor - treating as zero interest
2026-02-05 22:23:36,205 - INFO - No 'after' data for Elizabeth Blackwell, the First Woman Doctor - treating as zero interest
2026-02-05 22:23:36,205 - INFO - Successfully collected data for: Elizabeth Blackwell, the First Woman Doctor
2026-02-05 22:23:40,964 - INFO - No 'after' data for Enough! 20 Protesters Who Changed America - treating as zero interest
2026-02-05 22:23:40,965 - INFO - Successfully collected data for: Enough! 20 Protesters Who Changed America
2026-02-05 22:23:43,512 - INFO - No 'before' data for Culturally Responsive Teaching: Theory, Research, and Practice - treating as zero interest
2026-02-05 22:23:45,975 - INFO - Successfully collected data for: Culturally Responsive Teaching: Theory, Research, and Practice
2026-02-05 22:23:48,426 - INFO - No 'before' data for The Hula-Hoopin' Queen - treating as zero interest
2026-02-05 22:23:51,114 - INFO - No 'after' data for The Hula-Hoopin' Queen - treating as zero interest
2026-02-05 22:23:51,114 - INFO - Successfully collected data for: The Hula-Hoopin' Queen
2026-02-05 22:23:53,444 - INFO - No 'before' data for Hector's Hiccups (Sofía Martínez Series) - treating as zero interest
2026-02-05 22:23:55,916 - INFO - No 'after' data for Hector's Hiccups (Sofía Martínez Series) - treating as zero interest
2026-02-05 22:23:55,916 - INFO - Successfully collected data for: Hector's Hiccups (Sofía Martínez Series)
2026-02-05 22:23:58,413 - INFO - No 'before' data for Locked Up for Freedom: Civil Rights Protesters at the Leesburg Stockade - treating as zero interest
2026-02-05 22:24:00,902 - INFO - No 'after' data for Locked Up for Freedom: Civil Rights Protesters at the Leesburg Stockade - treating as zero interest
2026-02-05 22:24:00,902 - INFO - Successfully collected data for: Locked Up for Freedom: Civil Rights Protesters at the Leesburg Stockade
2026-02-05 22:24:03,432 - INFO - No 'before' data for When the Beat Was Born: DJ Kool Herc and the Creation of Hip Hop - treating as zero interest
2026-02-05 22:24:06,013 - INFO - No 'after' data for When the Beat Was Born: DJ Kool Herc and the Creation of Hip Hop - treating as zero interest
2026-02-05 22:24:06,014 - INFO - Successfully collected data for: When the Beat Was Born: DJ Kool Herc and the Creation of Hip Hop
2026-02-05 22:24:08,380 - INFO - No 'before' data for Luis Munoz Marin (Community Builders) - treating as zero interest
2026-02-05 22:24:10,844 - INFO - No 'after' data for Luis Munoz Marin (Community Builders) - treating as zero interest
2026-02-05 22:24:10,844 - INFO - Successfully collected data for: Luis Munoz Marin (Community Builders)
2026-02-05 22:24:13,454 - INFO - No 'before' data for Ghosts in the Schoolyard: Racism and School Closings on Chicago's South Side - treating as zero interest
2026-02-05 22:24:16,037 - INFO - No 'after' data for Ghosts in the Schoolyard: Racism and School Closings on Chicago's South Side - treating as zero interest
2026-02-05 22:24:16,037 - INFO - Successfully collected data for: Ghosts in the Schoolyard: Racism and School Closings on Chicago's South Side
2026-02-05 22:24:18,493 - INFO - No 'before' data for Cece Loves Science (Cece Loves Science Series) - treating as zero interest
2026-02-05 22:24:20,930 - INFO - No 'after' data for Cece Loves Science (Cece Loves Science Series) - treating as zero interest
2026-02-05 22:24:20,932 - INFO - Successfully collected data for: Cece Loves Science (Cece Loves Science Series)
2026-02-05 22:24:26,406 - INFO - Successfully collected data for: Nelson Mandela
2026-02-05 22:24:31,440 - INFO - No 'after' data for Malala: My Story of Standing Up for Girls' Rights - treating as zero interest
2026-02-05 22:24:31,441 - INFO - Successfully collected data for: Malala: My Story of Standing Up for Girls' Rights
2026-02-05 22:24:33,877 - INFO - No 'before' data for WeirDo Series: Tasty Weird! - treating as zero interest
2026-02-05 22:24:36,450 - INFO - No 'after' data for WeirDo Series: Tasty Weird! - treating as zero interest
2026-02-05 22:24:36,450 - INFO - Successfully collected data for: WeirDo Series: Tasty Weird!
2026-02-05 22:24:39,168 - INFO - No 'before' data for Maya Angelou (Little People, Big Dreams Series) - treating as zero interest
2026-02-05 22:24:41,616 - INFO - No 'after' data for Maya Angelou (Little People, Big Dreams Series) - treating as zero interest
2026-02-05 22:24:41,616 - INFO - Successfully collected data for: Maya Angelou (Little People, Big Dreams Series)
2026-02-05 22:24:44,083 - INFO - No 'before' data for Young Gifted and Black: Meet 52 Black Heroes from Past and Present - treating as zero interest
2026-02-05 22:24:46,832 - INFO - No 'after' data for Young Gifted and Black: Meet 52 Black Heroes from Past and Present - treating as zero interest
2026-02-05 22:24:46,832 - INFO - Successfully collected data for: Young Gifted and Black: Meet 52 Black Heroes from Past and Present
2026-02-05 22:24:52,082 - INFO - Successfully collected data for: American Street
2026-02-05 22:24:54,735 - INFO - No 'before' data for Black Youth Rising: Activism and Radical Healing in Urban America - treating as zero interest
2026-02-05 22:24:57,206 - INFO - Successfully collected data for: Black Youth Rising: Activism and Radical Healing in Urban America
2026-02-05 22:24:59,853 - INFO - No 'before' data for My Fantástica Family (Sofía Martínez Series) - treating as zero interest
2026-02-05 22:25:02,415 - INFO - No 'after' data for My Fantástica Family (Sofía Martínez Series) - treating as zero interest
2026-02-05 22:25:02,416 - INFO - Successfully collected data for: My Fantástica Family (Sofía Martínez Series)
2026-02-05 22:25:04,872 - INFO - No 'before' data for Mango, Abuela, and Me - treating as zero interest
2026-02-05 22:25:07,314 - INFO - No 'after' data for Mango, Abuela, and Me - treating as zero interest
2026-02-05 22:25:07,314 - INFO - Successfully collected data for: Mango, Abuela, and Me
2026-02-05 22:25:09,779 - INFO - No 'before' data for White Rage: The Unspoken Truth of Our Racial Divide - treating as zero interest
2026-02-05 22:25:12,255 - INFO - Successfully collected data for: White Rage: The Unspoken Truth of Our Racial Divide
2026-02-05 22:25:14,805 - INFO - No 'before' data for Jack (Not Jackie) - treating as zero interest
2026-02-05 22:25:17,364 - INFO - No 'after' data for Jack (Not Jackie) - treating as zero interest
2026-02-05 22:25:17,364 - INFO - Successfully collected data for: Jack (Not Jackie)
2026-02-05 22:25:22,181 - INFO - No 'after' data for Get Up, Stand Up - treating as zero interest
2026-02-05 22:25:22,182 - INFO - Successfully collected data for: Get Up, Stand Up
2026-02-05 22:25:24,841 - INFO - No 'before' data for WeirDo Series: Super Weird! - treating as zero interest
2026-02-05 22:25:27,409 - INFO - Successfully collected data for: WeirDo Series: Super Weird!
2026-02-05 22:25:32,467 - INFO - No 'after' data for The Skin You Live In - treating as zero interest
2026-02-05 22:25:32,467 - INFO - Successfully collected data for: The Skin You Live In
2026-02-05 22:25:37,435 - INFO - No 'after' data for The Deaf Musicians - treating as zero interest
2026-02-05 22:25:37,436 - INFO - Successfully collected data for: The Deaf Musicians
2026-02-05 22:25:40,098 - INFO - No 'before' data for The Doctor with an Eye for Eyes: The Story of Dr. Patricia Bath - treating as zero interest
2026-02-05 22:25:42,657 - INFO - No 'after' data for The Doctor with an Eye for Eyes: The Story of Dr. Patricia Bath - treating as zero interest
2026-02-05 22:25:42,658 - INFO - Successfully collected data for: The Doctor with an Eye for Eyes: The Story of Dr. Patricia Bath
2026-02-05 22:25:45,219 - INFO - No 'before' data for WeirDo Series: Vote Weirdo - treating as zero interest
2026-02-05 22:25:47,778 - INFO - No 'after' data for WeirDo Series: Vote Weirdo - treating as zero interest
2026-02-05 22:25:47,778 - INFO - Successfully collected data for: WeirDo Series: Vote Weirdo
2026-02-05 22:25:52,717 - INFO - No 'after' data for Lola Goes to School (Lola Series) - treating as zero interest
2026-02-05 22:25:52,718 - INFO - Successfully collected data for: Lola Goes to School (Lola Series)
2026-02-05 22:25:55,100 - INFO - No 'before' data for We Are Grateful: Otsaliheliga - treating as zero interest
2026-02-05 22:25:57,721 - INFO - Successfully collected data for: We Are Grateful: Otsaliheliga
2026-02-05 22:26:00,273 - INFO - No 'before' data for Who Was Sojourner Truth? (Who was...? Series) - treating as zero interest
2026-02-05 22:26:02,933 - INFO - No 'after' data for Who Was Sojourner Truth? (Who was...? Series) - treating as zero interest
2026-02-05 22:26:02,933 - INFO - Successfully collected data for: Who Was Sojourner Truth? (Who was...? Series)
2026-02-05 22:26:05,503 - INFO - No 'before' data for Who Is Sonia Sotomayor? (Who was...? Series) - treating as zero interest
2026-02-05 22:26:08,207 - INFO - No 'after' data for Who Is Sonia Sotomayor? (Who was...? Series) - treating as zero interest
2026-02-05 22:26:08,208 - INFO - Successfully collected data for: Who Is Sonia Sotomayor? (Who was...? Series)
2026-02-05 22:26:10,545 - INFO - No 'before' data for Lucky Broken Girl - treating as zero interest
2026-02-05 22:26:13,057 - INFO - No 'after' data for Lucky Broken Girl - treating as zero interest
2026-02-05 22:26:13,057 - INFO - Successfully collected data for: Lucky Broken Girl
2026-02-05 22:26:18,011 - INFO - No 'after' data for Faith Ringgold (Getting to Know the World's Greatest Artists) - treating as zero interest
2026-02-05 22:26:18,012 - INFO - Successfully collected data for: Faith Ringgold (Getting to Know the World's Greatest Artists)
2026-02-05 22:26:22,968 - INFO - No 'after' data for My Friend Maya Loves to Dance - treating as zero interest
2026-02-05 22:26:22,969 - INFO - Successfully collected data for: My Friend Maya Loves to Dance
2026-02-05 22:26:28,170 - INFO - Successfully collected data for: Yasmin the Singer (Yasmin Series)
2026-02-05 22:26:30,794 - INFO - No 'before' data for Mrs. Katz and Tush - treating as zero interest
2026-02-05 22:26:33,124 - INFO - No 'after' data for Mrs. Katz and Tush - treating as zero interest
2026-02-05 22:26:33,125 - INFO - Successfully collected data for: Mrs. Katz and Tush
2026-02-05 22:26:35,722 - INFO - No 'before' data for A Splash of Red: The Life and Art of Horace Pippin - treating as zero interest
2026-02-05 22:26:38,345 - INFO - No 'after' data for A Splash of Red: The Life and Art of Horace Pippin - treating as zero interest
2026-02-05 22:26:38,346 - INFO - Successfully collected data for: A Splash of Red: The Life and Art of Horace Pippin
2026-02-05 22:26:40,960 - INFO - No 'before' data for A Boy Called Bat (A Boy Called Bat Series) - treating as zero interest
2026-02-05 22:26:43,596 - INFO - No 'after' data for A Boy Called Bat (A Boy Called Bat Series) - treating as zero interest
2026-02-05 22:26:43,598 - INFO - Successfully collected data for: A Boy Called Bat (A Boy Called Bat Series)
2026-02-05 22:26:46,206 - INFO - No 'before' data for Yasmin the Explorer (Yasmin Series) - treating as zero interest
2026-02-05 22:26:48,834 - INFO - No 'after' data for Yasmin the Explorer (Yasmin Series) - treating as zero interest
2026-02-05 22:26:48,834 - INFO - Successfully collected data for: Yasmin the Explorer (Yasmin Series)
2026-02-05 22:26:51,455 - INFO - No 'before' data for Teaching Truly: A Curriculum to Indigenize Mainstream Education - treating as zero interest
2026-02-05 22:26:54,074 - INFO - No 'after' data for Teaching Truly: A Curriculum to Indigenize Mainstream Education - treating as zero interest
2026-02-05 22:26:54,074 - INFO - Successfully collected data for: Teaching Truly: A Curriculum to Indigenize Mainstream Education
2026-02-05 22:26:59,337 - INFO - No 'after' data for The Secret Recipe (Sofía Martínez Series) - treating as zero interest
2026-02-05 22:26:59,339 - INFO - Successfully collected data for: The Secret Recipe (Sofía Martínez Series)
2026-02-05 22:27:01,994 - INFO - No 'before' data for Freedom in Congo Square - treating as zero interest
2026-02-05 22:27:04,349 - INFO - Successfully collected data for: Freedom in Congo Square
2026-02-05 22:27:06,736 - INFO - No 'before' data for Mindy Kim and the Lunar New Year Parade (Mindy Kim Series) - treating as zero interest
2026-02-05 22:27:09,208 - INFO - No 'after' data for Mindy Kim and the Lunar New Year Parade (Mindy Kim Series) - treating as zero interest
2026-02-05 22:27:09,208 - INFO - Successfully collected data for: Mindy Kim and the Lunar New Year Parade (Mindy Kim Series)
2026-02-05 22:27:11,673 - INFO - No 'before' data for An African American and Latinx History of the United States - treating as zero interest
2026-02-05 22:27:14,079 - INFO - No 'after' data for An African American and Latinx History of the United States - treating as zero interest
2026-02-05 22:27:14,079 - INFO - Successfully collected data for: An African American and Latinx History of the United States
2026-02-05 22:27:16,613 - INFO - No 'before' data for Who Was Rachel Carson? (Who was...? Series) - treating as zero interest
2026-02-05 22:27:19,031 - INFO - No 'after' data for Who Was Rachel Carson? (Who was...? Series) - treating as zero interest
2026-02-05 22:27:19,032 - INFO - Successfully collected data for: Who Was Rachel Carson? (Who was...? Series)
2026-02-05 22:27:21,538 - INFO - No 'before' data for Slumber Party Payback (Ruby and the Booker Boys Series) - treating as zero interest
2026-02-05 22:27:24,116 - INFO - No 'after' data for Slumber Party Payback (Ruby and the Booker Boys Series) - treating as zero interest
2026-02-05 22:27:24,116 - INFO - Successfully collected data for: Slumber Party Payback (Ruby and the Booker Boys Series)
2026-02-05 22:27:26,780 - INFO - No 'before' data for The Dreamkeepers: Successful Teachers of African American Children - treating as zero interest
2026-02-05 22:27:29,239 - INFO - No 'after' data for The Dreamkeepers: Successful Teachers of African American Children - treating as zero interest
2026-02-05 22:27:29,240 - INFO - Successfully collected data for: The Dreamkeepers: Successful Teachers of African American Children
2026-02-05 22:27:31,818 - INFO - No 'before' data for Saving Ruby King - treating as zero interest
2026-02-05 22:27:34,282 - INFO - No 'after' data for Saving Ruby King - treating as zero interest
2026-02-05 22:27:34,282 - INFO - Successfully collected data for: Saving Ruby King
2026-02-05 22:27:36,833 - INFO - No 'before' data for The Story of Ruby Bridges - treating as zero interest
2026-02-05 22:27:39,397 - INFO - No 'after' data for The Story of Ruby Bridges - treating as zero interest
2026-02-05 22:27:39,397 - INFO - Successfully collected data for: The Story of Ruby Bridges
2026-02-05 22:27:44,719 - INFO - No 'after' data for The Year of the Book (Anna Wang Series) - treating as zero interest
2026-02-05 22:27:44,720 - INFO - Successfully collected data for: The Year of the Book (Anna Wang Series)
2026-02-05 22:27:47,181 - INFO - No 'before' data for Grace Hopper: Queen of Computer Code - treating as zero interest
2026-02-05 22:27:49,524 - INFO - No 'after' data for Grace Hopper: Queen of Computer Code - treating as zero interest
2026-02-05 22:27:49,524 - INFO - Successfully collected data for: Grace Hopper: Queen of Computer Code
2026-02-05 22:27:54,695 - INFO - Successfully collected data for: 25 Women Who Thought of It First
2026-02-05 22:27:57,315 - INFO - No 'before' data for Now Museum, Now You Don't (Desmond Cole Ghost Patrol Series) - treating as zero interest
2026-02-05 22:27:59,862 - INFO - No 'after' data for Now Museum, Now You Don't (Desmond Cole Ghost Patrol Series) - treating as zero interest
2026-02-05 22:27:59,862 - INFO - Successfully collected data for: Now Museum, Now You Don't (Desmond Cole Ghost Patrol Series)
2026-02-05 22:28:04,974 - INFO - No 'after' data for The Magical Yet - treating as zero interest
2026-02-05 22:28:04,974 - INFO - Successfully collected data for: The Magical Yet
2026-02-05 22:28:07,453 - INFO - No 'before' data for Jasmine Toguchi, Super Sleuth (Jasmine Toguchi Series) - treating as zero interest
2026-02-05 22:28:09,935 - INFO - Successfully collected data for: Jasmine Toguchi, Super Sleuth (Jasmine Toguchi Series)
2026-02-05 22:28:12,400 - INFO - No 'before' data for Born Out of Struggle: Critical Race Theory, School Creation, and the Politics of Interruption - treating as zero interest
2026-02-05 22:28:14,986 - INFO - No 'after' data for Born Out of Struggle: Critical Race Theory, School Creation, and the Politics of Interruption - treating as zero interest
2026-02-05 22:28:14,986 - INFO - Successfully collected data for: Born Out of Struggle: Critical Race Theory, School Creation, and the Politics of Interruption
2026-02-05 22:28:17,311 - INFO - No 'before' data for Thank You, Omu! - treating as zero interest
2026-02-05 22:28:19,853 - INFO - Successfully collected data for: Thank You, Omu!
2026-02-05 22:28:22,431 - INFO - No 'before' data for Our Class is a Family - treating as zero interest
2026-02-05 22:28:24,905 - INFO - Successfully collected data for: Our Class is a Family
2026-02-05 22:28:27,421 - INFO - No 'before' data for WeirDo Series: Mega Weird! - treating as zero interest
2026-02-05 22:28:29,868 - INFO - Successfully collected data for: WeirDo Series: Mega Weird!
2026-02-05 22:28:34,927 - INFO - Successfully collected data for: The Case for Loving: The Fight for Interracial Marriage
2026-02-05 22:28:40,441 - INFO - Successfully collected data for: The Butterfly
2026-02-05 22:28:42,913 - INFO - No 'before' data for Yasmin the Soccer Star (Yasmin Series) - treating as zero interest
2026-02-05 22:28:45,396 - INFO - No 'after' data for Yasmin the Soccer Star (Yasmin Series) - treating as zero interest
2026-02-05 22:28:45,396 - INFO - Successfully collected data for: Yasmin the Soccer Star (Yasmin Series)
2026-02-05 22:28:47,960 - INFO - No 'before' data for Bat and the End of Everything (A Boy Called Bat Series) - treating as zero interest
2026-02-05 22:28:50,525 - INFO - Successfully collected data for: Bat and the End of Everything (A Boy Called Bat Series)
2026-02-05 22:28:53,048 - INFO - No 'before' data for Los colores de nuestra piel/The Colors of Us (Spanish Version) - treating as zero interest
2026-02-05 22:28:55,662 - INFO - No 'after' data for Los colores de nuestra piel/The Colors of Us (Spanish Version) - treating as zero interest
2026-02-05 22:28:55,663 - INFO - Successfully collected data for: Los colores de nuestra piel/The Colors of Us (Spanish Version)
2026-02-05 22:29:00,908 - INFO - No 'after' data for We Want to Do More Than Survive: Abolitionist Teaching and the Pursuit of Educational Freedom - treating as zero interest
2026-02-05 22:29:00,909 - INFO - Successfully collected data for: We Want to Do More Than Survive: Abolitionist Teaching and the Pursuit of Educational Freedom
2026-02-05 22:29:06,152 - INFO - Successfully collected data for: Drawn Together
2026-02-05 22:29:08,766 - INFO - No 'before' data for Too Many Tamales - treating as zero interest
2026-02-05 22:29:11,274 - INFO - Successfully collected data for: Too Many Tamales
2026-02-05 22:29:13,810 - INFO - No 'before' data for Lola Gets a Cat (Lola Series) - treating as zero interest
2026-02-05 22:29:16,467 - INFO - No 'after' data for Lola Gets a Cat (Lola Series) - treating as zero interest
2026-02-05 22:29:16,468 - INFO - Successfully collected data for: Lola Gets a Cat (Lola Series)
2026-02-05 22:29:21,362 - INFO - Successfully collected data for: Marisol McDonald Doesn't Match (Marisol McDonald Series)
2026-02-05 22:29:23,660 - ERROR - Error collecting data for The Trouble with Black Boys: And Other Reflections on Race, Equity, and the Future of Public Education: The request failed: Google returned a response with code 400
2026-02-05 22:29:28,994 - INFO - Successfully collected data for: Wings
2026-02-05 22:29:31,389 - INFO - No 'before' data for Under My Hijab - treating as zero interest
2026-02-05 22:29:33,875 - INFO - No 'after' data for Under My Hijab - treating as zero interest
2026-02-05 22:29:33,875 - INFO - Successfully collected data for: Under My Hijab
2026-02-05 22:29:38,737 - INFO - No 'after' data for Islandborn - treating as zero interest
2026-02-05 22:29:38,738 - INFO - Successfully collected data for: Islandborn
2026-02-05 22:29:43,708 - INFO - No 'after' data for Beware the Werewolf (Desmond Cole Ghost Patrol Series) - treating as zero interest
2026-02-05 22:29:43,709 - INFO - Successfully collected data for: Beware the Werewolf (Desmond Cole Ghost Patrol Series)
2026-02-05 22:29:46,176 - INFO - No 'before' data for What Is the Women's Rights Movement? (What was...? Series) - treating as zero interest
2026-02-05 22:29:48,733 - INFO - Successfully collected data for: What Is the Women's Rights Movement? (What was...? Series)
2026-02-05 22:29:53,718 - INFO - Successfully collected data for: The Day You Begin
2026-02-05 22:29:56,120 - INFO - No 'before' data for Stamped: Racism, Antiracism, and You - treating as zero interest
2026-02-05 22:29:58,565 - INFO - No 'after' data for Stamped: Racism, Antiracism, and You - treating as zero interest
2026-02-05 22:29:58,565 - INFO - Successfully collected data for: Stamped: Racism, Antiracism, and You
2026-02-05 22:30:03,885 - INFO - No 'after' data for Harlem's Little Blackbird: The Story of Florence Mills - treating as zero interest
2026-02-05 22:30:03,887 - INFO - Successfully collected data for: Harlem's Little Blackbird: The Story of Florence Mills
2026-02-05 22:30:09,067 - INFO - No 'after' data for I Am Every Good Thing - treating as zero interest
2026-02-05 22:30:09,068 - INFO - Successfully collected data for: I Am Every Good Thing
2026-02-05 22:30:14,428 - INFO - No 'after' data for Ven a Mi Casa - treating as zero interest
2026-02-05 22:30:14,430 - INFO - Successfully collected data for: Ven a Mi Casa
2026-02-05 22:30:17,020 - INFO - No 'before' data for My Name Is Celia: The Life Of Celia Cruz / Me Llamo Celia: La Vida de Celia Cruz - treating as zero interest
2026-02-05 22:30:19,551 - INFO - No 'after' data for My Name Is Celia: The Life Of Celia Cruz / Me Llamo Celia: La Vida de Celia Cruz - treating as zero interest
2026-02-05 22:30:19,551 - INFO - Successfully collected data for: My Name Is Celia: The Life Of Celia Cruz / Me Llamo Celia: La Vida de Celia Cruz
2026-02-05 22:30:22,212 - INFO - No 'before' data for Marvelous Cornelius: Hurricane Katrina and the Spirit of New Orleans - treating as zero interest
2026-02-05 22:30:24,874 - INFO - No 'after' data for Marvelous Cornelius: Hurricane Katrina and the Spirit of New Orleans - treating as zero interest
2026-02-05 22:30:24,874 - INFO - Successfully collected data for: Marvelous Cornelius: Hurricane Katrina and the Spirit of New Orleans
2026-02-05 22:30:27,332 - INFO - No 'before' data for Malala Yousafzai (A True Book: Biographies) - treating as zero interest
2026-02-05 22:30:29,676 - INFO - No 'after' data for Malala Yousafzai (A True Book: Biographies) - treating as zero interest
2026-02-05 22:30:29,676 - INFO - Successfully collected data for: Malala Yousafzai (A True Book: Biographies)
2026-02-05 22:30:32,125 - INFO - No 'before' data for Promoting Racial Literacy in Schools: Differences That Make a Difference - treating as zero interest
2026-02-05 22:30:34,650 - INFO - No 'after' data for Promoting Racial Literacy in Schools: Differences That Make a Difference - treating as zero interest
2026-02-05 22:30:34,651 - INFO - Successfully collected data for: Promoting Racial Literacy in Schools: Differences That Make a Difference
2026-02-05 22:30:37,265 - INFO - No 'before' data for Who Was Jesse Owens? (Who was...? Series) - treating as zero interest
2026-02-05 22:30:39,715 - INFO - No 'after' data for Who Was Jesse Owens? (Who was...? Series) - treating as zero interest
2026-02-05 22:30:39,716 - INFO - Successfully collected data for: Who Was Jesse Owens? (Who was...? Series)
2026-02-05 22:30:42,276 - INFO - No 'before' data for Drum Dream Girl: How One Girl's Courage Changed Music - treating as zero interest
2026-02-05 22:30:44,824 - INFO - No 'after' data for Drum Dream Girl: How One Girl's Courage Changed Music - treating as zero interest
2026-02-05 22:30:44,825 - INFO - Successfully collected data for: Drum Dream Girl: How One Girl's Courage Changed Music
2026-02-05 22:30:47,403 - INFO - No 'before' data for The Arabic Quilt: An Immigrant Story - treating as zero interest
2026-02-05 22:30:49,869 - INFO - No 'after' data for The Arabic Quilt: An Immigrant Story - treating as zero interest
2026-02-05 22:30:49,871 - INFO - Successfully collected data for: The Arabic Quilt: An Immigrant Story
2026-02-05 22:30:52,349 - INFO - No 'before' data for Prince & Knight (Prince & Knight Series) - treating as zero interest
2026-02-05 22:30:54,900 - INFO - No 'after' data for Prince & Knight (Prince & Knight Series) - treating as zero interest
2026-02-05 22:30:54,900 - INFO - Successfully collected data for: Prince & Knight (Prince & Knight Series)
2026-02-05 22:30:57,342 - INFO - No 'before' data for Noah Chases the Wind - treating as zero interest
2026-02-05 22:30:59,789 - INFO - Successfully collected data for: Noah Chases the Wind
2026-02-05 22:31:02,236 - INFO - No 'before' data for Lily and Dunkin - treating as zero interest
2026-02-05 22:31:04,676 - INFO - No 'after' data for Lily and Dunkin - treating as zero interest
2026-02-05 22:31:04,676 - INFO - Successfully collected data for: Lily and Dunkin
2026-02-05 22:31:07,277 - INFO - No 'before' data for En Comunidad: Lessons for Centering the Voices and Experiences of Bilingual Latinx Students - treating as zero interest
2026-02-05 22:31:09,869 - INFO - Successfully collected data for: En Comunidad: Lessons for Centering the Voices and Experiences of Bilingual Latinx Students
2026-02-05 22:31:12,212 - INFO - No 'before' data for Whistling Vivaldi: And Other Clues to How Stereotypes Affect Us - treating as zero interest
2026-02-05 22:31:14,664 - INFO - No 'after' data for Whistling Vivaldi: And Other Clues to How Stereotypes Affect Us - treating as zero interest
2026-02-05 22:31:14,665 - INFO - Successfully collected data for: Whistling Vivaldi: And Other Clues to How Stereotypes Affect Us
2026-02-05 22:31:17,200 - INFO - No 'before' data for What Was the Underground Railroad? (What was...? Series) - treating as zero interest
2026-02-05 22:31:19,864 - INFO - No 'after' data for What Was the Underground Railroad? (What was...? Series) - treating as zero interest
2026-02-05 22:31:19,864 - INFO - Successfully collected data for: What Was the Underground Railroad? (What was...? Series)
2026-02-05 22:31:22,425 - INFO - No 'before' data for The Colors of Us/Los colores de nuestra piel - treating as zero interest
2026-02-05 22:31:25,076 - INFO - Successfully collected data for: The Colors of Us/Los colores de nuestra piel
2026-02-05 22:31:27,646 - INFO - No 'before' data for Who Was Aretha Franklin? (Who was...? Series) - treating as zero interest
2026-02-05 22:31:30,085 - INFO - No 'after' data for Who Was Aretha Franklin? (Who was...? Series) - treating as zero interest
2026-02-05 22:31:30,086 - INFO - Successfully collected data for: Who Was Aretha Franklin? (Who was...? Series)
2026-02-05 22:31:32,523 - INFO - No 'before' data for Courageous Conversations About Race: A Field Guide for Achieving Equity in Schools and Beyond - treating as zero interest
2026-02-05 22:31:34,894 - INFO - No 'after' data for Courageous Conversations About Race: A Field Guide for Achieving Equity in Schools and Beyond - treating as zero interest
2026-02-05 22:31:34,894 - INFO - Successfully collected data for: Courageous Conversations About Race: A Field Guide for Achieving Equity in Schools and Beyond
2026-02-05 22:31:39,910 - INFO - Successfully collected data for: Between the World and Me
2026-02-05 22:31:45,191 - INFO - No 'after' data for Hidden Figures: The True Story of Four Black Women and the Space Race - treating as zero interest
2026-02-05 22:31:45,192 - INFO - Successfully collected data for: Hidden Figures: The True Story of Four Black Women and the Space Race
2026-02-05 22:31:50,438 - INFO - No 'after' data for Sonia Sotomayor: A Judge Grows in the Bronx/La juez que creció en el Bronx - treating as zero interest
2026-02-05 22:31:50,439 - INFO - Successfully collected data for: Sonia Sotomayor: A Judge Grows in the Bronx/La juez que creció en el Bronx
2026-02-05 22:31:53,057 - INFO - No 'before' data for Starstruck: The Cosmic Journey of Neil Degrasse Tyson - treating as zero interest
2026-02-05 22:31:55,662 - INFO - Successfully collected data for: Starstruck: The Cosmic Journey of Neil Degrasse Tyson
2026-02-05 22:31:58,274 - INFO - No 'before' data for Home of the Brave: 15 Immigrants Who Shaped U.S. History - treating as zero interest
2026-02-05 22:32:00,923 - INFO - No 'after' data for Home of the Brave: 15 Immigrants Who Shaped U.S. History - treating as zero interest
2026-02-05 22:32:00,924 - INFO - Successfully collected data for: Home of the Brave: 15 Immigrants Who Shaped U.S. History
2026-02-05 22:32:06,077 - INFO - No 'after' data for Mindy Kim and the Yummy Seaweed Business (Mindy Kim Series) - treating as zero interest
2026-02-05 22:32:06,077 - INFO - Successfully collected data for: Mindy Kim and the Yummy Seaweed Business (Mindy Kim Series)
2026-02-05 22:32:08,624 - INFO - No 'before' data for Peaceful Fights for Equal Rights - treating as zero interest
2026-02-05 22:32:11,168 - INFO - No 'after' data for Peaceful Fights for Equal Rights - treating as zero interest
2026-02-05 22:32:11,169 - INFO - Successfully collected data for: Peaceful Fights for Equal Rights
2026-02-05 22:32:16,044 - INFO - No 'after' data for The Vampire Ate My Homework (Desmond Cole Ghost Patrol Series) - treating as zero interest
2026-02-05 22:32:16,044 - INFO - Successfully collected data for: The Vampire Ate My Homework (Desmond Cole Ghost Patrol Series)
2026-02-05 22:32:21,210 - INFO - Successfully collected data for: As Brave As You
2026-02-05 22:32:26,354 - INFO - No 'after' data for Read the World: Rethinking Literacy for Empathy and Action in a Digital Age - treating as zero interest
2026-02-05 22:32:26,354 - INFO - Successfully collected data for: Read the World: Rethinking Literacy for Empathy and Action in a Digital Age
2026-02-05 22:32:28,978 - INFO - No 'before' data for Cilla Lee-Jenkins: Future Author Extraordinaire (Cilla Lee-Jenkins Series) - treating as zero interest
2026-02-05 22:32:31,590 - INFO - No 'after' data for Cilla Lee-Jenkins: Future Author Extraordinaire (Cilla Lee-Jenkins Series) - treating as zero interest
2026-02-05 22:32:31,590 - INFO - Successfully collected data for: Cilla Lee-Jenkins: Future Author Extraordinaire (Cilla Lee-Jenkins Series)
2026-02-05 22:32:34,021 - INFO - No 'before' data for Lola Levine and the Vacation Dream (Lola Levine Series) - treating as zero interest
2026-02-05 22:32:36,563 - INFO - No 'after' data for Lola Levine and the Vacation Dream (Lola Levine Series) - treating as zero interest
2026-02-05 22:32:36,563 - INFO - Successfully collected data for: Lola Levine and the Vacation Dream (Lola Levine Series)
2026-02-05 22:32:39,193 - INFO - No 'before' data for King & Kayla and the Case of the Lost Library Book (King & Kayla Series) - treating as zero interest
2026-02-05 22:32:41,813 - INFO - No 'after' data for King & Kayla and the Case of the Lost Library Book (King & Kayla Series) - treating as zero interest
2026-02-05 22:32:41,814 - INFO - Successfully collected data for: King & Kayla and the Case of the Lost Library Book (King & Kayla Series)
2026-02-05 22:32:47,110 - INFO - No 'after' data for Crown: An Ode to the Fresh Cut - treating as zero interest
2026-02-05 22:32:47,111 - INFO - Successfully collected data for: Crown: An Ode to the Fresh Cut
2026-02-05 22:32:49,718 - INFO - No 'before' data for What Was the March on Washington? (What was...? Series) - treating as zero interest
2026-02-05 22:32:52,317 - INFO - Successfully collected data for: What Was the March on Washington? (What was...? Series)
2026-02-05 22:32:54,916 - INFO - No 'before' data for They, She, He Easy as ABC - treating as zero interest
2026-02-05 22:32:57,370 - INFO - Successfully collected data for: They, She, He Easy as ABC
2026-02-05 22:32:59,918 - INFO - No 'before' data for Red Kite, Blue Kite - treating as zero interest
2026-02-05 22:33:02,266 - INFO - No 'after' data for Red Kite, Blue Kite - treating as zero interest
2026-02-05 22:33:02,267 - INFO - Successfully collected data for: Red Kite, Blue Kite
2026-02-05 22:33:04,821 - INFO - No 'before' data for Let the Children March - treating as zero interest
2026-02-05 22:33:07,282 - INFO - Successfully collected data for: Let the Children March
2026-02-05 22:33:10,120 - INFO - No 'before' data for King & Kayla and the Case of the Unhappy Neighbor (King & Kayla Series) - treating as zero interest
2026-02-05 22:33:12,759 - INFO - Successfully collected data for: King & Kayla and the Case of the Unhappy Neighbor (King & Kayla Series)
2026-02-05 22:33:15,311 - INFO - No 'before' data for Being the Change: Lessons and Strategies to Teach Social Comprehension - treating as zero interest
2026-02-05 22:33:17,830 - INFO - No 'after' data for Being the Change: Lessons and Strategies to Teach Social Comprehension - treating as zero interest
2026-02-05 22:33:17,830 - INFO - Successfully collected data for: Being the Change: Lessons and Strategies to Teach Social Comprehension
2026-02-05 22:33:22,832 - INFO - No 'after' data for Little Legends: Exceptional Men in Black History - treating as zero interest
2026-02-05 22:33:22,832 - INFO - Successfully collected data for: Little Legends: Exceptional Men in Black History
2026-02-05 22:33:27,865 - INFO - No 'after' data for Knock Knock: My Dad's Dream for Me - treating as zero interest
2026-02-05 22:33:27,865 - INFO - Successfully collected data for: Knock Knock: My Dad's Dream for Me
2026-02-05 22:33:32,970 - INFO - Successfully collected data for: Those Shoes
2026-02-05 22:33:35,418 - INFO - No 'before' data for Yasmin the Builder (Yasmin Series) - treating as zero interest
2026-02-05 22:33:37,841 - INFO - No 'after' data for Yasmin the Builder (Yasmin Series) - treating as zero interest
2026-02-05 22:33:37,841 - INFO - Successfully collected data for: Yasmin the Builder (Yasmin Series)
2026-02-05 22:33:42,825 - INFO - No 'after' data for Mindy Kim, Class President (Mindy Kim Series) - treating as zero interest
2026-02-05 22:33:42,826 - INFO - Successfully collected data for: Mindy Kim, Class President (Mindy Kim Series)
2026-02-05 22:33:47,832 - INFO - No 'after' data for Bayou Magic (The Louisiana Girls Trilogy Series) - treating as zero interest
2026-02-05 22:33:47,832 - INFO - Successfully collected data for: Bayou Magic (The Louisiana Girls Trilogy Series)
2026-02-05 22:33:50,699 - INFO - No 'before' data for Me and White Supremacy: Combat Racism, Change the World, and Become a Good Ancestor - treating as zero interest
2026-02-05 22:33:53,179 - INFO - No 'after' data for Me and White Supremacy: Combat Racism, Change the World, and Become a Good Ancestor - treating as zero interest
2026-02-05 22:33:53,179 - INFO - Successfully collected data for: Me and White Supremacy: Combat Racism, Change the World, and Become a Good Ancestor
2026-02-05 22:33:55,796 - INFO - No 'before' data for Like the Moon Loves the Sky - treating as zero interest
2026-02-05 22:33:58,230 - INFO - No 'after' data for Like the Moon Loves the Sky - treating as zero interest
2026-02-05 22:33:58,230 - INFO - Successfully collected data for: Like the Moon Loves the Sky
2026-02-05 22:34:00,738 - INFO - No 'before' data for Night of the Zombie Zookeeper (Desmond Cole Ghost Patrol Series) - treating as zero interest
2026-02-05 22:34:03,297 - INFO - No 'after' data for Night of the Zombie Zookeeper (Desmond Cole Ghost Patrol Series) - treating as zero interest
2026-02-05 22:34:03,298 - INFO - Successfully collected data for: Night of the Zombie Zookeeper (Desmond Cole Ghost Patrol Series)
2026-02-05 22:34:05,854 - INFO - No 'before' data for Full, Full, Full of Love - treating as zero interest
2026-02-05 22:34:08,428 - INFO - No 'after' data for Full, Full, Full of Love - treating as zero interest
2026-02-05 22:34:08,428 - INFO - Successfully collected data for: Full, Full, Full of Love
2026-02-05 22:34:13,556 - INFO - No 'after' data for My Vida Loca (Sofía Martínez Series) - treating as zero interest
2026-02-05 22:34:13,557 - INFO - Successfully collected data for: My Vida Loca (Sofía Martínez Series)
2026-02-05 22:34:16,109 - INFO - No 'before' data for Lights Out (Sofía Martínez Series) - treating as zero interest
2026-02-05 22:34:18,712 - INFO - Successfully collected data for: Lights Out (Sofía Martínez Series)
2026-02-05 22:34:23,878 - INFO - No 'after' data for Mindy Kim and the Big Pizza Challenge (Mindy Kim Series) - treating as zero interest
2026-02-05 22:34:23,878 - INFO - Successfully collected data for: Mindy Kim and the Big Pizza Challenge (Mindy Kim Series)
2026-02-05 22:34:26,248 - INFO - No 'before' data for Major Monster Mess (Desmond Cole Ghost Patrol Series) - treating as zero interest
2026-02-05 22:34:28,815 - INFO - No 'after' data for Major Monster Mess (Desmond Cole Ghost Patrol Series) - treating as zero interest
2026-02-05 22:34:28,816 - INFO - Successfully collected data for: Major Monster Mess (Desmond Cole Ghost Patrol Series)
2026-02-05 22:34:33,946 - INFO - No 'after' data for The Beach Trip (Sofía Martínez Series) - treating as zero interest
2026-02-05 22:34:33,947 - INFO - Successfully collected data for: The Beach Trip (Sofía Martínez Series)
2026-02-05 22:34:36,512 - INFO - No 'before' data for Nothing Stopped Sophie: The Story of Unshakable Mathematician Sophie Germain - treating as zero interest
2026-02-05 22:34:38,960 - INFO - No 'after' data for Nothing Stopped Sophie: The Story of Unshakable Mathematician Sophie Germain - treating as zero interest
2026-02-05 22:34:38,960 - INFO - Successfully collected data for: Nothing Stopped Sophie: The Story of Unshakable Mathematician Sophie Germain
2026-02-05 22:34:44,029 - INFO - No 'after' data for Milo's Museum - treating as zero interest
2026-02-05 22:34:44,030 - INFO - Successfully collected data for: Milo's Museum
2026-02-05 22:34:49,046 - INFO - No 'after' data for Iguales, pero diferentes (Same, Same But Different) - treating as zero interest
2026-02-05 22:34:49,047 - INFO - Successfully collected data for: Iguales, pero diferentes (Same, Same But Different)
2026-02-05 22:34:51,583 - INFO - No 'before' data for Blindspot: Hidden Biases of Good People - treating as zero interest
2026-02-05 22:34:54,085 - INFO - Successfully collected data for: Blindspot: Hidden Biases of Good People
2026-02-05 22:34:56,666 - INFO - No 'before' data for We Are All Born Free: The Universal Declaration of Human Rights in Pictures - treating as zero interest
2026-02-05 22:34:59,151 - INFO - Successfully collected data for: We Are All Born Free: The Universal Declaration of Human Rights in Pictures
2026-02-05 22:35:01,647 - INFO - No 'before' data for A Good Kind of Trouble - treating as zero interest
2026-02-05 22:35:04,197 - INFO - Successfully collected data for: A Good Kind of Trouble
2026-02-05 22:35:06,739 - INFO - No 'before' data for Mommy Sayang: Pixar Animation Studios Artist Showcase - treating as zero interest
2026-02-05 22:35:09,353 - INFO - Successfully collected data for: Mommy Sayang: Pixar Animation Studios Artist Showcase
2026-02-05 22:35:11,817 - INFO - No 'before' data for Lola Levine and the Halloween Scream (Lola Levine Series) - treating as zero interest
2026-02-05 22:35:14,374 - INFO - Successfully collected data for: Lola Levine and the Halloween Scream (Lola Levine Series)
2026-02-05 22:35:16,927 - INFO - No 'before' data for The Haunted House Next Door (Desmond Cole Ghost Patrol Series) - treating as zero interest
2026-02-05 22:35:19,565 - INFO - No 'after' data for The Haunted House Next Door (Desmond Cole Ghost Patrol Series) - treating as zero interest
2026-02-05 22:35:19,565 - INFO - Successfully collected data for: The Haunted House Next Door (Desmond Cole Ghost Patrol Series)
2026-02-05 22:35:22,102 - INFO - No 'before' data for Ghost (Track Series) - treating as zero interest
2026-02-05 22:35:24,655 - INFO - No 'after' data for Ghost (Track Series) - treating as zero interest
2026-02-05 22:35:24,655 - INFO - Successfully collected data for: Ghost (Track Series)
2026-02-05 22:35:29,715 - INFO - Successfully collected data for: The Undefeated
2026-02-05 22:35:32,146 - INFO - No 'before' data for Lubna and Pebble - treating as zero interest
2026-02-05 22:35:34,738 - INFO - No 'after' data for Lubna and Pebble - treating as zero interest
2026-02-05 22:35:34,739 - INFO - Successfully collected data for: Lubna and Pebble
2026-02-05 22:35:37,299 - INFO - No 'before' data for The Scary Library Shusher (Desmond Cole Ghost Patrol Series) - treating as zero interest
2026-02-05 22:35:39,691 - INFO - No 'after' data for The Scary Library Shusher (Desmond Cole Ghost Patrol Series) - treating as zero interest
2026-02-05 22:35:39,692 - INFO - Successfully collected data for: The Scary Library Shusher (Desmond Cole Ghost Patrol Series)
2026-02-05 22:35:44,887 - INFO - Successfully collected data for: Up, Up, Down!
2026-02-05 22:35:47,449 - INFO - No 'before' data for A Big Mooncake for Little Star - treating as zero interest
2026-02-05 22:35:49,901 - INFO - No 'after' data for A Big Mooncake for Little Star - treating as zero interest
2026-02-05 22:35:49,901 - INFO - Successfully collected data for: A Big Mooncake for Little Star
2026-02-05 22:35:52,237 - INFO - No 'before' data for The Parker Inheritance - treating as zero interest
2026-02-05 22:35:54,581 - INFO - No 'after' data for The Parker Inheritance - treating as zero interest
2026-02-05 22:35:54,581 - INFO - Successfully collected data for: The Parker Inheritance
2026-02-05 22:35:57,129 - INFO - No 'before' data for Lights, Music, Code! (Girls Who Code Series) - treating as zero interest
2026-02-05 22:35:59,478 - INFO - No 'after' data for Lights, Music, Code! (Girls Who Code Series) - treating as zero interest
2026-02-05 22:35:59,479 - INFO - Successfully collected data for: Lights, Music, Code! (Girls Who Code Series)
2026-02-05 22:36:01,844 - INFO - No 'before' data for Picture Perfect (Sofía Martínez Series) - treating as zero interest
2026-02-05 22:36:04,383 - INFO - No 'after' data for Picture Perfect (Sofía Martínez Series) - treating as zero interest
2026-02-05 22:36:04,383 - INFO - Successfully collected data for: Picture Perfect (Sofía Martínez Series)
2026-02-05 22:36:09,476 - INFO - No 'after' data for It's Not the Stork!: A Book About Girls, Boys, Babies, Bodies, Families and Friends - treating as zero interest
2026-02-05 22:36:09,477 - INFO - Successfully collected data for: It's Not the Stork!: A Book About Girls, Boys, Babies, Bodies, Families and Friends
2026-02-05 22:36:14,385 - INFO - Successfully collected data for: Promposal
2026-02-05 22:36:17,376 - INFO - No 'before' data for Far from Xanadu - treating as zero interest
2026-02-05 22:36:19,937 - INFO - Successfully collected data for: Far from Xanadu
2026-02-05 22:36:25,035 - INFO - Successfully collected data for: Identity and Gender
2026-02-05 22:36:30,590 - INFO - Successfully collected data for: Big Guy
2026-02-05 22:36:36,808 - INFO - Successfully collected data for: Boy Girl Boy
2026-02-05 22:36:39,335 - INFO - No 'before' data for Freakboy - treating as zero interest
2026-02-05 22:36:41,963 - INFO - Successfully collected data for: Freakboy
2026-02-05 22:36:44,265 - ERROR - Error collecting data for Becoming Nicole: The inspiring story of transgender actor-activist Nicole Maines and her extraordinary family: The request failed: Google returned a response with code 400
2026-02-05 22:36:46,786 - INFO - No 'before' data for Saga, Volume 1 (Saga Series) - treating as zero interest
2026-02-05 22:36:49,390 - INFO - No 'after' data for Saga, Volume 1 (Saga Series) - treating as zero interest
2026-02-05 22:36:49,391 - INFO - Successfully collected data for: Saga, Volume 1 (Saga Series)
2026-02-05 22:36:51,790 - INFO - No 'before' data for The New Jim Crow: Mass Incarceration in the Age of Colorblindness - treating as zero interest
2026-02-05 22:36:54,405 - INFO - No 'after' data for The New Jim Crow: Mass Incarceration in the Age of Colorblindness - treating as zero interest
2026-02-05 22:36:54,405 - INFO - Successfully collected data for: The New Jim Crow: Mass Incarceration in the Age of Colorblindness
2026-02-05 22:36:57,156 - INFO - No 'before' data for Life at School and in the Community (Teens: Being Gay, Lesbian, Bisexual, or Transgender) - treating as zero interest
2026-02-05 22:36:59,833 - INFO - No 'after' data for Life at School and in the Community (Teens: Being Gay, Lesbian, Bisexual, or Transgender) - treating as zero interest
2026-02-05 22:36:59,834 - INFO - Successfully collected data for: Life at School and in the Community (Teens: Being Gay, Lesbian, Bisexual, or Transgender)
2026-02-05 22:37:04,671 - INFO - Successfully collected data for: All American Boys
2026-02-05 22:37:09,652 - INFO - Successfully collected data for: Crossing Lines
2026-02-05 22:37:14,895 - INFO - Successfully collected data for: Out of Darkness
2026-02-05 22:37:19,884 - INFO - No 'after' data for Staying Fat for Sarah Byrnes - treating as zero interest
2026-02-05 22:37:19,885 - INFO - Successfully collected data for: Staying Fat for Sarah Byrnes
2026-02-05 22:37:24,961 - INFO - No 'after' data for Separate Is Never Equal: Sylvia Mendez and Her Family’s Fight for Desegregation - treating as zero interest
2026-02-05 22:37:24,961 - INFO - Successfully collected data for: Separate Is Never Equal: Sylvia Mendez and Her Family’s Fight for Desegregation
2026-02-05 22:37:27,468 - INFO - No 'before' data for The Stars and the Blackness Between Them - treating as zero interest
2026-02-05 22:37:30,047 - INFO - Successfully collected data for: The Stars and the Blackness Between Them
2026-02-05 22:37:35,509 - INFO - Successfully collected data for: Shout
2026-02-05 22:37:40,681 - INFO - Successfully collected data for: The Gravity of Us
2026-02-05 22:37:45,598 - INFO - Successfully collected data for: How to Be an Antiracist
2026-02-05 22:37:48,167 - INFO - No 'before' data for The You I've Never Known - treating as zero interest
2026-02-05 22:37:50,517 - INFO - No 'after' data for The You I've Never Known - treating as zero interest
2026-02-05 22:37:50,517 - INFO - Successfully collected data for: The You I've Never Known
2026-02-05 22:37:53,084 - INFO - No 'before' data for Gender Equality (Foundations of Democracy) - treating as zero interest
2026-02-05 22:37:55,540 - INFO - No 'after' data for Gender Equality (Foundations of Democracy) - treating as zero interest
2026-02-05 22:37:55,541 - INFO - Successfully collected data for: Gender Equality (Foundations of Democracy)
2026-02-05 22:37:57,831 - INFO - No 'before' data for Sparkle Boy - treating as zero interest
2026-02-05 22:38:00,249 - INFO - Successfully collected data for: Sparkle Boy
2026-02-05 22:38:05,353 - INFO - No 'after' data for Infinity Son (Infinity Cycle Series) - treating as zero interest
2026-02-05 22:38:05,354 - INFO - Successfully collected data for: Infinity Son (Infinity Cycle Series)
2026-02-05 22:38:10,536 - INFO - No 'after' data for The 57 Bus: A True Story of Two Teenagers and the Crime That Changed Their Lives - treating as zero interest
2026-02-05 22:38:10,537 - INFO - Successfully collected data for: The 57 Bus: A True Story of Two Teenagers and the Crime That Changed Their Lives
2026-02-05 22:38:15,614 - INFO - Successfully collected data for: Lawn Boy
2026-02-05 22:38:20,952 - INFO - Successfully collected data for: The Love Interest
2026-02-05 22:38:23,398 - INFO - No 'before' data for Final Takedown - treating as zero interest
2026-02-05 22:38:26,025 - INFO - No 'after' data for Final Takedown - treating as zero interest
2026-02-05 22:38:26,025 - INFO - Successfully collected data for: Final Takedown
2026-02-05 22:38:28,490 - INFO - No 'before' data for Girl Made of Stars - treating as zero interest
2026-02-05 22:38:31,035 - INFO - Successfully collected data for: Girl Made of Stars
2026-02-05 22:38:36,817 - INFO - Successfully collected data for: The Bridge
2026-02-05 22:38:41,772 - INFO - No 'after' data for Sex, Puberty, and All That Stuff: A Guide to Growing Up - treating as zero interest
2026-02-05 22:38:41,772 - INFO - Successfully collected data for: Sex, Puberty, and All That Stuff: A Guide to Growing Up
2026-02-05 22:38:46,825 - INFO - No 'after' data for The Abortion Debate (Essential Viewpoints) - treating as zero interest
2026-02-05 22:38:46,827 - INFO - Successfully collected data for: The Abortion Debate (Essential Viewpoints)
2026-02-05 22:38:51,908 - INFO - No 'after' data for Hear Us Out!: Lesbian and Gay Stories of Struggle, Progress, and Hope, 1950 to the Present - treating as zero interest
2026-02-05 22:38:51,908 - INFO - Successfully collected data for: Hear Us Out!: Lesbian and Gay Stories of Struggle, Progress, and Hope, 1950 to the Present
2026-02-05 22:38:54,360 - INFO - No 'before' data for My Life as a Diamond - treating as zero interest
2026-02-05 22:38:56,940 - INFO - No 'after' data for My Life as a Diamond - treating as zero interest
2026-02-05 22:38:56,941 - INFO - Successfully collected data for: My Life as a Diamond
2026-02-05 22:39:01,946 - INFO - Successfully collected data for: Reverie
2026-02-05 22:39:04,402 - INFO - No 'before' data for As Far As You'll Take Me - treating as zero interest
2026-02-05 22:39:06,947 - INFO - No 'after' data for As Far As You'll Take Me - treating as zero interest
2026-02-05 22:39:06,947 - INFO - Successfully collected data for: As Far As You'll Take Me
2026-02-05 22:39:09,482 - INFO - No 'before' data for Jumpstart the World - treating as zero interest
2026-02-05 22:39:12,017 - INFO - No 'after' data for Jumpstart the World - treating as zero interest
2026-02-05 22:39:12,018 - INFO - Successfully collected data for: Jumpstart the World
2026-02-05 22:39:14,544 - INFO - No 'before' data for The Five Stages of Andrew Brawley - treating as zero interest
2026-02-05 22:39:17,137 - INFO - Successfully collected data for: The Five Stages of Andrew Brawley
2026-02-05 22:39:19,495 - INFO - No 'before' data for Nate Expectations - treating as zero interest
2026-02-05 22:39:21,920 - INFO - No 'after' data for Nate Expectations - treating as zero interest
2026-02-05 22:39:21,920 - INFO - Successfully collected data for: Nate Expectations
2026-02-05 22:39:26,893 - INFO - Successfully collected data for: Gender Queer: A Memoir
2026-02-05 22:39:32,334 - INFO - Successfully collected data for: The Truth Is
2026-02-05 22:39:34,975 - INFO - No 'before' data for Fancy White Trash - treating as zero interest
2026-02-05 22:39:37,517 - INFO - Successfully collected data for: Fancy White Trash
2026-02-05 22:39:42,561 - INFO - No 'after' data for My Girlfriend's Pregnant!: A Teen’s Guide to Becoming a Dad - treating as zero interest
2026-02-05 22:39:42,563 - INFO - Successfully collected data for: My Girlfriend's Pregnant!: A Teen’s Guide to Becoming a Dad
2026-02-05 22:39:47,476 - INFO - Successfully collected data for: Archenemy
2026-02-05 22:39:49,946 - INFO - No 'before' data for A Love Story Starring My Dead Best Friend - treating as zero interest
2026-02-05 22:39:52,385 - INFO - Successfully collected data for: A Love Story Starring My Dead Best Friend
2026-02-05 22:39:57,416 - INFO - Successfully collected data for: Remake (Remake Series)
2026-02-05 22:40:02,309 - INFO - No 'after' data for Gracefully Grayson - treating as zero interest
2026-02-05 22:40:02,309 - INFO - Successfully collected data for: Gracefully Grayson
2026-02-05 22:40:04,796 - INFO - No 'before' data for If You Could Be Mine - treating as zero interest
2026-02-05 22:40:07,278 - INFO - Successfully collected data for: If You Could Be Mine
2026-02-05 22:40:12,502 - INFO - Successfully collected data for: After
2026-02-05 22:40:17,575 - INFO - Successfully collected data for: Equal Rights
2026-02-05 22:40:20,018 - INFO - No 'before' data for LGBT Families (Changing Families) - treating as zero interest
2026-02-05 22:40:22,551 - INFO - No 'after' data for LGBT Families (Changing Families) - treating as zero interest
2026-02-05 22:40:22,551 - INFO - Successfully collected data for: LGBT Families (Changing Families)
2026-02-05 22:40:25,084 - INFO - No 'before' data for Cemetery Boys - treating as zero interest
2026-02-05 22:40:28,039 - INFO - Successfully collected data for: Cemetery Boys
2026-02-05 22:40:33,117 - INFO - Successfully collected data for: Simon vs. the Homo Sapiens Agenda (Simonverse Series)
2026-02-05 22:40:38,132 - INFO - Successfully collected data for: A Line in the Dark
2026-02-05 22:40:40,541 - INFO - No 'before' data for Gender Identity: The Search for Self - treating as zero interest
2026-02-05 22:40:43,172 - INFO - No 'after' data for Gender Identity: The Search for Self - treating as zero interest
2026-02-05 22:40:43,173 - INFO - Successfully collected data for: Gender Identity: The Search for Self
2026-02-05 22:40:45,833 - INFO - No 'before' data for The Love Curse of Melody McIntyre - treating as zero interest
2026-02-05 22:40:48,379 - INFO - No 'after' data for The Love Curse of Melody McIntyre - treating as zero interest
2026-02-05 22:40:48,380 - INFO - Successfully collected data for: The Love Curse of Melody McIntyre
2026-02-05 22:40:53,528 - INFO - Successfully collected data for: Freaks and Revelations
2026-02-05 22:40:58,600 - INFO - Successfully collected data for: Teen Pregnancy
2026-02-05 22:41:03,624 - INFO - No 'after' data for One Half from the East - treating as zero interest
2026-02-05 22:41:03,624 - INFO - Successfully collected data for: One Half from the East
2026-02-05 22:41:06,212 - INFO - No 'before' data for Identifying as Transgender - treating as zero interest
2026-02-05 22:41:08,772 - INFO - No 'after' data for Identifying as Transgender - treating as zero interest
2026-02-05 22:41:08,773 - INFO - Successfully collected data for: Identifying as Transgender
2026-02-05 22:41:13,787 - INFO - No 'after' data for Empress of the World (Battle Hall Davies Series) - treating as zero interest
2026-02-05 22:41:13,787 - INFO - Successfully collected data for: Empress of the World (Battle Hall Davies Series)
2026-02-05 22:41:18,957 - INFO - Successfully collected data for: The Music of What Happens
2026-02-05 22:41:22,441 - INFO - No 'before' data for Under the Moon: A Catwoman Tale - treating as zero interest
2026-02-05 22:41:24,913 - INFO - No 'after' data for Under the Moon: A Catwoman Tale - treating as zero interest
2026-02-05 22:41:24,914 - INFO - Successfully collected data for: Under the Moon: A Catwoman Tale
2026-02-05 22:41:27,428 - INFO - No 'before' data for Jacob's New Dress - treating as zero interest
2026-02-05 22:41:29,860 - INFO - Successfully collected data for: Jacob's New Dress
2026-02-05 22:41:35,804 - INFO - Successfully collected data for: Pet
2026-02-05 22:41:38,467 - INFO - No 'before' data for Gay Issues and Politics: Marriage, the Military, & Work Place Discrimination - treating as zero interest
2026-02-05 22:41:40,866 - INFO - Successfully collected data for: Gay Issues and Politics: Marriage, the Military, & Work Place Discrimination
2026-02-05 22:41:43,458 - INFO - No 'before' data for Of Fire and Stars (Of Fire and Stars Series) - treating as zero interest
2026-02-05 22:41:46,117 - INFO - No 'after' data for Of Fire and Stars (Of Fire and Stars Series) - treating as zero interest
2026-02-05 22:41:46,118 - INFO - Successfully collected data for: Of Fire and Stars (Of Fire and Stars Series)
2026-02-05 22:41:48,707 - INFO - No 'before' data for Geography Club (Russel Middlebrook Series) - treating as zero interest
2026-02-05 22:41:51,148 - INFO - No 'after' data for Geography Club (Russel Middlebrook Series) - treating as zero interest
2026-02-05 22:41:51,149 - INFO - Successfully collected data for: Geography Club (Russel Middlebrook Series)
2026-02-05 22:41:53,726 - INFO - No 'before' data for The Edge of the Abyss (The Abyss Surrounds Us Series) - treating as zero interest
2026-02-05 22:41:56,179 - INFO - No 'after' data for The Edge of the Abyss (The Abyss Surrounds Us Series) - treating as zero interest
2026-02-05 22:41:56,180 - INFO - Successfully collected data for: The Edge of the Abyss (The Abyss Surrounds Us Series)
2026-02-05 22:42:01,220 - INFO - Successfully collected data for: We March
2026-02-05 22:42:06,402 - INFO - Successfully collected data for: Wide Awake
2026-02-05 22:42:11,546 - INFO - Successfully collected data for: They Both Die at the End
2026-02-05 22:42:16,627 - INFO - Successfully collected data for: Odd One Out
2026-02-05 22:42:21,544 - INFO - No 'after' data for Being Jazz: My Life as a (Transgender) Teen - treating as zero interest
2026-02-05 22:42:21,544 - INFO - Successfully collected data for: Being Jazz: My Life as a (Transgender) Teen
2026-02-05 22:42:24,084 - INFO - No 'before' data for The Great American Whatever - treating as zero interest
2026-02-05 22:42:26,628 - INFO - Successfully collected data for: The Great American Whatever
2026-02-05 22:42:31,620 - INFO - Successfully collected data for: Juliet Takes a Breath
2026-02-05 22:42:34,063 - INFO - No 'before' data for Forget This Ever Happened - treating as zero interest
2026-02-05 22:42:36,745 - INFO - Successfully collected data for: Forget This Ever Happened
2026-02-05 22:42:39,298 - INFO - No 'before' data for The Handmaid's Tale: The Graphic Novel - treating as zero interest
2026-02-05 22:42:41,842 - INFO - Successfully collected data for: The Handmaid's Tale: The Graphic Novel
2026-02-05 22:42:44,267 - INFO - No 'before' data for Jack of Hearts (and other parts) - treating as zero interest
2026-02-05 22:42:46,681 - INFO - No 'after' data for Jack of Hearts (and other parts) - treating as zero interest
2026-02-05 22:42:46,681 - INFO - Successfully collected data for: Jack of Hearts (and other parts)
2026-02-05 22:42:49,033 - INFO - No 'before' data for Image and Identity: Becoming the Person You Are - treating as zero interest
2026-02-05 22:42:51,477 - INFO - No 'after' data for Image and Identity: Becoming the Person You Are - treating as zero interest
2026-02-05 22:42:51,477 - INFO - Successfully collected data for: Image and Identity: Becoming the Person You Are
2026-02-05 22:42:53,818 - INFO - No 'before' data for Jack of Hearts (and other parts) - treating as zero interest
2026-02-05 22:42:56,173 - INFO - No 'after' data for Jack of Hearts (and other parts) - treating as zero interest
2026-02-05 22:42:56,173 - INFO - Successfully collected data for: Jack of Hearts (and other parts)
2026-02-05 22:42:58,650 - INFO - No 'before' data for Doing It!: Let's Talk About Sex - treating as zero interest
2026-02-05 22:43:01,061 - INFO - No 'after' data for Doing It!: Let's Talk About Sex - treating as zero interest
2026-02-05 22:43:01,061 - INFO - Successfully collected data for: Doing It!: Let's Talk About Sex
2026-02-05 22:43:03,548 - INFO - No 'before' data for Ho'onani: Hula Warrior - treating as zero interest
2026-02-05 22:43:06,294 - INFO - No 'after' data for Ho'onani: Hula Warrior - treating as zero interest
2026-02-05 22:43:06,294 - INFO - Successfully collected data for: Ho'onani: Hula Warrior
2026-02-05 22:43:11,694 - INFO - Successfully collected data for: With Or Without You
2026-02-05 22:43:16,888 - INFO - Successfully collected data for: Notes from the Blender
2026-02-05 22:43:22,111 - INFO - Successfully collected data for: How to Be Bad
2026-02-05 22:43:24,527 - INFO - No 'before' data for Grasshopper Jungle (Grasshopper Jungle Series) - treating as zero interest
2026-02-05 22:43:27,066 - INFO - No 'after' data for Grasshopper Jungle (Grasshopper Jungle Series) - treating as zero interest
2026-02-05 22:43:27,067 - INFO - Successfully collected data for: Grasshopper Jungle (Grasshopper Jungle Series)
2026-02-05 22:43:29,598 - INFO - No 'before' data for Ziggy, Stardust and Me - treating as zero interest
2026-02-05 22:43:32,178 - INFO - Successfully collected data for: Ziggy, Stardust and Me
2026-02-05 22:43:37,114 - INFO - Successfully collected data for: Bioethics: Who Lives, Who Dies, And Who Decides?
2026-02-05 22:43:42,094 - INFO - Successfully collected data for: Cradle and All
2026-02-05 22:43:47,163 - INFO - No 'after' data for Reluctantly Alice (Alice Series) - treating as zero interest
2026-02-05 22:43:47,164 - INFO - Successfully collected data for: Reluctantly Alice (Alice Series)
2026-02-05 22:43:52,216 - INFO - Successfully collected data for: The Pants Project
2026-02-05 22:43:58,361 - INFO - Successfully collected data for: Stick
2026-02-05 22:44:00,807 - INFO - No 'before' data for Should Abortion Be Legal? - treating as zero interest
2026-02-05 22:44:03,338 - INFO - No 'after' data for Should Abortion Be Legal? - treating as zero interest
2026-02-05 22:44:03,338 - INFO - Successfully collected data for: Should Abortion Be Legal?
2026-02-05 22:44:08,603 - INFO - Successfully collected data for: The Glass Castle
2026-02-05 22:44:13,699 - INFO - No 'after' data for #Hockey (Check, Please! Series) - treating as zero interest
2026-02-05 22:44:13,700 - INFO - Successfully collected data for: #Hockey (Check, Please! Series)
2026-02-05 22:44:19,146 - INFO - Successfully collected data for: The Way Back
2026-02-05 22:44:21,695 - INFO - No 'before' data for The Love and Lies of Rukhsana Ali - treating as zero interest
2026-02-05 22:44:24,213 - INFO - No 'after' data for The Love and Lies of Rukhsana Ali - treating as zero interest
2026-02-05 22:44:24,213 - INFO - Successfully collected data for: The Love and Lies of Rukhsana Ali
2026-02-05 22:44:29,388 - INFO - Successfully collected data for: This Is Your Time
2026-02-05 22:44:31,934 - INFO - No 'before' data for Ordinary Hazards - treating as zero interest
2026-02-05 22:44:34,371 - INFO - No 'after' data for Ordinary Hazards - treating as zero interest
2026-02-05 22:44:34,371 - INFO - Successfully collected data for: Ordinary Hazards
2026-02-05 22:44:39,968 - INFO - Successfully collected data for: The Best Man
2026-02-05 22:44:45,093 - INFO - Successfully collected data for: Ivy Aberdeen's Letter to the World
2026-02-05 22:44:47,785 - INFO - No 'before' data for She Loves You, She Loves You Not... - treating as zero interest
2026-02-05 22:44:50,411 - INFO - No 'after' data for She Loves You, She Loves You Not... - treating as zero interest
2026-02-05 22:44:50,411 - INFO - Successfully collected data for: She Loves You, She Loves You Not...
2026-02-05 22:44:55,695 - INFO - Successfully collected data for: If I Was Your Girl
2026-02-05 22:44:58,177 - INFO - No 'before' data for All the Things We Do in the Dark - treating as zero interest
2026-02-05 22:45:00,712 - INFO - Successfully collected data for: All the Things We Do in the Dark
2026-02-05 22:45:03,265 - INFO - No 'before' data for A Very, Very Bad Thing - treating as zero interest
2026-02-05 22:45:05,864 - INFO - No 'after' data for A Very, Very Bad Thing - treating as zero interest
2026-02-05 22:45:05,865 - INFO - Successfully collected data for: A Very, Very Bad Thing
2026-02-05 22:45:08,385 - INFO - No 'before' data for Whatever.: or how junior year became totally f$@ked - treating as zero interest
2026-02-05 22:45:10,586 - WARNING - Rate limit for Whatever.: or how junior year became totally f$@ked. Waiting before retry 2/3
2026-02-05 22:45:30,828 - WARNING - Rate limit for Whatever.: or how junior year became totally f$@ked. Waiting before retry 3/3
2026-02-05 22:45:51,122 - ERROR - Rate limit persists for Whatever.: or how junior year became totally f$@ked
2026-02-05 22:45:53,351 - WARNING - Rate limit for Dreadnought (H.I.V.E. Series). Waiting before retry 2/3
2026-02-05 22:46:13,674 - WARNING - Rate limit for Dreadnought (H.I.V.E. Series). Waiting before retry 3/3
2026-02-05 22:46:33,834 - ERROR - Rate limit persists for Dreadnought (H.I.V.E. Series)
2026-02-05 22:46:36,068 - WARNING - Rate limit for Redwood and Ponytail. Waiting before retry 2/3
2026-02-05 22:46:56,464 - WARNING - Rate limit for Redwood and Ponytail. Waiting before retry 3/3
2026-02-05 22:47:16,574 - ERROR - Rate limit persists for Redwood and Ponytail
2026-02-05 22:47:18,810 - WARNING - Rate limit for Into the Real. Waiting before retry 2/3
2026-02-05 22:47:39,082 - WARNING - Rate limit for Into the Real. Waiting before retry 3/3
2026-02-05 22:47:59,452 - ERROR - Rate limit persists for Into the Real
2026-02-05 22:48:01,886 - WARNING - Rate limit for Tricks (Tricks Series). Waiting before retry 2/3
2026-02-05 22:48:22,123 - WARNING - Rate limit for Tricks (Tricks Series). Waiting before retry 3/3
2026-02-05 22:48:42,340 - ERROR - Rate limit persists for Tricks (Tricks Series)
2026-02-05 22:48:44,475 - WARNING - Rate limit for 100 Questions You'd Never Ask Your Parents: Straight Answers to Teens' Questions About Sex, Sexuality, and Health. Waiting before retry 2/3
2026-02-05 22:49:04,686 - WARNING - Rate limit for 100 Questions You'd Never Ask Your Parents: Straight Answers to Teens' Questions About Sex, Sexuality, and Health. Waiting before retry 3/3
2026-02-05 22:49:24,903 - ERROR - Rate limit persists for 100 Questions You'd Never Ask Your Parents: Straight Answers to Teens' Questions About Sex, Sexuality, and Health
2026-02-05 22:49:27,152 - WARNING - Rate limit for Jane, Unlimited. Waiting before retry 2/3
2026-02-05 22:49:47,394 - WARNING - Rate limit for Jane, Unlimited. Waiting before retry 3/3
2026-02-06 19:31:09,773 - WARNING - Rate limit for Sloppy Firsts (Jessica Darling Series). Waiting before retry 2/3
2026-02-06 19:32:51,442 - WARNING - Rate limit for 100 Questions You'd Never Ask Your Parents: Straight Answers to Teens' Questions About Sex, Sexuality, and Health. Waiting before retry 2/3
2026-02-06 19:33:11,698 - WARNING - Rate limit for 100 Questions You'd Never Ask Your Parents: Straight Answers to Teens' Questions About Sex, Sexuality, and Health. Waiting before retry 3/3
2026-02-06 19:33:31,845 - ERROR - Rate limit persists for 100 Questions You'd Never Ask Your Parents: Straight Answers to Teens' Questions About Sex, Sexuality, and Health
2026-02-06 19:33:34,072 - WARNING - Rate limit for Jane, Unlimited. Waiting before retry 2/3
2026-02-06 19:33:54,308 - WARNING - Rate limit for Jane, Unlimited. Waiting before retry 3/3
2026-02-06 19:34:55,627 - WARNING - Rate limit for 100 Questions You'd Never Ask Your Parents: Straight Answers to Teens' Questions About Sex, Sexuality, and Health. Waiting before retry 2/3
2026-02-06 19:35:15,744 - WARNING - Rate limit for 100 Questions You'd Never Ask Your Parents: Straight Answers to Teens' Questions About Sex, Sexuality, and Health. Waiting before retry 3/3
2026-02-07 11:15:09,709 - ERROR - Error collecting data for 100 Questions You'd Never Ask Your Parents: Straight Answers to Teens' Questions About Sex, Sexuality, and Health: The request failed: Google returned a response with code 400
2026-02-07 11:15:13,365 - INFO - No 'before' data for Jane, Unlimited - treating as zero interest
2026-02-07 11:15:17,969 - INFO - No 'after' data for Jane, Unlimited - treating as zero interest
2026-02-07 11:15:17,969 - INFO - Successfully collected data for: Jane, Unlimited
2026-02-07 11:15:29,788 - ERROR - Error collecting data for 100 Questions You'd Never Ask Your Parents: Straight Answers to Teens' Questions About Sex, Sexuality, and Health: The request failed: Google returned a response with code 400
2026-02-07 11:15:38,244 - INFO - No 'before' data for Jane, Unlimited - treating as zero interest
2026-02-07 11:15:42,514 - INFO - No 'after' data for Jane, Unlimited - treating as zero interest
2026-02-07 11:15:42,514 - INFO - Successfully collected data for: Jane, Unlimited
2026-02-07 11:15:51,147 - INFO - No 'before' data for The Questions Within (Cutting Edge Series) - treating as zero interest
2026-02-07 11:15:55,501 - INFO - No 'after' data for The Questions Within (Cutting Edge Series) - treating as zero interest
2026-02-07 11:15:55,501 - INFO - Successfully collected data for: The Questions Within (Cutting Edge Series)
2026-02-07 11:16:08,619 - INFO - No 'after' data for Are You LGBTQ? - treating as zero interest
2026-02-07 11:16:08,621 - INFO - Successfully collected data for: Are You LGBTQ?
2026-02-07 11:16:17,184 - INFO - No 'before' data for Caste: The Origins of Our Discontents - treating as zero interest
2026-02-07 11:16:22,640 - INFO - No 'after' data for Caste: The Origins of Our Discontents - treating as zero interest
2026-02-07 11:16:22,640 - INFO - Successfully collected data for: Caste: The Origins of Our Discontents
2026-02-07 11:16:35,578 - INFO - Successfully collected data for: Dear Martin
2026-02-07 11:16:48,707 - INFO - Successfully collected data for: Away We Go
2026-02-07 11:17:02,121 - INFO - Successfully collected data for: On the Come Up: A Novel, Based on a True Story
2026-02-07 11:17:15,421 - INFO - No 'after' data for My Best Friend, Maybe - treating as zero interest
2026-02-07 11:17:15,422 - INFO - Successfully collected data for: My Best Friend, Maybe
2026-02-07 11:17:24,026 - INFO - No 'before' data for Rethinking Normal: A Memoir in Transition - treating as zero interest
2026-02-07 11:17:28,530 - INFO - No 'after' data for Rethinking Normal: A Memoir in Transition - treating as zero interest
2026-02-07 11:17:28,531 - INFO - Successfully collected data for: Rethinking Normal: A Memoir in Transition
2026-02-07 11:17:41,853 - INFO - Successfully collected data for: The Black Flamingo
2026-02-07 11:17:54,889 - INFO - No 'after' data for The Gallery of Unfinished Girls - treating as zero interest
2026-02-07 11:17:54,890 - INFO - Successfully collected data for: The Gallery of Unfinished Girls
2026-02-07 11:18:08,170 - INFO - Successfully collected data for: Look Past
2026-02-07 11:18:21,571 - INFO - No 'after' data for Teenage Sex and Pregnancy - treating as zero interest
2026-02-07 11:18:21,572 - INFO - Successfully collected data for: Teenage Sex and Pregnancy
2026-02-07 11:18:29,888 - INFO - No 'before' data for Felix Ever After - treating as zero interest
2026-02-07 11:18:34,578 - INFO - No 'after' data for Felix Ever After - treating as zero interest
2026-02-07 11:18:34,579 - INFO - Successfully collected data for: Felix Ever After
2026-02-07 11:18:47,593 - INFO - Successfully collected data for: What Philosophy Can Do
2026-02-07 11:18:56,185 - INFO - No 'before' data for Drama: A Graphic Novel - treating as zero interest
2026-02-07 11:19:00,690 - INFO - No 'after' data for Drama: A Graphic Novel - treating as zero interest
2026-02-07 11:19:00,690 - INFO - Successfully collected data for: Drama: A Graphic Novel
2026-02-07 11:19:13,875 - INFO - No 'after' data for The New Jim Crow: Mass Incarceration in the Age of Colorblindness - treating as zero interest
2026-02-07 11:19:13,876 - INFO - Successfully collected data for: The New Jim Crow: Mass Incarceration in the Age of Colorblindness
2026-02-07 11:19:22,410 - INFO - No 'before' data for Gender Identity: The Search for Self - treating as zero interest
2026-02-07 11:19:26,793 - INFO - Successfully collected data for: Gender Identity: The Search for Self
2026-02-07 11:19:35,301 - INFO - No 'before' data for Homosexuality Around the World: Safe Havens, Cultural Challenges - treating as zero interest
2026-02-07 11:19:39,908 - INFO - No 'after' data for Homosexuality Around the World: Safe Havens, Cultural Challenges - treating as zero interest
2026-02-07 11:19:39,908 - INFO - Successfully collected data for: Homosexuality Around the World: Safe Havens, Cultural Challenges
2026-02-07 11:19:48,319 - INFO - No 'before' data for Transgender Rights and Issues - treating as zero interest
2026-02-07 11:19:52,812 - INFO - No 'after' data for Transgender Rights and Issues - treating as zero interest
2026-02-07 11:19:52,812 - INFO - Successfully collected data for: Transgender Rights and Issues
2026-02-07 11:20:06,134 - INFO - Successfully collected data for: Between the World and Me
2026-02-07 11:20:19,058 - INFO - Successfully collected data for: The Year They Burned the Books
2026-02-07 11:20:32,124 - INFO - Successfully collected data for: All Boys Aren't Blue
2026-02-07 11:20:45,235 - INFO - Successfully collected data for: Little & Lion
2026-02-07 11:20:53,720 - INFO - No 'before' data for The Ultimate Guys' Body Book: Not-So-Stupid Questions About Your Body - treating as zero interest
2026-02-07 11:20:58,343 - INFO - No 'after' data for The Ultimate Guys' Body Book: Not-So-Stupid Questions About Your Body - treating as zero interest
2026-02-07 11:20:58,344 - INFO - Successfully collected data for: The Ultimate Guys' Body Book: Not-So-Stupid Questions About Your Body
2026-02-07 11:21:06,819 - INFO - No 'before' data for Aristotle and Dante Discover the Secrets of the Universe (Aristotle and Dante Series) - treating as zero interest
2026-02-07 11:21:11,256 - INFO - No 'after' data for Aristotle and Dante Discover the Secrets of the Universe (Aristotle and Dante Series) - treating as zero interest
2026-02-07 11:21:11,256 - INFO - Successfully collected data for: Aristotle and Dante Discover the Secrets of the Universe (Aristotle and Dante Series)
2026-02-07 11:21:19,853 - INFO - No 'before' data for The Sweet Revenge of Celia Door - treating as zero interest
2026-02-07 11:21:24,458 - INFO - No 'after' data for The Sweet Revenge of Celia Door - treating as zero interest
2026-02-07 11:21:24,458 - INFO - Successfully collected data for: The Sweet Revenge of Celia Door
2026-02-07 11:21:32,941 - INFO - No 'before' data for Putting Makeup on the Fat Boy - treating as zero interest
2026-02-07 11:21:37,565 - INFO - No 'after' data for Putting Makeup on the Fat Boy - treating as zero interest
2026-02-07 11:21:37,565 - INFO - Successfully collected data for: Putting Makeup on the Fat Boy
2026-02-07 11:21:46,114 - INFO - No 'before' data for Gingerbread (Cyd Charisse Series) - treating as zero interest
2026-02-07 11:21:50,672 - INFO - No 'after' data for Gingerbread (Cyd Charisse Series) - treating as zero interest
2026-02-07 11:21:50,672 - INFO - Successfully collected data for: Gingerbread (Cyd Charisse Series)
2026-02-07 11:22:04,817 - INFO - Successfully collected data for: Rick
2026-02-07 11:22:18,023 - INFO - Successfully collected data for: Forever for a Year
2026-02-07 11:22:26,526 - INFO - No 'before' data for Bend, Don't Shatter: Poets on the Beginning of Desire - treating as zero interest
2026-02-07 11:22:31,179 - INFO - No 'after' data for Bend, Don't Shatter: Poets on the Beginning of Desire - treating as zero interest
2026-02-07 11:22:31,180 - INFO - Successfully collected data for: Bend, Don't Shatter: Poets on the Beginning of Desire
2026-02-07 11:22:39,721 - INFO - No 'before' data for It's Our Prom (So Deal With It) - treating as zero interest
2026-02-07 11:22:44,227 - INFO - No 'after' data for It's Our Prom (So Deal With It) - treating as zero interest
2026-02-07 11:22:44,227 - INFO - Successfully collected data for: It's Our Prom (So Deal With It)
2026-02-07 11:22:57,191 - INFO - No 'after' data for The Devouring Gray (The Devouring Gray Series) - treating as zero interest
2026-02-07 11:22:57,193 - INFO - Successfully collected data for: The Devouring Gray (The Devouring Gray Series)
2026-02-07 11:23:10,339 - INFO - No 'after' data for Not My Idea: A Book About Whiteness (Ordinary Terrible Things Series) - treating as zero interest
2026-02-07 11:23:10,341 - INFO - Successfully collected data for: Not My Idea: A Book About Whiteness (Ordinary Terrible Things Series)
2026-02-07 11:23:23,862 - INFO - Successfully collected data for: Birth Control
2026-02-07 11:23:36,970 - INFO - Successfully collected data for: I'll Give You the Sun
2026-02-07 11:23:45,461 - INFO - No 'before' data for How It All Blew Up - treating as zero interest
2026-02-07 11:23:50,070 - INFO - No 'after' data for How It All Blew Up - treating as zero interest
2026-02-07 11:23:50,071 - INFO - Successfully collected data for: How It All Blew Up
2026-02-07 11:24:03,279 - INFO - No 'after' data for Friendship, Dating, and Relationships (Teens: Being Gay, Lesbian, Bisexual, or Transgender) - treating as zero interest
2026-02-07 11:24:03,281 - INFO - Successfully collected data for: Friendship, Dating, and Relationships (Teens: Being Gay, Lesbian, Bisexual, or Transgender)
2026-02-07 11:24:11,879 - INFO - No 'before' data for Homophobia: From Social Stigma to Hate Crimes - treating as zero interest
2026-02-07 11:24:16,398 - INFO - Successfully collected data for: Homophobia: From Social Stigma to Hate Crimes
2026-02-07 11:24:24,989 - INFO - No 'before' data for Considering Hate: Violence, Goodness, and Justice in American Culture and Politics - treating as zero interest
2026-02-07 11:24:29,598 - INFO - No 'after' data for Considering Hate: Violence, Goodness, and Justice in American Culture and Politics - treating as zero interest
2026-02-07 11:24:29,598 - INFO - Successfully collected data for: Considering Hate: Violence, Goodness, and Justice in American Culture and Politics
2026-02-07 11:24:42,403 - INFO - Successfully collected data for: The Downstairs Girl
2026-02-07 11:24:55,615 - INFO - Successfully collected data for: The Breakaways
2026-02-07 11:25:08,610 - INFO - No 'after' data for LGBTQ Families: The Ultimate Teen Guide - treating as zero interest
2026-02-07 11:25:08,611 - INFO - Successfully collected data for: LGBTQ Families: The Ultimate Teen Guide
2026-02-07 11:25:21,829 - INFO - Successfully collected data for: Heather Has Two Mommies
2026-02-07 11:25:30,321 - INFO - No 'before' data for SEX: If You're Scared of The Truth Don't Read This! - treating as zero interest
2026-02-07 11:25:34,936 - INFO - Successfully collected data for: SEX: If You're Scared of The Truth Don't Read This!
2026-02-07 11:25:48,134 - INFO - No 'after' data for Gender Queer: A Memoir - treating as zero interest
2026-02-07 11:25:48,136 - INFO - Successfully collected data for: Gender Queer: A Memoir
2026-02-07 11:25:56,571 - INFO - No 'before' data for The Summer of Jordi Perez (And the Best Burger in Los Angeles) - treating as zero interest
2026-02-07 11:26:01,039 - INFO - No 'after' data for The Summer of Jordi Perez (And the Best Burger in Los Angeles) - treating as zero interest
2026-02-07 11:26:01,040 - INFO - Successfully collected data for: The Summer of Jordi Perez (And the Best Burger in Los Angeles)
2026-02-07 11:26:13,952 - INFO - Successfully collected data for: Let's Talk About Love
2026-02-07 11:26:22,499 - INFO - No 'before' data for The Grief Keeper - treating as zero interest
2026-02-07 11:26:27,149 - INFO - No 'after' data for The Grief Keeper - treating as zero interest
2026-02-07 11:26:27,151 - INFO - Successfully collected data for: The Grief Keeper
2026-02-07 11:26:35,800 - INFO - No 'before' data for The House You Pass on the Way - treating as zero interest
2026-02-07 11:26:40,462 - INFO - No 'after' data for The House You Pass on the Way - treating as zero interest
2026-02-07 11:26:40,463 - INFO - Successfully collected data for: The House You Pass on the Way
2026-02-07 11:26:49,166 - INFO - No 'before' data for Coming Out: Telling Family and Friends - treating as zero interest
2026-02-07 11:26:53,670 - INFO - No 'after' data for Coming Out: Telling Family and Friends - treating as zero interest
2026-02-07 11:26:53,672 - INFO - Successfully collected data for: Coming Out: Telling Family and Friends
2026-02-07 11:27:06,337 - INFO - Successfully collected data for: All Boys Aren't Blue
2026-02-07 11:27:14,868 - INFO - No 'before' data for The Art of Saving the World - treating as zero interest
2026-02-07 11:27:19,475 - INFO - No 'after' data for The Art of Saving the World - treating as zero interest
2026-02-07 11:27:19,475 - INFO - Successfully collected data for: The Art of Saving the World
2026-02-07 11:27:28,078 - INFO - No 'before' data for Hold Me Closer: The Tiny Cooper Story (Will Grayson, Will Grayson Series) - treating as zero interest
2026-02-07 11:27:32,582 - INFO - No 'after' data for Hold Me Closer: The Tiny Cooper Story (Will Grayson, Will Grayson Series) - treating as zero interest
2026-02-07 11:27:32,582 - INFO - Successfully collected data for: Hold Me Closer: The Tiny Cooper Story (Will Grayson, Will Grayson Series)
2026-02-07 11:27:41,184 - INFO - No 'before' data for Keeping You a Secret - treating as zero interest
2026-02-07 11:27:45,695 - INFO - Successfully collected data for: Keeping You a Secret
2026-02-07 11:27:54,208 - INFO - No 'before' data for Tips on Having a Gay (Ex) Boyfriend (Belle Series) - treating as zero interest
2026-02-07 11:27:58,798 - INFO - No 'after' data for Tips on Having a Gay (Ex) Boyfriend (Belle Series) - treating as zero interest
2026-02-07 11:27:58,798 - INFO - Successfully collected data for: Tips on Having a Gay (Ex) Boyfriend (Belle Series)
2026-02-07 11:28:11,915 - INFO - Successfully collected data for: We Are the Ants
2026-02-07 11:28:20,506 - INFO - No 'before' data for Identity: A Story of Transitioning - treating as zero interest
2026-02-07 11:28:25,114 - INFO - No 'after' data for Identity: A Story of Transitioning - treating as zero interest
2026-02-07 11:28:25,114 - INFO - Successfully collected data for: Identity: A Story of Transitioning
2026-02-07 11:28:38,128 - INFO - Successfully collected data for: Flamer
2026-02-07 11:28:51,533 - INFO - No 'after' data for The Birds, the Bees, and You and Me - treating as zero interest
2026-02-07 11:28:51,534 - INFO - Successfully collected data for: The Birds, the Bees, and You and Me
2026-02-07 11:29:04,953 - INFO - Successfully collected data for: The Cider House Rules
2026-02-07 11:29:13,548 - INFO - No 'before' data for Proxy (Proxy Series) - treating as zero interest
2026-02-07 11:29:18,168 - INFO - Successfully collected data for: Proxy (Proxy Series)
2026-02-07 11:29:30,868 - INFO - Successfully collected data for: All Boys Aren't Blue
2026-02-07 11:29:39,558 - INFO - No 'before' data for ttyl (Internet Girls Series) - treating as zero interest
2026-02-07 11:29:44,165 - INFO - No 'after' data for ttyl (Internet Girls Series) - treating as zero interest
2026-02-07 11:29:44,165 - INFO - Successfully collected data for: ttyl (Internet Girls Series)
2026-02-07 11:29:57,299 - INFO - No 'after' data for One of Those Hideous Books Where the Mother Dies - treating as zero interest
2026-02-07 11:29:57,300 - INFO - Successfully collected data for: One of Those Hideous Books Where the Mother Dies
2026-02-07 11:30:10,236 - INFO - Successfully collected data for: The Breakaways
2026-02-07 11:30:18,582 - INFO - No 'before' data for They, She, He Easy as ABC - treating as zero interest
2026-02-07 11:30:23,180 - INFO - No 'after' data for They, She, He Easy as ABC - treating as zero interest
2026-02-07 11:30:23,180 - INFO - Successfully collected data for: They, She, He Easy as ABC
2026-02-07 11:30:31,721 - INFO - No 'before' data for The Abortion Debate (Essential Viewpoints) - treating as zero interest
2026-02-07 11:30:36,196 - INFO - Successfully collected data for: The Abortion Debate (Essential Viewpoints)
2026-02-07 11:30:49,480 - INFO - Successfully collected data for: Rainbow Revolutionaries: Fifty LGBTQ+ People Who Made History
2026-02-07 11:31:02,686 - INFO - Successfully collected data for: This One Summer
2026-02-07 11:31:15,707 - INFO - Successfully collected data for: Flamer
2026-02-07 11:31:24,175 - INFO - No 'before' data for Sonny's House of Spies - treating as zero interest
2026-02-07 11:31:29,709 - INFO - No 'after' data for Sonny's House of Spies - treating as zero interest
2026-02-07 11:31:29,709 - INFO - Successfully collected data for: Sonny's House of Spies
2026-02-07 11:31:38,230 - INFO - No 'before' data for No Girls Allowed: Tales of Daring Women Dressed as Men for Love, Freedom and Adventure - treating as zero interest
2026-02-07 11:31:42,746 - INFO - No 'after' data for No Girls Allowed: Tales of Daring Women Dressed as Men for Love, Freedom and Adventure - treating as zero interest
2026-02-07 11:31:42,746 - INFO - Successfully collected data for: No Girls Allowed: Tales of Daring Women Dressed as Men for Love, Freedom and Adventure
2026-02-07 11:31:55,709 - INFO - No 'after' data for Lobizona: A Novel (Wolves of No World Series) - treating as zero interest
2026-02-07 11:31:55,710 - INFO - Successfully collected data for: Lobizona: A Novel (Wolves of No World Series)
2026-02-07 11:32:04,157 - INFO - No 'before' data for Stamped from the Beginning: The Definitive History of Racist Ideas in America - treating as zero interest
2026-02-07 11:32:08,633 - INFO - No 'after' data for Stamped from the Beginning: The Definitive History of Racist Ideas in America - treating as zero interest
2026-02-07 11:32:08,634 - INFO - Successfully collected data for: Stamped from the Beginning: The Definitive History of Racist Ideas in America
2026-02-07 11:32:17,252 - INFO - No 'before' data for Lies My Girlfriend Told Me - treating as zero interest
2026-02-07 11:32:21,702 - INFO - No 'after' data for Lies My Girlfriend Told Me - treating as zero interest
2026-02-07 11:32:21,704 - INFO - Successfully collected data for: Lies My Girlfriend Told Me
2026-02-07 11:32:30,359 - INFO - No 'before' data for Beyond Magenta: Transgender Teens Speak Out - treating as zero interest
2026-02-07 11:32:34,967 - INFO - No 'after' data for Beyond Magenta: Transgender Teens Speak Out - treating as zero interest
2026-02-07 11:32:34,967 - INFO - Successfully collected data for: Beyond Magenta: Transgender Teens Speak Out
2026-02-07 11:32:48,042 - INFO - No 'after' data for Laura Dean Keeps Breaking Up with Me - treating as zero interest
2026-02-07 11:32:48,043 - INFO - Successfully collected data for: Laura Dean Keeps Breaking Up with Me
2026-02-07 11:33:01,297 - INFO - Successfully collected data for: Lawn Boy
2026-02-07 11:33:09,887 - INFO - No 'before' data for Feeling Wrong in Your Own Body: Understanding What It Means to Be Transgender - treating as zero interest
2026-02-07 11:33:14,494 - INFO - No 'after' data for Feeling Wrong in Your Own Body: Understanding What It Means to Be Transgender - treating as zero interest
2026-02-07 11:33:14,494 - INFO - Successfully collected data for: Feeling Wrong in Your Own Body: Understanding What It Means to Be Transgender
2026-02-07 11:33:27,712 - INFO - Successfully collected data for: The Miseducation of Cameron Post
2026-02-07 11:33:36,194 - INFO - No 'before' data for What Happened to Lani Garver - treating as zero interest
2026-02-07 11:33:40,758 - INFO - No 'after' data for What Happened to Lani Garver - treating as zero interest
2026-02-07 11:33:40,759 - INFO - Successfully collected data for: What Happened to Lani Garver
2026-02-07 11:33:49,252 - INFO - No 'before' data for The Blood Countess (Lady Slayers Series) - treating as zero interest
2026-02-07 11:33:53,768 - INFO - No 'after' data for The Blood Countess (Lady Slayers Series) - treating as zero interest
2026-02-07 11:33:53,769 - INFO - Successfully collected data for: The Blood Countess (Lady Slayers Series)
2026-02-07 11:34:06,791 - INFO - Successfully collected data for: The Migration North
2026-02-07 11:34:15,318 - INFO - No 'before' data for Gender Identity (Teen Mental Health) - treating as zero interest
2026-02-07 11:34:19,868 - INFO - No 'after' data for Gender Identity (Teen Mental Health) - treating as zero interest
2026-02-07 11:34:19,869 - INFO - Successfully collected data for: Gender Identity (Teen Mental Health)
2026-02-07 11:34:28,426 - INFO - No 'before' data for Gay and Lesbian Role Models - treating as zero interest
2026-02-07 11:34:33,034 - INFO - No 'after' data for Gay and Lesbian Role Models - treating as zero interest
2026-02-07 11:34:33,034 - INFO - Successfully collected data for: Gay and Lesbian Role Models
2026-02-07 11:34:41,607 - INFO - No 'before' data for 7 Days at the Hot Corner - treating as zero interest
2026-02-07 11:34:46,126 - INFO - No 'after' data for 7 Days at the Hot Corner - treating as zero interest
2026-02-07 11:34:46,126 - INFO - Successfully collected data for: 7 Days at the Hot Corner
2026-02-07 11:34:54,845 - INFO - No 'before' data for The Mighty Heart of Sunny St. James - treating as zero interest
2026-02-07 11:34:59,350 - INFO - No 'after' data for The Mighty Heart of Sunny St. James - treating as zero interest
2026-02-07 11:34:59,350 - INFO - Successfully collected data for: The Mighty Heart of Sunny St. James
2026-02-07 11:35:07,655 - WARNING - Rate limit for White Rabbit. Waiting before retry 2/3
2026-02-07 11:35:32,946 - INFO - Successfully collected data for: White Rabbit
2026-02-07 11:35:41,641 - INFO - No 'before' data for Far From the Tree: Parents, Children and the Search for Identity - treating as zero interest
2026-02-07 11:35:46,106 - INFO - No 'after' data for Far From the Tree: Parents, Children and the Search for Identity - treating as zero interest
2026-02-07 11:35:46,106 - INFO - Successfully collected data for: Far From the Tree: Parents, Children and the Search for Identity
2026-02-07 11:35:54,750 - INFO - No 'before' data for Killing Mr. Griffin - treating as zero interest
2026-02-07 11:35:59,291 - INFO - No 'after' data for Killing Mr. Griffin - treating as zero interest
2026-02-07 11:35:59,292 - INFO - Successfully collected data for: Killing Mr. Griffin
2026-02-07 11:36:07,794 - INFO - No 'before' data for What If It's Us (What If It's Us Series) - treating as zero interest
2026-02-07 11:36:12,313 - INFO - Successfully collected data for: What If It's Us (What If It's Us Series)
2026-02-07 11:36:25,468 - INFO - Successfully collected data for: Out of Darkness
2026-02-07 11:36:34,070 - INFO - No 'before' data for Absolute Brightness - treating as zero interest
2026-02-07 11:36:38,689 - INFO - Successfully collected data for: Absolute Brightness
2026-02-07 11:36:51,672 - INFO - Successfully collected data for: How Prevalent Is Racism in Society?
2026-02-07 11:37:00,189 - INFO - No 'before' data for The Fire Never Goes Out: A Memoir in Pictures - treating as zero interest
2026-02-07 11:37:04,552 - INFO - No 'after' data for The Fire Never Goes Out: A Memoir in Pictures - treating as zero interest
2026-02-07 11:37:04,552 - INFO - Successfully collected data for: The Fire Never Goes Out: A Memoir in Pictures
2026-02-07 11:37:14,057 - INFO - No 'before' data for My Invented Life - treating as zero interest
2026-02-07 11:37:18,725 - INFO - Successfully collected data for: My Invented Life
2026-02-07 11:37:27,318 - INFO - No 'before' data for La carta de Ivy Aberdeen al mundo/Ivy Aberdeen's Letter to the World - treating as zero interest
2026-02-07 11:37:31,671 - INFO - No 'after' data for La carta de Ivy Aberdeen al mundo/Ivy Aberdeen's Letter to the World - treating as zero interest
2026-02-07 11:37:31,671 - INFO - Successfully collected data for: La carta de Ivy Aberdeen al mundo/Ivy Aberdeen's Letter to the World
2026-02-07 11:37:40,467 - INFO - No 'before' data for Love Drugged - treating as zero interest
2026-02-07 11:37:44,901 - INFO - No 'after' data for Love Drugged - treating as zero interest
2026-02-07 11:37:44,901 - INFO - Successfully collected data for: Love Drugged
2026-02-07 11:37:58,047 - INFO - Successfully collected data for: Totally Joe (The Misfits Series)
2026-02-07 11:38:11,256 - INFO - No 'after' data for High Drama (Suspended Series) - treating as zero interest
2026-02-07 11:38:11,257 - INFO - Successfully collected data for: High Drama (Suspended Series)
2026-02-07 11:38:19,744 - INFO - No 'before' data for Let it Snow: Three Holiday Romances - treating as zero interest
2026-02-07 11:38:24,363 - INFO - Successfully collected data for: Let it Snow: Three Holiday Romances
2026-02-07 11:38:32,772 - INFO - No 'before' data for Ana on the Edge - treating as zero interest
2026-02-07 11:38:37,367 - INFO - Successfully collected data for: Ana on the Edge
2026-02-07 11:38:50,515 - INFO - No 'after' data for Girls Like Us (2015) - treating as zero interest
2026-02-07 11:38:50,516 - INFO - Successfully collected data for: Girls Like Us (2015)
2026-02-07 11:39:03,783 - INFO - No 'after' data for The Gods of Tango - treating as zero interest
2026-02-07 11:39:03,783 - INFO - Successfully collected data for: The Gods of Tango
2026-02-07 11:39:16,568 - INFO - Successfully collected data for: Melissa (George)
2026-02-07 11:39:25,066 - INFO - No 'before' data for The Barren Grounds (The Misewa Saga Series) - treating as zero interest
2026-02-07 11:39:29,523 - INFO - No 'after' data for The Barren Grounds (The Misewa Saga Series) - treating as zero interest
2026-02-07 11:39:29,524 - INFO - Successfully collected data for: The Barren Grounds (The Misewa Saga Series)
2026-02-07 11:39:38,082 - INFO - No 'before' data for The Less-dead - treating as zero interest
2026-02-07 11:39:42,519 - INFO - No 'after' data for The Less-dead - treating as zero interest
2026-02-07 11:39:42,519 - INFO - Successfully collected data for: The Less-dead
2026-02-07 11:39:51,051 - INFO - No 'before' data for Rage: A Love Story - treating as zero interest
2026-02-07 11:39:55,526 - INFO - No 'after' data for Rage: A Love Story - treating as zero interest
2026-02-07 11:39:55,527 - INFO - Successfully collected data for: Rage: A Love Story
2026-02-07 11:40:08,543 - INFO - No 'after' data for Girls vs. Guys: Surprising Differences Between the Sexes - treating as zero interest
2026-02-07 11:40:08,544 - INFO - Successfully collected data for: Girls vs. Guys: Surprising Differences Between the Sexes
2026-02-07 11:40:22,325 - INFO - Successfully collected data for: The Difference Between You and Me
2026-02-07 11:40:35,771 - INFO - Successfully collected data for: Fan Art
2026-02-07 11:40:44,230 - INFO - No 'before' data for Honestly Ben (Openly Straight Series) - treating as zero interest
2026-02-07 11:40:48,746 - INFO - No 'after' data for Honestly Ben (Openly Straight Series) - treating as zero interest
2026-02-07 11:40:48,747 - INFO - Successfully collected data for: Honestly Ben (Openly Straight Series)
2026-02-07 11:41:01,955 - INFO - Successfully collected data for: The Baby Tree
2026-02-07 11:41:10,544 - INFO - No 'before' data for Underneath It All: A History of Women's Underwear - treating as zero interest
2026-02-07 11:41:14,889 - INFO - Successfully collected data for: Underneath It All: A History of Women's Underwear
2026-02-07 11:41:23,552 - INFO - No 'before' data for The Art of Being Normal - treating as zero interest
2026-02-07 11:41:28,262 - INFO - No 'after' data for The Art of Being Normal - treating as zero interest
2026-02-07 11:41:28,262 - INFO - Successfully collected data for: The Art of Being Normal
2026-02-07 11:41:36,636 - INFO - No 'before' data for Middle School's a Drag, You Better Werk! - treating as zero interest
2026-02-07 11:41:41,268 - INFO - No 'after' data for Middle School's a Drag, You Better Werk! - treating as zero interest
2026-02-07 11:41:41,269 - INFO - Successfully collected data for: Middle School's a Drag, You Better Werk!
2026-02-07 11:41:54,160 - INFO - Successfully collected data for: Crank (Crank Series)
2026-02-07 11:42:02,775 - INFO - No 'before' data for It's Not Like It's a Secret - treating as zero interest
2026-02-07 11:42:07,365 - INFO - No 'after' data for It's Not Like It's a Secret - treating as zero interest
2026-02-07 11:42:07,367 - INFO - Successfully collected data for: It's Not Like It's a Secret
2026-02-07 11:42:15,979 - INFO - No 'before' data for Tell Me Again How a Crush Should Feel - treating as zero interest
2026-02-07 11:42:20,485 - INFO - No 'after' data for Tell Me Again How a Crush Should Feel - treating as zero interest
2026-02-07 11:42:20,486 - INFO - Successfully collected data for: Tell Me Again How a Crush Should Feel
2026-02-07 11:42:34,523 - INFO - Successfully collected data for: Birthday
2026-02-07 11:42:43,116 - INFO - No 'before' data for Girl, (Nearly) 16: Absolute Torture - treating as zero interest
2026-02-07 11:42:47,618 - INFO - No 'after' data for Girl, (Nearly) 16: Absolute Torture - treating as zero interest
2026-02-07 11:42:47,618 - INFO - Successfully collected data for: Girl, (Nearly) 16: Absolute Torture
2026-02-07 11:42:56,045 - INFO - No 'before' data for Everybody Sees the Ants - treating as zero interest
2026-02-07 11:43:00,391 - INFO - No 'after' data for Everybody Sees the Ants - treating as zero interest
2026-02-07 11:43:00,391 - INFO - Successfully collected data for: Everybody Sees the Ants
2026-02-07 11:43:13,550 - INFO - Successfully collected data for: Burn Baby Burn
2026-02-07 11:43:26,702 - INFO - No 'after' data for Ready or Not?: A Girl's Guide to Making Her Own Decisions about Dating, Love, and Sex - treating as zero interest
2026-02-07 11:43:26,703 - INFO - Successfully collected data for: Ready or Not?: A Girl's Guide to Making Her Own Decisions about Dating, Love, and Sex
2026-02-07 11:43:39,965 - INFO - Successfully collected data for: Thirteen Reasons Why
2026-02-07 11:43:52,771 - INFO - Successfully collected data for: All Boys Aren't Blue
2026-02-07 11:44:05,732 - INFO - No 'after' data for Gays and Mental Health: Fighting Depression, Saying No to Suicide - treating as zero interest
2026-02-07 11:44:05,732 - INFO - Successfully collected data for: Gays and Mental Health: Fighting Depression, Saying No to Suicide
2026-02-07 11:44:14,075 - INFO - No 'before' data for In Our Mothers' House - treating as zero interest
2026-02-07 11:44:18,662 - INFO - Successfully collected data for: In Our Mothers' House
2026-02-07 11:44:32,385 - INFO - Successfully collected data for: Abortion
2026-02-07 11:44:45,485 - INFO - No 'after' data for Tomboy: A Graphic Memoir - treating as zero interest
2026-02-07 11:44:45,486 - INFO - Successfully collected data for: Tomboy: A Graphic Memoir
2026-02-07 11:44:58,668 - INFO - Successfully collected data for: The Dear One
2026-02-07 11:45:11,911 - INFO - Successfully collected data for: Homegoing
2026-02-07 11:45:25,428 - INFO - Successfully collected data for: The Handmaid's Tale
2026-02-07 11:45:38,327 - INFO - Successfully collected data for: Under Threat
2026-02-07 11:45:46,788 - INFO - No 'before' data for Living with Religion and Faith - treating as zero interest
2026-02-07 11:45:51,433 - INFO - Successfully collected data for: Living with Religion and Faith
2026-02-07 11:46:00,029 - INFO - No 'before' data for Daughters Unto Devils - treating as zero interest
2026-02-07 11:46:04,554 - INFO - No 'after' data for Daughters Unto Devils - treating as zero interest
2026-02-07 11:46:04,555 - INFO - Successfully collected data for: Daughters Unto Devils
2026-02-07 11:46:13,239 - INFO - No 'before' data for 101 Questions About Sex and Sexuality: With Answers for the Curious, Cautious, and Confused - treating as zero interest
2026-02-07 11:46:17,949 - INFO - No 'after' data for 101 Questions About Sex and Sexuality: With Answers for the Curious, Cautious, and Confused - treating as zero interest
2026-02-07 11:46:17,949 - INFO - Successfully collected data for: 101 Questions About Sex and Sexuality: With Answers for the Curious, Cautious, and Confused
2026-02-07 11:46:26,424 - INFO - No 'before' data for Rainbow High (Rainbow Trilogy Series) - treating as zero interest
2026-02-07 11:46:30,823 - INFO - No 'after' data for Rainbow High (Rainbow Trilogy Series) - treating as zero interest
2026-02-07 11:46:30,823 - INFO - Successfully collected data for: Rainbow High (Rainbow Trilogy Series)
2026-02-07 11:46:44,061 - INFO - No 'after' data for The Red Scrolls of Magic - treating as zero interest
2026-02-07 11:46:44,063 - INFO - Successfully collected data for: The Red Scrolls of Magic
2026-02-07 11:46:52,765 - INFO - No 'before' data for 10 Things I Can See from Here - treating as zero interest
2026-02-07 11:46:57,382 - INFO - Successfully collected data for: 10 Things I Can See from Here
2026-02-07 11:47:10,592 - INFO - Successfully collected data for: The Last Exit to Normal
2026-02-07 11:47:19,285 - INFO - No 'before' data for Two Boys Kissing - treating as zero interest
2026-02-07 11:47:23,858 - INFO - No 'after' data for Two Boys Kissing - treating as zero interest
2026-02-07 11:47:23,859 - INFO - Successfully collected data for: Two Boys Kissing
2026-02-07 11:47:37,215 - INFO - Successfully collected data for: Ship It
2026-02-07 11:47:45,911 - INFO - No 'before' data for Trans Mission: My Quest to a Beard - treating as zero interest
2026-02-07 11:47:50,527 - INFO - Successfully collected data for: Trans Mission: My Quest to a Beard
2026-02-07 11:48:03,532 - INFO - Successfully collected data for: Kaleidoscope Song
2026-02-07 11:48:12,124 - INFO - No 'before' data for The Edge of the Water (Whidbey Island Saga Series) - treating as zero interest
2026-02-07 11:48:16,629 - INFO - No 'after' data for The Edge of the Water (Whidbey Island Saga Series) - treating as zero interest
2026-02-07 11:48:16,629 - INFO - Successfully collected data for: The Edge of the Water (Whidbey Island Saga Series)
2026-02-07 11:48:29,952 - INFO - Successfully collected data for: Draw the Line
2026-02-07 11:48:38,446 - INFO - No 'before' data for Everything You Love Will Burn: Inside the Rebirth of White Nationalism in America - treating as zero interest
2026-02-07 11:48:43,048 - INFO - No 'after' data for Everything You Love Will Burn: Inside the Rebirth of White Nationalism in America - treating as zero interest
2026-02-07 11:48:43,048 - INFO - Successfully collected data for: Everything You Love Will Burn: Inside the Rebirth of White Nationalism in America
2026-02-07 11:48:56,467 - INFO - Successfully collected data for: Say the Word
2026-02-07 11:49:04,817 - INFO - No 'before' data for Drama: A Graphic Novel - treating as zero interest
2026-02-07 11:49:09,145 - INFO - No 'after' data for Drama: A Graphic Novel - treating as zero interest
2026-02-07 11:49:09,146 - INFO - Successfully collected data for: Drama: A Graphic Novel
2026-02-07 11:49:17,645 - INFO - No 'before' data for Between Mom and Jo - treating as zero interest
2026-02-07 11:49:22,166 - INFO - No 'after' data for Between Mom and Jo - treating as zero interest
2026-02-07 11:49:22,166 - INFO - Successfully collected data for: Between Mom and Jo
2026-02-07 11:49:35,229 - INFO - No 'after' data for Gone, Gone, Gone - treating as zero interest
2026-02-07 11:49:35,230 - INFO - Successfully collected data for: Gone, Gone, Gone
2026-02-07 11:49:48,483 - INFO - Successfully collected data for: The Moon Within
2026-02-07 11:50:01,383 - INFO - No 'after' data for Dreadnought (Nemesis Series) - treating as zero interest
2026-02-07 11:50:01,385 - INFO - Successfully collected data for: Dreadnought (Nemesis Series)
2026-02-07 11:50:14,600 - INFO - No 'after' data for Gay People of Color: Facing Prejudices, Forging Identities - treating as zero interest
2026-02-07 11:50:14,602 - INFO - Successfully collected data for: Gay People of Color: Facing Prejudices, Forging Identities
2026-02-07 11:50:23,034 - INFO - No 'before' data for Two Boys Kissing - treating as zero interest
2026-02-07 11:50:27,700 - INFO - No 'after' data for Two Boys Kissing - treating as zero interest
2026-02-07 11:50:27,701 - INFO - Successfully collected data for: Two Boys Kissing
2026-02-07 11:50:41,126 - INFO - Successfully collected data for: Middlesex
2026-02-07 11:50:49,728 - INFO - No 'before' data for I Hope You're Listening - treating as zero interest
2026-02-07 11:50:54,220 - INFO - No 'after' data for I Hope You're Listening - treating as zero interest
2026-02-07 11:50:54,222 - INFO - Successfully collected data for: I Hope You're Listening
2026-02-07 11:51:07,137 - INFO - No 'after' data for Wayward Witch (Brooklyn Brujas Series) - treating as zero interest
2026-02-07 11:51:07,138 - INFO - Successfully collected data for: Wayward Witch (Brooklyn Brujas Series)
2026-02-07 11:51:15,726 - INFO - No 'before' data for The Deep & Dark Blue - treating as zero interest
2026-02-07 11:51:20,336 - INFO - No 'after' data for The Deep & Dark Blue - treating as zero interest
2026-02-07 11:51:20,336 - INFO - Successfully collected data for: The Deep & Dark Blue
2026-02-07 11:51:29,039 - INFO - No 'before' data for Tomorrow Will Be Different: Love, Loss, and the Fight for Trans Equality - treating as zero interest
2026-02-07 11:51:33,723 - INFO - No 'after' data for Tomorrow Will Be Different: Love, Loss, and the Fight for Trans Equality - treating as zero interest
2026-02-07 11:51:33,724 - INFO - Successfully collected data for: Tomorrow Will Be Different: Love, Loss, and the Fight for Trans Equality
2026-02-07 11:51:46,856 - INFO - No 'after' data for Invisible Man, Got the Whole World Watching: A Young Black Man's Education - treating as zero interest
2026-02-07 11:51:46,857 - INFO - Successfully collected data for: Invisible Man, Got the Whole World Watching: A Young Black Man's Education
2026-02-07 11:51:55,406 - INFO - No 'before' data for Darius the Great Deserves Better (Darius the Great Series) - treating as zero interest
2026-02-07 11:51:59,975 - INFO - No 'after' data for Darius the Great Deserves Better (Darius the Great Series) - treating as zero interest
2026-02-07 11:51:59,975 - INFO - Successfully collected data for: Darius the Great Deserves Better (Darius the Great Series)
2026-02-07 11:52:08,580 - INFO - No 'before' data for Roe v. Wade: The Untold Story of the Landmark Supreme Court Decision that Made Abortion Legal - treating as zero interest
2026-02-07 11:52:13,191 - INFO - No 'after' data for Roe v. Wade: The Untold Story of the Landmark Supreme Court Decision that Made Abortion Legal - treating as zero interest
2026-02-07 11:52:13,192 - INFO - Successfully collected data for: Roe v. Wade: The Untold Story of the Landmark Supreme Court Decision that Made Abortion Legal
2026-02-07 11:52:26,034 - INFO - No 'after' data for At the Edge of the Universe - treating as zero interest
2026-02-07 11:52:26,034 - INFO - Successfully collected data for: At the Edge of the Universe
2026-02-07 11:52:34,700 - INFO - No 'before' data for Jacob's Room to Choose - treating as zero interest
2026-02-07 11:52:39,136 - INFO - No 'after' data for Jacob's Room to Choose - treating as zero interest
2026-02-07 11:52:39,136 - INFO - Successfully collected data for: Jacob's Room to Choose
2026-02-07 11:52:47,594 - INFO - No 'before' data for Being the Change: Lessons and Strategies to Teach Social Comprehension - treating as zero interest
2026-02-07 11:52:52,009 - INFO - No 'after' data for Being the Change: Lessons and Strategies to Teach Social Comprehension - treating as zero interest
2026-02-07 11:52:52,009 - INFO - Successfully collected data for: Being the Change: Lessons and Strategies to Teach Social Comprehension
2026-02-07 11:53:04,950 - INFO - Successfully collected data for: Suicide Notes
2026-02-07 11:53:13,435 - INFO - No 'before' data for When We Were Magic - treating as zero interest
2026-02-07 11:53:18,020 - INFO - No 'after' data for When We Were Magic - treating as zero interest
2026-02-07 11:53:18,020 - INFO - Successfully collected data for: When We Were Magic
2026-02-07 11:53:30,930 - INFO - Successfully collected data for: Playing the Field
2026-02-07 11:53:43,923 - INFO - No 'after' data for Beyond Dreams (Hamilton High Series) - treating as zero interest
2026-02-07 11:53:43,924 - INFO - Successfully collected data for: Beyond Dreams (Hamilton High Series)
2026-02-07 11:53:52,525 - INFO - No 'before' data for It's Perfectly Normal: Changing Bodies, Growing Up, Sex, and Sexual Health - treating as zero interest
2026-02-07 11:53:57,011 - INFO - Successfully collected data for: It's Perfectly Normal: Changing Bodies, Growing Up, Sex, and Sexual Health
2026-02-07 11:54:10,854 - INFO - No 'after' data for Julián at the Wedding (Julián Series) - treating as zero interest
2026-02-07 11:54:10,856 - INFO - Successfully collected data for: Julián at the Wedding (Julián Series)
2026-02-07 11:54:24,177 - INFO - Successfully collected data for: En el bosque
2026-02-07 11:54:32,768 - INFO - No 'before' data for Abortion: A Documentary and Reference Guide - treating as zero interest
2026-02-07 11:54:37,377 - INFO - No 'after' data for Abortion: A Documentary and Reference Guide - treating as zero interest
2026-02-07 11:54:37,378 - INFO - Successfully collected data for: Abortion: A Documentary and Reference Guide
2026-02-07 11:54:50,693 - INFO - Successfully collected data for: 101 Questions About Reproduction: Or How 1 + 1 = 3 or 4 or More
2026-02-07 11:55:03,704 - INFO - Successfully collected data for: Miles Away from You
2026-02-07 11:55:16,366 - INFO - Successfully collected data for: Dear Martin
2026-02-07 11:55:29,394 - INFO - No 'after' data for Gender Queer: A Memoir - treating as zero interest
2026-02-07 11:55:29,396 - INFO - Successfully collected data for: Gender Queer: A Memoir
2026-02-07 11:55:42,615 - INFO - Successfully collected data for: You Know Me Well
2026-02-07 11:55:56,031 - INFO - Successfully collected data for: La tormenta
2026-02-07 11:56:09,239 - INFO - Successfully collected data for: Raise the Stakes
2026-02-07 11:56:17,549 - INFO - No 'before' data for The Traitor Game - treating as zero interest
2026-02-07 11:56:21,996 - INFO - No 'after' data for The Traitor Game - treating as zero interest
2026-02-07 11:56:21,996 - INFO - Successfully collected data for: The Traitor Game
2026-02-07 11:56:35,351 - INFO - Successfully collected data for: So You Want to Talk About Race
2026-02-07 11:56:48,448 - INFO - No 'after' data for GLBTQ*: The Survival Guide for Queer & Questioning Teens - treating as zero interest
2026-02-07 11:56:48,449 - INFO - Successfully collected data for: GLBTQ*: The Survival Guide for Queer & Questioning Teens
2026-02-07 11:56:57,051 - INFO - No 'before' data for Fun Home: A Family Tragicomic - treating as zero interest
2026-02-07 11:57:01,657 - INFO - No 'after' data for Fun Home: A Family Tragicomic - treating as zero interest
2026-02-07 11:57:01,658 - INFO - Successfully collected data for: Fun Home: A Family Tragicomic
2026-02-07 11:57:10,157 - INFO - No 'before' data for The Magic Fish - treating as zero interest
2026-02-07 11:57:14,777 - INFO - Successfully collected data for: The Magic Fish
2026-02-07 11:57:23,265 - INFO - No 'before' data for My Heart Underwater - treating as zero interest
2026-02-07 11:57:27,876 - INFO - Successfully collected data for: My Heart Underwater
2026-02-07 11:57:36,782 - INFO - No 'before' data for Taking Responsibility: A Teen's Guide to Contraception and Pregnancy - treating as zero interest
2026-02-07 11:57:41,389 - INFO - No 'after' data for Taking Responsibility: A Teen's Guide to Contraception and Pregnancy - treating as zero interest
2026-02-07 11:57:41,390 - INFO - Successfully collected data for: Taking Responsibility: A Teen's Guide to Contraception and Pregnancy
2026-02-07 11:57:50,298 - INFO - No 'before' data for The Accidental Adventures of India McAllister - treating as zero interest
2026-02-07 11:57:54,915 - INFO - Successfully collected data for: The Accidental Adventures of India McAllister
2026-02-07 11:58:08,229 - INFO - Successfully collected data for: One Man Guy
2026-02-07 11:58:21,335 - INFO - Successfully collected data for: Me and Earl and the Dying Girl
2026-02-07 11:58:29,829 - INFO - No 'before' data for Whistle Me Home - treating as zero interest
2026-02-07 11:58:34,431 - INFO - No 'after' data for Whistle Me Home - treating as zero interest
2026-02-07 11:58:34,432 - INFO - Successfully collected data for: Whistle Me Home
2026-02-07 11:58:43,034 - INFO - No 'before' data for Citizen: An American Lyric - treating as zero interest
2026-02-07 11:58:47,652 - INFO - Successfully collected data for: Citizen: An American Lyric
2026-02-07 11:58:56,354 - INFO - No 'before' data for We Were Eight Years in Power: An American Tragedy - treating as zero interest
2026-02-07 11:59:00,944 - INFO - No 'after' data for We Were Eight Years in Power: An American Tragedy - treating as zero interest
2026-02-07 11:59:00,945 - INFO - Successfully collected data for: We Were Eight Years in Power: An American Tragedy
2026-02-07 11:59:14,281 - INFO - Successfully collected data for: All American Boys
2026-02-07 11:59:27,422 - INFO - No 'after' data for Black Rabbit Summer - treating as zero interest
2026-02-07 11:59:27,423 - INFO - Successfully collected data for: Black Rabbit Summer
2026-02-07 11:59:40,681 - INFO - No 'after' data for Gay Believers: Homosexuality and Religion - treating as zero interest
2026-02-07 11:59:40,682 - INFO - Successfully collected data for: Gay Believers: Homosexuality and Religion
2026-02-07 11:59:49,288 - INFO - No 'before' data for Cut Both Ways - treating as zero interest
2026-02-07 11:59:53,792 - INFO - Successfully collected data for: Cut Both Ways
2026-02-07 12:00:07,011 - INFO - Successfully collected data for: The Hookup Artist
2026-02-07 12:00:15,602 - INFO - No 'before' data for Annie on My Mind - treating as zero interest
2026-02-07 12:00:20,141 - INFO - No 'after' data for Annie on My Mind - treating as zero interest
2026-02-07 12:00:20,142 - INFO - Successfully collected data for: Annie on My Mind
2026-02-07 12:00:34,149 - INFO - Successfully collected data for: Ash
2026-02-07 12:00:47,245 - INFO - No 'after' data for Ask the Passengers - treating as zero interest
2026-02-07 12:00:47,246 - INFO - Successfully collected data for: Ask the Passengers
2026-02-07 12:01:00,668 - INFO - Successfully collected data for: Hot Dog Girl
2026-02-07 12:01:09,261 - INFO - No 'before' data for Victor and Nora: A Gotham Love Story - treating as zero interest
2026-02-07 12:01:13,817 - INFO - No 'after' data for Victor and Nora: A Gotham Love Story - treating as zero interest
2026-02-07 12:01:13,817 - INFO - Successfully collected data for: Victor and Nora: A Gotham Love Story
2026-02-07 12:01:22,273 - INFO - No 'before' data for Roe v. Wade: The Untold Story of the Landmark Supreme Court Decision that Made Abortion Legal - treating as zero interest
2026-02-07 12:01:26,805 - INFO - No 'after' data for Roe v. Wade: The Untold Story of the Landmark Supreme Court Decision that Made Abortion Legal - treating as zero interest
2026-02-07 12:01:26,806 - INFO - Successfully collected data for: Roe v. Wade: The Untold Story of the Landmark Supreme Court Decision that Made Abortion Legal
2026-02-07 12:01:39,992 - INFO - Successfully collected data for: More Than a Game: Race, Gender, and Politics in Sports
2026-02-07 12:01:52,981 - INFO - No 'after' data for Alan Cole Is Not a Coward - treating as zero interest
2026-02-07 12:01:52,982 - INFO - Successfully collected data for: Alan Cole Is Not a Coward
2026-02-07 12:02:06,197 - INFO - No 'after' data for Orphea Proud - treating as zero interest
2026-02-07 12:02:06,198 - INFO - Successfully collected data for: Orphea Proud
2026-02-07 12:02:19,415 - INFO - Successfully collected data for: Far from the Tree
2026-02-07 12:02:28,005 - INFO - No 'before' data for Alison, Who Went Away - treating as zero interest
2026-02-07 12:02:32,513 - INFO - No 'after' data for Alison, Who Went Away - treating as zero interest
2026-02-07 12:02:32,515 - INFO - Successfully collected data for: Alison, Who Went Away
2026-02-07 12:02:41,114 - INFO - No 'before' data for Will Grayson, Will Grayson (Will Grayson, Will Grayson Series) - treating as zero interest
2026-02-07 12:02:45,620 - INFO - No 'after' data for Will Grayson, Will Grayson (Will Grayson, Will Grayson Series) - treating as zero interest
2026-02-07 12:02:45,620 - INFO - Successfully collected data for: Will Grayson, Will Grayson (Will Grayson, Will Grayson Series)
2026-02-07 12:02:54,427 - INFO - No 'before' data for Hang-ups, Hook-ups, and Holding Out: Stuff You Need to Know about Your Body, Sex, and Dating - treating as zero interest
2026-02-07 12:02:59,044 - INFO - Successfully collected data for: Hang-ups, Hook-ups, and Holding Out: Stuff You Need to Know about Your Body, Sex, and Dating
2026-02-07 12:03:07,534 - INFO - No 'before' data for GLBT Teens and Society - treating as zero interest
2026-02-07 12:03:11,981 - INFO - No 'after' data for GLBT Teens and Society - treating as zero interest
2026-02-07 12:03:11,981 - INFO - Successfully collected data for: GLBT Teens and Society
2026-02-07 12:03:25,148 - INFO - No 'after' data for Love, Creekwood: A Simonverse Novella (Simonverse Series) - treating as zero interest
2026-02-07 12:03:25,148 - INFO - Successfully collected data for: Love, Creekwood: A Simonverse Novella (Simonverse Series)
2026-02-07 12:03:33,597 - INFO - No 'before' data for #BlackLivesMatter: Protesting Racism - treating as zero interest
2026-02-07 12:03:38,130 - INFO - No 'after' data for #BlackLivesMatter: Protesting Racism - treating as zero interest
2026-02-07 12:03:38,130 - INFO - Successfully collected data for: #BlackLivesMatter: Protesting Racism
2026-02-07 12:03:46,592 - INFO - No 'before' data for And Tango Makes Three - treating as zero interest
2026-02-07 12:03:51,158 - INFO - No 'after' data for And Tango Makes Three - treating as zero interest
2026-02-07 12:03:51,158 - INFO - Successfully collected data for: And Tango Makes Three
2026-02-07 12:04:04,478 - INFO - Successfully collected data for: Combat Zone
2026-02-07 12:04:13,173 - INFO - No 'before' data for Gabi, a Girl in Pieces - treating as zero interest
2026-02-07 12:04:17,845 - INFO - No 'after' data for Gabi, a Girl in Pieces - treating as zero interest
2026-02-07 12:04:17,846 - INFO - Successfully collected data for: Gabi, a Girl in Pieces
2026-02-07 12:04:26,485 - INFO - No 'before' data for Highly Illogical Behavior - treating as zero interest
2026-02-07 12:04:31,011 - INFO - No 'after' data for Highly Illogical Behavior - treating as zero interest
2026-02-07 12:04:31,011 - INFO - Successfully collected data for: Highly Illogical Behavior
2026-02-07 12:04:39,491 - INFO - No 'before' data for Queer: The Ultimate LGBTQ Guide for Teens - treating as zero interest
2026-02-07 12:04:44,202 - INFO - No 'after' data for Queer: The Ultimate LGBTQ Guide for Teens - treating as zero interest
2026-02-07 12:04:44,203 - INFO - Successfully collected data for: Queer: The Ultimate LGBTQ Guide for Teens
2026-02-07 12:04:58,062 - INFO - Successfully collected data for: Pearl
2026-02-07 12:05:11,316 - INFO - Successfully collected data for: Echo After Echo
2026-02-07 12:05:24,658 - INFO - Successfully collected data for: Hello Now
2026-02-07 12:05:33,357 - INFO - No 'before' data for Symptoms of Being Human - treating as zero interest
2026-02-07 12:05:37,869 - INFO - Successfully collected data for: Symptoms of Being Human
2026-02-07 12:05:46,356 - INFO - No 'before' data for Beautiful Music for Ugly Children - treating as zero interest
2026-02-07 12:05:50,965 - INFO - No 'after' data for Beautiful Music for Ugly Children - treating as zero interest
2026-02-07 12:05:50,966 - INFO - Successfully collected data for: Beautiful Music for Ugly Children
2026-02-07 12:05:59,567 - INFO - No 'before' data for This Is Kind of an Epic Love Story - treating as zero interest
2026-02-07 12:06:04,277 - INFO - No 'after' data for This Is Kind of an Epic Love Story - treating as zero interest
2026-02-07 12:06:04,278 - INFO - Successfully collected data for: This Is Kind of an Epic Love Story
2026-02-07 12:06:12,883 - INFO - No 'before' data for It Gets Better: Coming Out, Overcoming Bullying, and Creating a Life Worth Living - treating as zero interest
2026-02-07 12:06:17,356 - INFO - No 'after' data for It Gets Better: Coming Out, Overcoming Bullying, and Creating a Life Worth Living - treating as zero interest
2026-02-07 12:06:17,356 - INFO - Successfully collected data for: It Gets Better: Coming Out, Overcoming Bullying, and Creating a Life Worth Living
2026-02-07 12:06:30,388 - INFO - No 'after' data for Not My Idea: A Book About Whiteness (Ordinary Terrible Things Series) - treating as zero interest
2026-02-07 12:06:30,389 - INFO - Successfully collected data for: Not My Idea: A Book About Whiteness (Ordinary Terrible Things Series)
2026-02-07 12:06:38,623 - ERROR - Error collecting data for Far from the Tree: How Children and Their Parents Learn to Accept One Another . . . Our Differences Unite Us: The request failed: Google returned a response with code 400
2026-02-07 12:06:47,058 - INFO - No 'before' data for Chainbreaker (Timekeeper Series) - treating as zero interest
2026-02-07 12:06:51,508 - INFO - No 'after' data for Chainbreaker (Timekeeper Series) - treating as zero interest
2026-02-07 12:06:51,509 - INFO - Successfully collected data for: Chainbreaker (Timekeeper Series)
2026-02-07 12:07:05,012 - INFO - Successfully collected data for: New Kid
2026-02-07 12:07:13,705 - INFO - No 'before' data for Zenobia July - treating as zero interest
2026-02-07 12:07:18,312 - INFO - No 'after' data for Zenobia July - treating as zero interest
2026-02-07 12:07:18,312 - INFO - Successfully collected data for: Zenobia July
2026-02-07 12:07:31,240 - INFO - Successfully collected data for: Me and Earl and the Dying Girl
2026-02-07 12:07:39,695 - INFO - No 'before' data for Each of Us a Desert - treating as zero interest
2026-02-07 12:07:44,323 - INFO - No 'after' data for Each of Us a Desert - treating as zero interest
2026-02-07 12:07:44,323 - INFO - Successfully collected data for: Each of Us a Desert
2026-02-07 12:07:57,349 - INFO - Successfully collected data for: The Breakaways
2026-02-07 12:08:05,930 - INFO - No 'before' data for Marco Impossible - treating as zero interest
2026-02-07 12:08:10,546 - INFO - Successfully collected data for: Marco Impossible
2026-02-07 12:08:24,061 - INFO - Successfully collected data for: Great
2026-02-07 12:08:37,348 - INFO - Successfully collected data for: Getting It
2026-02-07 12:08:45,865 - INFO - No 'before' data for Things That Make White People Uncomfortable (Adapted for Young Adults) - treating as zero interest
2026-02-07 12:08:50,369 - INFO - No 'after' data for Things That Make White People Uncomfortable (Adapted for Young Adults) - treating as zero interest
2026-02-07 12:08:50,370 - INFO - Successfully collected data for: Things That Make White People Uncomfortable (Adapted for Young Adults)
2026-02-07 12:08:58,971 - INFO - No 'before' data for We Are Lost and Found - treating as zero interest
2026-02-07 12:09:03,681 - INFO - No 'after' data for We Are Lost and Found - treating as zero interest
2026-02-07 12:09:03,682 - INFO - Successfully collected data for: We Are Lost and Found
2026-02-07 12:09:12,283 - INFO - No 'before' data for History Is All You Left Me - treating as zero interest
2026-02-07 12:09:16,650 - INFO - Successfully collected data for: History Is All You Left Me
2026-02-07 12:09:29,780 - INFO - Successfully collected data for: Happy families
2026-02-07 12:09:42,909 - INFO - Successfully collected data for: Class Act
2026-02-07 12:09:51,401 - INFO - No 'before' data for Firestarter (Timekeeper Series) - treating as zero interest
2026-02-07 12:09:56,010 - INFO - No 'after' data for Firestarter (Timekeeper Series) - treating as zero interest
2026-02-07 12:09:56,011 - INFO - Successfully collected data for: Firestarter (Timekeeper Series)
2026-02-07 12:10:04,412 - INFO - No 'before' data for Safe Sex 101: An Overview for Teens - treating as zero interest
2026-02-07 12:10:08,912 - INFO - No 'after' data for Safe Sex 101: An Overview for Teens - treating as zero interest
2026-02-07 12:10:08,913 - INFO - Successfully collected data for: Safe Sex 101: An Overview for Teens
2026-02-07 12:10:21,969 - INFO - Successfully collected data for: Wonders of the Invisible World
2026-02-07 12:10:34,918 - INFO - No 'after' data for I Am Not Your Perfect Mexican Daughter - treating as zero interest
2026-02-07 12:10:34,919 - INFO - Successfully collected data for: I Am Not Your Perfect Mexican Daughter
2026-02-07 12:10:47,694 - INFO - Successfully collected data for: The Kite Runner
2026-02-07 12:10:56,220 - INFO - No 'before' data for As I Descended - treating as zero interest
2026-02-07 12:11:00,826 - INFO - No 'after' data for As I Descended - treating as zero interest
2026-02-07 12:11:00,827 - INFO - Successfully collected data for: As I Descended
2026-02-07 12:11:09,087 - INFO - No 'before' data for And Tango Makes Three - treating as zero interest
2026-02-07 12:11:13,368 - INFO - No 'after' data for And Tango Makes Three - treating as zero interest
2026-02-07 12:11:13,368 - INFO - Successfully collected data for: And Tango Makes Three
2026-02-07 12:11:21,923 - INFO - No 'before' data for Love Is the Higher Law - treating as zero interest
2026-02-07 12:11:26,531 - INFO - No 'after' data for Love Is the Higher Law - treating as zero interest
2026-02-07 12:11:26,532 - INFO - Successfully collected data for: Love Is the Higher Law
2026-02-07 12:11:35,029 - INFO - No 'before' data for Protect and Defend (Kerry Kilcannon Series) - treating as zero interest
2026-02-07 12:11:39,456 - INFO - No 'after' data for Protect and Defend (Kerry Kilcannon Series) - treating as zero interest
2026-02-07 12:11:39,457 - INFO - Successfully collected data for: Protect and Defend (Kerry Kilcannon Series)
2026-02-07 12:11:47,832 - INFO - No 'before' data for Gender Identity: The Ultimate Teen Guide - treating as zero interest
2026-02-07 12:11:52,301 - INFO - No 'after' data for Gender Identity: The Ultimate Teen Guide - treating as zero interest
2026-02-07 12:11:52,302 - INFO - Successfully collected data for: Gender Identity: The Ultimate Teen Guide
2026-02-07 12:12:00,626 - INFO - No 'before' data for Guardian (Proxy Series) - treating as zero interest
2026-02-07 12:12:05,029 - INFO - No 'after' data for Guardian (Proxy Series) - treating as zero interest
2026-02-07 12:12:05,029 - INFO - Successfully collected data for: Guardian (Proxy Series)
2026-02-07 12:12:18,456 - INFO - Successfully collected data for: Hook Up
2026-02-07 12:12:31,460 - INFO - Successfully collected data for: And Still I Rise
2026-02-07 12:12:39,950 - INFO - No 'before' data for Doing It Right: Making Smart, Safe, and Satisfying Choices About Sex - treating as zero interest
2026-02-07 12:12:44,562 - INFO - Successfully collected data for: Doing It Right: Making Smart, Safe, and Satisfying Choices About Sex
2026-02-07 12:12:57,871 - INFO - No 'after' data for Should Teens Have Access to Birth Control? - treating as zero interest
2026-02-07 12:12:57,872 - INFO - Successfully collected data for: Should Teens Have Access to Birth Control?
2026-02-07 12:13:10,874 - INFO - No 'after' data for The Teenage Body Book - treating as zero interest
2026-02-07 12:13:10,876 - INFO - Successfully collected data for: The Teenage Body Book
2026-02-07 12:13:19,477 - INFO - No 'before' data for Of Ice and Shadows (Of Fire and Stars Series) - treating as zero interest
2026-02-07 12:13:23,923 - INFO - No 'after' data for Of Ice and Shadows (Of Fire and Stars Series) - treating as zero interest
2026-02-07 12:13:23,923 - INFO - Successfully collected data for: Of Ice and Shadows (Of Fire and Stars Series)
2026-02-07 12:13:36,807 - INFO - Successfully collected data for: Autoboyography
2026-02-07 12:13:49,999 - INFO - Successfully collected data for: Star-Crossed
2026-02-07 12:13:58,491 - INFO - No 'before' data for Morris Micklewhite and the Tangerine Dress - treating as zero interest
2026-02-07 12:14:03,102 - INFO - No 'after' data for Morris Micklewhite and the Tangerine Dress - treating as zero interest
2026-02-07 12:14:03,102 - INFO - Successfully collected data for: Morris Micklewhite and the Tangerine Dress
2026-02-07 12:14:11,598 - INFO - No 'before' data for My Most Excellent Year: A Novel of Love, Mary Poppins, and Fenway Park - treating as zero interest
2026-02-07 12:14:16,208 - INFO - No 'after' data for My Most Excellent Year: A Novel of Love, Mary Poppins, and Fenway Park - treating as zero interest
2026-02-07 12:14:16,208 - INFO - Successfully collected data for: My Most Excellent Year: A Novel of Love, Mary Poppins, and Fenway Park
2026-02-07 12:14:29,633 - INFO - Successfully collected data for: Parrotfish
2026-02-07 12:14:38,122 - INFO - No 'before' data for Deposing Nathan - treating as zero interest
2026-02-07 12:14:42,560 - INFO - No 'after' data for Deposing Nathan - treating as zero interest
2026-02-07 12:14:42,561 - INFO - Successfully collected data for: Deposing Nathan
2026-02-07 12:14:55,721 - INFO - Successfully collected data for: Red at the Bone
2026-02-07 12:15:04,225 - INFO - No 'before' data for Some Assembly Required: The Not-So-Secret Life of a Transgender Teen - treating as zero interest
2026-02-07 12:15:08,842 - INFO - No 'after' data for Some Assembly Required: The Not-So-Secret Life of a Transgender Teen - treating as zero interest
2026-02-07 12:15:08,843 - INFO - Successfully collected data for: Some Assembly Required: The Not-So-Secret Life of a Transgender Teen
2026-02-07 12:15:17,299 - INFO - No 'before' data for Three Little Words: A Memoir - treating as zero interest
2026-02-07 12:15:21,959 - INFO - Successfully collected data for: Three Little Words: A Memoir
2026-02-07 12:15:30,448 - INFO - No 'before' data for Saturdays with Hitchcock - treating as zero interest
2026-02-07 12:15:34,904 - INFO - No 'after' data for Saturdays with Hitchcock - treating as zero interest
2026-02-07 12:15:34,905 - INFO - Successfully collected data for: Saturdays with Hitchcock
2026-02-07 12:15:43,657 - INFO - No 'before' data for My Life as a Rhombus - treating as zero interest
2026-02-07 12:15:48,163 - INFO - No 'after' data for My Life as a Rhombus - treating as zero interest
2026-02-07 12:15:48,164 - INFO - Successfully collected data for: My Life as a Rhombus
2026-02-07 12:15:56,622 - INFO - No 'before' data for All We Can Do Is Wait - treating as zero interest
2026-02-07 12:16:01,117 - INFO - No 'after' data for All We Can Do Is Wait - treating as zero interest
2026-02-07 12:16:01,118 - INFO - Successfully collected data for: All We Can Do Is Wait
2026-02-07 12:16:14,248 - INFO - No 'after' data for This Book Is Anti-Racist: 20 Lessons on How to Wake Up, Take Action, and Do the Work - treating as zero interest
2026-02-07 12:16:14,249 - INFO - Successfully collected data for: This Book Is Anti-Racist: 20 Lessons on How to Wake Up, Take Action, and Do the Work
2026-02-07 12:16:27,289 - INFO - Successfully collected data for: All Eyes on Us
2026-02-07 12:16:35,739 - INFO - No 'before' data for It's Perfectly Normal: Changing Bodies, Growing Up, Sex, and Sexual Health - treating as zero interest
2026-02-07 12:16:40,295 - INFO - Successfully collected data for: It's Perfectly Normal: Changing Bodies, Growing Up, Sex, and Sexual Health
2026-02-07 12:16:53,286 - INFO - No 'after' data for Gender Queer: A Memoir - treating as zero interest
2026-02-07 12:16:53,287 - INFO - Successfully collected data for: Gender Queer: A Memoir
2026-02-07 12:17:01,895 - INFO - No 'before' data for ttfn (Internet Girls Series) - treating as zero interest
2026-02-07 12:17:06,498 - INFO - No 'after' data for ttfn (Internet Girls Series) - treating as zero interest
2026-02-07 12:17:06,499 - INFO - Successfully collected data for: ttfn (Internet Girls Series)
2026-02-07 12:17:15,100 - INFO - No 'before' data for The Abortion Debate: Understanding the Issues (Issues in Focus Today) - treating as zero interest
2026-02-07 12:17:19,708 - INFO - No 'after' data for The Abortion Debate: Understanding the Issues (Issues in Focus Today) - treating as zero interest
2026-02-07 12:17:19,708 - INFO - Successfully collected data for: The Abortion Debate: Understanding the Issues (Issues in Focus Today)
2026-02-07 12:17:32,814 - INFO - No 'after' data for Ask Me How I Got Here - treating as zero interest
2026-02-07 12:17:32,816 - INFO - Successfully collected data for: Ask Me How I Got Here
2026-02-07 12:17:45,878 - INFO - Successfully collected data for: The Cutting Room Floor
2026-02-07 12:17:54,526 - INFO - No 'before' data for In the Role of Brie Hutchens... - treating as zero interest
2026-02-07 12:17:59,133 - INFO - No 'after' data for In the Role of Brie Hutchens... - treating as zero interest
2026-02-07 12:17:59,133 - INFO - Successfully collected data for: In the Role of Brie Hutchens...
2026-02-07 12:18:13,377 - INFO - Successfully collected data for: How to Love
2026-02-07 12:18:26,577 - INFO - No 'after' data for Rainbow Road (Rainbow Trilogy Series) - treating as zero interest
2026-02-07 12:18:26,578 - INFO - Successfully collected data for: Rainbow Road (Rainbow Trilogy Series)
2026-02-07 12:18:40,103 - INFO - Successfully collected data for: And She Was
2026-02-07 12:18:48,694 - INFO - No 'before' data for The Last Time I Wore a Dress - treating as zero interest
2026-02-07 12:18:53,303 - INFO - No 'after' data for The Last Time I Wore a Dress - treating as zero interest
2026-02-07 12:18:53,304 - INFO - Successfully collected data for: The Last Time I Wore a Dress
2026-02-07 12:19:01,802 - INFO - No 'before' data for Tattoo Atlas - treating as zero interest
2026-02-07 12:19:06,275 - INFO - Successfully collected data for: Tattoo Atlas
2026-02-07 12:19:14,909 - INFO - No 'before' data for Sister Mischief - treating as zero interest
2026-02-07 12:19:19,413 - INFO - No 'after' data for Sister Mischief - treating as zero interest
2026-02-07 12:19:19,414 - INFO - Successfully collected data for: Sister Mischief
2026-02-07 12:19:32,526 - INFO - Successfully collected data for: One True Way
2026-02-07 12:19:45,629 - INFO - No 'after' data for Kiss Number 8 - treating as zero interest
2026-02-07 12:19:45,630 - INFO - Successfully collected data for: Kiss Number 8
2026-02-07 12:19:54,129 - INFO - No 'before' data for The Deepest Breath - treating as zero interest
2026-02-07 12:19:58,595 - INFO - Successfully collected data for: The Deepest Breath
2026-02-07 12:20:12,469 - INFO - Successfully collected data for: Shine
2026-02-07 12:20:20,957 - INFO - No 'before' data for Openly Straight (Openly Straight Series) - treating as zero interest
2026-02-07 12:20:25,566 - INFO - No 'after' data for Openly Straight (Openly Straight Series) - treating as zero interest
2026-02-07 12:20:25,567 - INFO - Successfully collected data for: Openly Straight (Openly Straight Series)
2026-02-07 12:20:38,302 - INFO - Successfully collected data for: Shine
2026-02-07 12:20:47,070 - INFO - No 'before' data for Jaya and Rasa: A Love Story - treating as zero interest
2026-02-07 12:20:51,573 - INFO - No 'after' data for Jaya and Rasa: A Love Story - treating as zero interest
2026-02-07 12:20:51,574 - INFO - Successfully collected data for: Jaya and Rasa: A Love Story
2026-02-07 12:21:00,176 - INFO - No 'before' data for The Confessions of Nat Turner - treating as zero interest
2026-02-07 12:21:04,785 - INFO - No 'after' data for The Confessions of Nat Turner - treating as zero interest
2026-02-07 12:21:04,786 - INFO - Successfully collected data for: The Confessions of Nat Turner
2026-02-07 12:21:13,386 - INFO - No 'before' data for When the Moon Was Ours - treating as zero interest
2026-02-07 12:21:17,891 - INFO - No 'after' data for When the Moon Was Ours - treating as zero interest
2026-02-07 12:21:17,892 - INFO - Successfully collected data for: When the Moon Was Ours
2026-02-07 12:21:26,351 - INFO - No 'before' data for Everything Leads to You - treating as zero interest
2026-02-07 12:21:30,908 - INFO - Successfully collected data for: Everything Leads to You
2026-02-07 12:21:39,253 - INFO - No 'before' data for Brave Face: A Memoir - treating as zero interest
2026-02-07 12:21:43,690 - INFO - No 'after' data for Brave Face: A Memoir - treating as zero interest
2026-02-07 12:21:43,691 - INFO - Successfully collected data for: Brave Face: A Memoir
2026-02-07 12:21:56,905 - INFO - No 'after' data for A Home for Goddesses and Dogs - treating as zero interest
2026-02-07 12:21:56,907 - INFO - Successfully collected data for: A Home for Goddesses and Dogs
2026-02-07 12:22:11,559 - INFO - Successfully collected data for: Spinning
2026-02-07 12:22:24,673 - INFO - Successfully collected data for: Melissa (George)
2026-02-07 12:22:33,259 - INFO - No 'before' data for Life in Outer Space - treating as zero interest
2026-02-07 12:22:37,868 - INFO - No 'after' data for Life in Outer Space - treating as zero interest
2026-02-07 12:22:37,869 - INFO - Successfully collected data for: Life in Outer Space
2026-02-07 12:22:51,087 - INFO - Successfully collected data for: The Past and Other Things That Should Stay Buried
2026-02-07 12:23:04,399 - INFO - Successfully collected data for: Blood Sport
2026-02-07 12:23:17,495 - INFO - No 'after' data for Gay Issues and Politics: Marriage, the Military, & Work Place Discrimination - treating as zero interest
2026-02-07 12:23:17,496 - INFO - Successfully collected data for: Gay Issues and Politics: Marriage, the Military, & Work Place Discrimination
2026-02-07 12:23:26,200 - INFO - No 'before' data for How Not to Ask a Boy to Prom - treating as zero interest
2026-02-07 12:23:30,705 - INFO - No 'after' data for How Not to Ask a Boy to Prom - treating as zero interest
2026-02-07 12:23:30,705 - INFO - Successfully collected data for: How Not to Ask a Boy to Prom
2026-02-07 12:23:43,631 - INFO - Successfully collected data for: Cinderella Is Dead
2026-02-07 12:23:56,921 - INFO - No 'after' data for October Mourning: A Song for Matthew Shepard - treating as zero interest
2026-02-07 12:23:56,923 - INFO - Successfully collected data for: October Mourning: A Song for Matthew Shepard
2026-02-07 12:24:10,754 - INFO - Successfully collected data for: Pink
2026-02-07 12:24:23,759 - INFO - Successfully collected data for: All Boys Aren't Blue
2026-02-07 12:24:32,251 - INFO - No 'before' data for Love, Hate & Other Filters - treating as zero interest
2026-02-07 12:24:36,858 - INFO - No 'after' data for Love, Hate & Other Filters - treating as zero interest
2026-02-07 12:24:36,859 - INFO - Successfully collected data for: Love, Hate & Other Filters
2026-02-07 12:24:45,458 - INFO - No 'before' data for Magic To Brew (Moonstruck Series) - treating as zero interest
2026-02-07 12:24:50,066 - INFO - No 'after' data for Magic To Brew (Moonstruck Series) - treating as zero interest
2026-02-07 12:24:50,067 - INFO - Successfully collected data for: Magic To Brew (Moonstruck Series)
2026-02-07 12:24:58,769 - INFO - No 'before' data for Gender Danger: Survivors of Rape, Human Trafficking, and Honor Killings - treating as zero interest
2026-02-07 12:25:03,376 - INFO - No 'after' data for Gender Danger: Survivors of Rape, Human Trafficking, and Honor Killings - treating as zero interest
2026-02-07 12:25:03,376 - INFO - Successfully collected data for: Gender Danger: Survivors of Rape, Human Trafficking, and Honor Killings
2026-02-07 12:25:11,931 - INFO - No 'before' data for The Sin-Eater's Confession - treating as zero interest
2026-02-07 12:25:16,403 - INFO - No 'after' data for The Sin-Eater's Confession - treating as zero interest
2026-02-07 12:25:16,404 - INFO - Successfully collected data for: The Sin-Eater's Confession
2026-02-07 12:25:25,086 - INFO - No 'before' data for Hello, I Lied - treating as zero interest
2026-02-07 12:25:29,695 - INFO - No 'after' data for Hello, I Lied - treating as zero interest
2026-02-07 12:25:29,695 - INFO - Successfully collected data for: Hello, I Lied
2026-02-07 12:25:38,298 - INFO - No 'before' data for yolo (Internet Girls Series) - treating as zero interest
2026-02-07 12:25:42,904 - INFO - No 'after' data for yolo (Internet Girls Series) - treating as zero interest
2026-02-07 12:25:42,904 - INFO - Successfully collected data for: yolo (Internet Girls Series)
2026-02-07 12:25:55,917 - INFO - Successfully collected data for: Something Like Gravity
2026-02-07 12:26:04,377 - INFO - No 'before' data for The Infinite Moment of Us - treating as zero interest
2026-02-07 12:26:09,025 - INFO - Successfully collected data for: The Infinite Moment of Us
2026-02-07 12:26:22,236 - INFO - Successfully collected data for: Every Day (Every Day Series)
2026-02-07 12:26:30,827 - INFO - No 'before' data for The Truth about Keeping Secrets - treating as zero interest
2026-02-07 12:26:35,444 - INFO - Successfully collected data for: The Truth about Keeping Secrets
2026-02-07 12:26:44,037 - INFO - No 'before' data for Girl Mans Up - treating as zero interest
2026-02-07 12:26:48,383 - INFO - No 'after' data for Girl Mans Up - treating as zero interest
2026-02-07 12:26:48,384 - INFO - Successfully collected data for: Girl Mans Up
2026-02-07 12:26:57,042 - INFO - No 'before' data for Tessa Masterson Will Go to Prom - treating as zero interest
2026-02-07 12:27:01,650 - INFO - No 'after' data for Tessa Masterson Will Go to Prom - treating as zero interest
2026-02-07 12:27:01,651 - INFO - Successfully collected data for: Tessa Masterson Will Go to Prom
2026-02-07 12:27:14,868 - INFO - Successfully collected data for: Just Kill Me
2026-02-07 12:27:28,181 - INFO - Successfully collected data for: Who I Was with Her
2026-02-07 12:27:41,503 - INFO - Successfully collected data for: Forever for a Year
2026-02-07 12:27:49,982 - INFO - No 'before' data for Detour for Emmy - treating as zero interest
2026-02-07 12:27:54,602 - INFO - Successfully collected data for: Detour for Emmy
2026-02-07 12:28:03,191 - INFO - No 'before' data for Pride: The Story of Harvey Milk and the Rainbow Flag - treating as zero interest
2026-02-07 12:28:07,764 - INFO - No 'after' data for Pride: The Story of Harvey Milk and the Rainbow Flag - treating as zero interest
2026-02-07 12:28:07,764 - INFO - Successfully collected data for: Pride: The Story of Harvey Milk and the Rainbow Flag
2026-02-07 12:28:16,400 - INFO - No 'before' data for Pride: Celebrating Diversity & Community - treating as zero interest
2026-02-07 12:28:21,010 - INFO - No 'after' data for Pride: Celebrating Diversity & Community - treating as zero interest
2026-02-07 12:28:21,011 - INFO - Successfully collected data for: Pride: Celebrating Diversity & Community
2026-02-07 12:28:34,231 - INFO - Successfully collected data for: V for Vendetta
2026-02-07 12:28:47,244 - INFO - Successfully collected data for: The Last to Let Go
2026-02-07 12:28:55,826 - INFO - No 'before' data for Lily and Dunkin - treating as zero interest
2026-02-07 12:29:00,240 - INFO - No 'after' data for Lily and Dunkin - treating as zero interest
2026-02-07 12:29:00,241 - INFO - Successfully collected data for: Lily and Dunkin
2026-02-07 12:29:13,450 - INFO - Successfully collected data for: The Meaning of Birds
2026-02-07 12:29:21,896 - INFO - No 'before' data for Teens & Sex - treating as zero interest
2026-02-07 12:29:26,557 - INFO - Successfully collected data for: Teens & Sex
2026-02-07 12:29:34,994 - INFO - No 'before' data for Teen Legal Rights - treating as zero interest
2026-02-07 12:29:39,559 - INFO - Successfully collected data for: Teen Legal Rights
2026-02-07 12:29:48,153 - INFO - No 'before' data for Boy Erased: A Memoir of Identity, Faith, and Family - treating as zero interest
2026-02-07 12:29:52,766 - INFO - No 'after' data for Boy Erased: A Memoir of Identity, Faith, and Family - treating as zero interest
2026-02-07 12:29:52,767 - INFO - Successfully collected data for: Boy Erased: A Memoir of Identity, Faith, and Family
2026-02-07 12:30:06,049 - INFO - Successfully collected data for: Far from You
2026-02-07 12:30:14,689 - INFO - No 'before' data for Rainbow Boys (Rainbow Trilogy Series) - treating as zero interest
2026-02-07 12:30:19,300 - INFO - No 'after' data for Rainbow Boys (Rainbow Trilogy Series) - treating as zero interest
2026-02-07 12:30:19,300 - INFO - Successfully collected data for: Rainbow Boys (Rainbow Trilogy Series)
2026-02-07 12:30:27,760 - INFO - No 'before' data for Alex As Well - treating as zero interest
2026-02-07 12:30:32,305 - INFO - No 'after' data for Alex As Well - treating as zero interest
2026-02-07 12:30:32,306 - INFO - Successfully collected data for: Alex As Well
2026-02-07 12:30:45,629 - INFO - Successfully collected data for: Beloved
2026-02-07 12:30:54,219 - INFO - No 'before' data for Dating, Relationships, And Sexuality: What Teens Should Know - treating as zero interest
2026-02-07 12:30:58,827 - INFO - No 'after' data for Dating, Relationships, And Sexuality: What Teens Should Know - treating as zero interest
2026-02-07 12:30:58,829 - INFO - Successfully collected data for: Dating, Relationships, And Sexuality: What Teens Should Know
2026-02-07 12:31:12,149 - INFO - Successfully collected data for: Afterworlds (Afterworlds Series)
2026-02-07 12:31:25,245 - INFO - No 'after' data for Monday's Not Coming - treating as zero interest
2026-02-07 12:31:25,247 - INFO - Successfully collected data for: Monday's Not Coming
2026-02-07 12:31:38,359 - INFO - Successfully collected data for: More Happy Than Not
2026-02-07 12:31:46,856 - INFO - No 'before' data for Rainbow Revolutions: Power, Pride and Protest in the Fight for Queer Rights - treating as zero interest
2026-02-07 12:31:51,367 - INFO - Successfully collected data for: Rainbow Revolutions: Power, Pride and Protest in the Fight for Queer Rights
2026-02-07 12:32:00,063 - INFO - No 'before' data for Gender Issues (Living with a Special Need) - treating as zero interest
2026-02-07 12:32:04,570 - INFO - No 'after' data for Gender Issues (Living with a Special Need) - treating as zero interest
2026-02-07 12:32:04,570 - INFO - Successfully collected data for: Gender Issues (Living with a Special Need)
2026-02-07 12:32:13,171 - INFO - No 'before' data for My Mixed-Up Berry Blue Summer - treating as zero interest
2026-02-07 12:32:17,879 - INFO - No 'after' data for My Mixed-Up Berry Blue Summer - treating as zero interest
2026-02-07 12:32:17,879 - INFO - Successfully collected data for: My Mixed-Up Berry Blue Summer
2026-02-07 12:32:30,875 - INFO - No 'after' data for Teens and Gender Dysphoria - treating as zero interest
2026-02-07 12:32:30,876 - INFO - Successfully collected data for: Teens and Gender Dysphoria
2026-02-07 12:32:44,310 - INFO - Successfully collected data for: In the Dream House
2026-02-07 12:32:57,418 - INFO - Successfully collected data for: None of the Above
2026-02-07 12:33:10,327 - INFO - No 'after' data for Jess, Chunk, and the Road Trip to Infinity - treating as zero interest
2026-02-07 12:33:10,328 - INFO - Successfully collected data for: Jess, Chunk, and the Road Trip to Infinity
2026-02-07 12:33:23,532 - INFO - Successfully collected data for: Finding Community
2026-02-07 12:33:32,983 - INFO - No 'before' data for We Now Return to Regular Life - treating as zero interest
2026-02-07 12:33:37,446 - INFO - No 'after' data for We Now Return to Regular Life - treating as zero interest
2026-02-07 12:33:37,448 - INFO - Successfully collected data for: We Now Return to Regular Life
2026-02-07 12:33:45,907 - INFO - No 'before' data for Willful Machines - treating as zero interest
2026-02-07 12:33:50,563 - INFO - Successfully collected data for: Willful Machines
2026-02-07 12:34:03,979 - INFO - Successfully collected data for: Masked
2026-02-07 12:34:17,190 - INFO - Successfully collected data for: The Whispers
2026-02-07 12:34:25,658 - INFO - No 'before' data for Striving for Equality: LGBTQ Athletes Claim the Field - treating as zero interest
2026-02-07 12:34:30,143 - INFO - No 'after' data for Striving for Equality: LGBTQ Athletes Claim the Field - treating as zero interest
2026-02-07 12:34:30,144 - INFO - Successfully collected data for: Striving for Equality: LGBTQ Athletes Claim the Field
2026-02-07 12:34:43,406 - INFO - Successfully collected data for: Late to the Party
2026-02-07 12:34:51,995 - INFO - No 'before' data for The Nerdy and the Dirty - treating as zero interest
2026-02-07 12:34:56,604 - INFO - No 'after' data for The Nerdy and the Dirty - treating as zero interest
2026-02-07 12:34:56,605 - INFO - Successfully collected data for: The Nerdy and the Dirty
2026-02-07 12:35:05,204 - INFO - No 'before' data for The Upside of Unrequited (Simonverse Series) - treating as zero interest
2026-02-07 12:35:09,823 - INFO - Successfully collected data for: The Upside of Unrequited (Simonverse Series)
2026-02-07 12:35:18,414 - INFO - No 'before' data for The LGBT Community - treating as zero interest
2026-02-07 12:35:22,852 - INFO - Successfully collected data for: The LGBT Community
2026-02-07 12:35:31,521 - INFO - No 'before' data for We the Students: Supreme Court Cases for and about Students - treating as zero interest
2026-02-07 12:35:36,022 - INFO - No 'after' data for We the Students: Supreme Court Cases for and about Students - treating as zero interest
2026-02-07 12:35:36,023 - INFO - Successfully collected data for: We the Students: Supreme Court Cases for and about Students
2026-02-07 12:35:49,552 - INFO - Successfully collected data for: Stained
2026-02-07 12:36:02,832 - INFO - Successfully collected data for: Kissing Kate
2026-02-07 12:36:11,355 - INFO - No 'before' data for A Guy's Guide to Sexuality and Sexual Identity in the 21st Century - treating as zero interest
2026-02-07 12:36:15,963 - INFO - No 'after' data for A Guy's Guide to Sexuality and Sexual Identity in the 21st Century - treating as zero interest
2026-02-07 12:36:15,963 - INFO - Successfully collected data for: A Guy's Guide to Sexuality and Sexual Identity in the 21st Century
2026-02-07 12:36:29,016 - INFO - Successfully collected data for: Ash
2026-02-07 12:36:42,598 - INFO - Successfully collected data for: Scars
2026-02-07 12:36:55,736 - INFO - Successfully collected data for: So Hard to Say
2026-02-07 12:37:09,120 - INFO - Successfully collected data for: Will
2026-02-07 12:37:22,422 - INFO - No 'after' data for Hurricane Child - treating as zero interest
2026-02-07 12:37:22,423 - INFO - Successfully collected data for: Hurricane Child
2026-02-07 12:37:35,835 - INFO - No 'after' data for Girl Crushed - treating as zero interest
2026-02-07 12:37:35,836 - INFO - Successfully collected data for: Girl Crushed
2026-02-07 12:37:49,256 - WARNING - Rate limit for Crush. Waiting before retry 2/3
2026-02-07 12:38:14,759 - INFO - Successfully collected data for: Crush
2026-02-07 12:38:23,222 - WARNING - Rate limit for Beast. Waiting before retry 2/3
2026-02-07 12:38:49,472 - INFO - Successfully collected data for: Beast
2026-02-07 12:39:02,372 - INFO - Successfully collected data for: Out of Darkness
2026-02-07 12:39:15,302 - INFO - Successfully collected data for: Almost Perfect
2026-02-07 12:39:28,465 - INFO - No 'after' data for This Book Is Gay - treating as zero interest
2026-02-07 12:39:28,465 - INFO - Successfully collected data for: This Book Is Gay
2026-02-07 12:39:41,685 - INFO - No 'after' data for The Underground Girls of Kabul: in Search of a Hidden Resistance in Afghanistan - treating as zero interest
2026-02-07 12:39:41,687 - INFO - Successfully collected data for: The Underground Girls of Kabul: in Search of a Hidden Resistance in Afghanistan
2026-02-07 12:39:50,493 - INFO - No 'before' data for Two Parties, One Tux, and a Very Short Film about The Grapes of Wrath - treating as zero interest
2026-02-07 12:39:54,999 - INFO - No 'after' data for Two Parties, One Tux, and a Very Short Film about The Grapes of Wrath - treating as zero interest
2026-02-07 12:39:54,999 - INFO - Successfully collected data for: Two Parties, One Tux, and a Very Short Film about The Grapes of Wrath
2026-02-07 12:40:03,602 - INFO - No 'before' data for They Called Themselves The K.K.K.: The Birth of an American Terrorist Group - treating as zero interest
2026-02-07 12:40:08,211 - INFO - No 'after' data for They Called Themselves The K.K.K.: The Birth of an American Terrorist Group - treating as zero interest
2026-02-07 12:40:08,212 - INFO - Successfully collected data for: They Called Themselves The K.K.K.: The Birth of an American Terrorist Group
2026-02-07 12:40:16,639 - INFO - No 'before' data for Another Kind of Cowboy - treating as zero interest
2026-02-07 12:40:21,214 - INFO - No 'after' data for Another Kind of Cowboy - treating as zero interest
2026-02-07 12:40:21,215 - INFO - Successfully collected data for: Another Kind of Cowboy
2026-02-07 12:40:34,637 - INFO - Successfully collected data for: Freak Show
2026-02-07 12:40:43,229 - INFO - No 'before' data for The Fight (Surviving Southside Series) - treating as zero interest
2026-02-07 12:40:47,847 - INFO - Successfully collected data for: The Fight (Surviving Southside Series)
2026-02-07 12:41:01,059 - INFO - Successfully collected data for: The Other Boy
2026-02-07 12:41:09,650 - INFO - No 'before' data for The Test (Bluford High Series) - treating as zero interest
2026-02-07 12:41:14,258 - INFO - No 'after' data for The Test (Bluford High Series) - treating as zero interest
2026-02-07 12:41:14,258 - INFO - Successfully collected data for: The Test (Bluford High Series)
2026-02-07 12:41:22,715 - INFO - No 'before' data for Best Best Colors: Los mejores colores - treating as zero interest
2026-02-07 12:41:27,189 - INFO - Successfully collected data for: Best Best Colors: Los mejores colores
2026-02-07 12:41:40,276 - INFO - Successfully collected data for: What They Always Tell Us
2026-02-07 12:41:53,796 - INFO - Successfully collected data for: Understanding Gender
2026-02-07 12:42:02,389 - INFO - No 'before' data for The Opposite of Innocent - treating as zero interest
2026-02-07 12:42:06,894 - INFO - Successfully collected data for: The Opposite of Innocent
2026-02-07 12:42:15,357 - INFO - No 'before' data for Lizard Radio - treating as zero interest
2026-02-07 12:42:19,817 - INFO - No 'after' data for Lizard Radio - treating as zero interest
2026-02-07 12:42:19,818 - INFO - Successfully collected data for: Lizard Radio
2026-02-07 12:42:28,396 - INFO - No 'before' data for Jane Against the World: Roe v. Wade and the Fight for Reproductive Rights - treating as zero interest
2026-02-07 12:42:33,618 - INFO - No 'after' data for Jane Against the World: Roe v. Wade and the Fight for Reproductive Rights - treating as zero interest
2026-02-07 12:42:33,619 - INFO - Successfully collected data for: Jane Against the World: Roe v. Wade and the Fight for Reproductive Rights
2026-02-07 12:42:46,724 - INFO - No 'after' data for Her Royal Highness - treating as zero interest
2026-02-07 12:42:46,726 - INFO - Successfully collected data for: Her Royal Highness
2026-02-07 12:42:59,778 - INFO - Successfully collected data for: Unpregnant
2026-02-07 12:43:08,344 - INFO - No 'before' data for An African American and Latinx History of the United States - treating as zero interest
2026-02-07 12:43:12,939 - INFO - No 'after' data for An African American and Latinx History of the United States - treating as zero interest
2026-02-07 12:43:12,940 - INFO - Successfully collected data for: An African American and Latinx History of the United States
2026-02-07 12:43:21,439 - INFO - No 'before' data for See You at Harry's - treating as zero interest
2026-02-07 12:43:26,048 - INFO - No 'after' data for See You at Harry's - treating as zero interest
2026-02-07 12:43:26,048 - INFO - Successfully collected data for: See You at Harry's
2026-02-07 12:43:34,648 - INFO - No 'before' data for The Vast Fields of Ordinary - treating as zero interest
2026-02-07 12:43:39,258 - INFO - No 'after' data for The Vast Fields of Ordinary - treating as zero interest
2026-02-07 12:43:39,258 - INFO - Successfully collected data for: The Vast Fields of Ordinary
2026-02-07 12:43:52,270 - INFO - Successfully collected data for: Death Wind
2026-02-07 12:44:05,473 - INFO - No 'after' data for l8r, g8r - treating as zero interest
2026-02-07 12:44:05,474 - INFO - Successfully collected data for: l8r, g8r
2026-02-07 12:44:13,901 - INFO - No 'before' data for Everything You Love Will Burn: Inside the Rebirth of White Nationalism in America - treating as zero interest
2026-02-07 12:44:18,583 - INFO - No 'after' data for Everything You Love Will Burn: Inside the Rebirth of White Nationalism in America - treating as zero interest
2026-02-07 12:44:18,584 - INFO - Successfully collected data for: Everything You Love Will Burn: Inside the Rebirth of White Nationalism in America
2026-02-07 12:44:31,601 - INFO - No 'after' data for This Book Is Gay - treating as zero interest
2026-02-07 12:44:31,602 - INFO - Successfully collected data for: This Book Is Gay
2026-02-07 12:44:40,185 - INFO - No 'before' data for Iron Heart (Crier's War Series) - treating as zero interest
2026-02-07 12:44:44,805 - INFO - Successfully collected data for: Iron Heart (Crier's War Series)
2026-02-07 12:44:58,005 - INFO - No 'after' data for Trans Mission: My Quest to a Beard - treating as zero interest
2026-02-07 12:44:58,007 - INFO - Successfully collected data for: Trans Mission: My Quest to a Beard
2026-02-07 12:45:06,608 - INFO - No 'before' data for Love & Other Carnivorous Plants - treating as zero interest
2026-02-07 12:45:11,113 - INFO - No 'after' data for Love & Other Carnivorous Plants - treating as zero interest
2026-02-07 12:45:11,114 - INFO - Successfully collected data for: Love & Other Carnivorous Plants
2026-02-07 12:45:19,714 - INFO - No 'before' data for All the Invisible Things - treating as zero interest
2026-02-07 12:45:24,332 - INFO - Successfully collected data for: All the Invisible Things
2026-02-07 12:45:37,451 - INFO - No 'after' data for Aristotle and Dante Dive into the Waters of the World (Aristotle and Dante Series) - treating as zero interest
2026-02-07 12:45:37,453 - INFO - Successfully collected data for: Aristotle and Dante Dive into the Waters of the World (Aristotle and Dante Series)
2026-02-07 12:45:46,009 - INFO - No 'before' data for The Coldest Touch - treating as zero interest
2026-02-07 12:45:50,638 - INFO - No 'after' data for The Coldest Touch - treating as zero interest
2026-02-07 12:45:50,639 - INFO - Successfully collected data for: The Coldest Touch
2026-02-07 12:46:03,625 - INFO - Successfully collected data for: Indivisible
2026-02-07 12:46:16,596 - INFO - No 'after' data for Afterworlds (Afterworlds Series) - treating as zero interest
2026-02-07 12:46:16,597 - INFO - Successfully collected data for: Afterworlds (Afterworlds Series)
2026-02-07 12:46:29,709 - INFO - No 'after' data for Heartstopper: Volume Two (Heartstopper Series) - treating as zero interest
2026-02-07 12:46:29,710 - INFO - Successfully collected data for: Heartstopper: Volume Two (Heartstopper Series)
2026-02-07 12:46:38,255 - INFO - No 'before' data for Anger Is a Gift - treating as zero interest
2026-02-07 12:46:42,862 - INFO - No 'after' data for Anger Is a Gift - treating as zero interest
2026-02-07 12:46:42,864 - INFO - Successfully collected data for: Anger Is a Gift
2026-02-07 12:46:55,980 - INFO - Successfully collected data for: Here the Whole Time
2026-02-07 12:47:08,969 - INFO - Successfully collected data for: When You Get the Chance
2026-02-07 12:47:17,474 - INFO - No 'before' data for The Fever King (Feverwake Series) - treating as zero interest
2026-02-07 12:47:21,978 - INFO - No 'after' data for The Fever King (Feverwake Series) - treating as zero interest
2026-02-07 12:47:21,979 - INFO - Successfully collected data for: The Fever King (Feverwake Series)
2026-02-07 12:47:34,993 - INFO - Successfully collected data for: The Poet X
2026-02-07 12:47:48,195 - INFO - No 'after' data for Any Way the Wind Blows (Simon Snow Series) - treating as zero interest
2026-02-07 12:47:48,196 - INFO - Successfully collected data for: Any Way the Wind Blows (Simon Snow Series)
2026-02-07 12:47:56,536 - INFO - No 'before' data for Jay's Gay Agenda - treating as zero interest
2026-02-07 12:48:00,956 - INFO - No 'after' data for Jay's Gay Agenda - treating as zero interest
2026-02-07 12:48:00,957 - INFO - Successfully collected data for: Jay's Gay Agenda
2026-02-07 12:48:09,493 - INFO - No 'before' data for Summer in the City of Roses - treating as zero interest
2026-02-07 12:48:14,100 - INFO - No 'after' data for Summer in the City of Roses - treating as zero interest
2026-02-07 12:48:14,101 - INFO - Successfully collected data for: Summer in the City of Roses
2026-02-07 12:48:22,704 - INFO - No 'before' data for This Book Is Gay - treating as zero interest
2026-02-07 12:48:27,311 - INFO - No 'after' data for This Book Is Gay - treating as zero interest
2026-02-07 12:48:27,312 - INFO - Successfully collected data for: This Book Is Gay
2026-02-07 12:48:35,545 - ERROR - Error collecting data for Real Live Boyfriends: Yes. Boyfriends, Plural. If My Life Weren't Complicated, I Wouldn't Be Ruby Oliver: The request failed: Google returned a response with code 400
2026-02-07 12:48:49,235 - INFO - Successfully collected data for: Jack
2026-02-07 12:48:57,827 - INFO - No 'before' data for The Sky Blues - treating as zero interest
2026-02-07 12:49:02,446 - INFO - Successfully collected data for: The Sky Blues
2026-02-07 12:49:15,757 - INFO - Successfully collected data for: White Rabbit
2026-02-07 12:49:29,981 - INFO - No 'after' data for 19 Love Songs - treating as zero interest
2026-02-07 12:49:29,983 - INFO - Successfully collected data for: 19 Love Songs
2026-02-07 12:49:38,530 - INFO - No 'before' data for The Watcher's Test (Deadendia Series) - treating as zero interest
2026-02-07 12:49:42,989 - INFO - No 'after' data for The Watcher's Test (Deadendia Series) - treating as zero interest
2026-02-07 12:49:42,990 - INFO - Successfully collected data for: The Watcher's Test (Deadendia Series)
2026-02-07 12:49:56,094 - INFO - No 'after' data for The Legend of Korra: Turf Wars, Part One - treating as zero interest
2026-02-07 12:49:56,095 - INFO - Successfully collected data for: The Legend of Korra: Turf Wars, Part One
2026-02-07 12:50:04,694 - INFO - No 'before' data for These Witches Don't Burn (These Witches Don't Burn Series) - treating as zero interest
2026-02-07 12:50:09,314 - INFO - Successfully collected data for: These Witches Don't Burn (These Witches Don't Burn Series)
2026-02-07 12:50:18,005 - INFO - No 'before' data for Always Human (Always Human Series) - treating as zero interest
2026-02-07 12:50:22,460 - INFO - No 'after' data for Always Human (Always Human Series) - treating as zero interest
2026-02-07 12:50:22,462 - INFO - Successfully collected data for: Always Human (Always Human Series)
2026-02-07 12:50:31,015 - INFO - No 'before' data for Fragile Remedy - treating as zero interest
2026-02-07 12:50:35,519 - INFO - No 'after' data for Fragile Remedy - treating as zero interest
2026-02-07 12:50:35,520 - INFO - Successfully collected data for: Fragile Remedy
2026-02-07 12:50:44,017 - INFO - No 'before' data for No Way, They Were Gay?: Hidden Lives and Secret Loves - treating as zero interest
2026-02-07 12:50:48,931 - INFO - No 'after' data for No Way, They Were Gay?: Hidden Lives and Secret Loves - treating as zero interest
2026-02-07 12:50:48,932 - INFO - Successfully collected data for: No Way, They Were Gay?: Hidden Lives and Secret Loves
2026-02-07 12:50:57,636 - INFO - No 'before' data for Being Transgender: What You Should Know - treating as zero interest
2026-02-07 12:51:02,146 - INFO - No 'after' data for Being Transgender: What You Should Know - treating as zero interest
2026-02-07 12:51:02,147 - INFO - Successfully collected data for: Being Transgender: What You Should Know
2026-02-07 12:51:15,362 - INFO - Successfully collected data for: My Whole Truth
2026-02-07 12:51:23,953 - INFO - No 'before' data for The Will of the Empress (The Circle Reforged Series) - treating as zero interest
2026-02-07 12:51:28,665 - INFO - No 'after' data for The Will of the Empress (The Circle Reforged Series) - treating as zero interest
2026-02-07 12:51:28,666 - INFO - Successfully collected data for: The Will of the Empress (The Circle Reforged Series)
2026-02-07 12:51:37,470 - INFO - No 'before' data for Baby & Solo - treating as zero interest
2026-02-07 12:51:42,080 - INFO - No 'after' data for Baby & Solo - treating as zero interest
2026-02-07 12:51:42,081 - INFO - Successfully collected data for: Baby & Solo
2026-02-07 12:51:55,196 - INFO - Successfully collected data for: Be Dazzled
2026-02-07 12:52:04,171 - INFO - No 'before' data for To All the Boys I've Loved Before (To All the Boys I've Loved Before Series) - treating as zero interest
2026-02-07 12:52:08,767 - INFO - No 'after' data for To All the Boys I've Loved Before (To All the Boys I've Loved Before Series) - treating as zero interest
2026-02-07 12:52:08,768 - INFO - Successfully collected data for: To All the Boys I've Loved Before (To All the Boys I've Loved Before Series)
2026-02-07 12:52:17,333 - INFO - No 'before' data for Amelia Westlake Was Never Here - treating as zero interest
2026-02-07 12:52:21,928 - INFO - Successfully collected data for: Amelia Westlake Was Never Here
2026-02-07 12:52:30,617 - INFO - No 'before' data for Rebel Girl Revolution (Fat Angie Series) - treating as zero interest
2026-02-07 12:52:35,240 - INFO - Successfully collected data for: Rebel Girl Revolution (Fat Angie Series)
2026-02-07 12:52:48,435 - INFO - No 'after' data for The Great American Whatever - treating as zero interest
2026-02-07 12:52:48,436 - INFO - Successfully collected data for: The Great American Whatever
2026-02-07 12:52:56,915 - INFO - No 'before' data for Gearbreakers (Gearbreakers Series) - treating as zero interest
2026-02-07 12:53:01,542 - INFO - No 'after' data for Gearbreakers (Gearbreakers Series) - treating as zero interest
2026-02-07 12:53:01,543 - INFO - Successfully collected data for: Gearbreakers (Gearbreakers Series)
2026-02-07 12:53:14,649 - INFO - No 'after' data for The Hammer of Thor (Magnus Chase and the Gods of Asgard Series) - treating as zero interest
2026-02-07 12:53:14,651 - INFO - Successfully collected data for: The Hammer of Thor (Magnus Chase and the Gods of Asgard Series)
2026-02-07 12:53:23,250 - INFO - No 'before' data for Blue Flag, Vol. 5 (Blue Flag Series) - treating as zero interest
2026-02-07 12:53:27,857 - INFO - No 'after' data for Blue Flag, Vol. 5 (Blue Flag Series) - treating as zero interest
2026-02-07 12:53:27,857 - INFO - Successfully collected data for: Blue Flag, Vol. 5 (Blue Flag Series)
2026-02-07 12:53:36,412 - INFO - No 'before' data for This Book Is Gay - treating as zero interest
2026-02-07 12:53:40,894 - INFO - No 'after' data for This Book Is Gay - treating as zero interest
2026-02-07 12:53:40,894 - INFO - Successfully collected data for: This Book Is Gay
2026-02-07 12:53:49,464 - INFO - No 'before' data for The Year Shakespeare Ruined My Life - treating as zero interest
2026-02-07 12:53:54,072 - INFO - No 'after' data for The Year Shakespeare Ruined My Life - treating as zero interest
2026-02-07 12:53:54,073 - INFO - Successfully collected data for: The Year Shakespeare Ruined My Life
2026-02-07 12:54:02,516 - INFO - No 'before' data for On a Sunbeam (On a Sunbeam Series) - treating as zero interest
2026-02-07 12:54:06,995 - INFO - Successfully collected data for: On a Sunbeam (On a Sunbeam Series)
2026-02-07 12:54:15,576 - INFO - No 'before' data for Out Now: Queer We Go Again! - treating as zero interest
2026-02-07 12:54:20,084 - INFO - No 'after' data for Out Now: Queer We Go Again! - treating as zero interest
2026-02-07 12:54:20,084 - INFO - Successfully collected data for: Out Now: Queer We Go Again!
2026-02-07 12:54:28,685 - INFO - No 'before' data for Things We Couldn't Say - treating as zero interest
2026-02-07 12:54:33,305 - INFO - Successfully collected data for: Things We Couldn't Say
2026-02-07 12:54:41,894 - INFO - No 'before' data for Sword in the Stars (Once & Future Series) - treating as zero interest
2026-02-07 12:54:46,514 - INFO - Successfully collected data for: Sword in the Stars (Once & Future Series)
2026-02-07 12:55:00,032 - INFO - Successfully collected data for: Blankets
2026-02-07 12:55:13,230 - INFO - No 'after' data for Beyond the Gender Binary - treating as zero interest
2026-02-07 12:55:13,232 - INFO - Successfully collected data for: Beyond the Gender Binary
2026-02-07 12:55:26,540 - INFO - No 'after' data for The Legend of Korra: Turf Wars, Part Three - treating as zero interest
2026-02-07 12:55:26,542 - INFO - Successfully collected data for: The Legend of Korra: Turf Wars, Part Three
2026-02-07 12:55:35,006 - INFO - No 'before' data for What We Devour - treating as zero interest
2026-02-07 12:55:39,659 - INFO - Successfully collected data for: What We Devour
2026-02-07 12:55:52,665 - INFO - Successfully collected data for: Lawn Boy
2026-02-07 12:56:05,486 - INFO - No 'after' data for The Henna Wars - treating as zero interest
2026-02-07 12:56:05,488 - INFO - Successfully collected data for: The Henna Wars
2026-02-07 12:56:20,097 - INFO - No 'after' data for The Dark Prophecy (The Trials of Apollo Series) - treating as zero interest
2026-02-07 12:56:20,098 - INFO - Successfully collected data for: The Dark Prophecy (The Trials of Apollo Series)
2026-02-07 12:56:33,968 - INFO - No 'after' data for Gender Issues and Sexuality: Essential Primary Sources - treating as zero interest
2026-02-07 12:56:33,969 - INFO - Successfully collected data for: Gender Issues and Sexuality: Essential Primary Sources
2026-02-07 12:56:47,245 - INFO - Successfully collected data for: Echo After Echo
2026-02-07 12:57:00,209 - INFO - No 'after' data for Girl Made of Stars - treating as zero interest
2026-02-07 12:57:00,209 - INFO - Successfully collected data for: Girl Made of Stars
2026-02-07 12:57:13,357 - INFO - Successfully collected data for: I'll Give You the Sun
2026-02-07 12:57:21,922 - INFO - No 'before' data for Crown of Feathers (Crown of Feathers Series) - treating as zero interest
2026-02-07 12:57:26,357 - INFO - No 'after' data for Crown of Feathers (Crown of Feathers Series) - treating as zero interest
2026-02-07 12:57:26,357 - INFO - Successfully collected data for: Crown of Feathers (Crown of Feathers Series)
2026-02-07 12:57:34,953 - INFO - No 'before' data for Cinderella Is Dead - treating as zero interest
2026-02-07 12:57:39,571 - INFO - Successfully collected data for: Cinderella Is Dead
2026-02-07 12:57:48,266 - INFO - No 'before' data for The Girls Are Never Gone - treating as zero interest
2026-02-07 12:57:52,871 - INFO - No 'after' data for The Girls Are Never Gone - treating as zero interest
2026-02-07 12:57:52,872 - INFO - Successfully collected data for: The Girls Are Never Gone
2026-02-07 12:58:01,476 - INFO - No 'before' data for Sasha Masha - treating as zero interest
2026-02-07 12:58:05,993 - INFO - Successfully collected data for: Sasha Masha
2026-02-07 12:58:19,301 - INFO - Successfully collected data for: It Goes Like This
2026-02-07 12:58:27,791 - INFO - No 'before' data for Saints of Augustine - treating as zero interest
2026-02-07 12:58:32,410 - INFO - Successfully collected data for: Saints of Augustine
2026-02-07 12:58:41,024 - INFO - No 'before' data for Living Proud! Coming Out and Seeking Support (Living Proud! Growing Up Lgbtq) - treating as zero interest
2026-02-07 12:58:45,815 - INFO - No 'after' data for Living Proud! Coming Out and Seeking Support (Living Proud! Growing Up Lgbtq) - treating as zero interest
2026-02-07 12:58:45,815 - INFO - Successfully collected data for: Living Proud! Coming Out and Seeking Support (Living Proud! Growing Up Lgbtq)
2026-02-07 12:58:54,279 - INFO - No 'before' data for The Pull of the Stars - treating as zero interest
2026-02-07 12:58:58,836 - INFO - Successfully collected data for: The Pull of the Stars
2026-02-07 12:59:07,326 - INFO - No 'before' data for Nonbinary Gender Identities: History, Culture, Resources - treating as zero interest
2026-02-07 12:59:11,927 - INFO - No 'after' data for Nonbinary Gender Identities: History, Culture, Resources - treating as zero interest
2026-02-07 12:59:11,927 - INFO - Successfully collected data for: Nonbinary Gender Identities: History, Culture, Resources
2026-02-07 12:59:25,147 - INFO - Successfully collected data for: The Stars and the Blackness Between Them
2026-02-07 12:59:33,633 - INFO - No 'before' data for Homecoming (Fat Angie Series) - treating as zero interest
2026-02-07 12:59:38,243 - INFO - No 'after' data for Homecoming (Fat Angie Series) - treating as zero interest
2026-02-07 12:59:38,244 - INFO - Successfully collected data for: Homecoming (Fat Angie Series)
2026-02-07 12:59:46,846 - INFO - No 'before' data for RIPPED-APART Understanding, Coping and Living with Gender Dysphoria - treating as zero interest
2026-02-07 12:59:51,349 - INFO - No 'after' data for RIPPED-APART Understanding, Coping and Living with Gender Dysphoria - treating as zero interest
2026-02-07 12:59:51,350 - INFO - Successfully collected data for: RIPPED-APART Understanding, Coping and Living with Gender Dysphoria
2026-02-07 12:59:59,953 - INFO - No 'before' data for Ramona Blue - treating as zero interest
2026-02-07 13:00:04,478 - INFO - Successfully collected data for: Ramona Blue
2026-02-07 13:00:17,532 - INFO - Successfully collected data for: Once & Future
2026-02-07 13:00:25,848 - INFO - No 'before' data for Cemetery Boys - treating as zero interest
2026-02-07 13:00:30,378 - INFO - Successfully collected data for: Cemetery Boys
2026-02-07 13:00:43,790 - INFO - Successfully collected data for: I'll Be the One
2026-02-07 13:00:57,409 - INFO - Successfully collected data for: Bloom
2026-02-07 13:01:10,825 - INFO - Successfully collected data for: Golden Boy
2026-02-07 13:01:19,289 - INFO - No 'before' data for Lair of Dreams (The Diviners Series) - treating as zero interest
2026-02-07 13:01:23,819 - INFO - No 'after' data for Lair of Dreams (The Diviners Series) - treating as zero interest
2026-02-07 13:01:23,820 - INFO - Successfully collected data for: Lair of Dreams (The Diviners Series)
2026-02-07 13:01:32,159 - INFO - No 'before' data for Sister Mischief - treating as zero interest
2026-02-07 13:01:36,607 - INFO - No 'after' data for Sister Mischief - treating as zero interest
2026-02-07 13:01:36,608 - INFO - Successfully collected data for: Sister Mischief
2026-02-07 13:01:50,134 - INFO - Successfully collected data for: Pulp
2026-02-07 13:01:58,740 - INFO - No 'before' data for Brave Face: A Memoir - treating as zero interest
2026-02-07 13:02:03,346 - INFO - No 'after' data for Brave Face: A Memoir - treating as zero interest
2026-02-07 13:02:03,347 - INFO - Successfully collected data for: Brave Face: A Memoir
2026-02-07 13:02:16,555 - INFO - No 'after' data for A Perfect Blank - treating as zero interest
2026-02-07 13:02:16,556 - INFO - Successfully collected data for: A Perfect Blank
2026-02-07 13:02:25,017 - INFO - No 'before' data for Blue Flag, Vol. 1 (Blue Flag Series) - treating as zero interest
2026-02-07 13:02:29,662 - INFO - No 'after' data for Blue Flag, Vol. 1 (Blue Flag Series) - treating as zero interest
2026-02-07 13:02:29,663 - INFO - Successfully collected data for: Blue Flag, Vol. 1 (Blue Flag Series)
2026-02-07 13:02:42,782 - INFO - Successfully collected data for: The Perks of Being a Wallflower
2026-02-07 13:02:52,178 - INFO - No 'before' data for I Hope You're Listening - treating as zero interest
2026-02-07 13:02:56,809 - INFO - Successfully collected data for: I Hope You're Listening
2026-02-07 13:03:11,043 - INFO - Successfully collected data for: Black and White
2026-02-07 13:03:19,636 - INFO - No 'before' data for The (Un)Popular Vote - treating as zero interest
2026-02-07 13:03:24,242 - INFO - No 'after' data for The (Un)Popular Vote - treating as zero interest
2026-02-07 13:03:24,242 - INFO - Successfully collected data for: The (Un)Popular Vote
2026-02-07 13:03:32,784 - INFO - No 'before' data for A Lesson in Vengeance - treating as zero interest
2026-02-07 13:03:37,249 - INFO - No 'after' data for A Lesson in Vengeance - treating as zero interest
2026-02-07 13:03:37,250 - INFO - Successfully collected data for: A Lesson in Vengeance
2026-02-07 13:03:45,849 - INFO - No 'before' data for Jane, Unlimited - treating as zero interest
2026-02-07 13:03:50,458 - INFO - No 'after' data for Jane, Unlimited - treating as zero interest
2026-02-07 13:03:50,458 - INFO - Successfully collected data for: Jane, Unlimited
2026-02-07 13:03:58,988 - INFO - No 'before' data for How It All Blew Up - treating as zero interest
2026-02-07 13:04:03,547 - INFO - No 'after' data for How It All Blew Up - treating as zero interest
2026-02-07 13:04:03,547 - INFO - Successfully collected data for: How It All Blew Up
2026-02-07 13:04:12,166 - INFO - No 'before' data for Girl Crushed - treating as zero interest
2026-02-07 13:04:16,707 - INFO - Successfully collected data for: Girl Crushed
2026-02-07 13:04:25,173 - INFO - No 'before' data for Kate in Waiting - treating as zero interest
2026-02-07 13:04:29,678 - INFO - No 'after' data for Kate in Waiting - treating as zero interest
2026-02-07 13:04:29,678 - INFO - Successfully collected data for: Kate in Waiting
2026-02-07 13:04:37,929 - ERROR - Error collecting data for Far from the Tree: How Children and Their Parents Learn to Accept One Another . . . Our Differences Unite Us: The request failed: Google returned a response with code 400
2026-02-07 13:04:46,472 - INFO - No 'before' data for Labyrinth Lost (Brooklyn Brujas Series) - treating as zero interest
2026-02-07 13:04:50,976 - INFO - No 'after' data for Labyrinth Lost (Brooklyn Brujas Series) - treating as zero interest
2026-02-07 13:04:50,976 - INFO - Successfully collected data for: Labyrinth Lost (Brooklyn Brujas Series)
2026-02-07 13:04:59,578 - INFO - No 'before' data for Tarnished Are the Stars - treating as zero interest
2026-02-07 13:05:04,085 - INFO - No 'after' data for Tarnished Are the Stars - treating as zero interest
2026-02-07 13:05:04,085 - INFO - Successfully collected data for: Tarnished Are the Stars
2026-02-07 13:05:17,273 - INFO - Successfully collected data for: Can't Take That Away
2026-02-07 13:05:25,599 - INFO - No 'before' data for The ABC's of LGBT+ - treating as zero interest
2026-02-07 13:05:30,299 - INFO - No 'after' data for The ABC's of LGBT+ - treating as zero interest
2026-02-07 13:05:30,300 - INFO - Successfully collected data for: The ABC's of LGBT+
2026-02-07 13:05:43,622 - INFO - Successfully collected data for: You Should See Me in a Crown
2026-02-07 13:05:52,109 - INFO - No 'before' data for The Falling in Love Montage - treating as zero interest
2026-02-07 13:05:56,827 - INFO - Successfully collected data for: The Falling in Love Montage
2026-02-07 13:06:09,900 - INFO - Successfully collected data for: All Boys Aren't Blue
2026-02-07 13:06:18,336 - INFO - No 'before' data for Dark and Deepest Red - treating as zero interest
2026-02-07 13:06:22,800 - INFO - No 'after' data for Dark and Deepest Red - treating as zero interest
2026-02-07 13:06:22,800 - INFO - Successfully collected data for: Dark and Deepest Red
2026-02-07 13:06:35,690 - INFO - Successfully collected data for: The Bluest Eye
2026-02-07 13:06:44,334 - INFO - No 'before' data for Leah on the Offbeat (Simonverse Series) - treating as zero interest
2026-02-07 13:06:48,952 - INFO - Successfully collected data for: Leah on the Offbeat (Simonverse Series)
2026-02-07 13:07:01,853 - INFO - Successfully collected data for: Unbecoming
2026-02-07 13:07:15,166 - INFO - Successfully collected data for: The Magic Fish
2026-02-07 13:07:23,714 - INFO - No 'before' data for Beyond Magenta: Transgender Teens Speak Out - treating as zero interest
2026-02-07 13:07:28,378 - INFO - Successfully collected data for: Beyond Magenta: Transgender Teens Speak Out
2026-02-07 13:07:42,101 - INFO - Successfully collected data for: May the Best Man Win
2026-02-07 13:07:55,821 - INFO - Successfully collected data for: The Bridge
2026-02-07 13:08:09,229 - INFO - Successfully collected data for: The Lucky List
2026-02-07 13:08:22,536 - INFO - Successfully collected data for: Elevation
2026-02-07 13:08:35,629 - INFO - No 'after' data for SELF-ish: A Transgender Awakening - treating as zero interest
2026-02-07 13:08:35,630 - INFO - Successfully collected data for: SELF-ish: A Transgender Awakening
2026-02-07 13:08:44,229 - INFO - No 'before' data for The Passing Playbook - treating as zero interest
2026-02-07 13:08:48,836 - INFO - No 'after' data for The Passing Playbook - treating as zero interest
2026-02-07 13:08:48,836 - INFO - Successfully collected data for: The Passing Playbook
2026-02-07 13:08:57,336 - INFO - No 'before' data for The Inexplicable Logic of My Life - treating as zero interest
2026-02-07 13:09:01,798 - INFO - No 'after' data for The Inexplicable Logic of My Life - treating as zero interest
2026-02-07 13:09:01,798 - INFO - Successfully collected data for: The Inexplicable Logic of My Life
2026-02-07 13:09:10,443 - INFO - No 'before' data for Perfect on Paper - treating as zero interest
2026-02-07 13:09:15,060 - INFO - Successfully collected data for: Perfect on Paper
2026-02-07 13:09:28,269 - INFO - Successfully collected data for: Dear Martin
2026-02-07 13:09:41,365 - INFO - No 'after' data for Little & Lion - treating as zero interest
2026-02-07 13:09:41,365 - INFO - Successfully collected data for: Little & Lion
2026-02-07 13:09:54,688 - INFO - Successfully collected data for: Speak No Evil
2026-02-07 13:10:08,003 - INFO - Successfully collected data for: They Both Die at the End
2026-02-07 13:10:16,468 - INFO - No 'before' data for The Porcupine of Truth - treating as zero interest
2026-02-07 13:10:21,110 - INFO - Successfully collected data for: The Porcupine of Truth
2026-02-07 13:10:34,199 - INFO - Successfully collected data for: How to Be an Antiracist
2026-02-07 13:10:42,910 - INFO - No 'before' data for Heiress Apparently (Daughters of the Dynasty Series) - treating as zero interest
2026-02-07 13:10:47,393 - INFO - No 'after' data for Heiress Apparently (Daughters of the Dynasty Series) - treating as zero interest
2026-02-07 13:10:47,394 - INFO - Successfully collected data for: Heiress Apparently (Daughters of the Dynasty Series)
2026-02-07 13:11:00,738 - INFO - Successfully collected data for: Girl on the Line
2026-02-07 13:11:09,329 - INFO - No 'before' data for The House You Pass on the Way - treating as zero interest
2026-02-07 13:11:14,038 - INFO - No 'after' data for The House You Pass on the Way - treating as zero interest
2026-02-07 13:11:14,039 - INFO - Successfully collected data for: The House You Pass on the Way
2026-02-07 13:11:22,519 - INFO - No 'before' data for Just Ash - treating as zero interest
2026-02-07 13:11:27,158 - INFO - Successfully collected data for: Just Ash
2026-02-07 13:11:40,367 - INFO - Successfully collected data for: The Summer of Jordi Perez
2026-02-07 13:11:53,679 - INFO - Successfully collected data for: The Music of What Happens
2026-02-07 13:12:02,098 - INFO - No 'before' data for The Gravity of Us (The Gravity of Us Series) - treating as zero interest
2026-02-07 13:12:06,495 - INFO - Successfully collected data for: The Gravity of Us (The Gravity of Us Series)
2026-02-07 13:12:15,218 - INFO - No 'before' data for In Deeper Waters - treating as zero interest
2026-02-07 13:12:19,880 - INFO - No 'after' data for In Deeper Waters - treating as zero interest
2026-02-07 13:12:19,881 - INFO - Successfully collected data for: In Deeper Waters
2026-02-07 13:12:33,092 - INFO - No 'after' data for My Heart Underwater - treating as zero interest
2026-02-07 13:12:33,093 - INFO - Successfully collected data for: My Heart Underwater
2026-02-07 13:12:46,209 - INFO - Successfully collected data for: Ask the Passengers
2026-02-07 13:12:59,626 - INFO - Successfully collected data for: Of Ice and Shadows (Of Fire and Stars Series)
2026-02-07 13:13:12,939 - INFO - Successfully collected data for: The Hate U Give
2026-02-07 13:13:26,045 - INFO - Successfully collected data for: Summer Bird Blue
2026-02-07 13:13:34,635 - INFO - No 'before' data for 10 Things I Can See from Here - treating as zero interest
2026-02-07 13:13:39,250 - INFO - Successfully collected data for: 10 Things I Can See from Here
2026-02-07 13:13:47,414 - ERROR - Error collecting data for When They Call You a Terrorist (Young Adult Edition): A Story of Black Lives Matter and the Power to Change the World: The request failed: Google returned a response with code 400
2026-02-07 13:13:56,139 - INFO - No 'before' data for We Set the Dark on Fire (We Set the Dark on Fire Series) - treating as zero interest
2026-02-07 13:14:00,847 - INFO - No 'after' data for We Set the Dark on Fire (We Set the Dark on Fire Series) - treating as zero interest
2026-02-07 13:14:00,848 - INFO - Successfully collected data for: We Set the Dark on Fire (We Set the Dark on Fire Series)
2026-02-07 13:14:13,835 - INFO - No 'after' data for Her Royal Highness (Royals Series) - treating as zero interest
2026-02-07 13:14:13,835 - INFO - Successfully collected data for: Her Royal Highness (Royals Series)
2026-02-07 13:14:22,558 - INFO - No 'before' data for Gold Wings Rising (Skybound Series) - treating as zero interest
2026-02-07 13:14:26,992 - INFO - No 'after' data for Gold Wings Rising (Skybound Series) - treating as zero interest
2026-02-07 13:14:26,992 - INFO - Successfully collected data for: Gold Wings Rising (Skybound Series)
2026-02-07 13:14:40,256 - INFO - Successfully collected data for: You Brought Me the Ocean
2026-02-07 13:14:49,048 - INFO - No 'before' data for What If It's Us (What If It's Us Series) - treating as zero interest
2026-02-07 13:14:53,584 - INFO - No 'after' data for What If It's Us (What If It's Us Series) - treating as zero interest
2026-02-07 13:14:53,584 - INFO - Successfully collected data for: What If It's Us (What If It's Us Series)
2026-02-07 13:15:02,056 - INFO - No 'before' data for When We Were Magic - treating as zero interest
2026-02-07 13:15:06,693 - INFO - No 'after' data for When We Were Magic - treating as zero interest
2026-02-07 13:15:06,693 - INFO - Successfully collected data for: When We Were Magic
2026-02-07 13:15:19,798 - INFO - No 'after' data for A Quick & Easy Guide to They/Them Pronouns - treating as zero interest
2026-02-07 13:15:19,799 - INFO - Successfully collected data for: A Quick & Easy Guide to They/Them Pronouns
2026-02-07 13:15:28,201 - INFO - No 'before' data for Encyclopedia of Sex & Gender: 4 Volume Set - treating as zero interest
2026-02-07 13:15:32,812 - INFO - Successfully collected data for: Encyclopedia of Sex & Gender: 4 Volume Set
2026-02-07 13:15:41,507 - INFO - No 'before' data for The Tyrant’s Tomb (The Trials of Apollo Series) - treating as zero interest
2026-02-07 13:15:46,121 - INFO - Successfully collected data for: The Tyrant’s Tomb (The Trials of Apollo Series)
2026-02-07 13:15:59,240 - INFO - Successfully collected data for: The Glass Castle
2026-02-07 13:16:07,826 - INFO - No 'before' data for Blue Flag, Vol. 3 (Blue Flag Series) - treating as zero interest
2026-02-07 13:16:12,284 - INFO - No 'after' data for Blue Flag, Vol. 3 (Blue Flag Series) - treating as zero interest
2026-02-07 13:16:12,284 - INFO - Successfully collected data for: Blue Flag, Vol. 3 (Blue Flag Series)
2026-02-07 13:16:25,654 - INFO - Successfully collected data for: The Perks of Being a Wallflower
2026-02-07 13:16:34,109 - INFO - No 'before' data for The Scapegracers (Scapegracers Series) - treating as zero interest
2026-02-07 13:16:38,450 - INFO - No 'after' data for The Scapegracers (Scapegracers Series) - treating as zero interest
2026-02-07 13:16:38,452 - INFO - Successfully collected data for: The Scapegracers (Scapegracers Series)
2026-02-07 13:16:46,943 - INFO - No 'before' data for How Beautiful the Ordinary: Twelve Stories of Identity - treating as zero interest
2026-02-07 13:16:51,550 - INFO - No 'after' data for How Beautiful the Ordinary: Twelve Stories of Identity - treating as zero interest
2026-02-07 13:16:51,552 - INFO - Successfully collected data for: How Beautiful the Ordinary: Twelve Stories of Identity
2026-02-07 13:17:05,341 - INFO - Successfully collected data for: Fire Song
2026-02-07 13:17:18,305 - INFO - Successfully collected data for: Last Night at the Telegraph Club
2026-02-07 13:17:31,178 - INFO - No 'after' data for The Life and (Medieval) Times of Kit Sweetly - treating as zero interest
2026-02-07 13:17:31,179 - INFO - Successfully collected data for: The Life and (Medieval) Times of Kit Sweetly
2026-02-07 13:17:44,506 - INFO - Successfully collected data for: Ship It
2026-02-07 13:17:53,195 - INFO - No 'before' data for Ember Queen (Ash Princess Trilogy Series) - treating as zero interest
2026-02-07 13:17:57,906 - INFO - No 'after' data for Ember Queen (Ash Princess Trilogy Series) - treating as zero interest
2026-02-07 13:17:57,906 - INFO - Successfully collected data for: Ember Queen (Ash Princess Trilogy Series)
2026-02-07 13:18:11,123 - INFO - Successfully collected data for: Late to the Party
2026-02-07 13:18:19,715 - INFO - No 'before' data for All We Can Do Is Wait - treating as zero interest
2026-02-07 13:18:24,270 - INFO - Successfully collected data for: All We Can Do Is Wait
2026-02-07 13:18:37,443 - INFO - Successfully collected data for: Act Cool
2026-02-07 13:18:50,399 - INFO - Successfully collected data for: Dragonwings
2026-02-07 13:19:03,452 - INFO - Successfully collected data for: How to Make a Wish
2026-02-07 13:19:12,145 - INFO - No 'before' data for Carry On (Simon Snow Series) - treating as zero interest
2026-02-07 13:19:16,701 - INFO - No 'after' data for Carry On (Simon Snow Series) - treating as zero interest
2026-02-07 13:19:16,701 - INFO - Successfully collected data for: Carry On (Simon Snow Series)
2026-02-07 13:19:25,151 - INFO - No 'before' data for Night Shine (Night Shine Series) - treating as zero interest
2026-02-07 13:19:29,608 - INFO - Successfully collected data for: Night Shine (Night Shine Series)
2026-02-07 13:19:38,042 - INFO - No 'before' data for Between Perfect and Real - treating as zero interest
2026-02-07 13:19:42,671 - INFO - Successfully collected data for: Between Perfect and Real
2026-02-07 13:19:51,114 - INFO - No 'before' data for A Better Bad Idea - treating as zero interest
2026-02-07 13:19:55,462 - INFO - Successfully collected data for: A Better Bad Idea
2026-02-07 13:20:03,827 - INFO - No 'before' data for I'm a Wild Seed: My Graphic Memoir on Queerness and Decolonizing the World - treating as zero interest
2026-02-07 13:20:08,466 - INFO - No 'after' data for I'm a Wild Seed: My Graphic Memoir on Queerness and Decolonizing the World - treating as zero interest
2026-02-07 13:20:08,468 - INFO - Successfully collected data for: I'm a Wild Seed: My Graphic Memoir on Queerness and Decolonizing the World
2026-02-07 13:20:17,059 - INFO - No 'before' data for Blue Flag, Vol. 4 (Blue Flag Series) - treating as zero interest
2026-02-07 13:20:21,677 - INFO - No 'after' data for Blue Flag, Vol. 4 (Blue Flag Series) - treating as zero interest
2026-02-07 13:20:21,678 - INFO - Successfully collected data for: Blue Flag, Vol. 4 (Blue Flag Series)
2026-02-07 13:20:34,656 - INFO - Successfully collected data for: Flamer
2026-02-07 13:20:47,685 - INFO - No 'after' data for The Upside of Unrequited (Simonverse Series) - treating as zero interest
2026-02-07 13:20:47,685 - INFO - Successfully collected data for: The Upside of Unrequited (Simonverse Series)
2026-02-07 13:21:00,904 - INFO - Successfully collected data for: The City Beautiful
2026-02-07 13:21:14,935 - INFO - Successfully collected data for: Trans+: Love, Sex, Romance, and Being You
2026-02-07 13:21:23,385 - INFO - No 'before' data for The Hidden Oracle (The Trials of Apollo Series) - treating as zero interest
2026-02-07 13:21:27,970 - INFO - Successfully collected data for: The Hidden Oracle (The Trials of Apollo Series)
2026-02-07 13:21:36,633 - INFO - No 'before' data for Heartstopper: Volume Three (Heartstopper Series) - treating as zero interest
2026-02-07 13:21:41,243 - INFO - No 'after' data for Heartstopper: Volume Three (Heartstopper Series) - treating as zero interest
2026-02-07 13:21:41,243 - INFO - Successfully collected data for: Heartstopper: Volume Three (Heartstopper Series)
2026-02-07 13:21:54,554 - INFO - No 'after' data for The Dangerous Art of Blending In - treating as zero interest
2026-02-07 13:21:54,556 - INFO - Successfully collected data for: The Dangerous Art of Blending In
2026-02-07 13:22:07,511 - INFO - Successfully collected data for: Aesop Lake
2026-02-07 13:22:20,628 - INFO - Successfully collected data for: If We Were Us
2026-02-07 13:22:33,616 - INFO - No 'after' data for That Inevitable Victorian Thing - treating as zero interest
2026-02-07 13:22:33,617 - INFO - Successfully collected data for: That Inevitable Victorian Thing
2026-02-07 13:22:42,169 - INFO - No 'before' data for Darius the Great Deserves Better (Darius the Great Series) - treating as zero interest
2026-02-07 13:22:46,778 - INFO - Successfully collected data for: Darius the Great Deserves Better (Darius the Great Series)
2026-02-07 13:22:59,884 - INFO - No 'after' data for The Black Flamingo - treating as zero interest
2026-02-07 13:22:59,884 - INFO - Successfully collected data for: The Black Flamingo
2026-02-07 13:23:08,587 - INFO - No 'before' data for Date Me, Bryson Keller - treating as zero interest
2026-02-07 13:23:13,195 - INFO - No 'after' data for Date Me, Bryson Keller - treating as zero interest
2026-02-07 13:23:13,196 - INFO - Successfully collected data for: Date Me, Bryson Keller
2026-02-07 13:23:26,726 - INFO - Successfully collected data for: Influence
2026-02-07 13:23:35,360 - INFO - No 'before' data for The Summer of Everything - treating as zero interest
2026-02-07 13:23:39,837 - INFO - Successfully collected data for: The Summer of Everything
2026-02-07 13:23:53,134 - INFO - No 'after' data for The Red Scrolls of Magic (The Eldest Curses Series) - treating as zero interest
2026-02-07 13:23:53,134 - INFO - Successfully collected data for: The Red Scrolls of Magic (The Eldest Curses Series)
2026-02-07 13:24:01,836 - INFO - No 'before' data for The Pride Guide: A Guide to Sexual and Social Health for LGBTQ Youth - treating as zero interest
2026-02-07 13:24:06,457 - INFO - Successfully collected data for: The Pride Guide: A Guide to Sexual and Social Health for LGBTQ Youth
2026-02-07 13:24:15,044 - INFO - No 'before' data for Verona Comics - treating as zero interest
2026-02-07 13:24:19,653 - INFO - No 'after' data for Verona Comics - treating as zero interest
2026-02-07 13:24:19,653 - INFO - Successfully collected data for: Verona Comics
2026-02-07 13:24:28,255 - INFO - No 'before' data for The New Queer Conscience - treating as zero interest
2026-02-07 13:24:32,864 - INFO - No 'after' data for The New Queer Conscience - treating as zero interest
2026-02-07 13:24:32,865 - INFO - Successfully collected data for: The New Queer Conscience
2026-02-07 13:24:46,082 - INFO - Successfully collected data for: Teaching When the World Is on Fire
2026-02-07 13:24:54,574 - INFO - No 'before' data for Queer: The Ultimate LGBTQ Guide for Teens - treating as zero interest
2026-02-07 13:24:59,184 - INFO - Successfully collected data for: Queer: The Ultimate LGBTQ Guide for Teens
2026-02-07 13:25:07,782 - INFO - No 'before' data for Geography Club (Russel Middlebrook Series) - treating as zero interest
2026-02-07 13:25:12,389 - INFO - No 'after' data for Geography Club (Russel Middlebrook Series) - treating as zero interest
2026-02-07 13:25:12,390 - INFO - Successfully collected data for: Geography Club (Russel Middlebrook Series)
2026-02-07 13:25:25,599 - INFO - No 'after' data for Crier's War (Crier's War Series) - treating as zero interest
2026-02-07 13:25:25,600 - INFO - Successfully collected data for: Crier's War (Crier's War Series)
2026-02-07 13:25:38,821 - INFO - Successfully collected data for: Here's to Us
2026-02-07 13:25:52,130 - INFO - Successfully collected data for: The Weight of the Stars
2026-02-07 13:26:00,825 - INFO - No 'before' data for The Witch King (The Witch King Series) - treating as zero interest
2026-02-07 13:26:05,444 - INFO - Successfully collected data for: The Witch King (The Witch King Series)
2026-02-07 13:26:18,728 - INFO - No 'after' data for Being Jazz: My Life as a (Transgender) Teen - treating as zero interest
2026-02-07 13:26:18,730 - INFO - Successfully collected data for: Being Jazz: My Life as a (Transgender) Teen
2026-02-07 13:26:27,244 - INFO - No 'before' data for The Burning Maze (The Trials of Apollo Series) - treating as zero interest
2026-02-07 13:26:31,740 - INFO - No 'after' data for The Burning Maze (The Trials of Apollo Series) - treating as zero interest
2026-02-07 13:26:31,742 - INFO - Successfully collected data for: The Burning Maze (The Trials of Apollo Series)
2026-02-07 13:26:40,351 - INFO - No 'before' data for Simon vs. the Homo Sapiens Agenda (Simonverse Series) - treating as zero interest
2026-02-07 13:26:44,960 - INFO - No 'after' data for Simon vs. the Homo Sapiens Agenda (Simonverse Series) - treating as zero interest
2026-02-07 13:26:44,960 - INFO - Successfully collected data for: Simon vs. the Homo Sapiens Agenda (Simonverse Series)
2026-02-07 13:26:53,561 - INFO - No 'before' data for Gideon the Ninth (The Locked Tomb Series) - treating as zero interest
2026-02-07 13:26:58,011 - INFO - No 'after' data for Gideon the Ninth (The Locked Tomb Series) - treating as zero interest
2026-02-07 13:26:58,012 - INFO - Successfully collected data for: Gideon the Ninth (The Locked Tomb Series)
2026-02-07 13:27:11,287 - INFO - Successfully collected data for: Follow Your Arrow
2026-02-07 13:27:24,600 - INFO - Successfully collected data for: Stamped: Racism, Antiracism, and You
2026-02-07 13:27:37,807 - INFO - Successfully collected data for: Sister Outsider: Essays and Speeches
2026-02-07 13:27:46,400 - INFO - No 'before' data for Bingo Love #1 - treating as zero interest
2026-02-07 13:27:50,826 - INFO - No 'after' data for Bingo Love #1 - treating as zero interest
2026-02-07 13:27:50,827 - INFO - Successfully collected data for: Bingo Love #1
2026-02-07 13:27:59,290 - INFO - No 'before' data for The Bride Was a Boy - treating as zero interest
2026-02-07 13:28:03,844 - INFO - Successfully collected data for: The Bride Was a Boy
2026-02-07 13:28:17,079 - INFO - Successfully collected data for: The Book of Essie
2026-02-07 13:28:30,336 - INFO - Successfully collected data for: Birthday
2026-02-07 13:28:43,112 - INFO - Successfully collected data for: I am Jazz
2026-02-07 13:28:56,323 - INFO - No 'after' data for Allies: Real Talk About Showing Up, Screwing Up, And Trying Again - treating as zero interest
2026-02-07 13:28:56,323 - INFO - Successfully collected data for: Allies: Real Talk About Showing Up, Screwing Up, And Trying Again
2026-02-07 13:29:04,942 - INFO - No 'before' data for I Kissed Alice - treating as zero interest
2026-02-07 13:29:09,558 - INFO - Successfully collected data for: I Kissed Alice
2026-02-07 13:29:18,048 - INFO - No 'before' data for Pride: Celebrating Diversity & Community - treating as zero interest
2026-02-07 13:29:22,656 - INFO - No 'after' data for Pride: Celebrating Diversity & Community - treating as zero interest
2026-02-07 13:29:22,658 - INFO - Successfully collected data for: Pride: Celebrating Diversity & Community
2026-02-07 13:29:31,217 - INFO - No 'before' data for Sometime After Midnight - treating as zero interest
2026-02-07 13:29:35,866 - INFO - No 'after' data for Sometime After Midnight - treating as zero interest
2026-02-07 13:29:35,866 - INFO - Successfully collected data for: Sometime After Midnight
2026-02-07 13:29:44,300 - INFO - No 'before' data for A Complicated Love Story Set in Space - treating as zero interest
2026-02-07 13:29:48,880 - INFO - Successfully collected data for: A Complicated Love Story Set in Space
2026-02-07 13:30:02,091 - INFO - Successfully collected data for: Beloved
2026-02-07 13:30:10,499 - INFO - No 'before' data for As I Descended - treating as zero interest
2026-02-07 13:30:14,919 - INFO - No 'after' data for As I Descended - treating as zero interest
2026-02-07 13:30:14,919 - INFO - Successfully collected data for: As I Descended
2026-02-07 13:30:28,408 - INFO - Successfully collected data for: The Marvelous
2026-02-07 13:30:37,102 - INFO - No 'before' data for No Ashes in the Fire: Coming of Age Black and Free in America - treating as zero interest
2026-02-07 13:30:41,710 - INFO - No 'after' data for No Ashes in the Fire: Coming of Age Black and Free in America - treating as zero interest
2026-02-07 13:30:41,711 - INFO - Successfully collected data for: No Ashes in the Fire: Coming of Age Black and Free in America
2026-02-07 13:30:50,256 - INFO - No 'before' data for Blue Flag, Vol. 6 (Blue Flag Series) - treating as zero interest
2026-02-07 13:30:54,905 - INFO - No 'after' data for Blue Flag, Vol. 6 (Blue Flag Series) - treating as zero interest
2026-02-07 13:30:54,906 - INFO - Successfully collected data for: Blue Flag, Vol. 6 (Blue Flag Series)
2026-02-07 13:31:07,877 - INFO - No 'after' data for Kings, Queens, and In-Betweens - treating as zero interest
2026-02-07 13:31:07,879 - INFO - Successfully collected data for: Kings, Queens, and In-Betweens
2026-02-07 13:31:16,407 - INFO - No 'before' data for Blanca & Roja - treating as zero interest
2026-02-07 13:31:21,042 - INFO - Successfully collected data for: Blanca & Roja
2026-02-07 13:31:34,252 - INFO - Successfully collected data for: The Black Lives Matter Movement
2026-02-07 13:31:42,720 - INFO - No 'before' data for Wayward Son (Simon Snow Series) - treating as zero interest
2026-02-07 13:31:47,305 - INFO - No 'after' data for Wayward Son (Simon Snow Series) - treating as zero interest
2026-02-07 13:31:47,306 - INFO - Successfully collected data for: Wayward Son (Simon Snow Series)
2026-02-07 13:32:00,773 - INFO - Successfully collected data for: Cool for the Summer
2026-02-07 13:32:09,129 - INFO - No 'before' data for Flawless (Pretty Little Liars Series) - treating as zero interest
2026-02-07 13:32:13,778 - INFO - Successfully collected data for: Flawless (Pretty Little Liars Series)
2026-02-07 13:32:22,369 - INFO - No 'before' data for As Far As You'll Take Me - treating as zero interest
2026-02-07 13:32:26,808 - INFO - No 'after' data for As Far As You'll Take Me - treating as zero interest
2026-02-07 13:32:26,808 - INFO - Successfully collected data for: As Far As You'll Take Me
2026-02-07 13:32:39,889 - INFO - Successfully collected data for: Symptoms of Being Human
2026-02-07 13:32:48,480 - INFO - No 'before' data for Aristotle and Dante Discover the Secrets of the Universe (Aristotle and Dante Series) - treating as zero interest
2026-02-07 13:32:53,189 - INFO - No 'after' data for Aristotle and Dante Discover the Secrets of the Universe (Aristotle and Dante Series) - treating as zero interest
2026-02-07 13:32:53,189 - INFO - Successfully collected data for: Aristotle and Dante Discover the Secrets of the Universe (Aristotle and Dante Series)
2026-02-07 13:33:08,254 - INFO - Successfully collected data for: Your Rights as an LGBTQ+ Teen
2026-02-07 13:33:17,635 - INFO - No 'before' data for The Witch Owl Parliament (Clockwork Curandera Series) - treating as zero interest
2026-02-07 13:33:23,091 - INFO - No 'after' data for The Witch Owl Parliament (Clockwork Curandera Series) - treating as zero interest
2026-02-07 13:33:23,092 - INFO - Successfully collected data for: The Witch Owl Parliament (Clockwork Curandera Series)
2026-02-07 13:33:32,639 - INFO - No 'before' data for Black Wings Beating (Skybound Series) - treating as zero interest
2026-02-07 13:33:38,043 - INFO - No 'after' data for Black Wings Beating (Skybound Series) - treating as zero interest
2026-02-07 13:33:38,044 - INFO - Successfully collected data for: Black Wings Beating (Skybound Series)
2026-02-07 13:33:47,572 - INFO - No 'before' data for Get a Clue (Bookish Boyfriends Series) - treating as zero interest
2026-02-07 13:33:52,477 - WARNING - Rate limit for Get a Clue (Bookish Boyfriends Series). Waiting before retry 2/3
2026-02-07 13:34:13,269 - INFO - No 'before' data for Get a Clue (Bookish Boyfriends Series) - treating as zero interest
2026-02-07 13:34:18,249 - INFO - No 'after' data for Get a Clue (Bookish Boyfriends Series) - treating as zero interest
2026-02-07 13:34:18,251 - INFO - Successfully collected data for: Get a Clue (Bookish Boyfriends Series)
2026-02-07 13:34:26,785 - INFO - No 'before' data for Blue Flag, Vol. 2 (Blue Flag Series) - treating as zero interest
2026-02-07 13:34:32,212 - INFO - No 'after' data for Blue Flag, Vol. 2 (Blue Flag Series) - treating as zero interest
2026-02-07 13:34:32,213 - INFO - Successfully collected data for: Blue Flag, Vol. 2 (Blue Flag Series)
2026-02-07 13:34:40,815 - INFO - No 'before' data for The Witch's Hand (The Montague Twins) - treating as zero interest
2026-02-07 13:34:45,431 - INFO - Successfully collected data for: The Witch's Hand (The Montague Twins)
2026-02-07 13:34:58,631 - INFO - No 'after' data for The Darkness Outside Us - treating as zero interest
2026-02-07 13:34:58,631 - INFO - Successfully collected data for: The Darkness Outside Us
2026-02-07 13:35:07,219 - INFO - No 'before' data for Heartstopper: Volume One (Heartstopper Series) - treating as zero interest
2026-02-07 13:35:11,943 - INFO - No 'after' data for Heartstopper: Volume One (Heartstopper Series) - treating as zero interest
2026-02-07 13:35:11,944 - INFO - Successfully collected data for: Heartstopper: Volume One (Heartstopper Series)
2026-02-07 13:35:20,543 - INFO - No 'before' data for #Hockey (Check, Please! Series) - treating as zero interest
2026-02-07 13:35:24,984 - INFO - No 'after' data for #Hockey (Check, Please! Series) - treating as zero interest
2026-02-07 13:35:24,984 - INFO - Successfully collected data for: #Hockey (Check, Please! Series)
2026-02-07 13:35:38,157 - INFO - No 'after' data for Trans Mission: My Quest to a Beard - treating as zero interest
2026-02-07 13:35:38,157 - INFO - Successfully collected data for: Trans Mission: My Quest to a Beard
2026-02-07 13:35:46,759 - INFO - No 'before' data for All Our Hidden Gifts (All Our Hidden Gifts Series) - treating as zero interest
2026-02-07 13:35:51,328 - INFO - No 'after' data for All Our Hidden Gifts (All Our Hidden Gifts Series) - treating as zero interest
2026-02-07 13:35:51,329 - INFO - Successfully collected data for: All Our Hidden Gifts (All Our Hidden Gifts Series)
2026-02-07 13:35:59,967 - INFO - No 'before' data for The Love Curse of Melody McIntyre - treating as zero interest
2026-02-07 13:36:04,575 - INFO - No 'after' data for The Love Curse of Melody McIntyre - treating as zero interest
2026-02-07 13:36:04,575 - INFO - Successfully collected data for: The Love Curse of Melody McIntyre
2026-02-07 13:36:17,898 - INFO - Successfully collected data for: Short Stuff: A Young Adult LGBTQ+ Anthology
2026-02-07 13:36:31,109 - INFO - Successfully collected data for: Speak for Yourself
2026-02-07 13:36:44,523 - INFO - Successfully collected data for: And She Was
2026-02-07 13:36:52,979 - INFO - No 'before' data for Blue Flag, Vol. 7 (Blue Flag Series) - treating as zero interest
2026-02-07 13:36:57,620 - INFO - No 'after' data for Blue Flag, Vol. 7 (Blue Flag Series) - treating as zero interest
2026-02-07 13:36:57,620 - INFO - Successfully collected data for: Blue Flag, Vol. 7 (Blue Flag Series)
2026-02-07 13:37:06,118 - INFO - No 'before' data for Body Talk: 37 Voices Explore Our Radical Anatomy - treating as zero interest
2026-02-07 13:37:10,641 - INFO - Successfully collected data for: Body Talk: 37 Voices Explore Our Radical Anatomy
2026-02-07 13:37:19,027 - INFO - No 'before' data for Darius the Great Is Not Okay (Darius the Great Series) - treating as zero interest
2026-02-07 13:37:23,543 - INFO - No 'after' data for Darius the Great Is Not Okay (Darius the Great Series) - treating as zero interest
2026-02-07 13:37:23,544 - INFO - Successfully collected data for: Darius the Great Is Not Okay (Darius the Great Series)
2026-02-07 13:37:31,896 - INFO - No 'before' data for Understanding Gender Identity - treating as zero interest
2026-02-07 13:37:36,439 - INFO - Successfully collected data for: Understanding Gender Identity
2026-02-07 13:37:44,891 - INFO - No 'before' data for Wings of Shadow (Crown of Feathers Series) - treating as zero interest
2026-02-07 13:37:49,845 - INFO - No 'after' data for Wings of Shadow (Crown of Feathers Series) - treating as zero interest
2026-02-07 13:37:49,845 - INFO - Successfully collected data for: Wings of Shadow (Crown of Feathers Series)
2026-02-07 13:37:58,398 - INFO - No 'before' data for Death Prefers Blondes - treating as zero interest
2026-02-07 13:38:03,054 - INFO - No 'after' data for Death Prefers Blondes - treating as zero interest
2026-02-07 13:38:03,054 - INFO - Successfully collected data for: Death Prefers Blondes
2026-02-07 13:38:16,563 - INFO - Successfully collected data for: Master of One
2026-02-07 13:38:29,785 - INFO - Successfully collected data for: Yesterday Is History
2026-02-07 13:38:38,240 - INFO - No 'before' data for The Fell of Dark - treating as zero interest
2026-02-07 13:38:42,599 - INFO - Successfully collected data for: The Fell of Dark
2026-02-07 13:38:55,900 - INFO - Successfully collected data for: The Girls I've Been
2026-02-07 13:39:09,008 - INFO - Successfully collected data for: We Are Okay
2026-02-07 13:39:17,703 - INFO - No 'before' data for The Lost Book of the White (The Eldest Curses Series) - treating as zero interest
2026-02-07 13:39:22,318 - INFO - Successfully collected data for: The Lost Book of the White (The Eldest Curses Series)
2026-02-07 13:39:31,014 - INFO - No 'before' data for Of Fire and Stars (Of Fire and Stars Series) - treating as zero interest
2026-02-07 13:39:35,568 - INFO - No 'after' data for Of Fire and Stars (Of Fire and Stars Series) - treating as zero interest
2026-02-07 13:39:35,568 - INFO - Successfully collected data for: Of Fire and Stars (Of Fire and Stars Series)
2026-02-07 13:39:48,618 - INFO - No 'after' data for Gender Identity: Beyond Pronouns and Bathrooms - treating as zero interest
2026-02-07 13:39:48,620 - INFO - Successfully collected data for: Gender Identity: Beyond Pronouns and Bathrooms
2026-02-07 13:40:01,848 - INFO - Successfully collected data for: Almost Perfect
2026-02-07 13:40:14,693 - INFO - Successfully collected data for: More Happy Than Not
2026-02-07 13:40:22,825 - ERROR - Error collecting data for It Doesn't Have to Be Awkward: Dealing with Relationships, Consent, and Other Hard-to-Talk-About Stuff: The request failed: Google returned a response with code 400
2026-02-07 13:40:31,330 - INFO - No 'before' data for A Quick & Easy Guide to Queer & Trans Identities - treating as zero interest
2026-02-07 13:40:35,803 - INFO - No 'after' data for A Quick & Easy Guide to Queer & Trans Identities - treating as zero interest
2026-02-07 13:40:35,803 - INFO - Successfully collected data for: A Quick & Easy Guide to Queer & Trans Identities
2026-02-07 13:40:49,043 - INFO - No 'after' data for The Legend of Korra: Turf Wars, Part Two - treating as zero interest
2026-02-07 13:40:49,044 - INFO - Successfully collected data for: The Legend of Korra: Turf Wars, Part Two
2026-02-07 13:40:57,591 - INFO - No 'before' data for Girls Made of Snow and Glass - treating as zero interest
2026-02-07 13:41:02,254 - INFO - No 'after' data for Girls Made of Snow and Glass - treating as zero interest
2026-02-07 13:41:02,256 - INFO - Successfully collected data for: Girls Made of Snow and Glass
2026-02-07 13:41:15,360 - INFO - No 'after' data for Gender Queer: A Memoir - treating as zero interest
2026-02-07 13:41:15,361 - INFO - Successfully collected data for: Gender Queer: A Memoir
2026-02-07 13:41:24,066 - INFO - No 'before' data for Fat Angie (Fat Angie Series) - treating as zero interest
2026-02-07 13:41:28,504 - INFO - No 'after' data for Fat Angie (Fat Angie Series) - treating as zero interest
2026-02-07 13:41:28,504 - INFO - Successfully collected data for: Fat Angie (Fat Angie Series)
2026-02-07 13:41:37,068 - INFO - No 'before' data for Wayward Witch (Brooklyn Brujas Series) - treating as zero interest
2026-02-07 13:41:41,615 - INFO - No 'after' data for Wayward Witch (Brooklyn Brujas Series) - treating as zero interest
2026-02-07 13:41:41,616 - INFO - Successfully collected data for: Wayward Witch (Brooklyn Brujas Series)
2026-02-07 13:41:54,693 - INFO - Successfully collected data for: Witchlight
2026-02-07 13:42:07,582 - INFO - No 'after' data for Gender Queer: A Memoir - treating as zero interest
2026-02-07 13:42:07,583 - INFO - Successfully collected data for: Gender Queer: A Memoir
2026-02-07 13:42:20,836 - INFO - Successfully collected data for: Tricks (Tricks Series)
2026-02-07 13:42:33,904 - INFO - No 'after' data for The Sky Is Mine - treating as zero interest
2026-02-07 13:42:33,906 - INFO - Successfully collected data for: The Sky Is Mine
2026-02-07 13:42:47,009 - INFO - No 'after' data for Every Heart a Doorway (Seanan McGuire Series) - treating as zero interest
2026-02-07 13:42:47,011 - INFO - Successfully collected data for: Every Heart a Doorway (Seanan McGuire Series)
2026-02-07 13:43:00,228 - INFO - Successfully collected data for: Not My Problem
2026-02-07 13:43:08,729 - INFO - No 'before' data for The Gentleman's Guide to Vice and Virtue (Montague Siblings Series) - treating as zero interest
2026-02-07 13:43:13,195 - INFO - No 'after' data for The Gentleman's Guide to Vice and Virtue (Montague Siblings Series) - treating as zero interest
2026-02-07 13:43:13,195 - INFO - Successfully collected data for: The Gentleman's Guide to Vice and Virtue (Montague Siblings Series)
2026-02-07 13:43:26,342 - INFO - Successfully collected data for: Who I Was with Her
2026-02-07 13:43:39,542 - INFO - No 'after' data for The Art of Fielding - treating as zero interest
2026-02-07 13:43:39,543 - INFO - Successfully collected data for: The Art of Fielding
2026-02-07 13:43:47,885 - INFO - No 'before' data for The Midnight Lie (Forgotten Gods Series) - treating as zero interest
2026-02-07 13:43:52,544 - INFO - No 'after' data for The Midnight Lie (Forgotten Gods Series) - treating as zero interest
2026-02-07 13:43:52,544 - INFO - Successfully collected data for: The Midnight Lie (Forgotten Gods Series)
2026-02-07 13:44:05,677 - INFO - Successfully collected data for: The Key to You and Me
2026-02-07 13:44:18,870 - INFO - Successfully collected data for: Somebody Told Me
2026-02-07 13:44:27,465 - INFO - No 'before' data for Me Myself & Him - treating as zero interest
2026-02-07 13:44:31,969 - INFO - No 'after' data for Me Myself & Him - treating as zero interest
2026-02-07 13:44:31,970 - INFO - Successfully collected data for: Me Myself & Him
2026-02-07 13:44:44,927 - INFO - Successfully collected data for: Six of Crows (Six of Crows Series)
2026-02-07 13:44:57,720 - INFO - Successfully collected data for: Out of Darkness
2026-02-07 13:45:10,741 - INFO - No 'after' data for Ghost Wood Song - treating as zero interest
2026-02-07 13:45:10,742 - INFO - Successfully collected data for: Ghost Wood Song
2026-02-07 13:45:23,899 - INFO - Successfully collected data for: Cheer Up: Love and Pompoms
2026-02-07 13:45:36,993 - INFO - No 'after' data for Bruja Born (Brooklyn Brujas Series) - treating as zero interest
2026-02-07 13:45:36,993 - INFO - Successfully collected data for: Bruja Born (Brooklyn Brujas Series)
2026-02-07 13:45:45,698 - INFO - No 'before' data for And I Darken (The Conqueror's Saga Series) - treating as zero interest
2026-02-07 13:45:50,154 - INFO - Successfully collected data for: And I Darken (The Conqueror's Saga Series)
2026-02-07 13:45:58,695 - INFO - No 'before' data for Fancy White Trash - treating as zero interest
2026-02-07 13:46:03,309 - INFO - Successfully collected data for: Fancy White Trash
2026-02-07 13:46:11,869 - INFO - No 'before' data for The Ballad of Ami Miles - treating as zero interest
2026-02-07 13:46:16,298 - INFO - No 'after' data for The Ballad of Ami Miles - treating as zero interest
2026-02-07 13:46:16,298 - INFO - Successfully collected data for: The Ballad of Ami Miles
2026-02-07 13:46:24,897 - INFO - No 'before' data for And Tango Makes Three - treating as zero interest
2026-02-07 13:46:29,505 - INFO - No 'after' data for And Tango Makes Three - treating as zero interest
2026-02-07 13:46:29,506 - INFO - Successfully collected data for: And Tango Makes Three
2026-02-07 13:46:38,208 - INFO - No 'before' data for The 57 Bus: A True Story of Two Teenagers and the Crime That Changed Their Lives - treating as zero interest
2026-02-07 13:46:42,918 - INFO - No 'after' data for The 57 Bus: A True Story of Two Teenagers and the Crime That Changed Their Lives - treating as zero interest
2026-02-07 13:46:42,918 - INFO - Successfully collected data for: The 57 Bus: A True Story of Two Teenagers and the Crime That Changed Their Lives
2026-02-07 13:46:56,228 - INFO - No 'after' data for The Gender Quest Workbook: A Guide for Teens and Young Adults Exploring Gender Identity - treating as zero interest
2026-02-07 13:46:56,230 - INFO - Successfully collected data for: The Gender Quest Workbook: A Guide for Teens and Young Adults Exploring Gender Identity
2026-02-07 13:47:09,438 - INFO - No 'after' data for Tonight We Rule the World - treating as zero interest
2026-02-07 13:47:09,438 - INFO - Successfully collected data for: Tonight We Rule the World
2026-02-07 13:47:17,905 - INFO - No 'before' data for The Storm of Life (The Brilliant Death Series) - treating as zero interest
2026-02-07 13:47:22,545 - INFO - No 'after' data for The Storm of Life (The Brilliant Death Series) - treating as zero interest
2026-02-07 13:47:22,545 - INFO - Successfully collected data for: The Storm of Life (The Brilliant Death Series)
2026-02-07 13:47:31,044 - INFO - No 'before' data for Bonds of Brass - treating as zero interest
2026-02-07 13:47:35,651 - INFO - No 'after' data for Bonds of Brass - treating as zero interest
2026-02-07 13:47:35,651 - INFO - Successfully collected data for: Bonds of Brass
2026-02-07 13:47:44,254 - INFO - No 'before' data for If I Was Your Girl - treating as zero interest
2026-02-07 13:47:48,976 - INFO - Successfully collected data for: If I Was Your Girl
2026-02-07 13:47:57,565 - INFO - No 'before' data for Girls at the Edge of the World - treating as zero interest
2026-02-07 13:48:02,030 - INFO - No 'after' data for Girls at the Edge of the World - treating as zero interest
2026-02-07 13:48:02,032 - INFO - Successfully collected data for: Girls at the Edge of the World
2026-02-07 13:48:10,476 - INFO - No 'before' data for Soul of Cinder (Heart of Thorns Series) - treating as zero interest
2026-02-07 13:48:14,948 - INFO - No 'after' data for Soul of Cinder (Heart of Thorns Series) - treating as zero interest
2026-02-07 13:48:14,948 - INFO - Successfully collected data for: Soul of Cinder (Heart of Thorns Series)
2026-02-07 13:48:23,575 - INFO - No 'before' data for I Wish You All the Best (I Wish You All the Best Series) - treating as zero interest
2026-02-07 13:48:28,191 - INFO - No 'after' data for I Wish You All the Best (I Wish You All the Best Series) - treating as zero interest
2026-02-07 13:48:28,191 - INFO - Successfully collected data for: I Wish You All the Best (I Wish You All the Best Series)
2026-02-07 13:48:41,153 - INFO - No 'after' data for Victories Greater Than Death (Unstoppable Series) - treating as zero interest
2026-02-07 13:48:41,153 - INFO - Successfully collected data for: Victories Greater Than Death (Unstoppable Series)
2026-02-07 13:48:49,789 - INFO - No 'before' data for The Lady's Guide to Petticoats and Piracy (Montague Siblings Series) - treating as zero interest
2026-02-07 13:48:54,202 - INFO - Successfully collected data for: The Lady's Guide to Petticoats and Piracy (Montague Siblings Series)
2026-02-07 13:49:03,305 - INFO - No 'before' data for Be Strong, Be Wise: The Young Adult’s Guide to Sexual Assault Awareness and Personal Safety - treating as zero interest
2026-02-07 13:49:08,222 - INFO - No 'after' data for Be Strong, Be Wise: The Young Adult’s Guide to Sexual Assault Awareness and Personal Safety - treating as zero interest
2026-02-07 13:49:08,222 - INFO - Successfully collected data for: Be Strong, Be Wise: The Young Adult’s Guide to Sexual Assault Awareness and Personal Safety
2026-02-07 13:49:17,208 - INFO - No 'before' data for Sticks & Scones (Check, Please! Series) - treating as zero interest
2026-02-07 13:49:22,145 - INFO - No 'after' data for Sticks & Scones (Check, Please! Series) - treating as zero interest
2026-02-07 13:49:22,146 - INFO - Successfully collected data for: Sticks & Scones (Check, Please! Series)
2026-02-07 13:49:30,748 - INFO - No 'before' data for Gabi, a Girl in Pieces - treating as zero interest
2026-02-07 13:49:35,357 - INFO - No 'after' data for Gabi, a Girl in Pieces - treating as zero interest
2026-02-07 13:49:35,358 - INFO - Successfully collected data for: Gabi, a Girl in Pieces
2026-02-07 13:49:48,566 - INFO - No 'after' data for The Imitation Game: Alan Turing Decoded - treating as zero interest
2026-02-07 13:49:48,567 - INFO - Successfully collected data for: The Imitation Game: Alan Turing Decoded
2026-02-07 13:49:57,167 - INFO - No 'before' data for Rapture Practice: A True Story About Growing Up Gay in an Evangelical Family - treating as zero interest
2026-02-07 13:50:01,889 - INFO - Successfully collected data for: Rapture Practice: A True Story About Growing Up Gay in an Evangelical Family
2026-02-07 13:50:15,099 - INFO - Successfully collected data for: We Are Not Broken
2026-02-07 13:50:28,176 - INFO - No 'after' data for Synchro Boy - treating as zero interest
2026-02-07 13:50:28,177 - INFO - Successfully collected data for: Synchro Boy
2026-02-07 13:50:36,694 - INFO - No 'before' data for Burn Our Bodies Down - treating as zero interest
2026-02-07 13:50:41,302 - INFO - No 'after' data for Burn Our Bodies Down - treating as zero interest
2026-02-07 13:50:41,303 - INFO - Successfully collected data for: Burn Our Bodies Down
2026-02-07 13:50:49,903 - INFO - No 'before' data for Heart of Flames (Crown of Feathers Series) - treating as zero interest
2026-02-07 13:50:54,511 - INFO - No 'after' data for Heart of Flames (Crown of Feathers Series) - treating as zero interest
2026-02-07 13:50:54,511 - INFO - Successfully collected data for: Heart of Flames (Crown of Feathers Series)
2026-02-07 13:51:07,552 - INFO - Successfully collected data for: The Kite Runner
2026-02-07 13:51:20,940 - INFO - Successfully collected data for: Bruised
2026-02-07 13:51:34,354 - INFO - Successfully collected data for: Stay Gold
2026-02-07 13:51:47,759 - INFO - No 'after' data for Channel Kindness: Stories of Kindness and Community - treating as zero interest
2026-02-07 13:51:47,760 - INFO - Successfully collected data for: Channel Kindness: Stories of Kindness and Community
2026-02-07 13:52:00,815 - INFO - Successfully collected data for: The Bluest Eye
2026-02-07 13:52:14,279 - INFO - No 'after' data for Music from Another World - treating as zero interest
2026-02-07 13:52:14,280 - INFO - Successfully collected data for: Music from Another World
2026-02-07 13:52:27,602 - INFO - Successfully collected data for: Say Her Name
2026-02-07 13:52:41,128 - INFO - Successfully collected data for: The Friend Scheme
2026-02-07 13:52:54,632 - INFO - Successfully collected data for: I Think I Love You
2026-02-07 13:53:07,845 - INFO - Successfully collected data for: The Afterward
2026-02-07 13:53:21,055 - INFO - Successfully collected data for: All Boys Aren't Blue
2026-02-07 13:53:29,543 - INFO - No 'before' data for It's Not Like It's a Secret - treating as zero interest
2026-02-07 13:53:34,152 - INFO - No 'after' data for It's Not Like It's a Secret - treating as zero interest
2026-02-07 13:53:34,152 - INFO - Successfully collected data for: It's Not Like It's a Secret
2026-02-07 13:53:42,650 - INFO - No 'before' data for Bright World (The Hazards of Love Series) - treating as zero interest
2026-02-07 13:53:47,155 - INFO - No 'after' data for Bright World (The Hazards of Love Series) - treating as zero interest
2026-02-07 13:53:47,155 - INFO - Successfully collected data for: Bright World (The Hazards of Love Series)
2026-02-07 13:53:55,756 - INFO - No 'before' data for We Used to Be Friends - treating as zero interest
2026-02-07 13:54:00,378 - INFO - Successfully collected data for: We Used to Be Friends
2026-02-07 13:54:08,854 - INFO - No 'before' data for The Electric Heir (Feverwake Series) - treating as zero interest
2026-02-07 13:54:13,228 - INFO - No 'after' data for The Electric Heir (Feverwake Series) - treating as zero interest
2026-02-07 13:54:13,228 - INFO - Successfully collected data for: The Electric Heir (Feverwake Series)
2026-02-07 13:54:21,718 - INFO - No 'before' data for Fifteen Hundred Miles from the Sun - treating as zero interest
2026-02-07 13:54:26,273 - INFO - No 'after' data for Fifteen Hundred Miles from the Sun - treating as zero interest
2026-02-07 13:54:26,273 - INFO - Successfully collected data for: Fifteen Hundred Miles from the Sun
2026-02-07 13:54:34,875 - INFO - No 'before' data for These Feathered Flames (These Feathered Flames Series) - treating as zero interest
2026-02-07 13:54:39,491 - INFO - Successfully collected data for: These Feathered Flames (These Feathered Flames Series)
2026-02-07 13:54:48,083 - INFO - No 'before' data for The Extraordinaries (The Extraordinaries Series) - treating as zero interest
2026-02-07 13:54:52,999 - INFO - No 'after' data for The Extraordinaries (The Extraordinaries Series) - treating as zero interest
2026-02-07 13:54:52,999 - INFO - Successfully collected data for: The Extraordinaries (The Extraordinaries Series)
2026-02-07 13:55:01,466 - INFO - No 'before' data for What Drowns the Flowers in Your Mouth: A Memoir of Brotherhood - treating as zero interest
2026-02-07 13:55:05,957 - INFO - Successfully collected data for: What Drowns the Flowers in Your Mouth: A Memoir of Brotherhood
2026-02-07 13:55:19,259 - INFO - No 'after' data for Black Girl Unlimited: The Remarkable Story of a Teenage Wizard - treating as zero interest
2026-02-07 13:55:19,260 - INFO - Successfully collected data for: Black Girl Unlimited: The Remarkable Story of a Teenage Wizard
2026-02-07 13:55:27,644 - INFO - No 'before' data for This Is Kind of an Epic Love Story - treating as zero interest
2026-02-07 13:55:32,320 - INFO - No 'after' data for This Is Kind of an Epic Love Story - treating as zero interest
2026-02-07 13:55:32,321 - INFO - Successfully collected data for: This Is Kind of an Epic Love Story
2026-02-07 13:55:40,921 - INFO - No 'before' data for Heart of Thorns (Heart of Thorns Series) - treating as zero interest
2026-02-07 13:55:45,501 - INFO - Successfully collected data for: Heart of Thorns (Heart of Thorns Series)
2026-02-07 13:55:54,029 - INFO - No 'before' data for Each of Us a Desert - treating as zero interest
2026-02-07 13:55:58,534 - INFO - No 'after' data for Each of Us a Desert - treating as zero interest
2026-02-07 13:55:58,534 - INFO - Successfully collected data for: Each of Us a Desert
2026-02-07 13:56:07,137 - INFO - No 'before' data for Another Kind of Cowboy - treating as zero interest
2026-02-07 13:56:11,641 - INFO - No 'after' data for Another Kind of Cowboy - treating as zero interest
2026-02-07 13:56:11,641 - INFO - Successfully collected data for: Another Kind of Cowboy
2026-02-07 13:56:20,244 - INFO - No 'before' data for The Brilliant Death (The Brilliant Death Series) - treating as zero interest
2026-02-07 13:56:24,851 - INFO - No 'after' data for The Brilliant Death (The Brilliant Death Series) - treating as zero interest
2026-02-07 13:56:24,853 - INFO - Successfully collected data for: The Brilliant Death (The Brilliant Death Series)
2026-02-07 13:56:33,469 - INFO - No 'before' data for Not So Pure and Simple - treating as zero interest
2026-02-07 13:56:38,069 - INFO - Successfully collected data for: Not So Pure and Simple
2026-02-07 13:56:46,764 - INFO - No 'before' data for Seeing Gender: An Illustrated Guide to Identity and Expression - treating as zero interest
2026-02-07 13:56:51,269 - INFO - No 'after' data for Seeing Gender: An Illustrated Guide to Identity and Expression - treating as zero interest
2026-02-07 13:56:51,270 - INFO - Successfully collected data for: Seeing Gender: An Illustrated Guide to Identity and Expression
2026-02-07 13:56:59,877 - INFO - No 'before' data for Will Grayson, Will Grayson (Will Grayson, Will Grayson Series) - treating as zero interest
2026-02-07 13:57:04,228 - INFO - No 'after' data for Will Grayson, Will Grayson (Will Grayson, Will Grayson Series) - treating as zero interest
2026-02-07 13:57:04,230 - INFO - Successfully collected data for: Will Grayson, Will Grayson (Will Grayson, Will Grayson Series)
2026-02-07 13:57:18,386 - INFO - Successfully collected data for: Looking for Alaska
2026-02-07 13:57:26,832 - INFO - No 'before' data for Highly Illogical Behavior - treating as zero interest
2026-02-07 13:57:31,423 - INFO - No 'after' data for Highly Illogical Behavior - treating as zero interest
2026-02-07 13:57:31,423 - INFO - Successfully collected data for: Highly Illogical Behavior
2026-02-07 13:57:39,910 - INFO - No 'before' data for Love Is for Losers - treating as zero interest
2026-02-07 13:57:44,472 - INFO - Successfully collected data for: Love Is for Losers
2026-02-07 13:57:53,122 - INFO - No 'before' data for Lobizona (Wolves of No World Series) - treating as zero interest
2026-02-07 13:57:57,473 - INFO - No 'after' data for Lobizona (Wolves of No World Series) - treating as zero interest
2026-02-07 13:57:57,473 - INFO - Successfully collected data for: Lobizona (Wolves of No World Series)
2026-02-07 13:58:05,931 - INFO - No 'before' data for The Last Confession of Autumn Casterly - treating as zero interest
2026-02-07 13:58:10,373 - INFO - No 'after' data for The Last Confession of Autumn Casterly - treating as zero interest
2026-02-07 13:58:10,373 - INFO - Successfully collected data for: The Last Confession of Autumn Casterly
2026-02-07 13:58:23,465 - INFO - Successfully collected data for: Rise to the Sun
2026-02-07 13:58:36,752 - INFO - Successfully collected data for: I Am Water
2026-02-07 13:58:45,345 - INFO - No 'before' data for The Field Guide to the North American Teenager - treating as zero interest
2026-02-07 13:58:49,833 - INFO - No 'after' data for The Field Guide to the North American Teenager - treating as zero interest
2026-02-07 13:58:49,834 - INFO - Successfully collected data for: The Field Guide to the North American Teenager
2026-02-07 13:59:03,065 - INFO - Successfully collected data for: The Dark Tide
2026-02-07 13:59:11,659 - INFO - No 'before' data for Edie in Between - treating as zero interest
2026-02-07 13:59:16,100 - INFO - No 'after' data for Edie in Between - treating as zero interest
2026-02-07 13:59:16,100 - INFO - Successfully collected data for: Edie in Between
2026-02-07 13:59:24,767 - INFO - No 'before' data for She/He/They/Me: For the Sisters, Misters, and Binary Resisters - treating as zero interest
2026-02-07 13:59:29,271 - INFO - No 'after' data for She/He/They/Me: For the Sisters, Misters, and Binary Resisters - treating as zero interest
2026-02-07 13:59:29,272 - INFO - Successfully collected data for: She/He/They/Me: For the Sisters, Misters, and Binary Resisters
2026-02-07 13:59:37,741 - INFO - No 'before' data for It Gets Better: Coming Out, Overcoming Bullying, and Creating a Life Worth Living - treating as zero interest
2026-02-07 13:59:42,379 - INFO - No 'after' data for It Gets Better: Coming Out, Overcoming Bullying, and Creating a Life Worth Living - treating as zero interest
2026-02-07 13:59:42,380 - INFO - Successfully collected data for: It Gets Better: Coming Out, Overcoming Bullying, and Creating a Life Worth Living
2026-02-07 13:59:55,703 - INFO - Successfully collected data for: Chicken Girl
2026-02-07 14:00:09,105 - INFO - No 'after' data for On the Other Side of Freedom: The Case for Hope - treating as zero interest
2026-02-07 14:00:09,106 - INFO - Successfully collected data for: On the Other Side of Freedom: The Case for Hope
2026-02-07 14:00:17,708 - INFO - No 'before' data for This Golden Flame - treating as zero interest
2026-02-07 14:00:22,325 - INFO - Successfully collected data for: This Golden Flame
2026-02-07 14:00:36,353 - INFO - Successfully collected data for: Squad
2026-02-07 14:00:49,656 - INFO - No 'after' data for Grasshopper Jungle (Grasshopper Jungle Series) - treating as zero interest
2026-02-07 14:00:49,657 - INFO - Successfully collected data for: Grasshopper Jungle (Grasshopper Jungle Series)
2026-02-07 14:01:02,863 - INFO - No 'after' data for Another Day (Every Day Series) - treating as zero interest
2026-02-07 14:01:02,863 - INFO - Successfully collected data for: Another Day (Every Day Series)
2026-02-07 14:01:12,880 - ERROR - Error collecting data for Indestructible Object: HTTPSConnectionPool(host='trends.google.com', port=443): Max retries exceeded with url: /trends/api/explore?hl=en-US&tz=360&req=%7B%22comparisonItem%22%3A+%5B%7B%22keyword%22%3A+%22Indestructible+Object%22%2C+%22time%22%3A+%222021-11-03+2022-01-31%22%2C+%22geo%22%3A+%22US%22%7D%5D%2C+%22category%22%3A+0%2C+%22property%22%3A+%22%22%7D (Caused by ConnectTimeoutError(<HTTPSConnection(host='trends.google.com', port=443) at 0x125c4aad0>, 'Connection to trends.google.com timed out. (connect timeout=2)'))
2026-02-07 14:01:20,908 - ERROR - Error collecting data for Tears of Frost (Heart of Thorns Series): HTTPSConnectionPool(host='trends.google.com', port=443): Max retries exceeded with url: /trends/api/explore?hl=en-US&tz=360&req=%7B%22comparisonItem%22%3A+%5B%7B%22keyword%22%3A+%22Tears+of+Frost+%28Heart+of+Thorns+Series%29%22%2C+%22time%22%3A+%222021-11-03+2022-01-31%22%2C+%22geo%22%3A+%22US%22%7D%5D%2C+%22category%22%3A+0%2C+%22property%22%3A+%22%22%7D (Caused by NameResolutionError("HTTPSConnection(host='trends.google.com', port=443): Failed to resolve 'trends.google.com' ([Errno 8] nodename nor servname provided, or not known)"))
2026-02-07 14:01:28,937 - ERROR - Error collecting data for A Curse of Roses: HTTPSConnectionPool(host='trends.google.com', port=443): Max retries exceeded with url: /trends/api/explore?hl=en-US&tz=360&req=%7B%22comparisonItem%22%3A+%5B%7B%22keyword%22%3A+%22A+Curse+of+Roses%22%2C+%22time%22%3A+%222021-11-03+2022-01-31%22%2C+%22geo%22%3A+%22US%22%7D%5D%2C+%22category%22%3A+0%2C+%22property%22%3A+%22%22%7D (Caused by NameResolutionError("HTTPSConnection(host='trends.google.com', port=443): Failed to resolve 'trends.google.com' ([Errno 8] nodename nor servname provided, or not known)"))
2026-02-07 14:01:42,289 - INFO - Successfully collected data for: Rising Out
2026-02-07 14:01:55,482 - INFO - Successfully collected data for: Flamer
2026-02-07 14:02:08,706 - INFO - No 'after' data for The Past and Other Things That Should Stay Buried - treating as zero interest
2026-02-07 14:02:08,707 - INFO - Successfully collected data for: The Past and Other Things That Should Stay Buried
2026-02-07 14:02:22,030 - INFO - Successfully collected data for: We Are the Ants
2026-02-07 14:02:30,722 - INFO - No 'before' data for This Book Is Anti-Racist: 20 Lessons on How to Wake Up, Take Action, and Do the Work - treating as zero interest
2026-02-07 14:02:35,257 - INFO - No 'after' data for This Book Is Anti-Racist: 20 Lessons on How to Wake Up, Take Action, and Do the Work - treating as zero interest
2026-02-07 14:02:35,259 - INFO - Successfully collected data for: This Book Is Anti-Racist: 20 Lessons on How to Wake Up, Take Action, and Do the Work
2026-02-07 14:02:48,550 - INFO - Successfully collected data for: Where We Go From Here
2026-02-07 14:02:57,127 - INFO - No 'before' data for Be Gay, Do Comics: Queer History, Memoir, and Satire from The Nib - treating as zero interest
2026-02-07 14:03:01,865 - INFO - Successfully collected data for: Be Gay, Do Comics: Queer History, Memoir, and Satire from The Nib
2026-02-07 14:03:15,074 - INFO - Successfully collected data for: Good Girl, Bad Blood (A Good Girl's Guide to Murder Series)
2026-02-07 14:03:28,385 - INFO - Successfully collected data for: Queer, There and Everywhere: 23 People Who Changed the World
2026-02-07 14:03:36,843 - INFO - No 'before' data for Chik Chak Shabbat - treating as zero interest
2026-02-07 14:03:41,480 - INFO - No 'after' data for Chik Chak Shabbat - treating as zero interest
2026-02-07 14:03:41,481 - INFO - Successfully collected data for: Chik Chak Shabbat
2026-02-07 14:03:50,084 - INFO - No 'before' data for Molly of Denali: Berry Itchy Day - treating as zero interest
2026-02-07 14:03:54,689 - INFO - No 'after' data for Molly of Denali: Berry Itchy Day - treating as zero interest
2026-02-07 14:03:54,691 - INFO - Successfully collected data for: Molly of Denali: Berry Itchy Day
2026-02-07 14:04:03,294 - INFO - No 'before' data for Yang the Third and Her Impossible Family (The Yang Family Series) - treating as zero interest
2026-02-07 14:04:07,900 - INFO - No 'after' data for Yang the Third and Her Impossible Family (The Yang Family Series) - treating as zero interest
2026-02-07 14:04:07,901 - INFO - Successfully collected data for: Yang the Third and Her Impossible Family (The Yang Family Series)
2026-02-07 14:04:16,500 - INFO - No 'before' data for Carter Reads the Newspaper - treating as zero interest
2026-02-07 14:04:20,984 - INFO - No 'after' data for Carter Reads the Newspaper - treating as zero interest
2026-02-07 14:04:20,985 - INFO - Successfully collected data for: Carter Reads the Newspaper
2026-02-07 14:04:34,217 - INFO - No 'after' data for It Began with a Page: How Gyo Fujikawa Drew the Way - treating as zero interest
2026-02-07 14:04:34,218 - INFO - Successfully collected data for: It Began with a Page: How Gyo Fujikawa Drew the Way
2026-02-07 14:04:47,744 - INFO - Successfully collected data for: Encounter
2026-02-07 14:04:56,437 - INFO - No 'before' data for Perfect Chemistry (Perfect Chemistry Series) - treating as zero interest
2026-02-07 14:05:01,046 - INFO - No 'after' data for Perfect Chemistry (Perfect Chemistry Series) - treating as zero interest
2026-02-07 14:05:01,046 - INFO - Successfully collected data for: Perfect Chemistry (Perfect Chemistry Series)
2026-02-07 14:05:14,473 - INFO - Successfully collected data for: Flamer
2026-02-07 14:05:27,598 - INFO - Successfully collected data for: Jack
2026-02-07 14:05:36,166 - INFO - No 'before' data for Jack of Hearts (and other parts) - treating as zero interest
2026-02-07 14:05:40,601 - INFO - No 'after' data for Jack of Hearts (and other parts) - treating as zero interest
2026-02-07 14:05:40,602 - INFO - Successfully collected data for: Jack of Hearts (and other parts)
2026-02-07 14:05:53,793 - INFO - Successfully collected data for: The Handmaid's Tale
2026-02-07 14:06:02,309 - INFO - No 'before' data for Firestarter (Timekeeper Series) - treating as zero interest
2026-02-07 14:06:06,889 - INFO - No 'after' data for Firestarter (Timekeeper Series) - treating as zero interest
2026-02-07 14:06:06,889 - INFO - Successfully collected data for: Firestarter (Timekeeper Series)
2026-02-07 14:06:20,107 - INFO - Successfully collected data for: Melissa (George)
2026-02-07 14:06:33,048 - INFO - No 'after' data for Afterworlds (Afterworlds Series) - treating as zero interest
2026-02-07 14:06:33,050 - INFO - Successfully collected data for: Afterworlds (Afterworlds Series)
2026-02-07 14:06:46,123 - INFO - Successfully collected data for: All Boys Aren't Blue
2026-02-07 14:06:59,121 - INFO - Successfully collected data for: What They Always Tell Us
2026-02-07 14:07:12,106 - INFO - Successfully collected data for: Melissa (George)
2026-02-07 14:07:20,614 - INFO - No 'before' data for Stella Brings the Family - treating as zero interest
2026-02-07 14:07:25,235 - INFO - Successfully collected data for: Stella Brings the Family
2026-02-07 14:07:38,332 - INFO - No 'after' data for The Double Life of Pocahontas - treating as zero interest
2026-02-07 14:07:38,334 - INFO - Successfully collected data for: The Double Life of Pocahontas
2026-02-07 14:07:46,932 - INFO - No 'before' data for Sally and The Magical Sneeze - treating as zero interest
2026-02-07 14:07:51,540 - INFO - No 'after' data for Sally and The Magical Sneeze - treating as zero interest
2026-02-07 14:07:51,540 - INFO - Successfully collected data for: Sally and The Magical Sneeze
2026-02-07 14:08:00,244 - INFO - No 'before' data for The Flag of Childhood: Poems From the Middle East - treating as zero interest
2026-02-07 14:08:05,055 - INFO - No 'after' data for The Flag of Childhood: Poems From the Middle East - treating as zero interest
2026-02-07 14:08:05,056 - INFO - Successfully collected data for: The Flag of Childhood: Poems From the Middle East
2026-02-07 14:08:13,556 - INFO - No 'before' data for On Mother's Lap - treating as zero interest
2026-02-07 14:08:18,062 - INFO - No 'after' data for On Mother's Lap - treating as zero interest
2026-02-07 14:08:18,063 - INFO - Successfully collected data for: On Mother's Lap
2026-02-07 14:08:26,560 - INFO - No 'before' data for Celebrating Different Beliefs - treating as zero interest
2026-02-07 14:08:31,168 - INFO - No 'after' data for Celebrating Different Beliefs - treating as zero interest
2026-02-07 14:08:31,168 - INFO - Successfully collected data for: Celebrating Different Beliefs
2026-02-07 14:08:44,388 - INFO - Successfully collected data for: Coolies
2026-02-07 14:08:57,534 - INFO - Successfully collected data for: Everywhere Babies
2026-02-07 14:09:06,998 - INFO - No 'before' data for Dad, Jackie, and Me - treating as zero interest
2026-02-07 14:09:11,614 - INFO - No 'after' data for Dad, Jackie, and Me - treating as zero interest
2026-02-07 14:09:11,616 - INFO - Successfully collected data for: Dad, Jackie, and Me
2026-02-07 14:09:24,722 - INFO - No 'after' data for Maus II: A Survivor's Tale: And Here My Troubles Began - treating as zero interest
2026-02-07 14:09:24,724 - INFO - Successfully collected data for: Maus II: A Survivor's Tale: And Here My Troubles Began
2026-02-07 14:09:33,054 - INFO - No 'before' data for The Rough-Face Girl - treating as zero interest
2026-02-07 14:09:37,739 - INFO - Successfully collected data for: The Rough-Face Girl
2026-02-07 14:09:46,431 - INFO - No 'before' data for Early Sunday Morning - treating as zero interest
2026-02-07 14:09:51,041 - INFO - No 'after' data for Early Sunday Morning - treating as zero interest
2026-02-07 14:09:51,042 - INFO - Successfully collected data for: Early Sunday Morning
2026-02-07 14:09:59,484 - INFO - No 'before' data for Running the Road to ABC - treating as zero interest
2026-02-07 14:10:04,148 - INFO - No 'after' data for Running the Road to ABC - treating as zero interest
2026-02-07 14:10:04,148 - INFO - Successfully collected data for: Running the Road to ABC
2026-02-07 14:10:17,267 - INFO - Successfully collected data for: The Bluest Eye
2026-02-07 14:10:25,856 - INFO - No 'before' data for Jack of Hearts (and other parts) - treating as zero interest
2026-02-07 14:10:30,367 - INFO - No 'after' data for Jack of Hearts (and other parts) - treating as zero interest
2026-02-07 14:10:30,367 - INFO - Successfully collected data for: Jack of Hearts (and other parts)
2026-02-07 14:10:43,479 - INFO - Successfully collected data for: Death Wind
2026-02-07 14:10:56,688 - INFO - Successfully collected data for: A Case of Sense
2026-02-07 14:11:10,305 - INFO - Successfully collected data for: Target
2026-02-07 14:11:23,320 - INFO - Successfully collected data for: Lawn Boy
2026-02-07 14:11:31,904 - INFO - No 'before' data for Amina's Voice (Amina's Voice Series) - treating as zero interest
2026-02-07 14:11:36,511 - INFO - No 'after' data for Amina's Voice (Amina's Voice Series) - treating as zero interest
2026-02-07 14:11:36,511 - INFO - Successfully collected data for: Amina's Voice (Amina's Voice Series)
2026-02-07 14:11:49,617 - INFO - No 'after' data for My Name Is Sally Little Song - treating as zero interest
2026-02-07 14:11:49,617 - INFO - Successfully collected data for: My Name Is Sally Little Song
2026-02-07 14:12:02,673 - INFO - No 'after' data for Let's Talk About Love - treating as zero interest
2026-02-07 14:12:02,674 - INFO - Successfully collected data for: Let's Talk About Love
2026-02-07 14:12:15,665 - INFO - Successfully collected data for: Me and Earl and the Dying Girl
2026-02-07 14:12:28,837 - INFO - No 'after' data for My Mother's Sari - treating as zero interest
2026-02-07 14:12:28,838 - INFO - Successfully collected data for: My Mother's Sari
2026-02-07 14:12:37,369 - INFO - No 'before' data for Nya's Long Walk: A Step at a Time - treating as zero interest
2026-02-07 14:12:41,944 - INFO - No 'after' data for Nya's Long Walk: A Step at a Time - treating as zero interest
2026-02-07 14:12:41,944 - INFO - Successfully collected data for: Nya's Long Walk: A Step at a Time
2026-02-07 14:12:54,888 - INFO - No 'after' data for Fry Bread: A Native American Family Story - treating as zero interest
2026-02-07 14:12:54,889 - INFO - Successfully collected data for: Fry Bread: A Native American Family Story
2026-02-07 14:13:08,028 - INFO - No 'after' data for The Gift of Ramadan - treating as zero interest
2026-02-07 14:13:08,028 - INFO - Successfully collected data for: The Gift of Ramadan
2026-02-07 14:13:21,878 - INFO - No 'after' data for Gracefully Grayson - treating as zero interest
2026-02-07 14:13:21,880 - INFO - Successfully collected data for: Gracefully Grayson
2026-02-07 14:13:30,890 - INFO - No 'before' data for Etched in Clay: The Life of Dave, Enslaved Potter and Poet - treating as zero interest
2026-02-07 14:13:35,823 - INFO - No 'after' data for Etched in Clay: The Life of Dave, Enslaved Potter and Poet - treating as zero interest
2026-02-07 14:13:35,823 - INFO - Successfully collected data for: Etched in Clay: The Life of Dave, Enslaved Potter and Poet
2026-02-07 14:13:44,611 - INFO - No 'before' data for My Mixed-Up Berry Blue Summer - treating as zero interest
2026-02-07 14:13:49,218 - INFO - No 'after' data for My Mixed-Up Berry Blue Summer - treating as zero interest
2026-02-07 14:13:49,219 - INFO - Successfully collected data for: My Mixed-Up Berry Blue Summer
2026-02-07 14:13:57,779 - INFO - No 'before' data for Maus 1: A Survivor's Tale: My Father Bleeds History - treating as zero interest
2026-02-07 14:14:02,338 - INFO - Successfully collected data for: Maus 1: A Survivor's Tale: My Father Bleeds History
2026-02-07 14:14:15,445 - INFO - Successfully collected data for: Esperanza Rising
2026-02-07 14:14:23,683 - WARNING - Rate limit for Soldier for Equality: José de la Luz Sáenz and the Great War. Waiting before retry 2/3
2026-02-07 14:14:43,906 - WARNING - Rate limit for Soldier for Equality: José de la Luz Sáenz and the Great War. Waiting before retry 3/3
2026-02-07 14:15:04,142 - ERROR - Rate limit persists for Soldier for Equality: José de la Luz Sáenz and the Great War
2026-02-07 14:15:12,320 - WARNING - Rate limit for 10,000 Dresses. Waiting before retry 2/3
2026-02-07 14:15:32,566 - WARNING - Rate limit for 10,000 Dresses. Waiting before retry 3/3
2026-02-07 14:15:52,789 - ERROR - Rate limit persists for 10,000 Dresses
2026-02-07 14:16:01,015 - WARNING - Rate limit for Dim Sum for Everyone!. Waiting before retry 2/3
2026-02-07 14:16:21,225 - WARNING - Rate limit for Dim Sum for Everyone!. Waiting before retry 3/3
2026-02-07 14:16:41,476 - ERROR - Rate limit persists for Dim Sum for Everyone!
2026-02-07 14:16:49,707 - WARNING - Rate limit for The Baby Tree. Waiting before retry 2/3
2026-02-07 14:17:09,926 - WARNING - Rate limit for The Baby Tree. Waiting before retry 3/3
2026-02-07 14:17:30,115 - ERROR - Rate limit persists for The Baby Tree
2026-02-07 14:17:38,254 - WARNING - Rate limit for Niño Wrestles the World (Niño Series). Waiting before retry 2/3
2026-02-07 14:17:58,480 - WARNING - Rate limit for Niño Wrestles the World (Niño Series). Waiting before retry 3/3
2026-02-07 14:18:18,745 - ERROR - Rate limit persists for Niño Wrestles the World (Niño Series)
2026-02-07 14:18:26,984 - WARNING - Rate limit for Drama: A Graphic Novel. Waiting before retry 2/3
2026-02-07 14:18:47,212 - WARNING - Rate limit for Drama: A Graphic Novel. Waiting before retry 3/3
2026-02-07 14:19:07,438 - ERROR - Rate limit persists for Drama: A Graphic Novel
2026-02-07 14:19:15,653 - WARNING - Rate limit for Making a Play (The Field Party Series). Waiting before retry 2/3
2026-02-07 14:19:35,870 - WARNING - Rate limit for Making a Play (The Field Party Series). Waiting before retry 3/3
2026-02-07 14:19:56,096 - ERROR - Rate limit persists for Making a Play (The Field Party Series)
2026-02-07 14:20:04,227 - WARNING - Rate limit for Shout. Waiting before retry 2/3
2026-02-07 14:20:24,449 - WARNING - Rate limit for Shout. Waiting before retry 3/3
2026-02-07 14:20:44,688 - ERROR - Rate limit persists for Shout
2026-02-07 14:20:52,816 - WARNING - Rate limit for One Green Apple. Waiting before retry 2/3
2026-02-07 14:21:13,042 - WARNING - Rate limit for One Green Apple. Waiting before retry 3/3
2026-02-07 14:21:33,283 - ERROR - Rate limit persists for One Green Apple
2026-02-07 14:21:41,517 - WARNING - Rate limit for Two Roads. Waiting before retry 2/3
2026-02-07 14:22:01,735 - WARNING - Rate limit for Two Roads. Waiting before retry 3/3
2026-02-07 14:22:21,974 - ERROR - Rate limit persists for Two Roads
2026-02-07 14:22:30,214 - WARNING - Rate limit for Panic. Waiting before retry 2/3
2026-02-07 14:22:50,483 - WARNING - Rate limit for Panic. Waiting before retry 3/3
2026-02-07 14:23:10,698 - ERROR - Rate limit persists for Panic
2026-02-07 14:23:18,936 - WARNING - Rate limit for The Upside of Unrequited (Simonverse Series). Waiting before retry 2/3
2026-02-07 14:23:39,149 - WARNING - Rate limit for The Upside of Unrequited (Simonverse Series). Waiting before retry 3/3
2026-02-07 14:23:59,420 - ERROR - Rate limit persists for The Upside of Unrequited (Simonverse Series)
2026-02-07 14:24:07,660 - WARNING - Rate limit for A Handful of Stars. Waiting before retry 2/3
2026-02-07 14:24:27,886 - WARNING - Rate limit for A Handful of Stars. Waiting before retry 3/3
2026-02-07 14:24:48,102 - ERROR - Rate limit persists for A Handful of Stars
2026-02-07 14:24:56,347 - WARNING - Rate limit for Far from You. Waiting before retry 2/3
2026-02-07 14:25:16,584 - WARNING - Rate limit for Far from You. Waiting before retry 3/3
2026-02-07 14:25:36,823 - ERROR - Rate limit persists for Far from You
2026-02-07 14:25:45,071 - WARNING - Rate limit for When Spring Comes to the DMZ. Waiting before retry 2/3
2026-02-07 14:26:05,202 - WARNING - Rate limit for When Spring Comes to the DMZ. Waiting before retry 3/3
2026-02-07 14:26:25,336 - ERROR - Rate limit persists for When Spring Comes to the DMZ
2026-02-07 14:26:33,480 - WARNING - Rate limit for My Most Excellent Year: A Novel of Love, Mary Poppins, and Fenway Park. Waiting before retry 2/3
2026-02-07 14:26:53,720 - WARNING - Rate limit for My Most Excellent Year: A Novel of Love, Mary Poppins, and Fenway Park. Waiting before retry 3/3
2026-02-07 14:27:13,944 - ERROR - Rate limit persists for My Most Excellent Year: A Novel of Love, Mary Poppins, and Fenway Park
2026-02-07 14:27:22,176 - WARNING - Rate limit for Gender Queer: A Memoir. Waiting before retry 2/3
2026-02-07 14:27:42,398 - WARNING - Rate limit for Gender Queer: A Memoir. Waiting before retry 3/3
2026-02-07 14:28:02,627 - ERROR - Rate limit persists for Gender Queer: A Memoir
2026-02-07 14:28:10,867 - WARNING - Rate limit for Gravity. Waiting before retry 2/3
2026-02-07 14:28:31,096 - WARNING - Rate limit for Gravity. Waiting before retry 3/3
2026-02-07 14:28:51,313 - ERROR - Rate limit persists for Gravity
2026-02-07 14:28:59,419 - WARNING - Rate limit for Children of Blood and Bone (Legacy of Orïsha Series). Waiting before retry 2/3
2026-02-07 14:29:19,680 - WARNING - Rate limit for Children of Blood and Bone (Legacy of Orïsha Series). Waiting before retry 3/3
2026-02-07 14:29:39,904 - ERROR - Rate limit persists for Children of Blood and Bone (Legacy of Orïsha Series)
2026-02-07 14:29:48,134 - WARNING - Rate limit for The Night Diary. Waiting before retry 2/3
2026-02-07 14:30:08,356 - WARNING - Rate limit for The Night Diary. Waiting before retry 3/3
2026-02-07 14:30:28,514 - ERROR - Rate limit persists for The Night Diary
2026-02-07 14:30:36,756 - WARNING - Rate limit for Jasmine Toguchi, Flamingo Keeper (Jasmine Toguchi Series). Waiting before retry 2/3
2026-02-07 14:30:56,897 - WARNING - Rate limit for Jasmine Toguchi, Flamingo Keeper (Jasmine Toguchi Series). Waiting before retry 3/3
2026-02-07 14:31:17,143 - ERROR - Rate limit persists for Jasmine Toguchi, Flamingo Keeper (Jasmine Toguchi Series)
2026-02-07 14:31:25,378 - WARNING - Rate limit for Dreamers. Waiting before retry 2/3
2026-02-07 14:31:45,496 - WARNING - Rate limit for Dreamers. Waiting before retry 3/3
2026-02-07 14:32:05,720 - ERROR - Rate limit persists for Dreamers
2026-02-07 14:32:13,846 - WARNING - Rate limit for M or F?. Waiting before retry 2/3
2026-02-07 14:32:34,073 - WARNING - Rate limit for M or F?. Waiting before retry 3/3
2026-02-07 14:32:54,307 - ERROR - Rate limit persists for M or F?
2026-02-07 14:33:02,544 - WARNING - Rate limit for Maus 1: A Survivor's Tale: My Father Bleeds History. Waiting before retry 2/3
2026-02-07 14:33:22,660 - WARNING - Rate limit for Maus 1: A Survivor's Tale: My Father Bleeds History. Waiting before retry 3/3
2026-02-07 14:33:42,901 - ERROR - Rate limit persists for Maus 1: A Survivor's Tale: My Father Bleeds History
2026-02-07 14:33:51,042 - WARNING - Rate limit for Stamped: Racism, Antiracism, and You. Waiting before retry 2/3
2026-02-07 14:34:11,289 - WARNING - Rate limit for Stamped: Racism, Antiracism, and You. Waiting before retry 3/3
2026-02-07 14:34:31,422 - ERROR - Rate limit persists for Stamped: Racism, Antiracism, and You
2026-02-07 14:34:39,657 - WARNING - Rate limit for Sulwe. Waiting before retry 2/3
2026-02-07 14:34:59,891 - WARNING - Rate limit for Sulwe. Waiting before retry 3/3
2026-02-07 14:35:20,159 - ERROR - Rate limit persists for Sulwe
2026-02-07 14:35:28,392 - WARNING - Rate limit for Make Way for Dyamonde Daniel (Dyamonde Daniel Series). Waiting before retry 2/3
2026-02-07 14:35:48,566 - WARNING - Rate limit for Make Way for Dyamonde Daniel (Dyamonde Daniel Series). Waiting before retry 3/3
2026-02-07 14:36:08,809 - ERROR - Rate limit persists for Make Way for Dyamonde Daniel (Dyamonde Daniel Series)
2026-02-07 14:36:17,056 - WARNING - Rate limit for The Life of Rosa Parks (Famous Lives Series). Waiting before retry 2/3
2026-02-07 14:36:37,287 - WARNING - Rate limit for The Life of Rosa Parks (Famous Lives Series). Waiting before retry 3/3
2026-02-07 14:36:57,547 - ERROR - Rate limit persists for The Life of Rosa Parks (Famous Lives Series)
2026-02-07 14:37:05,790 - WARNING - Rate limit for Dumpling Soup. Waiting before retry 2/3
2026-02-07 14:37:26,017 - WARNING - Rate limit for Dumpling Soup. Waiting before retry 3/3
2026-02-07 14:37:46,284 - ERROR - Rate limit persists for Dumpling Soup
2026-02-07 14:37:54,534 - WARNING - Rate limit for Dreadnought (H.I.V.E. Series). Waiting before retry 2/3
2026-02-07 14:38:14,765 - WARNING - Rate limit for Dreadnought (H.I.V.E. Series). Waiting before retry 3/3
2026-02-07 14:38:34,906 - ERROR - Rate limit persists for Dreadnought (H.I.V.E. Series)
2026-02-07 14:38:43,151 - WARNING - Rate limit for Playing a Part. Waiting before retry 2/3
2026-02-07 14:39:03,381 - WARNING - Rate limit for Playing a Part. Waiting before retry 3/3
2026-02-07 14:39:23,608 - ERROR - Rate limit persists for Playing a Part
2026-02-07 14:39:31,839 - WARNING - Rate limit for In Our Mothers' House. Waiting before retry 2/3
2026-02-07 14:39:52,079 - WARNING - Rate limit for In Our Mothers' House. Waiting before retry 3/3
2026-02-07 14:40:12,321 - ERROR - Rate limit persists for In Our Mothers' House
2026-02-07 14:40:20,569 - WARNING - Rate limit for And Still the Turtle Watched. Waiting before retry 2/3
2026-02-07 14:40:40,800 - WARNING - Rate limit for And Still the Turtle Watched. Waiting before retry 3/3
2026-02-07 14:41:01,017 - ERROR - Rate limit persists for And Still the Turtle Watched
2026-02-07 14:41:09,261 - WARNING - Rate limit for The Hate U Give. Waiting before retry 2/3
2026-02-07 14:41:29,485 - WARNING - Rate limit for The Hate U Give. Waiting before retry 3/3
2026-02-07 14:41:49,720 - ERROR - Rate limit persists for The Hate U Give
2026-02-07 14:41:57,953 - WARNING - Rate limit for The Bluest Eye. Waiting before retry 2/3
2026-02-07 14:42:18,184 - WARNING - Rate limit for The Bluest Eye. Waiting before retry 3/3
2026-02-07 14:42:38,419 - ERROR - Rate limit persists for The Bluest Eye
2026-02-07 14:42:46,651 - WARNING - Rate limit for This Place Is Not My Home. Waiting before retry 2/3
2026-02-07 14:43:06,888 - WARNING - Rate limit for This Place Is Not My Home. Waiting before retry 3/3
2026-02-07 14:43:27,136 - ERROR - Rate limit persists for This Place Is Not My Home
2026-02-07 14:43:35,383 - WARNING - Rate limit for Lost Boys. Waiting before retry 2/3
2026-02-07 14:43:55,615 - WARNING - Rate limit for Lost Boys. Waiting before retry 3/3
2026-02-07 14:44:15,852 - ERROR - Rate limit persists for Lost Boys
2026-02-07 14:44:24,100 - WARNING - Rate limit for Sloppy Firsts (Jessica Darling Series). Waiting before retry 2/3
2026-02-07 14:44:44,329 - WARNING - Rate limit for Sloppy Firsts (Jessica Darling Series). Waiting before retry 3/3
2026-02-07 14:45:04,453 - ERROR - Rate limit persists for Sloppy Firsts (Jessica Darling Series)
2026-02-07 14:45:12,704 - WARNING - Rate limit for The Gold-Threaded Dress. Waiting before retry 2/3
2026-02-07 14:45:32,840 - WARNING - Rate limit for The Gold-Threaded Dress. Waiting before retry 3/3
2026-02-07 14:45:53,065 - ERROR - Rate limit persists for The Gold-Threaded Dress
2026-02-07 14:46:01,314 - WARNING - Rate limit for This One Summer. Waiting before retry 2/3
2026-02-07 14:46:21,559 - WARNING - Rate limit for This One Summer. Waiting before retry 3/3
2026-02-07 14:46:47,734 - INFO - Successfully collected data for: This One Summer
2026-02-07 14:46:56,748 - INFO - No 'before' data for The Hero Two Doors Down: Based on the True Story of Friendship between a Boy and a Baseball Legend - treating as zero interest
2026-02-07 14:47:01,855 - INFO - No 'after' data for The Hero Two Doors Down: Based on the True Story of Friendship between a Boy and a Baseball Legend - treating as zero interest
2026-02-07 14:47:01,856 - INFO - Successfully collected data for: The Hero Two Doors Down: Based on the True Story of Friendship between a Boy and a Baseball Legend
2026-02-07 14:47:15,657 - INFO - No 'after' data for Staying Fat for Sarah Byrnes - treating as zero interest
2026-02-07 14:47:15,658 - INFO - Successfully collected data for: Staying Fat for Sarah Byrnes
2026-02-07 14:47:24,589 - INFO - No 'before' data for A Dog Named Haku: A Holiday Story from Nepal - treating as zero interest
2026-02-07 14:47:29,504 - INFO - No 'after' data for A Dog Named Haku: A Holiday Story from Nepal - treating as zero interest
2026-02-07 14:47:29,504 - INFO - Successfully collected data for: A Dog Named Haku: A Holiday Story from Nepal
2026-02-07 14:47:43,430 - INFO - No 'after' data for Were I Not a Girl: The Inspiring and True Story of Dr. James Barry - treating as zero interest
2026-02-07 14:47:43,432 - INFO - Successfully collected data for: Were I Not a Girl: The Inspiring and True Story of Dr. James Barry
2026-02-07 14:47:51,594 - WARNING - Rate limit for Between Us and Abuela: A Family Story from the Border. Waiting before retry 2/3
2026-02-07 14:48:11,995 - WARNING - Rate limit for Between Us and Abuela: A Family Story from the Border. Waiting before retry 3/3
2026-02-07 14:48:32,423 - ERROR - Rate limit persists for Between Us and Abuela: A Family Story from the Border
2026-02-07 14:48:40,872 - WARNING - Rate limit for Game Changer. Waiting before retry 2/3
2026-02-07 14:49:01,249 - WARNING - Rate limit for Game Changer. Waiting before retry 3/3
2026-02-07 14:49:21,628 - ERROR - Rate limit persists for Game Changer
2026-02-07 14:49:30,025 - WARNING - Rate limit for Salvage the Bones (Bois Sauvage Series). Waiting before retry 2/3
2026-02-07 14:49:50,505 - WARNING - Rate limit for Salvage the Bones (Bois Sauvage Series). Waiting before retry 3/3
2026-02-07 14:50:10,884 - ERROR - Rate limit persists for Salvage the Bones (Bois Sauvage Series)
2026-02-07 14:50:19,259 - WARNING - Rate limit for Thirteen Reasons Why. Waiting before retry 2/3
2026-02-07 14:50:39,658 - WARNING - Rate limit for Thirteen Reasons Why. Waiting before retry 3/3
2026-02-07 14:50:59,816 - ERROR - Rate limit persists for Thirteen Reasons Why
2026-02-07 14:51:08,227 - WARNING - Rate limit for Night. Waiting before retry 2/3
2026-02-07 14:51:28,378 - WARNING - Rate limit for Night. Waiting before retry 3/3
2026-02-07 14:51:48,778 - ERROR - Rate limit persists for Night
2026-02-07 14:51:57,174 - WARNING - Rate limit for The First Strawberries. Waiting before retry 2/3
2026-02-07 14:52:17,552 - WARNING - Rate limit for The First Strawberries. Waiting before retry 3/3
2026-02-07 14:52:38,007 - ERROR - Rate limit persists for The First Strawberries
2026-02-07 14:52:46,178 - WARNING - Rate limit for The Best Man. Waiting before retry 2/3
2026-02-07 14:53:06,556 - WARNING - Rate limit for The Best Man. Waiting before retry 3/3
2026-02-07 14:53:26,937 - ERROR - Rate limit persists for The Best Man
2026-02-07 14:53:35,379 - WARNING - Rate limit for Beyond Magenta: Transgender Teens Speak Out. Waiting before retry 2/3
2026-02-07 14:53:55,528 - WARNING - Rate limit for Beyond Magenta: Transgender Teens Speak Out. Waiting before retry 3/3
2026-02-07 14:54:15,684 - ERROR - Rate limit persists for Beyond Magenta: Transgender Teens Speak Out
2026-02-07 14:54:24,121 - WARNING - Rate limit for Gabi, a Girl in Pieces. Waiting before retry 2/3
2026-02-07 14:54:44,600 - WARNING - Rate limit for Gabi, a Girl in Pieces. Waiting before retry 3/3
2026-02-07 14:55:04,763 - ERROR - Rate limit persists for Gabi, a Girl in Pieces
2026-02-07 14:55:13,170 - WARNING - Rate limit for Thunder Boy Jr.. Waiting before retry 2/3
2026-02-07 14:55:33,650 - WARNING - Rate limit for Thunder Boy Jr.. Waiting before retry 3/3
2026-02-07 14:55:53,784 - ERROR - Rate limit persists for Thunder Boy Jr.
2026-02-07 14:56:02,220 - WARNING - Rate limit for The Name Jar. Waiting before retry 2/3
2026-02-07 14:56:22,699 - WARNING - Rate limit for The Name Jar. Waiting before retry 3/3
2026-02-07 14:56:43,081 - ERROR - Rate limit persists for The Name Jar
2026-02-07 14:56:51,475 - WARNING - Rate limit for Going Down Home with Daddy. Waiting before retry 2/3
2026-02-07 14:57:11,853 - WARNING - Rate limit for Going Down Home with Daddy. Waiting before retry 3/3
2026-02-07 14:57:31,992 - ERROR - Rate limit persists for Going Down Home with Daddy
2026-02-07 14:57:40,422 - WARNING - Rate limit for Lawn Boy. Waiting before retry 2/3
2026-02-07 14:58:00,802 - WARNING - Rate limit for Lawn Boy. Waiting before retry 3/3
2026-02-07 14:58:21,281 - ERROR - Rate limit persists for Lawn Boy
2026-02-07 14:58:29,677 - WARNING - Rate limit for Gender Queer: A Memoir. Waiting before retry 2/3
2026-02-07 14:58:49,841 - WARNING - Rate limit for Gender Queer: A Memoir. Waiting before retry 3/3
2026-02-07 14:59:09,993 - ERROR - Rate limit persists for Gender Queer: A Memoir
2026-02-07 14:59:18,419 - WARNING - Rate limit for Climbing Lincoln's Steps: The African American Journey. Waiting before retry 2/3
2026-02-07 14:59:38,575 - WARNING - Rate limit for Climbing Lincoln's Steps: The African American Journey. Waiting before retry 3/3
2026-02-07 14:59:58,726 - ERROR - Rate limit persists for Climbing Lincoln's Steps: The African American Journey
2026-02-07 15:00:06,872 - WARNING - Rate limit for Geography Club (Russel Middlebrook Series). Waiting before retry 2/3
2026-02-07 15:00:27,027 - WARNING - Rate limit for Geography Club (Russel Middlebrook Series). Waiting before retry 3/3
2026-02-07 15:00:47,179 - ERROR - Rate limit persists for Geography Club (Russel Middlebrook Series)
2026-02-07 15:00:55,598 - WARNING - Rate limit for After. Waiting before retry 2/3
2026-02-07 15:01:16,078 - WARNING - Rate limit for After. Waiting before retry 3/3
2026-02-07 15:01:36,558 - ERROR - Rate limit persists for After
2026-02-07 15:01:44,954 - WARNING - Rate limit for Extremely Loud & Incredibly Close. Waiting before retry 2/3
2026-02-07 15:02:05,336 - WARNING - Rate limit for Extremely Loud & Incredibly Close. Waiting before retry 3/3
2026-02-07 15:02:25,812 - ERROR - Rate limit persists for Extremely Loud & Incredibly Close
2026-02-07 15:02:34,210 - WARNING - Rate limit for Of Fire and Stars (Of Fire and Stars Series). Waiting before retry 2/3
2026-02-07 15:02:54,692 - WARNING - Rate limit for Of Fire and Stars (Of Fire and Stars Series). Waiting before retry 3/3
2026-02-07 15:03:14,845 - ERROR - Rate limit persists for Of Fire and Stars (Of Fire and Stars Series)
2026-02-07 15:03:23,007 - WARNING - Rate limit for Guardian (Proxy Series). Waiting before retry 2/3
2026-02-07 15:03:43,431 - WARNING - Rate limit for Guardian (Proxy Series). Waiting before retry 3/3
2026-02-07 15:04:03,810 - ERROR - Rate limit persists for Guardian (Proxy Series)
2026-02-07 15:04:12,207 - WARNING - Rate limit for My Two Moms and Me. Waiting before retry 2/3
2026-02-07 15:04:32,579 - WARNING - Rate limit for My Two Moms and Me. Waiting before retry 3/3
2026-02-07 15:04:53,067 - ERROR - Rate limit persists for My Two Moms and Me
2026-02-07 15:05:01,462 - WARNING - Rate limit for Gaby, Lost and Found. Waiting before retry 2/3
2026-02-07 15:05:21,840 - WARNING - Rate limit for Gaby, Lost and Found. Waiting before retry 3/3
2026-02-07 15:05:42,217 - ERROR - Rate limit persists for Gaby, Lost and Found
2026-02-07 15:05:50,381 - WARNING - Rate limit for My Invented Life. Waiting before retry 2/3
2026-02-07 15:06:10,540 - WARNING - Rate limit for My Invented Life. Waiting before retry 3/3
2026-02-07 15:06:30,962 - ERROR - Rate limit persists for My Invented Life
2026-02-07 15:06:39,132 - WARNING - Rate limit for The Moon Within. Waiting before retry 2/3
2026-02-07 15:06:59,529 - WARNING - Rate limit for The Moon Within. Waiting before retry 3/3
2026-02-07 15:07:19,718 - ERROR - Rate limit persists for The Moon Within
2026-02-07 15:07:28,099 - WARNING - Rate limit for The Bluest Eye. Waiting before retry 2/3
2026-02-07 15:07:48,579 - WARNING - Rate limit for The Bluest Eye. Waiting before retry 3/3
2026-02-07 15:08:08,951 - ERROR - Rate limit persists for The Bluest Eye
2026-02-07 15:08:17,108 - WARNING - Rate limit for The Hate U Give. Waiting before retry 2/3
2026-02-07 15:08:37,527 - WARNING - Rate limit for The Hate U Give. Waiting before retry 3/3
2026-02-07 15:08:57,905 - ERROR - Rate limit persists for The Hate U Give
2026-02-07 15:09:06,301 - WARNING - Rate limit for Odd One Out. Waiting before retry 2/3
2026-02-07 15:09:26,479 - WARNING - Rate limit for Odd One Out. Waiting before retry 3/3
2026-02-07 15:09:46,850 - ERROR - Rate limit persists for Odd One Out
2026-02-07 15:09:55,249 - WARNING - Rate limit for Neither. Waiting before retry 2/3
2026-02-07 15:10:15,729 - WARNING - Rate limit for Neither. Waiting before retry 3/3
2026-02-07 15:10:35,876 - ERROR - Rate limit persists for Neither
2026-02-07 15:10:44,298 - WARNING - Rate limit for The Red Scrolls of Magic. Waiting before retry 2/3
2026-02-07 15:11:04,678 - WARNING - Rate limit for The Red Scrolls of Magic. Waiting before retry 3/3
2026-02-07 15:11:25,029 - ERROR - Rate limit persists for The Red Scrolls of Magic
2026-02-07 15:11:33,524 - WARNING - Rate limit for Another Kind of Cowboy. Waiting before retry 2/3
2026-02-07 15:11:53,882 - WARNING - Rate limit for Another Kind of Cowboy. Waiting before retry 3/3
2026-02-07 15:12:14,275 - ERROR - Rate limit persists for Another Kind of Cowboy
2026-02-07 15:12:22,670 - WARNING - Rate limit for Class Act. Waiting before retry 2/3
2026-02-07 15:12:43,150 - WARNING - Rate limit for Class Act. Waiting before retry 3/3
2026-02-07 15:13:03,629 - ERROR - Rate limit persists for Class Act
2026-02-07 15:13:12,025 - WARNING - Rate limit for The Sin-Eater's Confession. Waiting before retry 2/3
2026-02-07 15:13:32,403 - WARNING - Rate limit for The Sin-Eater's Confession. Waiting before retry 3/3
2026-02-07 15:13:52,556 - ERROR - Rate limit persists for The Sin-Eater's Confession
2026-02-07 15:14:00,714 - WARNING - Rate limit for Yoko (Yoko Series). Waiting before retry 2/3
2026-02-07 15:14:21,144 - WARNING - Rate limit for Yoko (Yoko Series). Waiting before retry 3/3
2026-02-07 15:14:41,523 - ERROR - Rate limit persists for Yoko (Yoko Series)
2026-02-07 15:14:49,921 - WARNING - Rate limit for Lucky Broken Girl. Waiting before retry 2/3
2026-02-07 15:15:10,068 - WARNING - Rate limit for Lucky Broken Girl. Waiting before retry 3/3
2026-02-07 15:15:30,469 - ERROR - Rate limit persists for Lucky Broken Girl
2026-02-07 15:15:38,865 - WARNING - Rate limit for Beyond Magenta: Transgender Teens Speak Out. Waiting before retry 2/3
2026-02-07 15:15:59,345 - WARNING - Rate limit for Beyond Magenta: Transgender Teens Speak Out. Waiting before retry 3/3
2026-02-07 15:16:19,593 - ERROR - Rate limit persists for Beyond Magenta: Transgender Teens Speak Out
2026-02-07 15:16:27,835 - WARNING - Rate limit for Nineteen Minutes. Waiting before retry 2/3
2026-02-07 15:16:48,051 - WARNING - Rate limit for Nineteen Minutes. Waiting before retry 3/3
2026-02-07 15:17:08,292 - ERROR - Rate limit persists for Nineteen Minutes
2026-02-07 15:17:16,538 - WARNING - Rate limit for The Moon Within. Waiting before retry 2/3
2026-02-07 15:17:37,037 - WARNING - Rate limit for The Moon Within. Waiting before retry 3/3
2026-02-07 15:17:57,413 - ERROR - Rate limit persists for The Moon Within
2026-02-07 15:18:05,651 - WARNING - Rate limit for Symptoms of Being Human. Waiting before retry 2/3
2026-02-07 15:18:25,879 - WARNING - Rate limit for Symptoms of Being Human. Waiting before retry 3/3
2026-02-07 15:18:46,105 - ERROR - Rate limit persists for Symptoms of Being Human
2026-02-07 15:18:54,344 - WARNING - Rate limit for Whistle Me Home. Waiting before retry 2/3
2026-02-07 15:19:14,563 - WARNING - Rate limit for Whistle Me Home. Waiting before retry 3/3
2026-02-07 15:19:34,696 - ERROR - Rate limit persists for Whistle Me Home
2026-02-07 15:19:42,942 - WARNING - Rate limit for Nadia's Hands. Waiting before retry 2/3
2026-02-07 15:20:03,162 - WARNING - Rate limit for Nadia's Hands. Waiting before retry 3/3
2026-02-07 15:20:23,381 - ERROR - Rate limit persists for Nadia's Hands
2026-02-07 15:20:31,616 - WARNING - Rate limit for Me and Earl and the Dying Girl. Waiting before retry 2/3
2026-02-07 15:20:51,870 - WARNING - Rate limit for Me and Earl and the Dying Girl. Waiting before retry 3/3
2026-02-07 15:21:12,094 - ERROR - Rate limit persists for Me and Earl and the Dying Girl
2026-02-07 15:21:20,331 - WARNING - Rate limit for The Bluest Eye. Waiting before retry 2/3
2026-02-07 15:21:40,568 - WARNING - Rate limit for The Bluest Eye. Waiting before retry 3/3
2026-02-07 15:22:00,692 - ERROR - Rate limit persists for The Bluest Eye
2026-02-07 15:22:08,930 - WARNING - Rate limit for Totem Tale. Waiting before retry 2/3
2026-02-07 15:22:29,272 - WARNING - Rate limit for Totem Tale. Waiting before retry 3/3
2026-02-07 15:22:49,509 - ERROR - Rate limit persists for Totem Tale
2026-02-07 15:22:57,731 - WARNING - Rate limit for When Angels Sing: The Story of Rock Legend Carlos Santana. Waiting before retry 2/3
2026-02-07 15:23:17,906 - WARNING - Rate limit for When Angels Sing: The Story of Rock Legend Carlos Santana. Waiting before retry 3/3
2026-02-07 15:23:38,131 - ERROR - Rate limit persists for When Angels Sing: The Story of Rock Legend Carlos Santana
2026-02-07 15:23:46,371 - WARNING - Rate limit for History Is All You Left Me. Waiting before retry 2/3
2026-02-07 15:24:06,610 - WARNING - Rate limit for History Is All You Left Me. Waiting before retry 3/3
2026-02-07 15:24:26,849 - ERROR - Rate limit persists for History Is All You Left Me
2026-02-07 15:24:35,069 - WARNING - Rate limit for Two Boys Kissing. Waiting before retry 2/3
2026-02-07 15:24:55,309 - WARNING - Rate limit for Two Boys Kissing. Waiting before retry 3/3
2026-02-07 15:25:15,522 - ERROR - Rate limit persists for Two Boys Kissing
2026-02-07 15:25:23,684 - WARNING - Rate limit for Under the Lights (The Field Party Series). Waiting before retry 2/3
2026-02-07 15:25:43,931 - WARNING - Rate limit for Under the Lights (The Field Party Series). Waiting before retry 3/3
2026-02-07 15:26:04,169 - ERROR - Rate limit persists for Under the Lights (The Field Party Series)
2026-02-07 15:26:12,404 - WARNING - Rate limit for Marisol McDonald Doesn't Match (Marisol McDonald Series). Waiting before retry 2/3
2026-02-07 15:26:32,525 - WARNING - Rate limit for Marisol McDonald Doesn't Match (Marisol McDonald Series). Waiting before retry 3/3
2026-02-07 15:26:52,691 - ERROR - Rate limit persists for Marisol McDonald Doesn't Match (Marisol McDonald Series)
2026-02-07 15:27:00,901 - WARNING - Rate limit for Starry River of the Sky. Waiting before retry 2/3
2026-02-07 15:27:21,019 - WARNING - Rate limit for Starry River of the Sky. Waiting before retry 3/3
2026-02-07 15:27:41,256 - ERROR - Rate limit persists for Starry River of the Sky
2026-02-07 15:27:49,498 - WARNING - Rate limit for Beloved. Waiting before retry 2/3
2026-02-07 15:28:09,724 - WARNING - Rate limit for Beloved. Waiting before retry 3/3
2026-02-07 15:28:29,960 - ERROR - Rate limit persists for Beloved
2026-02-07 15:28:38,206 - WARNING - Rate limit for This One Summer. Waiting before retry 2/3
2026-02-07 15:28:58,346 - WARNING - Rate limit for This One Summer. Waiting before retry 3/3
2026-02-07 15:29:18,469 - ERROR - Rate limit persists for This One Summer
2026-02-07 15:29:26,700 - WARNING - Rate limit for More Happy Than Not. Waiting before retry 2/3
2026-02-07 15:29:46,924 - WARNING - Rate limit for More Happy Than Not. Waiting before retry 3/3
2026-02-07 15:30:07,141 - ERROR - Rate limit persists for More Happy Than Not
2026-02-07 15:30:15,372 - WARNING - Rate limit for Being Jazz: My Life as a (Transgender) Teen. Waiting before retry 2/3
2026-02-07 15:30:35,596 - WARNING - Rate limit for Being Jazz: My Life as a (Transgender) Teen. Waiting before retry 3/3
2026-02-07 15:30:55,825 - ERROR - Rate limit persists for Being Jazz: My Life as a (Transgender) Teen
2026-02-07 15:31:03,952 - WARNING - Rate limit for Bioethics: Who Lives, Who Dies, And Who Decides?. Waiting before retry 2/3
2026-02-07 15:31:24,171 - WARNING - Rate limit for Bioethics: Who Lives, Who Dies, And Who Decides?. Waiting before retry 3/3
2026-02-07 15:31:44,392 - ERROR - Rate limit persists for Bioethics: Who Lives, Who Dies, And Who Decides?
2026-02-07 15:31:52,649 - WARNING - Rate limit for Winter Candle. Waiting before retry 2/3
2026-02-07 15:32:12,884 - WARNING - Rate limit for Winter Candle. Waiting before retry 3/3
2026-02-07 15:32:33,107 - ERROR - Rate limit persists for Winter Candle
2026-02-07 15:32:41,353 - WARNING - Rate limit for Other Words for Home. Waiting before retry 2/3
2026-02-07 15:33:01,594 - WARNING - Rate limit for Other Words for Home. Waiting before retry 3/3
2026-02-07 15:33:21,831 - ERROR - Rate limit persists for Other Words for Home
2026-02-07 15:33:30,071 - WARNING - Rate limit for Simon vs. the Homo Sapiens Agenda (Simonverse Series). Waiting before retry 2/3
2026-02-07 15:33:50,206 - WARNING - Rate limit for Simon vs. the Homo Sapiens Agenda (Simonverse Series). Waiting before retry 3/3
2026-02-07 15:34:10,437 - ERROR - Rate limit persists for Simon vs. the Homo Sapiens Agenda (Simonverse Series)
2026-02-07 15:34:18,686 - WARNING - Rate limit for Safe Sex 101: An Overview for Teens. Waiting before retry 2/3
2026-02-07 15:34:38,820 - WARNING - Rate limit for Safe Sex 101: An Overview for Teens. Waiting before retry 3/3
2026-02-07 15:34:59,055 - ERROR - Rate limit persists for Safe Sex 101: An Overview for Teens
2026-02-07 15:35:07,183 - WARNING - Rate limit for Gingerbread (Cyd Charisse Series). Waiting before retry 2/3
2026-02-07 15:35:27,451 - WARNING - Rate limit for Gingerbread (Cyd Charisse Series). Waiting before retry 3/3
2026-02-07 15:35:47,668 - ERROR - Rate limit persists for Gingerbread (Cyd Charisse Series)
2026-02-07 15:35:55,902 - WARNING - Rate limit for Julián Is a Mermaid (Julián Series). Waiting before retry 2/3
2026-02-07 15:36:16,176 - WARNING - Rate limit for Julián Is a Mermaid (Julián Series). Waiting before retry 3/3
2026-02-07 15:36:36,404 - ERROR - Rate limit persists for Julián Is a Mermaid (Julián Series)
2026-02-07 15:36:44,533 - WARNING - Rate limit for Like Water. Waiting before retry 2/3
2026-02-07 15:37:04,691 - WARNING - Rate limit for Like Water. Waiting before retry 3/3
2026-02-07 15:37:24,822 - ERROR - Rate limit persists for Like Water
2026-02-07 15:37:32,948 - WARNING - Rate limit for Daddy, Papa, and Me. Waiting before retry 2/3
2026-02-07 15:37:53,167 - WARNING - Rate limit for Daddy, Papa, and Me. Waiting before retry 3/3
2026-02-07 15:38:13,428 - ERROR - Rate limit persists for Daddy, Papa, and Me
2026-02-07 15:38:21,666 - WARNING - Rate limit for Extremely Loud & Incredibly Close. Waiting before retry 2/3
2026-02-07 15:38:41,886 - WARNING - Rate limit for Extremely Loud & Incredibly Close. Waiting before retry 3/3
2026-02-07 15:39:02,111 - ERROR - Rate limit persists for Extremely Loud & Incredibly Close
2026-02-07 15:39:10,327 - WARNING - Rate limit for The Bracelet. Waiting before retry 2/3
2026-02-07 15:39:30,548 - WARNING - Rate limit for The Bracelet. Waiting before retry 3/3
2026-02-07 15:39:50,779 - ERROR - Rate limit persists for The Bracelet
2026-02-07 15:39:58,925 - WARNING - Rate limit for Masked. Waiting before retry 2/3
2026-02-07 15:40:19,136 - WARNING - Rate limit for Masked. Waiting before retry 3/3
2026-02-07 15:40:39,361 - ERROR - Rate limit persists for Masked
2026-02-07 15:40:47,498 - WARNING - Rate limit for Out of Darkness. Waiting before retry 2/3
2026-02-07 15:41:07,724 - WARNING - Rate limit for Out of Darkness. Waiting before retry 3/3
2026-02-07 15:41:27,961 - ERROR - Rate limit persists for Out of Darkness
2026-02-07 15:41:36,107 - WARNING - Rate limit for Girl Mans Up. Waiting before retry 2/3
2026-02-07 15:41:56,395 - WARNING - Rate limit for Girl Mans Up. Waiting before retry 3/3
2026-02-07 15:42:16,509 - ERROR - Rate limit persists for Girl Mans Up
2026-02-07 15:42:24,747 - WARNING - Rate limit for Pink!. Waiting before retry 2/3
2026-02-07 15:42:44,983 - WARNING - Rate limit for Pink!. Waiting before retry 3/3
2026-02-07 15:43:05,212 - ERROR - Rate limit persists for Pink!
2026-02-07 15:43:13,458 - WARNING - Rate limit for Proxy (Proxy Series). Waiting before retry 2/3
2026-02-07 15:43:33,671 - WARNING - Rate limit for Proxy (Proxy Series). Waiting before retry 3/3
2026-02-07 15:43:53,892 - ERROR - Rate limit persists for Proxy (Proxy Series)
2026-02-07 15:44:02,117 - WARNING - Rate limit for Anne Frank's Diary: The Graphic Adaptation. Waiting before retry 2/3
2026-02-07 15:44:22,359 - WARNING - Rate limit for Anne Frank's Diary: The Graphic Adaptation. Waiting before retry 3/3
2026-02-07 15:44:42,607 - ERROR - Rate limit persists for Anne Frank's Diary: The Graphic Adaptation
2026-02-07 15:44:50,849 - WARNING - Rate limit for Thirteen Moons on Turtle's Back: A Native American Year of Moons. Waiting before retry 2/3
2026-02-07 15:45:11,079 - WARNING - Rate limit for Thirteen Moons on Turtle's Back: A Native American Year of Moons. Waiting before retry 3/3
2026-02-07 15:45:31,213 - ERROR - Rate limit persists for Thirteen Moons on Turtle's Back: A Native American Year of Moons
2026-02-07 15:45:39,444 - WARNING - Rate limit for A Little Piece of Ground. Waiting before retry 2/3
2026-02-07 15:45:59,568 - WARNING - Rate limit for A Little Piece of Ground. Waiting before retry 3/3
2026-02-07 15:46:19,804 - ERROR - Rate limit persists for A Little Piece of Ground
2026-02-07 15:46:28,044 - WARNING - Rate limit for Unpregnant. Waiting before retry 2/3
2026-02-07 15:46:48,243 - WARNING - Rate limit for Unpregnant. Waiting before retry 3/3
2026-02-07 15:47:08,471 - ERROR - Rate limit persists for Unpregnant
2026-02-07 15:47:16,720 - WARNING - Rate limit for Flying the Dragon. Waiting before retry 2/3
2026-02-07 15:47:36,954 - WARNING - Rate limit for Flying the Dragon. Waiting before retry 3/3
2026-02-07 15:47:57,131 - ERROR - Rate limit persists for Flying the Dragon
2026-02-07 15:48:05,303 - WARNING - Rate limit for Meg, Jo, Beth, and Amy: A Modern Graphic Retelling of Little Women. Waiting before retry 2/3
2026-02-07 15:48:25,455 - WARNING - Rate limit for Meg, Jo, Beth, and Amy: A Modern Graphic Retelling of Little Women. Waiting before retry 3/3
2026-02-07 15:48:45,718 - ERROR - Rate limit persists for Meg, Jo, Beth, and Amy: A Modern Graphic Retelling of Little Women
2026-02-07 15:48:53,970 - WARNING - Rate limit for Stonewall: A Building. An Uprising. A Revolution.. Waiting before retry 2/3
2026-02-07 15:49:14,106 - WARNING - Rate limit for Stonewall: A Building. An Uprising. A Revolution.. Waiting before retry 3/3
2026-02-07 15:49:34,270 - ERROR - Rate limit persists for Stonewall: A Building. An Uprising. A Revolution.
2026-02-07 15:49:42,392 - WARNING - Rate limit for Ashes to Asheville. Waiting before retry 2/3
2026-02-07 15:50:02,612 - WARNING - Rate limit for Ashes to Asheville. Waiting before retry 3/3
2026-02-07 15:50:22,840 - ERROR - Rate limit persists for Ashes to Asheville
2026-02-07 15:50:30,970 - WARNING - Rate limit for A Dream Come True: Coming to America from Vietnam-1975. Waiting before retry 2/3
2026-02-07 15:50:51,191 - WARNING - Rate limit for A Dream Come True: Coming to America from Vietnam-1975. Waiting before retry 3/3
2026-02-07 15:51:11,688 - ERROR - Rate limit persists for A Dream Come True: Coming to America from Vietnam-1975
2026-02-07 15:51:20,093 - WARNING - Rate limit for This One Summer. Waiting before retry 2/3
2026-02-07 15:51:40,337 - WARNING - Rate limit for This One Summer. Waiting before retry 3/3
2026-02-07 15:52:00,498 - ERROR - Rate limit persists for This One Summer
2026-02-07 15:52:08,634 - WARNING - Rate limit for When the Moon Was Ours. Waiting before retry 2/3
2026-02-07 15:52:28,863 - WARNING - Rate limit for When the Moon Was Ours. Waiting before retry 3/3
2026-02-07 15:52:49,081 - ERROR - Rate limit persists for When the Moon Was Ours
2026-02-07 15:52:57,311 - WARNING - Rate limit for Lubna and Pebble. Waiting before retry 2/3
2026-02-07 15:53:17,546 - WARNING - Rate limit for Lubna and Pebble. Waiting before retry 3/3
2026-02-07 15:53:37,777 - ERROR - Rate limit persists for Lubna and Pebble
2026-02-07 15:53:45,917 - WARNING - Rate limit for The Truth About Alice: A Novel. Waiting before retry 2/3
2026-02-07 15:54:06,057 - WARNING - Rate limit for The Truth About Alice: A Novel. Waiting before retry 3/3
2026-02-07 15:54:26,222 - ERROR - Rate limit persists for The Truth About Alice: A Novel
2026-02-07 15:54:34,463 - WARNING - Rate limit for Who Is the Dalai Lama? (Who was...? Series). Waiting before retry 2/3
2026-02-07 15:54:54,819 - WARNING - Rate limit for Who Is the Dalai Lama? (Who was...? Series). Waiting before retry 3/3
2026-02-07 15:55:15,035 - ERROR - Rate limit persists for Who Is the Dalai Lama? (Who was...? Series)
2026-02-07 15:55:23,271 - WARNING - Rate limit for The Infinite Moment of Us. Waiting before retry 2/3
2026-02-07 15:55:43,429 - WARNING - Rate limit for The Infinite Moment of Us. Waiting before retry 3/3
2026-02-07 15:56:03,661 - ERROR - Rate limit persists for The Infinite Moment of Us
2026-02-07 15:56:11,896 - WARNING - Rate limit for Time to Pray. Waiting before retry 2/3
2026-02-07 15:56:32,123 - WARNING - Rate limit for Time to Pray. Waiting before retry 3/3
2026-02-07 15:56:52,342 - ERROR - Rate limit persists for Time to Pray
2026-02-07 15:57:00,672 - WARNING - Rate limit for Dear Juno. Waiting before retry 2/3
2026-02-07 15:57:20,904 - WARNING - Rate limit for Dear Juno. Waiting before retry 3/3
2026-02-07 15:57:41,180 - ERROR - Rate limit persists for Dear Juno
2026-02-07 15:57:49,430 - WARNING - Rate limit for The Past and Other Things That Should Stay Buried. Waiting before retry 2/3
2026-02-07 15:58:09,697 - WARNING - Rate limit for The Past and Other Things That Should Stay Buried. Waiting before retry 3/3
2026-02-07 15:58:29,924 - ERROR - Rate limit persists for The Past and Other Things That Should Stay Buried
2026-02-07 15:58:38,173 - WARNING - Rate limit for The Absolutely True Diary of a Part-Time Indian. Waiting before retry 2/3
2026-02-07 15:58:58,403 - WARNING - Rate limit for The Absolutely True Diary of a Part-Time Indian. Waiting before retry 3/3
2026-02-07 15:59:18,622 - ERROR - Rate limit persists for The Absolutely True Diary of a Part-Time Indian
2026-02-07 15:59:26,754 - WARNING - Rate limit for The Invisible Life of Addie LaRue. Waiting before retry 2/3
2026-02-07 15:59:46,911 - WARNING - Rate limit for The Invisible Life of Addie LaRue. Waiting before retry 3/3
2026-02-07 16:00:07,141 - ERROR - Rate limit persists for The Invisible Life of Addie LaRue
2026-02-07 16:00:15,255 - WARNING - Rate limit for The Best Man. Waiting before retry 2/3
2026-02-07 16:00:35,490 - WARNING - Rate limit for The Best Man. Waiting before retry 3/3
2026-02-07 16:00:55,724 - ERROR - Rate limit persists for The Best Man
2026-02-07 16:01:03,963 - WARNING - Rate limit for Jack of Hearts (and other parts). Waiting before retry 2/3
2026-02-07 16:01:24,217 - WARNING - Rate limit for Jack of Hearts (and other parts). Waiting before retry 3/3
2026-02-07 16:01:44,449 - ERROR - Rate limit persists for Jack of Hearts (and other parts)
2026-02-07 16:01:52,675 - WARNING - Rate limit for Before She Was Harriet. Waiting before retry 2/3
2026-02-07 16:02:12,917 - WARNING - Rate limit for Before She Was Harriet. Waiting before retry 3/3
2026-02-07 16:02:33,149 - ERROR - Rate limit persists for Before She Was Harriet
2026-02-07 16:02:41,380 - WARNING - Rate limit for Juana & Lucas (Juana and Lucas Series). Waiting before retry 2/3
2026-02-07 16:03:01,615 - WARNING - Rate limit for Juana & Lucas (Juana and Lucas Series). Waiting before retry 3/3
2026-02-07 16:03:21,850 - ERROR - Rate limit persists for Juana & Lucas (Juana and Lucas Series)
2026-02-07 16:03:30,090 - WARNING - Rate limit for When Aidan Became A Brother. Waiting before retry 2/3
2026-02-07 16:03:50,310 - WARNING - Rate limit for When Aidan Became A Brother. Waiting before retry 3/3
2026-02-07 16:04:10,545 - ERROR - Rate limit persists for When Aidan Became A Brother
2026-02-07 16:04:18,781 - WARNING - Rate limit for The Misadventures of the Family Fletcher (Family Fletcher Series). Waiting before retry 2/3
2026-02-07 16:04:38,924 - WARNING - Rate limit for The Misadventures of the Family Fletcher (Family Fletcher Series). Waiting before retry 3/3
2026-02-07 16:04:59,045 - ERROR - Rate limit persists for The Misadventures of the Family Fletcher (Family Fletcher Series)
2026-02-07 16:05:07,276 - WARNING - Rate limit for The Dateable Rules: A Guide to the Sexes. Waiting before retry 2/3
2026-02-07 16:05:27,509 - WARNING - Rate limit for The Dateable Rules: A Guide to the Sexes. Waiting before retry 3/3
2026-02-07 16:05:47,748 - ERROR - Rate limit persists for The Dateable Rules: A Guide to the Sexes
2026-02-07 16:05:55,906 - WARNING - Rate limit for We Are the Ants. Waiting before retry 2/3
2026-02-07 16:06:16,163 - WARNING - Rate limit for We Are the Ants. Waiting before retry 3/3
2026-02-07 16:06:36,396 - ERROR - Rate limit persists for We Are the Ants
2026-02-07 16:06:44,644 - WARNING - Rate limit for Great. Waiting before retry 2/3
2026-02-07 16:07:04,861 - WARNING - Rate limit for Great. Waiting before retry 3/3
2026-02-07 16:07:24,991 - ERROR - Rate limit persists for Great
2026-02-07 16:07:33,336 - WARNING - Rate limit for Infinity Son (Infinity Cycle Series). Waiting before retry 2/3
2026-02-07 16:07:53,490 - WARNING - Rate limit for Infinity Son (Infinity Cycle Series). Waiting before retry 3/3
2026-02-07 16:08:13,729 - ERROR - Rate limit persists for Infinity Son (Infinity Cycle Series)
2026-02-07 16:08:21,963 - WARNING - Rate limit for The Migration North. Waiting before retry 2/3
2026-02-07 16:08:42,093 - WARNING - Rate limit for The Migration North. Waiting before retry 3/3
2026-02-07 16:09:02,310 - ERROR - Rate limit persists for The Migration North
2026-02-07 16:09:10,553 - WARNING - Rate limit for Drum Dream Girl: How One Girl's Courage Changed Music. Waiting before retry 2/3
2026-02-07 16:09:30,789 - WARNING - Rate limit for Drum Dream Girl: How One Girl's Courage Changed Music. Waiting before retry 3/3
2026-02-07 16:09:51,023 - ERROR - Rate limit persists for Drum Dream Girl: How One Girl's Courage Changed Music
2026-02-07 16:09:59,253 - WARNING - Rate limit for Thank You, Jackie Robinson. Waiting before retry 2/3
2026-02-07 16:10:19,483 - WARNING - Rate limit for Thank You, Jackie Robinson. Waiting before retry 3/3
2026-02-07 16:10:39,700 - ERROR - Rate limit persists for Thank You, Jackie Robinson
2026-02-07 16:10:47,943 - WARNING - Rate limit for Nineteen Minutes. Waiting before retry 2/3
2026-02-07 16:11:08,169 - WARNING - Rate limit for Nineteen Minutes. Waiting before retry 3/3
2026-02-07 16:11:28,406 - ERROR - Rate limit persists for Nineteen Minutes
2026-02-07 16:11:36,647 - WARNING - Rate limit for Totally Joe (The Misfits Series). Waiting before retry 2/3
2026-02-07 16:11:56,877 - WARNING - Rate limit for Totally Joe (The Misfits Series). Waiting before retry 3/3
2026-02-07 16:12:17,117 - ERROR - Rate limit persists for Totally Joe (The Misfits Series)
2026-02-07 16:12:25,345 - WARNING - Rate limit for What If It's Us (What If It's Us Series). Waiting before retry 2/3
2026-02-07 16:12:45,568 - WARNING - Rate limit for What If It's Us (What If It's Us Series). Waiting before retry 3/3
2026-02-07 16:13:05,832 - ERROR - Rate limit persists for What If It's Us (What If It's Us Series)
2026-02-07 16:13:14,066 - WARNING - Rate limit for All Boys Aren't Blue. Waiting before retry 2/3
2026-02-07 16:13:34,294 - WARNING - Rate limit for All Boys Aren't Blue. Waiting before retry 3/3
2026-02-07 16:13:54,421 - ERROR - Rate limit persists for All Boys Aren't Blue
2026-02-07 16:14:02,658 - WARNING - Rate limit for Love to Mama: A Tribute To Mothers. Waiting before retry 2/3
2026-02-07 16:14:22,947 - WARNING - Rate limit for Love to Mama: A Tribute To Mothers. Waiting before retry 3/3
2026-02-07 16:14:43,201 - ERROR - Rate limit persists for Love to Mama: A Tribute To Mothers
2026-02-07 16:14:51,443 - WARNING - Rate limit for Cradle and All. Waiting before retry 2/3
2026-02-07 16:15:11,699 - WARNING - Rate limit for Cradle and All. Waiting before retry 3/3
2026-02-07 16:15:31,934 - ERROR - Rate limit persists for Cradle and All
2026-02-07 16:15:40,192 - WARNING - Rate limit for As I Descended. Waiting before retry 2/3
2026-02-07 16:16:00,423 - WARNING - Rate limit for As I Descended. Waiting before retry 3/3
2026-02-07 16:16:20,671 - ERROR - Rate limit persists for As I Descended
2026-02-07 16:16:28,911 - WARNING - Rate limit for They Called Themselves The K.K.K.: The Birth of an American Terrorist Group. Waiting before retry 2/3
2026-02-07 16:16:49,147 - WARNING - Rate limit for They Called Themselves The K.K.K.: The Birth of an American Terrorist Group. Waiting before retry 3/3
2026-02-07 16:17:09,368 - ERROR - Rate limit persists for They Called Themselves The K.K.K.: The Birth of an American Terrorist Group
2026-02-07 16:17:17,606 - WARNING - Rate limit for I am Jazz. Waiting before retry 2/3
2026-02-07 16:17:37,841 - WARNING - Rate limit for I am Jazz. Waiting before retry 3/3
2026-02-07 16:17:58,079 - ERROR - Rate limit persists for I am Jazz
2026-02-07 16:18:06,207 - WARNING - Rate limit for Dear Martin. Waiting before retry 2/3
2026-02-07 16:18:26,440 - WARNING - Rate limit for Dear Martin. Waiting before retry 3/3
2026-02-07 16:18:46,657 - ERROR - Rate limit persists for Dear Martin
2026-02-07 16:18:54,886 - WARNING - Rate limit for Four Feet, Two Sandals. Waiting before retry 2/3
2026-02-07 16:19:15,129 - WARNING - Rate limit for Four Feet, Two Sandals. Waiting before retry 3/3
2026-02-07 16:19:35,259 - ERROR - Rate limit persists for Four Feet, Two Sandals
2026-02-07 16:19:43,404 - WARNING - Rate limit for We Are Grateful: Otsaliheliga. Waiting before retry 2/3
2026-02-07 16:20:03,632 - WARNING - Rate limit for We Are Grateful: Otsaliheliga. Waiting before retry 3/3
2026-02-07 16:20:23,785 - ERROR - Rate limit persists for We Are Grateful: Otsaliheliga
2026-02-07 16:20:32,027 - WARNING - Rate limit for Lost and Found Cat : The True Story of Kunkush's Incredible Journey. Waiting before retry 2/3
2026-02-07 16:20:52,197 - WARNING - Rate limit for Lost and Found Cat : The True Story of Kunkush's Incredible Journey. Waiting before retry 3/3
2026-02-07 16:21:12,428 - ERROR - Rate limit persists for Lost and Found Cat : The True Story of Kunkush's Incredible Journey
2026-02-07 16:21:20,669 - WARNING - Rate limit for Fans of the Impossible Life. Waiting before retry 2/3
2026-02-07 16:21:40,897 - WARNING - Rate limit for Fans of the Impossible Life. Waiting before retry 3/3
2026-02-07 16:22:01,127 - ERROR - Rate limit persists for Fans of the Impossible Life
2026-02-07 16:22:09,274 - WARNING - Rate limit for Sonia Sotomayor (Women Who Broke the Rules Series). Waiting before retry 2/3
2026-02-07 16:22:29,497 - WARNING - Rate limit for Sonia Sotomayor (Women Who Broke the Rules Series). Waiting before retry 3/3
2026-02-07 16:22:49,730 - ERROR - Rate limit persists for Sonia Sotomayor (Women Who Broke the Rules Series)
2026-02-07 16:22:57,853 - WARNING - Rate limit for More Happy Than Not. Waiting before retry 2/3
2026-02-07 16:23:17,985 - WARNING - Rate limit for More Happy Than Not. Waiting before retry 3/3
2026-02-07 16:23:38,211 - ERROR - Rate limit persists for More Happy Than Not
2026-02-07 16:23:46,457 - WARNING - Rate limit for Pink Is for Boys. Waiting before retry 2/3
2026-02-07 16:24:06,680 - WARNING - Rate limit for Pink Is for Boys. Waiting before retry 3/3
2026-02-07 16:24:26,810 - ERROR - Rate limit persists for Pink Is for Boys
2026-02-07 16:24:35,038 - WARNING - Rate limit for When Aidan Became A Brother. Waiting before retry 2/3
2026-02-07 16:24:55,267 - WARNING - Rate limit for When Aidan Became A Brother. Waiting before retry 3/3
2026-02-07 16:25:15,390 - ERROR - Rate limit persists for When Aidan Became A Brother
2026-02-07 16:25:23,623 - WARNING - Rate limit for Luciana (Nine Months Series). Waiting before retry 2/3
2026-02-07 16:25:43,755 - WARNING - Rate limit for Luciana (Nine Months Series). Waiting before retry 3/3
2026-02-07 16:26:04,014 - ERROR - Rate limit persists for Luciana (Nine Months Series)
2026-02-07 16:26:12,273 - WARNING - Rate limit for Henry Aaron's Dream. Waiting before retry 2/3
2026-02-07 16:26:32,517 - WARNING - Rate limit for Henry Aaron's Dream. Waiting before retry 3/3
2026-02-07 16:26:52,786 - ERROR - Rate limit persists for Henry Aaron's Dream
2026-02-07 16:27:01,018 - WARNING - Rate limit for The Absolutely True Diary of a Part-Time Indian. Waiting before retry 2/3
2026-02-07 16:27:21,283 - WARNING - Rate limit for The Absolutely True Diary of a Part-Time Indian. Waiting before retry 3/3
2026-02-07 16:27:41,504 - ERROR - Rate limit persists for The Absolutely True Diary of a Part-Time Indian
2026-02-07 16:27:49,741 - WARNING - Rate limit for Indian No More. Waiting before retry 2/3
2026-02-07 16:28:09,972 - WARNING - Rate limit for Indian No More. Waiting before retry 3/3
2026-02-07 16:28:30,214 - ERROR - Rate limit persists for Indian No More
2026-02-07 16:28:38,570 - WARNING - Rate limit for Refugee. Waiting before retry 2/3
2026-02-07 16:28:58,712 - WARNING - Rate limit for Refugee. Waiting before retry 3/3
2026-02-07 16:29:18,950 - ERROR - Rate limit persists for Refugee
2026-02-07 16:29:27,189 - WARNING - Rate limit for Islandborn. Waiting before retry 2/3
2026-02-07 16:29:47,411 - WARNING - Rate limit for Islandborn. Waiting before retry 3/3
2026-02-07 16:30:07,541 - ERROR - Rate limit persists for Islandborn
2026-02-07 16:30:15,798 - WARNING - Rate limit for SEX: If You're Scared of The Truth Don't Read This!. Waiting before retry 2/3
2026-02-07 16:30:35,915 - WARNING - Rate limit for SEX: If You're Scared of The Truth Don't Read This!. Waiting before retry 3/3
2026-02-07 16:30:56,128 - ERROR - Rate limit persists for SEX: If You're Scared of The Truth Don't Read This!
2026-02-07 16:31:04,380 - WARNING - Rate limit for Wilma's Way Home: The Life of Wilma Mankiller. Waiting before retry 2/3
2026-02-07 16:31:24,612 - WARNING - Rate limit for Wilma's Way Home: The Life of Wilma Mankiller. Waiting before retry 3/3
2026-02-07 16:31:44,846 - ERROR - Rate limit persists for Wilma's Way Home: The Life of Wilma Mankiller
2026-02-07 16:31:53,086 - WARNING - Rate limit for All the Things We Do in the Dark. Waiting before retry 2/3
2026-02-07 16:32:13,231 - WARNING - Rate limit for All the Things We Do in the Dark. Waiting before retry 3/3
2026-02-07 16:32:33,490 - ERROR - Rate limit persists for All the Things We Do in the Dark
2026-02-07 16:32:41,714 - WARNING - Rate limit for Soccer Star. Waiting before retry 2/3
2026-02-07 16:33:01,942 - WARNING - Rate limit for Soccer Star. Waiting before retry 3/3
2026-02-07 16:33:22,160 - ERROR - Rate limit persists for Soccer Star
2026-02-07 16:33:30,383 - WARNING - Rate limit for Big Red Lollipop. Waiting before retry 2/3
2026-02-07 16:33:50,650 - WARNING - Rate limit for Big Red Lollipop. Waiting before retry 3/3
2026-02-07 16:34:10,874 - ERROR - Rate limit persists for Big Red Lollipop
2026-02-07 16:34:18,996 - WARNING - Rate limit for Dishes. Waiting before retry 2/3
2026-02-07 16:34:39,225 - WARNING - Rate limit for Dishes. Waiting before retry 3/3
2026-02-07 16:34:59,345 - ERROR - Rate limit persists for Dishes
2026-02-07 16:35:07,567 - WARNING - Rate limit for My Name Is María Isabel. Waiting before retry 2/3
2026-02-07 16:35:27,800 - WARNING - Rate limit for My Name Is María Isabel. Waiting before retry 3/3
2026-02-07 16:35:48,025 - ERROR - Rate limit persists for My Name Is María Isabel
2026-02-07 16:35:56,249 - WARNING - Rate limit for Malala: A Hero for All (Step into Reading Series). Waiting before retry 2/3
2026-02-07 16:36:16,482 - WARNING - Rate limit for Malala: A Hero for All (Step into Reading Series). Waiting before retry 3/3
2026-02-07 16:36:36,715 - ERROR - Rate limit persists for Malala: A Hero for All (Step into Reading Series)
2026-02-07 16:36:44,863 - WARNING - Rate limit for Miles Away from You. Waiting before retry 2/3
2026-02-07 16:37:05,104 - WARNING - Rate limit for Miles Away from You. Waiting before retry 3/3
2026-02-07 16:37:25,323 - ERROR - Rate limit persists for Miles Away from You
2026-02-07 16:37:33,556 - WARNING - Rate limit for I'll Give You the Sun. Waiting before retry 2/3
2026-02-07 16:37:53,785 - WARNING - Rate limit for I'll Give You the Sun. Waiting before retry 3/3
2026-02-07 16:38:14,004 - ERROR - Rate limit persists for I'll Give You the Sun
2026-02-07 16:38:22,280 - WARNING - Rate limit for Ash. Waiting before retry 2/3
2026-02-07 16:38:42,481 - WARNING - Rate limit for Ash. Waiting before retry 3/3
2026-02-07 16:39:02,692 - ERROR - Rate limit persists for Ash
2026-02-07 16:39:10,928 - WARNING - Rate limit for Hold Back the Tide. Waiting before retry 2/3
2026-02-07 16:39:31,145 - WARNING - Rate limit for Hold Back the Tide. Waiting before retry 3/3
2026-02-07 16:39:51,364 - ERROR - Rate limit persists for Hold Back the Tide
2026-02-07 16:39:59,505 - WARNING - Rate limit for Festival of Colors. Waiting before retry 2/3
2026-02-07 16:40:19,769 - WARNING - Rate limit for Festival of Colors. Waiting before retry 3/3
2026-02-07 16:40:39,983 - ERROR - Rate limit persists for Festival of Colors
2026-02-07 16:40:48,202 - WARNING - Rate limit for 7 Days at the Hot Corner. Waiting before retry 2/3
2026-02-07 16:41:08,425 - WARNING - Rate limit for 7 Days at the Hot Corner. Waiting before retry 3/3
2026-02-07 16:41:28,642 - ERROR - Rate limit persists for 7 Days at the Hot Corner
2026-02-07 16:41:36,885 - WARNING - Rate limit for Felix Ever After. Waiting before retry 2/3
2026-02-07 16:41:57,105 - WARNING - Rate limit for Felix Ever After. Waiting before retry 3/3
2026-02-07 16:42:17,230 - ERROR - Rate limit persists for Felix Ever After
2026-02-07 16:42:25,470 - WARNING - Rate limit for The Midnight Lie (Forgotten Gods Series). Waiting before retry 2/3
2026-02-07 16:42:45,692 - WARNING - Rate limit for The Midnight Lie (Forgotten Gods Series). Waiting before retry 3/3
2026-02-07 16:43:06,192 - ERROR - Rate limit persists for The Midnight Lie (Forgotten Gods Series)
2026-02-07 16:43:14,408 - WARNING - Rate limit for I am Jazz. Waiting before retry 2/3
2026-02-07 16:43:34,622 - WARNING - Rate limit for I am Jazz. Waiting before retry 3/3
2026-02-07 16:43:54,761 - ERROR - Rate limit persists for I am Jazz
2026-02-07 16:44:02,894 - WARNING - Rate limit for Princess Princess Ever After. Waiting before retry 2/3
2026-02-07 16:44:23,113 - WARNING - Rate limit for Princess Princess Ever After. Waiting before retry 3/3
2026-02-07 16:44:43,380 - ERROR - Rate limit persists for Princess Princess Ever After
2026-02-07 16:44:51,626 - WARNING - Rate limit for A Court of Mist and Fury (A Court of Thorns and Roses Series). Waiting before retry 2/3
2026-02-07 16:45:11,749 - WARNING - Rate limit for A Court of Mist and Fury (A Court of Thorns and Roses Series). Waiting before retry 3/3
2026-02-07 16:45:31,976 - ERROR - Rate limit persists for A Court of Mist and Fury (A Court of Thorns and Roses Series)
2026-02-07 16:45:40,201 - WARNING - Rate limit for Will Grayson, Will Grayson (Will Grayson, Will Grayson Series). Waiting before retry 2/3
2026-02-07 16:46:00,451 - WARNING - Rate limit for Will Grayson, Will Grayson (Will Grayson, Will Grayson Series). Waiting before retry 3/3
2026-02-07 16:46:20,671 - ERROR - Rate limit persists for Will Grayson, Will Grayson (Will Grayson, Will Grayson Series)
2026-02-07 16:46:28,810 - WARNING - Rate limit for l8r, g8r. Waiting before retry 2/3
2026-02-07 16:46:49,060 - WARNING - Rate limit for l8r, g8r. Waiting before retry 3/3
2026-02-07 16:47:09,290 - ERROR - Rate limit persists for l8r, g8r
2026-02-07 16:47:17,518 - WARNING - Rate limit for Aristotle and Dante Discover the Secrets of the Universe (Aristotle and Dante Series). Waiting before retry 2/3
2026-02-07 16:47:37,737 - WARNING - Rate limit for Aristotle and Dante Discover the Secrets of the Universe (Aristotle and Dante Series). Waiting before retry 3/3
2026-02-07 16:47:57,965 - ERROR - Rate limit persists for Aristotle and Dante Discover the Secrets of the Universe (Aristotle and Dante Series)
2026-02-07 16:48:06,108 - WARNING - Rate limit for Swimming with Faith: The Missy Franklin Story (ZonderKidz Biography Series). Waiting before retry 2/3
2026-02-07 16:48:26,345 - WARNING - Rate limit for Swimming with Faith: The Missy Franklin Story (ZonderKidz Biography Series). Waiting before retry 3/3
2026-02-07 16:48:46,577 - ERROR - Rate limit persists for Swimming with Faith: The Missy Franklin Story (ZonderKidz Biography Series)
2026-02-07 16:48:54,723 - WARNING - Rate limit for No Girls Allowed: Tales of Daring Women Dressed as Men for Love, Freedom and Adventure. Waiting before retry 2/3
2026-02-07 16:49:14,941 - WARNING - Rate limit for No Girls Allowed: Tales of Daring Women Dressed as Men for Love, Freedom and Adventure. Waiting before retry 3/3
2026-02-07 16:49:35,172 - ERROR - Rate limit persists for No Girls Allowed: Tales of Daring Women Dressed as Men for Love, Freedom and Adventure
2026-02-07 16:49:43,397 - WARNING - Rate limit for Until Friday Night (The Field Party Series). Waiting before retry 2/3
2026-02-07 16:50:03,624 - WARNING - Rate limit for Until Friday Night (The Field Party Series). Waiting before retry 3/3
2026-02-07 16:50:23,840 - ERROR - Rate limit persists for Until Friday Night (The Field Party Series)
2026-02-07 16:50:32,101 - WARNING - Rate limit for Real Live Boyfriends: Yes. Boyfriends, Plural. If My Life Weren't Complicated, I Wouldn't Be Ruby Oliver. Waiting before retry 2/3
2026-02-07 16:50:52,334 - WARNING - Rate limit for Real Live Boyfriends: Yes. Boyfriends, Plural. If My Life Weren't Complicated, I Wouldn't Be Ruby Oliver. Waiting before retry 3/3
2026-02-07 16:51:12,570 - ERROR - Rate limit persists for Real Live Boyfriends: Yes. Boyfriends, Plural. If My Life Weren't Complicated, I Wouldn't Be Ruby Oliver
2026-02-07 16:51:20,800 - WARNING - Rate limit for Grasshopper Jungle (Grasshopper Jungle Series). Waiting before retry 2/3
2026-02-07 16:51:41,266 - WARNING - Rate limit for Grasshopper Jungle (Grasshopper Jungle Series). Waiting before retry 3/3
2026-02-07 16:52:01,517 - ERROR - Rate limit persists for Grasshopper Jungle (Grasshopper Jungle Series)
2026-02-07 16:52:09,772 - WARNING - Rate limit for All Around Us. Waiting before retry 2/3
2026-02-07 16:52:29,920 - WARNING - Rate limit for All Around Us. Waiting before retry 3/3
2026-02-07 16:52:50,188 - ERROR - Rate limit persists for All Around Us
2026-02-07 16:52:58,422 - WARNING - Rate limit for Rage: A Love Story. Waiting before retry 2/3
2026-02-07 16:53:18,576 - WARNING - Rate limit for Rage: A Love Story. Waiting before retry 3/3
2026-02-07 16:53:38,795 - ERROR - Rate limit persists for Rage: A Love Story
2026-02-07 16:53:47,027 - WARNING - Rate limit for Sing a Song: How "Lift Every Voice and Sing" Inspired Generations. Waiting before retry 2/3
2026-02-07 16:54:07,176 - WARNING - Rate limit for Sing a Song: How "Lift Every Voice and Sing" Inspired Generations. Waiting before retry 3/3
2026-02-07 16:54:27,398 - ERROR - Rate limit persists for Sing a Song: How "Lift Every Voice and Sing" Inspired Generations
2026-02-07 16:54:35,637 - WARNING - Rate limit for The Vincent Brothers (The Vincent Boys Series). Waiting before retry 2/3
2026-02-07 16:54:55,862 - WARNING - Rate limit for The Vincent Brothers (The Vincent Boys Series). Waiting before retry 3/3
2026-02-07 16:55:16,095 - ERROR - Rate limit persists for The Vincent Brothers (The Vincent Boys Series)
2026-02-07 16:55:24,319 - WARNING - Rate limit for Sam and the Lucky Money. Waiting before retry 2/3
2026-02-07 16:55:44,482 - WARNING - Rate limit for Sam and the Lucky Money. Waiting before retry 3/3
2026-02-07 16:56:04,712 - ERROR - Rate limit persists for Sam and the Lucky Money
2026-02-07 16:56:12,954 - WARNING - Rate limit for The Sound of Silence. Waiting before retry 2/3
2026-02-07 16:56:33,093 - WARNING - Rate limit for The Sound of Silence. Waiting before retry 3/3
2026-02-07 16:56:53,337 - ERROR - Rate limit persists for The Sound of Silence
2026-02-07 16:57:01,574 - WARNING - Rate limit for My Awesome/Awful Popularity Plan (Justin Goldblatt Series). Waiting before retry 2/3
2026-02-07 16:57:21,786 - WARNING - Rate limit for My Awesome/Awful Popularity Plan (Justin Goldblatt Series). Waiting before retry 3/3
2026-02-07 16:57:42,034 - ERROR - Rate limit persists for My Awesome/Awful Popularity Plan (Justin Goldblatt Series)
2026-02-07 16:57:50,208 - WARNING - Rate limit for The 57 Bus: A True Story of Two Teenagers and the Crime That Changed Their Lives. Waiting before retry 2/3
2026-02-07 16:58:10,440 - WARNING - Rate limit for The 57 Bus: A True Story of Two Teenagers and the Crime That Changed Their Lives. Waiting before retry 3/3
2026-02-07 16:58:30,657 - ERROR - Rate limit persists for The 57 Bus: A True Story of Two Teenagers and the Crime That Changed Their Lives
2026-02-07 16:58:38,906 - WARNING - Rate limit for More Happy Than Not. Waiting before retry 2/3
2026-02-07 16:58:59,131 - WARNING - Rate limit for More Happy Than Not. Waiting before retry 3/3
2026-02-07 16:59:19,362 - ERROR - Rate limit persists for More Happy Than Not
2026-02-07 16:59:27,600 - WARNING - Rate limit for Barbed Wire Baseball: How One Man Brought Hope to the Japanese Internment Camps of WWII. Waiting before retry 2/3
2026-02-07 16:59:47,860 - WARNING - Rate limit for Barbed Wire Baseball: How One Man Brought Hope to the Japanese Internment Camps of WWII. Waiting before retry 3/3
2026-02-07 17:00:08,091 - ERROR - Rate limit persists for Barbed Wire Baseball: How One Man Brought Hope to the Japanese Internment Camps of WWII
2026-02-07 17:00:16,327 - WARNING - Rate limit for The List of Things That Will Not Change. Waiting before retry 2/3
2026-02-07 17:00:36,542 - WARNING - Rate limit for The List of Things That Will Not Change. Waiting before retry 3/3
2026-02-07 17:00:56,758 - ERROR - Rate limit persists for The List of Things That Will Not Change
2026-02-07 17:01:04,993 - WARNING - Rate limit for Day of the Dead. Waiting before retry 2/3
2026-02-07 17:01:25,259 - WARNING - Rate limit for Day of the Dead. Waiting before retry 3/3
2026-02-07 17:01:45,487 - ERROR - Rate limit persists for Day of the Dead
2026-02-07 17:01:53,705 - WARNING - Rate limit for Pride: The Story of Harvey Milk and the Rainbow Flag. Waiting before retry 2/3
2026-02-07 17:02:13,935 - WARNING - Rate limit for Pride: The Story of Harvey Milk and the Rainbow Flag. Waiting before retry 3/3
2026-02-07 17:02:34,147 - ERROR - Rate limit persists for Pride: The Story of Harvey Milk and the Rainbow Flag
2026-02-07 17:02:42,400 - WARNING - Rate limit for grl2grl. Waiting before retry 2/3
2026-02-07 17:03:02,622 - WARNING - Rate limit for grl2grl. Waiting before retry 3/3
2026-02-07 17:03:22,848 - ERROR - Rate limit persists for grl2grl
2026-02-07 17:03:31,089 - WARNING - Rate limit for Uncle Jed's Barber Shop. Waiting before retry 2/3
2026-02-07 17:03:51,269 - WARNING - Rate limit for Uncle Jed's Barber Shop. Waiting before retry 3/3
2026-02-07 17:04:11,499 - ERROR - Rate limit persists for Uncle Jed's Barber Shop
2026-02-07 17:04:19,726 - WARNING - Rate limit for This Book Is Gay. Waiting before retry 2/3
2026-02-07 17:04:39,929 - WARNING - Rate limit for This Book Is Gay. Waiting before retry 3/3
2026-02-07 17:05:00,157 - ERROR - Rate limit persists for This Book Is Gay
2026-02-07 17:05:08,407 - WARNING - Rate limit for Cinderella Is Dead. Waiting before retry 2/3
2026-02-07 17:05:28,626 - WARNING - Rate limit for Cinderella Is Dead. Waiting before retry 3/3
2026-02-07 17:05:48,797 - ERROR - Rate limit persists for Cinderella Is Dead
2026-02-07 17:05:57,028 - WARNING - Rate limit for Never Say a Mean Word Again: A Tale from Medieval Spain. Waiting before retry 2/3
2026-02-07 17:06:17,297 - WARNING - Rate limit for Never Say a Mean Word Again: A Tale from Medieval Spain. Waiting before retry 3/3
2026-02-07 17:06:37,532 - ERROR - Rate limit persists for Never Say a Mean Word Again: A Tale from Medieval Spain
2026-02-07 17:06:45,667 - WARNING - Rate limit for Ivy Aberdeen's Letter to the World. Waiting before retry 2/3
2026-02-07 17:07:05,792 - WARNING - Rate limit for Ivy Aberdeen's Letter to the World. Waiting before retry 3/3
2026-02-07 17:07:26,020 - ERROR - Rate limit persists for Ivy Aberdeen's Letter to the World
2026-02-07 17:07:34,277 - WARNING - Rate limit for One of Those Hideous Books Where the Mother Dies. Waiting before retry 2/3
2026-02-07 17:07:54,500 - WARNING - Rate limit for One of Those Hideous Books Where the Mother Dies. Waiting before retry 3/3
2026-02-07 17:08:14,733 - ERROR - Rate limit persists for One of Those Hideous Books Where the Mother Dies
2026-02-07 17:08:22,973 - WARNING - Rate limit for Memphis, Martin, and the Mountaintop: The Sanitation Strike of 1968. Waiting before retry 2/3
2026-02-07 17:08:43,197 - WARNING - Rate limit for Memphis, Martin, and the Mountaintop: The Sanitation Strike of 1968. Waiting before retry 3/3
