book_title,ban_date,avg_search_before,avg_search_after,max_search_before,max_search_after,min_search_before,min_search_after,percent_change,absolute_change,volatility,data_collected,collection_successful,state,error
Crank,2022-07-01,85.06,86.89,100.0,100.0,72.0,76.0,2.16,1.83,6.04,2026-02-09 16:14:45,True,Florida,
Identical,2022-03-01,61.12,67.62,100.0,100.0,21.0,33.0,10.63,6.5,19.34,2026-02-09 16:15:12,True,Texas,
Water for Elephants,2021-11-01,46.2,18.08,100.0,100.0,0.0,0.0,-60.87,-28.12,33.13,2026-02-09 16:15:39,True,Michigan,
A Court of Thorns and Roses,2022-07-01,71.01,62.56,100.0,100.0,52.0,46.0,-11.91,-8.46,10.01,2026-02-09 16:16:06,True,Florida,
A Court of Frost and Starlight,2022-07-01,2.19,5.61,100.0,100.0,0.0,0.0,156.35,3.42,18.22,2026-02-09 16:16:32,True,Florida,
Damsel,2022-03-01,61.53,75.29,100.0,100.0,37.0,44.0,22.35,13.76,13.98,2026-02-09 16:16:59,True,Florida,
A ​Court of Silver Flames,2022-07-01,1.11,0.0,100.0,0.0,0.0,0.0,-100.0,-1.11,10.48,2026-02-09 16:17:26,True,Florida,
The Color Purple,2021-11-01,38.83,45.24,100.0,100.0,26.0,28.0,16.51,6.41,11.2,2026-02-09 16:17:53,True,Florida,
Perfect (EH),2023-08-01,2.13,0.0,100.0,0.0,0.0,0.0,-100.0,-2.13,14.16,2026-02-09 16:18:19,True,Alaska,
Slaughterhouse-Five,2022-05-01,1.11,1.58,100.0,100.0,0.0,0.0,42.0,0.47,10.91,2026-02-09 16:18:46,True,Florida,
Fallout,2022-09-01,75.92,66.97,100.0,100.0,57.0,49.0,-11.8,-8.96,11.35,2026-02-09 16:19:13,True,Florida,
Wicked: The Life and Times of the Wicked Witch of the West,2022-12-01,0.0,0.0,0.0,0.0,0.0,0.0,0.0,0.0,0.0,2026-02-09 16:19:40,True,Florida,
Impulse,2022-07-01,67.98,72.11,100.0,100.0,43.0,50.0,6.08,4.13,14.54,2026-02-09 16:20:08,True,Florida,
Breathless (JN),2023-07-01,1.11,0.0,100.0,0.0,0.0,0.0,-100.0,-1.11,10.48,2026-02-09 16:20:35,True,Alaska,
Red Hood,2022-03-01,76.36,73.74,100.0,100.0,53.0,55.0,-3.42,-2.61,10.0,2026-02-09 16:21:01,True,Florida,
Burned (EH),2022-10-01,1.11,0.0,100.0,0.0,0.0,0.0,-100.0,-1.11,10.48,2026-02-09 16:21:28,True,Florida,
Glass,2022-10-01,88.44,46.41,100.0,100.0,78.0,36.0,-47.53,-42.03,23.2,2026-02-09 16:21:56,True,Florida,
A Stolen Life,2023-06-01,5.36,1.11,100.0,100.0,0.0,0.0,-79.25,-4.24,13.71,2026-02-09 16:22:23,True,Texas,
Tower of Dawn,2022-09-01,3.94,3.26,100.0,100.0,0.0,0.0,-17.46,-0.69,17.98,2026-02-09 16:22:50,True,Florida,
"l8r, g8r",2021-07-01,1.11,1.11,100.0,100.0,0.0,0.0,0.0,0.0,10.48,2026-02-09 16:23:16,True,Wisconsin,
People Kill People,2022-03-01,74.0,69.01,100.0,100.0,55.0,49.0,-6.74,-4.99,10.4,2026-02-09 16:23:43,True,Texas,
Homegoing,2021-11-01,34.28,28.93,100.0,100.0,0.0,0.0,-15.59,-5.34,27.22,2026-02-09 16:24:09,True,Texas,
Smoke,2022-09-01,62.67,45.64,100.0,100.0,51.0,34.0,-27.16,-17.02,12.86,2026-02-09 16:24:37,True,Florida,
The DUFF: Designated Ugly Fat Friend,2022-10-01,0.0,0.0,0.0,0.0,0.0,0.0,0.0,0.0,0.0,2026-02-09 16:25:04,True,Florida,
The Freedom Writers Diary,2022-09-01,0.0,1.11,0.0,100.0,0.0,0.0,inf,1.11,10.48,2026-02-09 16:25:30,True,Florida,
Boy Toy,2022-07-01,71.5,66.82,100.0,100.0,55.0,50.0,-6.54,-4.68,9.7,2026-02-09 16:25:57,True,Florida,
The Fault in Our Stars,2023-06-01,73.42,46.97,100.0,100.0,46.0,24.0,-36.03,-26.46,17.29,2026-02-09 16:26:25,True,Florida,
Fade,2022-09-01,75.8,70.86,100.0,100.0,59.0,57.0,-6.52,-4.94,9.66,2026-02-09 16:26:52,True,Florida,
Grown,2022-09-01,66.64,72.24,100.0,100.0,59.0,62.0,8.4,5.6,7.57,2026-02-09 16:27:18,True,Florida,
I'll Give You the Sun,2021-12-01,1.11,2.84,100.0,100.0,0.0,0.0,156.0,1.73,13.23,2026-02-09 16:27:45,True,Texas,
We Are the Ants,2021-10-01,0.0,0.0,0.0,0.0,0.0,0.0,0.0,0.0,0.0,2026-02-09 16:28:12,True,Texas,
The Art of Racing in the Rain,2022-05-01,24.58,37.61,100.0,100.0,0.0,0.0,53.03,13.03,19.5,2026-02-09 16:28:39,True,Michigan,
Where the Crawdads Sing,2023-06-01,48.29,50.49,100.0,100.0,28.0,29.0,4.56,2.2,13.34,2026-02-09 16:29:06,True,Florida,
Beautiful,2022-05-01,74.98,78.67,100.0,100.0,57.0,71.0,4.92,3.69,5.57,2026-02-09 16:29:34,True,Florida,
Dime,2021-11-01,67.92,82.7,100.0,100.0,59.0,72.0,21.76,14.78,9.66,2026-02-09 16:30:01,True,Florida,
Clockwork Orange,2024-02-01,69.58,46.09,100.0,100.0,38.0,27.0,-33.76,-23.49,16.33,2026-02-09 16:30:28,True,Florida,
It,2023-01-01,88.49,86.91,100.0,100.0,77.0,74.0,-1.78,-1.58,5.52,2026-02-09 16:30:55,True,Florida,
Unravel Me,2022-07-01,6.57,4.93,100.0,100.0,0.0,0.0,-24.87,-1.63,20.89,2026-02-09 16:31:21,True,Florida,
Man o' War,2022-11-01,3.64,2.03,100.0,100.0,0.0,0.0,-44.21,-1.61,15.42,2026-02-09 16:31:48,True,Florida,
A Game of Thrones,2022-09-01,25.93,39.07,100.0,100.0,12.0,22.0,50.64,13.13,14.88,2026-02-09 16:32:15,True,Texas,
Felix Ever After,2021-12-01,0.0,0.0,0.0,0.0,0.0,0.0,0.0,0.0,0.0,2026-02-09 16:32:41,True,Texas,
Concrete Rose,2023-01-01,41.99,58.21,100.0,100.0,0.0,0.0,38.63,16.22,24.79,2026-02-09 16:33:08,True,Florida,
Jesus Land: A Memoir,2022-03-01,0.0,0.0,0.0,0.0,0.0,0.0,0.0,0.0,0.0,2026-02-09 16:33:34,True,Texas,
This Is Kind of an Epic Love Story,2021-12-01,2.19,0.0,100.0,0.0,0.0,0.0,-100.0,-2.19,14.52,2026-02-09 16:34:01,True,Texas,
yolo,2022-10-01,57.89,76.27,100.0,100.0,40.0,62.0,31.75,18.38,12.34,2026-02-09 16:34:28,True,Florida,
Song of Solomon,2023-08-01,51.28,63.59,100.0,100.0,27.0,38.0,24.01,12.31,14.98,2026-02-09 16:34:55,True,Florida,
Collateral,2022-10-01,28.13,65.01,100.0,100.0,14.0,32.0,131.08,36.88,23.45,2026-02-09 16:35:22,True,Florida,
Yolk,2022-09-01,62.66,67.38,100.0,100.0,48.0,46.0,7.54,4.72,13.95,2026-02-09 16:35:48,True,Florida,
Crown of Midnight,2023-06-01,7.87,7.68,100.0,100.0,0.0,0.0,-2.4,-0.19,23.79,2026-02-09 16:36:15,True,Florida,
Twisted,2022-09-01,79.18,74.72,100.0,100.0,63.0,55.0,-5.63,-4.46,10.04,2026-02-09 16:36:42,True,Florida,
Throne of Glass,2023-02-01,65.3,77.97,100.0,100.0,40.0,56.0,19.4,12.67,13.19,2026-02-09 16:37:09,True,Florida,
All the Bright Places,2022-10-01,56.36,52.2,100.0,100.0,24.0,25.0,-7.37,-4.16,15.13,2026-02-09 16:37:35,True,Florida,
Half of a Yellow Sun,2022-01-01,1.11,0.0,100.0,0.0,0.0,0.0,-100.0,-1.11,10.48,2026-02-09 16:38:02,True,Michigan,
Perfect,2022-10-01,77.62,75.1,100.0,100.0,66.0,65.0,-3.25,-2.52,5.69,2026-02-09 16:38:29,True,Florida,
My Sister's Keeper,2021-10-01,35.53,40.62,100.0,100.0,0.0,0.0,14.32,5.09,24.22,2026-02-09 16:38:56,True,Florida,
Simon vs. the Homo Sapiens Agenda,2022-08-01,0.0,0.0,0.0,0.0,0.0,0.0,0.0,0.0,0.0,2026-02-09 16:39:22,True,Florida,
Clockwork Princess,2022-09-01,0.0,0.0,0.0,0.0,0.0,0.0,0.0,0.0,0.0,2026-02-09 16:39:49,True,Florida,
I Never,2022-10-01,25.54,82.74,100.0,100.0,16.0,68.0,223.92,57.2,30.82,2026-02-09 16:40:16,True,Florida,
Ready or Not,2022-07-01,19.64,49.61,100.0,100.0,12.0,24.0,152.55,29.97,20.48,2026-02-09 16:40:43,True,Florida,
Ramona Blue,2022-02-01,1.11,1.11,100.0,100.0,0.0,0.0,0.0,0.0,10.48,2026-02-09 16:41:09,True,Tennessee,
America,2023-02-01,73.79,82.73,100.0,100.0,56.0,63.0,12.12,8.94,9.17,2026-02-09 16:41:36,True,Florida,
Black Girl Unlimited: The Remarkable Story of a Teenage Wizard,2021-11-01,0.0,0.0,0.0,0.0,0.0,0.0,0.0,0.0,0.0,2026-02-09 16:42:03,True,Missouri,
Brave Face: A Memoir,2021-09-01,0.0,0.0,0.0,0.0,0.0,0.0,0.0,0.0,0.0,2026-02-09 16:42:31,True,Texas,
Lawn Boy (JE),2023-07-01,0.0,0.0,0.0,0.0,0.0,0.0,0.0,0.0,0.0,2026-02-09 16:42:57,True,Florida,
The Invisible Life of Addie LaRue,2022-01-01,48.49,46.7,100.0,100.0,0.0,0.0,-3.69,-1.79,17.81,2026-02-09 16:43:24,True,Georgia,
Wintergirls,2022-10-01,1.11,1.11,100.0,100.0,0.0,0.0,0.0,0.0,10.48,2026-02-09 16:43:51,True,Florida,
Rick,2021-11-01,45.68,60.91,100.0,100.0,33.0,51.0,33.35,15.23,11.66,2026-02-09 16:44:19,True,Texas,
Spinning,2021-11-01,84.11,77.67,100.0,100.0,75.0,67.0,-7.66,-6.44,7.08,2026-02-09 16:44:46,True,Texas,
My Friend Dahmer,2022-09-01,26.7,16.27,100.0,100.0,0.0,0.0,-39.08,-10.43,19.44,2026-02-09 16:45:12,True,Florida,
Regretting You,2023-06-01,33.94,30.52,100.0,100.0,0.0,0.0,-10.08,-3.42,33.05,2026-02-09 16:45:39,True,Florida,
Asking for It,2022-03-01,58.07,65.03,100.0,100.0,20.0,34.0,12.0,6.97,17.61,2026-02-09 16:46:05,True,Texas,
A Feast for Crows,2022-09-01,1.11,1.11,100.0,100.0,0.0,0.0,0.0,0.0,10.48,2026-02-09 16:46:32,True,Pennsylvania,
Call Me By Your Name,2023-01-01,14.78,63.29,100.0,100.0,8.0,42.0,328.27,48.51,26.75,2026-02-09 16:46:59,True,Florida,
What We Saw,2021-11-01,30.26,36.11,100.0,100.0,0.0,0.0,19.35,5.86,36.33,2026-02-09 16:47:26,True,Texas,
Aristotle and Dante Discover the Secrets of the Universe,2022-08-01,15.48,10.52,100.0,100.0,0.0,0.0,-32.02,-4.96,26.32,2026-02-09 16:47:52,True,Florida,
"Angus, Thongs and Full-Frontal Snogging",2022-09-01,0.0,0.0,0.0,0.0,0.0,0.0,0.0,0.0,0.0,2026-02-09 16:48:19,True,Florida,
Darius the Great Deserves Better,2022-09-01,0.0,0.0,0.0,0.0,0.0,0.0,0.0,0.0,0.0,2026-02-09 16:48:47,True,Florida,
And They Lived...,2022-10-01,0.0,0.0,0.0,0.0,0.0,0.0,0.0,0.0,0.0,2026-02-09 16:49:15,True,Texas,
Grit,2022-09-01,51.4,82.31,100.0,100.0,43.0,69.0,60.14,30.91,16.82,2026-02-09 16:49:42,True,Florida,
"Will Grayson, Will Grayson",2022-10-01,1.11,0.0,100.0,0.0,0.0,0.0,-100.0,-1.11,10.48,2026-02-09 16:50:08,True,Texas,
American Psycho,2023-06-01,33.37,66.7,100.0,100.0,24.0,48.0,99.9,33.33,19.04,2026-02-09 16:50:35,True,Florida,
Ignite Me,2023-01-01,14.68,31.36,100.0,100.0,0.0,0.0,113.63,16.68,33.25,2026-02-09 16:51:02,True,Virginia,
Flowers in the Attic,2022-07-01,12.23,15.9,100.0,100.0,5.0,2.0,29.97,3.67,15.99,2026-02-09 16:51:29,True,Florida,
"A Child Called ""It"": One Child's Courage to Survive",2023-01-01,0.0,0.0,0.0,0.0,0.0,0.0,0.0,0.0,0.0,2026-02-09 16:51:56,True,Florida,
House of Sky and Breath,2022-10-01,8.61,5.23,100.0,100.0,0.0,0.0,-39.23,-3.38,17.99,2026-02-09 16:52:22,True,Utah,
ttfn,2022-11-01,15.37,13.39,100.0,100.0,0.0,0.0,-12.87,-1.98,26.52,2026-02-09 16:52:48,True,Florida,
Zahra's Paradise,2022-08-01,0.0,0.0,0.0,0.0,0.0,0.0,0.0,0.0,0.0,2026-02-09 16:53:15,True,Florida,
Watchmen,2022-08-01,30.42,58.11,100.0,100.0,20.0,42.0,91.02,27.69,17.15,2026-02-09 16:53:42,True,Florida,
Grasshopper Jungle,2023-08-01,0.0,0.0,0.0,0.0,0.0,0.0,0.0,0.0,0.0,2026-02-09 16:54:08,True,Florida,
Red at the Bone,2021-09-01,1.11,1.86,100.0,100.0,0.0,0.0,67.0,0.74,11.57,2026-02-09 16:54:35,True,Texas,
How Beautiful the Ordinary: Twelve Stories of Identity,2022-02-01,0.0,0.0,0.0,0.0,0.0,0.0,0.0,0.0,0.0,2026-02-09 16:55:01,True,Tennessee,
A Storm of Swords,2022-10-01,0.0,1.11,0.0,100.0,0.0,0.0,inf,1.11,10.48,2026-02-09 16:55:27,True,Pennsylvania,
Queer: The Ultimate LGBTQ Guide for Teens,2021-07-01,0.0,1.11,0.0,100.0,0.0,0.0,inf,1.11,10.48,2026-02-09 16:55:54,True,Wisconsin,
"Hey, Kiddo: How I Lost My Mother, Found My Father, and Dealt with Family Addiction",2023-10-01,0.0,0.0,0.0,0.0,0.0,0.0,0.0,0.0,0.0,2026-02-09 16:56:20,True,Iowa,
"Heartstopper, Vol. 1",2022-11-01,0.0,0.0,0.0,0.0,0.0,0.0,0.0,0.0,0.0,2026-02-09 16:56:46,True,Florida,
The Opposite of Innocent,2021-10-01,0.0,1.11,0.0,100.0,0.0,0.0,inf,1.11,10.48,2026-02-09 16:57:12,True,Wisconsin,
Burned (PCC),2023-06-01,1.11,0.0,100.0,0.0,0.0,0.0,-100.0,-1.11,10.48,2026-02-09 16:57:39,True,Florida,
Blood Water Paint,2021-11-01,0.0,1.11,0.0,100.0,0.0,0.0,inf,1.11,10.48,2026-02-09 16:58:06,True,Florida,
Ugly Love,2022-10-01,62.03,69.16,100.0,100.0,29.0,49.0,11.48,7.12,14.82,2026-02-09 16:58:33,True,Utah,
Laura Dean Keeps Breaking Up with Me,2021-12-01,0.0,0.0,0.0,0.0,0.0,0.0,0.0,0.0,0.0,2026-02-09 16:58:59,True,Texas,
You Too?: 25 Voices Share Their #MeToo Stories,2023-06-01,2.19,1.11,100.0,100.0,0.0,0.0,-49.24,-1.08,12.68,2026-02-09 16:59:26,True,Florida,
Persepolis: The Story of a Childhood,2022-01-01,1.11,0.0,100.0,0.0,0.0,0.0,-100.0,-1.11,10.48,2026-02-09 16:59:52,True,Texas,
Outlander,2022-07-01,49.03,79.06,100.0,100.0,32.0,61.0,61.23,30.02,18.64,2026-02-09 17:00:20,True,Florida,
Exit Here.,2023-02-01,0.0,0.0,0.0,0.0,0.0,0.0,0.0,0.0,0.0,2026-02-09 17:00:47,True,Idaho,
Haunted,2023-03-01,71.59,63.86,100.0,100.0,52.0,51.0,-10.8,-7.73,11.86,2026-02-09 17:01:14,True,Utah,
Foul is Fair,2022-09-01,2.07,9.93,100.0,100.0,0.0,0.0,380.65,7.87,19.26,2026-02-09 17:01:41,True,Florida,
Home After Dark,2022-08-01,3.87,5.9,100.0,100.0,0.0,0.0,52.59,2.03,18.75,2026-02-09 17:02:07,True,Florida,
Kingsbane,2023-10-01,0.0,0.0,0.0,0.0,0.0,0.0,0.0,0.0,0.0,2026-02-09 17:02:34,True,Florida,
Lullaby,2023-10-01,68.66,85.01,100.0,100.0,57.0,74.0,23.82,16.36,10.07,2026-02-09 17:03:01,True,Florida,
ttyl,2022-09-01,71.1,69.89,100.0,100.0,50.0,48.0,-1.7,-1.21,10.35,2026-02-09 17:03:29,True,Florida,
When Aidan Became a Brother,2022-07-01,0.0,1.92,0.0,100.0,0.0,0.0,inf,1.92,12.91,2026-02-09 17:03:55,True,Florida,
Guyaholic,2022-09-01,0.0,1.11,0.0,100.0,0.0,0.0,inf,1.11,10.48,2026-02-09 17:04:48,True,Florida,
Julián Is a Mermaid,2022-07-01,0.0,0.0,0.0,0.0,0.0,0.0,0.0,0.0,0.0,2026-02-09 17:05:14,True,Florida,
Skin and Bones,2023-12-01,59.41,16.93,100.0,100.0,24.0,6.0,-71.5,-42.48,25.46,2026-02-09 17:05:41,True,Florida,
The Gentleman's Guide to Vice and Virtue,2023-06-01,0.0,1.11,0.0,100.0,0.0,0.0,inf,1.11,10.48,2026-02-09 17:06:07,True,Florida,
Bag of Bones,2023-08-01,7.26,36.04,100.0,100.0,0.0,0.0,396.78,28.79,31.86,2026-02-09 17:06:33,True,Florida,
Lighter than My Shadow,2021-10-01,0.0,0.0,0.0,0.0,0.0,0.0,0.0,0.0,0.0,2026-02-09 17:07:00,True,Pennsylvania,
Here's to Us,2022-02-01,7.61,10.0,100.0,100.0,0.0,0.0,31.39,2.39,24.74,2026-02-09 17:07:26,True,Tennessee,
A Dance with Dragons,2022-09-01,3.12,8.82,100.0,100.0,0.0,0.0,182.56,5.7,18.12,2026-02-09 17:07:53,True,Texas,
Another Day,2023-06-01,54.37,65.24,100.0,100.0,37.0,49.0,20.01,10.88,10.71,2026-02-09 17:08:19,True,Florida,
Anne Frank's Diary: The Graphic Adaptation,2022-01-01,0.0,1.11,0.0,100.0,0.0,0.0,inf,1.11,10.48,2026-02-09 17:08:46,True,Texas,
"Friday Night Lights: A Town, A Team, and a Dream",2023-12-01,0.0,0.0,0.0,0.0,0.0,0.0,0.0,0.0,0.0,2026-02-09 17:09:12,True,Florida,
Cool for the Summer,2022-02-01,2.17,36.41,100.0,100.0,0.0,0.0,1580.51,34.24,29.55,2026-02-09 17:09:39,True,Tennessee,
Marked,2023-08-01,63.54,31.42,100.0,100.0,46.0,21.0,-50.55,-32.12,19.26,2026-02-09 17:10:05,True,Florida,
Home Body,2022-09-01,82.36,66.96,100.0,100.0,68.0,54.0,-18.7,-15.4,10.45,2026-02-09 17:10:33,True,Florida,
Zenobia July,2021-12-01,0.0,0.0,0.0,0.0,0.0,0.0,0.0,0.0,0.0,2026-02-09 17:10:59,True,Texas,
November 9,2023-08-01,68.97,46.07,100.0,100.0,37.0,22.0,-33.2,-22.9,18.36,2026-02-09 17:11:25,True,Florida,
Class Act,2021-09-01,52.99,64.71,100.0,100.0,35.0,30.0,22.12,11.72,13.05,2026-02-09 17:11:52,True,Texas,
Shatter Me,2023-01-01,51.82,65.53,100.0,100.0,31.0,47.0,26.46,13.71,13.82,2026-02-09 17:12:19,True,Virginia,
The Pact: A Love Story,2023-02-01,0.0,0.0,0.0,0.0,0.0,0.0,0.0,0.0,0.0,2026-02-09 17:12:46,True,Florida,
One Last Stop,2023-10-01,28.67,34.16,100.0,100.0,0.0,0.0,19.15,5.49,26.61,2026-02-09 17:13:13,True,Florida,
Hopeless,2022-10-01,75.49,67.82,100.0,100.0,56.0,53.0,-10.16,-7.67,9.05,2026-02-09 17:13:40,True,Florida,
Dead End,2022-11-01,46.11,31.37,100.0,100.0,28.0,20.0,-31.98,-14.74,15.81,2026-02-09 17:14:07,True,Utah,
"Assassination Classroom, Vol. 6",2023-02-01,0.0,0.0,0.0,0.0,0.0,0.0,0.0,0.0,0.0,2026-02-09 17:14:33,True,Florida,
Under the Dome,2023-02-01,51.67,11.88,100.0,100.0,22.0,3.0,-77.01,-39.79,24.29,2026-02-09 17:15:00,True,Pennsylvania,
A Bad Boy Can Be Good for a Girl,2021-11-01,0.0,0.0,0.0,0.0,0.0,0.0,0.0,0.0,0.0,2026-02-09 17:15:27,True,Florida,
"Assassination Classroom, Vol. 3",2023-02-01,1.11,0.0,100.0,0.0,0.0,0.0,-100.0,-1.11,10.48,2026-02-09 17:15:54,True,Florida,
Alice on the Outside,2023-07-01,0.0,0.0,0.0,0.0,0.0,0.0,0.0,0.0,0.0,2026-02-09 17:16:20,True,Florida,
Georgia Peaches and Other Forbidden Fruit,2023-06-01,0.0,0.0,0.0,0.0,0.0,0.0,0.0,0.0,0.0,2026-02-09 17:16:47,True,Florida,
The Kite Runner Graphic Novel,2023-09-01,0.0,1.11,0.0,100.0,0.0,0.0,inf,1.11,10.48,2026-02-09 17:17:13,True,Alaska,
The Stand,2023-08-01,77.41,76.16,100.0,100.0,63.0,54.0,-1.62,-1.26,10.46,2026-02-09 17:17:41,True,Florida,
With the Fire on High,2023-08-01,19.72,31.34,100.0,100.0,0.0,0.0,58.93,11.62,32.28,2026-02-09 17:18:08,True,Florida,
The Past and Other Things That Should Stay Buried,2021-12-01,0.0,0.0,0.0,0.0,0.0,0.0,0.0,0.0,0.0,2026-02-09 17:18:35,True,Texas,
Revealed (PCC),2023-08-01,1.11,0.0,100.0,0.0,0.0,0.0,-100.0,-1.11,10.48,2026-02-09 17:19:01,True,Florida,
The Notebook,2023-08-01,62.37,52.03,100.0,100.0,46.0,32.0,-16.57,-10.33,12.68,2026-02-09 17:19:29,True,Florida,
"Heartstopper, Vol. 2",2022-11-01,0.0,0.0,0.0,0.0,0.0,0.0,0.0,0.0,0.0,2026-02-09 17:19:55,True,Florida,
Lighter Than My Shadow,2022-08-01,0.0,0.0,0.0,0.0,0.0,0.0,0.0,0.0,0.0,2026-02-09 17:20:22,True,Florida,
Defy Me,2023-01-01,24.93,31.63,100.0,100.0,0.0,0.0,26.87,6.7,26.27,2026-02-09 17:20:49,True,Virginia,
The Green Mile,2023-02-01,27.94,60.61,100.0,100.0,16.0,36.0,116.9,32.67,21.99,2026-02-09 17:21:15,True,Pennsylvania,
A Lesson in Vengeance,2022-02-01,0.0,0.0,0.0,0.0,0.0,0.0,0.0,0.0,0.0,2026-02-09 17:21:42,True,Tennessee,
Vanishing Acts,2023-02-01,0.0,1.11,0.0,100.0,0.0,0.0,inf,1.11,10.48,2026-02-09 17:22:09,True,Florida,
Cinderella Is Dead,2021-12-01,1.11,0.0,100.0,0.0,0.0,0.0,-100.0,-1.11,10.48,2026-02-09 17:22:35,True,Texas,
The Year of the Flood,2022-12-01,9.3,7.91,100.0,100.0,0.0,0.0,-14.93,-1.39,24.78,2026-02-09 17:23:02,True,Florida,
The Drawing of the Three,2023-10-01,26.38,47.32,100.0,100.0,0.0,0.0,79.4,20.94,32.57,2026-02-09 17:23:28,True,Florida,
The Wind-Up Bird Chronicle,2023-08-01,0.0,0.0,0.0,0.0,0.0,0.0,0.0,0.0,0.0,2026-02-09 17:23:55,True,Maine,
"On the Bright Side, I'm Now the Girlfriend of a Sex God (Confessions of Georgia Nicolson #2)",2022-05-01,1.11,0.0,100.0,0.0,0.0,0.0,-100.0,-1.11,10.48,2026-02-09 17:24:22,True,Michigan,
There's Someone Inside Your House,2023-08-01,5.32,16.01,100.0,100.0,0.0,0.0,200.84,10.69,24.17,2026-02-09 17:24:48,True,Florida,
A Girl Like That,2023-08-01,71.29,65.39,100.0,100.0,46.0,40.0,-8.28,-5.9,13.07,2026-02-09 17:25:15,True,Florida,
Gossip Girl: A Novel by Cecily von Ziegesar,2023-10-01,0.0,0.0,0.0,0.0,0.0,0.0,0.0,0.0,0.0,2026-02-09 17:25:41,True,Iowa,
The Song of Achilles,2023-10-01,55.91,52.89,100.0,100.0,0.0,0.0,-5.41,-3.02,21.95,2026-02-09 17:26:08,True,Florida,
In Our Mothers' House,2021-12-01,1.11,1.11,100.0,100.0,0.0,0.0,0.0,0.0,10.48,2026-02-09 17:26:34,True,Texas,
The Vampire Armand,2023-10-01,2.52,0.0,100.0,0.0,0.0,0.0,-100.0,-2.52,13.94,2026-02-09 17:27:01,True,Florida,
Four Past Midnight,2023-08-01,0.0,0.0,0.0,0.0,0.0,0.0,0.0,0.0,0.0,2026-02-09 17:27:27,True,Florida,
Sula,2023-01-01,53.7,75.92,100.0,100.0,33.0,54.0,41.38,22.22,14.96,2026-02-09 17:27:54,True,Idaho,
Autoboyography,2021-12-01,0.0,0.0,0.0,0.0,0.0,0.0,0.0,0.0,0.0,2026-02-09 17:28:20,True,Texas,
Tempted (PCC),2023-08-01,0.0,0.0,0.0,0.0,0.0,0.0,0.0,0.0,0.0,2026-02-09 17:28:47,True,Florida,
Sophie's Choice,2023-07-01,57.26,17.84,100.0,100.0,0.0,0.0,-68.83,-39.41,25.47,2026-02-09 17:29:14,True,Florida,
Bait,2021-11-01,56.93,72.8,100.0,100.0,34.0,56.0,27.87,15.87,14.81,2026-02-09 17:29:41,True,Florida,
Skin (DJN),2023-08-01,1.11,0.0,100.0,0.0,0.0,0.0,-100.0,-1.11,10.48,2026-02-09 17:30:08,True,Iowa,
House Rules,2023-02-01,23.11,62.46,100.0,100.0,11.0,45.0,170.24,39.34,22.61,2026-02-09 17:30:35,True,Florida,
Winterkeep,2023-10-01,2.16,0.0,100.0,0.0,0.0,0.0,-100.0,-2.16,14.31,2026-02-09 17:31:02,True,Florida,
Bronxwood,2023-08-01,6.12,4.9,100.0,100.0,0.0,0.0,-19.96,-1.22,20.79,2026-02-09 17:31:28,True,Florida,
The Best Laid Plans,2022-05-01,12.7,5.9,100.0,100.0,0.0,0.0,-53.54,-6.8,25.85,2026-02-09 17:31:55,True,Michigan,
Girls Like Us (2015),2021-12-01,0.0,0.0,0.0,0.0,0.0,0.0,0.0,0.0,0.0,2026-02-09 17:32:21,True,Texas,
11/22/63: A Novel,2023-01-01,0.0,0.0,0.0,0.0,0.0,0.0,0.0,0.0,0.0,2026-02-09 17:32:47,True,Virginia,
"Meg, Jo, Beth, and Amy: A Modern Graphic Retelling of Little Women",2022-01-01,0.0,0.0,0.0,0.0,0.0,0.0,0.0,0.0,0.0,2026-02-09 21:03:01,True,Texas,
Stitches: A Memior,2024-01-01,0.0,0.0,0.0,0.0,0.0,0.0,0.0,0.0,0.0,2026-02-09 21:03:27,True,Florida,
Twilight,2023-08-01,72.26,66.17,100.0,100.0,54.0,51.0,-8.43,-6.09,10.23,2026-02-09 21:03:54,True,Florida,
Point of Retreat,2023-10-01,2.44,2.09,100.0,100.0,0.0,0.0,-14.55,-0.36,13.75,2026-02-09 21:04:20,True,Iowa,
Doctor Sleep,2023-08-01,37.44,53.33,100.0,100.0,16.0,22.0,42.43,15.89,17.51,2026-02-09 21:04:46,True,Florida,
Darkness Before Dawn,2021-11-01,0.0,1.11,0.0,100.0,0.0,0.0,inf,1.11,10.48,2026-02-09 21:05:12,True,North Carolina,
Daughters Unto Devils,2021-12-01,0.0,0.0,0.0,0.0,0.0,0.0,0.0,0.0,0.0,2026-02-09 21:05:38,True,Texas,
Stealing Heaven,2023-05-01,0.0,1.11,0.0,100.0,0.0,0.0,inf,1.11,10.48,2026-02-09 21:06:04,True,Florida,
Body Talk: 37 Voices Explore Our Radical Anatomy,2022-02-01,0.0,0.0,0.0,0.0,0.0,0.0,0.0,0.0,0.0,2026-02-09 21:06:30,True,Tennessee,
Memoirs of a Geisha,2023-08-01,38.14,25.51,100.0,100.0,0.0,0.0,-33.12,-12.63,29.34,2026-02-09 21:06:56,True,Florida,
Rage and Ruin,2023-06-01,0.0,0.0,0.0,0.0,0.0,0.0,0.0,0.0,0.0,2026-02-09 21:07:23,True,Florida,
Eclipse,2023-08-01,24.67,2.7,100.0,100.0,20.0,1.0,-89.05,-21.97,15.36,2026-02-09 21:07:49,True,Florida,
Nick and Norah's Infinite Playlist,2023-08-01,0.0,7.29,0.0,100.0,0.0,0.0,inf,7.29,21.4,2026-02-09 21:08:16,True,Florida,
"Assassination Classroom (Series, Title Not Specified)",2023-07-01,3.17,1.11,100.0,100.0,0.0,0.0,-64.91,-2.06,14.22,2026-02-09 21:08:42,True,Florida,
The Red Scrolls of Magic,2021-12-01,1.11,0.0,100.0,0.0,0.0,0.0,-100.0,-1.11,10.48,2026-02-09 21:09:08,True,Texas,
Little & Lion,2021-11-01,1.11,0.0,100.0,0.0,0.0,0.0,-100.0,-1.11,10.48,2026-02-09 21:09:34,True,Texas,
Not My Problem,2022-02-01,50.19,67.04,100.0,100.0,0.0,40.0,33.58,16.86,16.65,2026-02-09 21:10:00,True,Tennessee,
Maus 1: A Survivor's Tale: My Father Bleeds History,2021-11-01,0.0,1.11,0.0,100.0,0.0,0.0,inf,1.11,10.48,2026-02-09 21:10:26,True,Texas,
The Seven Husbands of Evelyn Hugo,2023-10-01,58.11,54.43,100.0,100.0,0.0,0.0,-6.33,-3.68,16.36,2026-02-09 21:10:53,True,Florida,
Not That Bad: Dispatches from Rape Culture,2022-09-01,1.11,0.0,100.0,0.0,0.0,0.0,-100.0,-1.11,10.48,2026-02-09 21:11:19,True,Florida,
Beauty Queens,2023-08-01,19.41,16.72,100.0,100.0,0.0,0.0,-13.85,-2.69,27.78,2026-02-09 21:11:45,True,Florida,
Ban This Book,2023-06-01,2.09,0.0,100.0,0.0,0.0,0.0,-100.0,-2.09,13.88,2026-02-09 21:12:11,True,Florida,
The Passing Playbook,2022-02-01,0.0,0.0,0.0,0.0,0.0,0.0,0.0,0.0,0.0,2026-02-09 21:12:37,True,Tennessee,
I Was Here,2021-10-01,69.27,58.52,100.0,100.0,42.0,35.0,-15.51,-10.74,13.56,2026-02-09 21:13:03,True,Oklahoma,
I Have Lost My Way,2023-06-01,5.07,1.11,100.0,100.0,0.0,0.0,-78.07,-3.96,16.73,2026-02-09 21:13:29,True,Florida,
Salem Falls,2023-02-01,15.73,20.84,100.0,100.0,0.0,0.0,32.49,5.11,31.61,2026-02-09 21:13:55,True,Florida,
Rose Madder,2023-10-01,1.11,0.0,100.0,0.0,0.0,0.0,-100.0,-1.11,10.48,2026-02-09 21:14:21,True,Florida,
Running with Scissors: A Memoir,2023-10-01,0.0,0.0,0.0,0.0,0.0,0.0,0.0,0.0,0.0,2026-02-09 21:14:48,True,Florida,
After the Game,2023-08-01,63.69,45.01,100.0,100.0,42.0,24.0,-29.33,-18.68,16.02,2026-02-09 21:15:14,True,Florida,
The Deepest Breath,2021-12-01,2.08,0.0,100.0,0.0,0.0,0.0,-100.0,-2.08,13.82,2026-02-09 21:15:41,True,Texas,
Flowers for Algernon,2023-08-01,38.43,49.8,100.0,100.0,0.0,0.0,29.58,11.37,20.91,2026-02-09 21:16:06,True,Florida,
Cujo,2023-11-01,30.42,45.82,100.0,100.0,18.0,22.0,50.62,15.4,14.97,2026-02-09 21:16:33,True,Florida,
Turtles All the Way Down,2022-10-01,49.98,63.83,100.0,100.0,0.0,0.0,27.72,13.86,17.56,2026-02-09 21:16:59,True,Texas,
The Fever King,2023-08-01,0.0,0.0,0.0,0.0,0.0,0.0,0.0,0.0,0.0,2026-02-09 21:17:25,True,Florida,
You: A Novel of Dark Obsession,2023-09-01,0.0,0.0,0.0,0.0,0.0,0.0,0.0,0.0,0.0,2026-02-09 21:17:51,True,Alaska,
"Stamped (For Kids): Racism, Antiracism, and You",2022-10-01,0.0,1.9,0.0,100.0,0.0,0.0,inf,1.9,12.79,2026-02-09 21:18:17,True,Florida,
Striving for Equality: LGBTQ Athletes Claim the Field,2021-12-01,0.0,1.11,0.0,100.0,0.0,0.0,inf,1.11,10.48,2026-02-09 21:18:44,True,Texas,
Spirit Bound,2023-07-01,1.11,1.11,100.0,100.0,0.0,0.0,0.0,0.0,10.48,2026-02-09 21:19:10,True,Florida,
Wizard and Glass,2023-08-01,1.11,1.11,100.0,100.0,0.0,0.0,0.0,0.0,10.48,2026-02-09 21:19:36,True,Florida,
Both Can Be True,2022-07-01,51.73,36.31,100.0,100.0,16.0,0.0,-29.81,-15.42,22.93,2026-02-09 21:20:02,True,Florida,
Handle with Care,2023-02-01,42.24,61.63,100.0,100.0,0.0,0.0,45.9,19.39,27.8,2026-02-09 21:20:28,True,Florida,
Hold Still,2023-02-01,62.08,75.08,100.0,100.0,31.0,46.0,20.94,13.0,15.05,2026-02-09 21:20:54,True,Pennsylvania,
When I was Puerto Rican: A Memoir,2023-08-01,0.0,0.0,0.0,0.0,0.0,0.0,0.0,0.0,0.0,2026-02-09 21:21:20,True,Florida,
Snow Falling on Cedars,2023-01-01,1.11,3.0,100.0,100.0,0.0,0.0,170.0,1.89,13.68,2026-02-09 21:21:46,True,Virginia,
Hurricane Child,2021-12-01,3.61,0.0,100.0,0.0,0.0,0.0,-100.0,-3.61,16.99,2026-02-09 21:22:12,True,Texas,
"Heartstopper, Vol. 4",2022-11-01,0.0,1.11,0.0,100.0,0.0,0.0,inf,1.11,10.48,2026-02-09 21:22:39,True,Texas,
Kiss and Tell,2024-02-01,9.81,33.08,100.0,100.0,0.0,0.0,237.15,23.27,23.21,2026-02-09 21:23:05,True,Florida,
Beyond the Chocolate War,2023-08-01,0.0,1.11,0.0,100.0,0.0,0.0,inf,1.11,10.48,2026-02-09 21:23:31,True,Florida,
Just Listen,2023-07-01,61.68,51.5,100.0,100.0,32.0,0.0,-16.5,-10.18,16.68,2026-02-09 21:23:57,True,Florida,
Far from the Tree,2021-10-01,32.7,27.16,100.0,100.0,0.0,0.0,-16.96,-5.54,26.15,2026-02-09 21:24:23,True,Indiana,
Perfect Match,2023-02-01,22.08,18.01,100.0,100.0,11.0,2.0,-18.42,-4.07,16.29,2026-02-09 21:24:49,True,Florida,
The House of the Spirits,2021-11-01,8.02,3.89,100.0,100.0,0.0,0.0,-51.52,-4.13,22.36,2026-02-09 21:25:16,True,Florida,
Persepolis 2: The Story of a Return,2022-09-01,0.0,0.0,0.0,0.0,0.0,0.0,0.0,0.0,0.0,2026-02-09 21:25:42,True,Missouri,
Keeping You a Secret,2021-12-01,0.0,2.0,0.0,100.0,0.0,0.0,inf,2.0,13.35,2026-02-09 21:26:08,True,Texas,
To All the Boys I've Loved Before,2023-08-01,21.17,43.38,100.0,100.0,6.0,0.0,104.93,22.21,21.58,2026-02-09 21:26:35,True,Florida,
Cut,2023-02-01,79.62,68.39,100.0,100.0,68.0,60.0,-14.11,-11.23,7.9,2026-02-09 21:27:01,True,Florida,
Billy Summers,2024-06-01,0.0,1.11,0.0,100.0,0.0,0.0,inf,1.11,10.48,2026-02-09 21:27:28,True,Florida,
Plain Truth,2023-02-01,0.0,0.0,0.0,0.0,0.0,0.0,0.0,0.0,0.0,2026-02-09 21:27:54,True,Florida,
Only Mostly Devastated,2023-07-01,0.0,0.0,0.0,0.0,0.0,0.0,0.0,0.0,0.0,2026-02-09 21:28:20,True,Florida,
One of Us Is Lying,2023-06-01,70.41,70.67,100.0,100.0,27.0,43.0,0.36,0.26,12.11,2026-02-09 21:28:46,True,Florida,
Orphan Train,2023-08-01,17.76,15.37,100.0,100.0,0.0,0.0,-13.45,-2.39,32.34,2026-02-09 21:29:12,True,Florida,
Catch-22,2023-08-01,7.18,3.34,100.0,100.0,0.0,0.0,-53.41,-3.83,17.26,2026-02-09 21:29:38,True,Florida,
City of Bones,2023-08-01,54.26,28.8,100.0,100.0,0.0,12.0,-46.92,-25.46,27.21,2026-02-09 21:30:05,True,Florida,
Ship It,2021-12-01,83.87,79.04,100.0,100.0,64.0,56.0,-5.75,-4.82,8.86,2026-02-09 21:30:31,True,Texas,
Dreamcatcher,2024-05-01,71.84,38.48,100.0,100.0,40.0,20.0,-46.44,-33.37,20.62,2026-02-09 21:30:57,True,Florida,
Not a Drop to Drink,2023-10-01,1.11,2.09,100.0,100.0,0.0,0.0,88.0,0.98,12.31,2026-02-09 21:31:23,True,Florida,
Choke (SO),2022-10-01,3.06,1.11,100.0,100.0,0.0,0.0,-63.64,-1.94,13.86,2026-02-09 21:31:50,True,Florida,
Tell Me Three Things,2023-03-01,0.0,2.89,0.0,100.0,0.0,0.0,inf,2.89,15.65,2026-02-09 21:32:16,True,Texas,
Boy2Girl,2021-11-01,0.0,1.11,0.0,100.0,0.0,0.0,inf,1.11,10.48,2026-02-09 21:32:42,True,Florida,
Something Happened in Our Town,2022-05-01,1.11,0.0,100.0,0.0,0.0,0.0,-100.0,-1.11,10.48,2026-02-09 21:33:08,True,Missouri,
SuperMutant Magic Academy,2022-08-01,0.0,0.0,0.0,0.0,0.0,0.0,0.0,0.0,0.0,2026-02-09 21:33:34,True,Florida,
Beetle and the Hollowbones,2023-04-01,0.0,0.0,0.0,0.0,0.0,0.0,0.0,0.0,0.0,2026-02-09 21:34:00,True,Florida,
The Last Star,2023-03-01,32.34,53.53,100.0,100.0,20.0,37.0,65.51,21.19,15.08,2026-02-09 21:34:26,True,Texas,
Chicken Girl,2022-02-01,49.8,64.79,100.0,100.0,26.0,45.0,30.1,14.99,14.78,2026-02-09 21:34:52,True,Tennessee,
Blood and Honey,2023-10-01,47.17,28.82,100.0,100.0,25.0,9.0,-38.89,-18.34,19.82,2026-02-09 21:35:19,True,Iowa,
Revival,2023-02-01,43.12,17.89,100.0,100.0,30.0,8.0,-58.52,-25.23,19.72,2026-02-09 21:35:45,True,Pennsylvania,
New Moon,2023-08-01,30.09,39.02,100.0,100.0,18.0,23.0,29.69,8.93,15.55,2026-02-09 21:36:12,True,Florida,
"No, David!",2023-10-01,1.11,1.93,100.0,100.0,0.0,0.0,74.0,0.82,11.8,2026-02-09 21:36:37,True,Florida,
Dishes,2022-01-01,50.1,80.18,100.0,100.0,34.0,64.0,60.04,30.08,18.93,2026-02-09 21:37:05,True,Texas,
Not Even Bones,2024-02-01,4.31,3.74,100.0,100.0,0.0,0.0,-13.14,-0.57,17.74,2026-02-09 21:37:31,True,Florida,
The Gunslinger,2023-08-01,38.42,36.08,100.0,100.0,0.0,0.0,-6.1,-2.34,23.16,2026-02-09 21:37:57,True,Florida,
Black House,2024-05-01,75.0,81.53,100.0,100.0,58.0,64.0,8.71,6.53,9.41,2026-02-09 21:38:24,True,Florida,
The Magicians,2023-10-01,71.36,66.62,100.0,100.0,45.0,50.0,-6.63,-4.73,10.18,2026-02-09 21:38:50,True,Florida,
Dark Triumph,2023-08-01,1.96,1.11,100.0,100.0,0.0,0.0,-43.18,-0.84,11.87,2026-02-09 21:39:16,True,Florida,
Clockwork Angel,2023-08-01,2.02,1.11,100.0,100.0,0.0,0.0,-45.05,-0.91,12.08,2026-02-09 21:39:43,True,Florida,
City of Thieves (DB),2023-12-01,0.0,0.0,0.0,0.0,0.0,0.0,0.0,0.0,0.0,2026-02-09 21:40:09,True,Florida,
Bone Gap,2023-08-01,1.11,7.98,100.0,100.0,0.0,0.0,618.0,6.87,18.92,2026-02-09 21:40:35,True,Florida,
Picture Perfect (JP),2023-07-01,0.0,0.0,0.0,0.0,0.0,0.0,0.0,0.0,0.0,2026-02-09 21:41:01,True,Florida,
Christine,2024-05-01,57.23,68.26,100.0,100.0,45.0,52.0,19.26,11.02,9.81,2026-02-09 21:41:27,True,Florida,
Rules of Attraction,2024-06-01,2.77,5.68,100.0,100.0,0.0,0.0,105.22,2.91,16.7,2026-02-09 21:41:53,True,Iowa,
The Clan of the Cave Bear,2023-07-01,8.42,12.9,100.0,100.0,0.0,0.0,53.17,4.48,27.49,2026-02-09 21:42:19,True,Florida,
The Mist,2023-02-01,74.01,75.28,100.0,100.0,59.0,59.0,1.71,1.27,9.21,2026-02-09 21:42:46,True,Pennsylvania,
Blue Bloods,2022-10-01,45.79,22.76,100.0,100.0,31.0,11.0,-50.3,-23.03,16.29,2026-02-09 21:43:12,True,Texas,
Copper Sun,2023-07-01,26.02,8.02,100.0,100.0,0.0,0.0,-69.17,-18.0,29.9,2026-02-09 21:43:38,True,Florida,
Running Loose,2023-10-01,8.42,18.58,100.0,100.0,0.0,0.0,120.58,10.16,27.19,2026-02-09 21:44:04,True,Florida,
Cold Mountain,2023-08-01,42.88,68.27,100.0,100.0,23.0,35.0,59.21,25.39,18.91,2026-02-09 21:44:31,True,Florida,
Fire,2023-08-01,50.69,33.78,100.0,100.0,42.0,26.0,-33.36,-16.91,13.21,2026-02-09 21:44:57,True,Florida,
Firekeeper's Daughter,2023-08-01,10.39,10.16,100.0,100.0,0.0,0.0,-2.25,-0.23,22.54,2026-02-09 21:45:24,True,Florida,
Kafka on the Shore,2024-05-01,6.78,7.79,100.0,100.0,0.0,0.0,14.92,1.01,23.02,2026-02-09 21:45:50,True,Florida,
A Good Man is Hard to Find And Other Stories,2023-10-01,0.0,0.0,0.0,0.0,0.0,0.0,0.0,0.0,0.0,2026-02-09 21:46:16,True,Florida,
King and the Dragonflies,2021-11-01,1.11,1.11,100.0,100.0,0.0,0.0,0.0,0.0,10.48,2026-02-09 21:46:42,True,Florida,
A Heart in a Body in the World,2023-08-01,0.0,2.06,0.0,100.0,0.0,0.0,inf,2.06,13.68,2026-02-09 21:47:08,True,Florida,
The Storyteller,2023-02-01,53.83,19.54,100.0,100.0,0.0,0.0,-63.69,-34.29,24.43,2026-02-09 21:47:36,True,Florida,
"Then Again, Maybe I Won't",2022-03-01,0.0,0.0,0.0,0.0,0.0,0.0,0.0,0.0,0.0,2026-02-09 21:48:01,True,Texas,
King's Cage,2022-10-01,1.11,0.0,100.0,0.0,0.0,0.0,-100.0,-1.11,10.48,2026-02-09 21:48:27,True,Texas,
Everything's Eventual: 14 Dark Tales,2023-08-01,0.0,1.11,0.0,100.0,0.0,0.0,inf,1.11,10.48,2026-02-09 21:48:53,True,Florida,
The Tale of a Body Thief,2022-10-01,2.98,1.11,100.0,100.0,0.0,0.0,-62.69,-1.87,13.62,2026-02-09 21:49:20,True,Virginia,
Would I Lie to You,2023-08-01,48.18,36.16,100.0,100.0,0.0,0.0,-24.95,-12.02,29.43,2026-02-09 21:49:46,True,Florida,
Every Last Word,2023-08-01,31.14,35.72,100.0,100.0,0.0,0.0,14.7,4.58,32.36,2026-02-09 21:50:12,True,Florida,
Gone (LM),2024-03-01,0.0,1.11,0.0,100.0,0.0,0.0,inf,1.11,10.48,2026-02-09 21:50:38,True,Florida,
Everybody Sees the Ants,2021-09-01,0.0,0.0,0.0,0.0,0.0,0.0,0.0,0.0,0.0,2026-02-09 21:51:05,True,Indiana,
We'll Always Have Summer,2022-11-01,2.12,2.03,100.0,100.0,0.0,0.0,-4.19,-0.09,13.82,2026-02-09 21:51:31,True,Texas,
"Full Dark, No Stars",2024-03-01,0.0,0.0,0.0,0.0,0.0,0.0,0.0,0.0,0.0,2026-02-09 21:51:57,True,Florida,
A Song Only I Can Hear,2023-07-01,1.11,0.0,100.0,0.0,0.0,0.0,-100.0,-1.11,10.48,2026-02-09 21:52:23,True,Florida,
Across the Universe,2023-08-01,35.76,48.71,100.0,100.0,15.0,30.0,36.23,12.96,15.58,2026-02-09 21:52:49,True,Florida,
In the Night Kitchen,2023-10-01,4.13,8.69,100.0,100.0,0.0,0.0,110.22,4.56,23.09,2026-02-09 21:53:15,True,Florida,
Verity,2022-10-01,58.13,65.13,100.0,100.0,36.0,42.0,12.04,7.0,12.46,2026-02-09 21:53:41,True,Utah,
A Yellow Raft in Blue Water,2023-07-01,0.0,0.0,0.0,0.0,0.0,0.0,0.0,0.0,0.0,2026-02-09 21:54:08,True,Florida,
Intensity,2023-08-01,62.42,61.69,100.0,100.0,40.0,33.0,-1.17,-0.73,15.74,2026-02-09 21:54:34,True,Florida,
Where She Went,2023-06-01,51.9,29.56,100.0,100.0,0.0,0.0,-43.05,-22.34,29.35,2026-02-09 21:55:00,True,Florida,
Whispers,2023-10-01,36.56,55.03,100.0,100.0,25.0,40.0,50.55,18.48,12.74,2026-02-09 21:55:27,True,Florida,
When I Was the Greatest,2023-02-01,13.9,26.18,100.0,100.0,0.0,0.0,88.33,12.28,33.61,2026-02-09 21:55:53,True,Florida,
It Feels Good to Be Yourself: A Book About Gender Identity,2023-10-01,0.0,0.0,0.0,0.0,0.0,0.0,0.0,0.0,0.0,2026-02-09 21:56:19,True,Florida,
All the Rage,2023-08-01,36.17,49.78,100.0,100.0,0.0,0.0,37.63,13.61,29.06,2026-02-09 21:56:45,True,Florida,
Jay's Gay Agenda,2022-02-01,0.0,0.0,0.0,0.0,0.0,0.0,0.0,0.0,0.0,2026-02-09 21:57:11,True,Tennessee,
Transgender Rights and Issues,2021-12-01,0.0,0.0,0.0,0.0,0.0,0.0,0.0,0.0,0.0,2026-02-09 22:52:48,True,Texas,
Maybe Someday,2023-08-01,62.87,58.47,100.0,100.0,0.0,0.0,-7.0,-4.4,20.99,2026-02-09 22:53:14,True,Iowa,
Lisey's Story,2024-05-01,0.0,1.11,0.0,100.0,0.0,0.0,inf,1.11,10.48,2026-02-09 22:53:40,True,Florida,
At the Edge of the Universe,2021-12-01,1.11,0.0,100.0,0.0,0.0,0.0,-100.0,-1.11,10.48,2026-02-09 22:54:06,True,Texas,
Empire of Wild,2023-08-01,0.0,1.11,0.0,100.0,0.0,0.0,inf,1.11,10.48,2026-02-09 22:54:31,True,Florida,
Echo After Echo,2021-12-01,12.81,20.76,100.0,100.0,0.0,0.0,62.01,7.94,29.65,2026-02-09 22:54:57,True,Texas,
You Know You Love Me,2023-07-01,69.72,63.72,100.0,100.0,50.0,48.0,-8.61,-6.0,9.18,2026-02-09 22:55:23,True,Florida,
Maybe Not,2022-10-01,62.62,63.99,100.0,100.0,38.0,0.0,2.18,1.37,14.58,2026-02-09 22:55:49,True,Michigan,
The Shining,2024-06-01,45.72,19.21,100.0,100.0,36.0,13.0,-57.98,-26.51,17.39,2026-02-09 22:56:15,True,Florida,
Girl With a Pearl Earring,2023-08-01,17.59,23.22,100.0,100.0,0.0,0.0,32.03,5.63,29.32,2026-02-09 22:56:41,True,Florida,
Grave Mercy,2023-08-01,0.0,1.11,0.0,100.0,0.0,0.0,inf,1.11,10.48,2026-02-09 22:57:07,True,Florida,
It's Not Summer Without You,2023-10-01,14.67,5.94,100.0,100.0,0.0,0.0,-59.47,-8.72,20.68,2026-02-09 22:57:33,True,Florida,
It's Not Like It's a Secret,2021-12-01,0.0,0.0,0.0,0.0,0.0,0.0,0.0,0.0,0.0,2026-02-09 22:57:59,True,Texas,
Fighting Words,2023-08-01,20.09,42.12,100.0,100.0,0.0,0.0,109.68,22.03,29.15,2026-02-09 22:58:25,True,Florida,
10 Things I Can See from Here,2021-12-01,0.0,0.0,0.0,0.0,0.0,0.0,0.0,0.0,0.0,2026-02-09 22:58:51,True,Texas,
White Hot Kiss,2023-10-01,0.0,0.0,0.0,0.0,0.0,0.0,0.0,0.0,0.0,2026-02-09 22:59:17,True,Florida,
Snapdragon,2023-06-01,44.8,12.48,100.0,100.0,29.0,6.0,-72.15,-32.32,20.19,2026-02-09 22:59:43,True,Florida,
The Sacrifice of Darkness,2022-08-01,0.0,1.11,0.0,100.0,0.0,0.0,inf,1.11,10.48,2026-02-09 23:00:09,True,Florida,
"101 Questions About Sex and Sexuality: With Answers for the Curious, Cautious, and Confused",2021-12-01,0.0,0.0,0.0,0.0,0.0,0.0,0.0,0.0,0.0,2026-02-09 23:00:35,True,Texas,
Black Rabbit Summer,2021-12-01,0.0,2.21,0.0,100.0,0.0,0.0,inf,2.21,14.67,2026-02-09 23:01:01,True,Texas,
Gender Identity: Beyond Pronouns and Bathrooms,2022-02-01,1.11,0.0,100.0,0.0,0.0,0.0,-100.0,-1.11,10.48,2026-02-09 23:01:27,True,Tennessee,
Flor Fights Back: A Stonewall Riots Survival Story,2023-05-01,0.0,0.0,0.0,0.0,0.0,0.0,0.0,0.0,0.0,2026-02-09 23:01:53,True,Florida,
Alice Austen Lived Here,2024-06-01,1.11,0.0,100.0,0.0,0.0,0.0,-100.0,-1.11,10.48,2026-02-09 23:02:19,True,Iowa,
"Will Grayson, Will Grayson (Will Grayson, Will Grayson Series)",2021-11-01,0.0,0.0,0.0,0.0,0.0,0.0,0.0,0.0,0.0,2026-02-09 23:02:45,True,Texas,
Almost Flying,2023-09-01,0.0,1.11,0.0,100.0,0.0,0.0,inf,1.11,10.48,2026-02-09 23:03:11,True,Florida,
"Soul Eater, Vol. 2",2022-10-01,0.0,1.11,0.0,100.0,0.0,0.0,inf,1.11,10.48,2026-02-09 23:03:37,True,Texas,
Marriage of a Thousand Lies,2021-11-01,0.0,0.0,0.0,0.0,0.0,0.0,0.0,0.0,0.0,2026-02-09 23:04:03,True,Florida,
The Art of Being Normal,2021-12-01,0.0,0.0,0.0,0.0,0.0,0.0,0.0,0.0,0.0,2026-02-09 23:04:29,True,Texas,
Jarhead: A Marine's Chronicle of the Gulf War and Other Battles,2022-12-01,1.11,0.0,100.0,0.0,0.0,0.0,-100.0,-1.11,10.48,2026-02-09 23:04:56,True,Michigan,
The Grief Keeper,2021-12-01,0.0,0.0,0.0,0.0,0.0,0.0,0.0,0.0,0.0,2026-02-09 23:05:22,True,Texas,
Tomboy: A Graphic Memoir,2021-12-01,0.0,0.0,0.0,0.0,0.0,0.0,0.0,0.0,0.0,2026-02-09 23:05:48,True,Texas,
When It Happens,2023-09-01,64.49,71.21,100.0,100.0,49.0,39.0,10.42,6.72,14.54,2026-02-09 23:06:14,True,Florida,
Is He a Girl?,2022-09-01,0.0,0.0,0.0,0.0,0.0,0.0,0.0,0.0,0.0,2026-02-09 23:06:40,True,Florida,
Punkzilla,2023-08-01,1.11,0.0,100.0,0.0,0.0,0.0,-100.0,-1.11,10.48,2026-02-09 23:07:06,True,Florida,
Gingerbread,2023-06-01,80.32,70.82,100.0,100.0,62.0,49.0,-11.83,-9.5,11.19,2026-02-09 23:07:32,True,Florida,
Uncomfortable Conversations with a Black Boy,2022-09-01,0.0,2.93,0.0,100.0,0.0,0.0,inf,2.93,15.9,2026-02-09 23:07:59,True,Florida,
Plan A,2024-08-01,72.14,57.21,100.0,100.0,53.0,37.0,-20.7,-14.93,13.39,2026-02-09 23:08:26,True,Tennessee,
"Shirley Jackson's ""The Lottery"": The Authorized Graphic Adaptation",2021-09-01,0.0,0.0,0.0,0.0,0.0,0.0,0.0,0.0,0.0,2026-02-09 23:08:52,True,Texas,
Gerald's Game,2023-08-01,19.7,37.68,100.0,100.0,0.0,0.0,91.26,17.98,21.74,2026-02-09 23:09:18,True,Maine,
The Carrie Diaries,2023-08-01,14.9,13.11,100.0,100.0,0.0,0.0,-12.01,-1.79,18.45,2026-02-09 23:09:44,True,Florida,
A Thousand Acres,2023-02-01,2.24,1.93,100.0,100.0,0.0,0.0,-13.86,-0.31,12.91,2026-02-09 23:10:10,True,Idaho,
Hooked,2022-01-01,83.18,73.03,100.0,100.0,67.0,56.0,-12.2,-10.14,8.65,2026-02-09 23:10:36,True,Texas,
Monument 14: Sky On Fire,2023-12-01,0.0,1.11,0.0,100.0,0.0,0.0,inf,1.11,10.48,2026-02-09 23:11:02,True,Florida,
Confess,2022-10-01,28.33,53.31,100.0,100.0,15.0,36.0,88.16,24.98,19.17,2026-02-09 23:11:29,True,South Carolina,
Mr. Mercedes,2024-05-01,2.66,0.0,100.0,0.0,0.0,0.0,-100.0,-2.66,14.54,2026-02-09 23:11:55,True,Florida,
Seeing Gender: An Illustrated Guide to Identity and Expression,2022-02-01,0.0,0.0,0.0,0.0,0.0,0.0,0.0,0.0,0.0,2026-02-09 23:12:21,True,Tennessee,
Gender Identity (Teen Mental Health),2021-12-01,1.11,2.09,100.0,100.0,0.0,0.0,88.0,0.98,12.31,2026-02-09 23:12:47,True,Texas,
I'm the Girl,2023-10-01,64.68,73.6,100.0,100.0,31.0,45.0,13.79,8.92,12.51,2026-02-09 23:13:13,True,Iowa,
A Time to Kill,2023-08-01,19.43,35.22,100.0,100.0,10.0,22.0,81.25,15.79,14.3,2026-02-09 23:13:39,True,Florida,
"I Have the Right To: A High School Survivor's Story of Sexual Assault, Justice and Hope",2024-06-01,0.0,0.0,0.0,0.0,0.0,0.0,0.0,0.0,0.0,2026-02-09 23:14:05,True,Iowa,
Shut Out,2024-04-01,63.44,72.41,100.0,100.0,43.0,49.0,14.13,8.97,11.2,2026-02-09 23:14:32,True,Florida,
Comanche Moon,2023-10-01,2.73,2.98,100.0,100.0,0.0,0.0,8.94,0.24,15.58,2026-02-09 23:14:58,True,Florida,
The Complete Maus: A Survivor's Tale,2022-09-01,0.0,1.11,0.0,100.0,0.0,0.0,inf,1.11,10.48,2026-02-09 23:15:24,True,Missouri,
Blockade Billy,2024-05-01,0.0,1.11,0.0,100.0,0.0,0.0,inf,1.11,10.48,2026-02-09 23:15:50,True,Florida,
Blessed,2023-12-01,43.64,60.17,100.0,100.0,35.0,46.0,37.86,16.52,12.23,2026-02-09 23:16:16,True,Florida,
Grace and Glory,2023-06-01,3.67,3.02,100.0,100.0,0.0,0.0,-17.58,-0.64,16.74,2026-02-09 23:16:42,True,Florida,
Freak the Mighty,2023-08-01,21.61,36.99,100.0,100.0,0.0,0.0,71.16,15.38,29.55,2026-02-09 23:17:09,True,Florida,
If You Find This,2024-03-01,55.6,64.4,100.0,100.0,8.0,18.0,15.83,8.8,26.32,2026-02-09 23:17:35,True,Florida,
City of Heavenly Fire (The Mortal Instruments Series),2021-11-01,1.11,0.0,100.0,0.0,0.0,0.0,-100.0,-1.11,10.48,2026-02-09 23:18:01,True,Texas,
The Difference Between You and Me,2021-12-01,28.79,41.32,100.0,100.0,0.0,0.0,43.54,12.53,33.55,2026-02-09 23:18:27,True,Texas,
The Downstairs Girl,2021-12-01,3.89,1.11,100.0,100.0,0.0,0.0,-71.43,-2.78,14.9,2026-02-09 23:18:53,True,Texas,
The Dark Tower,2023-02-01,30.67,35.01,100.0,100.0,15.0,18.0,14.17,4.34,12.8,2026-02-09 23:19:19,True,Pennsylvania,
A Scatter of Light,2023-10-01,1.11,1.11,100.0,100.0,0.0,0.0,0.0,0.0,10.48,2026-02-09 23:19:45,True,Florida,
"You Don’t Know Everything, Jilly P!",2023-11-01,0.0,1.11,0.0,100.0,0.0,0.0,inf,1.11,10.48,2026-02-09 23:20:11,True,Iowa,
In a Handful of Dust,2023-12-01,1.11,1.11,100.0,100.0,0.0,0.0,0.0,0.0,10.48,2026-02-09 23:20:37,True,Florida,
Redeemed,2023-08-01,43.67,67.94,100.0,100.0,28.0,43.0,55.6,24.28,17.27,2026-02-09 23:21:04,True,Florida,
Reminders of Him,2023-10-01,39.02,33.99,100.0,100.0,0.0,0.0,-12.9,-5.03,26.1,2026-02-09 23:21:30,True,Iowa,
"Middle School's a Drag, You Better Werk!",2021-12-01,0.0,0.0,0.0,0.0,0.0,0.0,0.0,0.0,0.0,2026-02-09 23:21:56,True,Texas,
Mexican Whiteboy,2021-11-01,0.0,1.96,0.0,100.0,0.0,0.0,inf,1.96,13.09,2026-02-09 23:22:22,True,Florida,
Someone Like You,2023-10-01,80.91,78.0,100.0,100.0,67.0,57.0,-3.6,-2.91,7.29,2026-02-09 23:22:48,True,Florida,
Num8ers,2023-06-01,0.0,0.0,0.0,0.0,0.0,0.0,0.0,0.0,0.0,2026-02-09 23:23:14,True,Florida,
"A Game of Thrones: The Graphic Novel, Vol. 1",2022-09-01,0.0,0.0,0.0,0.0,0.0,0.0,0.0,0.0,0.0,2026-02-09 23:23:41,True,Missouri,
End of Watch,2024-05-01,69.53,43.84,100.0,100.0,38.0,25.0,-36.94,-25.69,18.6,2026-02-09 23:24:07,True,Florida,
"The Teenage Guy's Survival Guide: The Real Deal on Going Out, Growing Up, and Other Guy Stuff",2022-10-01,0.0,0.0,0.0,0.0,0.0,0.0,0.0,0.0,0.0,2026-02-09 23:24:33,True,Texas,
The Taking of Jake Livingston,2024-02-01,1.11,0.0,100.0,0.0,0.0,0.0,-100.0,-1.11,10.48,2026-02-09 23:25:00,True,Florida,
A Complicated Love Story Set in Space,2022-02-01,0.0,1.11,0.0,100.0,0.0,0.0,inf,1.11,10.48,2026-02-09 23:25:26,True,Tennessee,
My Dark Vanessa,2023-03-01,7.86,8.31,100.0,100.0,0.0,0.0,5.8,0.46,21.0,2026-02-09 23:25:52,True,Florida,
Sonny's House of Spies,2021-12-01,0.0,0.0,0.0,0.0,0.0,0.0,0.0,0.0,0.0,2026-02-09 23:26:18,True,Texas,
"Fairy Tail, Vol. 5",2024-04-01,1.11,0.0,100.0,0.0,0.0,0.0,-100.0,-1.11,10.48,2026-02-09 23:26:44,True,Florida,
"Fairy Tail, Vol. 2",2024-04-01,1.11,0.0,100.0,0.0,0.0,0.0,-100.0,-1.11,10.48,2026-02-09 23:27:10,True,Florida,
Opposition,2023-08-01,51.52,23.91,100.0,100.0,26.0,10.0,-53.59,-27.61,20.58,2026-02-09 23:27:36,True,Florida,
Kingdom of the Cursed,2024-06-01,1.86,1.11,100.0,100.0,0.0,0.0,-40.12,-0.74,11.57,2026-02-09 23:28:02,True,Iowa,
Before the Devil Breaks You,2023-08-01,1.11,0.0,100.0,0.0,0.0,0.0,-100.0,-1.11,10.48,2026-02-09 23:28:28,True,Florida,
Let it Snow: Three Holiday Romances,2021-12-01,0.0,1.11,0.0,100.0,0.0,0.0,inf,1.11,10.48,2026-02-09 23:28:54,True,Wisconsin,
Eon: Dragoneye Reborn,2023-10-01,0.0,0.0,0.0,0.0,0.0,0.0,0.0,0.0,0.0,2026-02-09 23:29:20,True,Florida,
Lessons from a Dead Girl,2022-09-01,0.0,0.0,0.0,0.0,0.0,0.0,0.0,0.0,0.0,2026-02-09 23:29:47,True,Florida,
"A Game of Thrones: The Graphic Novel, Vol. 4",2022-09-01,0.0,0.0,0.0,0.0,0.0,0.0,0.0,0.0,0.0,2026-02-09 23:30:13,True,Missouri,
Lord of the Flies,2021-10-01,41.21,56.79,100.0,100.0,18.0,13.0,37.8,15.58,24.48,2026-02-09 23:30:40,True,Oklahoma,
Lock and Key,2023-08-01,76.69,74.63,100.0,100.0,42.0,48.0,-2.68,-2.06,12.34,2026-02-09 23:31:06,True,Florida,
Wonders of the Invisible World,2021-12-01,0.0,1.11,0.0,100.0,0.0,0.0,inf,1.11,10.48,2026-02-09 23:31:32,True,Texas,
Let's Talk About Love,2021-12-01,1.11,0.0,100.0,0.0,0.0,0.0,-100.0,-1.11,10.48,2026-02-09 23:31:58,True,Texas,
Night,2021-11-01,72.32,70.7,100.0,100.0,54.0,50.0,-2.24,-1.62,11.4,2026-02-09 23:32:24,True,Texas,
Lizard Radio,2021-12-01,0.0,0.0,0.0,0.0,0.0,0.0,0.0,0.0,0.0,2026-02-09 23:32:51,True,Texas,
"Gone, Gone, Gone",2021-12-01,1.11,1.79,100.0,100.0,0.0,0.0,61.0,0.68,11.39,2026-02-09 23:33:16,True,Texas,
Muted,2023-10-01,73.31,80.58,100.0,100.0,56.0,59.0,9.91,7.27,9.0,2026-02-09 23:33:43,True,Iowa,
Dig,2023-08-01,85.26,81.26,100.0,100.0,72.0,72.0,-4.69,-4.0,5.77,2026-02-09 23:34:09,True,Florida,
Ninth House,2022-10-01,35.27,34.02,100.0,100.0,0.0,0.0,-3.53,-1.24,29.98,2026-02-09 23:34:35,True,Texas,
As I Descended,2021-12-01,1.11,1.11,100.0,100.0,0.0,0.0,0.0,0.0,10.48,2026-02-09 23:35:01,True,Texas,
The Meaning of Birds,2021-12-01,8.19,13.79,100.0,100.0,0.0,0.0,68.39,5.6,24.67,2026-02-09 23:35:27,True,Texas,
"Sparks: The epic, Completely True Blue, (Almost) Holy Quest of Debbie",2023-11-01,0.0,0.0,0.0,0.0,0.0,0.0,0.0,0.0,0.0,2026-02-09 23:35:53,True,Florida,
Aristotle and Dante Dive into the Waters of the World,2023-10-01,1.87,0.0,100.0,0.0,0.0,0.0,-100.0,-1.87,12.61,2026-02-09 23:36:19,True,Florida,
Leviathan Wakes,2024-03-01,4.02,2.2,100.0,100.0,0.0,0.0,-45.3,-1.82,16.82,2026-02-09 23:36:45,True,Florida,
Look,2023-08-01,88.94,75.86,100.0,100.0,81.0,70.0,-14.72,-13.09,7.46,2026-02-09 23:37:12,True,Florida,
Arden Grey,2024-02-01,0.0,1.11,0.0,100.0,0.0,0.0,inf,1.11,10.48,2026-02-09 23:37:38,True,Florida,
"Soul Eater, Vol. 1",2022-10-01,0.0,0.0,0.0,0.0,0.0,0.0,0.0,0.0,0.0,2026-02-09 23:38:03,True,Texas,
Keeping Faith,2023-02-01,15.26,20.13,100.0,100.0,0.0,0.0,31.97,4.88,25.29,2026-02-09 23:38:30,True,Florida,
Kate in Waiting,2022-02-01,0.0,0.0,0.0,0.0,0.0,0.0,0.0,0.0,0.0,2026-02-09 23:38:56,True,Tennessee,
Streets of Laredo,2023-10-01,7.73,6.5,100.0,100.0,0.0,0.0,-15.95,-1.23,20.24,2026-02-09 23:39:21,True,Florida,
The House of Hades,2023-10-01,0.0,1.11,0.0,100.0,0.0,0.0,inf,1.11,10.48,2026-02-09 23:39:48,True,Iowa,
This Lullaby,2023-08-01,0.0,0.0,0.0,0.0,0.0,0.0,0.0,0.0,0.0,2026-02-09 23:40:14,True,Florida,
Ellen Outside the Lines,2023-10-01,0.0,0.0,0.0,0.0,0.0,0.0,0.0,0.0,0.0,2026-02-09 23:40:39,True,Florida,
"Sorted: Growing Up, Coming Out, and Finding My Place",2021-11-01,0.0,0.0,0.0,0.0,0.0,0.0,0.0,0.0,0.0,2026-02-09 23:41:05,True,Florida,
Dancing in My Nuddy-Pants: Even Further Confessions of Georgia Nicolson,2024-06-01,1.11,0.0,100.0,0.0,0.0,0.0,-100.0,-1.11,10.48,2026-02-09 23:41:31,True,Iowa,
Fat Kid Rules the World,2023-08-01,0.0,0.0,0.0,0.0,0.0,0.0,0.0,0.0,0.0,2026-02-09 23:41:57,True,Florida,
Juliet Takes a Breath: The Graphic Novel,2023-09-01,2.06,0.0,100.0,0.0,0.0,0.0,-100.0,-2.06,13.68,2026-02-09 23:42:24,True,Florida,
The Sin-Eater's Confession,2021-11-01,0.0,0.0,0.0,0.0,0.0,0.0,0.0,0.0,0.0,2026-02-09 23:42:49,True,Texas,
All the Bad Apples,2022-10-01,0.0,1.11,0.0,100.0,0.0,0.0,inf,1.11,10.48,2026-02-09 23:43:15,True,Texas,
Just After Sunset,2024-05-01,1.11,0.0,100.0,0.0,0.0,0.0,-100.0,-1.11,10.48,2026-02-09 23:43:41,True,Florida,
Bitter,2024-02-01,66.43,77.71,100.0,100.0,55.0,64.0,16.98,11.28,8.24,2026-02-09 23:44:07,True,Florida,
The Way We Work: Getting to Know the Amazing Human Body,2024-06-01,0.0,0.0,0.0,0.0,0.0,0.0,0.0,0.0,0.0,2026-02-09 23:44:33,True,Iowa,
Wizard's First Rule,2024-01-01,1.11,0.0,100.0,0.0,0.0,0.0,-100.0,-1.11,10.48,2026-02-09 23:44:59,True,Florida,
The Way I Used to Be,2021-10-01,24.17,38.04,100.0,100.0,0.0,0.0,57.43,13.88,31.98,2026-02-09 23:45:26,True,Oklahoma,
Catwoman: Soulstealer,2022-10-01,1.11,0.0,100.0,0.0,0.0,0.0,-100.0,-1.11,10.48,2026-02-09 23:45:52,True,Texas,
The Ship We Built,2023-08-01,1.11,1.94,100.0,100.0,0.0,0.0,75.0,0.83,11.83,2026-02-09 23:46:18,True,Florida,
"Knocked Out By My Nunga Nungas: Further, Further Confessions of Georgia Nicolson",2023-08-01,0.0,0.0,0.0,0.0,0.0,0.0,0.0,0.0,0.0,2026-02-09 23:46:44,True,Florida,
World War Z: An Oral History of the Zombie War,2023-08-01,0.0,0.0,0.0,0.0,0.0,0.0,0.0,0.0,0.0,2026-02-10 08:56:21,True,Florida,
Solitaire,2023-10-01,82.8,85.86,100.0,100.0,63.0,66.0,3.69,3.06,10.25,2026-02-10 08:56:49,True,Iowa,
GLBTQ*: The Survival Guide for Queer and Questioning Teens,2024-06-01,1.11,1.11,100.0,100.0,0.0,0.0,0.0,0.0,10.48,2026-02-10 08:57:15,True,Iowa,
"Girl, (Nearly) 16: Absolute Torture",2021-12-01,1.11,0.0,100.0,0.0,0.0,0.0,-100.0,-1.11,10.48,2026-02-10 08:57:42,True,Texas,
"Soul Eater, Vol. 9",2023-08-01,0.0,0.0,0.0,0.0,0.0,0.0,0.0,0.0,0.0,2026-02-10 08:58:09,True,Florida,
Six of Crows,2023-08-01,68.29,58.17,100.0,100.0,33.0,24.0,-14.82,-10.12,14.42,2026-02-10 09:03:37,True,Florida,
Glass Sword,2023-10-01,14.14,15.56,100.0,100.0,0.0,0.0,9.98,1.41,29.45,2026-02-10 09:04:03,True,Florida,
Club Dead,2024-02-01,59.14,45.13,100.0,100.0,0.0,0.0,-23.69,-14.01,15.91,2026-02-10 09:04:30,True,Florida,
"Soul Eater, Vol. 8",2023-08-01,0.0,0.0,0.0,0.0,0.0,0.0,0.0,0.0,0.0,2026-02-10 09:04:58,True,Florida,
"Soul Eater, Vol. 6",2023-08-01,0.0,0.0,0.0,0.0,0.0,0.0,0.0,0.0,0.0,2026-02-10 09:05:24,True,Florida,
Heartless,2023-08-01,67.87,75.02,100.0,100.0,45.0,55.0,10.54,7.16,10.03,2026-02-10 09:05:51,True,Florida,
Somebody Told Me,2022-02-01,41.07,68.77,100.0,100.0,0.0,41.0,67.45,27.7,23.2,2026-02-10 09:06:18,True,Tennessee,
Someday This Pain Will Be Useful to You,2023-08-01,0.0,2.11,0.0,100.0,0.0,0.0,inf,2.11,14.02,2026-02-10 09:06:45,True,Florida,
"Soul Eater, Vol. 13",2023-08-01,1.11,0.0,100.0,0.0,0.0,0.0,-100.0,-1.11,10.48,2026-02-10 09:07:11,True,Florida,
Geography Club,2024-01-01,1.9,1.87,100.0,100.0,0.0,0.0,-1.75,-0.03,12.7,2026-02-10 09:07:38,True,Iowa,
Startled by His Furry Shorts,2024-06-01,0.0,1.11,0.0,100.0,0.0,0.0,inf,1.11,10.48,2026-02-10 09:08:05,True,Iowa,
Songs of a Humpback Whale,2023-02-01,0.0,0.0,0.0,0.0,0.0,0.0,0.0,0.0,0.0,2026-02-10 09:08:32,True,Florida,
Ground Zero,2022-09-01,67.38,22.22,100.0,100.0,41.0,12.0,-67.02,-45.16,25.17,2026-02-10 09:08:58,True,Florida,
"Soul Eater, Vol. 10",2023-08-01,0.0,0.0,0.0,0.0,0.0,0.0,0.0,0.0,0.0,2026-02-10 09:09:25,True,Florida,
"Soul Eater, Vol. 12",2023-08-01,0.0,0.0,0.0,0.0,0.0,0.0,0.0,0.0,0.0,2026-02-10 09:09:51,True,Florida,
Hear These Voices: Youth at the Edge of the Millennium,2021-11-01,0.0,1.11,0.0,100.0,0.0,0.0,inf,1.11,10.48,2026-02-10 09:10:18,True,Florida,
Hold Back the Tide,2022-01-01,0.0,1.11,0.0,100.0,0.0,0.0,inf,1.11,10.48,2026-02-10 09:10:45,True,Texas,
Change of Heart,2024-10-01,55.27,61.89,100.0,100.0,27.0,20.0,11.98,6.62,19.93,2026-02-10 09:16:23,True,Florida,
Solo quedó nuestra historia,2024-06-01,0.0,0.0,0.0,0.0,0.0,0.0,0.0,0.0,0.0,2026-02-10 09:23:07,True,Florida,
Cherry,2022-03-01,78.74,64.16,100.0,100.0,59.0,52.0,-18.53,-14.59,11.49,2026-02-10 09:23:34,True,Texas,
Some Assembly Required: The Not-So-Secret Life of a Transgender Teen,2021-12-01,0.0,0.0,0.0,0.0,0.0,0.0,0.0,0.0,0.0,2026-02-10 09:24:01,True,Texas,
Cherry Money Baby,2023-09-01,1.11,1.11,100.0,100.0,0.0,0.0,0.0,0.0,10.48,2026-02-10 09:29:39,True,Florida,
City of Lost Souls,2023-08-01,0.0,0.0,0.0,0.0,0.0,0.0,0.0,0.0,0.0,2026-02-10 09:30:05,True,Florida,
Definitely Dead,2024-02-01,0.0,0.0,0.0,0.0,0.0,0.0,0.0,0.0,0.0,2026-02-10 09:30:32,True,Florida,
Light It Up,2022-08-01,60.36,66.42,100.0,100.0,37.0,42.0,10.05,6.07,13.69,2026-02-10 09:30:59,True,Florida,
Different Kinds of Fruit,2022-10-01,0.0,1.11,0.0,100.0,0.0,0.0,inf,1.11,10.48,2026-02-10 09:31:25,True,Florida,
Evermore,2023-08-01,53.63,36.67,100.0,100.0,39.0,22.0,-31.63,-16.97,14.47,2026-02-10 09:31:51,True,Florida,
Every Hidden Thing,2022-10-01,0.0,1.11,0.0,100.0,0.0,0.0,inf,1.11,10.48,2026-02-10 09:32:18,True,Texas,
No One to Trust,2023-08-01,18.84,34.49,100.0,100.0,0.0,0.0,83.02,15.64,37.18,2026-02-10 09:32:44,True,Florida,
Nearly Gone,2023-08-01,0.0,1.11,0.0,100.0,0.0,0.0,inf,1.11,10.48,2026-02-10 09:33:10,True,Florida,
Never Always Sometimes,2023-08-01,32.71,36.78,100.0,100.0,0.0,0.0,12.43,4.07,32.76,2026-02-10 09:33:37,True,Florida,
King Dork,2023-08-01,0.0,0.0,0.0,0.0,0.0,0.0,0.0,0.0,0.0,2026-02-10 09:34:04,True,Florida,
Kendra,2023-08-01,57.01,74.28,100.0,100.0,46.0,61.0,30.29,17.27,11.44,2026-02-10 09:34:31,True,Florida,
"Families, Families, Families!",2023-06-01,3.23,0.0,100.0,0.0,0.0,0.0,-100.0,-3.23,17.43,2026-02-10 09:34:58,True,Florida,
Panic (SMD),2023-08-01,0.0,0.0,0.0,0.0,0.0,0.0,0.0,0.0,0.0,2026-02-10 09:35:25,True,Florida,
Defy the Stars,2023-08-01,0.0,0.0,0.0,0.0,0.0,0.0,0.0,0.0,0.0,2026-02-10 09:41:03,True,Florida,
One Flew Over the Cuckoo's Nest,2023-08-01,29.37,57.68,100.0,100.0,13.0,36.0,96.41,28.31,18.97,2026-02-10 09:41:30,True,Florida,
Kings Rising,2024-02-01,1.11,1.11,100.0,100.0,0.0,0.0,0.0,0.0,10.48,2026-02-10 09:41:57,True,Florida,
Openly Straight,2023-10-01,0.0,0.0,0.0,0.0,0.0,0.0,0.0,0.0,0.0,2026-02-10 09:42:23,True,Iowa,
One of Those Hideous Books Where the Mother Dies,2021-12-01,1.11,0.0,100.0,0.0,0.0,0.0,-100.0,-1.11,10.48,2026-02-10 09:42:50,True,Texas,
LGBTQ Families: The Ultimate Teen Guide,2021-12-01,1.11,1.11,100.0,100.0,0.0,0.0,0.0,0.0,10.48,2026-02-10 09:43:18,True,Texas,
Mangaman,2023-02-01,1.11,0.0,100.0,0.0,0.0,0.0,-100.0,-1.11,10.48,2026-02-10 09:43:44,True,Pennsylvania,
M or F?,2022-01-01,0.0,0.0,0.0,0.0,0.0,0.0,0.0,0.0,0.0,2026-02-10 09:44:11,True,Texas,
Misguided Angel,2022-10-01,1.11,0.0,100.0,0.0,0.0,0.0,-100.0,-1.11,10.48,2026-02-10 09:44:37,True,Texas,
"Monstress, Vol. 4: The Chosen",2022-10-01,0.0,0.0,0.0,0.0,0.0,0.0,0.0,0.0,0.0,2026-02-10 09:45:03,True,Texas,
Midnight in the Garden of Good and Evil,2023-08-01,48.33,49.36,100.0,100.0,0.0,0.0,2.11,1.02,25.65,2026-02-10 09:45:30,True,Florida,
Monument 14,2023-08-01,1.86,1.89,100.0,100.0,0.0,0.0,1.8,0.03,12.64,2026-02-10 09:45:56,True,Florida,
Midnight Jewel,2023-06-01,1.11,0.0,100.0,0.0,0.0,0.0,-100.0,-1.11,10.48,2026-02-10 09:46:26,True,Florida,
Meow or Never,2023-04-01,1.11,0.0,100.0,0.0,0.0,0.0,-100.0,-1.11,10.48,2026-02-10 09:46:52,True,Florida,
Memnoch the Devil,2023-11-01,1.11,0.0,100.0,0.0,0.0,0.0,-100.0,-1.11,10.48,2026-02-10 09:47:20,True,Florida,
"No Choirboy: Murder, Violence, and Teenagers on Death Row",2023-07-01,0.0,0.0,0.0,0.0,0.0,0.0,0.0,0.0,0.0,2026-02-10 09:47:46,True,Florida,
Nimona,2023-07-01,4.61,20.08,100.0,100.0,0.0,3.0,335.42,15.47,19.16,2026-02-10 09:48:13,True,Florida,
Night Star,2023-08-01,51.8,53.64,100.0,100.0,35.0,38.0,3.56,1.84,11.53,2026-02-10 09:48:40,True,Florida,
Love Lies Beneath,2022-09-01,1.11,1.11,100.0,100.0,0.0,0.0,0.0,0.0,10.48,2026-02-10 09:49:07,True,Florida,
Love is a Many Trousered Thing,2024-06-01,1.11,1.11,100.0,100.0,0.0,0.0,0.0,0.0,10.48,2026-02-10 09:49:33,True,Iowa,
Love in the Time of Cholera,2023-08-01,4.62,4.28,100.0,100.0,0.0,0.0,-7.45,-0.34,18.61,2026-02-10 09:50:00,True,Florida,
Love Is for Losers,2022-02-01,0.0,0.0,0.0,0.0,0.0,0.0,0.0,0.0,0.0,2026-02-10 09:50:27,True,Tennessee,
Losing the Field,2023-08-01,0.0,2.08,0.0,100.0,0.0,0.0,inf,2.08,13.82,2026-02-10 09:50:54,True,Florida,
Masked,2021-12-01,21.36,10.29,100.0,100.0,7.0,4.0,-51.82,-11.07,16.36,2026-02-10 09:51:21,True,Texas,
Seize the Night,2024-06-01,0.0,0.0,0.0,0.0,0.0,0.0,0.0,0.0,0.0,2026-02-10 09:51:48,True,Florida,
From Blood and Ash,2022-09-01,65.82,63.22,100.0,100.0,30.0,0.0,-3.95,-2.6,17.91,2026-02-10 09:52:15,True,Florida,
If He Had Been With Me,2024-04-01,55.22,60.56,100.0,100.0,34.0,36.0,9.66,5.33,13.15,2026-02-10 09:52:41,True,Florida,
Room,2024-06-01,85.2,87.37,100.0,100.0,75.0,79.0,2.54,2.17,5.28,2026-02-10 09:53:08,True,Florida,
Deadline,2023-08-01,34.86,43.78,100.0,100.0,17.0,19.0,25.6,8.92,13.54,2026-02-10 09:53:35,True,Florida,
Redwood and Ponytail,2021-12-01,0.0,0.0,0.0,0.0,0.0,0.0,0.0,0.0,0.0,2026-02-10 09:54:02,True,Texas,
Imaginary Friend,2024-02-01,40.79,47.03,100.0,100.0,0.0,0.0,15.31,6.24,16.51,2026-02-10 09:54:29,True,Florida,
In Other Lands,2023-08-01,19.72,34.61,100.0,100.0,0.0,0.0,75.49,14.89,30.46,2026-02-10 09:54:55,True,Florida,
Introducing Teddy,2021-07-01,0.0,0.0,0.0,0.0,0.0,0.0,0.0,0.0,0.0,2026-02-10 09:55:21,True,Indiana,
"How I Paid for College: A Novel of Sex, Theft, Friendship and Musical Theater",2023-07-01,1.11,0.0,100.0,0.0,0.0,0.0,-100.0,-1.11,10.48,2026-02-10 09:55:48,True,Florida,
I am Billie Jean King,2023-07-01,0.0,0.0,0.0,0.0,0.0,0.0,0.0,0.0,0.0,2026-02-10 09:56:14,True,Florida,
I Wish You All the Best,2023-06-01,18.0,14.22,100.0,100.0,0.0,0.0,-20.99,-3.78,29.53,2026-02-10 09:56:41,True,Florida,
I am Number Four,2023-08-01,20.78,31.2,100.0,100.0,0.0,0.0,50.16,10.42,17.09,2026-02-10 09:57:08,True,Florida,
I Am the Messenger,2023-08-01,2.16,0.0,100.0,0.0,0.0,0.0,-100.0,-2.16,14.31,2026-02-10 09:57:35,True,Florida,
Forrest Gump,2023-10-01,51.64,50.06,100.0,100.0,35.0,30.0,-3.08,-1.59,12.58,2026-02-10 09:58:02,True,Florida,
Forged By Fire,2021-11-01,2.17,0.0,100.0,0.0,0.0,0.0,-100.0,-2.17,14.38,2026-02-10 09:58:28,True,North Carolina,
Salvage the Bones,2023-11-01,2.01,2.04,100.0,100.0,0.0,0.0,1.66,0.03,12.54,2026-02-10 09:58:55,True,Florida,
Salem's Lot,2024-06-01,31.89,25.22,100.0,100.0,0.0,0.0,-20.91,-6.67,18.33,2026-02-10 09:59:21,True,Florida,
If There Be Thorns,2023-08-01,3.61,0.0,100.0,0.0,0.0,0.0,-100.0,-3.61,16.96,2026-02-10 09:59:48,True,Florida,
Flame in the Mist,2023-08-01,0.0,0.0,0.0,0.0,0.0,0.0,0.0,0.0,0.0,2026-02-10 10:00:15,True,Florida,
Danse Macabre,2024-06-01,26.08,7.71,100.0,100.0,0.0,0.0,-70.43,-18.37,28.01,2026-02-10 10:00:42,True,Florida,
Pinkalicious,2024-08-01,59.79,41.9,100.0,100.0,0.0,0.0,-29.92,-17.89,19.59,2026-02-10 10:01:08,True,Tennessee,
Prince and Knight,2023-10-01,1.11,1.11,100.0,100.0,0.0,0.0,0.0,0.0,10.48,2026-02-10 10:01:35,True,Iowa,
Finders Keepers,2024-03-01,55.8,62.87,100.0,100.0,29.0,28.0,12.66,7.07,14.5,2026-02-10 10:02:01,True,Florida,
Date Rape,2023-08-01,63.47,62.17,100.0,100.0,0.0,29.0,-2.05,-1.3,13.97,2026-02-10 10:02:28,True,Florida,
"Date Me, Bryson Keller",2022-02-01,0.0,0.0,0.0,0.0,0.0,0.0,0.0,0.0,0.0,2026-02-10 10:02:55,True,Tennessee,
Fences,2021-11-01,78.59,51.58,100.0,100.0,63.0,40.0,-34.37,-27.01,15.53,2026-02-10 10:03:22,True,Kansas,
"Deal with It! A Whole New Approach to Your Body, Brain, and Life as a gURL",2023-08-01,1.11,0.0,100.0,0.0,0.0,0.0,-100.0,-1.11,10.48,2026-02-10 10:03:50,True,Florida,
Dead to the World,2024-02-01,53.43,54.61,100.0,100.0,0.0,0.0,2.2,1.18,23.25,2026-02-10 10:04:17,True,Florida,
Ringer,2023-03-01,75.81,74.21,100.0,100.0,59.0,59.0,-2.11,-1.6,8.62,2026-02-10 10:04:44,True,Texas,
Into the Real,2021-12-01,68.23,57.43,100.0,100.0,37.0,0.0,-15.83,-10.8,18.28,2026-02-10 10:05:11,True,Texas,
Cruel Crown,2023-08-01,1.74,0.0,100.0,0.0,0.0,0.0,-100.0,-1.74,12.01,2026-02-10 10:05:37,True,Florida,
Rats Saw God,2023-08-01,1.11,2.19,100.0,100.0,0.0,0.0,97.0,1.08,12.68,2026-02-10 10:06:04,True,Florida,
Flawless,2023-08-01,75.61,77.87,100.0,100.0,56.0,64.0,2.98,2.26,8.24,2026-02-10 10:11:32,True,Florida,
Cursor's Fury,2024-02-01,0.0,1.11,0.0,100.0,0.0,0.0,inf,1.11,10.48,2026-02-10 10:11:58,True,Florida,
Finding Cinderella,2022-12-01,3.31,2.13,100.0,100.0,0.0,0.0,-35.57,-1.18,16.11,2026-02-10 10:12:58,True,Florida,
It Had To Be You,2023-08-01,46.91,54.67,100.0,100.0,20.0,15.0,16.53,7.76,21.74,2026-02-10 10:13:25,True,Florida,
"It Gets Better: Coming Out, Overcoming Bullying, and Creating a Life Worth Living",2021-12-01,0.0,2.17,0.0,100.0,0.0,0.0,inf,2.17,14.38,2026-02-10 10:13:52,True,Texas,
For Whom the Bell Tolls,2023-08-01,53.93,59.13,100.0,100.0,0.0,24.0,9.64,5.2,13.71,2026-02-10 10:14:19,True,Florida,
Blood of my Blood,2023-08-01,84.86,81.27,100.0,100.0,74.0,68.0,-4.23,-3.59,6.32,2026-02-10 10:14:46,True,Florida,
Blood Promise,2023-07-01,2.66,0.0,100.0,0.0,0.0,0.0,-100.0,-2.66,14.54,2026-02-10 10:15:13,True,Florida,
Another Kind of Cowboy,2021-12-01,0.0,0.0,0.0,0.0,0.0,0.0,0.0,0.0,0.0,2026-02-10 10:15:40,True,Texas,
The Ocean at the End of the Lane,2022-10-01,8.48,9.46,100.0,100.0,0.0,0.0,11.53,0.98,24.74,2026-02-10 10:16:06,True,Texas,
The Dark Tide,2022-02-01,1.11,1.11,100.0,100.0,0.0,0.0,0.0,0.0,10.48,2026-02-10 10:16:33,True,Tennessee,
Bodies Are Cool,2024-06-01,1.11,1.11,100.0,100.0,0.0,0.0,0.0,0.0,10.48,2026-02-10 10:16:59,True,Iowa,
Beastly,2023-08-01,20.64,51.5,100.0,100.0,0.0,0.0,149.46,30.86,23.15,2026-02-10 10:17:26,True,Florida,
Americanah,2023-06-01,11.12,1.11,100.0,100.0,0.0,0.0,-90.01,-10.01,22.14,2026-02-10 10:17:53,True,Florida,
The Deep and Dark Blue,2023-11-01,0.0,0.0,0.0,0.0,0.0,0.0,0.0,0.0,0.0,2026-02-10 10:18:20,True,Wisconsin,
They Wish They Were Us,2023-10-01,2.2,2.12,100.0,100.0,0.0,0.0,-3.54,-0.08,14.35,2026-02-10 10:18:46,True,Florida,
The Lover's Dictionary,2023-09-01,0.0,0.0,0.0,0.0,0.0,0.0,0.0,0.0,0.0,2026-02-10 10:19:13,True,Florida,
The Face on the Milk Carton,2023-10-01,1.11,2.17,100.0,100.0,0.0,0.0,95.0,1.06,11.2,2026-02-10 10:19:40,True,Florida,
"Bless Me, Ultima",2021-10-01,1.11,1.11,100.0,100.0,0.0,0.0,0.0,0.0,10.48,2026-02-10 10:20:06,True,Oklahoma,
When the Moon Was Ours,2021-12-01,0.0,0.0,0.0,0.0,0.0,0.0,0.0,0.0,0.0,2026-02-10 10:20:33,True,Texas,
The Upside of Unrequited (Simonverse Series),2021-12-01,0.0,0.0,0.0,0.0,0.0,0.0,0.0,0.0,0.0,2026-02-10 10:21:00,True,Texas,
The Black Witch,2023-08-01,44.98,46.61,100.0,100.0,0.0,0.0,3.63,1.63,23.41,2026-02-10 10:21:26,True,Florida,
The Other Boleyn Girl,2024-06-01,32.5,32.88,100.0,100.0,0.0,0.0,1.16,0.38,34.08,2026-02-10 10:21:53,True,Florida,
The Vast Fields of Ordinary,2021-12-01,0.0,0.0,0.0,0.0,0.0,0.0,0.0,0.0,0.0,2026-02-10 10:22:19,True,Texas,
The Vincent Boys,2023-03-01,2.1,2.04,100.0,100.0,0.0,0.0,-2.65,-0.06,13.07,2026-02-10 10:22:46,True,Florida,
The Burning,2023-08-01,42.81,23.99,100.0,100.0,33.0,16.0,-43.97,-18.82,14.76,2026-02-10 10:23:15,True,Florida,
The Brief Wondrous Life of Oscar Wao,2024-06-01,0.0,2.18,0.0,100.0,0.0,0.0,inf,2.18,14.45,2026-02-10 10:23:42,True,Florida,
"Then He Ate My Boy Entrancers: More Mad, Marvy Convessions of Georgia Nicolson",2024-06-01,0.0,0.0,0.0,0.0,0.0,0.0,0.0,0.0,0.0,2026-02-10 10:24:10,True,Iowa,
Whatever.: or how junior year became totally f$@ked,2021-12-01,1.11,1.11,100.0,100.0,0.0,0.0,0.0,0.0,10.48,2026-02-10 10:24:37,True,Texas,
The Cardboard Kingdom,2023-07-01,0.0,0.0,0.0,0.0,0.0,0.0,0.0,0.0,0.0,2026-02-10 10:25:04,True,Florida,
Animal Farm: A Fairy Story,2023-10-01,0.0,0.0,0.0,0.0,0.0,0.0,0.0,0.0,0.0,2026-02-10 10:25:31,True,Iowa,
Born at Midnight,2024-04-01,0.0,1.87,0.0,100.0,0.0,0.0,inf,1.87,12.61,2026-02-10 10:25:58,True,Florida,
The Cider House Rules,2021-11-01,2.16,3.98,100.0,100.0,0.0,0.0,84.54,1.82,16.59,2026-02-10 10:26:24,True,Texas,
What If It's Us (What If It's Us Series),2021-12-01,0.0,0.0,0.0,0.0,0.0,0.0,0.0,0.0,0.0,2026-02-10 10:26:51,True,Texas,
A Sky Beyond the Storm,2023-03-01,0.0,0.0,0.0,0.0,0.0,0.0,0.0,0.0,0.0,2026-02-10 10:27:17,True,Texas,
Atonement,2023-08-01,44.91,23.07,100.0,100.0,27.0,12.0,-48.64,-21.84,16.61,2026-02-10 10:27:44,True,Florida,
The House You Pass on the Way,2021-12-01,0.0,1.11,0.0,100.0,0.0,0.0,inf,1.11,10.48,2026-02-10 10:28:11,True,Texas,
Undertow,2023-08-01,54.01,46.87,100.0,100.0,28.0,0.0,-13.23,-7.14,14.88,2026-02-10 10:28:37,True,Florida,
"Tokyo Ghoul (Series, Title Not Specified)",2024-06-01,0.0,0.0,0.0,0.0,0.0,0.0,0.0,0.0,0.0,2026-02-10 10:29:03,True,Texas,
The Invention of Wings,2023-10-01,2.17,2.14,100.0,100.0,0.0,0.0,-1.03,-0.02,14.31,2026-02-10 10:29:30,True,Florida,
Bingo Love #1,2022-02-01,0.0,0.0,0.0,0.0,0.0,0.0,0.0,0.0,0.0,2026-02-10 10:29:57,True,Tennessee,
Between Perfect and Real,2022-02-01,0.0,0.0,0.0,0.0,0.0,0.0,0.0,0.0,0.0,2026-02-10 10:35:36,True,Tennessee,
The Giver,2022-10-01,54.82,57.69,100.0,100.0,29.0,17.0,5.23,2.87,22.17,2026-02-10 10:36:03,True,Texas,
Beyond the Gender Binary,2022-02-01,0.0,0.0,0.0,0.0,0.0,0.0,0.0,0.0,0.0,2026-02-10 10:36:29,True,Tennessee,
The Immortalists,2022-07-01,1.11,1.11,100.0,100.0,0.0,0.0,0.0,0.0,10.48,2026-02-10 10:36:56,True,Texas,
The Last to Let Go,2021-12-01,0.0,3.71,0.0,100.0,0.0,0.0,inf,3.71,17.36,2026-02-10 10:37:23,True,Texas,
The Heart of Betrayal,2022-10-01,0.0,2.14,0.0,100.0,0.0,0.0,inf,2.14,14.23,2026-02-10 10:37:50,True,Texas,
Two-Way Street,2024-05-01,3.36,8.4,100.0,100.0,0.0,0.0,150.33,5.04,20.63,2026-02-10 10:38:16,True,Florida,
The Language of Seabirds,2023-10-01,0.0,0.0,0.0,0.0,0.0,0.0,0.0,0.0,0.0,2026-02-10 10:38:43,True,Iowa,
Twelfth,2023-10-01,59.7,64.16,100.0,100.0,36.0,32.0,7.46,4.46,15.55,2026-02-10 10:39:10,True,Kentucky,
The Hundred Thousand Kingdoms,2024-06-01,0.0,2.53,0.0,100.0,0.0,0.0,inf,2.53,14.01,2026-02-10 10:39:37,True,Florida,
Alice the Brave,2023-10-01,0.0,2.12,0.0,100.0,0.0,0.0,inf,2.12,14.09,2026-02-10 10:40:03,True,Florida,
The Holy Bible (King James Version),2023-02-01,0.0,1.11,0.0,100.0,0.0,0.0,inf,1.11,10.48,2026-02-10 10:40:30,True,Florida,
The Fixer,2022-10-01,31.48,27.51,100.0,100.0,14.0,9.0,-12.6,-3.97,13.93,2026-02-10 10:40:57,True,Florida,
Act Cool,2022-02-01,7.01,26.58,100.0,100.0,0.0,0.0,279.08,19.57,32.2,2026-02-10 10:41:24,True,Tennessee,
After We Fell,2023-08-01,38.08,49.11,100.0,100.0,0.0,0.0,28.98,11.03,23.85,2026-02-10 10:41:51,True,Florida,
After (AT),2024-03-01,64.94,51.67,100.0,100.0,29.0,31.0,-20.44,-13.28,17.09,2026-02-10 10:42:18,True,Florida,
Blaze,2024-06-01,18.54,77.56,100.0,100.0,15.0,70.0,318.21,59.01,30.46,2026-02-10 10:42:45,True,Florida,
Being LGBTQ,2023-10-01,5.67,10.09,100.0,100.0,0.0,0.0,78.04,4.42,22.38,2026-02-10 10:43:12,True,Kentucky,
Be Not Far From Me,2025-05-01,40.97,20.88,100.0,100.0,0.0,0.0,-49.04,-20.09,34.5,2026-02-10 10:43:39,True,Florida,
The Grace Year,2023-08-01,23.01,32.94,100.0,100.0,0.0,0.0,43.17,9.93,35.1,2026-02-10 10:44:05,True,Florida,
Alt Ed,2022-09-01,2.09,1.11,100.0,100.0,0.0,0.0,-46.81,-0.98,12.31,2026-02-10 10:44:32,True,Florida,
Alone,2024-06-01,73.84,77.48,100.0,100.0,61.0,65.0,4.92,3.63,7.79,2026-02-10 10:45:00,True,Iowa,
The Longest Ride,2023-08-01,30.72,42.73,100.0,100.0,12.0,18.0,39.1,12.01,16.9,2026-02-10 10:45:27,True,Florida,
After the Fire,2023-08-01,55.2,64.5,100.0,100.0,30.0,27.0,16.85,9.3,17.22,2026-02-10 10:45:54,True,Florida,
Because You Love to Hate Me: 13 Tales of Villainy,2023-08-01,0.0,1.11,0.0,100.0,0.0,0.0,inf,1.11,10.48,2026-02-10 10:46:21,True,Florida,
The First Part Last,2023-10-01,34.42,48.97,100.0,100.0,0.0,0.0,42.25,14.54,32.18,2026-02-10 10:46:47,True,Iowa,
The Field Guide to the North American Teenager,2022-02-01,0.0,0.0,0.0,0.0,0.0,0.0,0.0,0.0,0.0,2026-02-10 10:47:14,True,Texas,
"Black Butler (Series, Title Not Specified)",2023-08-01,0.0,0.0,0.0,0.0,0.0,0.0,0.0,0.0,0.0,2026-02-10 10:47:41,True,Texas,
Boy Meets Boy,2023-06-01,62.32,58.11,100.0,100.0,44.0,43.0,-6.76,-4.21,11.59,2026-02-10 10:48:07,True,Florida,
The Regulators,2024-06-01,49.06,39.5,100.0,100.0,0.0,0.0,-19.48,-9.56,26.68,2026-02-10 10:48:34,True,Florida,
Sticks and Scones,2023-10-01,0.0,0.0,0.0,0.0,0.0,0.0,0.0,0.0,0.0,2026-02-10 10:49:00,True,Florida,
Strange the Dreamer,2022-10-01,1.11,1.11,100.0,100.0,0.0,0.0,0.0,0.0,10.48,2026-02-10 10:49:27,True,Texas,
Stop in the Name of Pants!,2023-12-01,0.0,0.0,0.0,0.0,0.0,0.0,0.0,0.0,0.0,2026-02-10 10:49:54,True,Florida,
Suicide Notes From Beautiful Girls,2021-10-01,3.02,1.11,100.0,100.0,0.0,0.0,-63.24,-1.91,13.77,2026-02-10 10:50:21,True,Oklahoma,
Away Laughing on a Fast Camel: Even More Confessions of Georgia Nicolson,2024-06-01,0.0,0.0,0.0,0.0,0.0,0.0,0.0,0.0,0.0,2026-02-10 10:50:47,True,Iowa,
"Assassination Classroom, Vol. 10",2023-05-01,0.0,0.0,0.0,0.0,0.0,0.0,0.0,0.0,0.0,2026-02-10 10:51:14,True,Florida,
The Test,2022-10-01,69.42,75.84,100.0,100.0,47.0,36.0,9.25,6.42,16.7,2026-02-10 10:51:42,True,Texas,
Away We Go,2021-12-01,46.06,49.31,100.0,100.0,0.0,0.0,7.07,3.26,23.78,2026-02-10 10:52:09,True,Texas,
The Round House,2023-10-01,51.59,46.97,100.0,100.0,0.0,0.0,-8.96,-4.62,21.51,2026-02-10 10:57:37,True,Florida,
"Good-Bye, Chunky Rice",2023-08-01,0.0,0.0,0.0,0.0,0.0,0.0,0.0,0.0,0.0,2026-02-10 10:58:04,True,Florida,
Tantalize,2023-12-01,8.03,6.03,100.0,100.0,0.0,0.0,-24.9,-2.0,22.07,2026-02-10 10:58:33,True,Florida,
The Remarkable Journey of Coyote Sunrise,2023-06-01,0.0,1.11,0.0,100.0,0.0,0.0,inf,1.11,10.48,2026-02-10 10:58:59,True,Florida,
Teens and Gender Dysphoria,2021-11-01,0.0,1.11,0.0,100.0,0.0,0.0,inf,1.11,10.48,2026-02-10 11:00:07,True,Texas,
The Stonewall Riots: Coming Out in the Street,2022-01-01,1.94,0.0,100.0,0.0,0.0,0.0,-100.0,-1.94,13.03,2026-02-10 11:00:35,True,Florida,
Woke: A Young Poets Call to Justice,2022-09-01,0.0,1.11,0.0,100.0,0.0,0.0,inf,1.11,10.48,2026-02-10 11:20:33,True,Florida,
A Curse So Dark and Lonely,2023-08-01,1.11,0.0,100.0,0.0,0.0,0.0,-100.0,-1.11,10.48,2026-02-10 11:20:59,True,Florida,
1922,2024-05-01,74.22,73.21,100.0,100.0,56.0,58.0,-1.36,-1.01,8.59,2026-02-10 11:21:27,True,Florida,
Wintersong,2022-10-01,1.11,3.19,100.0,100.0,0.0,0.0,187.0,2.08,14.28,2026-02-10 11:21:53,True,Texas,
19 Love Songs,2022-02-01,0.0,0.0,0.0,0.0,0.0,0.0,0.0,0.0,0.0,2026-02-10 11:22:20,True,Tennessee,
Can't Take That Away,2022-02-01,3.5,3.04,100.0,100.0,0.0,0.0,-13.02,-0.46,16.47,2026-02-10 11:22:47,True,Tennessee,
Burned (SS),2023-08-01,0.0,1.11,0.0,100.0,0.0,0.0,inf,1.11,10.48,2026-02-10 11:23:14,True,Florida,
The Tea Dragon Society,2023-07-01,1.11,1.11,100.0,100.0,0.0,0.0,0.0,0.0,10.48,2026-02-10 11:23:41,True,Florida,
A Court of Frost and Starlight (A Court of Thorns and Roses Series),2021-10-01,0.0,0.0,0.0,0.0,0.0,0.0,0.0,0.0,0.0,2026-02-10 11:24:07,True,Florida,
Ashes to Ashes,2023-08-01,63.39,65.68,100.0,100.0,45.0,52.0,3.61,2.29,9.55,2026-02-10 11:24:35,True,Florida,
"You Do You: Figuring Out Your Body, Dating, and Sexuality",2023-11-01,0.0,0.0,0.0,0.0,0.0,0.0,0.0,0.0,0.0,2026-02-10 11:25:01,True,Texas,
The Sweet Far Thing,2023-08-01,0.0,1.11,0.0,100.0,0.0,0.0,inf,1.11,10.48,2026-02-10 11:25:28,True,Florida,
Captain Underpants and the Sensational Saga of Sir Stink-a-Lot,2023-07-01,0.0,0.0,0.0,0.0,0.0,0.0,0.0,0.0,0.0,2026-02-10 11:25:55,True,Florida,
They Went Left,2023-08-01,17.86,27.42,100.0,100.0,0.0,0.0,53.58,9.57,31.9,2026-02-10 11:26:22,True,Florida,
The Sky Blues,2022-02-01,0.0,1.11,0.0,100.0,0.0,0.0,inf,1.11,10.48,2026-02-10 11:26:48,True,Tennessee,
Spin with Me,2024-08-01,1.96,3.92,100.0,100.0,0.0,0.0,100.57,1.97,14.96,2026-02-10 11:32:16,True,Texas,
"Assassination Classroom, Vol. 9",2023-05-01,0.0,0.0,0.0,0.0,0.0,0.0,0.0,0.0,0.0,2026-02-10 11:32:43,True,Florida,
Three Truths and a Lie,2023-08-01,0.0,0.0,0.0,0.0,0.0,0.0,0.0,0.0,0.0,2026-02-10 11:33:10,True,Florida,
"Love Makes a Family: Friends, Family, and Significant Others",2024-08-01,0.0,0.0,0.0,0.0,0.0,0.0,0.0,0.0,0.0,2026-02-10 11:33:38,True,Texas,
All You Never Wanted,2023-08-01,12.81,6.63,100.0,100.0,0.0,0.0,-48.22,-6.18,22.1,2026-02-10 11:34:05,True,Florida,
Lucy in the Sky,2023-10-01,51.44,49.21,100.0,100.0,20.0,30.0,-4.34,-2.23,16.71,2026-02-10 11:34:32,True,Florida,
Tonight We Rule the World,2022-02-01,0.0,0.0,0.0,0.0,0.0,0.0,0.0,0.0,0.0,2026-02-10 11:34:59,True,Tennessee,
The Story of Us,2023-08-01,35.34,49.1,100.0,100.0,13.0,12.0,38.92,13.76,20.11,2026-02-10 11:35:26,True,Florida,
The Secret Life of Bees,2023-07-01,39.8,34.06,100.0,100.0,0.0,0.0,-14.43,-5.74,29.87,2026-02-10 11:36:17,True,Florida,
All the Light We Cannot See,2023-08-01,53.28,16.03,100.0,100.0,0.0,6.0,-69.91,-37.24,24.45,2026-02-10 11:36:44,True,Florida,
The Second Summer Of The Sisterhood,2024-06-01,0.0,0.0,0.0,0.0,0.0,0.0,0.0,0.0,0.0,2026-02-10 11:37:11,True,Florida,
Fever Crumb,2024-06-01,1.11,0.0,100.0,0.0,0.0,0.0,-100.0,-1.11,10.48,2026-02-10 11:37:38,True,Texas,
It Ends with Us,2024-10-01,16.24,28.98,100.0,100.0,2.0,8.0,78.39,12.73,22.87,2026-02-10 11:38:05,True,Florida,
Lobizona,2023-06-01,1.11,1.11,100.0,100.0,0.0,0.0,0.0,0.0,10.48,2026-02-10 11:38:32,True,Florida,
Allegiant,2023-08-01,50.02,73.82,100.0,100.0,33.0,58.0,47.58,23.8,14.8,2026-02-10 11:38:59,True,Florida,
Are You My Mother?: A Comic Drama,2023-01-01,0.0,2.11,0.0,100.0,0.0,0.0,inf,2.11,14.02,2026-02-10 11:39:50,True,North Carolina,
Just Kids,2024-06-01,77.79,77.86,100.0,100.0,48.0,56.0,0.09,0.07,10.53,2026-02-10 11:40:17,True,Florida,
All of Us with Wings,2024-06-01,0.0,0.0,0.0,0.0,0.0,0.0,0.0,0.0,0.0,2026-02-10 11:40:44,True,Florida,
The Stranger: The Graphic Novel,2022-08-01,0.0,0.0,0.0,0.0,0.0,0.0,0.0,0.0,0.0,2026-02-10 11:41:10,True,Missouri,
Transgender Rights: Striving for Equality,2023-06-01,0.0,1.11,0.0,100.0,0.0,0.0,inf,1.11,10.48,2026-02-10 11:41:37,True,Florida,
Totally Joe (The Misfits Series),2021-12-01,0.0,0.0,0.0,0.0,0.0,0.0,0.0,0.0,0.0,2026-02-10 11:42:04,True,Texas,
Annie Leibovitz at Work,2022-10-01,0.0,0.0,0.0,0.0,0.0,0.0,0.0,0.0,0.0,2026-02-10 11:42:31,True,Missouri,
"Jess, Chunk, and the Road Trip to Infinity",2021-12-01,1.11,0.0,100.0,0.0,0.0,0.0,-100.0,-1.11,10.48,2026-02-10 11:42:59,True,Texas,
Totally Joe,2024-06-01,0.0,0.0,0.0,0.0,0.0,0.0,0.0,0.0,0.0,2026-02-10 11:43:31,True,Iowa,
Top Ten,2023-08-01,73.33,66.58,100.0,100.0,61.0,55.0,-9.21,-6.76,7.71,2026-02-10 11:44:03,True,Florida,
Envy,2023-12-01,62.18,74.6,100.0,100.0,50.0,59.0,19.98,12.42,10.37,2026-02-10 11:44:31,True,Florida,
"Jojo's Bizarre Adventure: Part 1 - Phantom Blood, Vol. 1",2022-10-01,1.11,1.11,100.0,100.0,0.0,0.0,0.0,0.0,10.48,2026-02-10 11:44:59,True,Texas,
"Tomorrow Will Be Different: Love, Loss, and the Fight for Trans Equality",2021-12-01,0.0,1.11,0.0,100.0,0.0,0.0,inf,1.11,10.48,2026-02-10 11:45:26,True,Texas,
The Summer of Jordi Perez (And the Best Burger in Los Angeles),2021-12-01,0.0,1.11,0.0,100.0,0.0,0.0,inf,1.11,10.48,2026-02-10 11:45:53,True,Texas,
Joy in the Morning,2023-10-01,27.28,49.67,100.0,100.0,0.0,0.0,82.08,22.39,22.63,2026-02-10 11:46:19,True,Florida,
Just a Girl,2024-06-01,60.03,78.48,100.0,100.0,48.0,57.0,30.72,18.44,12.34,2026-02-10 11:46:48,True,Texas,
Little Fires Everywhere,2024-06-01,61.64,20.79,100.0,100.0,30.0,4.0,-66.28,-40.86,27.38,2026-02-10 11:47:15,True,Florida,
Lucas,2023-08-01,80.33,45.26,100.0,100.0,71.0,37.0,-43.67,-35.08,19.4,2026-02-10 11:47:43,True,Florida,
Firefight,2023-08-01,16.97,11.78,100.0,100.0,0.0,0.0,-30.58,-5.19,18.46,2026-02-10 11:48:09,True,Florida,
Fine Things,2023-03-01,55.77,58.26,100.0,100.0,0.0,28.0,4.46,2.49,15.53,2026-02-10 11:48:35,True,Florida,
"Trans Bodies, Trans Selves: A Resource By and for Transgender Communities",2022-10-01,0.0,0.0,0.0,0.0,0.0,0.0,0.0,0.0,0.0,2026-02-10 11:49:01,True,Wyoming,
Find Me,2023-10-01,85.17,88.78,100.0,100.0,75.0,67.0,4.24,3.61,5.47,2026-02-10 11:49:28,True,Iowa,
"Jojo's Bizarre Adventure: Part 1 - Phantom Blood, Vol. 3",2022-10-01,2.2,0.0,100.0,0.0,0.0,0.0,-100.0,-2.2,14.59,2026-02-10 11:49:54,True,Texas,
Little Rock Nine,2023-03-01,24.02,45.82,100.0,100.0,0.0,0.0,90.75,21.8,26.01,2026-02-10 11:50:21,True,Florida,
Toxic,2023-08-01,83.82,84.89,100.0,100.0,75.0,73.0,1.27,1.07,5.84,2026-02-10 11:50:48,True,Florida,
"Transgender Lives: Complex Stories, Complex Voices",2022-10-01,1.94,0.0,100.0,0.0,0.0,0.0,-100.0,-1.94,13.03,2026-02-10 11:51:15,True,Texas,
Everlasting,2023-12-01,65.3,73.43,100.0,100.0,47.0,52.0,12.46,8.13,9.35,2026-02-10 11:51:42,True,Florida,
The Teenage Body Book,2021-12-01,0.0,1.11,0.0,100.0,0.0,0.0,inf,1.11,10.48,2026-02-10 11:52:09,True,Texas,
Kingdom of Flesh and Fire,2022-10-01,2.93,2.21,100.0,100.0,0.0,0.0,-24.62,-0.72,15.29,2026-02-10 11:57:36,True,Florida,
The Testament,2024-06-01,50.97,72.34,100.0,100.0,34.0,54.0,41.94,21.38,14.92,2026-02-10 11:58:02,True,Florida,
The Underground Railroad,2023-11-01,55.2,51.79,100.0,100.0,0.0,0.0,-6.18,-3.41,24.04,2026-02-10 11:58:29,True,Iowa,
Fake ID,2023-08-01,74.27,67.6,100.0,100.0,57.0,49.0,-8.98,-6.67,10.28,2026-02-10 11:58:56,True,Florida,
The Scorch Trials,2023-08-01,11.62,10.92,100.0,100.0,0.0,0.0,-6.02,-0.7,27.28,2026-02-10 11:59:22,True,Florida,
Lies We Sing to the Sea,2024-06-01,0.0,0.0,0.0,0.0,0.0,0.0,0.0,0.0,0.0,2026-02-10 11:59:51,True,Iowa,
King of the Screwups,2023-08-01,0.0,0.0,0.0,0.0,0.0,0.0,0.0,0.0,0.0,2026-02-10 12:00:20,True,Florida,
Life As We Knew It,2023-08-01,13.18,17.2,100.0,100.0,0.0,0.0,30.52,4.02,29.51,2026-02-10 12:00:47,True,Florida,
LGBTQ at Work: Your Personal and Working Life,2024-08-01,1.11,0.0,100.0,0.0,0.0,0.0,-100.0,-1.11,10.48,2026-02-10 12:01:19,True,Texas,
LGBT Intolerance,2024-08-01,1.11,1.11,100.0,100.0,0.0,0.0,0.0,0.0,10.48,2026-02-10 12:01:46,True,Texas,
The Windup Girl,2023-04-01,1.11,0.0,100.0,0.0,0.0,0.0,-100.0,-1.11,10.48,2026-02-10 12:02:14,True,Missouri,
Lair of Dreams,2024-05-01,1.94,0.0,100.0,0.0,0.0,0.0,-100.0,-1.94,13.03,2026-02-10 12:02:41,True,Florida,
The Sweet Revenge of Celia Door,2021-12-01,1.11,0.0,100.0,0.0,0.0,0.0,-100.0,-1.11,10.48,2026-02-10 12:03:08,True,Texas,
Like Other Girls,2023-08-01,36.74,49.63,100.0,100.0,0.0,0.0,35.08,12.89,31.27,2026-02-10 12:03:35,True,Georgia,
Linger,2023-08-01,73.17,78.48,100.0,100.0,57.0,60.0,7.26,5.31,8.26,2026-02-10 12:04:02,True,Florida,
The Voices of Rape,2023-12-01,0.0,1.11,0.0,100.0,0.0,0.0,inf,1.11,10.48,2026-02-10 12:04:28,True,Iowa,
"The Walking Dead, Vol. 11: Fear the Hunters",2022-09-01,0.0,2.11,0.0,100.0,0.0,0.0,inf,2.11,14.02,2026-02-10 12:04:55,True,Missouri,
The Usborne Introduction to Art,2023-08-01,0.0,0.0,0.0,0.0,0.0,0.0,0.0,0.0,0.0,2026-02-10 12:05:22,True,Florida,
The Unexpected Everything,2023-08-01,0.0,0.0,0.0,0.0,0.0,0.0,0.0,0.0,0.0,2026-02-10 12:05:49,True,Florida,
Legendary,2023-08-01,78.07,68.96,100.0,100.0,60.0,54.0,-11.67,-9.11,10.15,2026-02-10 12:06:16,True,Florida,
The Valley of Horses,2023-02-01,1.11,0.0,100.0,0.0,0.0,0.0,-100.0,-1.11,10.48,2026-02-10 12:06:42,True,Pennsylvania,
Leah on the Offbeat (Simonverse Series),2022-02-01,1.11,0.0,100.0,0.0,0.0,0.0,-100.0,-1.11,10.48,2026-02-10 12:07:09,True,Tennessee,
Life of Pi,2023-11-01,63.08,47.43,100.0,100.0,35.0,24.0,-24.8,-15.64,14.93,2026-02-10 12:07:36,True,Wisconsin,
Every Body Looking,2023-08-01,0.0,0.0,0.0,0.0,0.0,0.0,0.0,0.0,0.0,2026-02-10 12:08:03,True,Florida,
Another Brooklyn,2024-06-01,4.36,1.89,100.0,100.0,0.0,0.0,-56.63,-2.47,15.81,2026-02-10 12:08:30,True,Texas,
Thirsty,2023-08-01,79.4,77.92,100.0,100.0,65.0,64.0,-1.86,-1.48,8.31,2026-02-10 12:08:56,True,Florida,
Ark Angel,2022-10-01,0.0,0.0,0.0,0.0,0.0,0.0,0.0,0.0,0.0,2026-02-10 12:09:23,True,Texas,
Kindred,2023-11-01,82.77,71.59,100.0,100.0,60.0,51.0,-13.51,-11.18,9.01,2026-02-10 12:09:50,True,Florida,
Amy and Roger's Epic Detour,2023-03-01,0.0,0.0,0.0,0.0,0.0,0.0,0.0,0.0,0.0,2026-02-10 12:10:17,True,Texas,
Fahrenheit 451,2023-03-01,50.12,65.8,100.0,100.0,12.0,20.0,31.28,15.68,25.8,2026-02-10 12:10:43,True,Texas,
The Wicked King,2023-08-01,13.5,16.07,100.0,100.0,0.0,0.0,19.01,2.57,29.5,2026-02-10 12:11:10,True,Florida,
The Steps,2023-08-01,53.74,58.7,100.0,100.0,35.0,25.0,9.22,4.96,19.65,2026-02-10 12:11:37,True,Florida,
Feeling Wrong in Your Own Body: Understanding What It Means to Be Transgender,2021-12-01,0.0,0.0,0.0,0.0,0.0,0.0,0.0,0.0,0.0,2026-02-10 12:12:04,True,Texas,
All the Pretty Horses,2024-06-01,33.57,13.39,100.0,100.0,0.0,0.0,-60.11,-20.18,27.59,2026-02-10 12:12:31,True,Florida,
Look Past,2021-12-01,59.7,59.52,100.0,100.0,0.0,0.0,-0.3,-0.18,16.99,2026-02-10 12:12:57,True,Texas,
Lore Olympus: Volume One,2023-08-01,0.0,2.14,0.0,100.0,0.0,0.0,inf,2.14,14.23,2026-02-10 12:13:24,True,Florida,
"Jujutsu Kaisen (Series, Title Not Specified)",2024-10-01,0.0,1.11,0.0,100.0,0.0,0.0,inf,1.11,10.48,2026-02-10 12:13:51,True,Tennessee,
Everything Leads to You,2021-12-01,0.0,0.0,0.0,0.0,0.0,0.0,0.0,0.0,0.0,2026-02-10 12:14:17,True,Texas,
Life and Death: Twilight Reimagined,2023-08-01,1.11,0.0,100.0,0.0,0.0,0.0,-100.0,-1.11,10.48,2026-02-10 12:14:44,True,Florida,
And I Darken,2022-10-01,1.11,1.11,100.0,100.0,0.0,0.0,0.0,0.0,10.48,2026-02-10 12:15:11,True,Texas,
The Traitor Game,2021-12-01,0.0,0.0,0.0,0.0,0.0,0.0,0.0,0.0,0.0,2026-02-10 12:15:37,True,Texas,
LGBTQ Rights and Activism,2023-10-01,0.0,0.0,0.0,0.0,0.0,0.0,0.0,0.0,0.0,2026-02-10 12:16:04,True,Kentucky,
Ancient Greek Art and Architecture,2024-08-01,2.12,1.11,100.0,100.0,0.0,0.0,-47.64,-1.01,12.43,2026-02-10 12:16:31,True,Tennessee,
Every Last Breath,2023-06-01,2.09,0.0,100.0,0.0,0.0,0.0,-100.0,-2.09,13.88,2026-02-10 12:16:57,True,Florida,
An Assassin's Guide to Love and Treason,2023-08-01,1.11,1.11,100.0,100.0,0.0,0.0,0.0,0.0,10.48,2026-02-10 12:17:24,True,Florida,
Family of Liars: The Prequel to We Were Liars,2023-10-01,0.0,0.0,0.0,0.0,0.0,0.0,0.0,0.0,0.0,2026-02-10 12:17:51,True,Iowa,
Ancient Greece and the Olympics: A Nonfiction Companion to Magic Tree House,2024-08-01,0.0,1.11,0.0,100.0,0.0,0.0,inf,1.11,10.48,2026-02-10 12:18:17,True,Florida,
This Is Where It Ends,2023-11-01,21.7,23.24,100.0,100.0,0.0,0.0,7.12,1.54,29.93,2026-02-10 12:18:44,True,Wisconsin,
Kaleidoscope Song,2021-12-01,0.0,0.0,0.0,0.0,0.0,0.0,0.0,0.0,0.0,2026-02-10 12:19:10,True,Texas,
"Are You There God? It's Me, Margaret",2024-06-01,1.11,0.0,100.0,0.0,0.0,0.0,-100.0,-1.11,10.48,2026-02-10 12:19:37,True,Iowa,
Liar,2023-08-01,60.06,66.27,100.0,100.0,47.0,49.0,10.34,6.21,10.52,2026-02-10 12:20:04,True,Florida,
A Phoenix First Must Burn,2024-06-01,0.0,1.11,0.0,100.0,0.0,0.0,inf,1.11,10.48,2026-02-10 12:20:30,True,Florida,
A Northern Light,2023-08-01,11.42,24.07,100.0,100.0,0.0,0.0,110.7,12.64,31.36,2026-02-10 12:20:57,True,Florida,
A Painted House,2023-08-01,35.27,31.03,100.0,100.0,0.0,0.0,-12.0,-4.23,32.04,2026-02-10 12:21:24,True,Florida,
Heavy: An American Memoir,2021-10-01,1.11,0.0,100.0,0.0,0.0,0.0,-100.0,-1.11,10.48,2026-02-10 12:21:51,True,Kansas,
"Age of Bronze, Vol. 1: A Thousand Ships",2024-08-01,0.0,0.0,0.0,0.0,0.0,0.0,0.0,0.0,0.0,2026-02-10 12:22:17,True,Tennessee,
Where Things Come Back,2023-11-01,0.0,1.11,0.0,100.0,0.0,0.0,inf,1.11,10.48,2026-02-10 12:22:44,True,Wisconsin,
When We Were Magic,2021-12-01,1.11,0.0,100.0,0.0,0.0,0.0,-100.0,-1.11,10.48,2026-02-10 12:23:11,True,Texas,
Giant Days,2022-09-01,15.19,15.03,100.0,100.0,0.0,0.0,-1.02,-0.16,28.79,2026-02-10 12:23:38,True,Missouri,
Gingerbread (Cyd Charisse Series),2021-12-01,1.11,0.0,100.0,0.0,0.0,0.0,-100.0,-1.11,10.48,2026-02-10 12:24:05,True,Texas,
Girls Made of Snow and Glass,2022-02-01,0.0,0.0,0.0,0.0,0.0,0.0,0.0,0.0,0.0,2026-02-10 12:24:32,True,Tennessee,
A Lesson Before Dying,2021-10-01,11.23,32.17,100.0,100.0,0.0,0.0,186.35,20.93,31.28,2026-02-10 12:24:58,True,Virginia,
Girls vs. Guys: Surprising Differences Between the Sexes,2021-12-01,0.0,0.0,0.0,0.0,0.0,0.0,0.0,0.0,0.0,2026-02-10 12:25:25,True,Texas,
Willful Machines,2021-12-01,1.11,0.0,100.0,0.0,0.0,0.0,-100.0,-1.11,10.48,2026-02-10 12:25:51,True,Texas,
A Perfect Blank,2022-02-01,3.14,1.11,100.0,100.0,0.0,0.0,-64.66,-2.03,14.13,2026-02-10 12:26:18,True,Tennessee,
Wildman,2023-08-01,30.06,58.54,100.0,100.0,0.0,0.0,94.79,28.49,20.58,2026-02-10 12:26:45,True,Florida,
A Court of Thorns and Roses (A Court of Thorns and Roses Series),2021-10-01,53.24,28.77,100.0,100.0,0.0,0.0,-45.97,-24.48,28.23,2026-02-10 12:27:12,True,Florida,
Hero,2023-01-01,63.11,82.34,100.0,100.0,51.0,74.0,30.48,19.23,11.47,2026-02-10 12:27:40,True,Texas,
Himawari House,2022-09-01,0.0,0.0,0.0,0.0,0.0,0.0,0.0,0.0,0.0,2026-02-10 12:28:07,True,Missouri,
What Goes Around,2022-09-01,61.82,67.71,100.0,100.0,34.0,45.0,9.53,5.89,12.31,2026-02-10 12:28:34,True,Texas,
"Hold Me Closer, Necromancer",2023-10-01,0.0,0.0,0.0,0.0,0.0,0.0,0.0,0.0,0.0,2026-02-10 12:29:00,True,Florida,
Gender in the 21st Century,2023-10-01,0.0,1.88,0.0,100.0,0.0,0.0,inf,1.88,12.67,2026-02-10 12:29:27,True,Kentucky,
What I Saw and How I Lied,2023-08-01,0.0,0.0,0.0,0.0,0.0,0.0,0.0,0.0,0.0,2026-02-10 12:29:53,True,Florida,
A Million Quiet Revolutions,2024-03-01,1.11,0.0,100.0,0.0,0.0,0.0,-100.0,-1.11,10.48,2026-02-10 12:30:20,True,Montana,
A Madness So Discreet,2023-08-01,1.11,1.11,100.0,100.0,0.0,0.0,0.0,0.0,10.48,2026-02-10 12:30:46,True,Florida,
What on Earth Is a Pangolin?,2023-06-01,1.11,1.11,100.0,100.0,0.0,0.0,0.0,0.0,10.48,2026-02-10 12:31:13,True,Florida,
When I Am Through with You,2023-08-01,12.59,18.36,100.0,100.0,0.0,0.0,45.81,5.77,31.04,2026-02-10 12:31:40,True,Florida,
Gather Together in My Name,2023-08-01,0.0,1.11,0.0,100.0,0.0,0.0,inf,1.11,10.48,2026-02-10 12:32:07,True,Florida,
When the Emperor Was Divine,2022-06-01,9.74,2.99,100.0,100.0,0.0,0.0,-69.33,-6.76,20.78,2026-02-10 12:32:33,True,Wisconsin,
When the Wind Blows,2023-08-01,11.03,33.32,100.0,100.0,0.0,0.0,202.01,22.29,29.01,2026-02-10 12:33:00,True,Florida,
Hot Dog Girl,2021-12-01,16.6,10.6,100.0,100.0,0.0,0.0,-36.14,-6.0,24.63,2026-02-10 12:33:26,True,Texas,
A Guy's Guide to Sexuality and Sexual Identity in the 21st Century,2021-12-01,0.0,1.11,0.0,100.0,0.0,0.0,inf,1.11,10.48,2026-02-10 12:33:53,True,Texas,
White Rabbit,2021-12-01,46.66,61.66,100.0,100.0,31.0,38.0,32.15,15.0,14.24,2026-02-10 12:34:20,True,Texas,
Whistle Me Home,2021-12-01,0.0,1.11,0.0,100.0,0.0,0.0,inf,1.11,10.48,2026-02-10 12:34:47,True,Texas,
Honestly Ben,2023-08-01,1.11,0.0,100.0,0.0,0.0,0.0,-100.0,-1.11,10.48,2026-02-10 12:35:13,True,Florida,
Greek Mythology for Beginners,2024-11-01,0.0,0.0,0.0,0.0,0.0,0.0,0.0,0.0,0.0,2026-02-10 12:35:46,True,Tennessee,
Guts,2023-07-01,51.48,18.19,100.0,100.0,41.0,10.0,-64.67,-33.29,19.65,2026-02-10 12:36:13,True,Florida,
"100 Questions You'd Never Ask Your Parents: Straight Answers to Teens' Questions About Sex, Sexuality, and Health",2021-12-01,,,,,,,,,,2026-02-10 12:37:09,False,Texas,The request failed: Google returned a response with code 400
Gods and Monsters,2023-10-01,31.34,21.82,100.0,100.0,0.0,0.0,-30.38,-9.52,32.22,2026-02-10 12:37:36,True,Iowa,
#BlackLivesMatter: Protesting Racism,2021-11-01,1.11,0.0,100.0,0.0,0.0,0.0,-100.0,-1.11,10.48,2026-02-10 12:38:03,True,Texas,
Zara Hossin is Here,2024-08-01,0.0,0.0,0.0,0.0,0.0,0.0,0.0,0.0,0.0,2026-02-10 12:38:31,True,Florida,
1Q84,2023-12-01,4.28,3.46,100.0,100.0,0.0,0.0,-19.22,-0.82,18.17,2026-02-10 12:38:58,True,Florida,
34 Pieces of You,2024-04-01,1.11,2.0,100.0,100.0,0.0,0.0,80.0,0.89,12.01,2026-02-10 12:39:25,True,Florida,
#Pride: Championing LGBTQ Rights,2024-08-01,0.0,1.11,0.0,100.0,0.0,0.0,inf,1.11,10.48,2026-02-10 12:39:52,True,Colorado,
You're in the Wrong Bathroom!: And 20 Other Myths and Misconceptions About Transgender and Gender-Nonconforming People,2024-01-01,,,,,,,,,,2026-02-10 12:40:52,False,Florida,The request failed: Google returned a response with code 400
Girl on the Line,2022-02-01,2.96,21.16,100.0,100.0,0.0,0.0,615.79,18.2,27.98,2026-02-10 12:41:20,True,Tennessee,
You Say It First,2023-08-01,40.12,53.42,100.0,100.0,0.0,0.0,33.15,13.3,28.67,2026-02-10 12:41:47,True,Florida,
Green River Killer: A True Detective Story,2022-09-01,0.0,1.11,0.0,100.0,0.0,0.0,inf,1.11,10.48,2026-02-10 12:42:14,True,Missouri,
Grown in 60 Seconds,2022-10-01,1.11,0.0,100.0,0.0,0.0,0.0,-100.0,-1.11,10.48,2026-02-10 12:42:41,True,Texas,
"Guinness Book of World Records, 2023",2023-07-01,0.0,1.11,0.0,100.0,0.0,0.0,inf,1.11,10.48,2026-02-10 12:43:09,True,Florida,
You Brought Me the Ocean,2022-02-01,1.11,0.0,100.0,0.0,0.0,0.0,-100.0,-1.11,10.48,2026-02-10 12:43:36,True,Tennessee,
Great,2021-12-01,85.13,79.08,100.0,100.0,75.0,60.0,-7.11,-6.06,6.55,2026-02-10 12:44:03,True,Texas,
Guardian (Proxy Series),2021-12-01,0.0,0.0,0.0,0.0,0.0,0.0,0.0,0.0,0.0,2026-02-10 12:44:30,True,Texas,
A Heart So Fierce and Broken,2023-08-01,1.11,0.0,100.0,0.0,0.0,0.0,-100.0,-1.11,10.48,2026-02-10 12:45:00,True,Florida,
Harriet Gets Carried Away,2023-07-01,0.0,0.0,0.0,0.0,0.0,0.0,0.0,0.0,0.0,2026-02-10 12:45:27,True,Florida,
"100 Questions You'd Never Ask Your Parents: Straight Answers to Teens' Questions About Sex, Sexuality, and Health",2021-12-01,,,,,,,,,,2026-02-10 15:24:48,False,Texas,The request failed: Google returned a response with code 400
You're in the Wrong Bathroom!: And 20 Other Myths and Misconceptions About Transgender and Gender-Nonconforming People,2024-01-01,,,,,,,,,,2026-02-10 15:25:45,False,Florida,The request failed: Google returned a response with code 400
Harrow Lake,2023-08-01,0.0,1.11,0.0,100.0,0.0,0.0,inf,1.11,10.48,2026-02-10 15:26:12,True,Florida,
"He Said, She Said",2023-10-01,9.11,19.11,100.0,100.0,0.0,0.0,109.76,10.0,29.34,2026-02-10 15:26:39,True,Florida,
Who Was Sally Ride?,2023-07-01,0.0,0.0,0.0,0.0,0.0,0.0,0.0,0.0,0.0,2026-02-10 15:27:06,True,Florida,
A Light in the Attic,2024-12-01,0.0,2.97,0.0,100.0,0.0,0.0,inf,2.97,16.04,2026-02-10 15:27:34,True,Tennessee,
Halo,2023-08-01,69.29,68.07,100.0,100.0,58.0,55.0,-1.76,-1.22,7.65,2026-02-10 15:28:03,True,Florida,
Half Wild,2023-08-01,52.18,43.43,100.0,100.0,0.0,0.0,-16.76,-8.74,27.46,2026-02-10 15:28:30,True,Florida,
Zombies vs. Unicorns,2024-10-01,0.0,0.0,0.0,0.0,0.0,0.0,0.0,0.0,0.0,2026-02-10 15:28:57,True,Tennessee,
You Against Me,2023-08-01,66.81,66.82,100.0,100.0,38.0,37.0,0.02,0.01,14.3,2026-02-10 15:29:24,True,Florida,
2024: A Graphic Novel,2025-02-01,0.0,1.11,0.0,100.0,0.0,0.0,inf,1.11,10.48,2026-02-10 15:44:53,True,Florida,
Wonder Woman: Warbringer,2023-07-01,,,,,,,,,,2026-02-10 16:15:21,False,Florida,Retries exhausted
"Writing My Wrongs: Life, Death, and Reception in an American Prison",2023-12-01,0.0,0.0,0.0,0.0,0.0,0.0,0.0,0.0,0.0,2026-02-10 16:20:52,True,Florida,
1st to Die,2023-10-01,,,,,,,,,,2026-02-10 16:21:54,False,Florida,"HTTPSConnectionPool(host='trends.google.com', port=443): Max retries exceeded with url: /trends/api/"
A Breath of Snow and Ashes,2023-08-01,,,,,,,,,,2026-02-10 16:22:55,False,Florida,"HTTPSConnectionPool(host='trends.google.com', port=443): Max retries exceeded with url: /trends/api/"
Woodcuts of Women: Stories,2024-03-01,1.11,0.0,100.0,0.0,0.0,0.0,-100.0,-1.11,10.48,2026-02-10 16:23:22,True,Florida,
Impulse (Impulse Series),2022-03-01,0.0,1.11,0.0,100.0,0.0,0.0,inf,1.11,10.48,2026-02-10 16:23:48,True,Texas,
Impossible,2023-10-01,19.93,54.41,100.0,100.0,7.0,38.0,172.97,34.48,22.75,2026-02-10 16:24:15,True,Florida,
Fred Gets Dressed,2022-07-01,1.11,1.11,100.0,100.0,0.0,0.0,0.0,0.0,10.48,2026-02-10 16:24:41,True,Florida,
A Vow So Bold and Deadly,2023-01-01,0.0,0.0,0.0,0.0,0.0,0.0,0.0,0.0,0.0,2026-02-10 16:25:08,True,Texas,
Al Capone Does My Shirts,2023-06-01,6.26,1.11,100.0,100.0,0.0,0.0,-82.24,-5.14,16.45,2026-02-10 16:25:34,True,Florida,
Into the Light,2024-08-01,42.93,54.42,100.0,100.0,20.0,21.0,26.76,11.49,21.71,2026-02-10 16:26:00,True,Tennessee,
Unbecoming,2022-02-01,9.49,24.08,100.0,100.0,0.0,0.0,153.75,14.59,27.67,2026-02-10 16:26:26,True,Tennessee,
Vampire Academy (Vampire Academy Series),2021-11-01,3.18,1.11,100.0,100.0,0.0,0.0,-65.03,-2.07,14.24,2026-02-10 16:26:52,True,Michigan,
In the Role of Brie Hutchens...,2021-12-01,0.0,0.0,0.0,0.0,0.0,0.0,0.0,0.0,0.0,2026-02-10 16:27:18,True,Texas,
Flying Lessons and Other Stories,2024-06-01,1.11,0.0,100.0,0.0,0.0,0.0,-100.0,-1.11,10.48,2026-02-10 16:27:45,True,Iowa,
Violets Are Blue (JP),2023-08-01,0.0,0.0,0.0,0.0,0.0,0.0,0.0,0.0,0.0,2026-02-10 16:28:11,True,Florida,
Imaginary Girls,2023-08-01,1.11,1.11,100.0,100.0,0.0,0.0,0.0,0.0,10.48,2026-02-10 16:28:37,True,Florida,
In Search of Us,2023-08-01,26.88,45.07,100.0,100.0,0.0,0.0,67.67,18.19,27.4,2026-02-10 16:29:03,True,Florida,
In the Dream House,2021-09-01,44.84,48.23,100.0,100.0,0.0,0.0,7.56,3.39,23.88,2026-02-10 16:29:29,True,Texas,
In the Afterlight,2023-03-01,1.11,0.0,100.0,0.0,0.0,0.0,-100.0,-1.11,10.48,2026-02-10 16:29:55,True,Texas,
Vanilla,2023-11-01,72.82,58.79,100.0,100.0,61.0,39.0,-19.27,-14.03,13.45,2026-02-10 16:30:22,True,Iowa,
Uprooted,2024-06-01,33.73,36.12,100.0,100.0,0.0,0.0,7.08,2.39,32.89,2026-02-10 16:30:48,True,Iowa,
It's Okay To Be Different,2023-03-01,0.0,1.11,0.0,100.0,0.0,0.0,inf,1.11,10.48,2026-02-10 16:31:14,True,Florida,
All I Want is Everything,2023-12-01,14.76,12.22,100.0,100.0,0.0,0.0,-17.17,-2.53,29.09,2026-02-10 16:31:40,True,Florida,
Two Roads,2022-01-01,63.71,48.84,100.0,100.0,0.0,23.0,-23.33,-14.87,17.78,2026-02-10 16:32:06,True,Florida,
Unbelievable,2023-08-01,30.29,70.88,100.0,100.0,18.0,45.0,134.01,40.59,23.44,2026-02-10 16:32:33,True,Florida,
Téo's Tutu,2024-06-01,0.0,1.11,0.0,100.0,0.0,0.0,inf,1.11,10.48,2026-02-10 16:32:59,True,Iowa,
Five Feet Apart,2023-10-01,62.03,28.31,100.0,100.0,0.0,0.0,-54.36,-33.72,24.31,2026-02-10 16:33:25,True,Florida,
Flip,2023-08-01,76.18,79.41,100.0,100.0,65.0,64.0,4.24,3.23,7.55,2026-02-10 16:33:52,True,Florida,
Two Dark Reigns,2023-08-01,1.11,1.11,100.0,100.0,0.0,0.0,0.0,0.0,10.48,2026-02-10 16:34:18,True,Florida,
Understanding Gender Identity,2022-02-01,1.11,0.0,100.0,0.0,0.0,0.0,-100.0,-1.11,10.48,2026-02-10 16:34:44,True,Tennessee,
Inkdeath,2023-08-01,0.0,0.0,0.0,0.0,0.0,0.0,0.0,0.0,0.0,2026-02-10 16:35:10,True,Florida,
Under Rose-Tainted Skies,2023-08-01,1.11,1.11,100.0,100.0,0.0,0.0,0.0,0.0,10.48,2026-02-10 16:35:36,True,Florida,
Instructions for Dancing,2023-06-01,0.0,1.11,0.0,100.0,0.0,0.0,inf,1.11,10.48,2026-02-10 16:36:03,True,Florida,
"Alex, Approximately",2023-08-01,0.0,0.0,0.0,0.0,0.0,0.0,0.0,0.0,0.0,2026-02-10 16:36:29,True,Florida,
Unplanned Pregnancies,2023-10-01,0.0,0.0,0.0,0.0,0.0,0.0,0.0,0.0,0.0,2026-02-10 16:36:55,True,Kentucky,
In the Wild Light,2023-08-01,8.56,10.21,100.0,100.0,0.0,0.0,19.35,1.66,24.91,2026-02-10 16:37:22,True,Florida,
Under Shifting Stars,2024-08-01,0.0,0.0,0.0,0.0,0.0,0.0,0.0,0.0,0.0,2026-02-10 16:37:48,True,Florida,
I'm a Wild Seed: My Graphic Memoir on Queerness and Decolonizing the World,2022-02-01,0.0,0.0,0.0,0.0,0.0,0.0,0.0,0.0,0.0,2026-02-10 16:38:14,True,Tennessee,
I Know This Much Is True,2023-08-01,9.73,16.14,100.0,100.0,0.0,0.0,65.87,6.41,25.69,2026-02-10 16:38:41,True,Florida,
A Queer History of the United States For Young People,2024-06-01,0.0,0.0,0.0,0.0,0.0,0.0,0.0,0.0,0.0,2026-02-10 16:39:07,True,Iowa,
A Question of Holmes,2023-08-01,1.11,0.0,100.0,0.0,0.0,0.0,-100.0,-1.11,10.48,2026-02-10 16:39:33,True,Florida,
Freeing Finch,2024-08-01,0.0,0.0,0.0,0.0,0.0,0.0,0.0,0.0,0.0,2026-02-10 16:39:59,True,Texas,
A Taxonomy of Love,2023-08-01,0.0,0.0,0.0,0.0,0.0,0.0,0.0,0.0,0.0,2026-02-10 16:40:25,True,Florida,
How to Be Ace: A Memoir of Growing Up Asexual,2022-03-01,0.0,0.0,0.0,0.0,0.0,0.0,0.0,0.0,0.0,2026-02-10 16:40:51,True,Vermont,
How to Make a Wish,2022-02-01,38.17,46.54,100.0,100.0,0.0,0.0,21.95,8.38,28.56,2026-02-10 16:41:18,True,Tennessee,
Human Body Theater: A Non-Fiction Revue,2024-06-01,0.0,0.0,0.0,0.0,0.0,0.0,0.0,0.0,0.0,2026-02-10 16:41:45,True,Iowa,
Gender Identity (AA),2023-10-01,0.0,1.11,0.0,100.0,0.0,0.0,inf,1.11,10.48,2026-02-10 16:42:11,True,Kentucky,
Wayward Witch (Brooklyn Brujas Series),2021-12-01,0.0,0.0,0.0,0.0,0.0,0.0,0.0,0.0,0.0,2026-02-10 16:42:37,True,Texas,
If There's No Tomorrow,2024-04-01,0.0,0.0,0.0,0.0,0.0,0.0,0.0,0.0,0.0,2026-02-10 16:43:03,True,Florida,
We Are Not Your Equal: Understanding Our Racial Divide,2022-09-01,0.0,1.11,0.0,100.0,0.0,0.0,inf,1.11,10.48,2026-02-10 16:43:29,True,Florida,
A Study in Charlotte,2023-08-01,0.0,1.11,0.0,100.0,0.0,0.0,inf,1.11,10.48,2026-02-10 16:43:55,True,Florida,
"We Should Hang Out Sometime: Embarrassingly, A True Story",2023-08-01,1.11,1.11,100.0,100.0,0.0,0.0,0.0,0.0,10.48,2026-02-10 16:44:21,True,Florida,
"I, Claudia",2023-10-01,0.0,0.0,0.0,0.0,0.0,0.0,0.0,0.0,0.0,2026-02-10 16:44:47,True,Florida,
Friday I'm in Love,2024-05-01,7.48,5.76,100.0,100.0,0.0,0.0,-23.03,-1.72,20.43,2026-02-10 16:45:13,True,Florida,
I Hope You're Listening,2021-12-01,0.0,0.0,0.0,0.0,0.0,0.0,0.0,0.0,0.0,2026-02-10 16:45:39,True,Texas,
Wash Day Diaries,2024-06-01,1.11,0.0,100.0,0.0,0.0,0.0,-100.0,-1.11,10.48,2026-02-10 16:46:06,True,Iowa,
Watch Over Me,2022-10-01,57.88,49.14,100.0,100.0,0.0,0.0,-15.09,-8.73,25.64,2026-02-10 16:46:32,True,Texas,
Garden of Shadows,2023-08-01,1.11,0.0,100.0,0.0,0.0,0.0,-100.0,-1.11,10.48,2026-02-10 16:46:58,True,Florida,
Galaxy: The Prettiest Star,2024-08-01,0.0,0.0,0.0,0.0,0.0,0.0,0.0,0.0,0.0,2026-02-10 16:47:25,True,Texas,
Accountable: The True Story of a Racist Social Media Account and the Teenagers Whose Lives it Changed,2024-08-01,,,,,,,,,,2026-02-10 16:48:21,False,Florida,The request failed: Google returned a response with code 400
Forget Me Not (AD),2023-10-01,0.0,0.0,0.0,0.0,0.0,0.0,0.0,0.0,0.0,2026-02-10 16:48:47,True,Kentucky,
Gates of Paradise,2022-10-01,0.0,2.21,0.0,100.0,0.0,0.0,inf,2.21,14.67,2026-02-10 16:49:13,True,Texas,
The Darkest Minds,2023-11-01,5.83,29.03,100.0,100.0,0.0,0.0,397.71,23.2,20.37,2026-02-10 16:49:39,True,Florida,
The Dark Days Club,2023-08-01,0.0,1.11,0.0,100.0,0.0,0.0,inf,1.11,10.48,2026-02-10 16:50:06,True,Florida,
Sadie,2023-08-01,58.04,40.53,100.0,100.0,47.0,29.0,-30.17,-17.51,13.66,2026-02-10 16:50:32,True,Florida,
Mixed: A Colorful Story,2022-10-01,1.11,0.0,100.0,0.0,0.0,0.0,-100.0,-1.11,10.48,2026-02-10 16:50:58,True,Florida,
The Cyclopes,2025-02-01,0.0,1.11,0.0,100.0,0.0,0.0,inf,1.11,10.48,2026-02-10 16:51:25,True,Tennessee,
Ruin of Stars,2024-06-01,0.0,3.78,0.0,100.0,0.0,0.0,inf,3.78,17.64,2026-02-10 16:51:50,True,Iowa,
The Dead-Tossed Waves,2022-10-01,0.0,1.11,0.0,100.0,0.0,0.0,inf,1.11,10.48,2026-02-10 16:52:17,True,Texas,
SELF-ish: A Transgender Awakening,2022-02-01,1.11,0.0,100.0,0.0,0.0,0.0,-100.0,-1.11,10.48,2026-02-10 16:52:43,True,Tennessee,
Right Where You Left Me,2024-10-01,4.8,5.07,100.0,100.0,0.0,0.0,5.56,0.27,16.83,2026-02-10 16:53:09,True,Tennessee,
The Fell of Dark,2022-02-01,1.11,2.08,100.0,100.0,0.0,0.0,87.0,0.97,12.27,2026-02-10 16:53:35,True,Tennessee,
Replica: Gemma Lyra,2024-06-01,0.0,0.0,0.0,0.0,0.0,0.0,0.0,0.0,0.0,2026-02-10 16:54:01,True,Texas,
The Exact Opposite of Okay,2022-11-01,0.0,0.0,0.0,0.0,0.0,0.0,0.0,0.0,0.0,2026-02-10 16:54:27,True,Texas,
The Dark and Hollow Places,2022-10-01,0.0,0.0,0.0,0.0,0.0,0.0,0.0,0.0,0.0,2026-02-10 16:54:53,True,Texas,
Blood of Elves,2024-06-01,0.0,0.0,0.0,0.0,0.0,0.0,0.0,0.0,0.0,2026-02-10 16:55:19,True,Iowa,
Crash and Burn,2023-08-01,13.76,12.9,100.0,100.0,0.0,0.0,-6.22,-0.86,28.55,2026-02-10 16:55:46,True,Utah,
Crazy Love,2023-08-01,34.7,62.48,100.0,100.0,23.0,43.0,80.05,27.78,19.17,2026-02-10 16:56:12,True,Florida,
The Canterbury Tales,2023-02-01,40.31,43.87,100.0,100.0,0.0,0.0,8.82,3.56,28.56,2026-02-10 16:56:38,True,Pennsylvania,
Sawkill Girls,2024-05-01,0.0,0.0,0.0,0.0,0.0,0.0,0.0,0.0,0.0,2026-02-10 16:57:04,True,Florida,
The Closest I've Come,2023-08-01,0.0,1.11,0.0,100.0,0.0,0.0,inf,1.11,10.48,2026-02-10 16:57:31,True,Florida,
School's Out - Forever,2023-02-01,0.0,0.0,0.0,0.0,0.0,0.0,0.0,0.0,0.0,2026-02-10 16:57:57,True,Florida,
The Dead Inside,2022-12-01,15.17,52.22,100.0,100.0,0.0,0.0,244.32,37.06,31.39,2026-02-10 16:58:23,True,Texas,
The Chosen One,2023-08-01,49.03,24.06,100.0,100.0,26.0,7.0,-50.94,-24.98,20.56,2026-02-10 16:58:50,True,Florida,
Salvage,2023-08-01,83.66,77.24,100.0,100.0,55.0,49.0,-7.66,-6.41,10.83,2026-02-10 16:59:17,True,Florida,
Savage Inequalities: Children in America's Schools,2023-06-01,1.11,0.0,100.0,0.0,0.0,0.0,-100.0,-1.11,10.48,2026-02-10 16:59:43,True,Florida,
The Cost of Knowing,2022-11-01,3.38,3.84,100.0,100.0,0.0,0.0,13.82,0.47,17.04,2026-02-10 17:00:10,True,Utah,
Corelli's Mandolin,2023-08-01,0.0,1.11,0.0,100.0,0.0,0.0,inf,1.11,10.48,2026-02-10 17:00:36,True,Florida,
The Cabin,2023-08-01,39.53,53.8,100.0,100.0,30.0,39.0,36.09,14.27,14.02,2026-02-10 17:01:02,True,Florida,
Ruin and Rising,2023-08-01,2.21,1.11,100.0,100.0,0.0,0.0,-49.75,-1.1,12.76,2026-02-10 17:01:28,True,Florida,
Roar,2023-08-01,73.1,66.21,100.0,100.0,58.0,55.0,-9.42,-6.89,8.55,2026-02-10 17:01:55,True,Florida,
The Case for Jamie,2023-08-01,0.0,0.0,0.0,0.0,0.0,0.0,0.0,0.0,0.0,2026-02-10 17:02:21,True,Florida,
Coping with Date Rape and Acquaintance Rape,2023-08-01,0.0,0.0,0.0,0.0,0.0,0.0,0.0,0.0,0.0,2026-02-10 17:02:48,True,Florida,
Scott Pilgrim Vol. 5: Scott Pilgrim vs. the Universe,2022-09-01,0.0,1.11,0.0,100.0,0.0,0.0,inf,1.11,10.48,2026-02-10 17:03:14,True,Missouri,
Sea of Shadows,2023-08-01,0.0,1.11,0.0,100.0,0.0,0.0,inf,1.11,10.48,2026-02-10 17:03:40,True,Florida,
See Me,2024-06-01,50.71,61.96,100.0,100.0,42.0,53.0,22.17,11.24,9.15,2026-02-10 17:04:07,True,Florida,
Confessions of a Murder Suspect,2023-08-01,0.0,1.11,0.0,100.0,0.0,0.0,inf,1.11,10.48,2026-02-10 17:04:33,True,Florida,
The Fire Next Time,2022-10-01,11.51,16.64,100.0,100.0,0.0,0.0,44.59,5.13,30.13,2026-02-10 17:05:00,True,Florida,
Crush (CM),2023-09-01,1.11,0.0,100.0,0.0,0.0,0.0,-100.0,-1.11,10.48,2026-02-10 17:05:28,True,Florida,
Puddin',2023-08-01,0.0,0.0,0.0,0.0,0.0,0.0,0.0,0.0,0.0,2026-02-10 17:05:55,True,Florida,
The Drowning Summer,2023-11-01,0.0,0.0,0.0,0.0,0.0,0.0,0.0,0.0,0.0,2026-02-10 17:06:21,True,Oregon,
The Forgetting,2023-08-01,65.93,59.31,100.0,100.0,35.0,32.0,-10.04,-6.62,15.9,2026-02-10 17:06:47,True,Florida,
"Private: New York, Los Angeles, London, Paris",2023-08-01,0.0,0.0,0.0,0.0,0.0,0.0,0.0,0.0,0.0,2026-02-10 17:07:14,True,Florida,
Prom,2023-08-01,28.23,66.19,100.0,100.0,12.0,47.0,134.44,37.96,24.49,2026-02-10 17:07:40,True,Florida,
The Fire Never Goes Out: A Memoir in Pictures,2021-12-01,1.11,1.11,100.0,100.0,0.0,0.0,0.0,0.0,10.48,2026-02-10 17:08:07,True,Texas,
The Great Alone,2023-08-01,59.89,55.78,100.0,100.0,0.0,0.0,-6.86,-4.11,19.42,2026-02-10 17:08:33,True,Florida,
Postcards From No Man's Land,2023-08-01,0.0,0.0,0.0,0.0,0.0,0.0,0.0,0.0,0.0,2026-02-10 17:08:59,True,Florida,
Portnoy's Complaint,2024-02-01,1.11,1.84,100.0,100.0,0.0,0.0,66.0,0.73,11.54,2026-02-10 17:09:25,True,Florida,
Pink,2021-12-01,80.23,82.62,100.0,100.0,68.0,64.0,2.98,2.39,7.52,2026-02-10 17:09:52,True,Texas,
The Goldfinch,2023-11-01,11.93,26.09,100.0,100.0,0.0,0.0,118.62,14.16,14.45,2026-02-10 17:10:18,True,Iowa,
The Guardian,2024-06-01,75.24,72.92,100.0,100.0,64.0,62.0,-3.09,-2.32,5.99,2026-02-10 17:10:45,True,Florida,
Dangerous Lies,2023-10-01,3.56,5.22,100.0,100.0,0.0,0.0,46.88,1.67,17.46,2026-02-10 17:11:12,True,Florida,
Darius the Great Is Not Okay,2023-08-01,1.11,0.0,100.0,0.0,0.0,0.0,-100.0,-1.11,10.48,2026-02-10 17:11:38,True,Florida,
Black Enough: Stories of Being Young & Black in America,2021-11-01,0.0,1.11,0.0,100.0,0.0,0.0,inf,1.11,10.48,2026-02-10 17:12:04,True,Florida,
Raiders Night,2023-10-01,4.06,6.78,100.0,100.0,0.0,0.0,67.12,2.72,13.71,2026-02-10 17:12:30,True,Florida,
Raise the Stakes,2021-12-01,0.0,0.0,0.0,0.0,0.0,0.0,0.0,0.0,0.0,2026-02-10 17:12:57,True,Texas,
The Distance From Me to You,2023-08-01,2.02,2.08,100.0,100.0,0.0,0.0,2.75,0.06,13.65,2026-02-10 17:13:24,True,Florida,
The Deep & Dark Blue,2021-12-01,0.0,1.11,0.0,100.0,0.0,0.0,inf,1.11,10.48,2026-02-10 17:13:50,True,Texas,
Princess in the Spotlight,2023-08-01,0.0,0.0,0.0,0.0,0.0,0.0,0.0,0.0,0.0,2026-02-10 17:14:16,True,Florida,
Race and Policing in Modern America,2022-08-01,0.0,0.0,0.0,0.0,0.0,0.0,0.0,0.0,0.0,2026-02-10 17:14:43,True,Florida,
"The Devil in the White City: Murder, Magic, and Madness at the Fair that Changed America",2023-08-01,0.0,0.0,0.0,0.0,0.0,0.0,0.0,0.0,0.0,2026-02-10 17:15:10,True,Florida,
The Electric Kingdom,2023-08-01,19.01,0.0,100.0,0.0,0.0,0.0,-100.0,-19.01,31.49,2026-02-10 17:15:37,True,Florida,
"The Earth, My Butt, and Other Big Round Things",2023-10-01,0.0,0.0,0.0,0.0,0.0,0.0,0.0,0.0,0.0,2026-02-10 17:16:03,True,Iowa,
Princess in Love,2023-08-01,45.67,29.78,100.0,100.0,0.0,0.0,-34.79,-15.89,34.75,2026-02-10 17:16:29,True,Florida,
Crystal Kingdom,2023-03-01,36.9,27.47,100.0,100.0,0.0,0.0,-25.56,-9.43,20.45,2026-02-10 17:16:56,True,Texas,
"Curse of the Blue Tattoo: Being an Account of the Misadventures of Jacky Faber, Midshipman and Fine Lady",2023-08-01,,,,,,,,,,2026-02-10 17:17:51,False,Florida,The request failed: Google returned a response with code 400
Rebel Angels,2023-08-01,0.0,1.11,0.0,100.0,0.0,0.0,inf,1.11,10.48,2026-02-10 17:18:17,True,Florida,
Black and White,2022-02-01,80.56,81.54,100.0,100.0,65.0,61.0,1.23,0.99,7.36,2026-02-10 17:18:45,True,New Jersey,
Red Glove,2023-08-01,23.09,6.0,100.0,100.0,0.0,0.0,-74.01,-17.09,24.12,2026-02-10 17:19:11,True,Florida,
Crave,2023-10-01,78.42,80.96,100.0,100.0,66.0,66.0,3.23,2.53,7.37,2026-02-10 17:19:38,True,Iowa,
Ready Player Two,2024-10-01,15.52,9.66,100.0,100.0,0.0,0.0,-37.8,-5.87,25.39,2026-02-10 17:20:05,True,Tennessee,
Reality Boy,2023-08-01,1.91,2.79,100.0,100.0,0.0,0.0,45.93,0.88,14.11,2026-02-10 17:20:31,True,Florida,
Red Rising,2023-08-01,44.41,71.83,100.0,100.0,27.0,50.0,61.75,27.42,18.61,2026-02-10 17:20:57,True,Florida,
Something Like Fate,2023-10-01,0.0,1.81,0.0,100.0,0.0,0.0,inf,1.81,12.33,2026-02-10 17:21:24,True,Iowa,
Teen Sex,2023-10-01,83.56,81.64,100.0,100.0,67.0,68.0,-2.29,-1.91,7.61,2026-02-10 17:21:51,True,Iowa,
The (Un)Popular Vote,2022-02-01,0.0,0.0,0.0,0.0,0.0,0.0,0.0,0.0,0.0,2026-02-10 17:22:17,True,Tennessee,
That Inevitable Victorian Thing,2022-02-01,,,,,,,,,,2026-02-10 17:24:28,False,Tennessee,"HTTPSConnectionPool(host='trends.google.com', port=443): Max retries exceeded with url: /trends/api/"
Tessa Masterson Will Go to Prom,2021-12-01,0.0,1.11,0.0,100.0,0.0,0.0,inf,1.11,10.48,2026-02-10 17:44:19,True,Texas,
Something Like Normal,2023-10-01,5.3,4.0,100.0,100.0,0.0,0.0,-24.53,-1.3,18.53,2026-02-10 17:59:49,True,Florida,
Tempest,2023-08-01,67.44,73.56,100.0,100.0,55.0,60.0,9.06,6.11,8.04,2026-02-10 18:00:16,True,Florida,
So Hard to Say,2021-12-01,24.78,26.7,100.0,100.0,0.0,0.0,7.76,1.92,30.95,2026-02-10 18:17:44,True,Texas,
The Apocalypse of Elena Mendoza,2023-08-01,,,,,,,,,,2026-02-10 18:40:44,False,Florida,"HTTPSConnectionPool(host='trends.google.com', port=443): Max retries exceeded with url: /trends/api/"
The Alliance,2024-06-01,,,,,,,,,,2026-02-10 18:44:05,False,Florida,"HTTPSConnectionPool(host='trends.google.com', port=443): Max retries exceeded with url: /trends/api/"
Skin (AV),2024-11-01,0.0,0.0,0.0,0.0,0.0,0.0,0.0,0.0,0.0,2026-02-10 18:44:31,True,Texas,
Children of Blood and Bone,2023-11-01,22.21,25.11,100.0,100.0,0.0,0.0,13.06,2.9,30.82,2026-02-10 18:44:58,True,Florida,
Burning Glass,2023-12-01,25.87,31.79,100.0,100.0,0.0,0.0,22.9,5.92,29.79,2026-02-10 18:45:25,True,Florida,
Burned (Burned Series),2021-10-01,1.96,0.0,100.0,0.0,0.0,0.0,-100.0,-1.96,13.09,2026-02-10 18:45:52,True,Texas,
Tales of the Madman Underground,2023-08-01,0.0,0.0,0.0,0.0,0.0,0.0,0.0,0.0,0.0,2026-02-10 18:46:20,True,Florida,
Synchro Boy,2022-02-01,2.03,1.11,100.0,100.0,0.0,0.0,-45.36,-0.92,12.12,2026-02-10 18:46:47,True,Tennessee,
Target,2022-01-01,44.23,78.12,100.0,100.0,30.0,60.0,76.61,33.89,20.51,2026-02-10 18:47:14,True,Texas,
Chopsticks,2024-12-01,68.39,52.57,100.0,100.0,39.0,32.0,-23.14,-15.82,14.64,2026-02-10 18:47:41,True,Tennessee,
Champion,2023-08-01,71.24,83.36,100.0,100.0,59.0,73.0,17.0,12.11,8.86,2026-02-10 18:48:08,True,Florida,
"Soul Eater, Vol. 16",2024-09-01,0.0,0.0,0.0,0.0,0.0,0.0,0.0,0.0,0.0,2026-02-10 18:48:35,True,Pennsylvania,
"Soul Eater, Vol. 14",2024-09-01,0.0,0.0,0.0,0.0,0.0,0.0,0.0,0.0,0.0,2026-02-10 18:49:01,True,Pennsylvania,
Caste: The Origins of Our Discontents,2021-12-01,1.11,0.0,100.0,0.0,0.0,0.0,-100.0,-1.11,10.48,2026-02-10 18:49:28,True,Texas,
Spellbook of the Lost and Found,2023-08-01,0.0,0.0,0.0,0.0,0.0,0.0,0.0,0.0,0.0,2026-02-10 18:49:54,True,Florida,
Cat's Cradle,2023-08-01,62.34,58.94,100.0,100.0,0.0,30.0,-5.45,-3.4,18.39,2026-02-10 18:50:21,True,Florida,
Stargazer,2024-06-01,43.96,44.21,100.0,100.0,27.0,26.0,0.58,0.26,12.37,2026-02-10 18:50:48,True,Florida,
Catalyst,2023-08-01,70.11,77.12,100.0,100.0,49.0,49.0,10.0,7.01,12.58,2026-02-10 18:51:15,True,Florida,
Stay With Me (PG),2023-08-01,0.0,0.0,0.0,0.0,0.0,0.0,0.0,0.0,0.0,2026-02-10 18:51:42,True,Florida,
Candy,2023-10-01,81.64,52.69,100.0,100.0,71.0,38.0,-35.47,-28.96,17.79,2026-02-10 18:52:09,True,Florida,
Special Delivery,2023-03-01,65.12,63.47,100.0,100.0,38.0,35.0,-2.54,-1.66,12.09,2026-02-10 18:52:35,True,Florida,
Chain Letter,2024-06-01,34.31,23.4,100.0,100.0,0.0,0.0,-31.8,-10.91,30.29,2026-02-10 18:53:02,True,Florida,
Speak No Evil,2022-02-01,15.37,56.86,100.0,100.0,0.0,0.0,269.99,41.49,30.28,2026-02-10 18:53:30,True,Tennessee,
Stunning,2023-08-01,70.03,76.01,100.0,100.0,55.0,46.0,8.54,5.98,8.39,2026-02-10 18:53:57,True,Florida,
"Soul Eater, Vol. 23",2023-08-01,0.0,0.0,0.0,0.0,0.0,0.0,0.0,0.0,0.0,2026-02-10 18:54:24,True,Florida,
"Soul Eater, Vol. 21",2023-08-01,0.0,0.0,0.0,0.0,0.0,0.0,0.0,0.0,0.0,2026-02-10 18:54:50,True,Florida,
Candidly Cline,2024-03-01,1.11,0.0,100.0,0.0,0.0,0.0,-100.0,-1.11,10.48,2026-02-10 18:55:17,True,Florida,
Clockwork Princess (The Infernal Devices Series),2022-05-01,1.79,0.0,100.0,0.0,0.0,0.0,-100.0,-1.79,12.22,2026-02-10 18:55:44,True,Idaho,
September Girls,2023-08-01,2.98,31.49,100.0,100.0,0.0,0.0,957.46,28.51,29.77,2026-02-10 18:56:11,True,Florida,
Send Pics,2023-10-01,50.03,61.72,100.0,100.0,29.0,32.0,23.36,11.69,13.72,2026-02-10 18:56:37,True,Iowa,
Both Sides Now,2023-08-01,55.42,46.22,100.0,100.0,26.0,0.0,-16.6,-9.2,14.81,2026-02-10 18:57:04,True,Georgia,
The Bourne Ultimatum,2023-12-01,10.17,5.06,100.0,100.0,0.0,0.0,-50.27,-5.11,22.76,2026-02-10 18:57:30,True,Florida,
The Book of Unknown Americans,2024-10-01,0.0,8.12,0.0,100.0,0.0,0.0,inf,8.12,24.72,2026-02-10 18:57:57,True,Tennessee,
The Blood of Olympus,2024-06-01,1.11,1.11,100.0,100.0,0.0,0.0,0.0,0.0,10.48,2026-02-10 18:58:24,True,Iowa,
The Boy and Girl Who Broke the World,2023-06-01,0.0,0.0,0.0,0.0,0.0,0.0,0.0,0.0,0.0,2026-02-10 18:58:51,True,Florida,
Seek You: A Journey Through American Loneliness,2022-08-01,1.11,0.0,100.0,0.0,0.0,0.0,-100.0,-1.11,10.48,2026-02-10 18:59:18,True,Florida,
The Color of Earth,2023-06-01,45.11,15.81,100.0,100.0,0.0,0.0,-64.95,-29.3,30.88,2026-02-10 18:59:44,True,Florida,
The Circle of Blood,2023-08-01,4.08,5.08,100.0,100.0,0.0,0.0,24.52,1.0,20.03,2026-02-10 19:00:10,True,Florida,
Shadowland,2024-06-01,10.51,17.62,100.0,100.0,0.0,0.0,67.65,7.11,26.31,2026-02-10 19:00:37,True,Iowa,
Shadow Wand,2023-10-01,1.11,0.0,100.0,0.0,0.0,0.0,-100.0,-1.11,10.48,2026-02-10 19:01:04,True,Iowa,
Shanghai Girls,2023-10-01,1.11,0.0,100.0,0.0,0.0,0.0,-100.0,-1.11,10.48,2026-02-10 19:01:31,True,Florida,
Body and Mind: LGBTQ Health Issues,2024-08-01,0.0,0.0,0.0,0.0,0.0,0.0,0.0,0.0,0.0,2026-02-10 19:01:57,True,Texas,
Sex: An Uncensored Introduction,2023-06-01,0.0,0.0,0.0,0.0,0.0,0.0,0.0,0.0,0.0,2026-02-10 19:02:24,True,Utah,
Sexual Predators,2023-12-01,25.28,20.47,100.0,100.0,0.0,0.0,-19.03,-4.81,31.84,2026-02-10 19:02:51,True,Iowa,
Sharice's Big Voice: A Native Kid Becomes a Congresswoman,2023-07-01,0.0,0.0,0.0,0.0,0.0,0.0,0.0,0.0,0.0,2026-02-10 19:03:17,True,Florida,
"Cirque du Freak: The Manga, Vol. 1",2024-04-01,0.0,1.11,0.0,100.0,0.0,0.0,inf,1.11,10.48,2026-02-10 19:03:44,True,Florida,
"The Birds, the Bees, and You and Me",2021-12-01,0.0,1.11,0.0,100.0,0.0,0.0,inf,1.11,10.48,2026-02-10 19:04:11,True,Texas,
The Best Liars in Riverview,2024-08-01,0.0,0.0,0.0,0.0,0.0,0.0,0.0,0.0,0.0,2026-02-10 19:04:38,True,Texas,
Sinner,2023-08-01,18.67,11.76,100.0,100.0,11.0,6.0,-37.02,-6.91,11.68,2026-02-10 19:05:05,True,Florida,
The 9th Judgment,2024-06-01,0.0,0.0,0.0,0.0,0.0,0.0,0.0,0.0,0.0,2026-02-10 19:05:32,True,Florida,
The Accidental Adventures of India McAllister,2021-12-01,0.0,0.0,0.0,0.0,0.0,0.0,0.0,0.0,0.0,2026-02-10 19:05:59,True,Texas,
The Art of Starving,2023-06-01,0.0,0.0,0.0,0.0,0.0,0.0,0.0,0.0,0.0,2026-02-10 19:06:26,True,Florida,
The Bourne Identity,2023-12-01,34.78,29.74,100.0,100.0,0.0,0.0,-14.47,-5.03,32.09,2026-02-10 19:06:54,True,Florida,
Breathing Underwater,2023-08-01,18.11,15.71,100.0,100.0,0.0,0.0,-13.25,-2.4,31.74,2026-02-10 19:07:21,True,Florida,
Boyfriends with Girlfriends,2023-02-01,0.0,0.0,0.0,0.0,0.0,0.0,0.0,0.0,0.0,2026-02-10 19:07:48,True,Idaho,
Short Stuff: A Young Adult LGBTQ+ Anthology,2022-02-01,58.73,42.73,100.0,100.0,38.0,33.0,-27.24,-16.0,11.82,2026-02-10 19:08:16,True,Tennessee,
The Battle of Jericho,2023-08-01,1.76,2.01,100.0,100.0,0.0,0.0,14.56,0.26,12.76,2026-02-10 19:08:43,True,Florida,
Brave New World: A Graphic Novel,2025-03-01,0.0,0.0,0.0,0.0,0.0,0.0,0.0,0.0,0.0,2026-02-10 19:09:10,True,Tennessee,
Shelter,2023-08-01,87.24,65.93,100.0,100.0,76.0,51.0,-24.43,-21.31,12.49,2026-02-10 19:09:37,True,Florida,
Circe,2024-06-01,72.16,62.19,100.0,100.0,37.0,38.0,-13.81,-9.97,13.02,2026-02-10 19:10:04,True,Florida,
"Boy Erased: A Memoir of Identity, Faith, and Family",2021-12-01,0.0,0.0,0.0,0.0,0.0,0.0,0.0,0.0,0.0,2026-02-10 19:10:31,True,Texas,
Banned Book Club,2023-06-01,1.91,1.68,100.0,100.0,0.0,0.0,-12.21,-0.23,12.29,2026-02-10 19:10:58,True,Florida,
Drums of Autumn,2023-08-01,0.0,1.11,0.0,100.0,0.0,0.0,inf,1.11,10.48,2026-02-10 19:11:25,True,Florida,
The Outsiders,2021-10-01,34.04,48.59,100.0,100.0,19.0,26.0,42.72,14.54,14.24,2026-02-10 19:11:52,True,Oklahoma,
Mythology (DK),2025-02-01,0.0,0.0,0.0,0.0,0.0,0.0,0.0,0.0,0.0,2026-02-10 19:12:19,True,Tennessee,
Narrative of the Life of Frederick Douglass,2021-10-01,15.37,30.49,100.0,100.0,0.0,0.0,98.41,15.12,33.28,2026-02-10 19:12:46,True,Oklahoma,
"My Hero Academia: School Briefs, Vol. 5",2023-02-01,1.11,0.0,100.0,0.0,0.0,0.0,-100.0,-1.11,10.48,2026-02-10 19:13:13,True,Florida,
My Life Next Door,2024-10-01,1.94,2.07,100.0,100.0,0.0,0.0,6.29,0.12,13.4,2026-02-10 19:13:40,True,Tennessee,
"My Most Excellent Year: A Novel of Love, Mary Poppins, and Fenway Park",2021-12-01,0.0,0.0,0.0,0.0,0.0,0.0,0.0,0.0,0.0,2026-02-10 19:14:07,True,Texas,
Mythology (Eyewitness),2023-08-01,2.14,0.0,100.0,0.0,0.0,0.0,-100.0,-2.14,14.23,2026-02-10 19:14:34,True,Florida,
"Dragon Ball, Vol. 4",2023-10-01,1.11,1.11,100.0,100.0,0.0,0.0,0.0,0.0,10.48,2026-02-10 19:15:01,True,Florida,
Moon Chosen,2023-08-01,2.74,2.06,100.0,100.0,0.0,0.0,-25.1,-0.69,14.41,2026-02-10 19:15:28,True,Florida,
"More Than a Game: Race, Gender, and Politics in Sports",2021-12-01,1.11,1.11,100.0,100.0,0.0,0.0,0.0,0.0,10.48,2026-02-10 19:15:55,True,Texas,
At First Sight,2024-06-01,44.24,50.11,100.0,100.0,24.0,34.0,13.26,5.87,14.83,2026-02-10 19:16:22,True,Florida,
Bad for You (Sea Breeze Series),2021-10-01,0.0,1.11,0.0,100.0,0.0,0.0,inf,1.11,10.48,2026-02-10 19:16:48,True,Texas,
"Monstress, Vol. 3: Haven",2022-10-01,0.0,1.11,0.0,100.0,0.0,0.0,inf,1.11,10.48,2026-02-10 19:17:15,True,Texas,
Monsters,2023-08-01,60.82,67.59,100.0,100.0,50.0,54.0,11.13,6.77,9.42,2026-02-10 19:17:42,True,Florida,
Dreadnought (H.I.V.E. Series),2021-12-01,0.0,2.19,0.0,100.0,0.0,0.0,inf,2.19,14.52,2026-02-10 19:18:09,True,Texas,
Nights in Rodanthe,2024-06-01,1.11,11.7,100.0,100.0,0.0,0.0,953.0,10.59,17.91,2026-02-10 19:18:36,True,Florida,
The Nature of Jade,2023-08-01,0.0,0.0,0.0,0.0,0.0,0.0,0.0,0.0,0.0,2026-02-10 19:19:03,True,Florida,
The Mythology Book,2023-08-01,10.1,9.77,100.0,100.0,0.0,0.0,-3.3,-0.33,26.82,2026-02-10 19:19:30,True,Florida,
Newjack: Guarding Sing Sing,2024-06-01,0.0,0.0,0.0,0.0,0.0,0.0,0.0,0.0,0.0,2026-02-10 19:19:57,True,Florida,
Night Blood,2023-08-01,81.42,75.3,100.0,100.0,62.0,55.0,-7.52,-6.12,9.21,2026-02-10 19:20:24,True,Florida,
Nick and Charlie: A Heartstopper Novella,2024-08-01,0.0,1.11,0.0,100.0,0.0,0.0,inf,1.11,10.48,2026-02-10 19:20:50,True,Tennessee,
Doomed,2023-07-01,62.38,14.07,100.0,100.0,35.0,7.0,-77.45,-48.31,27.31,2026-02-10 19:21:17,True,Florida,
Neferet's Curse,2023-08-01,0.0,0.0,0.0,0.0,0.0,0.0,0.0,0.0,0.0,2026-02-10 19:21:43,True,Florida,
Beautiful Creatures,2023-10-01,41.67,41.66,100.0,100.0,0.0,0.0,-0.03,-0.01,15.82,2026-02-10 19:22:10,True,Florida,
Beautiful Music for Ugly Children,2021-12-01,0.0,1.11,0.0,100.0,0.0,0.0,inf,1.11,10.48,2026-02-10 19:22:37,True,Texas,
The Moon and More,2023-08-01,26.87,39.33,100.0,100.0,0.0,0.0,46.4,12.47,31.09,2026-02-10 19:23:04,True,Florida,
"My Hero Academia (Series, Title Not Specified)",2024-06-01,0.0,0.0,0.0,0.0,0.0,0.0,0.0,0.0,0.0,2026-02-10 19:23:31,True,Texas,
The Namesake,2023-08-01,23.41,54.89,100.0,100.0,0.0,0.0,134.46,31.48,32.63,2026-02-10 19:23:57,True,Florida,
"Dragon Ball, Vol. 8",2023-10-01,0.0,1.11,0.0,100.0,0.0,0.0,inf,1.11,10.48,2026-02-10 19:24:24,True,Florida,
"Dragon Ball, Vol. 6",2023-10-01,0.0,0.0,0.0,0.0,0.0,0.0,0.0,0.0,0.0,2026-02-10 19:24:50,True,Florida,
Munmun,2023-08-01,0.0,0.0,0.0,0.0,0.0,0.0,0.0,0.0,0.0,2026-02-10 19:25:17,True,Florida,
The Neon Rain,2023-08-01,1.11,0.0,100.0,0.0,0.0,0.0,-100.0,-1.11,10.48,2026-02-10 19:25:43,True,Florida,
The Misfits,2023-08-01,43.74,24.46,100.0,100.0,19.0,11.0,-44.09,-19.29,20.99,2026-02-10 19:26:10,True,Florida,
The Princess Diaries,2023-08-01,43.53,26.64,100.0,100.0,18.0,14.0,-38.8,-16.89,14.59,2026-02-10 19:26:37,True,Florida,
The Princess and the Warrior: A Tale of Two Volcanoes,2022-01-01,1.11,1.11,100.0,100.0,0.0,0.0,0.0,0.0,10.48,2026-02-10 19:27:03,True,Florida,
Athletic Shorts: Six Short Stories,2023-10-01,0.0,0.0,0.0,0.0,0.0,0.0,0.0,0.0,0.0,2026-02-10 19:27:30,True,Iowa,
The Rag and Bone Shop,2023-08-01,0.0,0.0,0.0,0.0,0.0,0.0,0.0,0.0,0.0,2026-02-10 19:27:57,True,Florida,
May the Best Man Win,2022-02-01,0.0,0.0,0.0,0.0,0.0,0.0,0.0,0.0,0.0,2026-02-10 19:28:24,True,Tennessee,
Echo,2023-08-01,67.9,84.34,100.0,100.0,58.0,74.0,24.22,16.44,10.44,2026-02-10 19:28:51,True,Florida,
The Promised Neverland,2023-03-01,66.3,66.04,100.0,100.0,39.0,36.0,-0.39,-0.26,12.61,2026-02-10 19:29:18,True,Texas,
Mask of Shadows,2024-06-01,0.0,0.0,0.0,0.0,0.0,0.0,0.0,0.0,0.0,2026-02-10 19:29:44,True,Iowa,
Ashfall,2023-08-01,9.59,9.53,100.0,100.0,0.0,0.0,-0.58,-0.06,21.76,2026-02-10 19:30:11,True,Florida,
The Six Rules of Maybe,2023-08-01,1.11,0.0,100.0,0.0,0.0,0.0,-100.0,-1.11,10.48,2026-02-10 19:30:37,True,Florida,
Emmy and Oliver,2023-08-01,0.0,0.0,0.0,0.0,0.0,0.0,0.0,0.0,0.0,2026-02-10 19:31:04,True,Florida,
The Shadow in the North,2023-10-01,0.0,1.11,0.0,100.0,0.0,0.0,inf,1.11,10.48,2026-02-10 19:31:31,True,Florida,
Love & Other Carnivorous Plants,2022-02-01,0.0,0.0,0.0,0.0,0.0,0.0,0.0,0.0,0.0,2026-02-10 19:31:58,True,Tennessee,
The Secrets of Peaches,2023-03-01,0.0,0.0,0.0,0.0,0.0,0.0,0.0,0.0,0.0,2026-02-10 19:32:24,True,Texas,
Are You LGBTQ?,2021-12-01,0.0,0.0,0.0,0.0,0.0,0.0,0.0,0.0,0.0,2026-02-10 19:32:51,True,Texas,
Ellen Foster,2023-08-01,3.11,3.02,100.0,100.0,0.0,0.0,-2.86,-0.09,15.17,2026-02-10 19:33:19,True,Florida,
The Silvered Serpents,2023-08-01,0.0,0.0,0.0,0.0,0.0,0.0,0.0,0.0,0.0,2026-02-10 19:33:46,True,Florida,
"Audrey, Wait!",2023-08-01,0.0,0.0,0.0,0.0,0.0,0.0,0.0,0.0,0.0,2026-02-10 19:34:12,True,Florida,
"Assassination Classroom, Vol. 12",2023-05-01,0.0,0.0,0.0,0.0,0.0,0.0,0.0,0.0,0.0,2026-02-10 19:34:39,True,Florida,
"Assassination Classroom, Vol. 14",2023-05-01,0.0,1.11,0.0,100.0,0.0,0.0,inf,1.11,10.48,2026-02-10 19:35:06,True,Florida,
Medusa,2022-09-01,28.49,33.18,100.0,100.0,17.0,19.0,16.46,4.69,15.71,2026-02-10 19:35:33,True,Missouri,
Marco Impossible,2021-12-01,0.0,0.0,0.0,0.0,0.0,0.0,0.0,0.0,0.0,2026-02-10 19:35:59,True,Texas,
Each of Us a Desert,2021-12-01,0.0,0.0,0.0,0.0,0.0,0.0,0.0,0.0,0.0,2026-02-10 19:36:26,True,Texas,
"Assassination Classroom, Vol. 16",2023-05-01,1.11,0.0,100.0,0.0,0.0,0.0,-100.0,-1.11,10.48,2026-02-10 19:36:53,True,Florida,
Mothers Are Part of A Family,2023-06-01,0.0,1.11,0.0,100.0,0.0,0.0,inf,1.11,10.48,2026-02-10 19:37:19,True,Florida,
Dry (NS),2024-06-01,1.11,0.0,100.0,0.0,0.0,0.0,-100.0,-1.11,10.48,2026-02-10 19:37:46,True,Florida,
The Renaissance,2022-09-01,53.51,72.04,100.0,100.0,35.0,19.0,34.63,18.53,20.97,2026-02-10 19:38:13,True,Missouri,
Maestros,2023-07-01,3.54,68.26,100.0,100.0,1.0,29.0,1825.71,64.71,34.79,2026-02-10 19:38:40,True,Florida,
Mammal,2024-10-01,40.62,15.3,100.0,100.0,29.0,9.0,-62.34,-25.32,16.38,2026-02-10 19:39:07,True,Tennessee,
Miles Away from You,2021-12-01,4.1,10.64,100.0,100.0,0.0,0.0,159.62,6.54,24.59,2026-02-10 19:39:34,True,Texas,
Miss Peregrine’s Home for Peculiar Children: The Graphic Novel,2024-12-01,0.0,0.0,0.0,0.0,0.0,0.0,0.0,0.0,0.0,2026-02-10 19:40:00,True,Tennessee,
The Running Man,2023-10-01,49.72,66.37,100.0,100.0,0.0,37.0,33.47,16.64,16.62,2026-02-10 19:40:27,True,Florida,
Michelangelo (MV),2023-06-01,0.0,0.0,0.0,0.0,0.0,0.0,0.0,0.0,0.0,2026-02-10 19:40:54,True,Florida,
The Ring and the Crown,2023-08-01,0.0,0.0,0.0,0.0,0.0,0.0,0.0,0.0,0.0,2026-02-10 19:41:20,True,Florida,
BZRK Apocalypse,2023-10-01,0.0,0.0,0.0,0.0,0.0,0.0,0.0,0.0,0.0,2026-02-10 19:41:47,True,Florida,
The King of Lies,2023-08-01,1.11,7.86,100.0,100.0,0.0,0.0,607.0,6.74,17.99,2026-02-10 19:42:14,True,Florida,
The Kiss of Deception,2022-10-01,0.0,0.0,0.0,0.0,0.0,0.0,0.0,0.0,0.0,2026-02-10 19:42:41,True,Texas,
Over You,2023-10-01,83.8,84.96,100.0,100.0,75.0,62.0,1.38,1.16,7.19,2026-02-10 19:43:08,True,Florida,
P. S. I Still Love You,2022-08-01,0.0,1.11,0.0,100.0,0.0,0.0,inf,1.11,10.48,2026-02-10 19:43:35,True,Texas,
Never Let Me Go,2022-10-01,25.56,63.57,100.0,100.0,14.0,35.0,148.74,38.01,22.39,2026-02-10 19:44:01,True,Florida,
Origin,2023-08-01,86.9,80.64,100.0,100.0,74.0,65.0,-7.2,-6.26,7.71,2026-02-10 19:44:29,True,Florida,
The Last Song,2024-06-01,52.9,72.16,100.0,100.0,39.0,55.0,36.4,19.26,13.45,2026-02-10 19:44:56,True,Florida,
Our Subway Baby,2023-07-01,0.0,0.0,0.0,0.0,0.0,0.0,0.0,0.0,0.0,2026-02-10 19:45:22,True,Florida,
Days of Blood and Starlight,2022-11-01,0.0,0.0,0.0,0.0,0.0,0.0,0.0,0.0,0.0,2026-02-10 19:45:49,True,Indiana,
Better Nate Than Ever,2022-09-01,20.42,2.48,100.0,100.0,0.0,0.0,-87.87,-17.94,25.97,2026-02-10 19:46:16,True,Florida,
One Great Lie,2023-08-01,1.11,3.93,100.0,100.0,0.0,0.0,254.0,2.82,14.99,2026-02-10 19:46:43,True,Florida,
One Child: The True Story of a Tormented Six Year Old and the Brilliant Teacher Who Reached Out,2023-10-01,0.0,1.11,0.0,100.0,0.0,0.0,inf,1.11,10.48,2026-02-10 19:47:09,True,Iowa,
The Iron Flower,2023-10-01,2.04,6.29,100.0,100.0,0.0,0.0,207.61,4.24,18.41,2026-02-10 19:47:36,True,Iowa,
Paradise Lost,2023-11-01,49.84,66.76,100.0,100.0,32.0,38.0,33.93,16.91,14.04,2026-02-10 19:48:03,True,Florida,
Ogilvy,2023-12-01,54.06,44.89,100.0,100.0,0.0,0.0,-16.96,-9.17,27.79,2026-02-10 19:48:30,True,Florida,
The Last Halloween: Children,2022-09-01,1.11,1.11,100.0,100.0,0.0,0.0,0.0,0.0,10.48,2026-02-10 19:48:57,True,Missouri,
Parable of the Talents,2022-10-01,21.37,23.66,100.0,100.0,0.0,0.0,10.71,2.29,31.95,2026-02-10 19:49:23,True,Texas,
The Lady's Guide to Petticoats and Piracy,2023-08-01,0.0,0.0,0.0,0.0,0.0,0.0,0.0,0.0,0.0,2026-02-10 19:49:50,True,Florida,
The Insiders,2023-10-01,14.0,14.38,100.0,100.0,0.0,0.0,2.7,0.38,25.03,2026-02-10 19:50:17,True,Iowa,
Perfect Chemistry (Perfect Chemistry Series),2021-11-01,0.0,0.0,0.0,0.0,0.0,0.0,0.0,0.0,0.0,2026-02-10 19:50:44,True,Georgia,
Perfect (Impulse Series),2021-11-01,0.0,1.11,0.0,100.0,0.0,0.0,inf,1.11,10.48,2026-02-10 19:51:11,True,Texas,
"Peace, Love, and Baby Ducks",2023-12-01,0.0,0.0,0.0,0.0,0.0,0.0,0.0,0.0,0.0,2026-02-10 19:51:37,True,Florida,
The Heartbreak Bakery,2023-06-01,1.11,0.0,100.0,0.0,0.0,0.0,-100.0,-1.11,10.48,2026-02-10 19:52:04,True,Florida,
Prey,2022-10-01,11.78,34.17,100.0,100.0,3.0,20.0,190.09,22.39,19.11,2026-02-10 19:52:31,True,Texas,
The Girls Are Never Gone,2022-02-01,0.0,0.0,0.0,0.0,0.0,0.0,0.0,0.0,0.0,2026-02-10 19:52:58,True,Tennessee,
Pride and Prejudice and Zombies: The Classic Regency Romance -- Now With Ultraviolent Zombie Mayhem,2023-08-01,1.11,0.0,100.0,0.0,0.0,0.0,-100.0,-1.11,10.48,2026-02-10 19:53:24,True,Florida,
Please Ignore Vera Dietz,2023-02-01,0.0,1.11,0.0,100.0,0.0,0.0,inf,1.11,10.48,2026-02-10 19:53:51,True,Pennsylvania,
The House of One Thousand Eyes,2023-08-01,1.11,1.11,100.0,100.0,0.0,0.0,0.0,0.0,10.48,2026-02-10 19:54:17,True,Florida,
The House of the Scorpion,2024-08-01,7.66,8.22,100.0,100.0,0.0,0.0,7.4,0.57,24.72,2026-02-10 19:54:45,True,Florida,
Peter Pan,2021-10-01,82.91,56.89,100.0,100.0,69.0,37.0,-31.39,-26.02,16.3,2026-02-10 19:55:12,True,Tennessee,
Big Nate From the Top,2023-08-01,1.11,0.0,100.0,0.0,0.0,0.0,-100.0,-1.11,10.48,2026-02-10 19:55:38,True,Florida,
The House that Whispers,2023-10-01,0.0,0.0,0.0,0.0,0.0,0.0,0.0,0.0,0.0,2026-02-10 19:56:05,True,Kentucky,
Percy Jackson's Greek Gods,2023-06-01,1.11,2.08,100.0,100.0,0.0,0.0,87.0,0.97,12.27,2026-02-10 19:56:32,True,Florida,
Perfectly Good White Boy,2022-03-01,0.0,0.0,0.0,0.0,0.0,0.0,0.0,0.0,0.0,2026-02-10 19:56:59,True,Texas,
Between Shades of Gray,2021-10-01,3.1,1.11,100.0,100.0,0.0,0.0,-64.16,-1.99,14.01,2026-02-10 19:57:26,True,Oklahoma,
The Inheritance Games,2023-08-01,63.08,57.38,100.0,100.0,42.0,33.0,-9.04,-5.7,12.48,2026-02-10 19:57:53,True,Florida,
The Melancholy of Haruhi Suzumiya,2022-10-01,4.03,1.97,100.0,100.0,0.0,0.0,-51.24,-2.07,16.24,2026-02-10 19:58:19,True,Texas,
Divergent,2023-08-01,56.37,66.9,100.0,100.0,38.0,48.0,18.69,10.53,13.81,2026-02-10 19:58:46,True,Florida,
The Mammoth Hunters,2023-02-01,1.11,1.11,100.0,100.0,0.0,0.0,0.0,0.0,10.48,2026-02-10 19:59:13,True,Pennsylvania,
The Man in the Iron Mask,2023-10-01,32.99,35.92,100.0,100.0,0.0,0.0,8.89,2.93,22.36,2026-02-10 19:59:40,True,Florida,
The Mark of Athena,2024-06-01,3.19,1.11,100.0,100.0,0.0,0.0,-65.16,-2.08,14.27,2026-02-10 20:00:07,True,Iowa,
Bathe the Cat,2024-03-01,0.0,0.0,0.0,0.0,0.0,0.0,0.0,0.0,0.0,2026-02-10 20:00:34,True,Florida,
Disclosure,2023-08-01,56.3,75.6,100.0,100.0,28.0,38.0,34.28,19.3,20.83,2026-02-10 20:01:01,True,Florida,
Belly Up,2024-08-01,69.52,70.36,100.0,100.0,50.0,54.0,1.2,0.83,9.27,2026-02-10 20:01:28,True,Texas,
"No Girls Allowed: Tales of Daring Women Dressed as Men for Love, Freedom and Adventure",2021-12-01,0.0,0.0,0.0,0.0,0.0,0.0,0.0,0.0,0.0,2026-02-10 20:01:55,True,Texas,
Nearly Found,2023-08-01,17.24,38.88,100.0,100.0,0.0,0.0,125.45,21.63,32.03,2026-02-10 20:02:21,True,Florida,
The Nickel Boys,2024-08-01,10.49,36.01,100.0,100.0,0.0,0.0,243.33,25.52,32.02,2026-02-10 20:02:48,True,Tennessee,
"The Low, Low Woods",2022-09-01,0.0,0.0,0.0,0.0,0.0,0.0,0.0,0.0,0.0,2026-02-10 20:03:15,True,Missouri,
Don't Ask Me Where I'm From,2023-08-01,1.11,1.11,100.0,100.0,0.0,0.0,0.0,0.0,10.48,2026-02-10 20:03:41,True,Florida,
The Lotterys More or Less,2023-06-01,0.0,1.11,0.0,100.0,0.0,0.0,inf,1.11,10.48,2026-02-10 20:04:07,True,Florida,
Not So Pure and Simple,2022-02-01,1.11,1.82,100.0,100.0,0.0,0.0,64.0,0.71,11.48,2026-02-10 20:04:34,True,Tennessee,
"No Way, They Were Gay?: Hidden Lives and Secret Loves",2022-02-01,0.0,1.11,0.0,100.0,0.0,0.0,inf,1.11,10.48,2026-02-10 20:05:00,True,Tennessee,
The Maze Runner,2023-08-01,64.18,64.58,100.0,100.0,40.0,40.0,0.62,0.4,12.37,2026-02-10 20:05:27,True,Florida,
Nothing Left to Burn,2023-08-01,0.0,0.0,0.0,0.0,0.0,0.0,0.0,0.0,0.0,2026-02-10 20:05:53,True,Florida,
Demon Apocalypse,2023-12-01,2.18,0.0,100.0,0.0,0.0,0.0,-100.0,-2.18,14.45,2026-02-10 20:06:19,True,Florida,
Descender,2024-06-01,3.81,4.2,100.0,100.0,0.0,0.0,10.2,0.39,18.66,2026-02-10 20:06:46,True,Iowa,
The Lost Boy: A Foster Child's Search for the Love of a Family,2023-10-01,1.93,2.04,100.0,100.0,0.0,0.0,5.75,0.11,13.3,2026-02-10 20:07:12,True,Iowa,
Debating Darcy,2023-12-01,1.11,0.0,100.0,0.0,0.0,0.0,-100.0,-1.11,10.48,2026-02-10 20:07:39,True,Florida,
Bed of Roses,2023-03-01,42.36,47.54,100.0,100.0,0.0,0.0,12.25,5.19,23.8,2026-02-10 20:08:06,True,Florida,
One Life,2023-10-01,61.54,71.74,100.0,100.0,42.0,37.0,16.57,10.2,18.53,2026-02-10 20:08:33,True,Iowa,
One Hundred Years of Solitude,2023-08-01,12.47,14.63,100.0,100.0,0.0,0.0,17.38,2.17,25.18,2026-02-10 20:09:01,True,Florida,
Openly Straight (Openly Straight Series),2021-12-01,0.0,0.0,0.0,0.0,0.0,0.0,0.0,0.0,0.0,2026-02-10 20:09:29,True,Texas,
Being Nikki,2023-08-01,0.0,2.06,0.0,100.0,0.0,0.0,inf,2.06,12.13,2026-02-10 20:09:55,True,Florida,
Oblivion,2023-08-01,71.59,70.5,100.0,100.0,49.0,51.0,-1.52,-1.09,10.91,2026-02-10 20:10:23,True,Florida,
The Little Black Book for Girlz: A Book on Healthy Sexuality,2025-05-01,0.0,0.0,0.0,0.0,0.0,0.0,0.0,0.0,0.0,2026-02-10 20:10:50,True,Florida,
The Living,2023-08-01,63.62,74.61,100.0,100.0,51.0,45.0,17.27,10.99,15.19,2026-02-10 20:11:18,True,Florida,
Dear Mothman,2024-08-01,0.0,0.0,0.0,0.0,0.0,0.0,0.0,0.0,0.0,2026-02-10 20:11:45,True,Texas,
Dicey's Song,2022-10-01,0.0,1.11,0.0,100.0,0.0,0.0,inf,1.11,10.48,2026-02-10 20:12:12,True,Texas,
Now I Rise,2022-10-01,2.99,1.11,100.0,100.0,0.0,0.0,-62.83,-1.88,13.68,2026-02-10 20:12:41,True,Texas,
Believe Me,2024-06-01,44.91,80.0,100.0,100.0,35.0,65.0,78.13,35.09,19.14,2026-02-10 20:13:10,True,Iowa,
The Line Tender,2023-08-01,0.0,0.0,0.0,0.0,0.0,0.0,0.0,0.0,0.0,2026-02-10 20:13:36,True,Florida,
#WomensMarch: Insisting on Equality,2024-08-01,0.0,0.0,0.0,0.0,0.0,0.0,0.0,0.0,0.0,2026-02-10 20:14:03,True,Texas,
(Don't) Call Me Crazy: 33 Voices Start the Conversation,2023-12-01,0.0,0.0,0.0,0.0,0.0,0.0,0.0,0.0,0.0,2026-02-10 20:14:32,True,Florida,
"10,000 Days of Thunder: A History of the Vietnam War",2024-06-01,0.0,0.0,0.0,0.0,0.0,0.0,0.0,0.0,0.0,2026-02-10 20:15:00,True,Iowa,
100 Characters from Classical Mythology: Discover the Fascinating Stories of the Greek and Roman Deities,2023-08-01,,,,,,,,,,2026-02-10 20:15:58,False,Florida,The request failed: Google returned a response with code 400
100 Women Who Made History: Remarkable Women Who Shaped Our World,2023-08-01,,,,,,,,,,2026-02-10 20:19:15,False,Florida,"HTTPSConnectionPool(host='trends.google.com', port=443): Max retries exceeded with url: /trends/api/"
101 Ways to Dance,2023-11-01,,,,,,,,,,2026-02-10 20:20:33,False,Wisconsin,"HTTPSConnectionPool(host='trends.google.com', port=443): Max retries exceeded with url: /trends/api/"
120 Banned Books: Censorship Histories of World Literature,2023-07-01,,,,,,,,,,2026-02-10 20:33:48,False,Florida,"HTTPSConnectionPool(host='trends.google.com', port=443): Max retries exceeded with url: /trends/api/"
13 Art Inventions Children Show Know,2023-06-01,0.0,1.11,0.0,100.0,0.0,0.0,inf,1.11,10.48,2026-02-10 20:35:14,True,Florida,
14 Cows for America,2022-01-01,0.0,0.0,0.0,0.0,0.0,0.0,0.0,0.0,0.0,2026-02-10 20:35:41,True,Florida,
17 First Kisses,2023-08-01,1.11,0.0,100.0,0.0,0.0,0.0,-100.0,-1.11,10.48,2026-02-10 20:36:08,True,Florida,
You: The Owner's Manual for Teens: A Guide to a Healthy Body and Happy Life,2024-12-01,0.0,0.0,0.0,0.0,0.0,0.0,0.0,0.0,0.0,2026-02-10 20:36:35,True,Tennessee,
Your One and Only,2023-08-01,47.42,55.87,100.0,100.0,22.0,15.0,17.81,8.44,21.47,2026-02-10 20:37:01,True,Florida,
2nd Chance,2024-06-01,60.73,72.12,100.0,100.0,41.0,36.0,18.75,11.39,12.52,2026-02-10 20:37:28,True,Florida,
3rd Degree,2024-06-01,74.24,80.08,100.0,100.0,52.0,60.0,7.86,5.83,10.47,2026-02-10 20:37:55,True,Florida,
4th of July,2024-06-01,34.46,2.94,100.0,100.0,13.0,0.0,-91.45,-31.51,21.9,2026-02-10 20:38:22,True,Florida,
50 Contemporary Artists You Should Know,2024-08-01,0.0,0.0,0.0,0.0,0.0,0.0,0.0,0.0,0.0,2026-02-10 20:38:48,True,Texas,
2001: a Space Odyssey,2023-10-01,46.99,58.21,100.0,100.0,27.0,33.0,23.88,11.22,14.43,2026-02-10 20:39:14,True,Florida,
21st-Century Science Medicine,2025-02-01,0.0,0.0,0.0,0.0,0.0,0.0,0.0,0.0,0.0,2026-02-10 20:39:41,True,Tennessee,
Yesterday Is History,2022-02-01,2.16,2.83,100.0,100.0,0.0,0.0,31.44,0.68,15.0,2026-02-10 20:40:08,True,Tennessee,
"Yo, Simon, homo sapiens",2025-05-01,1.11,0.0,100.0,0.0,0.0,0.0,-100.0,-1.11,10.48,2026-02-10 20:40:34,True,Texas,
You Are Not Alone: Finding Your LGBTQ Community,2024-08-01,0.0,0.0,0.0,0.0,0.0,0.0,0.0,0.0,0.0,2026-02-10 20:41:01,True,Texas,
2 Days,2024-06-01,84.42,84.42,100.0,100.0,63.0,74.0,0.0,0.0,6.08,2026-02-10 20:41:27,True,Iowa,
Year of Wonders: A Novel of the Plague,2023-11-01,1.11,0.0,100.0,0.0,0.0,0.0,-100.0,-1.11,10.48,2026-02-10 20:41:54,True,Wisconsin,
Going Bicoastal,2024-08-01,0.0,1.11,0.0,100.0,0.0,0.0,inf,1.11,10.48,2026-02-10 20:42:20,True,Texas,
Going Rogue,2025-01-01,6.02,14.46,100.0,100.0,0.0,0.0,140.04,8.43,23.03,2026-02-10 20:42:46,True,Florida,
Golden Arm,2025-04-01,14.22,9.8,100.0,100.0,0.0,0.0,-31.09,-4.42,24.46,2026-02-10 20:43:13,True,Florida,
Graceling: The Graphic Novel,2024-06-01,1.11,0.0,100.0,0.0,0.0,0.0,-100.0,-1.11,10.48,2026-02-10 20:43:39,True,Florida,
God's Story,2023-06-01,8.57,7.41,100.0,100.0,0.0,0.0,-13.49,-1.16,24.27,2026-02-10 20:44:05,True,Florida,
Goddess Interrupted,2023-08-01,0.0,1.11,0.0,100.0,0.0,0.0,inf,1.11,10.48,2026-02-10 20:44:32,True,Florida,
Gods & Goddesses in the Daily Life of the Ancient Greeks,2025-04-01,1.11,0.0,100.0,0.0,0.0,0.0,-100.0,-1.11,10.48,2026-02-10 20:44:58,True,Tennessee,
Gods and Goddesses: A Treasury of Deities and Tales from World Mythology,2023-08-01,0.0,1.11,0.0,100.0,0.0,0.0,inf,1.11,10.48,2026-02-10 20:45:24,True,Florida,
Go Set a Watchman,2023-02-01,5.67,4.88,100.0,100.0,0.0,0.0,-13.92,-0.79,17.61,2026-02-10 20:45:51,True,Pennsylvania,
"God Bless You, Mr. Rosewater: or, Pearls Before Swine",2023-08-01,1.11,0.0,100.0,0.0,0.0,0.0,-100.0,-1.11,10.48,2026-02-10 20:46:17,True,Maine,
God Sent a Rainbow and Other Bible Stories,2023-06-01,0.0,1.11,0.0,100.0,0.0,0.0,inf,1.11,10.48,2026-02-10 20:46:44,True,Florida,
"God's Images: The Bible, A New Vision",2025-02-01,0.0,0.0,0.0,0.0,0.0,0.0,0.0,0.0,0.0,2026-02-10 20:47:10,True,Tennessee,
Gothic Art,2024-11-01,47.96,40.18,100.0,100.0,0.0,0.0,-16.22,-7.78,23.79,2026-02-10 20:47:36,True,Texas,
Glengarry Glen Ross,2024-06-01,27.68,14.03,100.0,100.0,0.0,0.0,-49.3,-13.64,15.75,2026-02-10 20:48:03,True,Florida,
Glitter,2022-10-01,78.08,71.39,100.0,100.0,60.0,54.0,-8.57,-6.69,9.89,2026-02-10 20:48:30,True,Texas,
Grim,2025-06-01,84.02,82.58,100.0,100.0,74.0,64.0,-1.72,-1.44,7.05,2026-02-10 20:48:56,True,Florida,
Gross Gods,2023-03-01,0.0,0.0,0.0,0.0,0.0,0.0,0.0,0.0,0.0,2026-02-10 20:49:23,True,Florida,
Growing Up LGBTQ,2024-08-01,0.0,0.0,0.0,0.0,0.0,0.0,0.0,0.0,0.0,2026-02-10 20:49:49,True,Texas,
Guantanamo Voices: True Accounts from the World's Infamous Prison,2024-10-01,0.0,0.0,0.0,0.0,0.0,0.0,0.0,0.0,0.0,2026-02-10 20:50:15,True,Tennessee,
Great Wonders of the World,2025-02-01,8.21,6.81,100.0,100.0,0.0,0.0,-17.05,-1.4,24.28,2026-02-10 20:50:42,True,Tennessee,
"Greece: Temples, Tombs & Treasures",2025-02-01,0.0,0.0,0.0,0.0,0.0,0.0,0.0,0.0,0.0,2026-02-10 20:51:08,True,Tennessee,
Greek Myths: A New Retelling,2025-04-01,0.0,0.0,0.0,0.0,0.0,0.0,0.0,0.0,0.0,2026-02-10 20:51:34,True,Tennessee,
Greek and Roman Mythology,2025-03-01,5.04,9.07,100.0,100.0,0.0,0.0,79.74,4.02,20.49,2026-02-10 20:52:01,True,Texas,
Graphic Classics: Edgar Allan Poe,2022-09-01,0.0,0.0,0.0,0.0,0.0,0.0,0.0,0.0,0.0,2026-02-10 20:52:27,True,Missouri,
Graphic Design: A New History,2022-09-01,0.0,0.0,0.0,0.0,0.0,0.0,0.0,0.0,0.0,2026-02-10 20:52:53,True,Missouri,
Grave Peril,2023-08-01,0.0,0.0,0.0,0.0,0.0,0.0,0.0,0.0,0.0,2026-02-10 20:53:19,True,Florida,
Gravity (LL),2025-03-01,0.0,0.0,0.0,0.0,0.0,0.0,0.0,0.0,0.0,2026-02-10 20:53:45,True,Texas,
Grand Canyon: A Different View,2023-06-01,0.0,0.0,0.0,0.0,0.0,0.0,0.0,0.0,0.0,2026-02-10 20:54:11,True,Florida,
Grandad's Pride,2025-03-01,0.0,0.0,0.0,0.0,0.0,0.0,0.0,0.0,0.0,2026-02-10 20:54:37,True,Minnesota,
Grandmama's Pride,2022-01-01,0.0,0.0,0.0,0.0,0.0,0.0,0.0,0.0,0.0,2026-02-10 20:55:03,True,Florida,
Graphic Classics: Bram Stoker,2022-09-01,2.2,0.0,100.0,0.0,0.0,0.0,-100.0,-2.2,14.59,2026-02-10 21:10:28,True,Missouri,
Give a Boy a Gun,2025-02-01,0.0,0.0,0.0,0.0,0.0,0.0,0.0,0.0,0.0,2026-02-10 21:10:55,True,Tennessee,
Glass (Crank Series),2022-03-01,0.0,0.0,0.0,0.0,0.0,0.0,0.0,0.0,0.0,2026-02-10 21:26:20,True,Texas,
"Gypsies, Wanderers of the World",2023-08-01,0.0,0.0,0.0,0.0,0.0,0.0,0.0,0.0,0.0,2026-02-10 21:26:47,True,Florida,
H.G. Wells: The Time Machine,2024-10-01,0.0,2.17,0.0,100.0,0.0,0.0,inf,2.17,14.38,2026-02-10 21:27:15,True,Tennessee,
Girls at the Edge of the World,2022-02-01,0.0,2.04,0.0,100.0,0.0,0.0,inf,2.04,13.61,2026-02-10 21:27:42,True,Tennessee,
Girls from Da Hood 2,2023-02-01,0.0,0.0,0.0,0.0,0.0,0.0,0.0,0.0,0.0,2026-02-10 21:28:10,True,Pennsylvania,
Girls on the Verge,2024-12-01,0.0,0.0,0.0,0.0,0.0,0.0,0.0,0.0,0.0,2026-02-10 21:28:39,True,Tennessee,
Girls with Rebel Souls,2024-11-01,0.0,0.0,0.0,0.0,0.0,0.0,0.0,0.0,0.0,2026-02-10 21:29:06,True,Texas,
Gustav Klimt: Drawings & Paintings,2025-04-01,0.0,0.0,0.0,0.0,0.0,0.0,0.0,0.0,0.0,2026-02-10 21:29:34,True,Tennessee,
Gym Candy,2025-04-01,2.81,3.4,100.0,100.0,0.0,0.0,20.95,0.59,14.99,2026-02-10 21:30:02,True,Florida,
Girlchild,2023-08-01,0.0,0.0,0.0,0.0,0.0,0.0,0.0,0.0,0.0,2026-02-10 21:30:29,True,Florida,
Guess What?,2023-03-01,0.0,0.0,0.0,0.0,0.0,0.0,0.0,0.0,0.0,2026-02-10 21:30:56,True,Florida,
"Guinness Book of World Records, 2000",2023-08-01,1.11,0.0,100.0,0.0,0.0,0.0,-100.0,-1.11,10.48,2026-02-10 21:31:23,True,Florida,
"Guinness Book of World Records, 2019",2023-08-01,0.0,0.0,0.0,0.0,0.0,0.0,0.0,0.0,0.0,2026-02-10 21:31:50,True,Florida,
Gulp: Adventures on the Alimentary Canal,2023-12-01,0.0,0.0,0.0,0.0,0.0,0.0,0.0,0.0,0.0,2026-02-10 21:32:17,True,Florida,
Hank: The Short Life and Long Country Road of Hank Williams,2023-08-01,0.0,0.0,0.0,0.0,0.0,0.0,0.0,0.0,0.0,2026-02-10 21:32:44,True,Florida,
Happily Ever After (KC),2023-08-01,0.0,0.0,0.0,0.0,0.0,0.0,0.0,0.0,0.0,2026-02-10 21:33:11,True,Florida,
Happiness Sold Separately,2024-06-01,0.0,0.0,0.0,0.0,0.0,0.0,0.0,0.0,0.0,2026-02-10 21:33:38,True,Florida,
Happy families,2021-12-01,6.2,7.06,100.0,100.0,0.0,0.0,13.8,0.86,20.57,2026-02-10 21:34:05,True,Texas,
"Hama-Kimi: For You In Full Blossom, Vol. 3",2023-02-01,0.0,0.0,0.0,0.0,0.0,0.0,0.0,0.0,0.0,2026-02-10 21:34:32,True,Pennsylvania,
Handcuffs,2023-08-01,68.99,67.37,100.0,100.0,50.0,45.0,-2.35,-1.62,9.57,2026-02-10 21:35:00,True,Florida,
"Hang-ups, Hook-ups, and Holding Out: Stuff You Need to Know about Your Body, Sex, and Dating",2021-12-01,1.11,2.11,100.0,100.0,0.0,0.0,90.0,1.0,12.39,2026-02-10 21:35:27,True,Texas,
"Haiku U: From Aristotle to Zola, 100 Great Books in 17 Syllables",2024-11-01,1.11,0.0,100.0,0.0,0.0,0.0,-100.0,-1.11,10.48,2026-02-10 21:35:54,True,Texas,
Half a Chance,2024-03-01,8.47,10.44,100.0,100.0,0.0,0.0,23.36,1.98,24.52,2026-02-10 21:36:21,True,Florida,
Halloween,2024-11-01,15.78,8.42,100.0,100.0,4.0,4.0,-46.62,-7.36,13.26,2026-02-10 21:36:48,True,Texas,
Hallway Diaries,2023-08-01,1.11,0.0,100.0,0.0,0.0,0.0,-100.0,-1.11,10.48,2026-02-10 21:37:15,True,Florida,
HItler's Last Days: The Death of the Nazi Regime and the World's Most Notorious Dictator,2025-02-01,0.0,0.0,0.0,0.0,0.0,0.0,0.0,0.0,0.0,2026-02-10 21:37:42,True,Tennessee,
Hades,2023-08-01,78.82,83.09,100.0,100.0,63.0,70.0,5.41,4.27,7.75,2026-02-10 21:38:09,True,Florida,
Hades (AR),2025-04-01,0.0,0.0,0.0,0.0,0.0,0.0,0.0,0.0,0.0,2026-02-10 21:38:36,True,Tennessee,
Hag-Seed: William Shakespeare's The Tempest Retold,2024-06-01,0.0,0.0,0.0,0.0,0.0,0.0,0.0,0.0,0.0,2026-02-10 21:39:03,True,Florida,
"Health Smarts: How to Eat Right, Stay Fit, Make Positive Choices, and More",2023-08-01,0.0,0.0,0.0,0.0,0.0,0.0,0.0,0.0,0.0,2026-02-10 21:39:30,True,Florida,
Hear Me,2024-08-01,82.8,62.34,100.0,100.0,69.0,43.0,-24.7,-20.46,16.51,2026-02-10 21:39:58,True,Florida,
Heart of Flames (Crown of Feathers Series),2022-02-01,0.0,1.11,0.0,100.0,0.0,0.0,inf,1.11,10.48,2026-02-10 21:40:26,True,Tennessee,
Hawke,2023-08-01,35.49,32.51,100.0,100.0,23.0,21.0,-8.39,-2.98,11.35,2026-02-10 21:40:55,True,Florida,
He Forgot To Say Goodbye,2024-06-01,0.0,0.0,0.0,0.0,0.0,0.0,0.0,0.0,0.0,2026-02-10 21:41:24,True,Florida,
Headin' For Better Times: The Arts of the Great Depression,2024-11-01,0.0,0.0,0.0,0.0,0.0,0.0,0.0,0.0,0.0,2026-02-10 21:41:52,True,Texas,
"Healing Sexual Trauma Workbook: Somatic Skills to Help You Feel Safe in Your Body, Create Boundaries, and Live with Resilience",2022-08-01,,,,,,,,,,2026-02-10 21:42:48,False,Michigan,The request failed: Google returned a response with code 400
Hatchet,2023-07-01,78.22,63.49,100.0,100.0,56.0,49.0,-18.84,-14.73,11.34,2026-02-10 21:43:15,True,Florida,
Hate Crimes in America,2023-08-01,0.0,2.2,0.0,100.0,0.0,0.0,inf,2.2,14.59,2026-02-10 21:43:42,True,Florida,
Hate List,2024-11-01,21.44,23.04,100.0,100.0,0.0,0.0,7.46,1.6,27.85,2026-02-10 21:44:08,True,Texas,
Have a Little Faith In Me,2024-10-01,0.0,1.11,0.0,100.0,0.0,0.0,inf,1.11,10.48,2026-02-10 21:44:37,True,Tennessee,
Harley Quinn: Reckoning,2024-06-01,0.0,0.0,0.0,0.0,0.0,0.0,0.0,0.0,0.0,2026-02-10 21:45:05,True,Iowa,
Harriet the Spy,2024-11-01,37.49,31.64,100.0,100.0,0.0,0.0,-15.59,-5.84,30.66,2026-02-10 21:45:31,True,Texas,
Harry Callahan: The Photographer at Work,2022-09-01,0.0,0.0,0.0,0.0,0.0,0.0,0.0,0.0,0.0,2026-02-10 21:45:58,True,Missouri,
Harvesting the Heart,2024-06-01,0.0,0.0,0.0,0.0,0.0,0.0,0.0,0.0,0.0,2026-02-10 21:46:25,True,Iowa,
Girl Stays in the Picture,2024-11-01,1.88,0.0,100.0,0.0,0.0,0.0,-100.0,-1.88,12.67,2026-02-10 21:46:51,True,Texas,
Heartstopper: Volume Three (Heartstopper Series),2022-02-01,1.11,1.11,100.0,100.0,0.0,0.0,0.0,0.0,10.48,2026-02-10 21:47:18,True,Tennessee,
Heartwishes,2024-06-01,0.0,0.0,0.0,0.0,0.0,0.0,0.0,0.0,0.0,2026-02-10 21:47:44,True,Florida,
Heaven's Prisoners,2023-08-01,0.0,1.11,0.0,100.0,0.0,0.0,inf,1.11,10.48,2026-02-10 21:48:10,True,Florida,
Gift of the Unmage,2023-08-01,0.0,1.11,0.0,100.0,0.0,0.0,inf,1.11,10.48,2026-02-10 21:48:39,True,Florida,
"Gin Tama (Series, Title Not Specified)",2024-11-01,0.0,0.0,0.0,0.0,0.0,0.0,0.0,0.0,0.0,2026-02-10 21:49:06,True,Texas,
Giovanni's Room,2024-08-01,2.78,2.69,100.0,100.0,0.0,0.0,-3.2,-0.09,13.35,2026-02-10 21:49:32,True,Texas,
Girl Haven,2024-08-01,8.28,7.23,100.0,100.0,0.0,0.0,-12.62,-1.04,23.08,2026-02-10 21:50:01,True,Texas,
Ghost Wood Song,2022-02-01,0.0,1.11,0.0,100.0,0.0,0.0,inf,1.11,10.48,2026-02-10 21:50:28,True,Tennessee,
Giant Days: Not On the Test Edition Vol. 2 - Winter Semester,2022-09-01,0.0,0.0,0.0,0.0,0.0,0.0,0.0,0.0,0.0,2026-02-10 21:50:54,True,Missouri,
Heart of Thorns (Heart of Thorns Series),2022-02-01,1.11,1.11,100.0,100.0,0.0,0.0,0.0,0.0,10.48,2026-02-10 21:51:20,True,Tennessee,
Heartbreak Boys,2024-06-01,2.97,1.11,100.0,100.0,0.0,0.0,-62.55,-1.86,13.58,2026-02-10 21:51:46,True,Iowa,
Heartstopper 1 (Spanish Edition),2024-08-01,1.11,1.11,100.0,100.0,0.0,0.0,0.0,0.0,10.48,2026-02-10 21:52:12,True,Texas,
Ghost House,2023-08-01,64.94,54.78,100.0,100.0,44.0,31.0,-15.65,-10.17,15.37,2026-02-10 21:52:38,True,Florida,
"Hero Heel (Series, Title Not Specified)",2024-10-01,0.0,0.0,0.0,0.0,0.0,0.0,0.0,0.0,0.0,2026-02-10 21:53:05,True,Pennsylvania,
Hero on a Bicycle,2024-11-01,1.11,0.0,100.0,0.0,0.0,0.0,-100.0,-1.11,10.48,2026-02-10 21:53:31,True,Texas,
Heroes: The Greek Myths Reimagined,2025-04-01,0.0,0.0,0.0,0.0,0.0,0.0,0.0,0.0,0.0,2026-02-10 21:53:57,True,Tennessee,
"Heroman (Series, Title Not Specified)",2024-11-01,0.0,0.0,0.0,0.0,0.0,0.0,0.0,0.0,0.0,2026-02-10 21:54:24,True,Texas,
Hephaestus,2025-04-01,68.43,54.67,100.0,100.0,29.0,24.0,-20.12,-13.77,17.59,2026-02-10 21:54:50,True,Tennessee,
Here Comes Santa Claus,2024-06-01,1.11,1.11,100.0,100.0,0.0,0.0,0.0,0.0,10.48,2026-02-10 21:55:16,True,Florida,
Heretics Anonymous,2024-11-01,0.0,2.21,0.0,100.0,0.0,0.0,inf,2.21,14.67,2026-02-10 21:55:42,True,Texas,
Hello Universe,2023-11-01,5.84,5.71,100.0,100.0,0.0,0.0,-2.28,-0.13,21.73,2026-02-10 21:56:08,True,Florida,
Help for the Haunted,2024-11-01,0.0,2.03,0.0,100.0,0.0,0.0,inf,2.03,13.55,2026-02-10 21:56:36,True,Texas,
Henri Cartier-Bresson: The Modern Century,2025-04-01,1.11,0.0,100.0,0.0,0.0,0.0,-100.0,-1.11,10.48,2026-02-10 21:57:02,True,Tennessee,
Henry Aaron's Dream,2022-01-01,1.11,1.11,100.0,100.0,0.0,0.0,0.0,0.0,10.48,2026-02-10 21:57:29,True,Florida,
Hecate,2025-02-01,32.19,65.49,100.0,100.0,20.0,40.0,103.45,33.3,20.35,2026-02-10 21:57:57,True,Tennessee,
Heiress Apparently (Daughters of the Dynasty Series),2022-02-01,1.11,0.0,100.0,0.0,0.0,0.0,-100.0,-1.11,10.48,2026-02-10 21:58:23,True,Tennessee,
Hell's Heroes,2024-11-01,0.0,0.0,0.0,0.0,0.0,0.0,0.0,0.0,0.0,2026-02-10 21:58:50,True,Texas,
Hello Now,2021-12-01,10.59,21.86,100.0,100.0,0.0,0.0,106.4,11.27,29.68,2026-02-10 21:59:17,True,Texas,
Holbein,2025-04-01,45.77,44.91,100.0,100.0,0.0,0.0,-1.87,-0.86,19.19,2026-02-10 21:59:44,True,Tennessee,
Holding the Dream,2023-03-01,2.03,2.62,100.0,100.0,0.0,0.0,28.96,0.59,13.99,2026-02-10 22:00:11,True,Florida,
Hole in My Life,2024-11-01,1.11,1.83,100.0,100.0,0.0,0.0,65.0,0.72,11.51,2026-02-10 22:00:38,True,Texas,
Holocaust Camps and Killing Centers,2022-09-01,0.0,0.0,0.0,0.0,0.0,0.0,0.0,0.0,0.0,2026-02-10 22:01:04,True,Missouri,
Hinduism,2025-02-01,56.73,70.08,100.0,100.0,19.0,33.0,23.52,13.34,23.12,2026-02-10 22:01:30,True,Tennessee,
History is All You Left Me,2025-06-01,1.11,0.0,100.0,0.0,0.0,0.0,-100.0,-1.11,10.48,2026-02-10 22:01:56,True,Florida,
History of Wolves,2024-10-01,0.0,0.0,0.0,0.0,0.0,0.0,0.0,0.0,0.0,2026-02-10 22:02:22,True,Tennessee,
Hitler's Final Solution,2022-09-01,0.0,0.0,0.0,0.0,0.0,0.0,0.0,0.0,0.0,2026-02-10 22:02:49,True,Missouri,
Hidden Girl: The True Story of a Modern-Day Child Slave,2024-11-01,0.0,1.11,0.0,100.0,0.0,0.0,inf,1.11,10.48,2026-02-10 22:03:15,True,Texas,
High Drama (Suspended Series),2021-12-01,1.11,0.0,100.0,0.0,0.0,0.0,-100.0,-1.11,10.48,2026-02-10 22:03:41,True,Texas,
"High School of the Dead, Vol. 1",2023-02-01,1.11,0.0,100.0,0.0,0.0,0.0,-100.0,-1.11,10.48,2026-02-10 22:04:10,True,Pennsylvania,
Hillbilly Elegy: A Memoir of a Family and Culture in Crisis,2024-11-01,0.0,0.0,0.0,0.0,0.0,0.0,0.0,0.0,0.0,2026-02-10 22:04:38,True,Texas,
Hexed,2024-06-01,4.61,3.6,100.0,100.0,0.0,0.0,-21.93,-1.01,18.06,2026-02-10 22:05:06,True,Texas,
Hiawatha and the Peacemaker,2022-01-01,0.0,0.0,0.0,0.0,0.0,0.0,0.0,0.0,0.0,2026-02-10 22:05:35,True,Florida,
Getting Somewhere,2024-06-01,1.11,3.29,100.0,100.0,0.0,0.0,196.0,2.18,14.59,2026-02-10 22:06:04,True,Florida,
Home (TL),2023-03-01,1.11,2.07,100.0,100.0,0.0,0.0,86.0,0.96,12.23,2026-02-10 22:06:31,True,Utah,
Home Field Advantage,2024-10-01,8.84,9.9,100.0,100.0,0.0,0.0,11.93,1.06,17.37,2026-02-10 22:06:58,True,Tennessee,
Home Life in Ancient Greece,2025-02-01,1.11,0.0,100.0,0.0,0.0,0.0,-100.0,-1.11,10.48,2026-02-10 22:07:25,True,Tennessee,
George vs. George: The American Revolution As Seen From Both Sides,2024-06-01,0.0,0.0,0.0,0.0,0.0,0.0,0.0,0.0,0.0,2026-02-10 22:07:51,True,Iowa,
Gert Garibaldi's Rants and Raves: One Butt Cheek at a Time,2023-08-01,1.11,0.0,100.0,0.0,0.0,0.0,-100.0,-1.11,10.48,2026-02-10 22:08:18,True,Florida,
Get a Clue (Bookish Boyfriends Series),2022-02-01,0.0,0.0,0.0,0.0,0.0,0.0,0.0,0.0,0.0,2026-02-10 22:08:44,True,Tennessee,
Getting Rid of Marjorie,2024-06-01,0.0,1.11,0.0,100.0,0.0,0.0,inf,1.11,10.48,2026-02-10 22:09:11,True,Florida,
Genesis Begins Again,2023-08-01,0.0,1.11,0.0,100.0,0.0,0.0,inf,1.11,10.48,2026-02-10 22:09:37,True,Florida,
Genital Herpes,2023-10-01,81.79,84.29,100.0,100.0,64.0,63.0,3.06,2.5,7.31,2026-02-10 22:10:04,True,Iowa,
Gentleman,2024-10-01,78.28,67.09,100.0,100.0,59.0,45.0,-14.29,-11.19,11.67,2026-02-10 22:10:31,True,Tennessee,
"George Washington Carver, What Do You See?",2023-06-01,1.11,0.0,100.0,0.0,0.0,0.0,-100.0,-1.11,10.48,2026-02-10 22:10:58,True,Florida,
Holocaust Resistance,2022-09-01,0.0,1.11,0.0,100.0,0.0,0.0,inf,1.11,10.48,2026-02-10 22:11:24,True,Missouri,
Gender Issues and Sexuality: Essential Primary Sources,2022-02-01,1.11,0.0,100.0,0.0,0.0,0.0,-100.0,-1.11,10.48,2026-02-10 22:11:51,True,Tennessee,
Gender Politics,2024-08-01,1.88,10.11,100.0,100.0,0.0,0.0,438.46,8.23,20.89,2026-02-10 22:12:18,True,Texas,
Gender: Roles & Rights,2024-08-01,0.0,0.0,0.0,0.0,0.0,0.0,0.0,0.0,0.0,2026-02-10 22:12:44,True,Texas,
Hoop City: New York City,2024-06-01,0.0,1.11,0.0,100.0,0.0,0.0,inf,1.11,10.48,2026-02-10 22:13:11,True,Texas,
Hooper,2024-06-01,33.99,72.98,100.0,100.0,23.0,57.0,114.71,38.99,21.53,2026-02-10 22:13:38,True,Iowa,
Hope Nation: YA Authors Share Personal Moments of Inspiration,2023-06-01,0.0,1.11,0.0,100.0,0.0,0.0,inf,1.11,10.48,2026-02-10 22:14:04,True,Florida,
"Honey and Clover (Series, Title Not Specified)",2024-06-01,0.0,1.11,0.0,100.0,0.0,0.0,inf,1.11,10.48,2026-02-10 22:14:32,True,Texas,
Honeymoon,2023-12-01,65.44,70.04,100.0,100.0,51.0,47.0,7.03,4.6,10.3,2026-02-10 22:15:01,True,Florida,
Hooked: When Addiction Hits Home,2024-11-01,1.11,1.11,100.0,100.0,0.0,0.0,0.0,0.0,10.48,2026-02-10 22:15:30,True,Texas,
Hoop City: Chicago,2024-06-01,0.0,2.2,0.0,100.0,0.0,0.0,inf,2.2,14.59,2026-02-10 22:15:57,True,Texas,
Homecoming (CV),2022-10-01,0.0,0.0,0.0,0.0,0.0,0.0,0.0,0.0,0.0,2026-02-10 22:16:24,True,Texas,
Homophobia: From Social Stigma to Hate Crimes,2021-12-01,1.11,0.0,100.0,0.0,0.0,0.0,-100.0,-1.11,10.48,2026-02-10 22:16:50,True,Texas,
Homosexuality (AO),2024-08-01,0.0,0.0,0.0,0.0,0.0,0.0,0.0,0.0,0.0,2026-02-10 22:17:18,True,Texas,
Homosexuality: Opposing Viewpoints,2023-06-01,0.0,0.0,0.0,0.0,0.0,0.0,0.0,0.0,0.0,2026-02-10 22:17:44,True,Florida,
Home Run,2022-11-01,18.0,35.51,100.0,100.0,5.0,27.0,97.28,17.51,15.57,2026-02-10 22:18:11,True,Texas,
Home at Last (VBW),2023-07-01,0.0,0.0,0.0,0.0,0.0,0.0,0.0,0.0,0.0,2026-02-10 22:18:38,True,Florida,
Homeboyz,2023-08-01,0.0,0.0,0.0,0.0,0.0,0.0,0.0,0.0,0.0,2026-02-10 22:19:04,True,Florida,
"Gay, Lesbian, Bisexual, and Transgender Events, 1848-2006",2024-08-01,0.0,1.11,0.0,100.0,0.0,0.0,inf,1.11,10.48,2026-02-10 22:19:30,True,Texas,
"Gays and Mental Health: Fighting Depression, Saying No to Suicide",2021-12-01,0.0,0.0,0.0,0.0,0.0,0.0,0.0,0.0,0.0,2026-02-10 22:19:56,True,Texas,
Gears of War,2023-08-01,60.72,68.9,100.0,100.0,39.0,46.0,13.47,8.18,12.52,2026-02-10 22:20:23,True,Florida,
Gemina,2023-08-01,0.0,1.74,0.0,100.0,0.0,0.0,inf,1.74,12.01,2026-02-10 22:20:49,True,Florida,
Gay Marriage (TLR),2023-06-01,0.0,1.11,0.0,100.0,0.0,0.0,inf,1.11,10.48,2026-02-10 22:21:15,True,Florida,
"Gay Power! The Stonewall Riots and the Gay Rights Movememnt, 1969",2024-08-01,0.0,0.0,0.0,0.0,0.0,0.0,0.0,0.0,0.0,2026-02-10 22:21:41,True,Pennsylvania,
Gay Rights Activists,2023-06-01,0.0,1.11,0.0,100.0,0.0,0.0,inf,1.11,10.48,2026-02-10 22:22:07,True,Florida,
Gay and Lesbian Parents,2023-10-01,1.11,1.11,100.0,100.0,0.0,0.0,0.0,0.0,10.48,2026-02-10 22:22:33,True,Iowa,
House of Sand and Fog,2024-06-01,3.03,1.91,100.0,100.0,0.0,0.0,-37.0,-1.12,13.78,2026-02-10 22:22:59,True,Florida,
Houses and Homes,2023-03-01,54.84,64.04,100.0,100.0,0.0,30.0,16.77,9.2,14.16,2026-02-10 22:23:25,True,Florida,
Gay America: Struggle for Equality,2024-08-01,0.0,0.0,0.0,0.0,0.0,0.0,0.0,0.0,0.0,2026-02-10 22:23:51,True,Pennsylvania,
Gay Marriage (LSF),2023-06-01,0.0,0.0,0.0,0.0,0.0,0.0,0.0,0.0,0.0,2026-02-10 22:24:17,True,Florida,
House of Ash,2023-08-01,2.21,1.11,100.0,100.0,0.0,0.0,-49.75,-1.1,12.76,2026-02-10 22:24:43,True,Florida,
House of Earth and Blood (Crescent City Series),2022-05-01,0.0,1.11,0.0,100.0,0.0,0.0,inf,1.11,10.48,2026-02-10 22:25:12,True,Florida,
House of Leaves,2024-11-01,62.76,29.33,100.0,100.0,39.0,15.0,-53.26,-33.42,19.47,2026-02-10 22:25:38,True,Texas,
How to Read a Painting: Lessons from the Old Masters,2025-04-01,0.0,0.0,0.0,0.0,0.0,0.0,0.0,0.0,0.0,2026-02-10 22:26:05,True,Tennessee,
Huda F Are You?,2023-06-01,1.11,0.0,100.0,0.0,0.0,0.0,-100.0,-1.11,10.48,2026-02-10 22:26:31,True,Florida,
Human Body Systems,2023-08-01,21.59,48.38,100.0,100.0,0.0,0.0,124.09,26.79,32.2,2026-02-10 22:26:57,True,Florida,
Human Body: a visual encyclopedia,2023-08-01,0.0,0.0,0.0,0.0,0.0,0.0,0.0,0.0,0.0,2026-02-10 22:27:23,True,Florida,
How is Online Pornography Affecting Society,2024-08-01,0.0,0.0,0.0,0.0,0.0,0.0,0.0,0.0,0.0,2026-02-10 22:27:49,True,Pennsylvania,
How to Be Popular,2023-08-01,43.04,51.97,100.0,100.0,17.0,0.0,20.73,8.92,23.69,2026-02-10 22:28:16,True,Florida,
How to Find a Missing Girl,2024-08-01,0.0,0.0,0.0,0.0,0.0,0.0,0.0,0.0,0.0,2026-02-10 22:28:42,True,Texas,
How to Read Italian Renaissance Painting,2022-09-01,1.11,0.0,100.0,0.0,0.0,0.0,-100.0,-1.11,10.48,2026-02-10 22:29:08,True,Missouri,
How Not to Ask a Boy to Prom,2021-12-01,0.0,0.0,0.0,0.0,0.0,0.0,0.0,0.0,0.0,2026-02-10 22:29:34,True,Texas,
How Our Muscles Work,2025-02-01,1.86,1.11,100.0,100.0,0.0,0.0,-40.12,-0.74,11.57,2026-02-10 22:30:00,True,Tennessee,
"How They Met, and Other Stories",2023-08-01,0.0,0.0,0.0,0.0,0.0,0.0,0.0,0.0,0.0,2026-02-10 22:30:26,True,Florida,
How Can Teen Pregnancy Be Reduced,2024-08-01,2.22,0.0,100.0,0.0,0.0,0.0,-100.0,-2.22,14.74,2026-02-10 22:30:52,True,Pennsylvania,
How Green Was My Valley,2023-08-01,4.59,1.11,100.0,100.0,0.0,0.0,-75.79,-3.48,15.5,2026-02-10 22:31:18,True,Florida,
How I Live Now,2023-08-01,56.24,50.42,100.0,100.0,0.0,0.0,-10.35,-5.82,27.5,2026-02-10 22:31:45,True,Florida,
"How I Paid for College: A Novel of Sex, Theft, Friendship & Musical Theater (Edward Zanni Series)",2021-11-01,1.11,0.0,100.0,0.0,0.0,0.0,-100.0,-1.11,10.48,2026-02-10 22:32:11,True,Florida,
"Gabi, fragmentos de una adolescente",2024-10-01,0.0,1.11,0.0,100.0,0.0,0.0,inf,1.11,10.48,2026-02-10 22:32:37,True,Texas,
"Gaby, Lost and Found",2022-01-01,1.11,0.0,100.0,0.0,0.0,0.0,-100.0,-1.11,10.48,2026-02-10 22:33:03,True,Florida,
Game Changer,2022-01-01,50.06,50.5,100.0,100.0,31.0,20.0,0.89,0.44,14.76,2026-02-10 22:33:30,True,Texas,
Frost Like Night,2022-10-01,0.0,0.0,0.0,0.0,0.0,0.0,0.0,0.0,0.0,2026-02-10 22:33:56,True,Texas,
"Fruits Basket, Vol. 17",2023-02-01,1.11,0.0,100.0,0.0,0.0,0.0,-100.0,-1.11,10.48,2026-02-10 22:34:22,True,Pennsylvania,
Full Bloom: The Art and Life of Georgia O' Keefe,2022-09-01,0.0,0.0,0.0,0.0,0.0,0.0,0.0,0.0,0.0,2026-02-10 22:34:48,True,Missouri,
Future Home of the Living God,2025-06-01,0.0,0.0,0.0,0.0,0.0,0.0,0.0,0.0,0.0,2026-02-10 22:35:14,True,Maryland,
Husky,2024-11-01,55.83,68.72,100.0,100.0,44.0,38.0,23.08,12.89,12.72,2026-02-10 22:35:41,True,Texas,
I Am J,2023-08-01,53.48,34.28,100.0,100.0,0.0,0.0,-35.9,-19.2,29.14,2026-02-10 22:36:07,True,Florida,
Human Sexuality: Opposing Viewpoints,2023-02-01,1.11,0.0,100.0,0.0,0.0,0.0,-100.0,-1.11,10.48,2026-02-10 22:36:33,True,Pennsylvania,
Human Trafficking (KCD),2024-08-01,2.17,0.0,100.0,0.0,0.0,0.0,-100.0,-2.17,14.38,2026-02-10 22:36:59,True,Pennsylvania,
Hunted (House of Night Series),2021-11-01,1.11,1.11,100.0,100.0,0.0,0.0,0.0,0.0,10.48,2026-02-10 22:37:25,True,Florida,
"Hunting the Devil: The Pursuit, Capture and Confession of the Most Savage Serial Killer in History",2023-02-01,0.0,0.0,0.0,0.0,0.0,0.0,0.0,0.0,0.0,2026-02-10 22:37:51,True,Pennsylvania,
"I am Nujood, Divorced at 10",2024-10-01,1.11,0.0,100.0,0.0,0.0,0.0,-100.0,-1.11,10.48,2026-02-10 22:38:17,True,Tennessee,
I was the Cat,2024-10-01,35.2,51.91,100.0,100.0,0.0,0.0,47.47,16.71,33.24,2026-02-10 22:38:44,True,Tennessee,
I'll Get There. It Better Be Worth the Trip,2024-10-01,0.0,1.11,0.0,100.0,0.0,0.0,inf,1.11,10.48,2026-02-10 22:39:10,True,Florida,
I See the Sun in Afghanistan,2022-01-01,1.11,1.11,100.0,100.0,0.0,0.0,0.0,0.0,10.48,2026-02-10 22:39:36,True,Florida,
I Too Sing America: The Harlem Renaissance at 100,2025-04-01,0.0,1.11,0.0,100.0,0.0,0.0,inf,1.11,10.48,2026-02-10 22:40:02,True,Tennessee,
I Will Always Love You,2024-06-01,50.0,67.22,100.0,100.0,32.0,35.0,34.44,17.22,14.53,2026-02-10 22:40:29,True,Iowa,
I Will Dance,2023-10-01,36.37,38.56,100.0,100.0,0.0,0.0,6.02,2.19,31.33,2026-02-10 22:40:55,True,Florida,
I Kill Giants,2024-10-01,1.9,1.58,100.0,100.0,0.0,0.0,-16.96,-0.32,12.08,2026-02-10 22:41:21,True,Tennessee,
I Like it Like That,2024-06-01,76.12,63.52,100.0,100.0,42.0,39.0,-16.55,-12.6,15.24,2026-02-10 22:41:48,True,Iowa,
I Never Promised You a Rose Garden,2023-08-01,3.06,1.97,100.0,100.0,0.0,0.0,-35.64,-1.09,14.93,2026-02-10 22:42:14,True,Florida,
I Am a Taxi,2023-07-01,1.98,0.0,100.0,0.0,0.0,0.0,-100.0,-1.98,13.22,2026-02-10 22:42:40,True,Florida,
I Crawl Through It,2023-08-01,1.11,0.0,100.0,0.0,0.0,0.0,-100.0,-1.11,10.48,2026-02-10 22:43:07,True,Florida,
"I Hate Fairyland, Vol. 1: Madly Ever After",2022-09-01,0.0,1.11,0.0,100.0,0.0,0.0,inf,1.11,10.48,2026-02-10 22:43:35,True,Missouri,
I Kick and I Fly,2024-11-01,0.0,0.0,0.0,0.0,0.0,0.0,0.0,0.0,0.0,2026-02-10 22:49:02,True,Texas,
From the Notebooks of Melanin Sun,2022-10-01,0.0,0.0,0.0,0.0,0.0,0.0,0.0,0.0,0.0,2026-02-10 22:49:29,True,Texas,
I: New and Selected Poems,2024-10-01,0.0,0.0,0.0,0.0,0.0,0.0,0.0,0.0,0.0,2026-02-10 22:49:56,True,Texas,
Ice Song,2024-08-01,33.07,46.59,100.0,100.0,20.0,32.0,40.89,13.52,13.62,2026-02-10 22:50:22,True,Texas,
Freshman Year and Other Unnatural Disasters,2024-06-01,0.0,2.03,0.0,100.0,0.0,0.0,inf,2.03,13.55,2026-02-10 22:50:48,True,Texas,
Friday,2023-12-01,5.98,42.03,100.0,100.0,1.0,26.0,603.16,36.06,23.19,2026-02-10 22:51:15,True,Florida,
From Archie to Zach: A Picture Book,2024-10-01,0.0,1.11,0.0,100.0,0.0,0.0,inf,1.11,10.48,2026-02-10 22:51:42,True,Texas,
From Bad to Cursed,2023-08-01,1.11,1.11,100.0,100.0,0.0,0.0,0.0,0.0,10.48,2026-02-10 22:52:08,True,Florida,
"Free To Be Me: An LGBTQ+ Journal of Love, Pride and Finding Your Inner Rainbow",2025-02-01,0.0,0.0,0.0,0.0,0.0,0.0,0.0,0.0,0.0,2026-02-10 22:52:34,True,Tennessee,
Freedom,2023-08-01,30.79,44.11,100.0,100.0,9.0,27.0,43.27,13.32,22.46,2026-02-10 22:53:00,True,Florida,
Frequently Asked Questions About Dating: Teen Life,2024-08-01,1.11,0.0,100.0,0.0,0.0,0.0,-100.0,-1.11,10.48,2026-02-10 22:53:26,True,Pennsylvania,
Freshman Promises,2024-06-01,1.11,0.0,100.0,0.0,0.0,0.0,-100.0,-1.11,10.48,2026-02-10 22:53:52,True,Florida,
I'll Take Everything You Have,2024-08-01,0.0,0.0,0.0,0.0,0.0,0.0,0.0,0.0,0.0,2026-02-10 22:54:18,True,Texas,
I'm a Unicorn,2023-09-01,0.0,0.0,0.0,0.0,0.0,0.0,0.0,0.0,0.0,2026-02-10 22:54:45,True,Florida,
Free Lunch,2023-09-01,51.28,56.34,100.0,100.0,17.0,22.0,9.88,5.07,18.19,2026-02-10 22:55:11,True,Florida,
Fragile Eternity,2023-08-01,1.11,2.14,100.0,100.0,0.0,0.0,93.0,1.03,12.51,2026-02-10 22:55:37,True,Florida,
"France, A History in Art",2023-08-01,0.0,0.0,0.0,0.0,0.0,0.0,0.0,0.0,0.0,2026-02-10 22:56:03,True,Florida,
Frankie & Bug,2022-07-01,1.11,1.87,100.0,100.0,0.0,0.0,68.0,0.76,11.6,2026-02-10 22:56:29,True,Florida,
Freak Show,2021-12-01,63.72,62.26,100.0,100.0,31.0,35.0,-2.3,-1.47,14.68,2026-02-10 22:56:55,True,Texas,
Forgotten Fire,2023-10-01,0.0,2.21,0.0,100.0,0.0,0.0,inf,2.21,14.67,2026-02-10 22:57:21,True,Florida,
Forward Me Back to You,2024-10-01,1.11,0.0,100.0,0.0,0.0,0.0,-100.0,-1.11,10.48,2026-02-10 22:57:48,True,Texas,
Founders of Faith,2025-02-01,1.11,0.0,100.0,0.0,0.0,0.0,-100.0,-1.11,10.48,2026-02-10 22:58:14,True,Tennessee,
Four Plays by Aristophanes: The Birds; The Clouds; The Frogs; Lysistrata,2023-12-01,1.11,0.0,100.0,0.0,0.0,0.0,-100.0,-1.11,10.48,2026-02-10 22:58:40,True,Florida,
Ida and Jake's Game Night,2023-03-01,0.0,1.11,0.0,100.0,0.0,0.0,inf,1.11,10.48,2026-02-10 22:59:06,True,Florida,
If I Fix You,2023-08-01,66.76,63.76,100.0,100.0,0.0,0.0,-4.49,-3.0,15.66,2026-02-10 22:59:32,True,Florida,
If Only,2024-11-01,68.77,64.21,100.0,100.0,38.0,37.0,-6.62,-4.56,16.67,2026-02-10 22:59:59,True,Texas,
Forging the Darksword,2024-06-01,0.0,0.0,0.0,0.0,0.0,0.0,0.0,0.0,0.0,2026-02-10 23:00:25,True,Florida,
Ichi-F: A Worker's Graphic Memoir of the Fukushima Nuclear Power Plant,2024-11-01,1.11,0.0,100.0,0.0,0.0,0.0,-100.0,-1.11,10.48,2026-02-10 23:00:51,True,Texas,
Ida and Jake Do Not Like Babies!,2023-03-01,1.98,0.0,100.0,0.0,0.0,0.0,-100.0,-1.98,13.22,2026-02-10 23:01:17,True,Florida,
Ida and Jake Save the Parade,2023-03-01,1.11,1.11,100.0,100.0,0.0,0.0,0.0,0.0,10.48,2026-02-10 23:01:43,True,Florida,
Ida and Jake and the Scooter,2023-03-01,0.0,0.0,0.0,0.0,0.0,0.0,0.0,0.0,0.0,2026-02-10 23:02:09,True,Florida,
In Memoiriam,2023-10-01,0.0,0.0,0.0,0.0,0.0,0.0,0.0,0.0,0.0,2026-02-10 23:02:35,True,Kentucky,
In Our Time,2023-10-01,51.9,58.42,100.0,100.0,21.0,18.0,12.57,6.52,21.85,2026-02-10 23:03:01,True,Florida,
In a Class by Itself,2023-12-01,3.9,4.23,100.0,100.0,0.0,0.0,8.55,0.33,18.91,2026-02-10 23:03:27,True,Florida,
Impact of the Holocaust,2025-02-01,4.2,8.8,100.0,100.0,0.0,0.0,109.52,4.6,20.9,2026-02-10 23:03:53,True,Tennessee,
Impressionism,2024-11-01,63.13,49.9,100.0,100.0,26.0,16.0,-20.96,-13.23,19.9,2026-02-10 23:04:19,True,Texas,
Imprison the Sky,2023-03-01,0.0,0.0,0.0,0.0,0.0,0.0,0.0,0.0,0.0,2026-02-10 23:04:45,True,Texas,
In Another Time,2023-08-01,46.32,56.03,100.0,100.0,26.0,19.0,20.96,9.71,19.8,2026-02-10 23:05:11,True,Florida,
Illuminae,2023-08-01,2.22,1.11,100.0,100.0,0.0,0.0,-50.0,-1.11,12.8,2026-02-10 23:05:37,True,Florida,
Illustrated Who's Who in Mythology,2023-08-01,0.0,0.0,0.0,0.0,0.0,0.0,0.0,0.0,0.0,2026-02-10 23:06:04,True,Florida,
Imogen Cunningham: Ideas Without End,2023-08-01,0.0,0.0,0.0,0.0,0.0,0.0,0.0,0.0,0.0,2026-02-10 23:06:30,True,Florida,
If We Were Us,2022-02-01,33.52,43.73,100.0,100.0,0.0,0.0,30.46,10.21,30.12,2026-02-10 23:06:55,True,Tennessee,
"If You Tell: A True Story of Murder, Family Secrets, and the Unbreakable Bond of Sisterhood",2024-06-01,0.0,1.11,0.0,100.0,0.0,0.0,inf,1.11,10.48,2026-02-10 23:07:21,True,Florida,
If You're Out There,2024-10-01,9.51,11.42,100.0,100.0,0.0,0.0,20.09,1.91,27.02,2026-02-10 23:07:47,True,Tennessee,
Forge,2025-02-01,51.97,76.14,100.0,100.0,29.0,60.0,46.53,24.18,15.91,2026-02-10 23:08:14,True,Tennessee,
Independent Study,2025-06-01,65.96,41.49,100.0,100.0,20.0,12.0,-37.1,-24.47,24.93,2026-02-10 23:08:40,True,Florida,
Indivisible,2022-02-01,43.24,63.83,100.0,100.0,0.0,0.0,47.61,20.59,26.42,2026-02-10 23:09:06,True,Tennessee,
Infamous,2024-06-01,67.87,10.76,100.0,100.0,49.0,7.0,-84.15,-57.11,29.96,2026-02-10 23:09:33,True,Iowa,
For the Good of Mankind?: The Shameful History of Human Medical Experimentation,2025-02-01,1.11,0.0,100.0,0.0,0.0,0.0,-100.0,-1.11,10.48,2026-02-10 23:09:59,True,Tennessee,
For the Right to Learn: Malala Yousafzai's Story,2024-04-01,0.0,0.0,0.0,0.0,0.0,0.0,0.0,0.0,0.0,2026-02-10 23:10:25,True,Florida,
Forbidden Knowledge: From Prometheus to Pornography,2024-06-01,0.0,1.11,0.0,100.0,0.0,0.0,inf,1.11,10.48,2026-02-10 23:10:51,True,Florida,
Forever is Now,2024-08-01,12.11,21.81,100.0,100.0,0.0,0.0,80.09,9.7,29.17,2026-02-10 23:11:17,True,Texas,
In the Shadow of the Mountain: A Memoir of Courage,2024-08-01,0.0,0.0,0.0,0.0,0.0,0.0,0.0,0.0,0.0,2026-02-10 23:11:43,True,Texas,
Flying the Dragon,2022-01-01,1.11,7.0,100.0,100.0,0.0,0.0,530.0,5.89,18.11,2026-02-10 23:12:10,True,Florida,
"Food, Girls, and Other Things I Can't Have",2024-10-01,0.0,0.0,0.0,0.0,0.0,0.0,0.0,0.0,0.0,2026-02-10 23:12:36,True,Texas,
For Real,2023-08-01,87.11,85.02,100.0,100.0,79.0,72.0,-2.4,-2.09,5.33,2026-02-10 23:13:03,True,Florida,
In the Black Fantastic,2025-04-01,2.21,0.0,100.0,0.0,0.0,0.0,-100.0,-2.21,14.67,2026-02-10 23:13:29,True,Tennessee,
In the Key of Us,2023-10-01,38.93,56.1,100.0,100.0,0.0,0.0,44.09,17.17,29.72,2026-02-10 23:13:55,True,Iowa,
In the Midst of Winter,2023-12-01,0.0,1.11,0.0,100.0,0.0,0.0,inf,1.11,10.48,2026-02-10 23:14:21,True,Florida,
In the Ravenous Dark,2025-06-01,0.0,1.11,0.0,100.0,0.0,0.0,inf,1.11,10.48,2026-02-10 23:14:48,True,Texas,
Inventing Victoria,2023-08-01,2.08,0.0,100.0,0.0,0.0,0.0,-100.0,-2.08,13.82,2026-02-10 23:15:15,True,Florida,
Invisible Girl: A Novel,2021-10-01,0.0,0.0,0.0,0.0,0.0,0.0,0.0,0.0,0.0,2026-02-10 23:15:41,True,Missouri,
"Invisible Man, Got the Whole World Watching: A Young Black Man's Education",2021-12-01,1.11,0.0,100.0,0.0,0.0,0.0,-100.0,-1.11,10.48,2026-02-10 23:16:07,True,Texas,
Iron Heart (Crier's War Series),2022-02-01,0.0,2.22,0.0,100.0,0.0,0.0,inf,2.22,14.74,2026-02-10 23:16:35,True,Tennessee,
Interview with a Vampire,2023-01-01,20.06,48.64,100.0,100.0,6.0,20.0,142.55,28.59,22.34,2026-02-10 23:17:01,True,Virginia,
Into the Garden,2025-06-01,60.82,68.33,100.0,100.0,0.0,39.0,12.35,7.51,15.31,2026-02-10 23:17:27,True,Florida,
Into the Wild,2023-08-01,59.16,59.84,100.0,100.0,41.0,32.0,1.16,0.69,14.36,2026-02-10 23:17:54,True,Florida,
"Inu-Yasha: Ani-Manga (Series, Title Not Specified)",2024-11-01,0.0,0.0,0.0,0.0,0.0,0.0,0.0,0.0,0.0,2026-02-10 23:18:20,True,Texas,
Insignificant Events In The Life Of A Cactus,2024-06-01,5.94,0.0,100.0,0.0,0.0,0.0,-100.0,-5.94,22.31,2026-02-10 23:18:46,True,Florida,
International Terrorism,2025-02-01,9.52,12.99,100.0,100.0,0.0,0.0,36.41,3.47,27.15,2026-02-10 23:19:12,True,Tennessee,
Internment,2024-06-01,58.62,38.7,100.0,100.0,20.0,19.0,-33.98,-19.92,21.82,2026-02-10 23:19:38,True,Florida,
Infinity,2024-02-01,77.39,70.07,100.0,100.0,70.0,53.0,-9.46,-7.32,8.11,2026-02-10 23:20:05,True,Iowa,
Influence,2022-02-01,45.14,64.57,100.0,100.0,14.0,35.0,43.02,19.42,20.15,2026-02-10 23:20:35,True,Tennessee,
Inkheart,2024-11-01,18.78,17.06,100.0,100.0,0.0,0.0,-9.17,-1.72,29.59,2026-02-10 23:21:01,True,Texas,
Inkspell,2024-11-01,0.0,0.0,0.0,0.0,0.0,0.0,0.0,0.0,0.0,2026-02-10 23:21:27,True,Texas,
Flip the Script,2024-08-01,4.73,2.79,100.0,100.0,0.0,0.0,-41.08,-1.94,16.82,2026-02-10 23:21:54,True,Texas,
Is It A Choice? Answers to the Most Frequently Asked Questions About Gay and Lesbian People,2024-08-01,0.0,1.11,0.0,100.0,0.0,0.0,inf,1.11,10.48,2026-02-10 23:22:22,True,Pennsylvania,
Is Your Love Tank Full? Or Are You Driving on Empty?,2024-06-01,0.0,0.0,0.0,0.0,0.0,0.0,0.0,0.0,0.0,2026-02-10 23:22:48,True,Florida,
"Islam: Signs, Symbols, and Stories",2025-02-01,0.0,0.0,0.0,0.0,0.0,0.0,0.0,0.0,0.0,2026-02-10 23:23:14,True,Tennessee,
"Fist of the North Star (Series, Title not Specified)",2024-10-01,0.0,0.0,0.0,0.0,0.0,0.0,0.0,0.0,0.0,2026-02-10 23:23:41,True,Tennessee,
"Flame of Recca, Vol. 3",2025-04-01,1.11,1.11,100.0,100.0,0.0,0.0,0.0,0.0,10.48,2026-02-10 23:24:10,True,Tennessee,
Fledgling,2024-11-01,49.13,44.82,100.0,100.0,0.0,0.0,-8.77,-4.31,26.72,2026-02-10 23:24:36,True,Texas,
Flight,2024-11-01,65.54,53.1,100.0,100.0,54.0,29.0,-18.99,-12.44,10.17,2026-02-10 23:25:04,True,Texas,
First Facts about the Ancient Greeks,2025-02-01,0.0,0.0,0.0,0.0,0.0,0.0,0.0,0.0,0.0,2026-02-10 23:25:33,True,Tennessee,
First Family,2023-08-01,65.26,67.63,100.0,100.0,42.0,41.0,3.64,2.38,14.07,2026-02-10 23:25:59,True,Florida,
First Semester,2023-12-01,49.17,38.58,100.0,100.0,20.0,0.0,-21.54,-10.59,19.46,2026-02-10 23:26:25,True,Florida,
Fishtailing,2023-12-01,2.0,0.0,100.0,0.0,0.0,0.0,-100.0,-2.0,13.35,2026-02-10 23:26:51,True,Florida,
Ironfire: An Epic Novel of Love and War,2024-09-01,0.0,0.0,0.0,0.0,0.0,0.0,0.0,0.0,0.0,2026-02-10 23:27:17,True,Georgia,
"Ironhead, or, Once a Young Lady",2024-08-01,0.0,0.0,0.0,0.0,0.0,0.0,0.0,0.0,0.0,2026-02-10 23:27:44,True,Texas,
Firestorm (TB),2024-11-01,0.0,0.0,0.0,0.0,0.0,0.0,0.0,0.0,0.0,2026-02-10 23:28:10,True,Texas,
First Facts about the Ancient Egyptians,2025-02-01,0.0,0.0,0.0,0.0,0.0,0.0,0.0,0.0,0.0,2026-02-10 23:28:36,True,Tennessee,
Fire Will Fall,2022-10-01,2.16,1.11,100.0,100.0,0.0,0.0,-48.45,-1.04,12.55,2026-02-10 23:29:02,True,Texas,
Firebug,2022-10-01,3.6,1.11,100.0,100.0,0.0,0.0,-69.14,-2.49,14.11,2026-02-10 23:29:28,True,Texas,
It's Our Prom (So Deal With It),2021-12-01,0.0,0.0,0.0,0.0,0.0,0.0,0.0,0.0,0.0,2026-02-10 23:29:54,True,Texas,
"It's Your World - If You Don't Like It, Change It: Activism for Teenagers",2024-08-01,0.0,0.0,0.0,0.0,0.0,0.0,0.0,0.0,0.0,2026-02-10 23:30:20,True,Colorado,
Finding Perfect,2023-10-01,5.71,10.57,100.0,100.0,0.0,0.0,85.02,4.86,24.16,2026-02-10 23:30:46,True,Iowa,
Finding Yvonne,2023-12-01,1.11,1.11,100.0,100.0,0.0,0.0,0.0,0.0,10.48,2026-02-10 23:31:15,True,Florida,
Finger Lickin Fifteen,2024-06-01,1.11,0.0,100.0,0.0,0.0,0.0,-100.0,-1.11,10.48,2026-02-10 23:31:43,True,Iowa,
Fire Song,2022-02-01,62.68,73.17,100.0,100.0,41.0,55.0,16.73,10.49,11.59,2026-02-10 23:32:12,True,Tennessee,
Filippo Lippi,2025-04-01,1.11,0.0,100.0,0.0,0.0,0.0,-100.0,-1.11,10.48,2026-02-10 23:32:40,True,Tennessee,
Final Appeal,2023-08-01,13.7,11.91,100.0,100.0,0.0,0.0,-13.06,-1.79,28.6,2026-02-10 23:33:09,True,Florida,
Finding Community,2021-12-01,5.1,5.3,100.0,100.0,0.0,0.0,3.92,0.2,19.97,2026-02-10 23:33:37,True,Texas,
It Goes Like This,2022-02-01,18.84,42.21,100.0,100.0,0.0,0.0,124.0,23.37,31.84,2026-02-10 23:34:03,True,Tennessee,
It Starts with Us,2024-08-01,36.36,18.27,100.0,100.0,0.0,4.0,-49.76,-18.09,20.05,2026-02-10 23:34:30,True,Georgia,
It's Bigger Than Hip Hop: The Rise of the Post-Hip-Hop Generation,2024-06-01,0.0,0.0,0.0,0.0,0.0,0.0,0.0,0.0,0.0,2026-02-10 23:34:58,True,Florida,
"It's Not Me, It's You",2023-10-01,0.0,1.11,0.0,100.0,0.0,0.0,inf,1.11,10.48,2026-02-10 23:35:24,True,Iowa,
"Jojo's Bizarre Adventure (Series, Title Not Specified)",2025-04-01,0.0,0.0,0.0,0.0,0.0,0.0,0.0,0.0,0.0,2026-02-10 23:35:50,True,Tennessee,
Joseph (BW),2023-06-01,0.0,0.0,0.0,0.0,0.0,0.0,0.0,0.0,0.0,2026-02-10 23:36:16,True,Florida,
Joseph and His Magnificent Coat of Many Colors,2023-06-01,0.0,0.0,0.0,0.0,0.0,0.0,0.0,0.0,0.0,2026-02-10 23:36:43,True,Florida,
Journey to the River Sea,2023-08-01,0.0,2.14,0.0,100.0,0.0,0.0,inf,2.14,14.23,2026-02-10 23:37:09,True,Florida,
Jean-Michel Basquiat,2025-04-01,21.57,14.86,100.0,100.0,0.0,0.0,-31.12,-6.71,30.21,2026-02-10 23:37:35,True,Tennessee,
Jesus and Christianity,2025-02-01,38.0,54.07,100.0,100.0,0.0,0.0,42.28,16.07,29.11,2026-02-10 23:38:01,True,Tennessee,
"Joan Miro, 1893-1983: The Poet Among the Surrealists",2025-04-01,0.0,0.0,0.0,0.0,0.0,0.0,0.0,0.0,0.0,2026-02-10 23:38:28,True,Tennessee,
Johann Gutenberg and the Printing Press,2023-06-01,0.0,0.0,0.0,0.0,0.0,0.0,0.0,0.0,0.0,2026-02-10 23:38:55,True,Florida,
Jalani and the Lock,2023-03-01,0.0,1.11,0.0,100.0,0.0,0.0,inf,1.11,10.48,2026-02-10 23:39:21,True,Florida,
Jane Against the World: Roe v. Wade and the Fight for Reproductive Rights,2021-12-01,1.11,0.0,100.0,0.0,0.0,0.0,-100.0,-1.11,10.48,2026-02-10 23:39:49,True,Texas,
Ivy,2022-09-01,38.33,78.47,100.0,100.0,28.0,55.0,104.7,40.13,22.32,2026-02-10 23:40:16,True,Missouri,
Jack the Ripper,2023-08-01,47.86,62.63,100.0,100.0,30.0,46.0,30.88,14.78,13.04,2026-02-10 23:40:42,True,Florida,
Jacob Have I Loved,2023-08-01,0.0,1.11,0.0,100.0,0.0,0.0,inf,1.11,10.48,2026-02-10 23:41:08,True,Florida,
Jacques-Louis David,2023-08-01,1.11,0.0,100.0,0.0,0.0,0.0,-100.0,-1.11,10.48,2026-02-10 23:41:34,True,Florida,
Jude Saves the World,2024-08-01,1.11,0.0,100.0,0.0,0.0,0.0,-100.0,-1.11,10.48,2026-02-10 23:42:00,True,Texas,
Judge and Jury,2024-06-01,43.64,23.86,100.0,100.0,0.0,0.0,-45.34,-19.79,33.89,2026-02-10 23:42:26,True,Florida,
Jumping Off Swings (Jumping Off Swings Series),2022-03-01,0.0,0.0,0.0,0.0,0.0,0.0,0.0,0.0,0.0,2026-02-10 23:42:52,True,Texas,
Fence,2024-06-01,77.28,71.57,100.0,100.0,57.0,60.0,-7.39,-5.71,9.64,2026-02-10 23:43:19,True,Iowa,
Ferris Beach,2023-10-01,16.52,0.0,100.0,0.0,0.0,0.0,-100.0,-16.52,28.44,2026-02-10 23:43:45,True,Florida,
Feynman,2022-09-01,49.28,63.46,100.0,100.0,25.0,39.0,28.77,14.18,14.64,2026-02-10 23:44:11,True,Missouri,
Fifty Shades Freed,2023-12-01,26.21,32.31,100.0,100.0,0.0,0.0,23.27,6.1,26.54,2026-02-10 23:44:37,True,Florida,
Fatty Legs: A True Story,2022-01-01,0.0,1.11,0.0,100.0,0.0,0.0,inf,1.11,10.48,2026-02-10 23:45:03,True,Florida,
Fearless Women: Courageous Females Who Refused to Be Denied,2023-08-01,1.11,0.0,100.0,0.0,0.0,0.0,-100.0,-1.11,10.48,2026-02-10 23:45:29,True,Florida,
Felix Yz,2024-06-01,0.0,0.0,0.0,0.0,0.0,0.0,0.0,0.0,0.0,2026-02-10 23:45:55,True,Iowa,
Female to Male Transgender and Transmasculine Identities,2024-08-01,0.0,2.73,0.0,100.0,0.0,0.0,inf,2.73,14.94,2026-02-10 23:46:22,True,Texas,
Juana & Lucas (Juana and Lucas Series),2022-01-01,1.11,0.0,100.0,0.0,0.0,0.0,-100.0,-1.11,10.48,2026-02-10 23:46:48,True,Florida,
Judaism,2025-02-01,65.02,76.51,100.0,100.0,35.0,46.0,17.67,11.49,18.34,2026-02-10 23:47:14,True,Tennessee,
Fatal Tide,2024-06-01,0.0,0.0,0.0,0.0,0.0,0.0,0.0,0.0,0.0,2026-02-10 23:47:40,True,Iowa,
Fathers are Part of a Family,2025-06-01,0.0,1.11,0.0,100.0,0.0,0.0,inf,1.11,10.48,2026-02-10 23:48:06,True,Florida,
Farm Team,2025-02-01,58.03,47.73,100.0,100.0,0.0,0.0,-17.75,-10.3,21.93,2026-02-10 23:48:32,True,Tennessee,
Fat Cat,2023-08-01,73.89,74.68,100.0,100.0,58.0,57.0,1.07,0.79,7.92,2026-02-10 23:48:59,True,Florida,
Kandinsky: The First Abstract Watercolour Painting,2022-09-01,0.0,0.0,0.0,0.0,0.0,0.0,0.0,0.0,0.0,2026-02-10 23:49:25,True,Missouri,
"Karakuridoji Ultimo, Vol. 1",2023-02-01,0.0,1.11,0.0,100.0,0.0,0.0,inf,1.11,10.48,2026-02-10 23:49:51,True,Pennsylvania,
Famous Players: The Mysterious Death of William Desmond Taylor,2023-08-01,0.0,1.11,0.0,100.0,0.0,0.0,inf,1.11,10.48,2026-02-10 23:50:17,True,Florida,
Fantastic Four By Mark Waid and Mike Wieringo: Ultimate Collection - Book One (Fantastic Four 1998-2012),2022-09-01,,,,,,,,,,2026-02-10 23:51:13,False,Missouri,The request failed: Google returned a response with code 400
"Far From the Tree: Parents, Children and the Search for Identity",2021-12-01,0.0,0.0,0.0,0.0,0.0,0.0,0.0,0.0,0.0,2026-02-10 23:51:39,True,Texas,
Kaleidoscope,2023-03-01,14.54,80.78,100.0,100.0,2.0,65.0,455.39,66.23,36.87,2026-02-10 23:52:05,True,Florida,
Falling Over Sideways,2022-10-01,0.0,0.0,0.0,0.0,0.0,0.0,0.0,0.0,0.0,2026-02-10 23:52:31,True,Texas,
Falling into Place,2023-08-01,9.99,19.34,100.0,100.0,0.0,0.0,93.66,9.36,28.58,2026-02-10 23:52:57,True,Florida,
Families Around the World,2023-07-01,3.84,1.11,100.0,100.0,0.0,0.0,-71.1,-2.73,14.74,2026-02-10 23:53:25,True,Florida,
Just Breathe,2023-08-01,66.07,39.54,100.0,100.0,39.0,20.0,-40.14,-26.52,17.78,2026-02-10 23:53:54,True,Florida,
Just Fly Away,2023-08-01,1.11,0.0,100.0,0.0,0.0,0.0,-100.0,-1.11,10.48,2026-02-10 23:54:23,True,Florida,
Just Kill Me,2021-12-01,14.54,12.4,100.0,100.0,0.0,0.0,-14.74,-2.14,28.05,2026-02-10 23:54:51,True,Texas,
Just Mercy,2023-08-01,46.31,44.81,100.0,100.0,14.0,13.0,-3.24,-1.5,21.07,2026-02-10 23:55:19,True,Illinois,
Killers and Other Family,2024-08-01,0.0,0.0,0.0,0.0,0.0,0.0,0.0,0.0,0.0,2026-02-10 23:55:45,True,Texas,
Killing Jesus: A History,2023-08-01,0.0,0.0,0.0,0.0,0.0,0.0,0.0,0.0,0.0,2026-02-10 23:56:11,True,Florida,
Killing Reagan: The Violent Assault That Changed a Presidency,2023-08-01,1.11,0.0,100.0,0.0,0.0,0.0,-100.0,-1.11,10.48,2026-02-10 23:56:37,True,Florida,
Killjoy,2023-12-01,55.81,49.66,100.0,100.0,0.0,0.0,-11.03,-6.16,16.89,2026-02-10 23:57:03,True,Florida,
Kill Game,2023-11-01,62.03,52.63,100.0,100.0,39.0,35.0,-15.15,-9.4,11.88,2026-02-10 23:57:29,True,Florida,
"Kill Shakespeare, Vol. 2",2025-04-01,1.11,1.11,100.0,100.0,0.0,0.0,0.0,0.0,10.48,2026-02-10 23:57:55,True,Tennessee,
"Kill Shakespeare, Vol. 4 - The Mask of Night",2025-04-01,0.0,1.11,0.0,100.0,0.0,0.0,inf,1.11,10.48,2026-02-10 23:58:21,True,Tennessee,
Killer Instinct,2024-11-01,56.54,48.03,100.0,100.0,24.0,22.0,-15.05,-8.51,14.02,2026-02-10 23:58:47,True,Texas,
Kenang-Kenangan Seorang Geisha (Memoirs of a Geisha),2023-12-01,0.0,1.11,0.0,100.0,0.0,0.0,inf,1.11,10.48,2026-02-10 23:59:13,True,Florida,
Khaled Hosseini's The Kite Runner,2023-08-01,0.0,0.0,0.0,0.0,0.0,0.0,0.0,0.0,0.0,2026-02-10 23:59:40,True,Florida,
Kid Lawyer,2022-10-01,1.11,2.5,100.0,100.0,0.0,0.0,125.0,1.39,12.35,2026-02-11 00:00:08,True,Texas,
Kids of Appetite,2024-11-01,1.11,0.0,100.0,0.0,0.0,0.0,-100.0,-1.11,10.48,2026-02-11 00:00:36,True,Texas,
Karate,2024-11-01,28.83,34.5,100.0,100.0,21.0,16.0,19.65,5.67,11.13,2026-02-11 00:01:05,True,Texas,
"Keep it Together, Keiko Carter",2024-06-01,1.11,0.0,100.0,0.0,0.0,0.0,-100.0,-1.11,10.48,2026-02-11 00:01:32,True,Iowa,
Keeping Corner,2024-06-01,0.0,1.11,0.0,100.0,0.0,0.0,inf,1.11,10.48,2026-02-11 00:01:58,True,Texas,
Kelcie Murphy and the Academy for the Unbreakable Arts,2024-08-01,0.0,0.0,0.0,0.0,0.0,0.0,0.0,0.0,0.0,2026-02-11 00:02:26,True,Florida,
Fadeaway,2024-09-01,7.56,7.36,100.0,100.0,0.0,0.0,-2.65,-0.2,22.09,2026-02-11 00:02:55,True,Texas,
Fairest: Levana's Story (The Lunar Chronicles Series),2021-10-01,0.0,0.0,0.0,0.0,0.0,0.0,0.0,0.0,0.0,2026-02-11 00:03:21,True,Oklahoma,
Fallen Angels,2023-08-01,70.59,56.07,100.0,100.0,45.0,37.0,-20.57,-14.52,13.78,2026-02-11 00:03:47,True,Florida,
Extras,2025-02-01,65.56,78.84,100.0,100.0,41.0,58.0,20.27,13.29,12.01,2026-02-11 00:04:14,True,Tennessee,
Eyes of the Forest,2022-10-01,1.11,2.1,100.0,100.0,0.0,0.0,89.0,0.99,12.35,2026-02-11 00:04:40,True,Texas,
Face It,2024-12-01,80.92,75.77,100.0,100.0,63.0,57.0,-6.37,-5.16,9.74,2026-02-11 00:05:06,True,Florida,
King Arthur,2025-02-01,58.11,63.81,100.0,100.0,25.0,42.0,9.81,5.7,14.31,2026-02-11 00:05:33,True,Tennessee,
King Arthur and the Knights of the Round Table (STM),2024-06-01,0.0,0.0,0.0,0.0,0.0,0.0,0.0,0.0,0.0,2026-02-11 00:05:59,True,Florida,
King Solomon and the Queen of Sheba,2023-06-01,0.0,0.0,0.0,0.0,0.0,0.0,0.0,0.0,0.0,2026-02-11 00:06:25,True,Florida,
Explorers of the Ancient World,2025-02-01,0.0,0.0,0.0,0.0,0.0,0.0,0.0,0.0,0.0,2026-02-11 00:06:52,True,Tennessee,
LGBTQ Service in the Armed Forces,2024-08-01,0.0,0.0,0.0,0.0,0.0,0.0,0.0,0.0,0.0,2026-02-11 00:07:20,True,Texas,
LGBTQ Without Borders: International Life,2024-08-01,0.0,0.0,0.0,0.0,0.0,0.0,0.0,0.0,0.0,2026-02-11 00:07:49,True,Texas,
LGBTQ+ Rights,2024-08-01,54.33,64.44,100.0,100.0,37.0,34.0,18.61,10.11,19.15,2026-02-11 00:08:18,True,Texas,
La Casa en Mango Street,2023-08-01,0.0,2.19,0.0,100.0,0.0,0.0,inf,2.19,14.52,2026-02-11 00:08:44,True,Florida,
Krishna and Hindusm,2025-02-01,0.0,1.11,0.0,100.0,0.0,0.0,inf,1.11,10.48,2026-02-11 00:24:40,True,Tennessee,
L'Hystérique,2024-06-01,2.09,2.2,100.0,100.0,0.0,0.0,5.32,0.11,14.24,2026-02-11 00:25:06,True,Florida,
"LGBT Families: Lesbian, Gay, Bisexual, and Transgender",2024-08-01,1.11,0.0,100.0,0.0,0.0,0.0,-100.0,-1.11,10.48,2026-02-11 00:25:32,True,Texas,
LGBTQ Rights,2024-08-01,34.54,30.2,100.0,100.0,0.0,0.0,-12.58,-4.34,27.95,2026-02-11 00:25:58,True,Texas,
Kite,2025-02-01,68.07,68.74,100.0,100.0,46.0,45.0,1.0,0.68,11.85,2026-02-11 00:26:25,True,Tennessee,
Knight,2025-02-01,66.3,77.91,100.0,100.0,40.0,62.0,17.51,11.61,9.51,2026-02-11 00:26:52,True,Tennessee,
Knots on a Counting Rope,2022-01-01,1.11,0.0,100.0,0.0,0.0,0.0,-100.0,-1.11,10.48,2026-02-11 00:27:18,True,Florida,
Knowledge Genius!: A Quiz Encyclopedia to Boost Your Brain,2025-02-01,2.16,1.11,100.0,100.0,0.0,0.0,-48.45,-1.04,12.55,2026-02-11 00:27:44,True,Tennessee,
Kingdom of Souls,2023-08-01,1.11,1.11,100.0,100.0,0.0,0.0,0.0,0.0,10.48,2026-02-11 00:28:10,True,Florida,
Kings of B'more,2024-06-01,0.0,0.0,0.0,0.0,0.0,0.0,0.0,0.0,0.0,2026-02-11 00:28:38,True,Iowa,
Kiss and Blog,2023-08-01,0.0,1.11,0.0,100.0,0.0,0.0,inf,1.11,10.48,2026-02-11 00:29:07,True,Florida,
Kissing Lessons,2024-10-01,0.0,0.0,0.0,0.0,0.0,0.0,0.0,0.0,0.0,2026-02-11 00:29:33,True,Tennessee,
Evil Queen,2023-10-01,65.7,35.11,100.0,100.0,36.0,12.0,-46.56,-30.59,22.63,2026-02-11 00:29:59,True,Iowa,
Exit West,2024-08-01,48.74,53.53,100.0,100.0,0.0,0.0,9.82,4.79,21.96,2026-02-11 00:30:25,True,Virginia,
Exodus: The Jewish Children's Bible,2023-06-01,0.0,0.0,0.0,0.0,0.0,0.0,0.0,0.0,0.0,2026-02-11 00:30:51,True,Florida,
Explorers and Discoverers: from Alexander the Great to Sally Ride,2024-06-01,0.0,0.0,0.0,0.0,0.0,0.0,0.0,0.0,0.0,2026-02-11 00:31:17,True,Texas,
Everything You Need for a Treehouse,2024-08-01,1.11,0.0,100.0,0.0,0.0,0.0,-100.0,-1.11,10.48,2026-02-11 00:31:42,True,Texas,
Everything You Need to Know About Bisexuality,2023-10-01,0.0,1.11,0.0,100.0,0.0,0.0,inf,1.11,10.48,2026-02-11 00:32:09,True,Kentucky,
Everything You Need to Know About Nonbinary Gender Identities,2023-10-01,0.0,0.0,0.0,0.0,0.0,0.0,0.0,0.0,0.0,2026-02-11 00:32:35,True,Kentucky,
Everything You Want Me to Be,2023-12-01,6.96,6.86,100.0,100.0,0.0,0.0,-1.44,-0.1,23.92,2026-02-11 00:33:01,True,Florida,
Lab Girl,2023-11-01,53.21,47.07,100.0,100.0,0.0,0.0,-11.55,-6.14,30.87,2026-02-11 00:33:27,True,Wisconsin,
Everybody Paints!: The Lives and Art of the Wyeth Family,2024-09-01,0.0,0.0,0.0,0.0,0.0,0.0,0.0,0.0,0.0,2026-02-11 00:33:53,True,Texas,
Everything Everything,2023-10-01,69.42,81.42,100.0,100.0,58.0,66.0,17.29,12.0,9.72,2026-02-11 00:34:20,True,Iowa,
La batalla del laberinto,2024-11-01,1.11,0.0,100.0,0.0,0.0,0.0,-100.0,-1.11,10.48,2026-02-11 00:34:46,True,Texas,
La maldición del Titán,2024-11-01,0.0,0.0,0.0,0.0,0.0,0.0,0.0,0.0,0.0,2026-02-11 00:35:12,True,Texas,
La silla de Pedro,2024-11-01,0.0,0.0,0.0,0.0,0.0,0.0,0.0,0.0,0.0,2026-02-11 00:35:37,True,Texas,
La tormenta,2021-12-01,12.67,31.57,100.0,100.0,0.0,0.0,149.21,18.9,20.43,2026-02-11 00:36:05,True,Texas,
Leaving Paradise,2022-10-01,0.0,0.0,0.0,0.0,0.0,0.0,0.0,0.0,0.0,2026-02-11 00:36:31,True,Texas,
Legendborn,2024-04-01,17.23,4.49,100.0,100.0,0.0,0.0,-73.95,-12.74,27.54,2026-02-11 00:52:54,True,Florida,
Leonardo Da Vinci (CN),2025-02-01,1.11,1.11,100.0,100.0,0.0,0.0,0.0,0.0,10.48,2026-02-11 00:53:22,True,Tennessee,
Leonardo da Vinci,2023-08-01,48.23,59.82,100.0,100.0,24.0,24.0,24.03,11.59,20.81,2026-02-11 00:53:49,True,Florida,
Later,2023-08-01,85.54,80.7,100.0,100.0,71.0,65.0,-5.66,-4.84,7.46,2026-02-11 00:54:15,True,Georgia,
Laura Ingalls Wilder Country: The People and Places in Laura Ingalls Wilder's Life and Books,2023-06-01,1.11,0.0,100.0,0.0,0.0,0.0,-100.0,-1.11,10.48,2026-02-11 00:54:42,True,Florida,
Lawn Boy (GP),2023-10-01,1.11,0.0,100.0,0.0,0.0,0.0,-100.0,-1.11,10.48,2026-02-11 00:55:08,True,Iowa,
Lean Mean Thirteen,2024-06-01,0.0,0.0,0.0,0.0,0.0,0.0,0.0,0.0,0.0,2026-02-11 00:55:34,True,Iowa,
Lana Wachowski,2024-08-01,1.11,1.86,100.0,100.0,0.0,0.0,67.0,0.74,11.57,2026-02-11 00:56:00,True,Texas,
Land and Resources of Ancient Rome,2025-02-01,0.0,1.11,0.0,100.0,0.0,0.0,inf,1.11,10.48,2026-02-11 00:56:26,True,Tennessee,
Lasher,2023-10-01,30.33,48.22,100.0,100.0,0.0,0.0,58.97,17.89,23.3,2026-02-11 00:56:52,True,Florida,
Labyrinth Lost (Brooklyn Brujas Series),2022-02-01,1.11,0.0,100.0,0.0,0.0,0.0,-100.0,-1.11,10.48,2026-02-11 00:57:18,True,Tennessee,
Lady Gaga: Pop's Glam Queen,2023-08-01,0.0,1.11,0.0,100.0,0.0,0.0,inf,1.11,10.48,2026-02-11 00:57:44,True,Florida,
Laid: Young People's Experience with Sex in an Easy-Access Culture,2024-08-01,0.0,0.0,0.0,0.0,0.0,0.0,0.0,0.0,0.0,2026-02-11 00:58:10,True,Georgia,
Lair of Dreams (The Diviners Series),2022-02-01,1.11,0.0,100.0,0.0,0.0,0.0,-100.0,-1.11,10.48,2026-02-11 00:58:36,True,Tennessee,
Every Boy's Got One,2025-02-01,0.0,0.0,0.0,0.0,0.0,0.0,0.0,0.0,0.0,2026-02-11 00:59:02,True,Florida,
Every Day with God: A Child's Daily Bible (Selections from the International Children's Bible),2023-06-01,0.0,0.0,0.0,0.0,0.0,0.0,0.0,0.0,0.0,2026-02-11 00:59:29,True,Florida,
Every Heart a Doorway (Seanan McGuire Series),2022-02-01,0.0,0.0,0.0,0.0,0.0,0.0,0.0,0.0,0.0,2026-02-11 00:59:55,True,Tennessee,
Every Time a Rainbow Dies,2023-10-01,0.0,0.0,0.0,0.0,0.0,0.0,0.0,0.0,0.0,2026-02-11 01:00:21,True,Florida,
European Art Since 1850,2025-02-01,1.11,0.0,100.0,0.0,0.0,0.0,-100.0,-1.11,10.48,2026-02-11 01:00:47,True,Tennessee,
Euthanasia,2025-02-01,74.93,76.1,100.0,100.0,45.0,59.0,1.56,1.17,10.23,2026-02-11 01:01:13,True,Tennessee,
Even If I Fall,2022-10-01,1.11,2.12,100.0,100.0,0.0,0.0,91.0,1.01,12.43,2026-02-11 01:01:39,True,Texas,
Ever After,2024-09-01,32.07,86.22,100.0,100.0,22.0,75.0,168.88,54.16,28.72,2026-02-11 01:02:05,True,Texas,
Esther's Story,2023-06-01,0.0,0.0,0.0,0.0,0.0,0.0,0.0,0.0,0.0,2026-02-11 01:02:31,True,Florida,
Ethiopia,2023-08-01,66.38,55.66,100.0,100.0,51.0,44.0,-16.15,-10.72,9.72,2026-02-11 01:03:00,True,Florida,
Leonardo da Vinci: 1452-1519,2025-04-01,1.11,0.0,100.0,0.0,0.0,0.0,-100.0,-1.11,10.48,2026-02-11 01:03:27,True,Tennessee,
Leonardo: Revised Edition,2022-09-01,0.0,0.0,0.0,0.0,0.0,0.0,0.0,0.0,0.0,2026-02-11 01:03:53,True,Missouri,
Les Misérables,2023-08-01,8.48,17.87,100.0,100.0,0.0,0.0,110.75,9.39,23.3,2026-02-11 01:04:20,True,Florida,
Let Me Play: The Story of Title IX: The Law That Changed the Future of Girls in America,2023-08-01,0.0,0.0,0.0,0.0,0.0,0.0,0.0,0.0,0.0,2026-02-11 01:04:49,True,Florida,
Life under Occupation,2025-02-01,2.07,0.0,100.0,0.0,0.0,0.0,-100.0,-2.07,13.75,2026-02-11 01:05:16,True,Tennessee,
Lifeguard,2024-06-01,64.46,49.54,100.0,100.0,39.0,25.0,-23.13,-14.91,16.57,2026-02-11 01:05:42,True,Florida,
Light Years,2023-08-01,,,,,,,,,,2026-02-11 01:35:58,False,Florida,Retries exhausted
Lightning,2024-06-01,,,,,,,,,,2026-02-11 02:06:13,False,Iowa,Retries exhausted
Life in Ancient Rome,2025-02-01,4.06,9.17,100.0,100.0,0.0,0.0,126.03,5.11,20.41,2026-02-11 02:11:40,True,Tennessee,
Life in a Nazi Concentration Camp,2022-09-01,1.11,0.0,100.0,0.0,0.0,0.0,-100.0,-1.11,10.48,2026-02-11 02:12:06,True,Missouri,
"100 Questions You'd Never Ask Your Parents: Straight Answers to Teens' Questions About Sex, Sexuality, and Health",2021-12-01,,,,,,,,,,2026-02-12 09:33:33,False,Texas,The request failed: Google returned a response with code 400
You're in the Wrong Bathroom!: And 20 Other Myths and Misconceptions About Transgender and Gender-Nonconforming People,2024-01-01,,,,,,,,,,2026-02-12 09:34:29,False,Florida,The request failed: Google returned a response with code 400
Wonder Woman: Warbringer,2023-07-01,0.0,0.0,0.0,0.0,0.0,0.0,0.0,0.0,0.0,2026-02-12 09:34:56,True,Florida,
1st to Die,2023-10-01,4.28,3.2,100.0,100.0,0.0,0.0,-25.19,-1.08,17.62,2026-02-12 09:35:23,True,Florida,
A Breath of Snow and Ashes,2023-08-01,0.0,0.0,0.0,0.0,0.0,0.0,0.0,0.0,0.0,2026-02-12 09:35:49,True,Florida,
Accountable: The True Story of a Racist Social Media Account and the Teenagers Whose Lives it Changed,2024-08-01,,,,,,,,,,2026-02-12 09:36:45,False,Florida,The request failed: Google returned a response with code 400
"Curse of the Blue Tattoo: Being an Account of the Misadventures of Jacky Faber, Midshipman and Fine Lady",2023-08-01,,,,,,,,,,2026-02-12 09:37:41,False,Florida,The request failed: Google returned a response with code 400
That Inevitable Victorian Thing,2022-02-01,1.11,0.0,100.0,0.0,0.0,0.0,-100.0,-1.11,10.48,2026-02-12 09:38:08,True,Tennessee,
The Apocalypse of Elena Mendoza,2023-08-01,1.11,0.0,100.0,0.0,0.0,0.0,-100.0,-1.11,10.48,2026-02-12 09:38:35,True,Florida,
The Alliance,2024-06-01,71.07,71.53,100.0,100.0,29.0,40.0,0.66,0.47,17.74,2026-02-12 09:39:02,True,Florida,
100 Characters from Classical Mythology: Discover the Fascinating Stories of the Greek and Roman Deities,2023-08-01,,,,,,,,,,2026-02-12 09:39:59,False,Florida,The request failed: Google returned a response with code 400
100 Women Who Made History: Remarkable Women Who Shaped Our World,2023-08-01,0.0,1.11,0.0,100.0,0.0,0.0,inf,1.11,10.48,2026-02-12 09:40:26,True,Florida,
101 Ways to Dance,2023-11-01,0.0,0.0,0.0,0.0,0.0,0.0,0.0,0.0,0.0,2026-02-12 09:46:04,True,Wisconsin,
120 Banned Books: Censorship Histories of World Literature,2023-07-01,0.0,0.0,0.0,0.0,0.0,0.0,0.0,0.0,0.0,2026-02-12 09:46:31,True,Florida,
"Healing Sexual Trauma Workbook: Somatic Skills to Help You Feel Safe in Your Body, Create Boundaries, and Live with Resilience",2022-08-01,,,,,,,,,,2026-02-12 09:47:27,False,Michigan,The request failed: Google returned a response with code 400
Fantastic Four By Mark Waid and Mike Wieringo: Ultimate Collection - Book One (Fantastic Four 1998-2012),2022-09-01,,,,,,,,,,2026-02-12 09:48:23,False,Missouri,The request failed: Google returned a response with code 400
Light Years,2023-08-01,57.79,52.61,100.0,100.0,36.0,29.0,-8.96,-5.18,12.9,2026-02-12 09:48:50,True,Florida,
Lightning,2024-06-01,62.1,62.63,100.0,100.0,49.0,52.0,0.86,0.53,9.62,2026-02-12 09:49:17,True,Iowa,
Life of a Soldier,2025-02-01,5.32,11.89,100.0,100.0,0.0,0.0,123.38,6.57,24.39,2026-02-12 09:49:44,True,Tennessee,
Lies and Other Tall Tales,2024-06-01,0.0,0.0,0.0,0.0,0.0,0.0,0.0,0.0,0.0,2026-02-12 09:50:11,True,Florida,
Life,2024-06-01,86.58,82.86,100.0,100.0,73.0,73.0,-4.3,-3.72,5.46,2026-02-12 09:50:38,True,Florida,
Life During The Great Civilizations - Ancient Greece,2025-02-01,0.0,0.0,0.0,0.0,0.0,0.0,0.0,0.0,0.0,2026-02-12 09:51:05,True,Tennessee,
Life In Ancient Greece,2025-02-01,5.26,9.66,100.0,100.0,0.0,0.0,83.72,4.4,22.56,2026-02-12 09:51:32,True,Tennessee,
Lethal,2024-06-01,56.54,47.64,100.0,100.0,36.0,35.0,-15.74,-8.9,13.03,2026-02-12 09:51:59,True,Florida,
Liar and Spy,2024-11-01,0.0,0.0,0.0,0.0,0.0,0.0,0.0,0.0,0.0,2026-02-12 09:52:26,True,Texas,
Liberation: Teens in the Concentration Camps and the Teen Soldiers Who Liberated Them,2025-02-01,0.0,0.0,0.0,0.0,0.0,0.0,0.0,0.0,0.0,2026-02-12 09:52:53,True,Tennessee,
"Library Wars: Love and War (Series, Title Not Specified)",2024-06-01,0.0,1.11,0.0,100.0,0.0,0.0,inf,1.11,10.48,2026-02-12 09:53:21,True,Texas,
Equus,2024-06-01,71.97,46.63,100.0,100.0,43.0,25.0,-35.2,-25.33,16.35,2026-02-12 09:53:48,True,Florida,
Escape,2024-06-01,76.07,76.69,100.0,100.0,64.0,65.0,0.82,0.62,7.38,2026-02-12 09:54:15,True,Iowa,
Escape from Chernobyl,2023-07-01,0.0,1.11,0.0,100.0,0.0,0.0,inf,1.11,10.48,2026-02-12 09:54:42,True,Florida,
Linus and Etta Could Use a Win,2024-08-01,0.0,0.0,0.0,0.0,0.0,0.0,0.0,0.0,0.0,2026-02-12 09:55:09,True,Texas,
Endometriosis,2023-10-01,81.01,65.06,100.0,100.0,63.0,42.0,-19.7,-15.96,11.51,2026-02-12 09:55:35,True,Iowa,
Enna Burning,2024-06-01,2.1,0.0,100.0,0.0,0.0,0.0,-100.0,-2.1,13.95,2026-02-12 09:56:02,True,Florida,
Enrique's Journey: The Story of a Boy's Dangerous Odyssey to Reunite with His Mother,2024-08-01,0.0,0.0,0.0,0.0,0.0,0.0,0.0,0.0,0.0,2026-02-12 09:56:29,True,Florida,
En el bosque,2021-12-01,29.51,24.36,100.0,100.0,0.0,0.0,-17.47,-5.16,28.93,2026-02-12 09:56:56,True,Texas,
Encyclopedia of World Costume,2023-08-01,0.0,0.0,0.0,0.0,0.0,0.0,0.0,0.0,0.0,2026-02-12 09:57:23,True,Florida,
Endangered (LG),2023-08-01,0.0,0.0,0.0,0.0,0.0,0.0,0.0,0.0,0.0,2026-02-12 09:57:49,True,Florida,
Endgame,2024-11-01,65.21,30.82,100.0,100.0,42.0,16.0,-52.73,-34.39,21.29,2026-02-12 09:58:18,True,Texas,
Lilac Girls,2023-11-01,4.41,3.11,100.0,100.0,0.0,0.0,-29.47,-1.3,17.62,2026-02-12 09:58:46,True,Wisconsin,
Lily and the Night Creatures,2024-05-01,0.0,1.11,0.0,100.0,0.0,0.0,inf,1.11,10.48,2026-02-12 09:59:13,True,Florida,
Empty,2021-11-01,82.61,48.56,100.0,100.0,68.0,36.0,-41.22,-34.06,18.57,2026-02-12 09:59:42,True,Florida,
"Locke and Key, Vol. 5: Clockworks",2024-12-01,0.0,0.0,0.0,0.0,0.0,0.0,0.0,0.0,0.0,2026-02-12 10:00:10,True,Tennessee,
Locked in Time,2024-11-01,27.39,37.01,100.0,100.0,0.0,0.0,35.13,9.62,33.37,2026-02-12 10:00:38,True,Texas,
Living on Impulse,2025-02-01,0.0,0.0,0.0,0.0,0.0,0.0,0.0,0.0,0.0,2026-02-12 10:01:06,True,Tennessee,
Lobizona: A Novel (Wolves of No World Series),2021-12-01,0.0,0.0,0.0,0.0,0.0,0.0,0.0,0.0,0.0,2026-02-12 10:01:34,True,Texas,
Locke & Key Vol. 1: Welcomeome To Lovecraft,2022-09-01,0.0,0.0,0.0,0.0,0.0,0.0,0.0,0.0,0.0,2026-02-12 10:02:02,True,Missouri,
"Locke & Key, Vol. 6: Alpha & Omega",2022-09-01,0.0,0.0,0.0,0.0,0.0,0.0,0.0,0.0,0.0,2026-02-12 10:02:30,True,Missouri,
Little Night/Nochecita,2022-01-01,1.11,0.0,100.0,0.0,0.0,0.0,-100.0,-1.11,10.48,2026-02-12 10:02:57,True,Florida,
Little Rock Girl: How A Photograph Changed the Gight for Integration,2024-08-01,0.0,0.0,0.0,0.0,0.0,0.0,0.0,0.0,0.0,2026-02-12 10:03:24,True,Georgia,
Lionclaw,2024-08-01,0.0,0.0,0.0,0.0,0.0,0.0,0.0,0.0,0.0,2026-02-12 10:03:50,True,Florida,
Lips Touch: Three Times,2023-11-01,1.11,0.0,100.0,0.0,0.0,0.0,-100.0,-1.11,10.48,2026-02-12 10:04:17,True,Wisconsin,
"Literary Newsmakers for Students, Vol. 1",2023-06-01,0.0,1.97,0.0,100.0,0.0,0.0,inf,1.97,13.16,2026-02-12 10:04:44,True,Florida,
Little Bee,2024-06-01,53.53,64.79,100.0,100.0,0.0,0.0,21.03,11.26,15.64,2026-02-12 10:05:11,True,Florida,
Lore Olympus: Volume Five,2023-08-01,0.0,0.0,0.0,0.0,0.0,0.0,0.0,0.0,0.0,2026-02-12 10:05:38,True,Florida,
Lore Olympus: Volume Six,2023-08-01,1.11,0.0,100.0,0.0,0.0,0.0,-100.0,-1.11,10.48,2026-02-12 10:06:05,True,Florida,
Lore Olympus: Volume Two,2023-08-01,0.0,0.0,0.0,0.0,0.0,0.0,0.0,0.0,0.0,2026-02-12 10:06:32,True,Florida,
Losing Joe's Place,2024-08-01,0.0,1.11,0.0,100.0,0.0,0.0,inf,1.11,10.48,2026-02-12 10:06:59,True,Florida,
Look Again,2024-06-01,25.0,70.36,100.0,100.0,15.0,42.0,181.42,45.36,25.9,2026-02-12 10:07:26,True,Iowa,
Look on the Bright Side,2024-08-01,6.86,8.99,100.0,100.0,0.0,0.0,31.12,2.13,22.77,2026-02-12 10:07:53,True,Texas,
Looking at Paintings,2022-09-01,0.0,0.0,0.0,0.0,0.0,0.0,0.0,0.0,0.0,2026-02-12 10:08:19,True,Missouri,
Looking for JJ,2023-08-01,1.11,0.0,100.0,0.0,0.0,0.0,-100.0,-1.11,10.48,2026-02-12 10:08:46,True,Florida,
Lone Survivor: The Eyewitness Account of Operation Redwing and the Lost Heroes of SEAL Team 10,2023-11-01,0.0,0.0,0.0,0.0,0.0,0.0,0.0,0.0,0.0,2026-02-12 10:09:13,True,Wisconsin,
Long Way Home,2024-10-01,55.81,62.16,100.0,100.0,30.0,0.0,11.37,6.34,16.74,2026-02-12 10:09:40,True,Tennessee,
Lost Gospels and Hidden Codes: New Concepts of Scripture,2023-08-01,0.0,0.0,0.0,0.0,0.0,0.0,0.0,0.0,0.0,2026-02-12 10:10:07,True,Florida,
"Lost in Shangri-La: A True Story of Survival, Adventure and the Most Incredible Rescue Mission of World War II",2024-06-01,,,,,,,,,,2026-02-12 10:11:03,False,Florida,The request failed: Google returned a response with code 400
Lotería,2024-11-01,71.74,65.07,100.0,100.0,52.0,45.0,-9.31,-6.68,12.43,2026-02-12 10:11:31,True,Texas,
Ember Queen (Ash Princess Trilogy Series),2022-02-01,1.11,0.0,100.0,0.0,0.0,0.0,-100.0,-1.11,10.48,2026-02-12 10:11:58,True,Tennessee,
Emily Windsnap and the Pirate Prince,2024-03-01,0.0,0.0,0.0,0.0,0.0,0.0,0.0,0.0,0.0,2026-02-12 10:12:25,True,Florida,
Emmy & Oliver,2025-01-01,0.0,0.0,0.0,0.0,0.0,0.0,0.0,0.0,0.0,2026-02-12 10:12:51,True,Florida,
Empires Ascendant: Timeframe 400 BC-AD 200,2025-02-01,0.0,0.0,0.0,0.0,0.0,0.0,0.0,0.0,0.0,2026-02-12 10:13:18,True,Tennessee,
Elle Campbell Wins Their Weekend,2024-08-01,0.0,1.11,0.0,100.0,0.0,0.0,inf,1.11,10.48,2026-02-12 10:13:45,True,Texas,
"Eloise and the Strange Museum Visit: Learning to Make Reasoned, Ethical Decisions",2024-08-01,0.0,0.0,0.0,0.0,0.0,0.0,0.0,0.0,0.0,2026-02-12 10:14:12,True,Florida,
Elton John,2023-07-01,41.5,24.88,100.0,100.0,29.0,15.0,-40.05,-16.62,15.59,2026-02-12 10:14:39,True,Florida,
Elysium Girls,2024-10-01,0.0,1.11,0.0,100.0,0.0,0.0,inf,1.11,10.48,2026-02-12 10:15:06,True,Tennessee,
Losing the Field (The Field Party Series),2022-01-01,0.0,0.0,0.0,0.0,0.0,0.0,0.0,0.0,0.0,2026-02-12 10:15:33,True,Texas,
Lost Boy Lost Girl,2023-10-01,1.11,0.0,100.0,0.0,0.0,0.0,-100.0,-1.11,10.48,2026-02-12 10:16:00,True,Florida,
Electric Girl,2023-12-01,49.2,28.08,100.0,100.0,0.0,0.0,-42.93,-21.12,19.98,2026-02-12 10:16:27,True,Florida,
Eleven on Top,2024-06-01,1.11,0.0,100.0,0.0,0.0,0.0,-100.0,-1.11,10.48,2026-02-12 10:16:54,True,Iowa,
"Love, Stargirl",2023-01-01,1.11,0.0,100.0,0.0,0.0,0.0,-100.0,-1.11,10.48,2026-02-12 10:17:21,True,Texas,
Love & Other Curses,2024-08-01,0.0,0.0,0.0,0.0,0.0,0.0,0.0,0.0,0.0,2026-02-12 10:17:48,True,Texas,
Luciana (Nine Months Series),2022-01-01,1.11,1.11,100.0,100.0,0.0,0.0,0.0,0.0,10.48,2026-02-12 10:18:15,True,Texas,
Love the One You're With,2024-06-01,3.68,3.33,100.0,100.0,0.0,0.0,-9.37,-0.34,16.57,2026-02-12 10:18:42,True,Iowa,
Love to Mama: A Tribute To Mothers,2022-01-01,0.0,0.0,0.0,0.0,0.0,0.0,0.0,0.0,0.0,2026-02-12 10:19:09,True,Florida,
"Love, Creekwood",2024-08-01,0.0,0.0,0.0,0.0,0.0,0.0,0.0,0.0,0.0,2026-02-12 10:19:35,True,Texas,
"Love, Ellen: A Mother/Daughter Journey",2024-06-01,0.0,1.11,0.0,100.0,0.0,0.0,inf,1.11,10.48,2026-02-12 10:20:02,True,Iowa,
Love and Other Carnivorous Plants,2023-08-01,1.11,0.0,100.0,0.0,0.0,0.0,-100.0,-1.11,10.48,2026-02-12 10:20:29,True,Florida,
Love and Other Natural Disasters,2023-07-01,0.0,1.11,0.0,100.0,0.0,0.0,inf,1.11,10.48,2026-02-12 10:20:55,True,Florida,
Love and War,2023-08-01,55.89,69.61,100.0,100.0,29.0,34.0,24.55,13.72,17.54,2026-02-12 10:21:23,True,Florida,
Love is the Drug,2023-09-01,5.61,5.06,100.0,100.0,0.0,0.0,-9.9,-0.56,21.01,2026-02-12 10:21:50,True,Florida,
Louvre: 400 Masterpieces,2024-11-01,0.0,0.0,0.0,0.0,0.0,0.0,0.0,0.0,0.0,2026-02-12 10:22:17,True,Texas,
Love & Leftovers,2024-08-01,0.0,0.0,0.0,0.0,0.0,0.0,0.0,0.0,0.0,2026-02-12 10:22:44,True,Texas,
Love Is the Higher Law,2021-12-01,1.11,0.0,100.0,0.0,0.0,0.0,-100.0,-1.11,10.48,2026-02-12 10:23:10,True,Texas,
Love Letters to the Dead,2023-08-01,0.0,1.11,0.0,100.0,0.0,0.0,inf,1.11,10.48,2026-02-12 10:23:37,True,Florida,
Made You Up,2023-10-01,46.16,59.83,100.0,100.0,19.0,13.0,29.63,13.68,25.72,2026-02-12 10:24:04,True,Florida,
Magic Study,2023-08-01,2.22,3.16,100.0,100.0,0.0,0.0,42.0,0.93,15.92,2026-02-12 10:24:31,True,Florida,
Magical Boy,2024-06-01,4.62,1.11,100.0,100.0,0.0,0.0,-75.96,-3.51,15.58,2026-02-12 10:24:58,True,Iowa,
"Magical Boy, Vol. 1",2023-08-01,0.0,0.0,0.0,0.0,0.0,0.0,0.0,0.0,0.0,2026-02-12 10:25:25,True,Ohio,
Macbeth: The Graphic Novel,2022-09-01,1.11,1.11,100.0,100.0,0.0,0.0,0.0,0.0,10.48,2026-02-12 10:25:51,True,Missouri,
Machete Squad,2024-10-01,0.0,0.0,0.0,0.0,0.0,0.0,0.0,0.0,0.0,2026-02-12 10:26:18,True,Tennessee,
Mad Scientists,2023-03-01,0.0,1.11,0.0,100.0,0.0,0.0,inf,1.11,10.48,2026-02-12 10:26:45,True,Florida,
MaddAddam,2023-08-01,1.11,0.0,100.0,0.0,0.0,0.0,-100.0,-1.11,10.48,2026-02-12 10:27:12,True,Florida,
Lying Out Loud: A Companion to The DUFF,2024-08-01,2.04,0.0,100.0,0.0,0.0,0.0,-100.0,-2.04,13.61,2026-02-12 10:27:38,True,Florida,
Lyndon B. Johnson,2023-08-01,16.23,12.18,100.0,100.0,0.0,0.0,-24.98,-4.06,27.55,2026-02-12 10:28:05,True,Florida,
M.L.K.: Journey of a King,2022-10-01,0.0,1.11,0.0,100.0,0.0,0.0,inf,1.11,10.48,2026-02-12 10:28:31,True,Texas,
MEG: Nightstalkers,2025-01-01,0.0,0.0,0.0,0.0,0.0,0.0,0.0,0.0,0.0,2026-02-12 10:28:58,True,Florida,
Lucy Peale,2021-11-01,0.0,0.0,0.0,0.0,0.0,0.0,0.0,0.0,0.0,2026-02-12 10:29:25,True,Florida,
LumberJanes: The Moon is Up,2024-04-01,0.0,0.0,0.0,0.0,0.0,0.0,0.0,0.0,0.0,2026-02-12 10:29:52,True,Florida,
Luna Bay,2024-06-01,2.99,6.2,100.0,100.0,0.0,0.0,107.43,3.21,18.5,2026-02-12 10:30:19,True,Florida,
Man Ray: The Paris Years,2022-09-01,0.0,0.0,0.0,0.0,0.0,0.0,0.0,0.0,0.0,2026-02-12 10:30:46,True,Missouri,
"Man-Eaters (Series, Title not Specified)",2025-04-01,0.0,0.0,0.0,0.0,0.0,0.0,0.0,0.0,0.0,2026-02-12 10:31:12,True,Tennessee,
Manet: Le dejeuner sur I'herbe,2022-09-01,0.0,0.0,0.0,0.0,0.0,0.0,0.0,0.0,0.0,2026-02-12 10:31:40,True,Missouri,
"Eat, Pray, Love: One Women's Search for Everything Across Italy, India and Indonesia",2024-06-01,1.11,1.11,100.0,100.0,0.0,0.0,0.0,0.0,10.48,2026-02-12 10:32:07,True,Florida,
Malcolm X,2023-07-01,40.59,46.57,100.0,100.0,23.0,33.0,14.73,5.98,11.85,2026-02-12 10:32:33,True,Florida,
Male To Female Transgender and Transfeminine Identities,2024-08-01,1.11,0.0,100.0,0.0,0.0,0.0,-100.0,-1.11,10.48,2026-02-12 10:33:00,True,Texas,
Male/Female Roles (BL),2023-10-01,0.0,1.11,0.0,100.0,0.0,0.0,inf,1.11,10.48,2026-02-12 10:33:27,True,Kentucky,
Making Bombs for Hitler,2023-07-01,1.11,2.09,100.0,100.0,0.0,0.0,88.0,0.98,12.31,2026-02-12 10:33:55,True,Florida,
Making Sexual Decisions: The Ultimate Teen Guide,2023-10-01,0.0,0.0,0.0,0.0,0.0,0.0,0.0,0.0,0.0,2026-02-12 10:34:22,True,Iowa,
Making a Play (The Field Party Series),2022-01-01,0.0,2.03,0.0,100.0,0.0,0.0,inf,2.03,13.55,2026-02-12 10:34:49,True,Texas,
Magritte: The Human Condition,2022-09-01,0.0,0.0,0.0,0.0,0.0,0.0,0.0,0.0,0.0,2026-02-12 10:35:16,True,Missouri,
Maid Sama,2023-02-01,57.81,48.67,100.0,100.0,0.0,0.0,-15.82,-9.14,26.01,2026-02-12 10:35:43,True,Pennsylvania,
Maizy Chen's Last Chance,2023-10-01,0.0,1.11,0.0,100.0,0.0,0.0,inf,1.11,10.48,2026-02-12 10:36:10,True,Florida,
Major Crush,2025-01-01,0.0,0.0,0.0,0.0,0.0,0.0,0.0,0.0,0.0,2026-02-12 10:36:37,True,Florida,
Eldest,2022-10-01,27.88,61.26,100.0,100.0,13.0,0.0,119.73,33.38,22.57,2026-02-12 10:37:04,True,Texas,
Manga Dragons,2024-11-01,0.0,0.0,0.0,0.0,0.0,0.0,0.0,0.0,0.0,2026-02-12 10:37:32,True,Texas,
Manga Shakespeare: A Midsummer Night's Dream,2023-08-01,0.0,0.0,0.0,0.0,0.0,0.0,0.0,0.0,0.0,2026-02-12 10:37:59,True,Florida,
Manga Superheroes,2024-11-01,0.0,0.0,0.0,0.0,0.0,0.0,0.0,0.0,0.0,2026-02-12 10:38:27,True,Texas,
El diario completamente verídico de un Indio a tiempo parcial,2024-09-01,0.0,0.0,0.0,0.0,0.0,0.0,0.0,0.0,0.0,2026-02-12 10:38:54,True,Texas,
El gris,2024-08-01,17.78,23.22,100.0,100.0,0.0,0.0,30.62,5.44,32.26,2026-02-12 10:44:32,True,Texas,
El teorema Katherine,2024-09-01,0.0,0.0,0.0,0.0,0.0,0.0,0.0,0.0,0.0,2026-02-12 10:44:59,True,Texas,
Educated: A Memoir,2023-11-01,0.0,0.0,0.0,0.0,0.0,0.0,0.0,0.0,0.0,2026-02-12 10:45:26,True,Wisconsin,
El Gigante Solitario,2024-06-01,1.11,0.0,100.0,0.0,0.0,0.0,-100.0,-1.11,10.48,2026-02-12 10:50:54,True,Florida,
El Libro de la Familia/The Family Book (Spanish Edition),2024-08-01,1.11,1.11,100.0,100.0,0.0,0.0,0.0,0.0,10.48,2026-02-12 10:51:21,True,Florida,
El abismo,2024-09-01,0.0,2.0,0.0,100.0,0.0,0.0,inf,2.0,13.35,2026-02-12 10:51:48,True,Texas,
Economy and Industry in Ancient Greece,2025-02-01,1.11,0.0,100.0,0.0,0.0,0.0,-100.0,-1.11,10.48,2026-02-12 10:52:15,True,Tennessee,
Eden Conquered,2022-12-01,,,,,,,,,,2026-02-12 10:57:28,False,Texas,"HTTPSConnectionPool(host='trends.google.com', port=443): Max retries exceeded with url: /trends/api/"
Edge,2025-02-01,69.54,84.63,100.0,100.0,48.0,72.0,21.7,15.09,9.14,2026-02-12 11:20:23,True,Tennessee,
Edie in Between,2022-02-01,0.0,0.0,0.0,0.0,0.0,0.0,0.0,0.0,0.0,2026-02-12 11:37:38,True,Tennessee,
"Master Keaton, Vol. 1",2022-10-01,0.0,0.0,0.0,0.0,0.0,0.0,0.0,0.0,0.0,2026-02-12 11:54:16,True,Texas,
"Master Keaton, Vol. 2",2022-10-01,1.11,0.0,100.0,0.0,0.0,0.0,-100.0,-1.11,10.48,2026-02-12 11:54:43,True,Texas,
"Master Keaton, Vol. 4",2022-10-01,0.0,0.0,0.0,0.0,0.0,0.0,0.0,0.0,0.0,2026-02-12 12:12:48,True,Texas,
"Master Keaton, Vol. 6",2022-10-01,0.0,1.11,0.0,100.0,0.0,0.0,inf,1.11,10.48,2026-02-12 12:22:06,True,Texas,
Mary McCartney: From Where I Stand,2025-04-01,1.11,0.0,100.0,0.0,0.0,0.0,-100.0,-1.11,10.48,2026-02-12 12:24:53,True,Tennessee,
"Mary's Monster: Love, Madness, and How Mary Shelley Created Frankenstein",2022-09-01,1.11,0.0,100.0,0.0,0.0,0.0,-100.0,-1.11,10.48,2026-02-12 12:41:14,True,Missouri,
Mary: The Mother of Jesus,2023-06-01,15.87,4.77,100.0,100.0,0.0,0.0,-69.96,-11.1,20.15,2026-02-12 13:09:44,True,Florida,
"Marbles: Mania, Depression, Michelangelo, and Me: A Graphic Memoir",2024-10-01,0.0,0.0,0.0,0.0,0.0,0.0,0.0,0.0,0.0,2026-02-12 13:10:11,True,Tennessee,
"March Forward, Girl",2023-08-01,1.11,0.0,100.0,0.0,0.0,0.0,-100.0,-1.11,10.48,2026-02-12 13:11:21,True,Florida,
Maria,2024-08-01,,,,,,,,,,2026-02-12 13:13:56,False,Texas,"HTTPSConnectionPool(host='trends.google.com', port=443): Max retries exceeded with url: /trends/api/"
Marked (House of Night Series),2021-11-01,,,,,,,,,,2026-02-12 13:16:23,False,Florida,"HTTPSConnectionPool(host='trends.google.com', port=443): Max retries exceeded with url: /trends/api/"
Maniac Magee,2023-07-01,31.52,8.54,100.0,100.0,0.0,0.0,-72.89,-22.98,29.58,2026-02-12 13:18:08,True,Florida,
Mantle: The Best There Ever Was,2023-08-01,0.0,0.0,0.0,0.0,0.0,0.0,0.0,0.0,0.0,2026-02-12 13:18:34,True,Florida,
Maple's Theory of Fun,2024-08-01,0.0,0.0,0.0,0.0,0.0,0.0,0.0,0.0,0.0,2026-02-12 13:19:02,True,Florida,
"Mara, Daughter of the Nile",2022-09-01,1.11,1.11,100.0,100.0,0.0,0.0,0.0,0.0,10.48,2026-02-12 13:19:29,True,Texas,
Me Myself & Him,2022-02-01,1.11,0.0,100.0,0.0,0.0,0.0,-100.0,-1.11,10.48,2026-02-12 13:19:56,True,Tennessee,
Medical Terminology,2024-08-01,70.61,61.38,100.0,100.0,41.0,25.0,-13.08,-9.23,17.84,2026-02-12 13:20:23,True,Virginia,
Medicine: A Graphic History,2025-04-01,0.0,0.0,0.0,0.0,0.0,0.0,0.0,0.0,0.0,2026-02-12 13:20:49,True,Tennessee,
Medieval Europe,2025-02-01,45.7,56.38,100.0,100.0,0.0,17.0,23.36,10.68,26.59,2026-02-12 13:21:16,True,Tennessee,
Maximum Ride Forever,2023-02-01,0.0,1.11,0.0,100.0,0.0,0.0,inf,1.11,10.48,2026-02-12 13:21:43,True,Florida,
Maya Angelou: Greeting the Morning,2023-08-01,0.0,0.0,0.0,0.0,0.0,0.0,0.0,0.0,0.0,2026-02-12 13:22:10,True,Florida,
Maybe I Will,2024-06-01,33.16,22.67,100.0,100.0,0.0,0.0,-31.64,-10.49,30.72,2026-02-12 13:22:37,True,Texas,
Matched,2025-02-01,72.82,58.78,100.0,100.0,42.0,36.0,-19.29,-14.04,14.87,2026-02-12 13:23:04,True,Tennessee,
Matisse,2025-04-01,70.58,27.26,100.0,100.0,52.0,18.0,-61.38,-43.32,23.3,2026-02-12 13:23:30,True,Tennessee,
Matter and Its Properties,2024-11-01,25.62,10.18,100.0,100.0,0.0,0.0,-60.28,-15.44,30.94,2026-02-12 13:23:58,True,Texas,
Max in the House of Spies: A Tale of World War II,2024-08-01,1.8,0.0,100.0,0.0,0.0,0.0,-100.0,-1.8,12.27,2026-02-12 13:24:25,True,Florida,
"Master Keaton, Vol. 8",2022-10-01,0.0,0.0,0.0,0.0,0.0,0.0,0.0,0.0,0.0,2026-02-12 13:24:51,True,Texas,
Master of One,2022-02-01,53.6,56.81,100.0,100.0,0.0,30.0,5.99,3.21,18.03,2026-02-12 13:25:18,True,Tennessee,
Masterpieces: The Best-Loved Paintings from America's Museums,2025-04-01,0.0,0.0,0.0,0.0,0.0,0.0,0.0,0.0,0.0,2026-02-12 13:25:45,True,Tennessee,
Mastiff (Beka Cooper Series),2021-10-01,1.11,0.0,100.0,0.0,0.0,0.0,-100.0,-1.11,10.48,2026-02-12 13:26:13,True,Oklahoma,
Early Humans: Discover How the World's First People Lived,2025-02-01,0.0,0.0,0.0,0.0,0.0,0.0,0.0,0.0,0.0,2026-02-12 13:26:40,True,Tennessee,
Earthshine,2023-10-01,1.11,3.17,100.0,100.0,0.0,0.0,185.0,2.06,14.2,2026-02-12 13:27:07,True,Florida,
Meet Me at the River,2023-08-01,0.0,0.0,0.0,0.0,0.0,0.0,0.0,0.0,0.0,2026-02-12 13:27:34,True,Florida,
Megan Rapinoe: Soccer Superstar,2023-07-01,1.11,0.0,100.0,0.0,0.0,0.0,-100.0,-1.11,10.48,2026-02-12 13:28:01,True,Florida,
Duquesa by Default,2024-06-01,0.0,0.0,0.0,0.0,0.0,0.0,0.0,0.0,0.0,2026-02-12 13:28:28,True,Florida,
Dying to Know You,2023-08-01,11.02,9.71,100.0,100.0,0.0,0.0,-11.9,-1.31,25.68,2026-02-12 13:28:55,True,Florida,
Eagle Song,2022-01-01,34.39,41.09,100.0,100.0,0.0,0.0,19.48,6.7,30.7,2026-02-12 13:29:21,True,Florida,
Dumile Feni: The Story of a Great Artist,2024-09-01,1.11,0.0,100.0,0.0,0.0,0.0,-100.0,-1.11,10.48,2026-02-12 13:29:48,True,Texas,
Dune,2023-10-01,40.89,55.1,100.0,100.0,27.0,40.0,34.76,14.21,13.3,2026-02-12 13:30:15,True,Florida,
"Dune: House Atreides, Vol. 2 (The Graphic Novel)",2023-10-01,1.11,1.11,100.0,100.0,0.0,0.0,0.0,0.0,10.48,2026-02-12 13:30:42,True,Kentucky,
"Dune: House Atreides, Vol. 4 (The Graphic Novel)",2023-10-01,0.0,0.0,0.0,0.0,0.0,0.0,0.0,0.0,0.0,2026-02-12 13:31:09,True,Kentucky,
Medieval Life,2025-02-01,31.23,50.52,100.0,100.0,0.0,0.0,61.76,19.29,30.94,2026-02-12 13:31:36,True,Tennessee,
Dry,2023-08-01,87.32,89.57,100.0,100.0,78.0,81.0,2.57,2.24,4.73,2026-02-12 13:32:04,True,Florida,
Duma Key,2024-03-01,2.07,3.21,100.0,100.0,0.0,0.0,55.38,1.14,15.64,2026-02-12 13:32:30,True,Florida,
Michelangelo: Master of the Italian Renaissance,2022-09-01,1.11,0.0,100.0,0.0,0.0,0.0,-100.0,-1.11,10.48,2026-02-12 13:32:58,True,Missouri,
Michigan vs. The Boys,2024-11-01,0.0,0.0,0.0,0.0,0.0,0.0,0.0,0.0,0.0,2026-02-12 13:33:25,True,Texas,
Middlegame,2024-10-01,0.0,2.13,0.0,100.0,0.0,0.0,inf,2.13,14.16,2026-02-12 13:33:52,True,Tennessee,
Midnight Bayou,2024-06-01,2.0,1.11,100.0,100.0,0.0,0.0,-44.44,-0.89,12.01,2026-02-12 13:34:19,True,Iowa,
Mi bacinica y yo: para ella,2024-11-01,0.0,0.0,0.0,0.0,0.0,0.0,0.0,0.0,0.0,2026-02-12 13:34:45,True,Texas,
Michelangelo Buonarotti,2023-08-01,1.11,0.0,100.0,0.0,0.0,0.0,-100.0,-1.11,10.48,2026-02-12 13:35:12,True,Florida,
"Michelangelo Merisi da Caravaggio, 1571-1610",2024-11-01,1.11,0.0,100.0,0.0,0.0,0.0,-100.0,-1.11,10.48,2026-02-12 13:35:39,True,Texas,
Michelangelo: His Life and Works in 500 Images,2024-11-01,0.0,0.0,0.0,0.0,0.0,0.0,0.0,0.0,0.0,2026-02-12 13:36:06,True,Texas,
Mesopotamia,2025-02-01,50.92,56.59,100.0,100.0,11.0,27.0,11.13,5.67,23.99,2026-02-12 13:36:33,True,Tennessee,
Messenger,2022-10-01,76.37,78.2,100.0,100.0,67.0,72.0,2.4,1.83,5.26,2026-02-12 13:37:01,True,Texas,
Metamorphoses,2023-12-01,36.22,28.68,100.0,100.0,0.0,0.0,-20.83,-7.54,31.32,2026-02-12 13:37:29,True,Florida,
Mexican Gothic,2024-06-01,23.4,8.6,100.0,100.0,0.0,0.0,-63.25,-14.8,31.21,2026-02-12 13:37:57,True,Florida,
Melt With You,2024-08-01,63.61,53.69,100.0,100.0,33.0,0.0,-15.6,-9.92,14.9,2026-02-12 13:38:23,True,Texas,
"Memphis, Martin, and the Mountaintop: The Sanitation Strike of 1968",2022-01-01,0.0,0.0,0.0,0.0,0.0,0.0,0.0,0.0,0.0,2026-02-12 13:38:50,True,Florida,
Meranda and the Legend of the Lake,2024-11-01,1.11,0.0,100.0,0.0,0.0,0.0,-100.0,-1.11,10.48,2026-02-12 13:39:18,True,Texas,
Merriam-Webster's Elementary Dictionary,2023-08-01,0.0,0.0,0.0,0.0,0.0,0.0,0.0,0.0,0.0,2026-02-12 13:39:45,True,Florida,
Miriam's Cup: A Passover Story,2023-06-01,1.93,0.0,100.0,0.0,0.0,0.0,-100.0,-1.93,12.97,2026-02-12 13:40:12,True,Florida,
Mirror of the World: A New History of Art,2022-09-01,0.0,0.0,0.0,0.0,0.0,0.0,0.0,0.0,0.0,2026-02-12 13:40:38,True,Missouri,
Miss Lonelyhearts and the Day of the Locust,2024-06-01,0.0,0.0,0.0,0.0,0.0,0.0,0.0,0.0,0.0,2026-02-12 13:41:05,True,Florida,
"Minecraft (Series, Title Not Specified)",2024-11-01,1.11,1.11,100.0,100.0,0.0,0.0,0.0,0.0,10.48,2026-02-12 13:41:32,True,Texas,
"Minecraft, Volume 3",2023-07-01,0.0,1.11,0.0,100.0,0.0,0.0,inf,1.11,10.48,2026-02-12 13:42:00,True,Florida,
Miracle Creek,2023-08-01,1.11,2.02,100.0,100.0,0.0,0.0,82.0,0.91,12.08,2026-02-12 13:42:26,True,Florida,
Millennium Prophecies: Predictions for the Year 2000 and Beyond from the World's Greatest Seers and Mystics.,2023-08-01,,,,,,,,,,2026-02-12 13:43:23,False,Florida,The request failed: Google returned a response with code 400
Midnight Beauties,2023-08-01,0.0,0.0,0.0,0.0,0.0,0.0,0.0,0.0,0.0,2026-02-12 13:43:50,True,Florida,
Midnight at the Electric,2023-08-01,0.0,0.0,0.0,0.0,0.0,0.0,0.0,0.0,0.0,2026-02-12 13:44:18,True,Florida,
Midwives,2024-06-01,63.99,68.36,100.0,100.0,35.0,34.0,6.82,4.37,14.46,2026-02-12 13:44:46,True,Florida,
Mikala,2024-08-01,19.48,13.39,100.0,100.0,0.0,0.0,-31.26,-6.09,28.34,2026-02-12 13:45:13,True,Texas,
Drugs and Your Parents,2025-02-01,1.11,3.19,100.0,100.0,0.0,0.0,187.0,2.08,14.27,2026-02-12 13:45:40,True,Tennessee,
"Drumroll, Please",2024-06-01,0.0,0.0,0.0,0.0,0.0,0.0,0.0,0.0,0.0,2026-02-12 13:46:07,True,Iowa,
"Modern Love: Revised and Updated: True Stories of Love Loss, and Redemption",2023-12-01,0.0,0.0,0.0,0.0,0.0,0.0,0.0,0.0,0.0,2026-02-12 13:46:34,True,Florida,
Modern Women: Women Artists at the Museum of Modern Art,2024-11-01,0.0,0.0,0.0,0.0,0.0,0.0,0.0,0.0,0.0,2026-02-12 13:47:02,True,Texas,
"Drizzle, Dreams, and Lovestruck Things",2024-08-01,2.21,0.0,100.0,0.0,0.0,0.0,-100.0,-2.21,14.67,2026-02-12 13:47:29,True,Texas,
Drowned Cities,2023-11-01,0.0,0.0,0.0,0.0,0.0,0.0,0.0,0.0,0.0,2026-02-12 13:47:56,True,Wisconsin,
Drug Use & the Family,2025-02-01,0.0,0.0,0.0,0.0,0.0,0.0,0.0,0.0,0.0,2026-02-12 13:48:24,True,Tennessee,
Drugs and Crime,2025-02-01,20.21,23.92,100.0,100.0,0.0,0.0,18.36,3.71,30.93,2026-02-12 13:48:51,True,Tennessee,
Dreadnought (AD),2024-08-01,0.0,0.0,0.0,0.0,0.0,0.0,0.0,0.0,0.0,2026-02-12 13:49:18,True,Texas,
Dreaming of Antigone,2023-08-01,0.0,0.0,0.0,0.0,0.0,0.0,0.0,0.0,0.0,2026-02-12 13:49:45,True,Florida,
Dreams of Gods and Monsters,2022-11-01,0.0,0.0,0.0,0.0,0.0,0.0,0.0,0.0,0.0,2026-02-12 13:50:12,True,Indiana,
"Drinking, Driving and Drugs",2025-02-01,1.11,0.0,100.0,0.0,0.0,0.0,-100.0,-1.11,10.48,2026-02-12 13:50:40,True,Tennessee,
Mixed Messages: Interpreting Body Image and Social Norms,2024-08-01,2.78,0.0,100.0,0.0,0.0,0.0,-100.0,-2.78,15.12,2026-02-12 13:51:07,True,Pennsylvania,
Draw the Line,2021-12-01,55.63,45.13,100.0,100.0,0.0,0.0,-18.87,-10.5,22.82,2026-02-12 13:51:34,True,Texas,
Drawing From Memory,2024-09-01,1.11,2.06,100.0,100.0,0.0,0.0,85.0,0.94,12.2,2026-02-12 13:52:01,True,Texas,
Moses in Egypt,2023-06-01,12.48,8.91,100.0,100.0,0.0,0.0,-28.58,-3.57,21.85,2026-02-12 13:52:28,True,Florida,
Moses: The Long Road to Freedom,2023-06-01,0.0,0.0,0.0,0.0,0.0,0.0,0.0,0.0,0.0,2026-02-12 13:52:55,True,Florida,
Most Valuable Players (Rip and Red Series),2022-01-01,0.0,0.0,0.0,0.0,0.0,0.0,0.0,0.0,0.0,2026-02-12 13:53:22,True,Florida,
Mother Bruce,2023-05-01,7.87,8.11,100.0,100.0,0.0,0.0,3.11,0.24,23.18,2026-02-12 13:53:49,True,Tennessee,
Moonlight Becomes You,2023-10-01,1.11,1.11,100.0,100.0,0.0,0.0,0.0,0.0,10.48,2026-02-12 13:54:16,True,Florida,
More Than We Can Tell,2021-10-01,1.11,2.21,100.0,100.0,0.0,0.0,99.0,1.1,12.76,2026-02-12 13:54:43,True,Tennessee,
"Moriarty the Patriot, Vol. 3",2025-04-01,0.0,0.0,0.0,0.0,0.0,0.0,0.0,0.0,0.0,2026-02-12 13:55:09,True,Tennessee,
Mortal Heart,2023-08-01,1.11,1.11,100.0,100.0,0.0,0.0,0.0,0.0,10.48,2026-02-12 13:55:37,True,Florida,
Monster of the Week,2024-08-01,6.6,9.69,100.0,100.0,0.0,0.0,46.8,3.09,24.02,2026-02-12 13:56:03,True,Texas,
Monstress,2022-10-01,3.52,5.21,100.0,100.0,0.0,0.0,47.95,1.69,19.21,2026-02-12 13:56:29,True,Missouri,
Monstrous: A Transracial Adoption Story,2024-11-01,0.0,0.0,0.0,0.0,0.0,0.0,0.0,0.0,0.0,2026-02-12 13:56:56,True,Texas,
Moonheart,2023-08-01,0.0,0.0,0.0,0.0,0.0,0.0,0.0,0.0,0.0,2026-02-12 13:57:23,True,Florida,
Molly of Denali: Berry Itchy Day,2022-01-01,1.11,1.11,100.0,100.0,0.0,0.0,0.0,0.0,10.48,2026-02-12 13:57:49,True,Florida,
Money Boy,2023-10-01,66.33,69.74,100.0,100.0,40.0,26.0,5.14,3.41,13.09,2026-02-12 13:58:17,True,Kentucky,
Mono No Aware (Short Story),2024-08-01,0.0,1.11,0.0,100.0,0.0,0.0,inf,1.11,10.48,2026-02-12 13:58:44,True,Virginia,
Dragons of Darkness,2024-06-01,0.0,0.0,0.0,0.0,0.0,0.0,0.0,0.0,0.0,2026-02-12 13:59:11,True,Texas,
Dragonwings,2022-02-01,0.0,3.76,0.0,100.0,0.0,0.0,inf,3.76,17.67,2026-02-12 13:59:37,True,Tennessee,
Dramarama,2024-04-01,24.17,17.46,100.0,100.0,0.0,0.0,-27.77,-6.71,29.55,2026-02-12 14:00:05,True,Florida,
Muhanmmad and Islam,2025-02-01,0.0,0.0,0.0,0.0,0.0,0.0,0.0,0.0,0.0,2026-02-12 14:00:32,True,Tennessee,
Drag Teen,2023-02-01,1.11,0.0,100.0,0.0,0.0,0.0,-100.0,-1.11,10.48,2026-02-12 14:00:59,True,Tennessee,
"Dragon Ball, Vol. 1",2025-05-01,0.0,1.11,0.0,100.0,0.0,0.0,inf,1.11,10.48,2026-02-12 14:01:26,True,Tennessee,
"Dragon Ball, Vol. 3",2025-05-01,0.0,0.0,0.0,0.0,0.0,0.0,0.0,0.0,0.0,2026-02-12 14:01:53,True,Tennessee,
Dragonflight,2023-08-01,62.43,72.96,100.0,100.0,38.0,55.0,16.85,10.52,14.22,2026-02-12 14:02:21,True,Florida,
Dough Boys,2025-04-01,20.42,25.83,100.0,100.0,0.0,0.0,26.5,5.41,30.57,2026-02-12 14:02:49,True,Florida,
"Dr. Buenavista, Look",2024-09-01,2.03,0.0,100.0,0.0,0.0,0.0,-100.0,-2.03,13.55,2026-02-12 14:03:16,True,Texas,
Dr. Xargle's Book of Earthlets,2025-05-01,1.11,0.0,100.0,0.0,0.0,0.0,-100.0,-1.11,10.48,2026-02-12 14:03:42,True,Tennessee,
Dracula in Love,2024-06-01,0.0,0.0,0.0,0.0,0.0,0.0,0.0,0.0,0.0,2026-02-12 14:04:09,True,Iowa,
Mozambique in Pictures,2023-08-01,0.0,0.0,0.0,0.0,0.0,0.0,0.0,0.0,0.0,2026-02-12 14:04:36,True,Florida,
Mr. Ding’s Chicken Feet: On a Slow Boat from Shanghai to Texas,2024-06-01,1.11,0.0,100.0,0.0,0.0,0.0,-100.0,-1.11,10.48,2026-02-12 14:05:04,True,Florida,
Muchacho,2024-11-01,70.93,57.47,100.0,100.0,36.0,33.0,-18.98,-13.47,14.02,2026-02-12 14:05:31,True,Texas,
"My Hero Academia, Vigilantes Vol. 1",2024-10-01,0.0,0.0,0.0,0.0,0.0,0.0,0.0,0.0,0.0,2026-02-12 14:05:58,True,Tennessee,
"My Hero Academia, Vol. 14: Overhaul",2023-08-01,0.0,1.11,0.0,100.0,0.0,0.0,inf,1.11,10.48,2026-02-12 14:06:24,True,Florida,
"My Hero Academia: Origin (Series, Title Not Specified)",2024-06-01,1.11,0.0,100.0,0.0,0.0,0.0,-100.0,-1.11,10.48,2026-02-12 14:06:51,True,Texas,
"My Family, Your Family",2024-08-01,0.0,1.11,0.0,100.0,0.0,0.0,inf,1.11,10.48,2026-02-12 14:07:18,True,Florida,
My Fate According to the Butterfly,2024-06-01,1.11,0.0,100.0,0.0,0.0,0.0,-100.0,-1.11,10.48,2026-02-12 14:07:45,True,Iowa,
My Friends and Me,2024-06-01,77.01,65.41,100.0,100.0,47.0,32.0,-15.06,-11.6,13.12,2026-02-12 14:08:12,True,Iowa,
"My Best Friend, Maybe",2021-12-01,0.0,1.11,0.0,100.0,0.0,0.0,inf,1.11,10.48,2026-02-12 14:08:39,True,Texas,
My Brother's Keeper,2024-11-01,19.76,22.63,100.0,100.0,0.0,0.0,14.57,2.88,29.37,2026-02-12 14:09:06,True,Texas,
My Dear Henry: A Jekyll and Hyde Remix,2023-10-01,0.0,0.0,0.0,0.0,0.0,0.0,0.0,0.0,0.0,2026-02-12 14:09:34,True,Kentucky,
Munch: The Scream,2022-09-01,2.11,13.31,100.0,100.0,0.0,0.0,530.53,11.2,22.28,2026-02-12 14:10:01,True,Missouri,
Murder in Mayberry: Death and Mayhem in a Small Town,2023-08-01,0.0,0.0,0.0,0.0,0.0,0.0,0.0,0.0,0.0,2026-02-12 14:10:28,True,Maine,
Muse of Nightmares,2023-08-01,0.0,0.0,0.0,0.0,0.0,0.0,0.0,0.0,0.0,2026-02-12 14:10:55,True,Florida,
My Antonia,2023-11-01,16.01,24.96,100.0,100.0,0.0,0.0,55.86,8.94,32.68,2026-02-12 14:11:22,True,Wisconsin,
My Whole Truth,2022-02-01,0.0,0.0,0.0,0.0,0.0,0.0,0.0,0.0,0.0,2026-02-12 14:11:49,True,Tennessee,
Mysteries of History,2025-02-01,2.14,1.11,100.0,100.0,0.0,0.0,-48.19,-1.03,12.51,2026-02-12 14:12:16,True,Tennessee,
Mystic River,2024-06-01,25.91,51.3,100.0,100.0,0.0,28.0,97.98,25.39,18.81,2026-02-12 14:12:43,True,Florida,
My One Hundred Adventures,2023-06-01,1.11,1.11,100.0,100.0,0.0,0.0,0.0,0.0,10.48,2026-02-12 14:13:10,True,Florida,
My Sad Is All Gone: A Family's Triumph Over Violent Autism,2025-02-01,0.0,0.0,0.0,0.0,0.0,0.0,0.0,0.0,0.0,2026-02-12 14:13:37,True,Tennessee,
My Sister's Bones,2023-10-01,0.0,0.0,0.0,0.0,0.0,0.0,0.0,0.0,0.0,2026-02-12 14:14:04,True,Florida,
My Two Dads and Me,2022-01-01,0.0,0.0,0.0,0.0,0.0,0.0,0.0,0.0,0.0,2026-02-12 14:14:31,True,Florida,
My Maddy,2024-08-01,0.0,0.0,0.0,0.0,0.0,0.0,0.0,0.0,0.0,2026-02-12 14:14:58,True,Iowa,
My Mother the Cheerleader,2024-03-01,1.11,0.0,100.0,0.0,0.0,0.0,-100.0,-1.11,10.48,2026-02-12 14:15:24,True,Florida,
My Name Is María Isabel,2022-01-01,0.0,0.0,0.0,0.0,0.0,0.0,0.0,0.0,0.0,2026-02-12 14:15:51,True,Florida,
"My Hero Academia: School Briefs (Series, Title Not Specified)",2024-12-01,0.0,0.0,0.0,0.0,0.0,0.0,0.0,0.0,0.0,2026-02-12 14:16:18,True,Texas,
"My Hero Academia: School Briefs, Vol. 4: Festival for All",2023-02-01,0.0,1.11,0.0,100.0,0.0,0.0,inf,1.11,10.48,2026-02-12 14:16:45,True,Pennsylvania,
My Last Summer with Cass,2022-09-01,0.0,1.11,0.0,100.0,0.0,0.0,inf,1.11,10.48,2026-02-12 14:17:13,True,Missouri,
My Life as a Rhombus,2021-12-01,0.0,2.21,0.0,100.0,0.0,0.0,inf,2.21,14.67,2026-02-12 14:17:40,True,Texas,
Navigating Early,2023-08-01,0.0,1.11,0.0,100.0,0.0,0.0,inf,1.11,10.48,2026-02-12 14:18:07,True,Florida,
Necklace of Kisses,2023-08-01,1.11,2.18,100.0,100.0,0.0,0.0,96.0,1.07,12.63,2026-02-12 14:18:35,True,Florida,
Necropolis,2023-12-01,52.27,66.8,100.0,100.0,0.0,0.0,27.81,14.53,21.69,2026-02-12 14:19:02,True,Florida,
Needles,2023-08-01,91.47,89.61,100.0,100.0,82.0,78.0,-2.03,-1.86,4.79,2026-02-12 14:19:29,True,Florida,
"Naruto, Vol. 28: Homecoming",2023-08-01,0.0,0.0,0.0,0.0,0.0,0.0,0.0,0.0,0.0,2026-02-12 14:19:56,True,Florida,
"Naruto, Vol. 38: Practice Makes Perfect",2023-08-01,0.0,0.0,0.0,0.0,0.0,0.0,0.0,0.0,0.0,2026-02-12 14:20:23,True,Florida,
Nate the Great and the Sticky Case,2024-03-01,1.11,0.0,100.0,0.0,0.0,0.0,-100.0,-1.11,10.48,2026-02-12 14:20:50,True,Florida,
Native American Literature,2025-02-01,2.94,1.11,100.0,100.0,0.0,0.0,-62.26,-1.83,13.57,2026-02-12 14:21:17,True,Tennessee,
Nadia's Hands,2022-01-01,0.0,0.0,0.0,0.0,0.0,0.0,0.0,0.0,0.0,2026-02-12 14:21:44,True,Florida,
Names Will Never Hurt Me,2023-08-01,0.0,0.0,0.0,0.0,0.0,0.0,0.0,0.0,0.0,2026-02-12 14:22:11,True,Florida,
Naondel,2024-11-01,0.0,0.0,0.0,0.0,0.0,0.0,0.0,0.0,0.0,2026-02-12 14:22:38,True,Texas,
"Naruto, Vol. 11: Impassioned efforts",2023-08-01,0.0,1.11,0.0,100.0,0.0,0.0,inf,1.11,10.48,2026-02-12 14:23:05,True,Florida,
Mythology of the World,2023-08-01,8.39,12.08,100.0,100.0,0.0,0.0,43.97,3.69,25.11,2026-02-12 14:23:32,True,Florida,
Myths & Legends: An Illustrated Guide To Their Origins and Meanings,2025-04-01,0.0,0.0,0.0,0.0,0.0,0.0,0.0,0.0,0.0,2026-02-12 14:23:59,True,Tennessee,
Myths of the Ancient Greeks,2024-12-01,0.0,1.11,0.0,100.0,0.0,0.0,inf,1.11,10.48,2026-02-12 14:24:26,True,Texas,
"Mär: Märchen Awakens Romance (Series, Title Not Specified)",2024-11-01,0.0,1.11,0.0,100.0,0.0,0.0,inf,1.11,10.48,2026-02-12 14:24:53,True,Texas,
Double Challenge: Being LGBTQ and a Minority,2024-08-01,2.02,0.0,100.0,0.0,0.0,0.0,-100.0,-2.02,13.48,2026-02-12 14:25:20,True,Texas,
"Neon Genesis Evangelion: 2-in-1 edition, Vol. 5",2024-03-01,0.0,0.0,0.0,0.0,0.0,0.0,0.0,0.0,0.0,2026-02-12 14:25:48,True,Florida,
"Neon Genesis Evangelion: 3-in-1 edition, Vol. 4",2024-03-01,0.0,0.0,0.0,0.0,0.0,0.0,0.0,0.0,0.0,2026-02-12 14:26:15,True,Florida,
Don't You Wish,2023-08-01,53.16,48.46,100.0,100.0,0.0,0.0,-8.84,-4.7,28.13,2026-02-12 14:26:42,True,Florida,
Donatello,2025-04-01,66.48,58.73,100.0,100.0,25.0,34.0,-11.65,-7.74,13.55,2026-02-12 14:27:09,True,Tennessee,
Doomraga's Revenge,2022-10-01,0.0,1.11,0.0,100.0,0.0,0.0,inf,1.11,10.48,2026-02-12 14:27:37,True,Texas,
"Dork Diaries (Series, not volume specific)",2023-07-01,0.0,1.11,0.0,100.0,0.0,0.0,inf,1.11,10.48,2026-02-12 14:28:04,True,Florida,
Don't Say a Word,2024-06-01,10.41,4.34,100.0,100.0,0.0,0.0,-58.27,-6.07,18.05,2026-02-12 14:28:32,True,Florida,
Don't Tell the Nazis,2023-07-01,1.11,0.0,100.0,0.0,0.0,0.0,-100.0,-1.11,10.48,2026-02-12 14:28:59,True,Florida,
"Don't Toy With Me, Miss Nagatoro, Vol. 7",2025-04-01,1.11,0.0,100.0,0.0,0.0,0.0,-100.0,-1.11,10.48,2026-02-12 14:29:27,True,Tennessee,
Does the Noise in My Head Bother You? A Rock 'n' Roll Memoir,2024-06-01,0.0,0.0,0.0,0.0,0.0,0.0,0.0,0.0,0.0,2026-02-12 14:29:54,True,Florida,
"Dog Tags (Series, Title Not Specified)",2025-02-01,0.0,0.0,0.0,0.0,0.0,0.0,0.0,0.0,0.0,2026-02-12 14:30:21,True,Tennessee,
Doing It,2024-06-01,76.82,68.59,100.0,100.0,49.0,47.0,-10.72,-8.23,12.53,2026-02-12 14:30:49,True,Florida,
Don't Get Caught,2023-12-01,3.71,2.78,100.0,100.0,0.0,0.0,-25.15,-0.93,16.29,2026-02-12 14:31:16,True,Florida,
Nightbane,2024-10-01,3.79,12.4,100.0,100.0,0.0,0.0,227.27,8.61,23.27,2026-02-12 14:31:43,True,Tennessee,
Nightingale,2025-06-01,63.63,49.27,100.0,100.0,52.0,36.0,-22.58,-14.37,10.42,2026-02-12 14:32:11,True,Florida,
Nina in That Makes Me Mad,2025-01-01,0.0,0.0,0.0,0.0,0.0,0.0,0.0,0.0,0.0,2026-02-12 14:32:38,True,Texas,
Nicholas Dane,2024-06-01,1.11,1.11,100.0,100.0,0.0,0.0,0.0,0.0,10.48,2026-02-12 14:33:06,True,Iowa,
Nigeria,2023-08-01,43.38,34.81,100.0,100.0,36.0,27.0,-19.75,-8.57,9.81,2026-02-12 14:33:35,True,Florida,
Night Owl,2024-06-01,67.92,70.36,100.0,100.0,54.0,54.0,3.58,2.43,8.66,2026-02-12 14:34:02,True,Florida,
Night School,2023-08-01,48.56,51.21,100.0,100.0,25.0,23.0,5.47,2.66,14.67,2026-02-12 14:34:30,True,Florida,
Nevermore,2023-02-01,12.12,53.29,100.0,100.0,2.0,35.0,339.6,41.17,24.8,2026-02-12 14:34:56,True,Florida,
Neverwhere,2023-10-01,3.91,3.54,100.0,100.0,0.0,0.0,-9.38,-0.37,16.65,2026-02-12 14:35:24,True,Florida,
New Sudden Fiction: Short-Short Stories from America and Beyond,2024-06-01,0.0,0.0,0.0,0.0,0.0,0.0,0.0,0.0,0.0,2026-02-12 14:35:51,True,Florida,
Next Summer,2023-08-01,32.42,36.26,100.0,100.0,14.0,13.0,11.82,3.83,18.48,2026-02-12 14:36:18,True,Florida,
Netter's Anatomy Coloring Book,2025-04-01,0.0,1.11,0.0,100.0,0.0,0.0,inf,1.11,10.48,2026-02-12 14:36:46,True,Tennessee,
Nevada's Red Rock Canyon : The Story Behind the Scenery,2024-06-01,0.0,1.11,0.0,100.0,0.0,0.0,inf,1.11,10.48,2026-02-12 14:37:13,True,Florida,
Never Look Back,2023-08-01,38.54,34.53,100.0,100.0,0.0,0.0,-10.41,-4.01,35.19,2026-02-12 14:37:40,True,Florida,
Never So Green,2025-02-01,2.86,10.84,100.0,100.0,0.0,0.0,279.77,7.99,22.18,2026-02-12 14:38:07,True,Tennessee,
No Country for Old Men,2024-06-01,42.9,44.56,100.0,100.0,24.0,26.0,3.86,1.66,13.69,2026-02-12 14:38:35,True,Florida,
No Longer Human,2024-06-01,61.41,25.34,100.0,100.0,23.0,9.0,-58.73,-36.07,23.48,2026-02-12 14:39:02,True,Florida,
No More Poems!: A Book in Verse That Just Gets Worse,2023-04-01,0.0,0.0,0.0,0.0,0.0,0.0,0.0,0.0,0.0,2026-02-12 14:39:29,True,Texas,
Dishonorable Intentions,2023-08-01,0.0,0.0,0.0,0.0,0.0,0.0,0.0,0.0,0.0,2026-02-12 14:39:57,True,Florida,
Divine Evil,2024-06-01,2.19,1.11,100.0,100.0,0.0,0.0,-49.24,-1.08,12.68,2026-02-12 14:40:24,True,Florida,
Do Abstinence Programs Work?,2021-11-01,0.0,0.0,0.0,0.0,0.0,0.0,0.0,0.0,0.0,2026-02-12 14:40:50,True,Texas,
Doctor Assisted Suicide and the Euthanasia Movement,2025-02-01,0.0,0.0,0.0,0.0,0.0,0.0,0.0,0.0,0.0,2026-02-12 14:41:17,True,Tennessee,
Dionysus,2025-04-01,74.0,66.8,100.0,100.0,35.0,38.0,-9.73,-7.2,14.02,2026-02-12 14:41:45,True,Tennessee,
Discovering Art History,2024-08-01,1.11,0.0,100.0,0.0,0.0,0.0,-100.0,-1.11,10.48,2026-02-12 14:42:12,True,Virginia,
Discovery of Witches,2024-10-01,24.27,43.73,100.0,100.0,2.0,21.0,80.22,19.47,22.97,2026-02-12 14:42:39,True,Tennessee,
Disgrace,2024-06-01,27.48,65.17,100.0,100.0,14.0,0.0,137.16,37.69,24.02,2026-02-12 14:43:06,True,Florida,
No Child's Game: Reality TV 2083,2024-06-01,0.0,0.0,0.0,0.0,0.0,0.0,0.0,0.0,0.0,2026-02-12 14:43:33,True,Texas,
Dig Two Graves,2024-08-01,0.0,0.0,0.0,0.0,0.0,0.0,0.0,0.0,0.0,2026-02-12 14:44:00,True,Texas,
Dim Sum for Everyone!,2022-01-01,0.0,1.11,0.0,100.0,0.0,0.0,inf,1.11,10.48,2026-02-12 14:44:28,True,Florida,
Notes From a Former Virgin : Junior Year,2023-08-01,0.0,0.0,0.0,0.0,0.0,0.0,0.0,0.0,0.0,2026-02-12 14:44:55,True,Maine,
Notes from a Young Black Chef,2023-06-01,0.0,0.0,0.0,0.0,0.0,0.0,0.0,0.0,0.0,2026-02-12 14:45:22,True,Florida,
Nothing,2025-01-01,76.33,58.19,100.0,100.0,57.0,47.0,-23.77,-18.14,11.14,2026-02-12 14:45:50,True,Florida,
Nothing Can Keep Us Together,2024-06-01,2.17,1.11,100.0,100.0,0.0,0.0,-48.72,-1.06,12.59,2026-02-12 14:46:18,True,Iowa,
Not Here to be Liked,2024-02-01,0.0,0.0,0.0,0.0,0.0,0.0,0.0,0.0,0.0,2026-02-12 14:46:45,True,Florida,
Not That Kind of Girl,2024-06-01,6.07,2.33,100.0,100.0,0.0,0.0,-61.54,-3.73,18.68,2026-02-12 14:47:12,True,Iowa,
Not in Room 204: Breaking the Silence of Abuse,2024-08-01,0.0,1.11,0.0,100.0,0.0,0.0,inf,1.11,10.48,2026-02-12 14:47:39,True,Texas,
Noah's Ark: Words from the Book of Genesis,2023-06-01,0.0,1.11,0.0,100.0,0.0,0.0,inf,1.11,10.48,2026-02-12 14:48:06,True,Florida,
Nobody Does it Better: A Gossip Girl Novel,2025-06-01,0.0,0.0,0.0,0.0,0.0,0.0,0.0,0.0,0.0,2026-02-12 14:48:33,True,Florida,
"Noragami: Stray God (Series, Title Not Specified)",2025-06-01,0.0,1.98,0.0,100.0,0.0,0.0,inf,1.98,13.22,2026-02-12 14:49:01,True,Texas,
North American Art to 1900,2025-02-01,0.0,0.0,0.0,0.0,0.0,0.0,0.0,0.0,0.0,2026-02-12 14:49:29,True,Tennessee,
No Problem,2023-10-01,64.48,69.89,100.0,100.0,37.0,26.0,8.39,5.41,17.59,2026-02-12 14:49:57,True,Florida,
Noah and the Flood,2023-06-01,2.1,1.11,100.0,100.0,0.0,0.0,-47.09,-0.99,12.35,2026-02-12 14:50:25,True,Florida,
Noah's Ark (JW),2023-06-01,0.0,0.0,0.0,0.0,0.0,0.0,0.0,0.0,0.0,2026-02-12 14:50:52,True,Florida,
Noah's Ark: A Story from the Bible,2023-06-01,0.0,0.0,0.0,0.0,0.0,0.0,0.0,0.0,0.0,2026-02-12 14:51:19,True,Florida,
Did I Mention I Need You? (DIMILY Series),2021-11-01,0.0,1.11,0.0,100.0,0.0,0.0,inf,1.11,10.48,2026-02-12 14:51:47,True,Florida,
Noughts and Crosses,2023-08-01,2.0,1.11,100.0,100.0,0.0,0.0,-44.44,-0.89,12.01,2026-02-12 14:52:14,True,Florida,
"Novels for Students, Vol. 60",2023-06-01,0.0,0.0,0.0,0.0,0.0,0.0,0.0,0.0,0.0,2026-02-12 14:52:41,True,Florida,
"Novels for Students, Vol. 9",2022-09-01,0.0,0.0,0.0,0.0,0.0,0.0,0.0,0.0,0.0,2026-02-12 14:53:09,True,Florida,
Dexter Is Delicious,2024-06-01,0.0,0.0,0.0,0.0,0.0,0.0,0.0,0.0,0.0,2026-02-12 14:53:36,True,Florida,
Diamonds in the Shadow,2025-05-01,0.0,0.0,0.0,0.0,0.0,0.0,0.0,0.0,0.0,2026-02-12 14:54:03,True,Florida,
Diane Arbus: An Aperture Monograph,2025-04-01,0.0,0.0,0.0,0.0,0.0,0.0,0.0,0.0,0.0,2026-02-12 14:54:30,True,Tennessee,
Diary of a Confused Feminist,2025-04-01,0.0,0.0,0.0,0.0,0.0,0.0,0.0,0.0,0.0,2026-02-12 14:54:58,True,Florida,
Deserted Prisons,2023-02-01,0.0,0.0,0.0,0.0,0.0,0.0,0.0,0.0,0.0,2026-02-12 14:55:25,True,Wisconsin,
Destined (House of Night Series),2021-11-01,,,,,,,,,,2026-02-12 15:01:42,False,Florida,"HTTPSConnectionPool(host='trends.google.com', port=443): Max retries exceeded with url: /trends/api/"
Detour for Emmy,2021-12-01,,,,,,,,,,2026-02-12 15:04:00,False,Texas,"HTTPSConnectionPool(host='trends.google.com', port=443): Max retries exceeded with url: /trends/api/"
Devil in the Device,2024-06-01,1.11,0.0,100.0,0.0,0.0,0.0,-100.0,-1.11,10.48,2026-02-12 15:21:28,True,Texas,
Notorious,2024-06-01,59.73,52.57,100.0,100.0,46.0,41.0,-12.0,-7.17,9.06,2026-02-12 15:23:38,True,Iowa,
"Demon Slayer: Kimetsu No Yaiba (Series, Title Not Specified)",2024-06-01,0.0,1.11,0.0,100.0,0.0,0.0,inf,1.11,10.48,2026-02-12 15:24:05,True,Texas,
Demons and Druids,2024-06-01,0.0,0.0,0.0,0.0,0.0,0.0,0.0,0.0,0.0,2026-02-12 15:24:32,True,Texas,
Deep Water,2024-08-01,33.93,56.66,100.0,100.0,26.0,44.0,66.96,22.72,14.76,2026-02-12 15:24:58,True,Florida,
Defining Sexual Consent: Where the Law Falls Short,2023-10-01,1.11,1.11,100.0,100.0,0.0,0.0,0.0,0.0,10.48,2026-02-12 15:25:25,True,Kentucky,
Degas,2025-04-01,41.47,15.5,100.0,100.0,18.0,8.0,-62.62,-25.97,17.05,2026-02-12 15:25:52,True,Tennessee,
Degas: The Dance Class,2022-09-01,0.0,0.0,0.0,0.0,0.0,0.0,0.0,0.0,0.0,2026-02-12 15:26:19,True,Missouri,
"Death Note (Series, Title Not Specified)",2024-06-01,0.0,0.0,0.0,0.0,0.0,0.0,0.0,0.0,0.0,2026-02-12 15:26:46,True,Texas,
"Death Note: L, Change the WorLd",2024-09-01,0.0,0.0,0.0,0.0,0.0,0.0,0.0,0.0,0.0,2026-02-12 15:27:12,True,Texas,
Death's Shadow,2024-09-01,0.0,0.0,0.0,0.0,0.0,0.0,0.0,0.0,0.0,2026-02-12 15:27:39,True,Texas,
Deep Dark Blue: A Memoir of Survival,2023-10-01,0.0,0.0,0.0,0.0,0.0,0.0,0.0,0.0,0.0,2026-02-12 15:28:05,True,Iowa,
Obasan,2023-08-01,0.0,1.11,0.0,100.0,0.0,0.0,inf,1.11,10.48,2026-02-12 15:28:31,True,Florida,
October Mourning: A Song for Matthew Shepard,2021-12-01,0.0,0.0,0.0,0.0,0.0,0.0,0.0,0.0,0.0,2026-02-12 15:28:58,True,Texas,
Odds Are Good: An Oddly Enough and Odder Than Ever Omnibus,2024-08-01,1.11,0.0,100.0,0.0,0.0,0.0,-100.0,-1.11,10.48,2026-02-12 15:29:25,True,Florida,
Of Poseidon,2023-11-01,61.77,55.56,100.0,100.0,30.0,15.0,-10.06,-6.21,19.38,2026-02-12 15:29:52,True,Wisconsin,
Now Sheba Sings the Song,2023-08-01,0.0,0.0,0.0,0.0,0.0,0.0,0.0,0.0,0.0,2026-02-12 15:30:18,True,Florida,
Nowhere But Here,2024-10-01,1.11,0.0,100.0,0.0,0.0,0.0,-100.0,-1.11,10.48,2026-02-12 15:30:45,True,Tennessee,
Nya's Long Walk: A Step at a Time,2022-01-01,0.0,0.0,0.0,0.0,0.0,0.0,0.0,0.0,0.0,2026-02-12 15:31:11,True,Florida,
"ONE PIECE (Series, Title Not Specified)",2025-01-01,0.0,0.0,0.0,0.0,0.0,0.0,0.0,0.0,0.0,2026-02-12 15:31:37,True,Texas,
Online Pornography,2023-10-01,0.0,1.11,0.0,100.0,0.0,0.0,inf,1.11,10.48,2026-02-12 15:32:04,True,Iowa,
Only A Breath Apart,2024-10-01,0.0,1.11,0.0,100.0,0.0,0.0,inf,1.11,10.48,2026-02-12 15:32:30,True,Tennessee,
Only Pieces,2024-08-01,38.03,51.26,100.0,100.0,0.0,0.0,34.76,13.22,28.04,2026-02-12 15:32:57,True,Texas,
Operatic,2023-10-01,8.72,9.12,100.0,100.0,0.0,0.0,4.59,0.4,23.84,2026-02-12 15:33:23,True,Kentucky,
Once & Future,2022-02-01,0.0,0.0,0.0,0.0,0.0,0.0,0.0,0.0,0.0,2026-02-12 15:33:49,True,Tennessee,
One Dark Throne,2023-08-01,1.88,0.0,100.0,0.0,0.0,0.0,-100.0,-1.88,12.67,2026-02-12 15:34:16,True,Florida,
"One Nation Under Taught: Solving America's Science, Technology, Engineering and Math Crisis",2024-06-01,1.11,1.11,100.0,100.0,0.0,0.0,0.0,0.0,10.48,2026-02-12 15:34:44,True,Florida,
One Trick Pony,2023-08-01,0.0,3.87,0.0,100.0,0.0,0.0,inf,3.87,18.03,2026-02-12 15:35:11,True,Florida,
On Mother's Lap,2022-01-01,0.0,0.0,0.0,0.0,0.0,0.0,0.0,0.0,0.0,2026-02-12 15:35:38,True,Florida,
On The Come Up (TH),2024-06-01,0.0,0.0,0.0,0.0,0.0,0.0,0.0,0.0,0.0,2026-02-12 15:36:05,True,Florida,
On a Sunbeam (On a Sunbeam Series),2022-02-01,0.0,0.0,0.0,0.0,0.0,0.0,0.0,0.0,0.0,2026-02-12 15:36:32,True,Tennessee,
On the Other Side of Freedom: The Case for Hope,2022-02-01,0.0,0.0,0.0,0.0,0.0,0.0,0.0,0.0,0.0,2026-02-12 15:36:58,True,Tennessee,
Demian: The Story of Emil Sinclair's Youth,2024-06-01,0.0,0.0,0.0,0.0,0.0,0.0,0.0,0.0,0.0,2026-02-12 15:37:25,True,Florida,
Olive's Ocean,2024-03-01,0.0,0.0,0.0,0.0,0.0,0.0,0.0,0.0,0.0,2026-02-12 15:37:53,True,Florida,
"Olympians (Series, not volume specific)",2023-07-01,1.11,0.0,100.0,0.0,0.0,0.0,-100.0,-1.11,10.48,2026-02-12 15:38:20,True,Florida,
On Chesil Beach,2024-06-01,2.58,1.11,100.0,100.0,0.0,0.0,-56.9,-1.47,12.5,2026-02-12 15:38:47,True,Florida,
Dealing with Teen Pregnancy,2024-09-01,0.0,0.0,0.0,0.0,0.0,0.0,0.0,0.0,0.0,2026-02-12 15:39:14,True,Texas,
Dear Edward,2023-06-01,19.74,35.51,100.0,100.0,0.0,0.0,79.85,15.77,25.77,2026-02-12 15:39:40,True,Florida,
Orchard Valley Grooms,2024-06-01,1.11,0.0,100.0,0.0,0.0,0.0,-100.0,-1.11,10.48,2026-02-12 15:40:07,True,Florida,
Ordinary Girl,2024-06-01,13.14,8.52,100.0,100.0,0.0,0.0,-35.16,-4.62,27.92,2026-02-12 15:40:33,True,Iowa,
Deadly Design,2023-08-01,1.11,1.11,100.0,100.0,0.0,0.0,0.0,0.0,10.48,2026-02-12 15:40:59,True,Florida,
Deadly Little Scandals,2024-09-01,0.0,0.0,0.0,0.0,0.0,0.0,0.0,0.0,0.0,2026-02-12 15:41:26,True,Texas,
Dealing With Dating and Romance,2024-06-01,0.0,2.07,0.0,100.0,0.0,0.0,inf,2.07,13.75,2026-02-12 15:41:52,True,Texas,
Dealing with Dragons,2024-01-01,1.11,0.0,100.0,0.0,0.0,0.0,-100.0,-1.11,10.48,2026-02-12 15:42:18,True,Florida,
Dead City,2023-08-01,21.36,55.71,100.0,100.0,6.0,39.0,160.87,34.36,21.67,2026-02-12 15:42:45,True,Florida,
Dead Little Mean Girl,2023-08-01,0.0,0.0,0.0,0.0,0.0,0.0,0.0,0.0,0.0,2026-02-12 15:43:11,True,Florida,
Deadfall,2023-08-01,7.24,37.41,100.0,100.0,0.0,0.0,416.41,30.17,31.56,2026-02-12 15:43:38,True,Florida,
Ophelia Speaks: Adolescent Girls Write About Their Search for Self,2023-08-01,0.0,0.0,0.0,0.0,0.0,0.0,0.0,0.0,0.0,2026-02-12 15:44:04,True,Florida,
Oprah Winfrey: The Real Story,2023-08-01,0.0,1.11,0.0,100.0,0.0,0.0,inf,1.11,10.48,2026-02-12 15:44:30,True,Florida,
Orange Is The New Black: My Year In A Women's Prison,2024-06-01,1.11,0.0,100.0,0.0,0.0,0.0,-100.0,-1.11,10.48,2026-02-12 15:44:57,True,Florida,
David and the Giant,2023-06-01,1.11,1.11,100.0,100.0,0.0,0.0,0.0,0.0,10.48,2026-02-12 15:45:23,True,Florida,
Over and Out,2024-08-01,51.83,57.21,100.0,100.0,28.0,22.0,10.38,5.38,19.38,2026-02-12 15:45:50,True,Florida,
Overexposed,2025-01-01,13.37,10.39,100.0,100.0,0.0,0.0,-22.28,-2.98,28.1,2026-02-12 15:46:16,True,Texas,
Pablo,2023-10-01,87.04,59.04,100.0,100.0,71.0,47.0,-32.17,-28.0,15.5,2026-02-12 15:46:44,True,Iowa,
"Pablo Picasso, A Retrospective",2025-04-01,2.14,0.0,100.0,0.0,0.0,0.0,-100.0,-2.14,14.23,2026-02-12 15:47:10,True,Tennessee,
Out of Time,2024-06-01,62.64,65.37,100.0,100.0,36.0,44.0,4.35,2.72,12.37,2026-02-12 15:47:37,True,Iowa,
Out!: How to be Your Authentic Self,2024-08-01,0.0,0.0,0.0,0.0,0.0,0.0,0.0,0.0,0.0,2026-02-12 15:48:04,True,Texas,
Outlaw Girl of Sherwood Forest,2024-08-01,0.0,0.0,0.0,0.0,0.0,0.0,0.0,0.0,0.0,2026-02-12 15:48:30,True,Florida,
Outside Beauty,2025-01-01,5.08,6.97,100.0,100.0,0.0,0.0,37.2,1.89,22.6,2026-02-12 15:48:56,True,Texas,
Our Hearts Will Burn Us Down,2025-02-01,0.0,1.11,0.0,100.0,0.0,0.0,inf,1.11,10.48,2026-02-12 15:49:23,True,Tennessee,
"Ouran High School Host Club (Series, Title Not Specified)",2024-06-01,0.0,0.0,0.0,0.0,0.0,0.0,0.0,0.0,0.0,2026-02-12 15:49:49,True,Texas,
Out of My Mind,2025-01-01,25.02,73.4,100.0,100.0,6.0,49.0,193.34,48.38,29.2,2026-02-12 15:50:16,True,Texas,
Original Fake,2022-11-01,29.7,34.41,100.0,100.0,0.0,0.0,15.86,4.71,30.26,2026-02-12 15:50:43,True,Texas,
Orphea Proud,2021-12-01,0.0,0.0,0.0,0.0,0.0,0.0,0.0,0.0,0.0,2026-02-12 15:51:09,True,Texas,
Other Words for Home,2022-01-01,6.66,18.5,100.0,100.0,0.0,0.0,177.96,11.84,28.11,2026-02-12 15:51:35,True,Florida,
Our Chemical Hearts,2024-10-01,1.11,0.0,100.0,0.0,0.0,0.0,-100.0,-1.11,10.48,2026-02-12 15:52:02,True,Tennessee,
Patina,2023-08-01,73.7,74.21,100.0,100.0,54.0,53.0,0.69,0.51,8.49,2026-02-12 15:52:28,True,Florida,
Paul Cézanne,2025-04-01,1.11,0.0,100.0,0.0,0.0,0.0,-100.0,-1.11,10.48,2026-02-12 15:52:54,True,Tennessee,
Paul McCartney: The Life,2023-08-01,0.0,1.11,0.0,100.0,0.0,0.0,inf,1.11,10.48,2026-02-12 15:53:21,True,Florida,
Parrotfish,2021-12-01,5.81,11.31,100.0,100.0,0.0,0.0,94.65,5.5,25.19,2026-02-12 15:53:47,True,Texas,
Party,2024-06-01,86.11,66.08,100.0,100.0,70.0,56.0,-23.26,-20.03,11.88,2026-02-12 15:54:14,True,Florida,
Paso a Paso,2024-06-01,72.16,62.48,100.0,100.0,54.0,53.0,-13.41,-9.68,8.07,2026-02-12 15:54:41,True,Florida,
Pastwatch: The Redemption of Christopher Columbus,2023-08-01,0.0,0.0,0.0,0.0,0.0,0.0,0.0,0.0,0.0,2026-02-12 15:55:08,True,Florida,
Parables: Stories Jesus Told,2023-06-01,0.0,1.96,0.0,100.0,0.0,0.0,inf,1.96,13.09,2026-02-12 15:55:34,True,Florida,
Paradise,2023-12-01,57.53,54.63,100.0,100.0,44.0,44.0,-5.04,-2.9,8.86,2026-02-12 15:56:02,True,Florida,
"Paragons and Paragone: Van Eyck, Raphael, Michelangelo, Caravaggio, Bernini",2025-01-01,0.0,1.11,0.0,100.0,0.0,0.0,inf,1.11,10.48,2026-02-12 15:56:28,True,Texas,
Parenthesis,2022-09-01,48.67,65.8,100.0,100.0,0.0,23.0,35.21,17.13,22.67,2026-02-12 15:56:54,True,Missouri,
Paladins,2025-01-01,55.1,37.29,100.0,100.0,31.0,21.0,-32.33,-17.81,14.8,2026-02-12 15:57:21,True,Texas,
"Pandora Hearts (Series, Title Not Specified)",2025-01-01,0.0,0.0,0.0,0.0,0.0,0.0,0.0,0.0,0.0,2026-02-12 15:57:47,True,Texas,
Paper Dollhouse: A Memoir,2024-06-01,0.0,1.11,0.0,100.0,0.0,0.0,inf,1.11,10.48,2026-02-12 15:58:13,True,Florida,
Paper Palace,2024-10-01,14.89,6.34,100.0,100.0,0.0,0.0,-57.39,-8.54,25.42,2026-02-12 15:58:40,True,Tennessee,
David and Goliath (CS),2023-06-01,0.0,0.0,0.0,0.0,0.0,0.0,0.0,0.0,0.0,2026-02-12 15:59:06,True,Florida,
David and Goliath (MA),2023-06-01,0.0,1.11,0.0,100.0,0.0,0.0,inf,1.11,10.48,2026-02-12 15:59:33,True,Florida,
Pedro & Daniel,2024-08-01,1.11,0.0,100.0,0.0,0.0,0.0,-100.0,-1.11,10.48,2026-02-12 15:59:59,True,Texas,
Datos geniales sobre béisbol/Cool Baseball Facts,2024-06-01,0.0,0.0,0.0,0.0,0.0,0.0,0.0,0.0,0.0,2026-02-12 16:00:26,True,Texas,
Daughter of the Forest,2023-11-01,1.11,1.11,100.0,100.0,0.0,0.0,0.0,0.0,10.48,2026-02-12 16:00:52,True,Wisconsin,
Daughter of the Siren Queen,2025-03-01,0.0,0.0,0.0,0.0,0.0,0.0,0.0,0.0,0.0,2026-02-12 16:01:18,True,Florida,
David & Della,2025-02-01,0.0,1.11,0.0,100.0,0.0,0.0,inf,1.11,10.48,2026-02-12 16:01:44,True,Tennessee,
Date Rape: A Hot Issue,2023-08-01,0.0,0.0,0.0,0.0,0.0,0.0,0.0,0.0,0.0,2026-02-12 16:02:10,True,Florida,
Date Violence (Life Balance),2022-03-01,0.0,0.0,0.0,0.0,0.0,0.0,0.0,0.0,0.0,2026-02-12 16:02:37,True,Texas,
Dateable: Are You? Are They?,2022-10-01,0.0,2.17,0.0,100.0,0.0,0.0,inf,2.17,14.38,2026-02-12 16:03:03,True,Texas,
Dating Violence: True Stories of Hurt and Hope,2023-08-01,0.0,0.0,0.0,0.0,0.0,0.0,0.0,0.0,0.0,2026-02-12 16:03:30,True,Florida,
Pay It Forward (Young Readers Edition),2024-08-01,0.0,0.0,0.0,0.0,0.0,0.0,0.0,0.0,0.0,2026-02-12 16:03:56,True,Florida,
Darkthaw,2023-08-01,1.11,0.0,100.0,0.0,0.0,0.0,-100.0,-1.11,10.48,2026-02-12 16:04:22,True,Florida,
Dash (Dogs of World War II Series),2022-01-01,0.0,0.0,0.0,0.0,0.0,0.0,0.0,0.0,0.0,2026-02-12 16:04:48,True,Florida,
Date Rape (At Issue),2022-10-01,0.0,2.13,0.0,100.0,0.0,0.0,inf,2.13,14.16,2026-02-12 16:05:15,True,Florida,
Physician-Assisted Suicide,2025-02-01,2.12,0.0,100.0,0.0,0.0,0.0,-100.0,-2.12,14.09,2026-02-12 16:05:41,True,Tennessee,
Picture Perfect,2023-02-01,37.14,62.02,100.0,100.0,21.0,29.0,66.98,24.88,16.88,2026-02-12 16:06:08,True,Florida,
Pieces of a Girl,2024-06-01,2.03,1.11,100.0,100.0,0.0,0.0,-45.36,-0.92,12.12,2026-02-12 16:06:35,True,Texas,
Persecution and Emigration,2025-02-01,1.11,2.02,100.0,100.0,0.0,0.0,82.0,0.91,12.08,2026-02-12 16:07:02,True,Tennessee,
Phantoms,2023-08-01,49.46,47.32,100.0,100.0,33.0,28.0,-4.31,-2.13,12.56,2026-02-12 16:07:29,True,Florida,
Phoebe and Her Unicorn,2024-04-01,1.11,3.08,100.0,100.0,0.0,0.0,177.0,1.97,13.92,2026-02-12 16:07:55,True,Florida,
Photocraft,2025-02-01,0.0,0.0,0.0,0.0,0.0,0.0,0.0,0.0,0.0,2026-02-12 16:08:22,True,Tennessee,
Percy Jackson y los dioses griegos,2025-01-01,0.0,1.11,0.0,100.0,0.0,0.0,inf,1.11,10.48,2026-02-12 16:08:48,True,Texas,
Perfect Fifths,2024-06-01,0.0,0.0,0.0,0.0,0.0,0.0,0.0,0.0,0.0,2026-02-12 16:09:15,True,Florida,
Perfidia,2024-06-01,1.11,0.0,100.0,0.0,0.0,0.0,-100.0,-1.11,10.48,2026-02-12 16:09:41,True,Florida,
Perpetual Check,2024-06-01,0.0,1.11,0.0,100.0,0.0,0.0,inf,1.11,10.48,2026-02-12 16:10:07,True,Texas,
Peeps,2025-01-01,48.3,44.06,100.0,100.0,27.0,16.0,-8.79,-4.24,17.62,2026-02-12 16:10:34,True,Texas,
Peony in Love,2024-06-01,0.0,0.0,0.0,0.0,0.0,0.0,0.0,0.0,0.0,2026-02-12 16:11:00,True,Florida,
Pepper's Rules for Secret Sleuthing,2024-06-01,1.11,0.0,100.0,0.0,0.0,0.0,-100.0,-1.11,10.48,2026-02-12 16:11:26,True,Iowa,
Dark Rivers of the Heart,2023-08-01,0.0,1.11,0.0,100.0,0.0,0.0,inf,1.11,10.48,2026-02-12 16:11:53,True,Florida,
Dark and Deepest Red,2022-02-01,0.0,1.11,0.0,100.0,0.0,0.0,inf,1.11,10.48,2026-02-12 16:12:19,True,Tennessee,
Pink!,2022-01-01,82.84,82.21,100.0,100.0,68.0,65.0,-0.76,-0.63,7.18,2026-02-12 16:12:46,True,Florida,
Piper Perish,2023-08-01,0.0,1.11,0.0,100.0,0.0,0.0,inf,1.11,10.48,2026-02-12 16:13:13,True,Florida,
Darfur: African Genocide,2025-02-01,0.0,0.0,0.0,0.0,0.0,0.0,0.0,0.0,0.0,2026-02-12 16:13:39,True,Tennessee,
Darius the Great Is Not Okay (Darius the Great Series),2022-02-01,0.0,1.11,0.0,100.0,0.0,0.0,inf,1.11,10.48,2026-02-12 16:14:06,True,Tennessee,
Dark Days,2023-08-01,71.29,66.08,100.0,100.0,42.0,41.0,-7.31,-5.21,11.38,2026-02-12 16:14:32,True,Florida,
Dark Life,2023-07-01,67.14,65.47,100.0,100.0,45.0,44.0,-2.5,-1.68,11.99,2026-02-12 16:14:59,True,Florida,
Dance of Shadows,2024-09-01,0.0,1.11,0.0,100.0,0.0,0.0,inf,1.11,10.48,2026-02-12 16:15:25,True,Texas,
Dancing at the Pity Party: A Dead Mom Graphic Memoir,2024-01-01,1.11,0.0,100.0,0.0,0.0,0.0,-100.0,-1.11,10.48,2026-02-12 16:15:53,True,Florida,
Dangerous Play,2023-08-01,37.3,39.51,100.0,100.0,0.0,0.0,5.93,2.21,28.11,2026-02-12 16:16:20,True,Georgia,
Daniel Boone,2023-08-01,15.59,66.44,100.0,100.0,9.0,44.0,326.23,50.86,27.51,2026-02-12 16:16:46,True,Florida,
Pierce Brown's Red Rising: Sons of Ares - An Original Graphic Novel,2022-09-01,0.0,0.0,0.0,0.0,0.0,0.0,0.0,0.0,0.0,2026-02-12 16:17:13,True,Missouri,
Pigs,2023-12-01,66.64,41.72,100.0,100.0,56.0,34.0,-37.4,-24.92,14.67,2026-02-12 16:17:40,True,Florida,
Pillage,2022-10-01,35.31,24.58,100.0,100.0,0.0,0.0,-30.4,-10.73,24.9,2026-02-12 16:18:06,True,Texas,
Damned,2024-05-01,74.2,56.56,100.0,100.0,51.0,42.0,-23.78,-17.64,12.96,2026-02-12 16:18:33,True,Texas,
Point Blank,2022-10-01,76.38,47.52,100.0,100.0,58.0,30.0,-37.78,-28.86,16.94,2026-02-12 16:19:00,True,Texas,
Poisoned,2022-11-01,68.91,74.84,100.0,100.0,47.0,55.0,8.61,5.93,9.86,2026-02-12 16:19:26,True,Texas,
"Pokémon: Sun & Moon (Series, Title Not Specified)",2025-01-01,1.11,0.0,100.0,0.0,0.0,0.0,-100.0,-1.11,10.48,2026-02-12 16:19:53,True,Texas,
Polyamorous,2024-08-01,43.14,65.96,100.0,100.0,29.0,51.0,52.87,22.81,14.63,2026-02-12 16:20:20,True,Texas,
Pleading Guilty,2024-06-01,10.21,7.22,100.0,100.0,0.0,0.0,-29.27,-2.99,25.54,2026-02-12 16:20:47,True,Florida,
Plenty of Hugs,2023-07-01,0.0,0.0,0.0,0.0,0.0,0.0,0.0,0.0,0.0,2026-02-12 16:21:13,True,Florida,
Plum Lovin,2024-06-01,2.22,0.0,100.0,0.0,0.0,0.0,-100.0,-2.22,14.74,2026-02-12 16:21:40,True,Iowa,
Plum Spooky,2024-06-01,0.0,0.0,0.0,0.0,0.0,0.0,0.0,0.0,0.0,2026-02-12 16:22:06,True,Iowa,
Planning Perfect,2024-08-01,1.11,5.18,100.0,100.0,0.0,0.0,366.0,4.07,16.95,2026-02-12 16:22:33,True,Texas,
Player Piano,2023-08-01,65.3,68.29,100.0,100.0,35.0,45.0,4.58,2.99,12.7,2026-02-12 16:23:00,True,Maine,
Playing by the Rules,2023-10-01,3.04,4.48,100.0,100.0,0.0,0.0,47.08,1.43,16.95,2026-02-12 16:23:27,True,Iowa,
Pirate: Discover the Pirates Who Terrorized the Seas from the Mediterranean to the Caribbean,2025-02-01,0.0,0.0,0.0,0.0,0.0,0.0,0.0,0.0,0.0,2026-02-12 16:23:53,True,Tennessee,
Plague Land No Escape,2024-10-01,0.0,1.11,0.0,100.0,0.0,0.0,inf,1.11,10.48,2026-02-12 16:24:20,True,Tennessee,
Plague in the Mirror,2023-12-01,0.0,0.0,0.0,0.0,0.0,0.0,0.0,0.0,0.0,2026-02-12 16:24:47,True,Florida,
Prince of Persia,2024-06-01,57.17,53.91,100.0,100.0,29.0,31.0,-5.69,-3.26,14.96,2026-02-12 16:25:13,True,Missouri,
Princess Lessons,2025-04-01,5.9,2.2,100.0,100.0,0.0,0.0,-62.71,-3.7,15.88,2026-02-12 16:25:40,True,Florida,
Princess Princess Ever After,2022-01-01,0.0,0.0,0.0,0.0,0.0,0.0,0.0,0.0,0.0,2026-02-12 16:26:06,True,Texas,
Princess in Training,2023-08-01,0.0,2.07,0.0,100.0,0.0,0.0,inf,2.07,13.75,2026-02-12 16:26:33,True,Florida,
Pretty Woman,2023-12-01,55.62,48.69,100.0,100.0,38.0,33.0,-12.47,-6.93,12.56,2026-02-12 16:26:59,True,Florida,
Pride of Lions,2023-08-01,3.96,15.9,100.0,100.0,0.0,0.0,301.97,11.94,21.3,2026-02-12 16:27:26,True,Florida,
Pride: The LGBTQ+ Rights Movement: A Photographic Journey,2024-08-01,8.42,1.96,100.0,100.0,0.0,0.0,-76.78,-6.47,19.88,2026-02-12 16:27:52,True,Texas,
Primary Colors: A Novel of Politics,2024-06-01,1.11,0.0,100.0,0.0,0.0,0.0,-100.0,-1.11,10.48,2026-02-12 16:28:18,True,Florida,
Prague,2024-06-01,54.4,89.66,100.0,100.0,44.0,78.0,64.81,35.26,18.77,2026-02-12 16:28:45,True,Florida,
Prep,2023-12-01,84.32,81.8,100.0,100.0,61.0,58.0,-2.99,-2.52,7.98,2026-02-12 16:29:12,True,Florida,
Pretty,2025-01-01,85.16,84.08,100.0,100.0,54.0,71.0,-1.27,-1.08,6.99,2026-02-12 16:29:39,True,Texas,
Pretty Lies: A Contemporary YA Romance,2023-10-01,0.0,1.11,0.0,100.0,0.0,0.0,inf,1.11,10.48,2026-02-12 16:30:05,True,Iowa,
"Portrait of a Monster: Joran van der Sloot, A Murder in Peru, and the Natalee Holloway Mystery",2023-08-01,0.0,0.0,0.0,0.0,0.0,0.0,0.0,0.0,0.0,2026-02-12 16:30:32,True,Maine,
Poseidon (BAH),2025-04-01,1.11,0.0,100.0,0.0,0.0,0.0,-100.0,-1.11,10.48,2026-02-12 16:30:58,True,Tennessee,
Postmortem: A Mystery Introducing Dr. Kay Scarpetta,2024-06-01,0.0,0.0,0.0,0.0,0.0,0.0,0.0,0.0,0.0,2026-02-12 16:31:24,True,Florida,
Practical Magic,2023-11-01,38.22,37.63,100.0,100.0,10.0,14.0,-1.54,-0.59,20.85,2026-02-12 16:31:52,True,Texas,
Damage,2024-06-01,41.97,71.68,100.0,100.0,32.0,59.0,70.8,29.71,16.96,2026-02-12 16:32:19,True,Iowa,
Prodigal Summer,2024-06-01,1.11,1.11,100.0,100.0,0.0,0.0,0.0,0.0,10.48,2026-02-12 16:32:45,True,Florida,
Project Hail Mary,2024-08-01,48.76,45.26,100.0,100.0,27.0,26.0,-7.18,-3.5,12.58,2026-02-12 16:33:12,True,Virginia,
Project Nought,2024-08-01,0.0,0.0,0.0,0.0,0.0,0.0,0.0,0.0,0.0,2026-02-12 16:33:38,True,Texas,
D. Gray-Man,2023-03-01,0.0,0.0,0.0,0.0,0.0,0.0,0.0,0.0,0.0,2026-02-12 16:34:05,True,Texas,
Daddy's Little Girl,2023-10-01,38.74,26.36,100.0,100.0,0.0,0.0,-31.98,-12.39,27.27,2026-02-12 16:34:31,True,Florida,
Daddy: A Novel,2023-03-01,0.0,0.0,0.0,0.0,0.0,0.0,0.0,0.0,0.0,2026-02-12 16:34:57,True,Florida,
Cupid's Revenge,2025-02-01,0.0,0.0,0.0,0.0,0.0,0.0,0.0,0.0,0.0,2026-02-12 16:35:24,True,Florida,
Cursed (JLA),2023-08-01,1.11,0.0,100.0,0.0,0.0,0.0,-100.0,-1.11,10.48,2026-02-12 16:35:50,True,Florida,
Cyclops,2025-02-01,72.69,62.59,100.0,100.0,51.0,50.0,-13.89,-10.1,10.17,2026-02-12 16:43:58,True,Tennessee,
Pritty,2024-08-01,,,,,,,,,,2026-02-12 16:48:52,False,Texas,"HTTPSConnectionPool(host='trends.google.com', port=443): Max retries exceeded with url: /trends/api/"
Cuban Kids,2023-03-01,4.94,4.57,100.0,100.0,0.0,0.0,-7.64,-0.38,18.92,2026-02-12 16:50:15,True,Florida,
Cultural Atlas of Africa,2023-08-01,0.0,0.0,0.0,0.0,0.0,0.0,0.0,0.0,0.0,2026-02-12 16:50:41,True,Florida,
Queen of Babble,2023-08-01,0.0,1.11,0.0,100.0,0.0,0.0,inf,1.11,10.48,2026-02-12 16:51:07,True,Florida,
Queen of the Sea,2022-09-01,3.86,6.0,100.0,100.0,0.0,0.0,55.62,2.14,15.84,2026-02-12 16:51:34,True,Missouri,
Queer As All Get Out: 10 People Who've Inspired Me,2024-08-01,1.11,0.0,100.0,0.0,0.0,0.0,-100.0,-1.11,10.48,2026-02-12 16:52:00,True,Texas,
Queer Heroes: Meet 53 LGBTQ Heroes from Past and Present,2024-08-01,0.0,0.0,0.0,0.0,0.0,0.0,0.0,0.0,0.0,2026-02-12 16:52:27,True,Texas,
Purge,2024-06-01,75.77,84.4,100.0,100.0,64.0,75.0,11.39,8.63,7.06,2026-02-12 16:52:54,True,Iowa,
Putting Makeup on the Fat Boy,2021-12-01,0.0,0.0,0.0,0.0,0.0,0.0,0.0,0.0,0.0,2026-02-12 16:53:21,True,Texas,
Quackery: A Brief History of the Worst Ways to Cure Everything,2022-11-01,1.11,1.11,100.0,100.0,0.0,0.0,0.0,0.0,10.48,2026-02-12 16:53:47,True,Missouri,
Proud: Living My American Dream (Young Readers Edition),2022-01-01,0.0,0.0,0.0,0.0,0.0,0.0,0.0,0.0,0.0,2026-02-12 16:54:13,True,Florida,
Psalms and Proverbs,2023-06-01,3.02,1.11,100.0,100.0,0.0,0.0,-63.24,-1.91,13.76,2026-02-12 16:54:40,True,Florida,
"Psyren (Series, Title Not Specified)",2025-01-01,0.0,0.0,0.0,0.0,0.0,0.0,0.0,0.0,0.0,2026-02-12 16:55:06,True,Texas,
Pulp,2022-02-01,73.56,52.81,100.0,100.0,59.0,40.0,-28.2,-20.74,13.15,2026-02-12 16:55:33,True,Tennessee,
Project Princess,2025-04-01,3.87,5.16,100.0,100.0,0.0,0.0,33.33,1.29,19.76,2026-02-12 16:56:00,True,Florida,
Prometheus Bound,2024-06-01,1.98,1.11,100.0,100.0,0.0,0.0,-43.82,-0.87,11.94,2026-02-12 16:56:26,True,Florida,
Protesting Police Violence in Modern America,2022-07-01,0.0,0.0,0.0,0.0,0.0,0.0,0.0,0.0,0.0,2026-02-12 16:56:53,True,Florida,
Cross,2023-08-01,91.18,88.1,100.0,100.0,79.0,73.0,-3.38,-3.08,5.92,2026-02-12 16:57:21,True,Florida,
Cross My Heart (Cross My Heart Series),2021-11-01,0.0,0.0,0.0,0.0,0.0,0.0,0.0,0.0,0.0,2026-02-12 16:57:47,True,Florida,
Crossings,2023-03-01,77.39,69.5,100.0,100.0,65.0,56.0,-10.19,-7.89,8.24,2026-02-12 16:58:13,True,Florida,
Cruel Beauty,2023-08-01,0.0,0.0,0.0,0.0,0.0,0.0,0.0,0.0,0.0,2026-02-12 16:58:40,True,Florida,
"Crimes of Gender: Violence Against Women (Title only, no further information)",2025-02-01,0.0,0.0,0.0,0.0,0.0,0.0,0.0,0.0,0.0,2026-02-12 16:59:07,True,Tennessee,
Crisis in Black and White,2025-02-01,0.0,1.11,0.0,100.0,0.0,0.0,inf,1.11,10.48,2026-02-12 16:59:34,True,Tennessee,
Critical Perspectives on Sexual Harassment and Gender Violence,2024-06-01,0.0,2.22,0.0,100.0,0.0,0.0,inf,2.22,14.74,2026-02-12 17:00:00,True,Texas,
Crooked Kingdom: A Sequel to Six of Crows,2023-08-01,0.0,1.11,0.0,100.0,0.0,0.0,inf,1.11,10.48,2026-02-12 17:00:27,True,Florida,
Rabbit Chase,2024-08-01,1.11,1.11,100.0,100.0,0.0,0.0,0.0,0.0,10.48,2026-02-12 17:00:53,True,Texas,
Crewel,2023-08-01,13.98,16.37,100.0,100.0,0.0,0.0,17.09,2.39,27.9,2026-02-12 17:01:21,True,Florida,
Crime and Detection: History and Methods of Torture,2023-08-01,0.0,0.0,0.0,0.0,0.0,0.0,0.0,0.0,0.0,2026-02-12 17:01:48,True,Florida,
Crimes Against Children: Child Abuse and Neglect,2025-02-01,0.0,1.11,0.0,100.0,0.0,0.0,inf,1.11,10.48,2026-02-12 17:02:15,True,Tennessee,
Queerfully and Wonderfully Made: A Guide for LGBTQ+ Christian Teens,2025-02-01,16.19,10.99,100.0,100.0,0.0,0.0,-32.12,-5.2,25.72,2026-02-12 17:02:42,True,Tennessee,
Queso: Regional Recipes for the World's Favorite Chile-Cheese Dip,2025-01-01,0.0,0.0,0.0,0.0,0.0,0.0,0.0,0.0,0.0,2026-02-12 17:03:08,True,Texas,
Quicksilver,2023-08-01,82.3,74.47,100.0,100.0,65.0,59.0,-9.52,-7.83,9.43,2026-02-12 17:03:36,True,Florida,
"RIPPED-APART Understanding, Coping and Living with Gender Dysphoria",2022-02-01,1.11,0.0,100.0,0.0,0.0,0.0,-100.0,-1.11,10.48,2026-02-12 17:04:02,True,Tennessee,
Rape and Sexual Assault: Healing and Recovery,2023-10-01,0.0,0.0,0.0,0.0,0.0,0.0,0.0,0.0,0.0,2026-02-12 17:04:29,True,Iowa,
"Raphael: His Life, Works, and Times",2022-09-01,0.0,0.0,0.0,0.0,0.0,0.0,0.0,0.0,0.0,2026-02-12 17:04:56,True,Missouri,
Rapture Practice: A True Story About Growing Up Gay in an Evangelical Family,2022-02-01,2.12,0.0,100.0,0.0,0.0,0.0,-100.0,-2.12,14.09,2026-02-12 17:05:22,True,Tennessee,
"Rat Queens, Vol. 2: The Far Reaching Tentacles of N'Rygoth",2022-10-01,1.11,1.11,100.0,100.0,0.0,0.0,0.0,0.0,10.48,2026-02-12 17:05:49,True,Texas,
"Ranma 1/2 (Series, Title Not Specified)",2025-04-01,1.11,0.0,100.0,0.0,0.0,0.0,-100.0,-1.11,10.48,2026-02-12 17:06:16,True,Tennessee,
"Ranma 1/2, Vol. 20",2024-08-01,0.0,0.0,0.0,0.0,0.0,0.0,0.0,0.0,0.0,2026-02-12 17:06:43,True,Texas,
Rape,2023-10-01,57.0,74.98,100.0,100.0,46.0,63.0,31.54,17.98,12.37,2026-02-12 17:07:11,True,Iowa,
"Rainbow Family Collections: Selecting and Using Children's Books with Lesbian, Gay, Bisexual, Transgender, and Queer Content",2024-06-01,,,,,,,,,,2026-02-12 17:08:07,False,Florida,The request failed: Google returned a response with code 400
"Rainbow Revolutions: Power, Pride and Protest in the Fight for Queer Rights",2021-12-01,1.11,1.11,100.0,100.0,0.0,0.0,0.0,0.0,10.48,2026-02-12 17:08:34,True,Texas,
Raintree Steck-Vaughn Illustrated Science Encyclopedia,2023-08-01,0.0,0.0,0.0,0.0,0.0,0.0,0.0,0.0,0.0,2026-02-12 17:09:01,True,Florida,
Ramses II and Egypt,2025-02-01,1.11,0.0,100.0,0.0,0.0,0.0,-100.0,-1.11,10.48,2026-02-12 17:09:28,True,Tennessee,
Crushing It,2024-06-01,19.67,7.54,100.0,100.0,0.0,0.0,-61.64,-12.12,26.59,2026-02-12 17:09:54,True,Iowa,
Rabbit Redux,2023-10-01,1.11,0.0,100.0,0.0,0.0,0.0,-100.0,-1.11,10.48,2026-02-12 17:10:20,True,Florida,
Rabbit is Rich,2025-04-01,1.11,0.0,100.0,0.0,0.0,0.0,-100.0,-1.11,10.48,2026-02-12 17:10:47,True,Florida,
Rain,2025-04-01,69.54,69.94,100.0,100.0,56.0,49.0,0.58,0.4,10.58,2026-02-12 17:11:15,True,Tennessee,
Recess Warriors: Hero Is A Four-Letter Word,2024-02-01,2.21,0.0,100.0,0.0,0.0,0.0,-100.0,-2.21,14.67,2026-02-12 17:11:42,True,Florida,
Recipe for Hate,2024-10-01,0.0,0.0,0.0,0.0,0.0,0.0,0.0,0.0,0.0,2026-02-12 17:12:09,True,Tennessee,
Recovery Road,2023-08-01,54.84,67.49,100.0,100.0,26.0,0.0,23.06,12.64,15.89,2026-02-12 17:12:36,True,Florida,
Recruited,2024-08-01,57.38,63.21,100.0,100.0,0.0,26.0,10.17,5.83,16.86,2026-02-12 17:13:03,True,Florida,
Real Friends,2024-08-01,76.71,72.57,100.0,100.0,57.0,51.0,-5.4,-4.14,10.05,2026-02-12 17:13:31,True,Florida,
Reawakened,2023-08-01,20.48,16.42,100.0,100.0,0.0,0.0,-19.8,-4.06,28.59,2026-02-12 17:13:58,True,Florida,
Rebel Girl Revolution (Fat Angie Series),2022-02-01,0.0,0.0,0.0,0.0,0.0,0.0,0.0,0.0,0.0,2026-02-12 17:14:25,True,Tennessee,
Read with Me Bible: An NIV Story Bible for Children,2023-06-01,0.0,0.0,0.0,0.0,0.0,0.0,0.0,0.0,0.0,2026-02-12 17:14:52,True,Florida,
"Reader, I Murdered Him",2024-06-01,1.11,0.0,100.0,0.0,0.0,0.0,-100.0,-1.11,10.48,2026-02-12 17:15:19,True,Iowa,
Ready or Not (All-American Girl Series),2021-11-01,1.11,0.0,100.0,0.0,0.0,0.0,-100.0,-1.11,10.48,2026-02-12 17:15:46,True,Florida,
"Ready, Set, Grow!: A ""What's Happening to My Body?"" Book for Younger Girls",2025-04-01,0.0,0.0,0.0,0.0,0.0,0.0,0.0,0.0,0.0,2026-02-12 17:16:13,True,Tennessee,
Raven Boys,2023-11-01,0.0,3.83,0.0,100.0,0.0,0.0,inf,3.83,17.89,2026-02-12 17:16:39,True,Wisconsin,
Ravensong (CF),2024-08-01,0.0,0.0,0.0,0.0,0.0,0.0,0.0,0.0,0.0,2026-02-12 17:17:06,True,Texas,
Reached,2025-02-01,63.76,78.03,100.0,100.0,33.0,49.0,22.39,14.28,17.16,2026-02-12 17:17:33,True,Tennessee,
"Read With Dick and Jane books (Series, Title not specified)",2025-02-01,1.11,0.0,100.0,0.0,0.0,0.0,-100.0,-1.11,10.48,2026-02-12 17:17:59,True,Tennessee,
Crazy Horse's Vision,2022-01-01,0.0,0.0,0.0,0.0,0.0,0.0,0.0,0.0,0.0,2026-02-12 17:18:26,True,Florida,
Crazy Messy Beautiful,2023-08-01,1.11,0.0,100.0,0.0,0.0,0.0,-100.0,-1.11,10.48,2026-02-12 17:18:53,True,Florida,
Crepúsculo: un amor peligroso,2024-09-01,0.0,0.0,0.0,0.0,0.0,0.0,0.0,0.0,0.0,2026-02-12 17:19:20,True,Texas,
Cress,2023-11-01,74.49,52.27,100.0,100.0,46.0,34.0,-29.83,-22.22,15.09,2026-02-12 17:19:47,True,Florida,
Court of Lions,2022-10-01,0.0,1.11,0.0,100.0,0.0,0.0,inf,1.11,10.48,2026-02-12 17:20:14,True,Texas,
Courting Darkness,2023-08-01,0.0,1.11,0.0,100.0,0.0,0.0,inf,1.11,10.48,2026-02-12 17:20:41,True,Florida,
"Coyotes, Vol. 1",2022-09-01,0.0,0.0,0.0,0.0,0.0,0.0,0.0,0.0,0.0,2026-02-12 17:21:08,True,Missouri,
Crash into You (KM),2024-10-01,0.0,0.0,0.0,0.0,0.0,0.0,0.0,0.0,0.0,2026-02-12 17:21:36,True,Tennessee,
Cougars,2024-09-01,31.94,28.89,100.0,100.0,20.0,14.0,-9.57,-3.06,13.97,2026-02-12 17:22:03,True,Texas,
Counting Down with You,2024-08-01,1.11,1.11,100.0,100.0,0.0,0.0,0.0,0.0,10.48,2026-02-12 17:22:29,True,Florida,
Countries in the News: Cuba,2023-03-01,1.11,0.0,100.0,0.0,0.0,0.0,-100.0,-1.11,10.48,2026-02-12 17:22:56,True,Florida,
Red,2024-08-01,82.88,82.19,100.0,100.0,72.0,71.0,-0.83,-0.69,6.87,2026-02-12 17:23:23,True,Virginia,
Red Ink,2024-10-01,39.28,56.73,100.0,100.0,9.0,12.0,44.44,17.46,34.28,2026-02-12 17:23:50,True,Tennessee,
Red Spikes,2023-08-01,19.23,22.66,100.0,100.0,0.0,0.0,17.79,3.42,33.33,2026-02-12 17:24:16,True,Florida,
Reproductive Rights: Who Decides?,2025-06-01,0.0,0.0,0.0,0.0,0.0,0.0,0.0,0.0,0.0,2026-02-12 17:24:43,True,Texas,
Requiem,2023-08-01,70.03,69.01,100.0,100.0,54.0,52.0,-1.46,-1.02,10.0,2026-02-12 17:25:10,True,Florida,
Reservation Blues,2024-06-01,0.0,0.0,0.0,0.0,0.0,0.0,0.0,0.0,0.0,2026-02-12 17:25:37,True,Florida,
Resisters and Rescures-Standing Up Against,2025-02-01,1.11,0.0,100.0,0.0,0.0,0.0,-100.0,-1.11,10.48,2026-02-12 17:26:04,True,Tennessee,
Remember Us,2024-08-01,68.98,71.06,100.0,100.0,42.0,41.0,3.01,2.08,12.14,2026-02-12 17:26:30,True,Florida,
Renaissance,2025-04-01,78.81,68.9,100.0,100.0,43.0,49.0,-12.58,-9.91,14.07,2026-02-12 17:26:58,True,Tennessee,
Renoir: Moulin de la Galette,2022-09-01,0.0,0.0,0.0,0.0,0.0,0.0,0.0,0.0,0.0,2026-02-12 17:27:24,True,Missouri,
Reproductive Rights,2023-10-01,46.26,29.32,100.0,100.0,0.0,0.0,-36.61,-16.93,27.01,2026-02-12 17:28:13,True,Kentucky,
Reluctantly Alice,2022-10-01,1.11,0.0,100.0,0.0,0.0,0.0,-100.0,-1.11,10.48,2026-02-12 17:28:39,True,Texas,
Rembrandt: His Life and Works in 500 Images,2025-02-01,0.0,0.0,0.0,0.0,0.0,0.0,0.0,0.0,0.0,2026-02-12 17:29:05,True,Texas,
Remember Me Gone,2024-08-01,2.19,1.11,100.0,100.0,0.0,0.0,-49.24,-1.08,12.68,2026-02-12 17:29:33,True,Florida,
Redeemed (House of Night Series),2021-11-01,0.0,1.11,0.0,100.0,0.0,0.0,inf,1.11,10.48,2026-02-12 17:29:59,True,Florida,
"Reflections in Black: A History of Black Photographers, 1840 to the Present",2022-09-01,1.11,1.11,100.0,100.0,0.0,0.0,0.0,0.0,10.48,2026-02-12 17:30:26,True,Missouri,
Reign of the Fallen,2024-08-01,0.0,2.21,0.0,100.0,0.0,0.0,inf,2.21,14.67,2026-02-12 17:30:53,True,Texas,
Reino de Cenizas,2023-08-01,0.0,0.0,0.0,0.0,0.0,0.0,0.0,0.0,0.0,2026-02-12 17:31:19,True,Florida,
"Riverdale: All-New Stories (Series, Title Not Specified)",2025-02-01,1.11,0.0,100.0,0.0,0.0,0.0,-100.0,-1.11,10.48,2026-02-12 17:31:46,True,Texas,
Robert Louis Stevenson,2023-08-01,26.02,30.72,100.0,100.0,0.0,0.0,18.06,4.7,19.96,2026-02-12 17:32:14,True,Florida,
Roberto Clemente: Pride of the Pittsburgh Pirates,2022-01-01,0.0,1.11,0.0,100.0,0.0,0.0,inf,1.11,10.48,2026-02-12 17:32:41,True,Florida,
Robot Explorers,2023-08-01,1.11,1.11,100.0,100.0,0.0,0.0,0.0,0.0,10.48,2026-02-12 17:33:07,True,Florida,
Ripley's Believe It or Not!: Shatter Your Senses!,2023-08-01,0.0,0.0,0.0,0.0,0.0,0.0,0.0,0.0,0.0,2026-02-12 17:33:34,True,Florida,
Ripper: The Secret Life of Walter Sickert,2025-04-01,0.0,1.11,0.0,100.0,0.0,0.0,inf,1.11,10.48,2026-02-12 17:34:01,True,Tennessee,
Rival,2023-08-01,81.98,67.87,100.0,100.0,70.0,55.0,-17.21,-14.11,10.3,2026-02-12 17:34:28,True,Florida,
River of Darkness,2024-06-01,2.0,0.0,100.0,0.0,0.0,0.0,-100.0,-2.0,13.35,2026-02-12 17:34:55,True,Florida,
Richard Matheson: Master of Terror Graphic Novel Collection,2025-04-01,0.0,0.0,0.0,0.0,0.0,0.0,0.0,0.0,0.0,2026-02-12 17:35:23,True,Tennessee,
Rift (Nightshade Prequel Series),2021-11-01,0.0,1.11,0.0,100.0,0.0,0.0,inf,1.11,10.48,2026-02-12 17:35:50,True,Florida,
Rip Tide,2023-07-01,11.3,26.87,100.0,100.0,0.0,0.0,137.76,15.57,17.28,2026-02-12 17:36:17,True,Florida,
Ripley's Believe It Or Not! Special Edtion 2008,2025-02-01,0.0,0.0,0.0,0.0,0.0,0.0,0.0,0.0,0.0,2026-02-12 17:36:43,True,Tennessee,
Reunion,2025-04-01,30.08,51.36,100.0,100.0,19.0,37.0,70.74,21.28,14.87,2026-02-12 17:37:11,True,Florida,
Revealed (House of Night Series),2021-11-01,0.0,1.11,0.0,100.0,0.0,0.0,inf,1.11,10.48,2026-02-12 17:37:38,True,Florida,
Revenge of a Not-So-Pretty Girl,2023-08-01,0.0,0.0,0.0,0.0,0.0,0.0,0.0,0.0,0.0,2026-02-12 17:38:04,True,Florida,
Revolutionary Road,2024-06-01,10.36,21.39,100.0,100.0,0.0,0.0,106.55,11.03,22.39,2026-02-12 17:38:32,True,Florida,
Corona de Medianoche,2023-08-01,1.11,0.0,100.0,0.0,0.0,0.0,-100.0,-1.11,10.48,2026-02-12 17:38:59,True,Florida,
Roller Girl,2023-11-01,44.86,44.11,100.0,100.0,0.0,0.0,-1.66,-0.74,20.31,2026-02-12 17:39:25,True,Wisconsin,
Romeo and Juliet,2023-08-01,37.9,64.44,100.0,100.0,13.0,44.0,70.04,26.54,26.39,2026-02-12 17:39:53,True,Texas,
Rooftoppers,2025-04-01,1.11,1.11,100.0,100.0,0.0,0.0,0.0,0.0,10.48,2026-02-12 17:40:19,True,Florida,
Coping With a Drug Abusing Parent,2025-02-01,0.0,0.0,0.0,0.0,0.0,0.0,0.0,0.0,0.0,2026-02-12 17:40:46,True,Tennessee,
Coping with Gender Dysphoria,2024-08-01,0.0,0.0,0.0,0.0,0.0,0.0,0.0,0.0,0.0,2026-02-12 17:41:14,True,Texas,
Coping with Weapons and Violence in School and on Your Streets,2025-02-01,0.0,0.0,0.0,0.0,0.0,0.0,0.0,0.0,0.0,2026-02-12 17:41:42,True,Tennessee,
Corn Goddess,2023-10-01,0.0,0.0,0.0,0.0,0.0,0.0,0.0,0.0,0.0,2026-02-12 17:42:09,True,Iowa,
Confronting LGBTQ+ Discrimination,2024-08-01,55.22,65.6,100.0,100.0,29.0,33.0,18.79,10.38,18.77,2026-02-12 17:42:35,True,Texas,
Consent,2022-10-01,72.73,71.61,100.0,100.0,49.0,38.0,-1.54,-1.12,14.79,2026-02-12 17:43:02,True,Texas,
Contemporary African Art,2025-04-01,0.0,5.89,0.0,100.0,0.0,0.0,inf,5.89,22.21,2026-02-12 17:43:29,True,Tennessee,
Coolies,2022-01-01,32.57,48.66,100.0,100.0,0.0,0.0,49.4,16.09,24.55,2026-02-12 17:43:55,True,Florida,
Rogue Wave,2022-10-01,36.02,4.03,100.0,100.0,0.0,0.0,-88.8,-31.99,28.61,2026-02-12 17:44:22,True,Texas,
Concealed,2023-06-01,48.9,64.44,100.0,100.0,37.0,56.0,31.79,15.54,12.22,2026-02-12 17:44:48,True,Florida,
Confessions of a Not It Girl,2023-12-01,0.0,1.11,0.0,100.0,0.0,0.0,inf,1.11,10.48,2026-02-12 17:45:15,True,Florida,
Ruth and Naomi: A Bible Story,2023-06-01,0.0,0.0,0.0,0.0,0.0,0.0,0.0,0.0,0.0,2026-02-12 17:45:41,True,Florida,
Ryan and Avery,2024-06-01,0.0,0.0,0.0,0.0,0.0,0.0,0.0,0.0,0.0,2026-02-12 17:46:08,True,Texas,
STDs,2023-08-01,78.31,87.04,100.0,100.0,63.0,64.0,11.15,8.73,9.61,2026-02-12 17:46:36,True,Florida,
Sadako,2022-01-01,23.64,21.66,100.0,100.0,0.0,0.0,-8.41,-1.99,21.42,2026-02-12 17:47:03,True,Florida,
Rules for Life,2023-08-01,63.48,40.91,100.0,100.0,31.0,21.0,-35.55,-22.57,17.79,2026-02-12 17:47:29,True,Florida,
Run For Cover,2023-12-01,14.67,28.8,100.0,100.0,0.0,0.0,96.36,14.13,29.19,2026-02-12 17:47:56,True,Florida,
Runaway Girl: Escaping Life on the Streets,2024-10-01,0.0,0.0,0.0,0.0,0.0,0.0,0.0,0.0,0.0,2026-02-12 17:48:23,True,Tennessee,
"Rurouni Kenshin, Vol. 1: Meiji Swordsman Romantic Story",2025-02-01,0.0,0.0,0.0,0.0,0.0,0.0,0.0,0.0,0.0,2026-02-12 17:48:49,True,Texas,
Rowan Hood Returns: The Final Chapter,2024-08-01,0.0,0.0,0.0,0.0,0.0,0.0,0.0,0.0,0.0,2026-02-12 17:49:15,True,Florida,
Royal Wedding,2025-02-01,64.28,63.01,100.0,100.0,30.0,38.0,-1.97,-1.27,13.92,2026-02-12 17:49:42,True,Florida,
Ruby Red,2025-06-01,73.46,71.47,100.0,100.0,53.0,49.0,-2.71,-1.99,10.14,2026-02-12 17:50:09,True,Florida,
Rules for Being a Girl,2025-04-01,0.0,1.11,0.0,100.0,0.0,0.0,inf,1.11,10.48,2026-02-12 17:50:36,True,Florida,
Rosa Parks,2021-09-01,62.72,39.3,100.0,100.0,42.0,22.0,-37.34,-23.42,16.68,2026-02-12 17:51:03,True,Florida,
Rose Under Fire,2023-11-01,0.0,1.11,0.0,100.0,0.0,0.0,inf,1.11,10.48,2026-02-12 17:51:31,True,Wisconsin,
Rosencrantz and Guildenstern Are Dead,2024-06-01,11.2,1.11,100.0,100.0,0.0,0.0,-90.08,-10.09,22.2,2026-02-12 17:51:57,True,Florida,
Rough Patch,2024-08-01,26.51,16.27,100.0,100.0,0.0,0.0,-38.64,-10.24,26.33,2026-02-12 17:52:23,True,Texas,
Complete Guide to Drawing and Painting,2022-09-01,1.11,0.0,100.0,0.0,0.0,0.0,-100.0,-1.11,10.48,2026-02-12 17:52:50,True,Missouri,
Saint Iggy,2023-08-01,0.0,0.0,0.0,0.0,0.0,0.0,0.0,0.0,0.0,2026-02-12 17:53:17,True,Florida,
Saints of Augustine,2022-02-01,0.0,1.11,0.0,100.0,0.0,0.0,inf,1.11,10.48,2026-02-12 17:53:44,True,Tennessee,
Sal and Gabi Break the Universe (Sal and Gabi Series),2022-05-01,0.0,0.0,0.0,0.0,0.0,0.0,0.0,0.0,0.0,2026-02-12 17:54:10,True,North Carolina,
Columbine High School Shooting: Student Violence,2025-02-01,1.11,0.0,100.0,0.0,0.0,0.0,-100.0,-1.11,10.48,2026-02-12 17:54:36,True,Tennessee,
Come Back to Me,2023-03-01,71.37,79.07,100.0,100.0,41.0,59.0,10.79,7.7,10.92,2026-02-12 17:55:03,True,Kansas,
Coming up for Air,2023-10-01,3.92,0.0,100.0,0.0,0.0,0.0,-100.0,-3.92,18.26,2026-02-12 17:55:30,True,Iowa,
Code Name Verity,2023-11-01,,,,,,,,,,2026-02-12 18:03:34,False,Wisconsin,"HTTPSConnectionPool(host='trends.google.com', port=443): Max retries exceeded with url: /trends/api/"
Code-Breaker and Mathematician Alan Turing,2023-07-01,0.0,0.0,0.0,0.0,0.0,0.0,0.0,0.0,0.0,2026-02-12 18:11:28,True,Florida,
Cold Falling White,2024-08-01,0.0,1.11,0.0,100.0,0.0,0.0,inf,1.11,10.48,2026-02-12 18:11:54,True,Texas,
Collide,2025-04-01,19.26,9.03,100.0,100.0,8.0,4.0,-53.09,-10.22,12.57,2026-02-12 18:12:21,True,Tennessee,
Safe Teen: Powerful Alternatives to Violence,2025-02-01,0.0,0.0,0.0,0.0,0.0,0.0,0.0,0.0,0.0,2026-02-12 18:12:47,True,Tennessee,
Saga Boy: My Life of Blackness and Becoming,2023-08-01,0.0,0.0,0.0,0.0,0.0,0.0,0.0,0.0,0.0,2026-02-12 18:13:13,True,Florida,
Saint Anything,2023-10-01,1.11,1.11,100.0,100.0,0.0,0.0,0.0,0.0,10.48,2026-02-12 18:13:40,True,Iowa,
Code Name Cassandra,2025-04-01,0.0,2.14,0.0,100.0,0.0,0.0,inf,2.14,14.23,2026-02-12 18:14:06,True,Florida,
Save Me a Seat,2023-08-01,1.11,9.46,100.0,100.0,0.0,0.0,751.0,8.34,18.2,2026-02-12 18:14:33,True,Florida,
Saving Montgomery Sole,2023-10-01,0.0,1.11,0.0,100.0,0.0,0.0,inf,1.11,10.48,2026-02-12 18:14:59,True,Iowa,
Saving the World & Other Extreme Sports,2023-02-01,1.11,0.0,100.0,0.0,0.0,0.0,-100.0,-1.11,10.48,2026-02-12 18:15:25,True,Florida,
Sara Will,2023-08-01,23.9,36.41,100.0,100.0,0.0,0.0,52.35,12.51,31.53,2026-02-12 18:15:51,True,Florida,
Sarah Dessen: From Burritos to Box Office,2025-02-01,0.0,0.0,0.0,0.0,0.0,0.0,0.0,0.0,0.0,2026-02-12 18:16:18,True,Tennessee,
"Sarah, Who Loved Laughter",2023-06-01,0.0,0.0,0.0,0.0,0.0,0.0,0.0,0.0,0.0,2026-02-12 18:16:44,True,Florida,
Satanism (At Issue),2021-11-01,1.11,0.0,100.0,0.0,0.0,0.0,-100.0,-1.11,10.48,2026-02-12 18:17:10,True,Kansas,
Same-Sex Parents,2023-04-01,1.97,3.23,100.0,100.0,0.0,0.0,64.41,1.27,15.45,2026-02-12 18:17:37,True,Florida,
Sand and Foam,2023-08-01,0.0,1.11,0.0,100.0,0.0,0.0,inf,1.11,10.48,2026-02-12 18:18:03,True,Florida,
Santiago's Road Home,2025-02-01,0.0,0.0,0.0,0.0,0.0,0.0,0.0,0.0,0.0,2026-02-12 18:18:30,True,Texas,
Sally and The Magical Sneeze,2022-01-01,1.11,0.0,100.0,0.0,0.0,0.0,-100.0,-1.11,10.48,2026-02-12 18:18:56,True,Florida,
Salvador Dali,2025-04-01,40.48,72.57,100.0,100.0,24.0,41.0,79.28,32.09,20.05,2026-02-12 18:19:23,True,Tennessee,
Sam and the Lucky Money,2022-01-01,0.0,0.0,0.0,0.0,0.0,0.0,0.0,0.0,0.0,2026-02-12 18:19:49,True,Florida,
Sam!,2022-01-01,67.44,73.56,100.0,100.0,56.0,54.0,9.06,6.11,8.75,2026-02-12 18:20:17,True,Florida,
Second Helpings,2024-06-01,0.0,0.0,0.0,0.0,0.0,0.0,0.0,0.0,0.0,2026-02-12 18:20:43,True,Florida,
Secret Origins,2022-09-01,0.0,1.11,0.0,100.0,0.0,0.0,inf,1.11,10.48,2026-02-12 18:21:09,True,Missouri,
Secrets of the Mummies,2024-08-01,0.0,0.0,0.0,0.0,0.0,0.0,0.0,0.0,0.0,2026-02-12 18:21:35,True,Florida,
See You Yesterday,2024-08-01,5.18,2.1,100.0,100.0,0.0,0.0,-59.44,-3.08,17.09,2026-02-12 18:22:02,True,Virginia,
Sculpture,2025-04-01,84.49,74.53,100.0,100.0,71.0,58.0,-11.78,-9.96,8.86,2026-02-12 18:22:28,True,Tennessee,
Scythe,2025-02-01,74.6,71.13,100.0,100.0,49.0,58.0,-4.65,-3.47,7.65,2026-02-12 18:22:55,True,Tennessee,
Search for Safety,2023-12-01,15.57,9.8,100.0,100.0,0.0,0.0,-37.04,-5.77,28.65,2026-02-12 18:23:21,True,Florida,
Season of the Witch (SRB),2024-10-01,1.11,1.11,100.0,100.0,0.0,0.0,0.0,0.0,10.48,2026-02-12 18:23:47,True,Tennessee,
Scent of Danger,2023-12-01,0.0,0.0,0.0,0.0,0.0,0.0,0.0,0.0,0.0,2026-02-12 18:24:14,True,Florida,
Schooled,2022-10-01,37.14,46.12,100.0,100.0,0.0,0.0,24.17,8.98,16.62,2026-02-12 18:24:40,True,Texas,
Scooter Girl,2023-12-01,11.72,12.53,100.0,100.0,0.0,0.0,6.92,0.81,26.46,2026-02-12 18:25:06,True,Florida,
Scorpia Rising,2022-10-01,1.11,0.0,100.0,0.0,0.0,0.0,-100.0,-1.11,10.48,2026-02-12 18:25:33,True,Texas,
Say You'll Remember Me,2024-10-01,2.68,0.0,100.0,0.0,0.0,0.0,-100.0,-2.68,14.64,2026-02-12 18:25:59,True,Tennessee,
Scarlet,2023-11-01,60.97,56.11,100.0,100.0,46.0,37.0,-7.96,-4.86,13.06,2026-02-12 18:26:26,True,Florida,
Scary Stories to Tell in the Dark,2021-10-01,53.5,23.18,100.0,100.0,28.0,6.0,-56.68,-30.32,23.41,2026-02-12 18:26:52,True,Oklahoma,
"Scenic Art for the Theatre: History, Tools and Techniques",2022-09-01,0.0,1.11,0.0,100.0,0.0,0.0,inf,1.11,10.48,2026-02-12 18:27:19,True,Missouri,
Cloudy with a Chance of Meatballs,2024-08-01,58.56,67.87,100.0,100.0,31.0,41.0,15.9,9.31,13.11,2026-02-12 18:27:47,True,Texas,
Sent,2024-06-01,77.42,81.33,100.0,100.0,54.0,63.0,5.05,3.91,10.59,2026-02-12 18:28:13,True,Texas,
Serafina and the Black Cloak,2024-03-01,1.11,1.11,100.0,100.0,0.0,0.0,0.0,0.0,10.48,2026-02-12 18:28:40,True,Florida,
Seraph of the End: Vampire Reign,2025-02-01,0.0,0.0,0.0,0.0,0.0,0.0,0.0,0.0,0.0,2026-02-12 18:29:06,True,Texas,
Clean Getaway,2022-05-01,2.64,3.07,100.0,100.0,0.0,0.0,15.97,0.42,15.57,2026-02-12 18:29:32,True,North Carolina,
Cleopatra's Moon,2023-08-01,0.0,0.0,0.0,0.0,0.0,0.0,0.0,0.0,0.0,2026-02-12 18:29:59,True,Florida,
Clique,2023-11-01,62.76,70.16,100.0,100.0,37.0,47.0,11.79,7.4,11.8,2026-02-12 18:30:25,True,Wisconsin,
Closer to Nowhere,2023-06-01,1.11,1.11,100.0,100.0,0.0,0.0,0.0,0.0,10.48,2026-02-12 18:30:51,True,Florida,
Civil War,2025-02-01,62.52,73.07,100.0,100.0,34.0,45.0,16.87,10.54,16.67,2026-02-12 18:31:18,True,Tennessee,
Clarity,2023-08-01,78.83,82.09,100.0,100.0,54.0,55.0,4.13,3.26,11.94,2026-02-12 18:31:45,True,Florida,
"Classical Myth: A Treasury of Greek and Roman Legends, Art, and History",2023-08-01,0.0,1.11,0.0,100.0,0.0,0.0,inf,1.11,10.48,2026-02-12 18:32:12,True,Florida,
Claywork: Form and Idea in Ceramic Design,2025-02-01,0.0,0.0,0.0,0.0,0.0,0.0,0.0,0.0,0.0,2026-02-12 18:32:38,True,Tennessee,
Seeing Red,2025-02-01,60.07,64.21,100.0,100.0,39.0,34.0,6.9,4.14,12.22,2026-02-12 18:33:04,True,Texas,
City of Speed,2023-10-01,51.43,48.41,100.0,100.0,0.0,0.0,-5.88,-3.02,24.24,2026-02-12 18:33:31,True,Kentucky,
City of Thieves,2022-09-01,1.11,7.17,100.0,100.0,0.0,0.0,545.0,6.06,18.24,2026-02-12 18:33:57,True,Florida,
City of the Lost: A Rockton Novel,2023-12-01,0.0,0.0,0.0,0.0,0.0,0.0,0.0,0.0,0.0,2026-02-12 18:34:23,True,Florida,
Shabanu: Daughter of the Wind,2025-02-01,0.0,0.0,0.0,0.0,0.0,0.0,0.0,0.0,0.0,2026-02-12 18:34:50,True,Tennessee,
Shades of Earth,2023-10-01,1.11,1.11,100.0,100.0,0.0,0.0,0.0,0.0,10.48,2026-02-12 18:35:16,True,Iowa,
Shadow of Night,2024-06-01,16.4,15.87,100.0,100.0,0.0,0.0,-3.25,-0.53,26.85,2026-02-12 18:35:43,True,Florida,
Sex: Opposing Viewpoints,2025-02-01,0.0,1.11,0.0,100.0,0.0,0.0,inf,1.11,10.48,2026-02-12 18:36:09,True,Texas,
Sexual Abuse and Incest,2023-08-01,1.11,0.0,100.0,0.0,0.0,0.0,-100.0,-1.11,10.48,2026-02-12 18:36:35,True,Florida,
Sexual Consent,2023-10-01,45.13,45.63,100.0,100.0,0.0,0.0,1.11,0.5,26.71,2026-02-12 18:37:02,True,Kentucky,
Sexual Orientation,2024-08-01,64.49,63.53,100.0,100.0,41.0,35.0,-1.48,-0.96,13.52,2026-02-12 18:37:29,True,Texas,
Sex (TLR),2023-02-01,0.0,0.0,0.0,0.0,0.0,0.0,0.0,0.0,0.0,2026-02-12 18:37:55,True,Pennsylvania,
Sex Smarts: You and Your Sexuality,2023-11-01,1.11,0.0,100.0,0.0,0.0,0.0,-100.0,-1.11,10.48,2026-02-12 18:38:21,True,Texas,
Sex and Sexuality,2023-10-01,7.92,18.43,100.0,100.0,0.0,0.0,132.68,10.51,27.83,2026-02-12 18:38:48,True,Kentucky,
Sex on the Moon: The Amazing Story Behind the Most Audacious Heist in History,2024-06-01,1.11,0.0,100.0,0.0,0.0,0.0,-100.0,-1.11,10.48,2026-02-12 18:39:14,True,Florida,
Serial Killers: The Method and Madness of Monsters,2023-08-01,0.0,0.0,0.0,0.0,0.0,0.0,0.0,0.0,0.0,2026-02-12 18:39:40,True,Florida,
Seven Deadly Shadows,2023-08-01,1.88,0.0,100.0,0.0,0.0,0.0,-100.0,-1.88,12.67,2026-02-12 18:40:06,True,Florida,
Seven Endless Forests,2024-10-01,1.11,1.11,100.0,100.0,0.0,0.0,0.0,0.0,10.48,2026-02-12 18:40:33,True,Tennessee,
Sewing the Rainbow: A Story About Gilbert Baker,2024-08-01,0.0,0.0,0.0,0.0,0.0,0.0,0.0,0.0,0.0,2026-02-12 18:41:00,True,Iowa,
City of Night,2024-06-01,72.42,62.06,100.0,100.0,37.0,33.0,-14.31,-10.37,14.28,2026-02-12 18:41:28,True,Florida,
City of Secrets,2023-10-01,1.81,3.11,100.0,100.0,0.0,0.0,71.78,1.3,14.74,2026-02-12 18:41:54,True,Kentucky,
Shattered Star,2024-06-01,0.0,2.19,0.0,100.0,0.0,0.0,inf,2.19,14.52,2026-02-12 18:42:20,True,Florida,
She Drives Me Crazy,2023-11-01,7.14,2.86,100.0,100.0,0.0,0.0,-60.03,-4.29,18.57,2026-02-12 18:42:47,True,Oregon,
Cinder,2023-11-01,66.62,78.44,100.0,100.0,48.0,56.0,17.75,11.82,9.8,2026-02-12 18:43:14,True,Florida,
"Citrus Plus, Vol. 1",2022-10-01,0.0,0.0,0.0,0.0,0.0,0.0,0.0,0.0,0.0,2026-02-12 18:43:41,True,Missouri,
City Love,2022-09-01,68.3,70.8,100.0,100.0,48.0,49.0,3.66,2.5,8.34,2026-02-12 18:44:08,True,Texas,
Choque de Reyes,2025-06-01,0.0,0.0,0.0,0.0,0.0,0.0,0.0,0.0,0.0,2026-02-12 18:44:34,True,Florida,
Christianity,2025-02-01,38.44,60.87,100.0,100.0,23.0,42.0,58.32,22.42,15.28,2026-02-12 18:45:01,True,Tennessee,
Christmas in the Barn,2023-06-01,1.11,0.0,100.0,0.0,0.0,0.0,-100.0,-1.11,10.48,2026-02-12 18:45:28,True,Florida,
Chronicle of a Death Foretold,2024-06-01,20.49,1.11,100.0,100.0,0.0,0.0,-94.58,-19.38,24.57,2026-02-12 18:45:54,True,Florida,
Shadows on the Stars,2022-10-01,0.0,2.17,0.0,100.0,0.0,0.0,inf,2.17,14.38,2026-02-12 18:46:20,True,Texas,
Shadowsong,2022-10-01,1.11,1.11,100.0,100.0,0.0,0.0,0.0,0.0,10.48,2026-02-12 18:46:46,True,Texas,
Shakespeare's Hamlet: The Manga Edition,2022-09-01,,,,,,,,,,2026-02-12 18:53:38,False,Missouri,"HTTPSConnectionPool(host='trends.google.com', port=443): Max retries exceeded with url: /trends/api/"
Shape,2025-02-01,,,,,,,,,,2026-02-12 18:57:18,False,Texas,"HTTPSConnectionPool(host='trends.google.com', port=443): Max retries exceeded with url: /trends/api/"
Silence,2023-08-01,,,,,,,,,,2026-02-12 19:00:06,False,Florida,"HTTPSConnectionPool(host='trends.google.com', port=443): Max retries exceeded with url: /trends/api/"
Silhouette of a Sparrow,2023-11-01,0.0,1.11,0.0,100.0,0.0,0.0,inf,1.11,10.48,2026-02-12 19:15:57,True,Wisconsin,
Since You've Been Gone,2023-08-01,16.79,10.19,100.0,100.0,0.0,0.0,-39.31,-6.6,26.74,2026-02-12 19:33:03,True,Florida,
Sing No Evil,2023-09-01,0.0,0.0,0.0,0.0,0.0,0.0,0.0,0.0,0.0,2026-02-12 19:40:05,True,Wyoming,
Sia Martinez and the Moonlit Beginning of Everything,2023-12-01,,,,,,,,,,2026-02-12 19:55:40,False,Florida,"HTTPSConnectionPool(host='trends.google.com', port=443): Max retries exceeded with url: /trends/api/"
Siddhartha (Dual-Language edition),2023-12-01,,,,,,,,,,2026-02-12 20:14:48,False,Florida,"HTTPSConnectionPool(host='trends.google.com', port=443): Max retries exceeded with url: /trends/api/"
Sideways Stories from Wayside School,2024-10-01,,,,,,,,,,2026-02-12 20:47:56,False,Florida,"HTTPSConnectionPool(host='trends.google.com', port=443): Max retries exceeded with url: /trends/api/"
Siege and Storm,2023-08-01,2.17,0.0,100.0,0.0,0.0,0.0,-100.0,-2.17,14.38,2026-02-12 21:04:49,True,Florida,
Shojo Beat,2023-12-01,0.0,0.0,0.0,0.0,0.0,0.0,0.0,0.0,0.0,2026-02-12 21:21:43,True,Florida,
Shopgirl,2023-10-01,0.0,3.21,0.0,100.0,0.0,0.0,inf,3.21,14.21,2026-02-12 21:39:02,True,Florida,
Shōgun: The Epic Novel of Japan,2023-10-01,0.0,0.0,0.0,0.0,0.0,0.0,0.0,0.0,0.0,2026-02-12 21:47:39,True,Florida,
She who Became the Sun,2024-11-01,,,,,,,,,,2026-02-12 21:50:02,False,Texas,"HTTPSConnectionPool(host='trends.google.com', port=443): Max retries exceeded with url: /trends/api/"
Shelly Struggles to Shine,2024-03-01,0.0,0.0,0.0,0.0,0.0,0.0,0.0,0.0,0.0,2026-02-12 21:54:57,True,Florida,
She’s Not There: A Life in Two Genders,2023-10-01,0.0,0.0,0.0,0.0,0.0,0.0,0.0,0.0,0.0,2026-02-12 21:55:23,True,Texas,
Chinese Mythology A to Z,2024-08-01,0.0,0.0,0.0,0.0,0.0,0.0,0.0,0.0,0.0,2026-02-12 21:55:50,True,Texas,
Chlamydia,2023-10-01,80.57,79.18,100.0,100.0,60.0,53.0,-1.72,-1.39,10.56,2026-02-12 21:56:17,True,Iowa,
Choice Words: How Our Language Affects Children's Learning,2023-12-01,0.0,0.0,0.0,0.0,0.0,0.0,0.0,0.0,0.0,2026-02-12 21:56:46,True,Florida,
Sir Callie and the Dragon's Roost,2024-08-01,0.0,1.11,0.0,100.0,0.0,0.0,inf,1.11,10.48,2026-02-12 21:57:14,True,Texas,
Children of Dune,2023-10-01,1.11,1.99,100.0,100.0,0.0,0.0,79.0,0.88,11.97,2026-02-12 21:57:40,True,Florida,
Children of Virtue and Vengeance,2023-08-01,0.0,0.0,0.0,0.0,0.0,0.0,0.0,0.0,0.0,2026-02-12 21:58:06,True,Florida,
Children's Bible Stories from Genesis to Daniel,2023-06-01,0.0,0.0,0.0,0.0,0.0,0.0,0.0,0.0,0.0,2026-02-12 21:58:32,True,Florida,
Children's Stories from the Bible,2023-06-01,1.11,0.0,100.0,0.0,0.0,0.0,-100.0,-1.11,10.48,2026-02-12 21:58:58,True,Florida,
Chik Chak Shabbat,2022-01-01,0.0,0.0,0.0,0.0,0.0,0.0,0.0,0.0,0.0,2026-02-12 21:59:24,True,Florida,
Child Abuse (KD),2023-08-01,0.0,0.0,0.0,0.0,0.0,0.0,0.0,0.0,0.0,2026-02-12 21:59:51,True,Florida,
Child Sexual Abuse,2023-08-01,60.02,65.96,100.0,100.0,0.0,31.0,9.89,5.93,15.3,2026-02-12 22:00:19,True,Florida,
Children Who Kill: Profiles of Pre-Teen and Teenage Killers,2024-08-01,0.0,0.0,0.0,0.0,0.0,0.0,0.0,0.0,0.0,2026-02-12 22:00:47,True,Texas,
Sink or Swim,2024-08-01,15.56,11.08,100.0,100.0,0.0,0.0,-28.79,-4.48,24.13,2026-02-12 22:01:13,True,Texas,
Sir Callie and the Champions of Helston,2024-08-01,0.0,0.0,0.0,0.0,0.0,0.0,0.0,0.0,0.0,2026-02-12 22:01:39,True,Texas,
"Chicken Soup for the Teenage Soul II: More Stories of Life, Love and Learning",2025-02-01,0.0,1.11,0.0,100.0,0.0,0.0,inf,1.11,10.48,2026-02-12 22:02:06,True,Tennessee,
Smack,2024-02-01,73.36,70.86,100.0,100.0,58.0,56.0,-3.41,-2.5,9.98,2026-02-12 22:02:34,True,Florida,
Small Sacrifices: A True Story of Passion and Murder,2023-08-01,2.07,0.0,100.0,0.0,0.0,0.0,-100.0,-2.07,13.75,2026-02-12 22:03:01,True,Maine,
Small Town Pride,2024-06-01,0.0,0.0,0.0,0.0,0.0,0.0,0.0,0.0,0.0,2026-02-12 22:03:27,True,Iowa,
Snakehead,2022-10-01,50.14,48.57,100.0,100.0,25.0,25.0,-3.15,-1.58,14.95,2026-02-12 22:03:54,True,Texas,
"Sleeping Beauties, Vol. 2",2025-04-01,0.0,0.0,0.0,0.0,0.0,0.0,0.0,0.0,0.0,2026-02-12 22:04:21,True,Tennessee,
Sliding on the Edge,2025-02-01,0.0,0.0,0.0,0.0,0.0,0.0,0.0,0.0,0.0,2026-02-12 22:04:48,True,Texas,
Slob,2025-04-01,68.06,51.16,100.0,100.0,32.0,23.0,-24.83,-16.9,15.47,2026-02-12 22:05:14,True,Florida,
"Skeleton: Discover the Evolution, Structure, and Functions of Bones",2025-02-01,1.11,0.0,100.0,0.0,0.0,0.0,-100.0,-1.11,10.48,2026-02-12 22:05:40,True,Tennessee,
Skin Tight,2024-06-01,62.84,69.99,100.0,100.0,33.0,44.0,11.37,7.14,11.99,2026-02-12 22:06:06,True,Florida,
Slam!,2023-08-01,26.59,22.51,100.0,100.0,18.0,14.0,-15.34,-4.08,12.99,2026-02-12 22:06:33,True,Florida,
Slayride,2023-08-01,1.11,0.0,100.0,0.0,0.0,0.0,-100.0,-1.11,10.48,2026-02-12 22:06:59,True,Florida,
Sister Outsider: Essays and Speeches,2022-02-01,1.11,0.0,100.0,0.0,0.0,0.0,-100.0,-1.11,10.48,2026-02-12 22:07:25,True,Tennessee,
Sisters of the Sword,2025-02-01,1.11,0.0,100.0,0.0,0.0,0.0,-100.0,-1.11,10.48,2026-02-12 22:07:53,True,Tennessee,
Size 12 Is Not Fat,2023-08-01,0.0,0.0,0.0,0.0,0.0,0.0,0.0,0.0,0.0,2026-02-12 22:08:20,True,Florida,
Skeleton Key,2022-10-01,63.7,47.29,100.0,100.0,41.0,30.0,-25.76,-16.41,15.62,2026-02-12 22:08:46,True,Texas,
Chaucer's Canterbury Tales,2022-09-01,0.0,2.04,0.0,100.0,0.0,0.0,inf,2.04,13.61,2026-02-12 22:09:12,True,Missouri,
Check & Mate,2025-06-01,0.0,1.11,0.0,100.0,0.0,0.0,inf,1.11,10.48,2026-02-12 22:09:38,True,Florida,
Cheever: A Life,2023-12-01,1.11,0.0,100.0,0.0,0.0,0.0,-100.0,-1.11,10.48,2026-02-12 22:10:05,True,Florida,
Cheshire Crossing,2022-10-01,1.11,0.0,100.0,0.0,0.0,0.0,-100.0,-1.11,10.48,2026-02-12 22:10:31,True,Texas,
Chardin,2025-04-01,7.37,5.94,100.0,100.0,0.0,0.0,-19.31,-1.42,22.5,2026-02-12 22:10:58,True,Tennessee,
Chasing Brooklyn,2024-08-01,0.0,0.0,0.0,0.0,0.0,0.0,0.0,0.0,0.0,2026-02-12 22:11:24,True,Texas,
Chasing Lucky,2024-06-01,2.2,1.87,100.0,100.0,0.0,0.0,-15.15,-0.33,13.64,2026-02-12 22:11:50,True,Iowa,
"So Cute It Hurts!!, Vol. 15",2025-04-01,0.0,0.0,0.0,0.0,0.0,0.0,0.0,0.0,0.0,2026-02-12 22:12:15,True,Tennessee,
Changeless,2023-08-01,1.11,1.11,100.0,100.0,0.0,0.0,0.0,0.0,10.48,2026-02-12 22:12:42,True,Florida,
Changes: A Love Story,2024-06-01,1.11,0.0,100.0,0.0,0.0,0.0,-100.0,-1.11,10.48,2026-02-12 22:13:08,True,Florida,
"Character, Driven",2023-12-01,0.0,0.0,0.0,0.0,0.0,0.0,0.0,0.0,0.0,2026-02-12 22:13:34,True,Florida,
Snitch,2024-06-01,69.46,70.77,100.0,100.0,51.0,45.0,1.89,1.31,9.58,2026-02-12 22:14:00,True,Florida,
"Snow, Glass, Apples",2024-10-01,0.0,1.11,0.0,100.0,0.0,0.0,inf,1.11,10.48,2026-02-12 22:14:26,True,Tennessee,
"So Cute It Hurts!!, Vol. 12",2025-04-01,1.11,0.0,100.0,0.0,0.0,0.0,-100.0,-1.11,10.48,2026-02-12 22:14:52,True,Tennessee,
"So Cute It Hurts!!, Vol. 14",2025-04-01,0.0,0.0,0.0,0.0,0.0,0.0,0.0,0.0,0.0,2026-02-12 22:15:18,True,Tennessee,
Something Must Be Wrong with Me: A Boy's Book about Sexual Abuse,2022-03-01,0.0,0.0,0.0,0.0,0.0,0.0,0.0,0.0,0.0,2026-02-12 22:15:44,True,Texas,
Something to Say,2023-06-01,77.59,72.48,100.0,100.0,51.0,52.0,-6.59,-5.11,11.44,2026-02-12 22:16:11,True,Florida,
Sometimes a Great Notion,2023-10-01,0.0,2.21,0.0,100.0,0.0,0.0,inf,2.21,14.67,2026-02-12 22:16:37,True,Florida,
Son of a Witch,2023-12-01,0.0,0.0,0.0,0.0,0.0,0.0,0.0,0.0,0.0,2026-02-12 22:17:04,True,Florida,
Solito: A Memoir,2024-06-01,0.0,0.0,0.0,0.0,0.0,0.0,0.0,0.0,0.0,2026-02-12 22:17:31,True,Iowa,
